{"type": "FeatureCollection", "id": "https://registry.gdi-de.org/de.nw/radnetz/instances/Point_collection", "name": "Point Instances Collection", "features": [{"type": "Feature", "id": "https://registry.gdi-de.org/de.nw/radnetz/instances/Knoten_Wuppertal_2580_geometry", "name": " (ex-nw:Knoten_Wuppertal_2580_geometry)", "dateprops": [], "properties": {"http://rdfs.org/ns/void#inDataset.value": "4635"}, "geometry": {"type": "Point", "coordinates": [7.0701059114, 51.2401175017, 207.28]}}, {"type": "Feature", "id": "https://registry.gdi-de.org/de.nw/radnetz/instances/Knoten_Wuppertal_60246_geometry", "name": " (ex-nw:Knoten_Wuppertal_60246_geometry)", "dateprops": [], "properties": {"http://rdfs.org/ns/void#inDataset.value": "4635"}, "geometry": {"type": "Point", "coordinates": [7.1583729108, 51.2671781118, 179.48]}}, {"type": "Feature", "id": "https://registry.gdi-de.org/de.nw/radnetz/instances/Knoten_Wuppertal_60299_geometry", "name": " (ex-nw:Knoten_Wuppertal_60299_geometry)", "dateprops": [], "properties": {"http://rdfs.org/ns/void#inDataset.value": "4635"}, "geometry": {"type": "Point", "coordinates": [7.1122844308, 51.2456080202, 187.41]}}, {"type": "Feature", "id": "https://registry.gdi-de.org/de.nw/radnetz/instances/Knoten_Wuppertal_3348_geometry", "name": " (ex-nw:Knoten_Wuppertal_3348_geometry)", "dateprops": [], "properties": {"http://rdfs.org/ns/void#inDataset.value": "4635"}, "geometry": {"type": "Point", "coordinates": [7.1057516758, 51.2552068454, 161.44]}}, {"type": "Feature", "id": "https://registry.gdi-de.org/de.nw/radnetz/instances/Knoten_Wuppertal_112110101_geometry", "name": " (ex-nw:Knoten_Wuppertal_112110101_geometry)", "dateprops": [], "properties": {"http://rdfs.org/ns/void#inDataset.value": "4635"}, "geometry": {"type": "Point", "coordinates": [7.1730099453, 51.2835102606, 215.72]}}, {"type": "Feature", "id": "https://registry.gdi-de.org/de.nw/radnetz/instances/Knoten_Wuppertal_8842_geometry", "name": " (ex-nw:Knoten_Wuppertal_8842_geometry)", "dateprops": [], "properties": {"http://rdfs.org/ns/void#inDataset.value": "4635"}, "geometry": {"type": "Point", "coordinates": [7.2345540186, 51.2278332473, 299.65]}}, {"type": "Feature", "id": "https://registry.gdi-de.org/de.nw/radnetz/instances/Knoten_Wuppertal_113830101_geometry", "name": " (ex-nw:Knoten_Wuppertal_113830101_geometry)", "dateprops": [], "properties": {"http://rdfs.org/ns/void#inDataset.value": "4635"}, "geometry": {"type": "Point", "coordinates": [7.1130976909, 51.2495041388, 137.9]}}, {"type": "Feature", "id": "https://registry.gdi-de.org/de.nw/radnetz/instances/Knoten_Wuppertal_3312_geometry", "name": " (ex-nw:Knoten_Wuppertal_3312_geometry)", "dateprops": [], "properties": {"http://rdfs.org/ns/void#inDataset.value": "4635"}, "geometry": {"type": "Point", "coordinates": [7.1044024698, 51.2531555929, 156.48]}}, {"type": "Feature", "id": "https://registry.gdi-de.org/de.nw/radnetz/instances/Knoten_Wuppertal_3268_geometry", "name": " (ex-nw:Knoten_Wuppertal_3268_geometry)", "dateprops": [], "properties": {"http://rdfs.org/ns/void#inDataset.value": "4635"}, "geometry": {"type": "Point", "coordinates": [7.1019835287, 51.2675875999, 237.25]}}, {"type": "Feature", "id": "https://registry.gdi-de.org/de.nw/radnetz/instances/Knoten_Wuppertal_118260102_geometry", "name": " (ex-nw:Knoten_Wuppertal_118260102_geometry)", "dateprops": [], "properties": {"http://rdfs.org/ns/void#inDataset.value": "4635"}, "geometry": {"type": "Point", "coordinates": [7.1617570989, 51.3003953431, 300.02]}}, {"type": "Feature", "id": "https://registry.gdi-de.org/de.nw/radnetz/instances/Knoten_Wuppertal_4450_geometry", "name": " (ex-nw:Knoten_Wuppertal_4450_geometry)", "dateprops": [], "properties": {"http://rdfs.org/ns/void#inDataset.value": "4635"}, "geometry": {"type": "Point", "coordinates": [7.131740049, 51.2798571175, 294.4]}}, {"type": "Feature", "id": "https://registry.gdi-de.org/de.nw/radnetz/instances/Knoten_Wuppertal_112350102_geometry", "name": " (ex-nw:Knoten_Wuppertal_112350102_geometry)", "dateprops": [], "properties": {"http://rdfs.org/ns/void#inDataset.value": "4635"}, "geometry": {"type": "Point", "coordinates": [7.1697232928, 51.2433440097, 278.02]}}, {"type": "Feature", "id": "https://registry.gdi-de.org/de.nw/radnetz/instances/Knoten_Wuppertal_115000104_geometry", "name": " (ex-nw:Knoten_Wuppertal_115000104_geometry)", "dateprops": [], "properties": {"http://rdfs.org/ns/void#inDataset.value": "4635"}, "geometry": {"type": "Point", "coordinates": [7.1994402177, 51.2238716915, 267.47]}}, {"type": "Feature", "id": "https://registry.gdi-de.org/de.nw/radnetz/instances/Knoten_Wuppertal_6594_geometry", "name": " (ex-nw:Knoten_Wuppertal_6594_geometry)", "dateprops": [], "properties": {"http://rdfs.org/ns/void#inDataset.value": "4635"}, "geometry": {"type": "Point", "coordinates": [7.1807253778, 51.2426569969, 325.1]}}, {"type": "Feature", "id": "https://registry.gdi-de.org/de.nw/radnetz/instances/Knoten_Wuppertal_9126_geometry", "name": " (ex-nw:Knoten_Wuppertal_9126_geometry)", "dateprops": [], "properties": {"http://rdfs.org/ns/void#inDataset.value": "4635"}, "geometry": {"type": "Point", "coordinates": [7.2418065863, 51.2809741976, 174.45]}}, {"type": "Feature", "id": "https://registry.gdi-de.org/de.nw/radnetz/instances/Knoten_Wuppertal_113780102_geometry", "name": " (ex-nw:Knoten_Wuppertal_113780102_geometry)", "dateprops": [], "properties": {"http://rdfs.org/ns/void#inDataset.value": "4635"}, "geometry": {"type": "Point", "coordinates": [7.1127799008, 51.2601544942, 189.55]}}, {"type": "Feature", "id": "https://registry.gdi-de.org/de.nw/radnetz/instances/Knoten_Wuppertal_9381_geometry", "name": " (ex-nw:Knoten_Wuppertal_9381_geometry)", "dateprops": [], "properties": {"http://rdfs.org/ns/void#inDataset.value": "4635"}, "geometry": {"type": "Point", "coordinates": [7.2545042163, 51.2187811764, 304.33]}}, {"type": "Feature", "id": "https://registry.gdi-de.org/de.nw/radnetz/instances/Knoten_Wuppertal_116480101_geometry", "name": " (ex-nw:Knoten_Wuppertal_116480101_geometry)", "dateprops": [], "properties": {"http://rdfs.org/ns/void#inDataset.value": "4635"}, "geometry": {"type": "Point", "coordinates": [7.2689644712, 51.2540717619, 180.65]}}, {"type": "Feature", "id": "https://registry.gdi-de.org/de.nw/radnetz/instances/Knoten_Wuppertal_112770102_geometry", "name": " (ex-nw:Knoten_Wuppertal_112770102_geometry)", "dateprops": [], "properties": {"http://rdfs.org/ns/void#inDataset.value": "4635"}, "geometry": {"type": "Point", "coordinates": [7.1301917105, 51.271769847, 245.6]}}, {"type": "Feature", "id": "https://registry.gdi-de.org/de.nw/radnetz/instances/Knoten_Wuppertal_5274_geometry", "name": " (ex-nw:Knoten_Wuppertal_5274_geometry)", "dateprops": [], "properties": {"http://rdfs.org/ns/void#inDataset.value": "4635"}, "geometry": {"type": "Point", "coordinates": [7.148155227, 51.2591524569, 145.03]}}, {"type": "Feature", "id": "https://registry.gdi-de.org/de.nw/radnetz/instances/Knoten_Wuppertal_1189690829_geometry", "name": " (ex-nw:Knoten_Wuppertal_1189690829_geometry)", "dateprops": [], "properties": {"http://rdfs.org/ns/void#inDataset.value": "4635"}, "geometry": {"type": "Point", "coordinates": [7.2119212111, 51.274283822, 157.35]}}, {"type": "Feature", "id": "https://registry.gdi-de.org/de.nw/radnetz/instances/Knoten_Wuppertal_60240_geometry", "name": " (ex-nw:Knoten_Wuppertal_60240_geometry)", "dateprops": [], "properties": {"http://rdfs.org/ns/void#inDataset.value": "4635"}, "geometry": {"type": "Point", "coordinates": [7.1451566421, 51.2670512224, 176.55]}}, {"type": "Feature", "id": "https://registry.gdi-de.org/de.nw/radnetz/instances/Knoten_Wuppertal_9007_geometry", "name": " (ex-nw:Knoten_Wuppertal_9007_geometry)", "dateprops": [], "properties": {"http://rdfs.org/ns/void#inDataset.value": "4635"}, "geometry": {"type": "Point", "coordinates": [7.2379890364, 51.2737934686, 199.39]}}, {"type": "Feature", "id": "https://registry.gdi-de.org/de.nw/radnetz/instances/Knoten_Wuppertal_117230101_geometry", "name": " (ex-nw:Knoten_Wuppertal_117230101_geometry)", "dateprops": [], "properties": {"http://rdfs.org/ns/void#inDataset.value": "4635"}, "geometry": {"type": "Point", "coordinates": [7.0729659224, 51.2608127478, 217.19]}}, {"type": "Feature", "id": "https://registry.gdi-de.org/de.nw/radnetz/instances/Knoten_Wuppertal_2922_geometry", "name": " (ex-nw:Knoten_Wuppertal_2922_geometry)", "dateprops": [], "properties": {"http://rdfs.org/ns/void#inDataset.value": "4635"}, "geometry": {"type": "Point", "coordinates": [7.0845275665, 51.2815982804, 193.72]}}, {"type": "Feature", "id": "https://registry.gdi-de.org/de.nw/radnetz/instances/Knoten_Wuppertal_110190409_geometry", "name": " (ex-nw:Knoten_Wuppertal_110190409_geometry)", "dateprops": [], "properties": {"http://rdfs.org/ns/void#inDataset.value": "4635"}, "geometry": {"type": "Point", "coordinates": [7.150257434, 51.2560344726, 147.0]}}, {"type": "Feature", "id": "https://registry.gdi-de.org/de.nw/radnetz/instances/Knoten_Wuppertal_116120101_geometry", "name": " (ex-nw:Knoten_Wuppertal_116120101_geometry)", "dateprops": [], "properties": {"http://rdfs.org/ns/void#inDataset.value": "4635"}, "geometry": {"type": "Point", "coordinates": [7.25016363, 51.2997137276, 253.86]}}, {"type": "Feature", "id": "https://registry.gdi-de.org/de.nw/radnetz/instances/Knoten_Wuppertal_117200102_geometry", "name": " (ex-nw:Knoten_Wuppertal_117200102_geometry)", "dateprops": [], "properties": {"http://rdfs.org/ns/void#inDataset.value": "4635"}, "geometry": {"type": "Point", "coordinates": [7.0599754248, 51.2537789893, 179.77]}}, {"type": "Feature", "id": "https://registry.gdi-de.org/de.nw/radnetz/instances/Knoten_Wuppertal_60222_geometry", "name": " (ex-nw:Knoten_Wuppertal_60222_geometry)", "dateprops": [], "properties": {"http://rdfs.org/ns/void#inDataset.value": "4635"}, "geometry": {"type": "Point", "coordinates": [7.0984602386, 51.2535659204, 176.55]}}, {"type": "Feature", "id": "https://registry.gdi-de.org/de.nw/radnetz/instances/Knoten_Wuppertal_7943_geometry", "name": " (ex-nw:Knoten_Wuppertal_7943_geometry)", "dateprops": [], "properties": {"http://rdfs.org/ns/void#inDataset.value": "4635"}, "geometry": {"type": "Point", "coordinates": [7.2086480506, 51.2738232246, 156.71]}}, {"type": "Feature", "id": "https://registry.gdi-de.org/de.nw/radnetz/instances/Knoten_Wuppertal_3042_geometry", "name": " (ex-nw:Knoten_Wuppertal_3042_geometry)", "dateprops": [], "properties": {"http://rdfs.org/ns/void#inDataset.value": "4635"}, "geometry": {"type": "Point", "coordinates": [7.09255925, 51.2394459434, 134.31]}}, {"type": "Feature", "id": "https://registry.gdi-de.org/de.nw/radnetz/instances/Knoten_Wuppertal_4311_geometry", "name": " (ex-nw:Knoten_Wuppertal_4311_geometry)", "dateprops": [], "properties": {"http://rdfs.org/ns/void#inDataset.value": "4635"}, "geometry": {"type": "Point", "coordinates": [7.1294690645, 51.2764941775, 284.51]}}, {"type": "Feature", "id": "https://registry.gdi-de.org/de.nw/radnetz/instances/Knoten_Wuppertal_114070102_geometry", "name": " (ex-nw:Knoten_Wuppertal_114070102_geometry)", "dateprops": [], "properties": {"http://rdfs.org/ns/void#inDataset.value": "4635"}, "geometry": {"type": "Point", "coordinates": [7.1520090037, 51.2233381483, 327.85]}}, {"type": "Feature", "id": "https://registry.gdi-de.org/de.nw/radnetz/instances/Knoten_Wuppertal_8732_geometry", "name": " (ex-nw:Knoten_Wuppertal_8732_geometry)", "dateprops": [], "properties": {"http://rdfs.org/ns/void#inDataset.value": "4635"}, "geometry": {"type": "Point", "coordinates": [7.2301068598, 51.2432185628, 264.03]}}, {"type": "Feature", "id": "https://registry.gdi-de.org/de.nw/radnetz/instances/Knoten_Wuppertal_5659_geometry", "name": " (ex-nw:Knoten_Wuppertal_5659_geometry)", "dateprops": [], "properties": {"http://rdfs.org/ns/void#inDataset.value": "4635"}, "geometry": {"type": "Point", "coordinates": [7.156015219, 51.2355510876, 325.01]}}, {"type": "Feature", "id": "https://registry.gdi-de.org/de.nw/radnetz/instances/Knoten_Wuppertal_114300101_geometry", "name": " (ex-nw:Knoten_Wuppertal_114300101_geometry)", "dateprops": [], "properties": {"http://rdfs.org/ns/void#inDataset.value": "4635"}, "geometry": {"type": "Point", "coordinates": [7.1234652765, 51.2045070563, 282.6]}}, {"type": "Feature", "id": "https://registry.gdi-de.org/de.nw/radnetz/instances/Knoten_Wuppertal_4662_geometry", "name": " (ex-nw:Knoten_Wuppertal_4662_geometry)", "dateprops": [], "properties": {"http://rdfs.org/ns/void#inDataset.value": "4635"}, "geometry": {"type": "Point", "coordinates": [7.1395492266, 51.2104645175, 298.2]}}, {"type": "Feature", "id": "https://registry.gdi-de.org/de.nw/radnetz/instances/Knoten_Wuppertal_10020_geometry", "name": " (ex-nw:Knoten_Wuppertal_10020_geometry)", "dateprops": [], "properties": {"http://rdfs.org/ns/void#inDataset.value": "4635"}, "geometry": {"type": "Point", "coordinates": [7.295905197, 51.2488776922, 199.05]}}, {"type": "Feature", "id": "https://registry.gdi-de.org/de.nw/radnetz/instances/Knoten_Wuppertal_2544_geometry", "name": " (ex-nw:Knoten_Wuppertal_2544_geometry)", "dateprops": [], "properties": {"http://rdfs.org/ns/void#inDataset.value": "4635"}, "geometry": {"type": "Point", "coordinates": [7.0695182387, 51.2265798333, 198.56]}}, {"type": "Feature", "id": "https://registry.gdi-de.org/de.nw/radnetz/instances/Knoten_Wuppertal_116460101_geometry", "name": " (ex-nw:Knoten_Wuppertal_116460101_geometry)", "dateprops": [], "properties": {"http://rdfs.org/ns/void#inDataset.value": "4635"}, "geometry": {"type": "Point", "coordinates": [7.2555282238, 51.2556578467, 177.73]}}, {"type": "Feature", "id": "https://registry.gdi-de.org/de.nw/radnetz/instances/Knoten_Wuppertal_4003_geometry", "name": " (ex-nw:Knoten_Wuppertal_4003_geometry)", "dateprops": [], "properties": {"http://rdfs.org/ns/void#inDataset.value": "4635"}, "geometry": {"type": "Point", "coordinates": [7.1240880308, 51.2785502907, 254.98]}}, {"type": "Feature", "id": "https://registry.gdi-de.org/de.nw/radnetz/instances/Knoten_Wuppertal_4484_geometry", "name": " (ex-nw:Knoten_Wuppertal_4484_geometry)", "dateprops": [], "properties": {"http://rdfs.org/ns/void#inDataset.value": "4635"}, "geometry": {"type": "Point", "coordinates": [7.1368803295, 51.1663522717, 108.13]}}, {"type": "Feature", "id": "https://registry.gdi-de.org/de.nw/radnetz/instances/Knoten_Wuppertal_114080101_geometry", "name": " (ex-nw:Knoten_Wuppertal_114080101_geometry)", "dateprops": [], "properties": {"http://rdfs.org/ns/void#inDataset.value": "4635"}, "geometry": {"type": "Point", "coordinates": [7.1503473616, 51.228203321, 334.12]}}, {"type": "Feature", "id": "https://registry.gdi-de.org/de.nw/radnetz/instances/Knoten_Wuppertal_1189691296_geometry", "name": " (ex-nw:Knoten_Wuppertal_1189691296_geometry)", "dateprops": [], "properties": {"http://rdfs.org/ns/void#inDataset.value": "4635"}, "geometry": {"type": "Point", "coordinates": [7.1035100581, 51.2560468623, 176.58]}}, {"type": "Feature", "id": "https://registry.gdi-de.org/de.nw/radnetz/instances/Knoten_Wuppertal_6953_geometry", "name": " (ex-nw:Knoten_Wuppertal_6953_geometry)", "dateprops": [], "properties": {"http://rdfs.org/ns/void#inDataset.value": "4635"}, "geometry": {"type": "Point", "coordinates": [7.1915990427, 51.2207691524, 305.95]}}, {"type": "Feature", "id": "https://registry.gdi-de.org/de.nw/radnetz/instances/Knoten_Wuppertal_3016_geometry", "name": " (ex-nw:Knoten_Wuppertal_3016_geometry)", "dateprops": [], "properties": {"http://rdfs.org/ns/void#inDataset.value": "4635"}, "geometry": {"type": "Point", "coordinates": [7.0904653221, 51.2579873025, 214.83]}}, {"type": "Feature", "id": "https://registry.gdi-de.org/de.nw/radnetz/instances/Knoten_Wuppertal_5393_geometry", "name": " (ex-nw:Knoten_Wuppertal_5393_geometry)", "dateprops": [], "properties": {"http://rdfs.org/ns/void#inDataset.value": "4635"}, "geometry": {"type": "Point", "coordinates": [7.1501058328, 51.2590320803, 145.93]}}, {"type": "Feature", "id": "https://registry.gdi-de.org/de.nw/radnetz/instances/Knoten_Wuppertal_114710101_geometry", "name": " (ex-nw:Knoten_Wuppertal_114710101_geometry)", "dateprops": [], "properties": {"http://rdfs.org/ns/void#inDataset.value": "4635"}, "geometry": {"type": "Point", "coordinates": [7.0911477711, 51.2597456458, 230.15]}}, {"type": "Feature", "id": "https://registry.gdi-de.org/de.nw/radnetz/instances/Knoten_Wuppertal_8798_geometry", "name": " (ex-nw:Knoten_Wuppertal_8798_geometry)", "dateprops": [], "properties": {"http://rdfs.org/ns/void#inDataset.value": "4635"}, "geometry": {"type": "Point", "coordinates": [7.2314957624, 51.2728169826, 185.1]}}, {"type": "Feature", "id": "https://registry.gdi-de.org/de.nw/radnetz/instances/Knoten_Wuppertal_9750_geometry", "name": " (ex-nw:Knoten_Wuppertal_9750_geometry)", "dateprops": [], "properties": {"http://rdfs.org/ns/void#inDataset.value": "4635"}, "geometry": {"type": "Point", "coordinates": [7.2748567148, 51.2599645573, 184.88]}}, {"type": "Feature", "id": "https://registry.gdi-de.org/de.nw/radnetz/instances/Knoten_Wuppertal_112790101_geometry", "name": " (ex-nw:Knoten_Wuppertal_112790101_geometry)", "dateprops": [], "properties": {"http://rdfs.org/ns/void#inDataset.value": "4635"}, "geometry": {"type": "Point", "coordinates": [7.1295925875, 51.2762607694, 284.06]}}, {"type": "Feature", "id": "https://registry.gdi-de.org/de.nw/radnetz/instances/Knoten_Wuppertal_1189690604_geometry", "name": " (ex-nw:Knoten_Wuppertal_1189690604_geometry)", "dateprops": [], "properties": {"http://rdfs.org/ns/void#inDataset.value": "4635"}, "geometry": {"type": "Point", "coordinates": [7.1384656676, 51.2098670056, 298.86]}}, {"type": "Feature", "id": "https://registry.gdi-de.org/de.nw/radnetz/instances/Knoten_Wuppertal_5635_geometry", "name": " (ex-nw:Knoten_Wuppertal_5635_geometry)", "dateprops": [], "properties": {"http://rdfs.org/ns/void#inDataset.value": "4635"}, "geometry": {"type": "Point", "coordinates": [7.1547066702, 51.2579795458, 145.58]}}, {"type": "Feature", "id": "https://registry.gdi-de.org/de.nw/radnetz/instances/Knoten_Wuppertal_3041_geometry", "name": " (ex-nw:Knoten_Wuppertal_3041_geometry)", "dateprops": [], "properties": {"http://rdfs.org/ns/void#inDataset.value": "4635"}, "geometry": {"type": "Point", "coordinates": [7.0915608091, 51.2600805143, 233.98]}}, {"type": "Feature", "id": "https://registry.gdi-de.org/de.nw/radnetz/instances/Knoten_Wuppertal_122750101_geometry", "name": " (ex-nw:Knoten_Wuppertal_122750101_geometry)", "dateprops": [], "properties": {"http://rdfs.org/ns/void#inDataset.value": "4635"}, "geometry": {"type": "Point", "coordinates": [7.3073569459, 51.2404191327, 200.35]}}, {"type": "Feature", "id": "https://registry.gdi-de.org/de.nw/radnetz/instances/Knoten_Wuppertal_60274_geometry", "name": " (ex-nw:Knoten_Wuppertal_60274_geometry)", "dateprops": [], "properties": {"http://rdfs.org/ns/void#inDataset.value": "4635"}, "geometry": {"type": "Point", "coordinates": [7.2238323947, 51.2808915522, 188.93]}}, {"type": "Feature", "id": "https://registry.gdi-de.org/de.nw/radnetz/instances/Knoten_Wuppertal_9361_geometry", "name": " (ex-nw:Knoten_Wuppertal_9361_geometry)", "dateprops": [], "properties": {"http://rdfs.org/ns/void#inDataset.value": "4635"}, "geometry": {"type": "Point", "coordinates": [7.2498060894, 51.3146441258, 315.82]}}, {"type": "Feature", "id": "https://registry.gdi-de.org/de.nw/radnetz/instances/Knoten_Wuppertal_1189691344_geometry", "name": " (ex-nw:Knoten_Wuppertal_1189691344_geometry)", "dateprops": [], "properties": {"http://rdfs.org/ns/void#inDataset.value": "4635"}, "geometry": {"type": "Point", "coordinates": [7.1241141936, 51.1743758013, 160.0]}}, {"type": "Feature", "id": "https://registry.gdi-de.org/de.nw/radnetz/instances/Knoten_Wuppertal_2270_geometry", "name": " (ex-nw:Knoten_Wuppertal_2270_geometry)", "dateprops": [], "properties": {"http://rdfs.org/ns/void#inDataset.value": "4635"}, "geometry": {"type": "Point", "coordinates": [7.0573384547, 51.2107957456, 224.4]}}, {"type": "Feature", "id": "https://registry.gdi-de.org/de.nw/radnetz/instances/Knoten_Wuppertal_60273_geometry", "name": " (ex-nw:Knoten_Wuppertal_60273_geometry)", "dateprops": [], "properties": {"http://rdfs.org/ns/void#inDataset.value": "4635"}, "geometry": {"type": "Point", "coordinates": [7.2228212042, 51.280713761, 195.63]}}, {"type": "Feature", "id": "https://registry.gdi-de.org/de.nw/radnetz/instances/Knoten_Wuppertal_1189691305_geometry", "name": " (ex-nw:Knoten_Wuppertal_1189691305_geometry)", "dateprops": [], "properties": {"http://rdfs.org/ns/void#inDataset.value": "4635"}, "geometry": {"type": "Point", "coordinates": [7.1626637362, 51.2093931517, 180.41]}}, {"type": "Feature", "id": "https://registry.gdi-de.org/de.nw/radnetz/instances/Knoten_Wuppertal_6470_geometry", "name": " (ex-nw:Knoten_Wuppertal_6470_geometry)", "dateprops": [], "properties": {"http://rdfs.org/ns/void#inDataset.value": "4635"}, "geometry": {"type": "Point", "coordinates": [7.1770302839, 51.2422765021, 331.09]}}, {"type": "Feature", "id": "https://registry.gdi-de.org/de.nw/radnetz/instances/Knoten_Wuppertal_9190_geometry", "name": " (ex-nw:Knoten_Wuppertal_9190_geometry)", "dateprops": [], "properties": {"http://rdfs.org/ns/void#inDataset.value": "4635"}, "geometry": {"type": "Point", "coordinates": [7.2441659638, 51.2809743917, 174.81]}}, {"type": "Feature", "id": "https://registry.gdi-de.org/de.nw/radnetz/instances/Knoten_Wuppertal_113850101_geometry", "name": " (ex-nw:Knoten_Wuppertal_113850101_geometry)", "dateprops": [], "properties": {"http://rdfs.org/ns/void#inDataset.value": "4635"}, "geometry": {"type": "Point", "coordinates": [7.1035241386, 51.248376912, 144.42]}}, {"type": "Feature", "id": "https://registry.gdi-de.org/de.nw/radnetz/instances/Knoten_Wuppertal_4453_geometry", "name": " (ex-nw:Knoten_Wuppertal_4453_geometry)", "dateprops": [], "properties": {"http://rdfs.org/ns/void#inDataset.value": "4635"}, "geometry": {"type": "Point", "coordinates": [7.1347816198, 51.2059244765, 297.87]}}, {"type": "Feature", "id": "https://registry.gdi-de.org/de.nw/radnetz/instances/Knoten_Wuppertal_116890102_geometry", "name": " (ex-nw:Knoten_Wuppertal_116890102_geometry)", "dateprops": [], "properties": {"http://rdfs.org/ns/void#inDataset.value": "4635"}, "geometry": {"type": "Point", "coordinates": [7.2471012804, 51.2753741371, 201.6]}}, {"type": "Feature", "id": "https://registry.gdi-de.org/de.nw/radnetz/instances/Knoten_Wuppertal_1189691291_geometry", "name": " (ex-nw:Knoten_Wuppertal_1189691291_geometry)", "dateprops": [], "properties": {"http://rdfs.org/ns/void#inDataset.value": "4635"}, "geometry": {"type": "Point", "coordinates": [7.0422712391, 51.2119837216, 200.12]}}, {"type": "Feature", "id": "https://registry.gdi-de.org/de.nw/radnetz/instances/Knoten_Wuppertal_1189691215_geometry", "name": " (ex-nw:Knoten_Wuppertal_1189691215_geometry)", "dateprops": [], "properties": {"http://rdfs.org/ns/void#inDataset.value": "4635"}, "geometry": {"type": "Point", "coordinates": [7.1105493575, 51.2864643976, 251.2]}}, {"type": "Feature", "id": "https://registry.gdi-de.org/de.nw/radnetz/instances/Knoten_Wuppertal_60089_geometry", "name": " (ex-nw:Knoten_Wuppertal_60089_geometry)", "dateprops": [], "properties": {"http://rdfs.org/ns/void#inDataset.value": "4635"}, "geometry": {"type": "Point", "coordinates": [7.2031930731, 51.2375659469, 338.04]}}, {"type": "Feature", "id": "https://registry.gdi-de.org/de.nw/radnetz/instances/Knoten_Wuppertal_2139_geometry", "name": " (ex-nw:Knoten_Wuppertal_2139_geometry)", "dateprops": [], "properties": {"http://rdfs.org/ns/void#inDataset.value": "4635"}, "geometry": {"type": "Point", "coordinates": [7.0465377693, 51.210478105, 211.77]}}, {"type": "Feature", "id": "https://registry.gdi-de.org/de.nw/radnetz/instances/Knoten_Wuppertal_1189691221_geometry", "name": " (ex-nw:Knoten_Wuppertal_1189691221_geometry)", "dateprops": [], "properties": {"http://rdfs.org/ns/void#inDataset.value": "4635"}, "geometry": {"type": "Point", "coordinates": [7.1881120756, 51.2430538323, 337.87]}}, {"type": "Feature", "id": "https://registry.gdi-de.org/de.nw/radnetz/instances/Knoten_Wuppertal_2154_geometry", "name": " (ex-nw:Knoten_Wuppertal_2154_geometry)", "dateprops": [], "properties": {"http://rdfs.org/ns/void#inDataset.value": "4635"}, "geometry": {"type": "Point", "coordinates": [7.0456287903, 51.2486441832, 142.97]}}, {"type": "Feature", "id": "https://registry.gdi-de.org/de.nw/radnetz/instances/Knoten_Wuppertal_9086_geometry", "name": " (ex-nw:Knoten_Wuppertal_9086_geometry)", "dateprops": [], "properties": {"http://rdfs.org/ns/void#inDataset.value": "4635"}, "geometry": {"type": "Point", "coordinates": [7.2427290493, 51.2230670595, 296.7]}}, {"type": "Feature", "id": "https://registry.gdi-de.org/de.nw/radnetz/instances/Knoten_Wuppertal_5153_geometry", "name": " (ex-nw:Knoten_Wuppertal_5153_geometry)", "dateprops": [], "properties": {"http://rdfs.org/ns/void#inDataset.value": "4635"}, "geometry": {"type": "Point", "coordinates": [7.1460404639, 51.2621720628, 158.46]}}, {"type": "Feature", "id": "https://registry.gdi-de.org/de.nw/radnetz/instances/Knoten_Wuppertal_99999906_geometry", "name": " (ex-nw:Knoten_Wuppertal_99999906_geometry)", "dateprops": [], "properties": {"http://rdfs.org/ns/void#inDataset.value": "4635"}, "geometry": {"type": "Point", "coordinates": [7.2370770769, 51.2808462783, 183.7]}}, {"type": "Feature", "id": "https://registry.gdi-de.org/de.nw/radnetz/instances/Knoten_Wuppertal_3378_geometry", "name": " (ex-nw:Knoten_Wuppertal_3378_geometry)", "dateprops": [], "properties": {"http://rdfs.org/ns/void#inDataset.value": "4635"}, "geometry": {"type": "Point", "coordinates": [7.1068569384, 51.2563412742, 165.23]}}, {"type": "Feature", "id": "https://registry.gdi-de.org/de.nw/radnetz/instances/Knoten_Wuppertal_112680101_geometry", "name": " (ex-nw:Knoten_Wuppertal_112680101_geometry)", "dateprops": [], "properties": {"http://rdfs.org/ns/void#inDataset.value": "4635"}, "geometry": {"type": "Point", "coordinates": [7.1190283965, 51.28171485, 282.09]}}, {"type": "Feature", "id": "https://registry.gdi-de.org/de.nw/radnetz/instances/Knoten_Wuppertal_1189690435_geometry", "name": " (ex-nw:Knoten_Wuppertal_1189690435_geometry)", "dateprops": [], "properties": {"http://rdfs.org/ns/void#inDataset.value": "4635"}, "geometry": {"type": "Point", "coordinates": [7.1266385095, 51.2503597639, 140.1]}}, {"type": "Feature", "id": "https://registry.gdi-de.org/de.nw/radnetz/instances/Knoten_Wuppertal_6933_geometry", "name": " (ex-nw:Knoten_Wuppertal_6933_geometry)", "dateprops": [], "properties": {"http://rdfs.org/ns/void#inDataset.value": "4635"}, "geometry": {"type": "Point", "coordinates": [7.1892598408, 51.2672687564, 152.7]}}, {"type": "Feature", "id": "https://registry.gdi-de.org/de.nw/radnetz/instances/Knoten_Wuppertal_4255_geometry", "name": " (ex-nw:Knoten_Wuppertal_4255_geometry)", "dateprops": [], "properties": {"http://rdfs.org/ns/void#inDataset.value": "4635"}, "geometry": {"type": "Point", "coordinates": [7.1284014219, 51.2776777728, 292.56]}}, {"type": "Feature", "id": "https://registry.gdi-de.org/de.nw/radnetz/instances/Knoten_Wuppertal_116000401_geometry", "name": " (ex-nw:Knoten_Wuppertal_116000401_geometry)", "dateprops": [], "properties": {"http://rdfs.org/ns/void#inDataset.value": "4635"}, "geometry": {"type": "Point", "coordinates": [7.214692654, 51.2745705983, 158.16]}}, {"type": "Feature", "id": "https://registry.gdi-de.org/de.nw/radnetz/instances/Knoten_Wuppertal_116150103_geometry", "name": " (ex-nw:Knoten_Wuppertal_116150103_geometry)", "dateprops": [], "properties": {"http://rdfs.org/ns/void#inDataset.value": "4635"}, "geometry": {"type": "Point", "coordinates": [7.2490363491, 51.3112355035, 319.83]}}, {"type": "Feature", "id": "https://registry.gdi-de.org/de.nw/radnetz/instances/Knoten_Wuppertal_5929_geometry", "name": " (ex-nw:Knoten_Wuppertal_5929_geometry)", "dateprops": [], "properties": {"http://rdfs.org/ns/void#inDataset.value": "4635"}, "geometry": {"type": "Point", "coordinates": [7.1603938774, 51.2519539596, 208.18]}}, {"type": "Feature", "id": "https://registry.gdi-de.org/de.nw/radnetz/instances/Knoten_Wuppertal_8960_geometry", "name": " (ex-nw:Knoten_Wuppertal_8960_geometry)", "dateprops": [], "properties": {"http://rdfs.org/ns/void#inDataset.value": "4635"}, "geometry": {"type": "Point", "coordinates": [7.2366598731, 51.2667791213, 166.03]}}, {"type": "Feature", "id": "https://registry.gdi-de.org/de.nw/radnetz/instances/Knoten_Wuppertal_5701_geometry", "name": " (ex-nw:Knoten_Wuppertal_5701_geometry)", "dateprops": [], "properties": {"http://rdfs.org/ns/void#inDataset.value": "4635"}, "geometry": {"type": "Point", "coordinates": [7.1558223992, 51.2578365967, 145.87]}}, {"type": "Feature", "id": "https://registry.gdi-de.org/de.nw/radnetz/instances/Knoten_Wuppertal_8486_geometry", "name": " (ex-nw:Knoten_Wuppertal_8486_geometry)", "dateprops": [], "properties": {"http://rdfs.org/ns/void#inDataset.value": "4635"}, "geometry": {"type": "Point", "coordinates": [7.2213036619, 51.2753290684, 161.47]}}, {"type": "Feature", "id": "https://registry.gdi-de.org/de.nw/radnetz/instances/Knoten_Wuppertal_112330102_geometry", "name": " (ex-nw:Knoten_Wuppertal_112330102_geometry)", "dateprops": [], "properties": {"http://rdfs.org/ns/void#inDataset.value": "4635"}, "geometry": {"type": "Point", "coordinates": [7.1604679841, 51.2514919038, 211.49]}}, {"type": "Feature", "id": "https://registry.gdi-de.org/de.nw/radnetz/instances/Knoten_Wuppertal_116470102_geometry", "name": " (ex-nw:Knoten_Wuppertal_116470102_geometry)", "dateprops": [], "properties": {"http://rdfs.org/ns/void#inDataset.value": "4635"}, "geometry": {"type": "Point", "coordinates": [7.2626750923, 51.2554559514, 178.59]}}, {"type": "Feature", "id": "https://registry.gdi-de.org/de.nw/radnetz/instances/Knoten_Wuppertal_116020207_geometry", "name": " (ex-nw:Knoten_Wuppertal_116020207_geometry)", "dateprops": [], "properties": {"http://rdfs.org/ns/void#inDataset.value": "4635"}, "geometry": {"type": "Point", "coordinates": [7.2215240009, 51.2753397908, 161.6]}}, {"type": "Feature", "id": "https://registry.gdi-de.org/de.nw/radnetz/instances/Knoten_Wuppertal_60099_geometry", "name": " (ex-nw:Knoten_Wuppertal_60099_geometry)", "dateprops": [], "properties": {"http://rdfs.org/ns/void#inDataset.value": "4635"}, "geometry": {"type": "Point", "coordinates": [7.2347025728, 51.2392622263, 291.62]}}, {"type": "Feature", "id": "https://registry.gdi-de.org/de.nw/radnetz/instances/Knoten_Wuppertal_60241_geometry", "name": " (ex-nw:Knoten_Wuppertal_60241_geometry)", "dateprops": [], "properties": {"http://rdfs.org/ns/void#inDataset.value": "4635"}, "geometry": {"type": "Point", "coordinates": [7.1454034232, 51.2667229944, 174.87]}}, {"type": "Feature", "id": "https://registry.gdi-de.org/de.nw/radnetz/instances/Knoten_Wuppertal_7221_geometry", "name": " (ex-nw:Knoten_Wuppertal_7221_geometry)", "dateprops": [], "properties": {"http://rdfs.org/ns/void#inDataset.value": "4635"}, "geometry": {"type": "Point", "coordinates": [7.1958019346, 51.2379334884, 345.45]}}, {"type": "Feature", "id": "https://registry.gdi-de.org/de.nw/radnetz/instances/Knoten_Wuppertal_99999914_geometry", "name": " (ex-nw:Knoten_Wuppertal_99999914_geometry)", "dateprops": [], "properties": {"http://rdfs.org/ns/void#inDataset.value": "4635"}, "geometry": {"type": "Point", "coordinates": [7.1960252855, 51.2734527994, 182.2]}}, {"type": "Feature", "id": "https://registry.gdi-de.org/de.nw/radnetz/instances/Knoten_Wuppertal_60219_geometry", "name": " (ex-nw:Knoten_Wuppertal_60219_geometry)", "dateprops": [], "properties": {"http://rdfs.org/ns/void#inDataset.value": "4635"}, "geometry": {"type": "Point", "coordinates": [7.0836234805, 51.2451873633, 172.96]}}, {"type": "Feature", "id": "https://registry.gdi-de.org/de.nw/radnetz/instances/Knoten_Wuppertal_8947_geometry", "name": " (ex-nw:Knoten_Wuppertal_8947_geometry)", "dateprops": [], "properties": {"http://rdfs.org/ns/void#inDataset.value": "4635"}, "geometry": {"type": "Point", "coordinates": [7.2359334606, 51.2677887008, 167.46]}}, {"type": "Feature", "id": "https://registry.gdi-de.org/de.nw/radnetz/instances/Knoten_Wuppertal_2945_geometry", "name": " (ex-nw:Knoten_Wuppertal_2945_geometry)", "dateprops": [], "properties": {"http://rdfs.org/ns/void#inDataset.value": "4635"}, "geometry": {"type": "Point", "coordinates": [7.0878076915, 51.2352589459, 143.01]}}, {"type": "Feature", "id": "https://registry.gdi-de.org/de.nw/radnetz/instances/Knoten_Wuppertal_60280_geometry", "name": " (ex-nw:Knoten_Wuppertal_60280_geometry)", "dateprops": [], "properties": {"http://rdfs.org/ns/void#inDataset.value": "4635"}, "geometry": {"type": "Point", "coordinates": [7.2249088313, 51.2825591341, 189.56]}}, {"type": "Feature", "id": "https://registry.gdi-de.org/de.nw/radnetz/instances/Knoten_Wuppertal_2475_geometry", "name": " (ex-nw:Knoten_Wuppertal_2475_geometry)", "dateprops": [], "properties": {"http://rdfs.org/ns/void#inDataset.value": "4635"}, "geometry": {"type": "Point", "coordinates": [7.0661855441, 51.2337731788, 194.73]}}, {"type": "Feature", "id": "https://registry.gdi-de.org/de.nw/radnetz/instances/Knoten_Wuppertal_116150101_geometry", "name": " (ex-nw:Knoten_Wuppertal_116150101_geometry)", "dateprops": [], "properties": {"http://rdfs.org/ns/void#inDataset.value": "4635"}, "geometry": {"type": "Point", "coordinates": [7.249065522, 51.3111552552, 319.68]}}, {"type": "Feature", "id": "https://registry.gdi-de.org/de.nw/radnetz/instances/Knoten_Wuppertal_2764_geometry", "name": " (ex-nw:Knoten_Wuppertal_2764_geometry)", "dateprops": [], "properties": {"http://rdfs.org/ns/void#inDataset.value": "4635"}, "geometry": {"type": "Point", "coordinates": [7.0770672335, 51.2455811832, 187.33]}}, {"type": "Feature", "id": "https://registry.gdi-de.org/de.nw/radnetz/instances/Knoten_Wuppertal_1189690594_geometry", "name": " (ex-nw:Knoten_Wuppertal_1189690594_geometry)", "dateprops": [], "properties": {"http://rdfs.org/ns/void#inDataset.value": "4635"}, "geometry": {"type": "Point", "coordinates": [7.144612693, 51.2288609195, 325.16]}}, {"type": "Feature", "id": "https://registry.gdi-de.org/de.nw/radnetz/instances/Knoten_Wuppertal_60198_geometry", "name": " (ex-nw:Knoten_Wuppertal_60198_geometry)", "dateprops": [], "properties": {"http://rdfs.org/ns/void#inDataset.value": "4635"}, "geometry": {"type": "Point", "coordinates": [7.102750978, 51.2381657893, 139.79]}}, {"type": "Feature", "id": "https://registry.gdi-de.org/de.nw/radnetz/instances/Knoten_Wuppertal_3501_geometry", "name": " (ex-nw:Knoten_Wuppertal_3501_geometry)", "dateprops": [], "properties": {"http://rdfs.org/ns/void#inDataset.value": "4635"}, "geometry": {"type": "Point", "coordinates": [7.1096027653, 51.2880774434, 253.4]}}, {"type": "Feature", "id": "https://registry.gdi-de.org/de.nw/radnetz/instances/Knoten_Wuppertal_116200101_geometry", "name": " (ex-nw:Knoten_Wuppertal_116200101_geometry)", "dateprops": [], "properties": {"http://rdfs.org/ns/void#inDataset.value": "4635"}, "geometry": {"type": "Point", "coordinates": [7.2309257646, 51.2759867376, 165.34]}}, {"type": "Feature", "id": "https://registry.gdi-de.org/de.nw/radnetz/instances/Knoten_Wuppertal_60279_geometry", "name": " (ex-nw:Knoten_Wuppertal_60279_geometry)", "dateprops": [], "properties": {"http://rdfs.org/ns/void#inDataset.value": "4635"}, "geometry": {"type": "Point", "coordinates": [7.2233552168, 51.2795724706, 188.84]}}, {"type": "Feature", "id": "https://registry.gdi-de.org/de.nw/radnetz/instances/Knoten_Wuppertal_1189691358_geometry", "name": " (ex-nw:Knoten_Wuppertal_1189691358_geometry)", "dateprops": [], "properties": {"http://rdfs.org/ns/void#inDataset.value": "4635"}, "geometry": {"type": "Point", "coordinates": [7.0559468248, 51.2879767135, 212.1]}}, {"type": "Feature", "id": "https://registry.gdi-de.org/de.nw/radnetz/instances/Knoten_Wuppertal_2855_geometry", "name": " (ex-nw:Knoten_Wuppertal_2855_geometry)", "dateprops": [], "properties": {"http://rdfs.org/ns/void#inDataset.value": "4635"}, "geometry": {"type": "Point", "coordinates": [7.0830832228, 51.2328242298, 156.7]}}, {"type": "Feature", "id": "https://registry.gdi-de.org/de.nw/radnetz/instances/Knoten_Wuppertal_113780101_geometry", "name": " (ex-nw:Knoten_Wuppertal_113780101_geometry)", "dateprops": [], "properties": {"http://rdfs.org/ns/void#inDataset.value": "4635"}, "geometry": {"type": "Point", "coordinates": [7.1125087145, 51.2599916705, 188.03]}}, {"type": "Feature", "id": "https://registry.gdi-de.org/de.nw/radnetz/instances/Knoten_Wuppertal_1189690549_geometry", "name": " (ex-nw:Knoten_Wuppertal_1189690549_geometry)", "dateprops": [], "properties": {"http://rdfs.org/ns/void#inDataset.value": "4635"}, "geometry": {"type": "Point", "coordinates": [7.0898360992, 51.2487711616, 163.86]}}, {"type": "Feature", "id": "https://registry.gdi-de.org/de.nw/radnetz/instances/Knoten_Wuppertal_4999_geometry", "name": " (ex-nw:Knoten_Wuppertal_4999_geometry)", "dateprops": [], "properties": {"http://rdfs.org/ns/void#inDataset.value": "4635"}, "geometry": {"type": "Point", "coordinates": [7.1438149385, 51.2585842286, 146.34]}}, {"type": "Feature", "id": "https://registry.gdi-de.org/de.nw/radnetz/instances/Knoten_Wuppertal_5171_geometry", "name": " (ex-nw:Knoten_Wuppertal_5171_geometry)", "dateprops": [], "properties": {"http://rdfs.org/ns/void#inDataset.value": "4635"}, "geometry": {"type": "Point", "coordinates": [7.146538349, 51.2553501562, 144.86]}}, {"type": "Feature", "id": "https://registry.gdi-de.org/de.nw/radnetz/instances/Knoten_Wuppertal_112290301_geometry", "name": " (ex-nw:Knoten_Wuppertal_112290301_geometry)", "dateprops": [], "properties": {"http://rdfs.org/ns/void#inDataset.value": "4635"}, "geometry": {"type": "Point", "coordinates": [7.1349324998, 51.2532671937, 141.88]}}, {"type": "Feature", "id": "https://registry.gdi-de.org/de.nw/radnetz/instances/Knoten_Wuppertal_112760101_geometry", "name": " (ex-nw:Knoten_Wuppertal_112760101_geometry)", "dateprops": [], "properties": {"http://rdfs.org/ns/void#inDataset.value": "4635"}, "geometry": {"type": "Point", "coordinates": [7.130253554, 51.27046593, 243.35]}}, {"type": "Feature", "id": "https://registry.gdi-de.org/de.nw/radnetz/instances/Knoten_Wuppertal_2692_geometry", "name": " (ex-nw:Knoten_Wuppertal_2692_geometry)", "dateprops": [], "properties": {"http://rdfs.org/ns/void#inDataset.value": "4635"}, "geometry": {"type": "Point", "coordinates": [7.0724257853, 51.2719068599, 160.63]}}, {"type": "Feature", "id": "https://registry.gdi-de.org/de.nw/radnetz/instances/Knoten_Wuppertal_113850102_geometry", "name": " (ex-nw:Knoten_Wuppertal_113850102_geometry)", "dateprops": [], "properties": {"http://rdfs.org/ns/void#inDataset.value": "4635"}, "geometry": {"type": "Point", "coordinates": [7.1035968156, 51.248318492, 144.29]}}, {"type": "Feature", "id": "https://registry.gdi-de.org/de.nw/radnetz/instances/Knoten_Wuppertal_5946_geometry", "name": " (ex-nw:Knoten_Wuppertal_5946_geometry)", "dateprops": [], "properties": {"http://rdfs.org/ns/void#inDataset.value": "4635"}, "geometry": {"type": "Point", "coordinates": [7.160706756, 51.2528829205, 202.7]}}, {"type": "Feature", "id": "https://registry.gdi-de.org/de.nw/radnetz/instances/Knoten_Wuppertal_7750_geometry", "name": " (ex-nw:Knoten_Wuppertal_7750_geometry)", "dateprops": [], "properties": {"http://rdfs.org/ns/void#inDataset.value": "4635"}, "geometry": {"type": "Point", "coordinates": [7.2042972312, 51.2712644837, 155.52]}}, {"type": "Feature", "id": "https://registry.gdi-de.org/de.nw/radnetz/instances/Knoten_Wuppertal_116450102_geometry", "name": " (ex-nw:Knoten_Wuppertal_116450102_geometry)", "dateprops": [], "properties": {"http://rdfs.org/ns/void#inDataset.value": "4635"}, "geometry": {"type": "Point", "coordinates": [7.2512618862, 51.2556035961, 176.48]}}, {"type": "Feature", "id": "https://registry.gdi-de.org/de.nw/radnetz/instances/Knoten_Wuppertal_8700_geometry", "name": " (ex-nw:Knoten_Wuppertal_8700_geometry)", "dateprops": [], "properties": {"http://rdfs.org/ns/void#inDataset.value": "4635"}, "geometry": {"type": "Point", "coordinates": [7.2290843431, 51.2435828949, 259.5]}}, {"type": "Feature", "id": "https://registry.gdi-de.org/de.nw/radnetz/instances/Knoten_Wuppertal_1189691376_geometry", "name": " (ex-nw:Knoten_Wuppertal_1189691376_geometry)", "dateprops": [], "properties": {"http://rdfs.org/ns/void#inDataset.value": "4635"}, "geometry": {"type": "Point", "coordinates": [7.2085784599, 51.2785429213, 185.1]}}, {"type": "Feature", "id": "https://registry.gdi-de.org/de.nw/radnetz/instances/Knoten_Wuppertal_112340101_geometry", "name": " (ex-nw:Knoten_Wuppertal_112340101_geometry)", "dateprops": [], "properties": {"http://rdfs.org/ns/void#inDataset.value": "4635"}, "geometry": {"type": "Point", "coordinates": [7.1641113959, 51.2452228587, 248.57]}}, {"type": "Feature", "id": "https://registry.gdi-de.org/de.nw/radnetz/instances/Knoten_Wuppertal_4256_geometry", "name": " (ex-nw:Knoten_Wuppertal_4256_geometry)", "dateprops": [], "properties": {"http://rdfs.org/ns/void#inDataset.value": "4635"}, "geometry": {"type": "Point", "coordinates": [7.1315215766, 51.2007784271, 267.53]}}, {"type": "Feature", "id": "https://registry.gdi-de.org/de.nw/radnetz/instances/Knoten_Wuppertal_1189691243_geometry", "name": " (ex-nw:Knoten_Wuppertal_1189691243_geometry)", "dateprops": [], "properties": {"http://rdfs.org/ns/void#inDataset.value": "4635"}, "geometry": {"type": "Point", "coordinates": [7.107112401, 51.2095028111, 121.67]}}, {"type": "Feature", "id": "https://registry.gdi-de.org/de.nw/radnetz/instances/Knoten_Wuppertal_1189691362_geometry", "name": " (ex-nw:Knoten_Wuppertal_1189691362_geometry)", "dateprops": [], "properties": {"http://rdfs.org/ns/void#inDataset.value": "4635"}, "geometry": {"type": "Point", "coordinates": [7.0217047775, 51.2931051622, 155.0]}}, {"type": "Feature", "id": "https://registry.gdi-de.org/de.nw/radnetz/instances/Knoten_Wuppertal_4329_geometry", "name": " (ex-nw:Knoten_Wuppertal_4329_geometry)", "dateprops": [], "properties": {"http://rdfs.org/ns/void#inDataset.value": "4635"}, "geometry": {"type": "Point", "coordinates": [7.132652577, 51.2043001479, 286.5]}}, {"type": "Feature", "id": "https://registry.gdi-de.org/de.nw/radnetz/instances/Knoten_Wuppertal_114700102_geometry", "name": " (ex-nw:Knoten_Wuppertal_114700102_geometry)", "dateprops": [], "properties": {"http://rdfs.org/ns/void#inDataset.value": "4635"}, "geometry": {"type": "Point", "coordinates": [7.1068040112, 51.2698012009, 241.17]}}, {"type": "Feature", "id": "https://registry.gdi-de.org/de.nw/radnetz/instances/Knoten_Wuppertal_112480105_geometry", "name": " (ex-nw:Knoten_Wuppertal_112480105_geometry)", "dateprops": [], "properties": {"http://rdfs.org/ns/void#inDataset.value": "4635"}, "geometry": {"type": "Point", "coordinates": [7.1532947948, 51.2346303118, 326.63]}}, {"type": "Feature", "id": "https://registry.gdi-de.org/de.nw/radnetz/instances/Knoten_Wuppertal_2604_geometry", "name": " (ex-nw:Knoten_Wuppertal_2604_geometry)", "dateprops": [], "properties": {"http://rdfs.org/ns/void#inDataset.value": "4635"}, "geometry": {"type": "Point", "coordinates": [7.070604115, 51.2468266504, 199.12]}}, {"type": "Feature", "id": "https://registry.gdi-de.org/de.nw/radnetz/instances/Knoten_Wuppertal_7097_geometry", "name": " (ex-nw:Knoten_Wuppertal_7097_geometry)", "dateprops": [], "properties": {"http://rdfs.org/ns/void#inDataset.value": "4635"}, "geometry": {"type": "Point", "coordinates": [7.1924744548, 51.2689416878, 152.05]}}, {"type": "Feature", "id": "https://registry.gdi-de.org/de.nw/radnetz/instances/Knoten_Wuppertal_2408_geometry", "name": " (ex-nw:Knoten_Wuppertal_2408_geometry)", "dateprops": [], "properties": {"http://rdfs.org/ns/void#inDataset.value": "4635"}, "geometry": {"type": "Point", "coordinates": [7.0634729979, 51.234433455, 205.39]}}, {"type": "Feature", "id": "https://registry.gdi-de.org/de.nw/radnetz/instances/Knoten_Wuppertal_6277_geometry", "name": " (ex-nw:Knoten_Wuppertal_6277_geometry)", "dateprops": [], "properties": {"http://rdfs.org/ns/void#inDataset.value": "4635"}, "geometry": {"type": "Point", "coordinates": [7.1695049334, 51.2621321051, 149.19]}}, {"type": "Feature", "id": "https://registry.gdi-de.org/de.nw/radnetz/instances/Knoten_Wuppertal_9259_geometry", "name": " (ex-nw:Knoten_Wuppertal_9259_geometry)", "dateprops": [], "properties": {"http://rdfs.org/ns/void#inDataset.value": "4635"}, "geometry": {"type": "Point", "coordinates": [7.2472199038, 51.2753995075, 201.49]}}, {"type": "Feature", "id": "https://registry.gdi-de.org/de.nw/radnetz/instances/Knoten_Wuppertal_5986_geometry", "name": " (ex-nw:Knoten_Wuppertal_5986_geometry)", "dateprops": [], "properties": {"http://rdfs.org/ns/void#inDataset.value": "4635"}, "geometry": {"type": "Point", "coordinates": [7.1628653617, 51.2230819084, 221.56]}}, {"type": "Feature", "id": "https://registry.gdi-de.org/de.nw/radnetz/instances/Knoten_Wuppertal_113070204_geometry", "name": " (ex-nw:Knoten_Wuppertal_113070204_geometry)", "dateprops": [], "properties": {"http://rdfs.org/ns/void#inDataset.value": "4635"}, "geometry": {"type": "Point", "coordinates": [7.1029402311, 51.2410690648, 137.86]}}, {"type": "Feature", "id": "https://registry.gdi-de.org/de.nw/radnetz/instances/Knoten_Wuppertal_116510102_geometry", "name": " (ex-nw:Knoten_Wuppertal_116510102_geometry)", "dateprops": [], "properties": {"http://rdfs.org/ns/void#inDataset.value": "4635"}, "geometry": {"type": "Point", "coordinates": [7.2899116698, 51.2500792475, 189.52]}}, {"type": "Feature", "id": "https://registry.gdi-de.org/de.nw/radnetz/instances/Knoten_Wuppertal_60201_geometry", "name": " (ex-nw:Knoten_Wuppertal_60201_geometry)", "dateprops": [], "properties": {"http://rdfs.org/ns/void#inDataset.value": "4635"}, "geometry": {"type": "Point", "coordinates": [7.2387656619, 51.2712665118, 189.94]}}, {"type": "Feature", "id": "https://registry.gdi-de.org/de.nw/radnetz/instances/Knoten_Wuppertal_4288_geometry", "name": " (ex-nw:Knoten_Wuppertal_4288_geometry)", "dateprops": [], "properties": {"http://rdfs.org/ns/void#inDataset.value": "4635"}, "geometry": {"type": "Point", "coordinates": [7.1290984526, 51.2769428487, 286.29]}}, {"type": "Feature", "id": "https://registry.gdi-de.org/de.nw/radnetz/instances/Knoten_Wuppertal_112310103_geometry", "name": " (ex-nw:Knoten_Wuppertal_112310103_geometry)", "dateprops": [], "properties": {"http://rdfs.org/ns/void#inDataset.value": "4635"}, "geometry": {"type": "Point", "coordinates": [7.1571093655, 51.2516611238, 186.89]}}, {"type": "Feature", "id": "https://registry.gdi-de.org/de.nw/radnetz/instances/Knoten_Wuppertal_4560_geometry", "name": " (ex-nw:Knoten_Wuppertal_4560_geometry)", "dateprops": [], "properties": {"http://rdfs.org/ns/void#inDataset.value": "4635"}, "geometry": {"type": "Point", "coordinates": [7.1350844605, 51.255366998, 142.76]}}, {"type": "Feature", "id": "https://registry.gdi-de.org/de.nw/radnetz/instances/Knoten_Wuppertal_1189690395_geometry", "name": " (ex-nw:Knoten_Wuppertal_1189690395_geometry)", "dateprops": [], "properties": {"http://rdfs.org/ns/void#inDataset.value": "4635"}, "geometry": {"type": "Point", "coordinates": [7.0913218518, 51.2384945102, 134.66]}}, {"type": "Feature", "id": "https://registry.gdi-de.org/de.nw/radnetz/instances/Knoten_Wuppertal_4548_geometry", "name": " (ex-nw:Knoten_Wuppertal_4548_geometry)", "dateprops": [], "properties": {"http://rdfs.org/ns/void#inDataset.value": "4635"}, "geometry": {"type": "Point", "coordinates": [7.1366432944, 51.206608697, 297.99]}}, {"type": "Feature", "id": "https://registry.gdi-de.org/de.nw/radnetz/instances/Knoten_Wuppertal_113230101_geometry", "name": " (ex-nw:Knoten_Wuppertal_113230101_geometry)", "dateprops": [], "properties": {"http://rdfs.org/ns/void#inDataset.value": "4635"}, "geometry": {"type": "Point", "coordinates": [7.0708475303, 51.2457898128, 198.97]}}, {"type": "Feature", "id": "https://registry.gdi-de.org/de.nw/radnetz/instances/Knoten_Wuppertal_5463_geometry", "name": " (ex-nw:Knoten_Wuppertal_5463_geometry)", "dateprops": [], "properties": {"http://rdfs.org/ns/void#inDataset.value": "4635"}, "geometry": {"type": "Point", "coordinates": [7.1512485377, 51.2585379993, 144.03]}}, {"type": "Feature", "id": "https://registry.gdi-de.org/de.nw/radnetz/instances/Knoten_Wuppertal_1189691368_geometry", "name": " (ex-nw:Knoten_Wuppertal_1189691368_geometry)", "dateprops": [], "properties": {"http://rdfs.org/ns/void#inDataset.value": "4635"}, "geometry": {"type": "Point", "coordinates": [7.2321916615, 51.2397160857, 291.85]}}, {"type": "Feature", "id": "https://registry.gdi-de.org/de.nw/radnetz/instances/Knoten_Wuppertal_9793_geometry", "name": " (ex-nw:Knoten_Wuppertal_9793_geometry)", "dateprops": [], "properties": {"http://rdfs.org/ns/void#inDataset.value": "4635"}, "geometry": {"type": "Point", "coordinates": [7.2781249063, 51.2538080854, 204.62]}}, {"type": "Feature", "id": "https://registry.gdi-de.org/de.nw/radnetz/instances/Knoten_Wuppertal_9481_geometry", "name": " (ex-nw:Knoten_Wuppertal_9481_geometry)", "dateprops": [], "properties": {"http://rdfs.org/ns/void#inDataset.value": "4635"}, "geometry": {"type": "Point", "coordinates": [7.2562621959, 51.2831706446, 180.74]}}, {"type": "Feature", "id": "https://registry.gdi-de.org/de.nw/radnetz/instances/Knoten_Wuppertal_112660101_geometry", "name": " (ex-nw:Knoten_Wuppertal_112660101_geometry)", "dateprops": [], "properties": {"http://rdfs.org/ns/void#inDataset.value": "4635"}, "geometry": {"type": "Point", "coordinates": [7.1235045212, 51.2780208144, 250.97]}}, {"type": "Feature", "id": "https://registry.gdi-de.org/de.nw/radnetz/instances/Knoten_Wuppertal_4681_geometry", "name": " (ex-nw:Knoten_Wuppertal_4681_geometry)", "dateprops": [], "properties": {"http://rdfs.org/ns/void#inDataset.value": "4635"}, "geometry": {"type": "Point", "coordinates": [7.1381521574, 51.2541065784, 141.74]}}, {"type": "Feature", "id": "https://registry.gdi-de.org/de.nw/radnetz/instances/Knoten_Wuppertal_116740101_geometry", "name": " (ex-nw:Knoten_Wuppertal_116740101_geometry)", "dateprops": [], "properties": {"http://rdfs.org/ns/void#inDataset.value": "4635"}, "geometry": {"type": "Point", "coordinates": [7.2335973204, 51.2678640178, 164.13]}}, {"type": "Feature", "id": "https://registry.gdi-de.org/de.nw/radnetz/instances/Knoten_Wuppertal_110620101_geometry", "name": " (ex-nw:Knoten_Wuppertal_110620101_geometry)", "dateprops": [], "properties": {"http://rdfs.org/ns/void#inDataset.value": "4635"}, "geometry": {"type": "Point", "coordinates": [7.0732859113, 51.2657761197, 185.63]}}, {"type": "Feature", "id": "https://registry.gdi-de.org/de.nw/radnetz/instances/Knoten_Wuppertal_5479_geometry", "name": " (ex-nw:Knoten_Wuppertal_5479_geometry)", "dateprops": [], "properties": {"http://rdfs.org/ns/void#inDataset.value": "4635"}, "geometry": {"type": "Point", "coordinates": [7.1515723069, 51.2588853274, 146.57]}}, {"type": "Feature", "id": "https://registry.gdi-de.org/de.nw/radnetz/instances/Knoten_Wuppertal_114200203_geometry", "name": " (ex-nw:Knoten_Wuppertal_114200203_geometry)", "dateprops": [], "properties": {"http://rdfs.org/ns/void#inDataset.value": "4635"}, "geometry": {"type": "Point", "coordinates": [7.1320843805, 51.2038305838, 284.34]}}, {"type": "Feature", "id": "https://registry.gdi-de.org/de.nw/radnetz/instances/Knoten_Wuppertal_5587_geometry", "name": " (ex-nw:Knoten_Wuppertal_5587_geometry)", "dateprops": [], "properties": {"http://rdfs.org/ns/void#inDataset.value": "4635"}, "geometry": {"type": "Point", "coordinates": [7.1536993083, 51.2597608991, 147.69]}}, {"type": "Feature", "id": "https://registry.gdi-de.org/de.nw/radnetz/instances/Knoten_Wuppertal_60235_geometry", "name": " (ex-nw:Knoten_Wuppertal_60235_geometry)", "dateprops": [], "properties": {"http://rdfs.org/ns/void#inDataset.value": "4635"}, "geometry": {"type": "Point", "coordinates": [7.1311613416, 51.2642683947, 181.29]}}, {"type": "Feature", "id": "https://registry.gdi-de.org/de.nw/radnetz/instances/Knoten_Wuppertal_1189691386_geometry", "name": " (ex-nw:Knoten_Wuppertal_1189691386_geometry)", "dateprops": [], "properties": {"http://rdfs.org/ns/void#inDataset.value": "4635"}, "geometry": {"type": "Point", "coordinates": [7.1348804755, 51.2803159284, 293.8]}}, {"type": "Feature", "id": "https://registry.gdi-de.org/de.nw/radnetz/instances/Knoten_Wuppertal_3511_geometry", "name": " (ex-nw:Knoten_Wuppertal_3511_geometry)", "dateprops": [], "properties": {"http://rdfs.org/ns/void#inDataset.value": "4635"}, "geometry": {"type": "Point", "coordinates": [7.1097991701, 51.2877464084, 252.91]}}, {"type": "Feature", "id": "https://registry.gdi-de.org/de.nw/radnetz/instances/Knoten_Wuppertal_119610204_geometry", "name": " (ex-nw:Knoten_Wuppertal_119610204_geometry)", "dateprops": [], "properties": {"http://rdfs.org/ns/void#inDataset.value": "4635"}, "geometry": {"type": "Point", "coordinates": [7.1065843468, 51.2465930576, 137.02]}}, {"type": "Feature", "id": "https://registry.gdi-de.org/de.nw/radnetz/instances/Knoten_Wuppertal_3460_geometry", "name": " (ex-nw:Knoten_Wuppertal_3460_geometry)", "dateprops": [], "properties": {"http://rdfs.org/ns/void#inDataset.value": "4635"}, "geometry": {"type": "Point", "coordinates": [7.1119904129, 51.1941973427, 126.42]}}, {"type": "Feature", "id": "https://registry.gdi-de.org/de.nw/radnetz/instances/Knoten_Wuppertal_5976_geometry", "name": " (ex-nw:Knoten_Wuppertal_5976_geometry)", "dateprops": [], "properties": {"http://rdfs.org/ns/void#inDataset.value": "4635"}, "geometry": {"type": "Point", "coordinates": [7.1614598955, 51.2493310092, 226.22]}}, {"type": "Feature", "id": "https://registry.gdi-de.org/de.nw/radnetz/instances/Knoten_Wuppertal_8768_geometry", "name": " (ex-nw:Knoten_Wuppertal_8768_geometry)", "dateprops": [], "properties": {"http://rdfs.org/ns/void#inDataset.value": "4635"}, "geometry": {"type": "Point", "coordinates": [7.2311585464, 51.2558452351, 172.58]}}, {"type": "Feature", "id": "https://registry.gdi-de.org/de.nw/radnetz/instances/Knoten_Wuppertal_8871_geometry", "name": " (ex-nw:Knoten_Wuppertal_8871_geometry)", "dateprops": [], "properties": {"http://rdfs.org/ns/void#inDataset.value": "4635"}, "geometry": {"type": "Point", "coordinates": [7.2351004017, 51.2389801493, 290.85]}}, {"type": "Feature", "id": "https://registry.gdi-de.org/de.nw/radnetz/instances/Knoten_Wuppertal_1189691372_geometry", "name": " (ex-nw:Knoten_Wuppertal_1189691372_geometry)", "dateprops": [], "properties": {"http://rdfs.org/ns/void#inDataset.value": "4635"}, "geometry": {"type": "Point", "coordinates": [7.1610140578, 51.2676263745, 180.03]}}, {"type": "Feature", "id": "https://registry.gdi-de.org/de.nw/radnetz/instances/Knoten_Wuppertal_116310102_geometry", "name": " (ex-nw:Knoten_Wuppertal_116310102_geometry)", "dateprops": [], "properties": {"http://rdfs.org/ns/void#inDataset.value": "4635"}, "geometry": {"type": "Point", "coordinates": [7.2374035153, 51.2736812479, 198.81]}}, {"type": "Feature", "id": "https://registry.gdi-de.org/de.nw/radnetz/instances/Knoten_Wuppertal_10102_geometry", "name": " (ex-nw:Knoten_Wuppertal_10102_geometry)", "dateprops": [], "properties": {"http://rdfs.org/ns/void#inDataset.value": "4635"}, "geometry": {"type": "Point", "coordinates": [7.3063529929, 51.2414726088, 202.04]}}, {"type": "Feature", "id": "https://registry.gdi-de.org/de.nw/radnetz/instances/Knoten_Wuppertal_4031_geometry", "name": " (ex-nw:Knoten_Wuppertal_4031_geometry)", "dateprops": [], "properties": {"http://rdfs.org/ns/void#inDataset.value": "4635"}, "geometry": {"type": "Point", "coordinates": [7.1237629342, 51.3030826715, 190.84]}}, {"type": "Feature", "id": "https://registry.gdi-de.org/de.nw/radnetz/instances/Knoten_Wuppertal_3200_geometry", "name": " (ex-nw:Knoten_Wuppertal_3200_geometry)", "dateprops": [], "properties": {"http://rdfs.org/ns/void#inDataset.value": "4635"}, "geometry": {"type": "Point", "coordinates": [7.0972084069, 51.2958949498, 197.28]}}, {"type": "Feature", "id": "https://registry.gdi-de.org/de.nw/radnetz/instances/Knoten_Wuppertal_5130_geometry", "name": " (ex-nw:Knoten_Wuppertal_5130_geometry)", "dateprops": [], "properties": {"http://rdfs.org/ns/void#inDataset.value": "4635"}, "geometry": {"type": "Point", "coordinates": [7.1470843527, 51.2265006211, 321.46]}}, {"type": "Feature", "id": "https://registry.gdi-de.org/de.nw/radnetz/instances/Knoten_Wuppertal_111480102_geometry", "name": " (ex-nw:Knoten_Wuppertal_111480102_geometry)", "dateprops": [], "properties": {"http://rdfs.org/ns/void#inDataset.value": "4635"}, "geometry": {"type": "Point", "coordinates": [7.1858314786, 51.2791313481, 195.71]}}, {"type": "Feature", "id": "https://registry.gdi-de.org/de.nw/radnetz/instances/Knoten_Wuppertal_115410101_geometry", "name": " (ex-nw:Knoten_Wuppertal_115410101_geometry)", "dateprops": [], "properties": {"http://rdfs.org/ns/void#inDataset.value": "4635"}, "geometry": {"type": "Point", "coordinates": [7.205721051, 51.2164123702, 251.79]}}, {"type": "Feature", "id": "https://registry.gdi-de.org/de.nw/radnetz/instances/Knoten_Wuppertal_5348_geometry", "name": " (ex-nw:Knoten_Wuppertal_5348_geometry)", "dateprops": [], "properties": {"http://rdfs.org/ns/void#inDataset.value": "4635"}, "geometry": {"type": "Point", "coordinates": [7.1503371651, 51.233264373, 333.84]}}, {"type": "Feature", "id": "https://registry.gdi-de.org/de.nw/radnetz/instances/Knoten_Wuppertal_6208_geometry", "name": " (ex-nw:Knoten_Wuppertal_6208_geometry)", "dateprops": [], "properties": {"http://rdfs.org/ns/void#inDataset.value": "4635"}, "geometry": {"type": "Point", "coordinates": [7.1668434199, 51.2691588008, 184.49]}}, {"type": "Feature", "id": "https://registry.gdi-de.org/de.nw/radnetz/instances/Knoten_Wuppertal_8822_geometry", "name": " (ex-nw:Knoten_Wuppertal_8822_geometry)", "dateprops": [], "properties": {"http://rdfs.org/ns/void#inDataset.value": "4635"}, "geometry": {"type": "Point", "coordinates": [7.2327460196, 51.2584352993, 169.82]}}, {"type": "Feature", "id": "https://registry.gdi-de.org/de.nw/radnetz/instances/Knoten_Wuppertal_60242_geometry", "name": " (ex-nw:Knoten_Wuppertal_60242_geometry)", "dateprops": [], "properties": {"http://rdfs.org/ns/void#inDataset.value": "4635"}, "geometry": {"type": "Point", "coordinates": [7.1500993774, 51.2684984936, 176.53]}}, {"type": "Feature", "id": "https://registry.gdi-de.org/de.nw/radnetz/instances/Knoten_Wuppertal_10099_geometry", "name": " (ex-nw:Knoten_Wuppertal_10099_geometry)", "dateprops": [], "properties": {"http://rdfs.org/ns/void#inDataset.value": "4635"}, "geometry": {"type": "Point", "coordinates": [7.3057530631, 51.2413721378, 198.55]}}, {"type": "Feature", "id": "https://registry.gdi-de.org/de.nw/radnetz/instances/Knoten_Wuppertal_8903_geometry", "name": " (ex-nw:Knoten_Wuppertal_8903_geometry)", "dateprops": [], "properties": {"http://rdfs.org/ns/void#inDataset.value": "4635"}, "geometry": {"type": "Point", "coordinates": [7.2358039854, 51.2372989603, 293.0]}}, {"type": "Feature", "id": "https://registry.gdi-de.org/de.nw/radnetz/instances/Knoten_Wuppertal_111810601_geometry", "name": " (ex-nw:Knoten_Wuppertal_111810601_geometry)", "dateprops": [], "properties": {"http://rdfs.org/ns/void#inDataset.value": "4635"}, "geometry": {"type": "Point", "coordinates": [7.2060812439, 51.2720406965, 156.42]}}, {"type": "Feature", "id": "https://registry.gdi-de.org/de.nw/radnetz/instances/Knoten_Wuppertal_5380_geometry", "name": " (ex-nw:Knoten_Wuppertal_5380_geometry)", "dateprops": [], "properties": {"http://rdfs.org/ns/void#inDataset.value": "4635"}, "geometry": {"type": "Point", "coordinates": [7.149257496, 51.2728946362, 172.3]}}, {"type": "Feature", "id": "https://registry.gdi-de.org/de.nw/radnetz/instances/Knoten_Wuppertal_110370201_geometry", "name": " (ex-nw:Knoten_Wuppertal_110370201_geometry)", "dateprops": [], "properties": {"http://rdfs.org/ns/void#inDataset.value": "4635"}, "geometry": {"type": "Point", "coordinates": [7.1463233689, 51.2608535653, 151.55]}}, {"type": "Feature", "id": "https://registry.gdi-de.org/de.nw/radnetz/instances/Knoten_Wuppertal_4820_geometry", "name": " (ex-nw:Knoten_Wuppertal_4820_geometry)", "dateprops": [], "properties": {"http://rdfs.org/ns/void#inDataset.value": "4635"}, "geometry": {"type": "Point", "coordinates": [7.1411511517, 51.2546365675, 143.75]}}, {"type": "Feature", "id": "https://registry.gdi-de.org/de.nw/radnetz/instances/Knoten_Wuppertal_6180_geometry", "name": " (ex-nw:Knoten_Wuppertal_6180_geometry)", "dateprops": [], "properties": {"http://rdfs.org/ns/void#inDataset.value": "4635"}, "geometry": {"type": "Point", "coordinates": [7.1672194192, 51.2393199767, 324.63]}}, {"type": "Feature", "id": "https://registry.gdi-de.org/de.nw/radnetz/instances/Knoten_Wuppertal_6386_geometry", "name": " (ex-nw:Knoten_Wuppertal_6386_geometry)", "dateprops": [], "properties": {"http://rdfs.org/ns/void#inDataset.value": "4635"}, "geometry": {"type": "Point", "coordinates": [7.1731410061, 51.263138363, 150.25]}}, {"type": "Feature", "id": "https://registry.gdi-de.org/de.nw/radnetz/instances/Knoten_Wuppertal_9036_geometry", "name": " (ex-nw:Knoten_Wuppertal_9036_geometry)", "dateprops": [], "properties": {"http://rdfs.org/ns/void#inDataset.value": "4635"}, "geometry": {"type": "Point", "coordinates": [7.2378868545, 51.2980480396, 235.33]}}, {"type": "Feature", "id": "https://registry.gdi-de.org/de.nw/radnetz/instances/Knoten_Wuppertal_1189691380_geometry", "name": " (ex-nw:Knoten_Wuppertal_1189691380_geometry)", "dateprops": [], "properties": {"http://rdfs.org/ns/void#inDataset.value": "4635"}, "geometry": {"type": "Point", "coordinates": [7.2080421997, 51.2786473154, 178.11]}}, {"type": "Feature", "id": "https://registry.gdi-de.org/de.nw/radnetz/instances/Knoten_Wuppertal_1189691293_geometry", "name": " (ex-nw:Knoten_Wuppertal_1189691293_geometry)", "dateprops": [], "properties": {"http://rdfs.org/ns/void#inDataset.value": "4635"}, "geometry": {"type": "Point", "coordinates": [7.0431354721, 51.21534676, 193.53]}}, {"type": "Feature", "id": "https://registry.gdi-de.org/de.nw/radnetz/instances/Knoten_Wuppertal_9688_geometry", "name": " (ex-nw:Knoten_Wuppertal_9688_geometry)", "dateprops": [], "properties": {"http://rdfs.org/ns/void#inDataset.value": "4635"}, "geometry": {"type": "Point", "coordinates": [7.2683569781, 51.2780479739, 216.57]}}, {"type": "Feature", "id": "https://registry.gdi-de.org/de.nw/radnetz/instances/Knoten_Wuppertal_3015_geometry", "name": " (ex-nw:Knoten_Wuppertal_3015_geometry)", "dateprops": [], "properties": {"http://rdfs.org/ns/void#inDataset.value": "4635"}, "geometry": {"type": "Point", "coordinates": [7.0904482988, 51.2572683311, 211.26]}}, {"type": "Feature", "id": "https://registry.gdi-de.org/de.nw/radnetz/instances/Knoten_Wuppertal_6679_geometry", "name": " (ex-nw:Knoten_Wuppertal_6679_geometry)", "dateprops": [], "properties": {"http://rdfs.org/ns/void#inDataset.value": "4635"}, "geometry": {"type": "Point", "coordinates": [7.1810193724, 51.2898731345, 279.13]}}, {"type": "Feature", "id": "https://registry.gdi-de.org/de.nw/radnetz/instances/Knoten_Wuppertal_9028_geometry", "name": " (ex-nw:Knoten_Wuppertal_9028_geometry)", "dateprops": [], "properties": {"http://rdfs.org/ns/void#inDataset.value": "4635"}, "geometry": {"type": "Point", "coordinates": [7.2405420076, 51.2213878688, 311.59]}}, {"type": "Feature", "id": "https://registry.gdi-de.org/de.nw/radnetz/instances/Knoten_Wuppertal_2377_geometry", "name": " (ex-nw:Knoten_Wuppertal_2377_geometry)", "dateprops": [], "properties": {"http://rdfs.org/ns/void#inDataset.value": "4635"}, "geometry": {"type": "Point", "coordinates": [7.0627110169, 51.2247673557, 201.93]}}, {"type": "Feature", "id": "https://registry.gdi-de.org/de.nw/radnetz/instances/Knoten_Wuppertal_2685_geometry", "name": " (ex-nw:Knoten_Wuppertal_2685_geometry)", "dateprops": [], "properties": {"http://rdfs.org/ns/void#inDataset.value": "4635"}, "geometry": {"type": "Point", "coordinates": [7.0731091648, 51.2529692262, 184.83]}}, {"type": "Feature", "id": "https://registry.gdi-de.org/de.nw/radnetz/instances/Knoten_Wuppertal_119610203_geometry", "name": " (ex-nw:Knoten_Wuppertal_119610203_geometry)", "dateprops": [], "properties": {"http://rdfs.org/ns/void#inDataset.value": "4635"}, "geometry": {"type": "Point", "coordinates": [7.1067646447, 51.2466929842, 136.93]}}, {"type": "Feature", "id": "https://registry.gdi-de.org/de.nw/radnetz/instances/Knoten_Wuppertal_1189691289_geometry", "name": " (ex-nw:Knoten_Wuppertal_1189691289_geometry)", "dateprops": [], "properties": {"http://rdfs.org/ns/void#inDataset.value": "4635"}, "geometry": {"type": "Point", "coordinates": [7.0472385156, 51.2178629887, 187.6]}}, {"type": "Feature", "id": "https://registry.gdi-de.org/de.nw/radnetz/instances/Knoten_Wuppertal_5095_geometry", "name": " (ex-nw:Knoten_Wuppertal_5095_geometry)", "dateprops": [], "properties": {"http://rdfs.org/ns/void#inDataset.value": "4635"}, "geometry": {"type": "Point", "coordinates": [7.1454741071, 51.2544596566, 146.42]}}, {"type": "Feature", "id": "https://registry.gdi-de.org/de.nw/radnetz/instances/Knoten_Wuppertal_5276_geometry", "name": " (ex-nw:Knoten_Wuppertal_5276_geometry)", "dateprops": [], "properties": {"http://rdfs.org/ns/void#inDataset.value": "4635"}, "geometry": {"type": "Point", "coordinates": [7.1498666731, 51.2169503293, 303.61]}}, {"type": "Feature", "id": "https://registry.gdi-de.org/de.nw/radnetz/instances/Knoten_Wuppertal_60271_geometry", "name": " (ex-nw:Knoten_Wuppertal_60271_geometry)", "dateprops": [], "properties": {"http://rdfs.org/ns/void#inDataset.value": "4635"}, "geometry": {"type": "Point", "coordinates": [7.2206523397, 51.2784091058, 188.64]}}, {"type": "Feature", "id": "https://registry.gdi-de.org/de.nw/radnetz/instances/Knoten_Wuppertal_8118_geometry", "name": " (ex-nw:Knoten_Wuppertal_8118_geometry)", "dateprops": [], "properties": {"http://rdfs.org/ns/void#inDataset.value": "4635"}, "geometry": {"type": "Point", "coordinates": [7.2123055816, 51.2743169627, 157.6]}}, {"type": "Feature", "id": "https://registry.gdi-de.org/de.nw/radnetz/instances/Knoten_Wuppertal_116210101_geometry", "name": " (ex-nw:Knoten_Wuppertal_116210101_geometry)", "dateprops": [], "properties": {"http://rdfs.org/ns/void#inDataset.value": "4635"}, "geometry": {"type": "Point", "coordinates": [7.2347920473, 51.2769544945, 167.61]}}, {"type": "Feature", "id": "https://registry.gdi-de.org/de.nw/radnetz/instances/Knoten_Wuppertal_8844_geometry", "name": " (ex-nw:Knoten_Wuppertal_8844_geometry)", "dateprops": [], "properties": {"http://rdfs.org/ns/void#inDataset.value": "4635"}, "geometry": {"type": "Point", "coordinates": [7.2328873989, 51.2728075306, 190.7]}}, {"type": "Feature", "id": "https://registry.gdi-de.org/de.nw/radnetz/instances/Knoten_Wuppertal_2917_geometry", "name": " (ex-nw:Knoten_Wuppertal_2917_geometry)", "dateprops": [], "properties": {"http://rdfs.org/ns/void#inDataset.value": "4635"}, "geometry": {"type": "Point", "coordinates": [7.0862595985, 51.2344500471, 149.57]}}, {"type": "Feature", "id": "https://registry.gdi-de.org/de.nw/radnetz/instances/Knoten_Wuppertal_60221_geometry", "name": " (ex-nw:Knoten_Wuppertal_60221_geometry)", "dateprops": [], "properties": {"http://rdfs.org/ns/void#inDataset.value": "4635"}, "geometry": {"type": "Point", "coordinates": [7.0916450933, 51.2502090685, 176.43]}}, {"type": "Feature", "id": "https://registry.gdi-de.org/de.nw/radnetz/instances/Knoten_Wuppertal_110600202_geometry", "name": " (ex-nw:Knoten_Wuppertal_110600202_geometry)", "dateprops": [], "properties": {"http://rdfs.org/ns/void#inDataset.value": "4635"}, "geometry": {"type": "Point", "coordinates": [7.1905694435, 51.2251998192, 314.33]}}, {"type": "Feature", "id": "https://registry.gdi-de.org/de.nw/radnetz/instances/Knoten_Wuppertal_7723_geometry", "name": " (ex-nw:Knoten_Wuppertal_7723_geometry)", "dateprops": [], "properties": {"http://rdfs.org/ns/void#inDataset.value": "4635"}, "geometry": {"type": "Point", "coordinates": [7.2057932405, 51.216377244, 251.66]}}, {"type": "Feature", "id": "https://registry.gdi-de.org/de.nw/radnetz/instances/Knoten_Wuppertal_112310101_geometry", "name": " (ex-nw:Knoten_Wuppertal_112310101_geometry)", "dateprops": [], "properties": {"http://rdfs.org/ns/void#inDataset.value": "4635"}, "geometry": {"type": "Point", "coordinates": [7.1540665094, 51.2509422291, 176.94]}}, {"type": "Feature", "id": "https://registry.gdi-de.org/de.nw/radnetz/instances/Knoten_Wuppertal_8945_geometry", "name": " (ex-nw:Knoten_Wuppertal_8945_geometry)", "dateprops": [], "properties": {"http://rdfs.org/ns/void#inDataset.value": "4635"}, "geometry": {"type": "Point", "coordinates": [7.2356677776, 51.2733534928, 197.54]}}, {"type": "Feature", "id": "https://registry.gdi-de.org/de.nw/radnetz/instances/Knoten_Wuppertal_60211_geometry", "name": " (ex-nw:Knoten_Wuppertal_60211_geometry)", "dateprops": [], "properties": {"http://rdfs.org/ns/void#inDataset.value": "4635"}, "geometry": {"type": "Point", "coordinates": [7.065504786, 51.2302197664, 171.51]}}, {"type": "Feature", "id": "https://registry.gdi-de.org/de.nw/radnetz/instances/Knoten_Wuppertal_113700102_geometry", "name": " (ex-nw:Knoten_Wuppertal_113700102_geometry)", "dateprops": [], "properties": {"http://rdfs.org/ns/void#inDataset.value": "4635"}, "geometry": {"type": "Point", "coordinates": [7.1091510769, 51.2626729745, 198.98]}}, {"type": "Feature", "id": "https://registry.gdi-de.org/de.nw/radnetz/instances/Knoten_Wuppertal_3270_geometry", "name": " (ex-nw:Knoten_Wuppertal_3270_geometry)", "dateprops": [], "properties": {"http://rdfs.org/ns/void#inDataset.value": "4635"}, "geometry": {"type": "Point", "coordinates": [7.1029849755, 51.2488111283, 145.38]}}, {"type": "Feature", "id": "https://registry.gdi-de.org/de.nw/radnetz/instances/Knoten_Wuppertal_1189690279_geometry", "name": " (ex-nw:Knoten_Wuppertal_1189690279_geometry)", "dateprops": [], "properties": {"http://rdfs.org/ns/void#inDataset.value": "4635"}, "geometry": {"type": "Point", "coordinates": [7.1461698614, 51.2584254918, 144.66]}}, {"type": "Feature", "id": "https://registry.gdi-de.org/de.nw/radnetz/instances/Knoten_Wuppertal_2365_geometry", "name": " (ex-nw:Knoten_Wuppertal_2365_geometry)", "dateprops": [], "properties": {"http://rdfs.org/ns/void#inDataset.value": "4635"}, "geometry": {"type": "Point", "coordinates": [7.0615356987, 51.2347997886, 211.83]}}, {"type": "Feature", "id": "https://registry.gdi-de.org/de.nw/radnetz/instances/Knoten_Wuppertal_110191504_geometry", "name": " (ex-nw:Knoten_Wuppertal_110191504_geometry)", "dateprops": [], "properties": {"http://rdfs.org/ns/void#inDataset.value": "4635"}, "geometry": {"type": "Point", "coordinates": [7.1530043234, 51.2562388761, 146.39]}}, {"type": "Feature", "id": "https://registry.gdi-de.org/de.nw/radnetz/instances/Knoten_Wuppertal_4723_geometry", "name": " (ex-nw:Knoten_Wuppertal_4723_geometry)", "dateprops": [], "properties": {"http://rdfs.org/ns/void#inDataset.value": "4635"}, "geometry": {"type": "Point", "coordinates": [7.1391970801, 51.2543500209, 142.24]}}, {"type": "Feature", "id": "https://registry.gdi-de.org/de.nw/radnetz/instances/Knoten_Wuppertal_114320101_geometry", "name": " (ex-nw:Knoten_Wuppertal_114320101_geometry)", "dateprops": [], "properties": {"http://rdfs.org/ns/void#inDataset.value": "4635"}, "geometry": {"type": "Point", "coordinates": [7.109545362, 51.1939388161, 115.06]}}, {"type": "Feature", "id": "https://registry.gdi-de.org/de.nw/radnetz/instances/Knoten_Wuppertal_5884_geometry", "name": " (ex-nw:Knoten_Wuppertal_5884_geometry)", "dateprops": [], "properties": {"http://rdfs.org/ns/void#inDataset.value": "4635"}, "geometry": {"type": "Point", "coordinates": [7.1584083962, 51.2743594261, 223.97]}}, {"type": "Feature", "id": "https://registry.gdi-de.org/de.nw/radnetz/instances/Knoten_Wuppertal_112890102_geometry", "name": " (ex-nw:Knoten_Wuppertal_112890102_geometry)", "dateprops": [], "properties": {"http://rdfs.org/ns/void#inDataset.value": "4635"}, "geometry": {"type": "Point", "coordinates": [7.1469163109, 51.2830384362, 290.38]}}, {"type": "Feature", "id": "https://registry.gdi-de.org/de.nw/radnetz/instances/Knoten_Wuppertal_5204_geometry", "name": " (ex-nw:Knoten_Wuppertal_5204_geometry)", "dateprops": [], "properties": {"http://rdfs.org/ns/void#inDataset.value": "4635"}, "geometry": {"type": "Point", "coordinates": [7.1459249847, 51.2832088987, 291.94]}}, {"type": "Feature", "id": "https://registry.gdi-de.org/de.nw/radnetz/instances/Knoten_Wuppertal_1189691357_geometry", "name": " (ex-nw:Knoten_Wuppertal_1189691357_geometry)", "dateprops": [], "properties": {"http://rdfs.org/ns/void#inDataset.value": "4635"}, "geometry": {"type": "Point", "coordinates": [7.0791723048, 51.2805236684, 180.1]}}, {"type": "Feature", "id": "https://registry.gdi-de.org/de.nw/radnetz/instances/Knoten_Wuppertal_10865_geometry", "name": " (ex-nw:Knoten_Wuppertal_10865_geometry)", "dateprops": [], "properties": {"http://rdfs.org/ns/void#inDataset.value": "4635"}, "geometry": {"type": "Point", "coordinates": [7.1477375269, 51.2626244752, 149.57]}}, {"type": "Feature", "id": "https://registry.gdi-de.org/de.nw/radnetz/instances/Knoten_Wuppertal_5342_geometry", "name": " (ex-nw:Knoten_Wuppertal_5342_geometry)", "dateprops": [], "properties": {"http://rdfs.org/ns/void#inDataset.value": "4635"}, "geometry": {"type": "Point", "coordinates": [7.1503932623, 51.2280991091, 333.79]}}, {"type": "Feature", "id": "https://registry.gdi-de.org/de.nw/radnetz/instances/Knoten_Wuppertal_2760_geometry", "name": " (ex-nw:Knoten_Wuppertal_2760_geometry)", "dateprops": [], "properties": {"http://rdfs.org/ns/void#inDataset.value": "4635"}, "geometry": {"type": "Point", "coordinates": [7.0766483313, 51.2536159507, 193.73]}}, {"type": "Feature", "id": "https://registry.gdi-de.org/de.nw/radnetz/instances/Knoten_Wuppertal_5733_geometry", "name": " (ex-nw:Knoten_Wuppertal_5733_geometry)", "dateprops": [], "properties": {"http://rdfs.org/ns/void#inDataset.value": "4635"}, "geometry": {"type": "Point", "coordinates": [7.1566904685, 51.2514801741, 185.11]}}, {"type": "Feature", "id": "https://registry.gdi-de.org/de.nw/radnetz/instances/Knoten_Wuppertal_2929_geometry", "name": " (ex-nw:Knoten_Wuppertal_2929_geometry)", "dateprops": [], "properties": {"http://rdfs.org/ns/void#inDataset.value": "4635"}, "geometry": {"type": "Point", "coordinates": [7.086106514, 51.2565895307, 198.22]}}, {"type": "Feature", "id": "https://registry.gdi-de.org/de.nw/radnetz/instances/Knoten_Wuppertal_3979_geometry", "name": " (ex-nw:Knoten_Wuppertal_3979_geometry)", "dateprops": [], "properties": {"http://rdfs.org/ns/void#inDataset.value": "4635"}, "geometry": {"type": "Point", "coordinates": [7.1248196651, 51.2495126751, 139.92]}}, {"type": "Feature", "id": "https://registry.gdi-de.org/de.nw/radnetz/instances/Knoten_Wuppertal_60176_geometry", "name": " (ex-nw:Knoten_Wuppertal_60176_geometry)", "dateprops": [], "properties": {"http://rdfs.org/ns/void#inDataset.value": "4635"}, "geometry": {"type": "Point", "coordinates": [7.0755450969, 51.2534177505, 189.66]}}, {"type": "Feature", "id": "https://registry.gdi-de.org/de.nw/radnetz/instances/Knoten_Wuppertal_8787_geometry", "name": " (ex-nw:Knoten_Wuppertal_8787_geometry)", "dateprops": [], "properties": {"http://rdfs.org/ns/void#inDataset.value": "4635"}, "geometry": {"type": "Point", "coordinates": [7.2311540914, 51.270764602, 163.24]}}, {"type": "Feature", "id": "https://registry.gdi-de.org/de.nw/radnetz/instances/Knoten_Wuppertal_116140101_geometry", "name": " (ex-nw:Knoten_Wuppertal_116140101_geometry)", "dateprops": [], "properties": {"http://rdfs.org/ns/void#inDataset.value": "4635"}, "geometry": {"type": "Point", "coordinates": [7.2522556043, 51.3078367011, 300.12]}}, {"type": "Feature", "id": "https://registry.gdi-de.org/de.nw/radnetz/instances/Knoten_Wuppertal_9265_geometry", "name": " (ex-nw:Knoten_Wuppertal_9265_geometry)", "dateprops": [], "properties": {"http://rdfs.org/ns/void#inDataset.value": "4635"}, "geometry": {"type": "Point", "coordinates": [7.2474316656, 51.2754186436, 201.39]}}, {"type": "Feature", "id": "https://registry.gdi-de.org/de.nw/radnetz/instances/Knoten_Wuppertal_1189691275_geometry", "name": " (ex-nw:Knoten_Wuppertal_1189691275_geometry)", "dateprops": [], "properties": {"http://rdfs.org/ns/void#inDataset.value": "4635"}, "geometry": {"type": "Point", "coordinates": [7.1087234863, 51.2586693226, 176.29]}}, {"type": "Feature", "id": "https://registry.gdi-de.org/de.nw/radnetz/instances/Knoten_Wuppertal_2693_geometry", "name": " (ex-nw:Knoten_Wuppertal_2693_geometry)", "dateprops": [], "properties": {"http://rdfs.org/ns/void#inDataset.value": "4635"}, "geometry": {"type": "Point", "coordinates": [7.0725390644, 51.2709511315, 162.87]}}, {"type": "Feature", "id": "https://registry.gdi-de.org/de.nw/radnetz/instances/Knoten_Wuppertal_5491_geometry", "name": " (ex-nw:Knoten_Wuppertal_5491_geometry)", "dateprops": [], "properties": {"http://rdfs.org/ns/void#inDataset.value": "4635"}, "geometry": {"type": "Point", "coordinates": [7.151848776, 51.2585687745, 144.39]}}, {"type": "Feature", "id": "https://registry.gdi-de.org/de.nw/radnetz/instances/Knoten_Wuppertal_9714_geometry", "name": " (ex-nw:Knoten_Wuppertal_9714_geometry)", "dateprops": [], "properties": {"http://rdfs.org/ns/void#inDataset.value": "4635"}, "geometry": {"type": "Point", "coordinates": [7.2710678994, 51.2786353263, 221.65]}}, {"type": "Feature", "id": "https://registry.gdi-de.org/de.nw/radnetz/instances/Knoten_Wuppertal_115510102_geometry", "name": " (ex-nw:Knoten_Wuppertal_115510102_geometry)", "dateprops": [], "properties": {"http://rdfs.org/ns/void#inDataset.value": "4635"}, "geometry": {"type": "Point", "coordinates": [7.2310781383, 51.2565748455, 174.05]}}, {"type": "Feature", "id": "https://registry.gdi-de.org/de.nw/radnetz/instances/Knoten_Wuppertal_1189691194_geometry", "name": " (ex-nw:Knoten_Wuppertal_1189691194_geometry)", "dateprops": [], "properties": {"http://rdfs.org/ns/void#inDataset.value": "4635"}, "geometry": {"type": "Point", "coordinates": [7.1585325643, 51.2522630857, 193.21]}}, {"type": "Feature", "id": "https://registry.gdi-de.org/de.nw/radnetz/instances/Knoten_Wuppertal_3562_geometry", "name": " (ex-nw:Knoten_Wuppertal_3562_geometry)", "dateprops": [], "properties": {"http://rdfs.org/ns/void#inDataset.value": "4635"}, "geometry": {"type": "Point", "coordinates": [7.1116186151, 51.2850334822, 257.19]}}, {"type": "Feature", "id": "https://registry.gdi-de.org/de.nw/radnetz/instances/Knoten_Wuppertal_6494_geometry", "name": " (ex-nw:Knoten_Wuppertal_6494_geometry)", "dateprops": [], "properties": {"http://rdfs.org/ns/void#inDataset.value": "4635"}, "geometry": {"type": "Point", "coordinates": [7.1767997157, 51.2650162265, 151.4]}}, {"type": "Feature", "id": "https://registry.gdi-de.org/de.nw/radnetz/instances/Knoten_Wuppertal_1189691255_geometry", "name": " (ex-nw:Knoten_Wuppertal_1189691255_geometry)", "dateprops": [], "properties": {"http://rdfs.org/ns/void#inDataset.value": "4635"}, "geometry": {"type": "Point", "coordinates": [7.2211313304, 51.2753191841, 161.39]}}, {"type": "Feature", "id": "https://registry.gdi-de.org/de.nw/radnetz/instances/Knoten_Wuppertal_3257_geometry", "name": " (ex-nw:Knoten_Wuppertal_3257_geometry)", "dateprops": [], "properties": {"http://rdfs.org/ns/void#inDataset.value": "4635"}, "geometry": {"type": "Point", "coordinates": [7.1020672007, 51.2542791566, 161.94]}}, {"type": "Feature", "id": "https://registry.gdi-de.org/de.nw/radnetz/instances/Knoten_Wuppertal_117250101_geometry", "name": " (ex-nw:Knoten_Wuppertal_117250101_geometry)", "dateprops": [], "properties": {"http://rdfs.org/ns/void#inDataset.value": "4635"}, "geometry": {"type": "Point", "coordinates": [7.0711398525, 51.2738478023, 165.2]}}, {"type": "Feature", "id": "https://registry.gdi-de.org/de.nw/radnetz/instances/Knoten_Wuppertal_8563_geometry", "name": " (ex-nw:Knoten_Wuppertal_8563_geometry)", "dateprops": [], "properties": {"http://rdfs.org/ns/void#inDataset.value": "4635"}, "geometry": {"type": "Point", "coordinates": [7.2231687444, 51.2754148454, 162.4]}}, {"type": "Feature", "id": "https://registry.gdi-de.org/de.nw/radnetz/instances/Knoten_Wuppertal_3171_geometry", "name": " (ex-nw:Knoten_Wuppertal_3171_geometry)", "dateprops": [], "properties": {"http://rdfs.org/ns/void#inDataset.value": "4635"}, "geometry": {"type": "Point", "coordinates": [7.0971274508, 51.2628241569, 252.29]}}, {"type": "Feature", "id": "https://registry.gdi-de.org/de.nw/radnetz/instances/Knoten_Wuppertal_8659_geometry", "name": " (ex-nw:Knoten_Wuppertal_8659_geometry)", "dateprops": [], "properties": {"http://rdfs.org/ns/void#inDataset.value": "4635"}, "geometry": {"type": "Point", "coordinates": [7.2268223725, 51.2529312431, 196.72]}}, {"type": "Feature", "id": "https://registry.gdi-de.org/de.nw/radnetz/instances/Knoten_Wuppertal_11028_geometry", "name": " (ex-nw:Knoten_Wuppertal_11028_geometry)", "dateprops": [], "properties": {"http://rdfs.org/ns/void#inDataset.value": "4635"}, "geometry": {"type": "Point", "coordinates": [7.2286437157, 51.2733200847, 173.11]}}, {"type": "Feature", "id": "https://registry.gdi-de.org/de.nw/radnetz/instances/Knoten_Wuppertal_113420102_geometry", "name": " (ex-nw:Knoten_Wuppertal_113420102_geometry)", "dateprops": [], "properties": {"http://rdfs.org/ns/void#inDataset.value": "4635"}, "geometry": {"type": "Point", "coordinates": [7.0853242583, 51.2339786729, 149.94]}}, {"type": "Feature", "id": "https://registry.gdi-de.org/de.nw/radnetz/instances/Knoten_Wuppertal_60231_geometry", "name": " (ex-nw:Knoten_Wuppertal_60231_geometry)", "dateprops": [], "properties": {"http://rdfs.org/ns/void#inDataset.value": "4635"}, "geometry": {"type": "Point", "coordinates": [7.1231959616, 51.262103258, 176.56]}}, {"type": "Feature", "id": "https://registry.gdi-de.org/de.nw/radnetz/instances/Knoten_Wuppertal_4404_geometry", "name": " (ex-nw:Knoten_Wuppertal_4404_geometry)", "dateprops": [], "properties": {"http://rdfs.org/ns/void#inDataset.value": "4635"}, "geometry": {"type": "Point", "coordinates": [7.1310598602, 51.2735139466, 256.47]}}, {"type": "Feature", "id": "https://registry.gdi-de.org/de.nw/radnetz/instances/Knoten_Wuppertal_1189691377_geometry", "name": " (ex-nw:Knoten_Wuppertal_1189691377_geometry)", "dateprops": [], "properties": {"http://rdfs.org/ns/void#inDataset.value": "4635"}, "geometry": {"type": "Point", "coordinates": [7.2112441312, 51.2777896595, 185.4]}}, {"type": "Feature", "id": "https://registry.gdi-de.org/de.nw/radnetz/instances/Knoten_Wuppertal_5292_geometry", "name": " (ex-nw:Knoten_Wuppertal_5292_geometry)", "dateprops": [], "properties": {"http://rdfs.org/ns/void#inDataset.value": "4635"}, "geometry": {"type": "Point", "coordinates": [7.1485745326, 51.2555279468, 147.52]}}, {"type": "Feature", "id": "https://registry.gdi-de.org/de.nw/radnetz/instances/Knoten_Wuppertal_60237_geometry", "name": " (ex-nw:Knoten_Wuppertal_60237_geometry)", "dateprops": [], "properties": {"http://rdfs.org/ns/void#inDataset.value": "4635"}, "geometry": {"type": "Point", "coordinates": [7.1341561015, 51.2657623436, 176.98]}}, {"type": "Feature", "id": "https://registry.gdi-de.org/de.nw/radnetz/instances/Knoten_Wuppertal_9779_geometry", "name": " (ex-nw:Knoten_Wuppertal_9779_geometry)", "dateprops": [], "properties": {"http://rdfs.org/ns/void#inDataset.value": "4635"}, "geometry": {"type": "Point", "coordinates": [7.2767032125, 51.2591984572, 187.44]}}, {"type": "Feature", "id": "https://registry.gdi-de.org/de.nw/radnetz/instances/Knoten_Wuppertal_9311_geometry", "name": " (ex-nw:Knoten_Wuppertal_9311_geometry)", "dateprops": [], "properties": {"http://rdfs.org/ns/void#inDataset.value": "4635"}, "geometry": {"type": "Point", "coordinates": [7.2496202886, 51.2845976463, 205.23]}}, {"type": "Feature", "id": "https://registry.gdi-de.org/de.nw/radnetz/instances/Knoten_Wuppertal_111810701_geometry", "name": " (ex-nw:Knoten_Wuppertal_111810701_geometry)", "dateprops": [], "properties": {"http://rdfs.org/ns/void#inDataset.value": "4635"}, "geometry": {"type": "Point", "coordinates": [7.2064370343, 51.2725257258, 156.91]}}, {"type": "Feature", "id": "https://registry.gdi-de.org/de.nw/radnetz/instances/Knoten_Wuppertal_2633_geometry", "name": " (ex-nw:Knoten_Wuppertal_2633_geometry)", "dateprops": [], "properties": {"http://rdfs.org/ns/void#inDataset.value": "4635"}, "geometry": {"type": "Point", "coordinates": [7.0723284746, 51.2275839794, 193.61]}}, {"type": "Feature", "id": "https://registry.gdi-de.org/de.nw/radnetz/instances/Knoten_Wuppertal_9500_geometry", "name": " (ex-nw:Knoten_Wuppertal_9500_geometry)", "dateprops": [], "properties": {"http://rdfs.org/ns/void#inDataset.value": "4635"}, "geometry": {"type": "Point", "coordinates": [7.2573887427, 51.2832620162, 181.25]}}, {"type": "Feature", "id": "https://registry.gdi-de.org/de.nw/radnetz/instances/Knoten_Wuppertal_8951_geometry", "name": " (ex-nw:Knoten_Wuppertal_8951_geometry)", "dateprops": [], "properties": {"http://rdfs.org/ns/void#inDataset.value": "4635"}, "geometry": {"type": "Point", "coordinates": [7.2364472649, 51.2632141693, 169.26]}}, {"type": "Feature", "id": "https://registry.gdi-de.org/de.nw/radnetz/instances/Knoten_Wuppertal_5722_geometry", "name": " (ex-nw:Knoten_Wuppertal_5722_geometry)", "dateprops": [], "properties": {"http://rdfs.org/ns/void#inDataset.value": "4635"}, "geometry": {"type": "Point", "coordinates": [7.1564559415, 51.2514252235, 184.07]}}, {"type": "Feature", "id": "https://registry.gdi-de.org/de.nw/radnetz/instances/Knoten_Wuppertal_114310102_geometry", "name": " (ex-nw:Knoten_Wuppertal_114310102_geometry)", "dateprops": [], "properties": {"http://rdfs.org/ns/void#inDataset.value": "4635"}, "geometry": {"type": "Point", "coordinates": [7.1165910096, 51.2019104959, 248.39]}}, {"type": "Feature", "id": "https://registry.gdi-de.org/de.nw/radnetz/instances/Knoten_Wuppertal_4935_geometry", "name": " (ex-nw:Knoten_Wuppertal_4935_geometry)", "dateprops": [], "properties": {"http://rdfs.org/ns/void#inDataset.value": "4635"}, "geometry": {"type": "Point", "coordinates": [7.1430018349, 51.2546994662, 144.78]}}, {"type": "Feature", "id": "https://registry.gdi-de.org/de.nw/radnetz/instances/Knoten_Wuppertal_2629_geometry", "name": " (ex-nw:Knoten_Wuppertal_2629_geometry)", "dateprops": [], "properties": {"http://rdfs.org/ns/void#inDataset.value": "4635"}, "geometry": {"type": "Point", "coordinates": [7.0722308478, 51.226644381, 195.63]}}, {"type": "Feature", "id": "https://registry.gdi-de.org/de.nw/radnetz/instances/Knoten_Wuppertal_60234_geometry", "name": " (ex-nw:Knoten_Wuppertal_60234_geometry)", "dateprops": [], "properties": {"http://rdfs.org/ns/void#inDataset.value": "4635"}, "geometry": {"type": "Point", "coordinates": [7.124420181, 51.2621781798, 176.62]}}, {"type": "Feature", "id": "https://registry.gdi-de.org/de.nw/radnetz/instances/Knoten_Wuppertal_60308_geometry", "name": " (ex-nw:Knoten_Wuppertal_60308_geometry)", "dateprops": [], "properties": {"http://rdfs.org/ns/void#inDataset.value": "4635"}, "geometry": {"type": "Point", "coordinates": [7.1182388797, 51.2345780345, 239.75]}}, {"type": "Feature", "id": "https://registry.gdi-de.org/de.nw/radnetz/instances/Knoten_Wuppertal_82080101_geometry", "name": " (ex-nw:Knoten_Wuppertal_82080101_geometry)", "dateprops": [], "properties": {"http://rdfs.org/ns/void#inDataset.value": "4635"}, "geometry": {"type": "Point", "coordinates": [7.2754875664, 51.2597933536, 185.55]}}, {"type": "Feature", "id": "https://registry.gdi-de.org/de.nw/radnetz/instances/Knoten_Wuppertal_114210101_geometry", "name": " (ex-nw:Knoten_Wuppertal_114210101_geometry)", "dateprops": [], "properties": {"http://rdfs.org/ns/void#inDataset.value": "4635"}, "geometry": {"type": "Point", "coordinates": [7.1313778714, 51.1993374557, 262.95]}}, {"type": "Feature", "id": "https://registry.gdi-de.org/de.nw/radnetz/instances/Knoten_Wuppertal_1189690296_geometry", "name": " (ex-nw:Knoten_Wuppertal_1189690296_geometry)", "dateprops": [], "properties": {"http://rdfs.org/ns/void#inDataset.value": "4635"}, "geometry": {"type": "Point", "coordinates": [7.1458424582, 51.2631794415, 161.43]}}, {"type": "Feature", "id": "https://registry.gdi-de.org/de.nw/radnetz/instances/Knoten_Wuppertal_60096_geometry", "name": " (ex-nw:Knoten_Wuppertal_60096_geometry)", "dateprops": [], "properties": {"http://rdfs.org/ns/void#inDataset.value": "4635"}, "geometry": {"type": "Point", "coordinates": [7.2190571895, 51.2364005846, 313.6]}}, {"type": "Feature", "id": "https://registry.gdi-de.org/de.nw/radnetz/instances/Knoten_Wuppertal_2175_geometry", "name": " (ex-nw:Knoten_Wuppertal_2175_geometry)", "dateprops": [], "properties": {"http://rdfs.org/ns/void#inDataset.value": "4635"}, "geometry": {"type": "Point", "coordinates": [7.049113616, 51.2194987888, 174.88]}}, {"type": "Feature", "id": "https://registry.gdi-de.org/de.nw/radnetz/instances/Knoten_Wuppertal_112360101_geometry", "name": " (ex-nw:Knoten_Wuppertal_112360101_geometry)", "dateprops": [], "properties": {"http://rdfs.org/ns/void#inDataset.value": "4635"}, "geometry": {"type": "Point", "coordinates": [7.1676382404, 51.2399131247, 323.2]}}, {"type": "Feature", "id": "https://registry.gdi-de.org/de.nw/radnetz/instances/Knoten_Wuppertal_112330101_geometry", "name": " (ex-nw:Knoten_Wuppertal_112330101_geometry)", "dateprops": [], "properties": {"http://rdfs.org/ns/void#inDataset.value": "4635"}, "geometry": {"type": "Point", "coordinates": [7.1604496904, 51.2515936764, 210.74]}}, {"type": "Feature", "id": "https://registry.gdi-de.org/de.nw/radnetz/instances/Knoten_Wuppertal_113060204_geometry", "name": " (ex-nw:Knoten_Wuppertal_113060204_geometry)", "dateprops": [], "properties": {"http://rdfs.org/ns/void#inDataset.value": "4635"}, "geometry": {"type": "Point", "coordinates": [7.1026754567, 51.2379447423, 137.42]}}, {"type": "Feature", "id": "https://registry.gdi-de.org/de.nw/radnetz/instances/Knoten_Wuppertal_113550101_geometry", "name": " (ex-nw:Knoten_Wuppertal_113550101_geometry)", "dateprops": [], "properties": {"http://rdfs.org/ns/void#inDataset.value": "4635"}, "geometry": {"type": "Point", "coordinates": [7.0624342509, 51.224667926, 202.02]}}, {"type": "Feature", "id": "https://registry.gdi-de.org/de.nw/radnetz/instances/Knoten_Wuppertal_112170101_geometry", "name": " (ex-nw:Knoten_Wuppertal_112170101_geometry)", "dateprops": [], "properties": {"http://rdfs.org/ns/void#inDataset.value": "4635"}, "geometry": {"type": "Point", "coordinates": [7.162572337, 51.278130267, 197.57]}}, {"type": "Feature", "id": "https://registry.gdi-de.org/de.nw/radnetz/instances/Knoten_Wuppertal_1189691287_geometry", "name": " (ex-nw:Knoten_Wuppertal_1189691287_geometry)", "dateprops": [], "properties": {"http://rdfs.org/ns/void#inDataset.value": "4635"}, "geometry": {"type": "Point", "coordinates": [7.1073153565, 51.1896360799, 129.97]}}, {"type": "Feature", "id": "https://registry.gdi-de.org/de.nw/radnetz/instances/Knoten_Wuppertal_119580101_geometry", "name": " (ex-nw:Knoten_Wuppertal_119580101_geometry)", "dateprops": [], "properties": {"http://rdfs.org/ns/void#inDataset.value": "4635"}, "geometry": {"type": "Point", "coordinates": [7.055167394, 51.2339611437, 206.14]}}, {"type": "Feature", "id": "https://registry.gdi-de.org/de.nw/radnetz/instances/Knoten_Wuppertal_3212_geometry", "name": " (ex-nw:Knoten_Wuppertal_3212_geometry)", "dateprops": [], "properties": {"http://rdfs.org/ns/void#inDataset.value": "4635"}, "geometry": {"type": "Point", "coordinates": [7.0991107358, 51.2651847929, 244.52]}}, {"type": "Feature", "id": "https://registry.gdi-de.org/de.nw/radnetz/instances/Knoten_Wuppertal_3938_geometry", "name": " (ex-nw:Knoten_Wuppertal_3938_geometry)", "dateprops": [], "properties": {"http://rdfs.org/ns/void#inDataset.value": "4635"}, "geometry": {"type": "Point", "coordinates": [7.1226371543, 51.2772338925, 245.25]}}, {"type": "Feature", "id": "https://registry.gdi-de.org/de.nw/radnetz/instances/Knoten_Wuppertal_4221_geometry", "name": " (ex-nw:Knoten_Wuppertal_4221_geometry)", "dateprops": [], "properties": {"http://rdfs.org/ns/void#inDataset.value": "4635"}, "geometry": {"type": "Point", "coordinates": [7.1311983035, 51.1980938398, 260.04]}}, {"type": "Feature", "id": "https://registry.gdi-de.org/de.nw/radnetz/instances/Knoten_Wuppertal_7126_geometry", "name": " (ex-nw:Knoten_Wuppertal_7126_geometry)", "dateprops": [], "properties": {"http://rdfs.org/ns/void#inDataset.value": "4635"}, "geometry": {"type": "Point", "coordinates": [7.194275296, 51.2355355487, 339.59]}}, {"type": "Feature", "id": "https://registry.gdi-de.org/de.nw/radnetz/instances/Knoten_Wuppertal_9768_geometry", "name": " (ex-nw:Knoten_Wuppertal_9768_geometry)", "dateprops": [], "properties": {"http://rdfs.org/ns/void#inDataset.value": "4635"}, "geometry": {"type": "Point", "coordinates": [7.2779646736, 51.2120473482, 322.71]}}, {"type": "Feature", "id": "https://registry.gdi-de.org/de.nw/radnetz/instances/Knoten_Wuppertal_9310_geometry", "name": " (ex-nw:Knoten_Wuppertal_9310_geometry)", "dateprops": [], "properties": {"http://rdfs.org/ns/void#inDataset.value": "4635"}, "geometry": {"type": "Point", "coordinates": [7.2506623866, 51.2555026032, 176.21]}}, {"type": "Feature", "id": "https://registry.gdi-de.org/de.nw/radnetz/instances/Knoten_Wuppertal_110620102_geometry", "name": " (ex-nw:Knoten_Wuppertal_110620102_geometry)", "dateprops": [], "properties": {"http://rdfs.org/ns/void#inDataset.value": "4635"}, "geometry": {"type": "Point", "coordinates": [7.0733676506, 51.2653105308, 188.38]}}, {"type": "Feature", "id": "https://registry.gdi-de.org/de.nw/radnetz/instances/Knoten_Wuppertal_116730101_geometry", "name": " (ex-nw:Knoten_Wuppertal_116730101_geometry)", "dateprops": [], "properties": {"http://rdfs.org/ns/void#inDataset.value": "4635"}, "geometry": {"type": "Point", "coordinates": [7.2319573596, 51.2698362443, 163.28]}}, {"type": "Feature", "id": "https://registry.gdi-de.org/de.nw/radnetz/instances/Knoten_Wuppertal_1189691385_geometry", "name": " (ex-nw:Knoten_Wuppertal_1189691385_geometry)", "dateprops": [], "properties": {"http://rdfs.org/ns/void#inDataset.value": "4635"}, "geometry": {"type": "Point", "coordinates": [7.0729233757, 51.2540353682, 188.5]}}, {"type": "Feature", "id": "https://registry.gdi-de.org/de.nw/radnetz/instances/Knoten_Wuppertal_9444_geometry", "name": " (ex-nw:Knoten_Wuppertal_9444_geometry)", "dateprops": [], "properties": {"http://rdfs.org/ns/void#inDataset.value": "4635"}, "geometry": {"type": "Point", "coordinates": [7.2542283754, 51.2829089506, 180.42]}}, {"type": "Feature", "id": "https://registry.gdi-de.org/de.nw/radnetz/instances/Knoten_Wuppertal_113810204_geometry", "name": " (ex-nw:Knoten_Wuppertal_113810204_geometry)", "dateprops": [], "properties": {"http://rdfs.org/ns/void#inDataset.value": "4635"}, "geometry": {"type": "Point", "coordinates": [7.1248263519, 51.2495157284, 139.94]}}, {"type": "Feature", "id": "https://registry.gdi-de.org/de.nw/radnetz/instances/Knoten_Wuppertal_1189691226_geometry", "name": " (ex-nw:Knoten_Wuppertal_1189691226_geometry)", "dateprops": [], "properties": {"http://rdfs.org/ns/void#inDataset.value": "4635"}, "geometry": {"type": "Point", "coordinates": [7.1663880031, 51.239809925, 325.08]}}, {"type": "Feature", "id": "https://registry.gdi-de.org/de.nw/radnetz/instances/Knoten_Wuppertal_121990101_geometry", "name": " (ex-nw:Knoten_Wuppertal_121990101_geometry)", "dateprops": [], "properties": {"http://rdfs.org/ns/void#inDataset.value": "4635"}, "geometry": {"type": "Point", "coordinates": [7.2354200873, 51.2247565494, 299.85]}}, {"type": "Feature", "id": "https://registry.gdi-de.org/de.nw/radnetz/instances/Knoten_Wuppertal_8817_geometry", "name": " (ex-nw:Knoten_Wuppertal_8817_geometry)", "dateprops": [], "properties": {"http://rdfs.org/ns/void#inDataset.value": "4635"}, "geometry": {"type": "Point", "coordinates": [7.2321517907, 51.2696038242, 163.53]}}, {"type": "Feature", "id": "https://registry.gdi-de.org/de.nw/radnetz/instances/Knoten_Wuppertal_8651_geometry", "name": " (ex-nw:Knoten_Wuppertal_8651_geometry)", "dateprops": [], "properties": {"http://rdfs.org/ns/void#inDataset.value": "4635"}, "geometry": {"type": "Point", "coordinates": [7.2267115278, 51.2476997814, 231.29]}}, {"type": "Feature", "id": "https://registry.gdi-de.org/de.nw/radnetz/instances/Knoten_Wuppertal_138860101_geometry", "name": " (ex-nw:Knoten_Wuppertal_138860101_geometry)", "dateprops": [], "properties": {"http://rdfs.org/ns/void#inDataset.value": "4635"}, "geometry": {"type": "Point", "coordinates": [7.0279798282, 51.2058374511, 175.94]}}, {"type": "Feature", "id": "https://registry.gdi-de.org/de.nw/radnetz/instances/Knoten_Wuppertal_2467_geometry", "name": " (ex-nw:Knoten_Wuppertal_2467_geometry)", "dateprops": [], "properties": {"http://rdfs.org/ns/void#inDataset.value": "4635"}, "geometry": {"type": "Point", "coordinates": [7.0659193506, 51.2259812813, 200.96]}}, {"type": "Feature", "id": "https://registry.gdi-de.org/de.nw/radnetz/instances/Knoten_Wuppertal_110670102_geometry", "name": " (ex-nw:Knoten_Wuppertal_110670102_geometry)", "dateprops": [], "properties": {"http://rdfs.org/ns/void#inDataset.value": "4635"}, "geometry": {"type": "Point", "coordinates": [7.1065936612, 51.2560914727, 164.39]}}, {"type": "Feature", "id": "https://registry.gdi-de.org/de.nw/radnetz/instances/Knoten_Wuppertal_5989_geometry", "name": " (ex-nw:Knoten_Wuppertal_5989_geometry)", "dateprops": [], "properties": {"http://rdfs.org/ns/void#inDataset.value": "4635"}, "geometry": {"type": "Point", "coordinates": [7.163183749, 51.2186935013, 213.65]}}, {"type": "Feature", "id": "https://registry.gdi-de.org/de.nw/radnetz/instances/Knoten_Wuppertal_3157_geometry", "name": " (ex-nw:Knoten_Wuppertal_3157_geometry)", "dateprops": [], "properties": {"http://rdfs.org/ns/void#inDataset.value": "4635"}, "geometry": {"type": "Point", "coordinates": [7.0975331396, 51.2367211751, 136.7]}}, {"type": "Feature", "id": "https://registry.gdi-de.org/de.nw/radnetz/instances/Knoten_Wuppertal_1189691172_geometry", "name": " (ex-nw:Knoten_Wuppertal_1189691172_geometry)", "dateprops": [], "properties": {"http://rdfs.org/ns/void#inDataset.value": "4635"}, "geometry": {"type": "Point", "coordinates": [7.1124889805, 51.2494351723, 137.74]}}, {"type": "Feature", "id": "https://registry.gdi-de.org/de.nw/radnetz/instances/Knoten_Wuppertal_5256_geometry", "name": " (ex-nw:Knoten_Wuppertal_5256_geometry)", "dateprops": [], "properties": {"http://rdfs.org/ns/void#inDataset.value": "4635"}, "geometry": {"type": "Point", "coordinates": [7.1477132063, 51.2623158199, 149.22]}}, {"type": "Feature", "id": "https://registry.gdi-de.org/de.nw/radnetz/instances/Knoten_Wuppertal_3515_geometry", "name": " (ex-nw:Knoten_Wuppertal_3515_geometry)", "dateprops": [], "properties": {"http://rdfs.org/ns/void#inDataset.value": "4635"}, "geometry": {"type": "Point", "coordinates": [7.1109446021, 51.2618487728, 199.74]}}, {"type": "Feature", "id": "https://registry.gdi-de.org/de.nw/radnetz/instances/Knoten_Wuppertal_1189691306_geometry", "name": " (ex-nw:Knoten_Wuppertal_1189691306_geometry)", "dateprops": [], "properties": {"http://rdfs.org/ns/void#inDataset.value": "4635"}, "geometry": {"type": "Point", "coordinates": [7.1665015746, 51.2020621844, 162.21]}}, {"type": "Feature", "id": "https://registry.gdi-de.org/de.nw/radnetz/instances/Knoten_Wuppertal_60204_geometry", "name": " (ex-nw:Knoten_Wuppertal_60204_geometry)", "dateprops": [], "properties": {"http://rdfs.org/ns/void#inDataset.value": "4635"}, "geometry": {"type": "Point", "coordinates": [7.195694733, 51.2734470758, 182.86]}}, {"type": "Feature", "id": "https://registry.gdi-de.org/de.nw/radnetz/instances/Knoten_Wuppertal_7012_geometry", "name": " (ex-nw:Knoten_Wuppertal_7012_geometry)", "dateprops": [], "properties": {"http://rdfs.org/ns/void#inDataset.value": "4635"}, "geometry": {"type": "Point", "coordinates": [7.1903754181, 51.2795968486, 190.38]}}, {"type": "Feature", "id": "https://registry.gdi-de.org/de.nw/radnetz/instances/Knoten_Wuppertal_1189691353_geometry", "name": " (ex-nw:Knoten_Wuppertal_1189691353_geometry)", "dateprops": [], "properties": {"http://rdfs.org/ns/void#inDataset.value": "4635"}, "geometry": {"type": "Point", "coordinates": [7.0314955845, 51.2376170712, 170.6]}}, {"type": "Feature", "id": "https://registry.gdi-de.org/de.nw/radnetz/instances/Knoten_Wuppertal_3192_geometry", "name": " (ex-nw:Knoten_Wuppertal_3192_geometry)", "dateprops": [], "properties": {"http://rdfs.org/ns/void#inDataset.value": "4635"}, "geometry": {"type": "Point", "coordinates": [7.0988295723, 51.2531091079, 174.83]}}, {"type": "Feature", "id": "https://registry.gdi-de.org/de.nw/radnetz/instances/Knoten_Wuppertal_5056_geometry", "name": " (ex-nw:Knoten_Wuppertal_5056_geometry)", "dateprops": [], "properties": {"http://rdfs.org/ns/void#inDataset.value": "4635"}, "geometry": {"type": "Point", "coordinates": [7.145749544, 51.2275256275, 320.31]}}, {"type": "Feature", "id": "https://registry.gdi-de.org/de.nw/radnetz/instances/Knoten_Wuppertal_5596_geometry", "name": " (ex-nw:Knoten_Wuppertal_5596_geometry)", "dateprops": [], "properties": {"http://rdfs.org/ns/void#inDataset.value": "4635"}, "geometry": {"type": "Point", "coordinates": [7.1547620885, 51.2392578531, 270.39]}}, {"type": "Feature", "id": "https://registry.gdi-de.org/de.nw/radnetz/instances/Knoten_Wuppertal_112480104_geometry", "name": " (ex-nw:Knoten_Wuppertal_112480104_geometry)", "dateprops": [], "properties": {"http://rdfs.org/ns/void#inDataset.value": "4635"}, "geometry": {"type": "Point", "coordinates": [7.1538278344, 51.2348710737, 326.24]}}, {"type": "Feature", "id": "https://registry.gdi-de.org/de.nw/radnetz/instances/Knoten_Wuppertal_3011_geometry", "name": " (ex-nw:Knoten_Wuppertal_3011_geometry)", "dateprops": [], "properties": {"http://rdfs.org/ns/void#inDataset.value": "4635"}, "geometry": {"type": "Point", "coordinates": [7.0911402458, 51.2374953702, 132.46]}}, {"type": "Feature", "id": "https://registry.gdi-de.org/de.nw/radnetz/instances/Knoten_Wuppertal_60267_geometry", "name": " (ex-nw:Knoten_Wuppertal_60267_geometry)", "dateprops": [], "properties": {"http://rdfs.org/ns/void#inDataset.value": "4635"}, "geometry": {"type": "Point", "coordinates": [7.213101617, 51.2774542699, 187.29]}}, {"type": "Feature", "id": "https://registry.gdi-de.org/de.nw/radnetz/instances/Knoten_Wuppertal_6305_geometry", "name": " (ex-nw:Knoten_Wuppertal_6305_geometry)", "dateprops": [], "properties": {"http://rdfs.org/ns/void#inDataset.value": "4635"}, "geometry": {"type": "Point", "coordinates": [7.1694849929, 51.2807327064, 205.6]}}, {"type": "Feature", "id": "https://registry.gdi-de.org/de.nw/radnetz/instances/Knoten_Wuppertal_8774_geometry", "name": " (ex-nw:Knoten_Wuppertal_8774_geometry)", "dateprops": [], "properties": {"http://rdfs.org/ns/void#inDataset.value": "4635"}, "geometry": {"type": "Point", "coordinates": [7.2305547626, 51.2759678723, 165.24]}}, {"type": "Feature", "id": "https://registry.gdi-de.org/de.nw/radnetz/instances/Knoten_Wuppertal_8891_geometry", "name": " (ex-nw:Knoten_Wuppertal_8891_geometry)", "dateprops": [], "properties": {"http://rdfs.org/ns/void#inDataset.value": "4635"}, "geometry": {"type": "Point", "coordinates": [7.2355355373, 51.2384901278, 289.99]}}, {"type": "Feature", "id": "https://registry.gdi-de.org/de.nw/radnetz/instances/Knoten_Wuppertal_8755_geometry", "name": " (ex-nw:Knoten_Wuppertal_8755_geometry)", "dateprops": [], "properties": {"http://rdfs.org/ns/void#inDataset.value": "4635"}, "geometry": {"type": "Point", "coordinates": [7.2297372784, 51.2758330845, 167.31]}}, {"type": "Feature", "id": "https://registry.gdi-de.org/de.nw/radnetz/instances/Knoten_Wuppertal_1189690547_geometry", "name": " (ex-nw:Knoten_Wuppertal_1189690547_geometry)", "dateprops": [], "properties": {"http://rdfs.org/ns/void#inDataset.value": "4635"}, "geometry": {"type": "Point", "coordinates": [7.0903698742, 51.2449157743, 151.42]}}, {"type": "Feature", "id": "https://registry.gdi-de.org/de.nw/radnetz/instances/Knoten_Wuppertal_2301_geometry", "name": " (ex-nw:Knoten_Wuppertal_2301_geometry)", "dateprops": [], "properties": {"http://rdfs.org/ns/void#inDataset.value": "4635"}, "geometry": {"type": "Point", "coordinates": [7.0593628424, 51.2177771328, 235.27]}}, {"type": "Feature", "id": "https://registry.gdi-de.org/de.nw/radnetz/instances/Knoten_Wuppertal_3793_geometry", "name": " (ex-nw:Knoten_Wuppertal_3793_geometry)", "dateprops": [], "properties": {"http://rdfs.org/ns/void#inDataset.value": "4635"}, "geometry": {"type": "Point", "coordinates": [7.1187247565, 51.2819543618, 280.36]}}, {"type": "Feature", "id": "https://registry.gdi-de.org/de.nw/radnetz/instances/Knoten_Wuppertal_60086_geometry", "name": " (ex-nw:Knoten_Wuppertal_60086_geometry)", "dateprops": [], "properties": {"http://rdfs.org/ns/void#inDataset.value": "4635"}, "geometry": {"type": "Point", "coordinates": [7.1806317238, 51.2431803882, 325.84]}}, {"type": "Feature", "id": "https://registry.gdi-de.org/de.nw/radnetz/instances/Knoten_Wuppertal_116480102_geometry", "name": " (ex-nw:Knoten_Wuppertal_116480102_geometry)", "dateprops": [], "properties": {"http://rdfs.org/ns/void#inDataset.value": "4635"}, "geometry": {"type": "Point", "coordinates": [7.2681557989, 51.2540042186, 180.47]}}, {"type": "Feature", "id": "https://registry.gdi-de.org/de.nw/radnetz/instances/Knoten_Wuppertal_115510101_geometry", "name": " (ex-nw:Knoten_Wuppertal_115510101_geometry)", "dateprops": [], "properties": {"http://rdfs.org/ns/void#inDataset.value": "4635"}, "geometry": {"type": "Point", "coordinates": [7.2305422257, 51.2554522433, 174.89]}}, {"type": "Feature", "id": "https://registry.gdi-de.org/de.nw/radnetz/instances/Knoten_Wuppertal_9129_geometry", "name": " (ex-nw:Knoten_Wuppertal_9129_geometry)", "dateprops": [], "properties": {"http://rdfs.org/ns/void#inDataset.value": "4635"}, "geometry": {"type": "Point", "coordinates": [7.2438441881, 51.2286623153, 259.82]}}, {"type": "Feature", "id": "https://registry.gdi-de.org/de.nw/radnetz/instances/Knoten_Wuppertal_115520101_geometry", "name": " (ex-nw:Knoten_Wuppertal_115520101_geometry)", "dateprops": [], "properties": {"http://rdfs.org/ns/void#inDataset.value": "4635"}, "geometry": {"type": "Point", "coordinates": [7.2270304056, 51.2531111702, 195.27]}}, {"type": "Feature", "id": "https://registry.gdi-de.org/de.nw/radnetz/instances/Knoten_Wuppertal_1189690538_geometry", "name": " (ex-nw:Knoten_Wuppertal_1189690538_geometry)", "dateprops": [], "properties": {"http://rdfs.org/ns/void#inDataset.value": "4635"}, "geometry": {"type": "Point", "coordinates": [7.0740948256, 51.2531329827, 186.15]}}, {"type": "Feature", "id": "https://registry.gdi-de.org/de.nw/radnetz/instances/Knoten_Wuppertal_3018_geometry", "name": " (ex-nw:Knoten_Wuppertal_3018_geometry)", "dateprops": [], "properties": {"http://rdfs.org/ns/void#inDataset.value": "4635"}, "geometry": {"type": "Point", "coordinates": [7.0906108381, 51.2586870978, 219.24]}}, {"type": "Feature", "id": "https://registry.gdi-de.org/de.nw/radnetz/instances/Knoten_Wuppertal_114010101_geometry", "name": " (ex-nw:Knoten_Wuppertal_114010101_geometry)", "dateprops": [], "properties": {"http://rdfs.org/ns/void#inDataset.value": "4635"}, "geometry": {"type": "Point", "coordinates": [7.1345022733, 51.207673567, 301.44]}}, {"type": "Feature", "id": "https://registry.gdi-de.org/de.nw/radnetz/instances/Knoten_Wuppertal_2997_geometry", "name": " (ex-nw:Knoten_Wuppertal_2997_geometry)", "dateprops": [], "properties": {"http://rdfs.org/ns/void#inDataset.value": "4635"}, "geometry": {"type": "Point", "coordinates": [7.0885245994, 51.2835545346, 195.15]}}, {"type": "Feature", "id": "https://registry.gdi-de.org/de.nw/radnetz/instances/Knoten_Wuppertal_114620102_geometry", "name": " (ex-nw:Knoten_Wuppertal_114620102_geometry)", "dateprops": [], "properties": {"http://rdfs.org/ns/void#inDataset.value": "4635"}, "geometry": {"type": "Point", "coordinates": [7.0990946376, 51.2653914829, 244.42]}}, {"type": "Feature", "id": "https://registry.gdi-de.org/de.nw/radnetz/instances/Knoten_Wuppertal_3285_geometry", "name": " (ex-nw:Knoten_Wuppertal_3285_geometry)", "dateprops": [], "properties": {"http://rdfs.org/ns/void#inDataset.value": "4635"}, "geometry": {"type": "Point", "coordinates": [7.1037487457, 51.2440062585, 137.47]}}, {"type": "Feature", "id": "https://registry.gdi-de.org/de.nw/radnetz/instances/Knoten_Wuppertal_116230103_geometry", "name": " (ex-nw:Knoten_Wuppertal_116230103_geometry)", "dateprops": [], "properties": {"http://rdfs.org/ns/void#inDataset.value": "4635"}, "geometry": {"type": "Point", "coordinates": [7.2440041787, 51.281490304, 175.46]}}, {"type": "Feature", "id": "https://registry.gdi-de.org/de.nw/radnetz/instances/Knoten_Wuppertal_6047_geometry", "name": " (ex-nw:Knoten_Wuppertal_6047_geometry)", "dateprops": [], "properties": {"http://rdfs.org/ns/void#inDataset.value": "4635"}, "geometry": {"type": "Point", "coordinates": [7.1623535212, 51.2785002539, 198.3]}}, {"type": "Feature", "id": "https://registry.gdi-de.org/de.nw/radnetz/instances/Knoten_Wuppertal_114310101_geometry", "name": " (ex-nw:Knoten_Wuppertal_114310101_geometry)", "dateprops": [], "properties": {"http://rdfs.org/ns/void#inDataset.value": "4635"}, "geometry": {"type": "Point", "coordinates": [7.1138414382, 51.200275464, 224.72]}}, {"type": "Feature", "id": "https://registry.gdi-de.org/de.nw/radnetz/instances/Knoten_Wuppertal_9397_geometry", "name": " (ex-nw:Knoten_Wuppertal_9397_geometry)", "dateprops": [], "properties": {"http://rdfs.org/ns/void#inDataset.value": "4635"}, "geometry": {"type": "Point", "coordinates": [7.2536214565, 51.2530903656, 192.15]}}, {"type": "Feature", "id": "https://registry.gdi-de.org/de.nw/radnetz/instances/Knoten_Wuppertal_4246_geometry", "name": " (ex-nw:Knoten_Wuppertal_4246_geometry)", "dateprops": [], "properties": {"http://rdfs.org/ns/void#inDataset.value": "4635"}, "geometry": {"type": "Point", "coordinates": [7.1313464722, 51.2028947051, 279.13]}}, {"type": "Feature", "id": "https://registry.gdi-de.org/de.nw/radnetz/instances/Knoten_Wuppertal_5115_geometry", "name": " (ex-nw:Knoten_Wuppertal_5115_geometry)", "dateprops": [], "properties": {"http://rdfs.org/ns/void#inDataset.value": "4635"}, "geometry": {"type": "Point", "coordinates": [7.1457097995, 51.2564531807, 142.45]}}, {"type": "Feature", "id": "https://registry.gdi-de.org/de.nw/radnetz/instances/Knoten_Wuppertal_119240101_geometry", "name": " (ex-nw:Knoten_Wuppertal_119240101_geometry)", "dateprops": [], "properties": {"http://rdfs.org/ns/void#inDataset.value": "4635"}, "geometry": {"type": "Point", "coordinates": [7.0442823227, 51.2306527524, 200.8]}}, {"type": "Feature", "id": "https://registry.gdi-de.org/de.nw/radnetz/instances/Knoten_Wuppertal_9528_geometry", "name": " (ex-nw:Knoten_Wuppertal_9528_geometry)", "dateprops": [], "properties": {"http://rdfs.org/ns/void#inDataset.value": "4635"}, "geometry": {"type": "Point", "coordinates": [7.2610862319, 51.2234920599, 308.23]}}, {"type": "Feature", "id": "https://registry.gdi-de.org/de.nw/radnetz/instances/Knoten_Wuppertal_60265_geometry", "name": " (ex-nw:Knoten_Wuppertal_60265_geometry)", "dateprops": [], "properties": {"http://rdfs.org/ns/void#inDataset.value": "4635"}, "geometry": {"type": "Point", "coordinates": [7.2057845097, 51.2783375289, 184.33]}}, {"type": "Feature", "id": "https://registry.gdi-de.org/de.nw/radnetz/instances/Knoten_Wuppertal_1189691359_geometry", "name": " (ex-nw:Knoten_Wuppertal_1189691359_geometry)", "dateprops": [], "properties": {"http://rdfs.org/ns/void#inDataset.value": "4635"}, "geometry": {"type": "Point", "coordinates": [7.0711300079, 51.285849334, 188.9]}}, {"type": "Feature", "id": "https://registry.gdi-de.org/de.nw/radnetz/instances/Knoten_Wuppertal_114620101_geometry", "name": " (ex-nw:Knoten_Wuppertal_114620101_geometry)", "dateprops": [], "properties": {"http://rdfs.org/ns/void#inDataset.value": "4635"}, "geometry": {"type": "Point", "coordinates": [7.0991032726, 51.2650122647, 244.56]}}, {"type": "Feature", "id": "https://registry.gdi-de.org/de.nw/radnetz/instances/Knoten_Wuppertal_2523_geometry", "name": " (ex-nw:Knoten_Wuppertal_2523_geometry)", "dateprops": [], "properties": {"http://rdfs.org/ns/void#inDataset.value": "4635"}, "geometry": {"type": "Point", "coordinates": [7.0683859965, 51.2353012516, 177.13]}}, {"type": "Feature", "id": "https://registry.gdi-de.org/de.nw/radnetz/instances/Knoten_Wuppertal_6023_geometry", "name": " (ex-nw:Knoten_Wuppertal_6023_geometry)", "dateprops": [], "properties": {"http://rdfs.org/ns/void#inDataset.value": "4635"}, "geometry": {"type": "Point", "coordinates": [7.1638052647, 51.2276262937, 234.94]}}, {"type": "Feature", "id": "https://registry.gdi-de.org/de.nw/radnetz/instances/Knoten_Wuppertal_111030101_geometry", "name": " (ex-nw:Knoten_Wuppertal_111030101_geometry)", "dateprops": [], "properties": {"http://rdfs.org/ns/void#inDataset.value": "4635"}, "geometry": {"type": "Point", "coordinates": [7.203507083, 51.2781587748, 172.76]}}, {"type": "Feature", "id": "https://registry.gdi-de.org/de.nw/radnetz/instances/Knoten_Wuppertal_5103_geometry", "name": " (ex-nw:Knoten_Wuppertal_5103_geometry)", "dateprops": [], "properties": {"http://rdfs.org/ns/void#inDataset.value": "4635"}, "geometry": {"type": "Point", "coordinates": [7.1451539744, 51.2663551478, 171.27]}}, {"type": "Feature", "id": "https://registry.gdi-de.org/de.nw/radnetz/instances/Knoten_Wuppertal_115540101_geometry", "name": " (ex-nw:Knoten_Wuppertal_115540101_geometry)", "dateprops": [], "properties": {"http://rdfs.org/ns/void#inDataset.value": "4635"}, "geometry": {"type": "Point", "coordinates": [7.2328373141, 51.241006637, 288.37]}}, {"type": "Feature", "id": "https://registry.gdi-de.org/de.nw/radnetz/instances/Knoten_Wuppertal_5428_geometry", "name": " (ex-nw:Knoten_Wuppertal_5428_geometry)", "dateprops": [], "properties": {"http://rdfs.org/ns/void#inDataset.value": "4635"}, "geometry": {"type": "Point", "coordinates": [7.1520125351, 51.2232124105, 327.71]}}, {"type": "Feature", "id": "https://registry.gdi-de.org/de.nw/radnetz/instances/Knoten_Wuppertal_60108_geometry", "name": " (ex-nw:Knoten_Wuppertal_60108_geometry)", "dateprops": [], "properties": {"http://rdfs.org/ns/void#inDataset.value": "4635"}, "geometry": {"type": "Point", "coordinates": [7.0756699282, 51.2347672395, 172.34]}}, {"type": "Feature", "id": "https://registry.gdi-de.org/de.nw/radnetz/instances/Knoten_Wuppertal_1189691282_geometry", "name": " (ex-nw:Knoten_Wuppertal_1189691282_geometry)", "dateprops": [], "properties": {"http://rdfs.org/ns/void#inDataset.value": "4635"}, "geometry": {"type": "Point", "coordinates": [7.1243475457, 51.177922131, 137.45]}}, {"type": "Feature", "id": "https://registry.gdi-de.org/de.nw/radnetz/instances/Knoten_Wuppertal_6067_geometry", "name": " (ex-nw:Knoten_Wuppertal_6067_geometry)", "dateprops": [], "properties": {"http://rdfs.org/ns/void#inDataset.value": "4635"}, "geometry": {"type": "Point", "coordinates": [7.1641108529, 51.2452233619, 248.57]}}, {"type": "Feature", "id": "https://registry.gdi-de.org/de.nw/radnetz/instances/Knoten_Wuppertal_5014_geometry", "name": " (ex-nw:Knoten_Wuppertal_5014_geometry)", "dateprops": [], "properties": {"http://rdfs.org/ns/void#inDataset.value": "4635"}, "geometry": {"type": "Point", "coordinates": [7.1437330865, 51.2662143389, 172.33]}}, {"type": "Feature", "id": "https://registry.gdi-de.org/de.nw/radnetz/instances/Knoten_Wuppertal_3026_geometry", "name": " (ex-nw:Knoten_Wuppertal_3026_geometry)", "dateprops": [], "properties": {"http://rdfs.org/ns/void#inDataset.value": "4635"}, "geometry": {"type": "Point", "coordinates": [7.0908696663, 51.2593318848, 226.03]}}, {"type": "Feature", "id": "https://registry.gdi-de.org/de.nw/radnetz/instances/Knoten_Wuppertal_8905_geometry", "name": " (ex-nw:Knoten_Wuppertal_8905_geometry)", "dateprops": [], "properties": {"http://rdfs.org/ns/void#inDataset.value": "4635"}, "geometry": {"type": "Point", "coordinates": [7.2360355125, 51.2337072088, 300.85]}}, {"type": "Feature", "id": "https://registry.gdi-de.org/de.nw/radnetz/instances/Knoten_Wuppertal_2615_geometry", "name": " (ex-nw:Knoten_Wuppertal_2615_geometry)", "dateprops": [], "properties": {"http://rdfs.org/ns/void#inDataset.value": "4635"}, "geometry": {"type": "Point", "coordinates": [7.0709851244, 51.2443963199, 203.25]}}, {"type": "Feature", "id": "https://registry.gdi-de.org/de.nw/radnetz/instances/Knoten_Wuppertal_2725_geometry", "name": " (ex-nw:Knoten_Wuppertal_2725_geometry)", "dateprops": [], "properties": {"http://rdfs.org/ns/void#inDataset.value": "4635"}, "geometry": {"type": "Point", "coordinates": [7.0755027593, 51.2308938059, 174.16]}}, {"type": "Feature", "id": "https://registry.gdi-de.org/de.nw/radnetz/instances/Knoten_Wuppertal_3193_geometry", "name": " (ex-nw:Knoten_Wuppertal_3193_geometry)", "dateprops": [], "properties": {"http://rdfs.org/ns/void#inDataset.value": "4635"}, "geometry": {"type": "Point", "coordinates": [7.0984157131, 51.2631852058, 248.64]}}, {"type": "Feature", "id": "https://registry.gdi-de.org/de.nw/radnetz/instances/Knoten_Wuppertal_9182_geometry", "name": " (ex-nw:Knoten_Wuppertal_9182_geometry)", "dateprops": [], "properties": {"http://rdfs.org/ns/void#inDataset.value": "4635"}, "geometry": {"type": "Point", "coordinates": [7.2438814767, 51.2818390897, 177.74]}}, {"type": "Feature", "id": "https://registry.gdi-de.org/de.nw/radnetz/instances/Knoten_Wuppertal_1189691141_geometry", "name": " (ex-nw:Knoten_Wuppertal_1189691141_geometry)", "dateprops": [], "properties": {"http://rdfs.org/ns/void#inDataset.value": "4635"}, "geometry": {"type": "Point", "coordinates": [7.1185396671, 51.2491916342, 138.66]}}, {"type": "Feature", "id": "https://registry.gdi-de.org/de.nw/radnetz/instances/Knoten_Wuppertal_6771_geometry", "name": " (ex-nw:Knoten_Wuppertal_6771_geometry)", "dateprops": [], "properties": {"http://rdfs.org/ns/void#inDataset.value": "4635"}, "geometry": {"type": "Point", "coordinates": [7.1849467888, 51.2667692999, 152.51]}}, {"type": "Feature", "id": "https://registry.gdi-de.org/de.nw/radnetz/instances/Knoten_Wuppertal_121350101_geometry", "name": " (ex-nw:Knoten_Wuppertal_121350101_geometry)", "dateprops": [], "properties": {"http://rdfs.org/ns/void#inDataset.value": "4635"}, "geometry": {"type": "Point", "coordinates": [7.2207129166, 51.2193454008, 275.88]}}, {"type": "Feature", "id": "https://registry.gdi-de.org/de.nw/radnetz/instances/Knoten_Wuppertal_5788_geometry", "name": " (ex-nw:Knoten_Wuppertal_5788_geometry)", "dateprops": [], "properties": {"http://rdfs.org/ns/void#inDataset.value": "4635"}, "geometry": {"type": "Point", "coordinates": [7.1573417144, 51.257578937, 145.82]}}, {"type": "Feature", "id": "https://registry.gdi-de.org/de.nw/radnetz/instances/Knoten_Wuppertal_6949_geometry", "name": " (ex-nw:Knoten_Wuppertal_6949_geometry)", "dateprops": [], "properties": {"http://rdfs.org/ns/void#inDataset.value": "4635"}, "geometry": {"type": "Point", "coordinates": [7.1906125292, 51.2434770573, 342.5]}}, {"type": "Feature", "id": "https://registry.gdi-de.org/de.nw/radnetz/instances/Knoten_Wuppertal_8356_geometry", "name": " (ex-nw:Knoten_Wuppertal_8356_geometry)", "dateprops": [], "properties": {"http://rdfs.org/ns/void#inDataset.value": "4635"}, "geometry": {"type": "Point", "coordinates": [7.2178367285, 51.2765643339, 164.4]}}, {"type": "Feature", "id": "https://registry.gdi-de.org/de.nw/radnetz/instances/Knoten_Wuppertal_2300_geometry", "name": " (ex-nw:Knoten_Wuppertal_2300_geometry)", "dateprops": [], "properties": {"http://rdfs.org/ns/void#inDataset.value": "4635"}, "geometry": {"type": "Point", "coordinates": [7.0594591704, 51.2142191015, 246.93]}}, {"type": "Feature", "id": "https://registry.gdi-de.org/de.nw/radnetz/instances/Knoten_Wuppertal_6262_geometry", "name": " (ex-nw:Knoten_Wuppertal_6262_geometry)", "dateprops": [], "properties": {"http://rdfs.org/ns/void#inDataset.value": "4635"}, "geometry": {"type": "Point", "coordinates": [7.1682534991, 51.2796396418, 202.11]}}, {"type": "Feature", "id": "https://registry.gdi-de.org/de.nw/radnetz/instances/Knoten_Wuppertal_112810101_geometry", "name": " (ex-nw:Knoten_Wuppertal_112810101_geometry)", "dateprops": [], "properties": {"http://rdfs.org/ns/void#inDataset.value": "4635"}, "geometry": {"type": "Point", "coordinates": [7.1326781697, 51.2797815905, 295.97]}}, {"type": "Feature", "id": "https://registry.gdi-de.org/de.nw/radnetz/instances/Knoten_Wuppertal_node_bf2f8c92ad1a_geometry", "name": " (ex-nw:Knoten_Wuppertal_node_bf2f8c92ad1a_geometry)", "dateprops": [], "properties": {"http://rdfs.org/ns/void#inDataset.value": "4635"}, "geometry": {"type": "Point", "coordinates": [7.145154, 51.266355, 172.28]}}, {"type": "Feature", "id": "https://registry.gdi-de.org/de.nw/radnetz/instances/Knoten_Wuppertal_2609_geometry", "name": " (ex-nw:Knoten_Wuppertal_2609_geometry)", "dateprops": [], "properties": {"http://rdfs.org/ns/void#inDataset.value": "4635"}, "geometry": {"type": "Point", "coordinates": [7.0706493651, 51.248142087, 198.47]}}, {"type": "Feature", "id": "https://registry.gdi-de.org/de.nw/radnetz/instances/Knoten_Wuppertal_9281_geometry", "name": " (ex-nw:Knoten_Wuppertal_9281_geometry)", "dateprops": [], "properties": {"http://rdfs.org/ns/void#inDataset.value": "4635"}, "geometry": {"type": "Point", "coordinates": [7.2484224039, 51.2755037463, 201.02]}}, {"type": "Feature", "id": "https://registry.gdi-de.org/de.nw/radnetz/instances/Knoten_Wuppertal_3752_geometry", "name": " (ex-nw:Knoten_Wuppertal_3752_geometry)", "dateprops": [], "properties": {"http://rdfs.org/ns/void#inDataset.value": "4635"}, "geometry": {"type": "Point", "coordinates": [7.1194358187, 51.2369402103, 275.57]}}, {"type": "Feature", "id": "https://registry.gdi-de.org/de.nw/radnetz/instances/Knoten_Wuppertal_60218_geometry", "name": " (ex-nw:Knoten_Wuppertal_60218_geometry)", "dateprops": [], "properties": {"http://rdfs.org/ns/void#inDataset.value": "4635"}, "geometry": {"type": "Point", "coordinates": [7.0833751467, 51.2459643973, 174.84]}}, {"type": "Feature", "id": "https://registry.gdi-de.org/de.nw/radnetz/instances/Knoten_Wuppertal_8803_geometry", "name": " (ex-nw:Knoten_Wuppertal_8803_geometry)", "dateprops": [], "properties": {"http://rdfs.org/ns/void#inDataset.value": "4635"}, "geometry": {"type": "Point", "coordinates": [7.2317610964, 51.2687382545, 163.65]}}, {"type": "Feature", "id": "https://registry.gdi-de.org/de.nw/radnetz/instances/Knoten_Wuppertal_2911_geometry", "name": " (ex-nw:Knoten_Wuppertal_2911_geometry)", "dateprops": [], "properties": {"http://rdfs.org/ns/void#inDataset.value": "4635"}, "geometry": {"type": "Point", "coordinates": [7.0852445044, 51.2564898175, 198.15]}}, {"type": "Feature", "id": "https://registry.gdi-de.org/de.nw/radnetz/instances/Knoten_Wuppertal_1189690563_geometry", "name": " (ex-nw:Knoten_Wuppertal_1189690563_geometry)", "dateprops": [], "properties": {"http://rdfs.org/ns/void#inDataset.value": "4635"}, "geometry": {"type": "Point", "coordinates": [7.0564926094, 51.2123576476, 235.36]}}, {"type": "Feature", "id": "https://registry.gdi-de.org/de.nw/radnetz/instances/Knoten_Wuppertal_115400101_geometry", "name": " (ex-nw:Knoten_Wuppertal_115400101_geometry)", "dateprops": [], "properties": {"http://rdfs.org/ns/void#inDataset.value": "4635"}, "geometry": {"type": "Point", "coordinates": [7.2001118886, 51.2197709454, 260.71]}}, {"type": "Feature", "id": "https://registry.gdi-de.org/de.nw/radnetz/instances/Knoten_Wuppertal_3168_geometry", "name": " (ex-nw:Knoten_Wuppertal_3168_geometry)", "dateprops": [], "properties": {"http://rdfs.org/ns/void#inDataset.value": "4635"}, "geometry": {"type": "Point", "coordinates": [7.0958555493, 51.2922970675, 206.58]}}, {"type": "Feature", "id": "https://registry.gdi-de.org/de.nw/radnetz/instances/Knoten_Wuppertal_3831_geometry", "name": " (ex-nw:Knoten_Wuppertal_3831_geometry)", "dateprops": [], "properties": {"http://rdfs.org/ns/void#inDataset.value": "4635"}, "geometry": {"type": "Point", "coordinates": [7.1229199504, 51.2043932898, 281.4]}}, {"type": "Feature", "id": "https://registry.gdi-de.org/de.nw/radnetz/instances/Knoten_Wuppertal_116020209_geometry", "name": " (ex-nw:Knoten_Wuppertal_116020209_geometry)", "dateprops": [], "properties": {"http://rdfs.org/ns/void#inDataset.value": "4635"}, "geometry": {"type": "Point", "coordinates": [7.2220612375, 51.2753659312, 161.94]}}, {"type": "Feature", "id": "https://registry.gdi-de.org/de.nw/radnetz/instances/Knoten_Wuppertal_5091_geometry", "name": " (ex-nw:Knoten_Wuppertal_5091_geometry)", "dateprops": [], "properties": {"http://rdfs.org/ns/void#inDataset.value": "4635"}, "geometry": {"type": "Point", "coordinates": [7.1452478862, 51.2563018982, 142.68]}}, {"type": "Feature", "id": "https://registry.gdi-de.org/de.nw/radnetz/instances/Knoten_Wuppertal_5159_geometry", "name": " (ex-nw:Knoten_Wuppertal_5159_geometry)", "dateprops": [], "properties": {"http://rdfs.org/ns/void#inDataset.value": "4635"}, "geometry": {"type": "Point", "coordinates": [7.146373373, 51.2563149467, 142.89]}}, {"type": "Feature", "id": "https://registry.gdi-de.org/de.nw/radnetz/instances/Knoten_Wuppertal_8927_geometry", "name": " (ex-nw:Knoten_Wuppertal_8927_geometry)", "dateprops": [], "properties": {"http://rdfs.org/ns/void#inDataset.value": "4635"}, "geometry": {"type": "Point", "coordinates": [7.2353710561, 51.2673781995, 166.25]}}, {"type": "Feature", "id": "https://registry.gdi-de.org/de.nw/radnetz/instances/Knoten_Wuppertal_113250102_geometry", "name": " (ex-nw:Knoten_Wuppertal_113250102_geometry)", "dateprops": [], "properties": {"http://rdfs.org/ns/void#inDataset.value": "4635"}, "geometry": {"type": "Point", "coordinates": [7.081323381, 51.2547049261, 207.81]}}, {"type": "Feature", "id": "https://registry.gdi-de.org/de.nw/radnetz/instances/Knoten_Wuppertal_2283_geometry", "name": " (ex-nw:Knoten_Wuppertal_2283_geometry)", "dateprops": [], "properties": {"http://rdfs.org/ns/void#inDataset.value": "4635"}, "geometry": {"type": "Point", "coordinates": [7.0568686845, 51.2342841492, 208.43]}}, {"type": "Feature", "id": "https://registry.gdi-de.org/de.nw/radnetz/instances/Knoten_Wuppertal_113800102_geometry", "name": " (ex-nw:Knoten_Wuppertal_113800102_geometry)", "dateprops": [], "properties": {"http://rdfs.org/ns/void#inDataset.value": "4635"}, "geometry": {"type": "Point", "coordinates": [7.1293353291, 51.2516235175, 140.45]}}, {"type": "Feature", "id": "https://registry.gdi-de.org/de.nw/radnetz/instances/Knoten_Wuppertal_1189691248_geometry", "name": " (ex-nw:Knoten_Wuppertal_1189691248_geometry)", "dateprops": [], "properties": {"http://rdfs.org/ns/void#inDataset.value": "4635"}, "geometry": {"type": "Point", "coordinates": [7.1314109251, 51.1994907011, 263.27]}}, {"type": "Feature", "id": "https://registry.gdi-de.org/de.nw/radnetz/instances/Knoten_Wuppertal_60317_geometry", "name": " (ex-nw:Knoten_Wuppertal_60317_geometry)", "dateprops": [], "properties": {"http://rdfs.org/ns/void#inDataset.value": "4635"}, "geometry": {"type": "Point", "coordinates": [7.1428283156, 51.2132545565, 299.37]}}, {"type": "Feature", "id": "https://registry.gdi-de.org/de.nw/radnetz/instances/Knoten_Wuppertal_8782_geometry", "name": " (ex-nw:Knoten_Wuppertal_8782_geometry)", "dateprops": [], "properties": {"http://rdfs.org/ns/void#inDataset.value": "4635"}, "geometry": {"type": "Point", "coordinates": [7.2320663516, 51.243397936, 271.76]}}, {"type": "Feature", "id": "https://registry.gdi-de.org/de.nw/radnetz/instances/Knoten_Wuppertal_9005_geometry", "name": " (ex-nw:Knoten_Wuppertal_9005_geometry)", "dateprops": [], "properties": {"http://rdfs.org/ns/void#inDataset.value": "4635"}, "geometry": {"type": "Point", "coordinates": [7.2376857966, 51.2789862092, 171.82]}}, {"type": "Feature", "id": "https://registry.gdi-de.org/de.nw/radnetz/instances/Knoten_Wuppertal_99999901_geometry", "name": " (ex-nw:Knoten_Wuppertal_99999901_geometry)", "dateprops": [], "properties": {"http://rdfs.org/ns/void#inDataset.value": "4635"}, "geometry": {"type": "Point", "coordinates": [7.2239084422, 51.2781280255, 188.7]}}, {"type": "Feature", "id": "https://registry.gdi-de.org/de.nw/radnetz/instances/Knoten_Wuppertal_3354_geometry", "name": " (ex-nw:Knoten_Wuppertal_3354_geometry)", "dateprops": [], "properties": {"http://rdfs.org/ns/void#inDataset.value": "4635"}, "geometry": {"type": "Point", "coordinates": [7.106209754, 51.2462747276, 136.89]}}, {"type": "Feature", "id": "https://registry.gdi-de.org/de.nw/radnetz/instances/Knoten_Wuppertal_116440101_geometry", "name": " (ex-nw:Knoten_Wuppertal_116440101_geometry)", "dateprops": [], "properties": {"http://rdfs.org/ns/void#inDataset.value": "4635"}, "geometry": {"type": "Point", "coordinates": [7.2432828435, 51.2544072717, 172.88]}}, {"type": "Feature", "id": "https://registry.gdi-de.org/de.nw/radnetz/instances/Knoten_Wuppertal_1189690155_geometry", "name": " (ex-nw:Knoten_Wuppertal_1189690155_geometry)", "dateprops": [], "properties": {"http://rdfs.org/ns/void#inDataset.value": "4635"}, "geometry": {"type": "Point", "coordinates": [7.140504694, 51.2113938949, 298.46]}}, {"type": "Feature", "id": "https://registry.gdi-de.org/de.nw/radnetz/instances/Knoten_Wuppertal_9558_geometry", "name": " (ex-nw:Knoten_Wuppertal_9558_geometry)", "dateprops": [], "properties": {"http://rdfs.org/ns/void#inDataset.value": "4635"}, "geometry": {"type": "Point", "coordinates": [7.2606005578, 51.2840869027, 183.35]}}, {"type": "Feature", "id": "https://registry.gdi-de.org/de.nw/radnetz/instances/Knoten_Wuppertal_5492_geometry", "name": " (ex-nw:Knoten_Wuppertal_5492_geometry)", "dateprops": [], "properties": {"http://rdfs.org/ns/void#inDataset.value": "4635"}, "geometry": {"type": "Point", "coordinates": [7.1519522987, 51.2562637713, 147.38]}}, {"type": "Feature", "id": "https://registry.gdi-de.org/de.nw/radnetz/instances/Knoten_Wuppertal_2246_geometry", "name": " (ex-nw:Knoten_Wuppertal_2246_geometry)", "dateprops": [], "properties": {"http://rdfs.org/ns/void#inDataset.value": "4635"}, "geometry": {"type": "Point", "coordinates": [7.054256141, 51.2338748586, 204.77]}}, {"type": "Feature", "id": "https://registry.gdi-de.org/de.nw/radnetz/instances/Knoten_Wuppertal_8840_geometry", "name": " (ex-nw:Knoten_Wuppertal_8840_geometry)", "dateprops": [], "properties": {"http://rdfs.org/ns/void#inDataset.value": "4635"}, "geometry": {"type": "Point", "coordinates": [7.2344234138, 51.2263241718, 301.39]}}, {"type": "Feature", "id": "https://registry.gdi-de.org/de.nw/radnetz/instances/Knoten_Wuppertal_1189691220_geometry", "name": " (ex-nw:Knoten_Wuppertal_1189691220_geometry)", "dateprops": [], "properties": {"http://rdfs.org/ns/void#inDataset.value": "4635"}, "geometry": {"type": "Point", "coordinates": [7.1934197443, 51.2392012004, 345.55]}}, {"type": "Feature", "id": "https://registry.gdi-de.org/de.nw/radnetz/instances/Knoten_Wuppertal_60175_geometry", "name": " (ex-nw:Knoten_Wuppertal_60175_geometry)", "dateprops": [], "properties": {"http://rdfs.org/ns/void#inDataset.value": "4635"}, "geometry": {"type": "Point", "coordinates": [7.0761955193, 51.2535287415, 191.86]}}, {"type": "Feature", "id": "https://registry.gdi-de.org/de.nw/radnetz/instances/Knoten_Wuppertal_8973_geometry", "name": " (ex-nw:Knoten_Wuppertal_8973_geometry)", "dateprops": [], "properties": {"http://rdfs.org/ns/void#inDataset.value": "4635"}, "geometry": {"type": "Point", "coordinates": [7.2371578018, 51.2655017349, 167.03]}}, {"type": "Feature", "id": "https://registry.gdi-de.org/de.nw/radnetz/instances/Knoten_Wuppertal_118230102_geometry", "name": " (ex-nw:Knoten_Wuppertal_118230102_geometry)", "dateprops": [], "properties": {"http://rdfs.org/ns/void#inDataset.value": "4635"}, "geometry": {"type": "Point", "coordinates": [7.1458771745, 51.3052385233, 304.37]}}, {"type": "Feature", "id": "https://registry.gdi-de.org/de.nw/radnetz/instances/Knoten_Wuppertal_1189691145_geometry", "name": " (ex-nw:Knoten_Wuppertal_1189691145_geometry)", "dateprops": [], "properties": {"http://rdfs.org/ns/void#inDataset.value": "4635"}, "geometry": {"type": "Point", "coordinates": [7.0489744235, 51.219385987, 174.8]}}, {"type": "Feature", "id": "https://registry.gdi-de.org/de.nw/radnetz/instances/Knoten_Wuppertal_9612_geometry", "name": " (ex-nw:Knoten_Wuppertal_9612_geometry)", "dateprops": [], "properties": {"http://rdfs.org/ns/void#inDataset.value": "4635"}, "geometry": {"type": "Point", "coordinates": [7.2635657091, 51.2862261714, 186.17]}}, {"type": "Feature", "id": "https://registry.gdi-de.org/de.nw/radnetz/instances/Knoten_Wuppertal_118430102_geometry", "name": " (ex-nw:Knoten_Wuppertal_118430102_geometry)", "dateprops": [], "properties": {"http://rdfs.org/ns/void#inDataset.value": "4635"}, "geometry": {"type": "Point", "coordinates": [7.1123466655, 51.2450066407, 188.4]}}, {"type": "Feature", "id": "https://registry.gdi-de.org/de.nw/radnetz/instances/Knoten_Wuppertal_112780101_geometry", "name": " (ex-nw:Knoten_Wuppertal_112780101_geometry)", "dateprops": [], "properties": {"http://rdfs.org/ns/void#inDataset.value": "4635"}, "geometry": {"type": "Point", "coordinates": [7.1309731828, 51.2736955526, 257.89]}}, {"type": "Feature", "id": "https://registry.gdi-de.org/de.nw/radnetz/instances/Knoten_Wuppertal_9303_geometry", "name": " (ex-nw:Knoten_Wuppertal_9303_geometry)", "dateprops": [], "properties": {"http://rdfs.org/ns/void#inDataset.value": "4635"}, "geometry": {"type": "Point", "coordinates": [7.2481106144, 51.3122591463, 319.66]}}, {"type": "Feature", "id": "https://registry.gdi-de.org/de.nw/radnetz/instances/Knoten_Wuppertal_6049_geometry", "name": " (ex-nw:Knoten_Wuppertal_6049_geometry)", "dateprops": [], "properties": {"http://rdfs.org/ns/void#inDataset.value": "4635"}, "geometry": {"type": "Point", "coordinates": [7.1638264804, 51.2454870515, 246.92]}}, {"type": "Feature", "id": "https://registry.gdi-de.org/de.nw/radnetz/instances/Knoten_Wuppertal_7692_geometry", "name": " (ex-nw:Knoten_Wuppertal_7692_geometry)", "dateprops": [], "properties": {"http://rdfs.org/ns/void#inDataset.value": "4635"}, "geometry": {"type": "Point", "coordinates": [7.2027042531, 51.2765193982, 166.78]}}, {"type": "Feature", "id": "https://registry.gdi-de.org/de.nw/radnetz/instances/Knoten_Wuppertal_5959_geometry", "name": " (ex-nw:Knoten_Wuppertal_5959_geometry)", "dateprops": [], "properties": {"http://rdfs.org/ns/void#inDataset.value": "4635"}, "geometry": {"type": "Point", "coordinates": [7.1607928457, 51.2575611741, 146.39]}}, {"type": "Feature", "id": "https://registry.gdi-de.org/de.nw/radnetz/instances/Knoten_Wuppertal_116230102_geometry", "name": " (ex-nw:Knoten_Wuppertal_116230102_geometry)", "dateprops": [], "properties": {"http://rdfs.org/ns/void#inDataset.value": "4635"}, "geometry": {"type": "Point", "coordinates": [7.2456249391, 51.280928781, 176.14]}}, {"type": "Feature", "id": "https://registry.gdi-de.org/de.nw/radnetz/instances/Knoten_Wuppertal_4242_geometry", "name": " (ex-nw:Knoten_Wuppertal_4242_geometry)", "dateprops": [], "properties": {"http://rdfs.org/ns/void#inDataset.value": "4635"}, "geometry": {"type": "Point", "coordinates": [7.1314332036, 51.1995939906, 263.5]}}, {"type": "Feature", "id": "https://registry.gdi-de.org/de.nw/radnetz/instances/Knoten_Wuppertal_60296_geometry", "name": " (ex-nw:Knoten_Wuppertal_60296_geometry)", "dateprops": [], "properties": {"http://rdfs.org/ns/void#inDataset.value": "4635"}, "geometry": {"type": "Point", "coordinates": [7.2411012977, 51.3068592605, 249.64]}}, {"type": "Feature", "id": "https://registry.gdi-de.org/de.nw/radnetz/instances/Knoten_Wuppertal_5188_geometry", "name": " (ex-nw:Knoten_Wuppertal_5188_geometry)", "dateprops": [], "properties": {"http://rdfs.org/ns/void#inDataset.value": "4635"}, "geometry": {"type": "Point", "coordinates": [7.1466626103, 51.2590411526, 146.95]}}, {"type": "Feature", "id": "https://registry.gdi-de.org/de.nw/radnetz/instances/Knoten_Wuppertal_9264_geometry", "name": " (ex-nw:Knoten_Wuppertal_9264_geometry)", "dateprops": [], "properties": {"http://rdfs.org/ns/void#inDataset.value": "4635"}, "geometry": {"type": "Point", "coordinates": [7.2466050625, 51.2967348717, 230.92]}}, {"type": "Feature", "id": "https://registry.gdi-de.org/de.nw/radnetz/instances/Knoten_Wuppertal_113370102_geometry", "name": " (ex-nw:Knoten_Wuppertal_113370102_geometry)", "dateprops": [], "properties": {"http://rdfs.org/ns/void#inDataset.value": "4635"}, "geometry": {"type": "Point", "coordinates": [7.0630023523, 51.2312693878, 186.27]}}, {"type": "Feature", "id": "https://registry.gdi-de.org/de.nw/radnetz/instances/Knoten_Wuppertal_1189691269_geometry", "name": " (ex-nw:Knoten_Wuppertal_1189691269_geometry)", "dateprops": [], "properties": {"http://rdfs.org/ns/void#inDataset.value": "4635"}, "geometry": {"type": "Point", "coordinates": [7.2514812336, 51.3087913921, 306.16]}}, {"type": "Feature", "id": "https://registry.gdi-de.org/de.nw/radnetz/instances/Knoten_Wuppertal_5334_geometry", "name": " (ex-nw:Knoten_Wuppertal_5334_geometry)", "dateprops": [], "properties": {"http://rdfs.org/ns/void#inDataset.value": "4635"}, "geometry": {"type": "Point", "coordinates": [7.1491136582, 51.257372414, 143.4]}}, {"type": "Feature", "id": "https://registry.gdi-de.org/de.nw/radnetz/instances/Knoten_Wuppertal_60257_geometry", "name": " (ex-nw:Knoten_Wuppertal_60257_geometry)", "dateprops": [], "properties": {"http://rdfs.org/ns/void#inDataset.value": "4635"}, "geometry": {"type": "Point", "coordinates": [7.1829417068, 51.2708316758, 180.56]}}, {"type": "Feature", "id": "https://registry.gdi-de.org/de.nw/radnetz/instances/Knoten_Wuppertal_99999913_geometry", "name": " (ex-nw:Knoten_Wuppertal_99999913_geometry)", "dateprops": [], "properties": {"http://rdfs.org/ns/void#inDataset.value": "4635"}, "geometry": {"type": "Point", "coordinates": [7.2265222504, 51.276794522, 188.9]}}, {"type": "Feature", "id": "https://registry.gdi-de.org/de.nw/radnetz/instances/Knoten_Wuppertal_6872_geometry", "name": " (ex-nw:Knoten_Wuppertal_6872_geometry)", "dateprops": [], "properties": {"http://rdfs.org/ns/void#inDataset.value": "4635"}, "geometry": {"type": "Point", "coordinates": [7.1874821304, 51.2792926606, 196.69]}}, {"type": "Feature", "id": "https://registry.gdi-de.org/de.nw/radnetz/instances/Knoten_Wuppertal_114550103_geometry", "name": " (ex-nw:Knoten_Wuppertal_114550103_geometry)", "dateprops": [], "properties": {"http://rdfs.org/ns/void#inDataset.value": "4635"}, "geometry": {"type": "Point", "coordinates": [7.1554569987, 51.2395601616, 269.3]}}, {"type": "Feature", "id": "https://registry.gdi-de.org/de.nw/radnetz/instances/Knoten_Wuppertal_3866_geometry", "name": " (ex-nw:Knoten_Wuppertal_3866_geometry)", "dateprops": [], "properties": {"http://rdfs.org/ns/void#inDataset.value": "4635"}, "geometry": {"type": "Point", "coordinates": [7.1222298914, 51.2487700563, 139.38]}}, {"type": "Feature", "id": "https://registry.gdi-de.org/de.nw/radnetz/instances/Knoten_Wuppertal_5551_geometry", "name": " (ex-nw:Knoten_Wuppertal_5551_geometry)", "dateprops": [], "properties": {"http://rdfs.org/ns/void#inDataset.value": "4635"}, "geometry": {"type": "Point", "coordinates": [7.1530130508, 51.2587812818, 146.11]}}, {"type": "Feature", "id": "https://registry.gdi-de.org/de.nw/radnetz/instances/Knoten_Wuppertal_112340102_geometry", "name": " (ex-nw:Knoten_Wuppertal_112340102_geometry)", "dateprops": [], "properties": {"http://rdfs.org/ns/void#inDataset.value": "4635"}, "geometry": {"type": "Point", "coordinates": [7.1640497747, 51.2452799983, 248.5]}}, {"type": "Feature", "id": "https://registry.gdi-de.org/de.nw/radnetz/instances/Knoten_Wuppertal_5553_geometry", "name": " (ex-nw:Knoten_Wuppertal_5553_geometry)", "dateprops": [], "properties": {"http://rdfs.org/ns/void#inDataset.value": "4635"}, "geometry": {"type": "Point", "coordinates": [7.1537123638, 51.2427192021, 265.99]}}, {"type": "Feature", "id": "https://registry.gdi-de.org/de.nw/radnetz/instances/Knoten_Wuppertal_112810102_geometry", "name": " (ex-nw:Knoten_Wuppertal_112810102_geometry)", "dateprops": [], "properties": {"http://rdfs.org/ns/void#inDataset.value": "4635"}, "geometry": {"type": "Point", "coordinates": [7.1323847925, 51.2797978701, 295.49]}}, {"type": "Feature", "id": "https://registry.gdi-de.org/de.nw/radnetz/instances/Knoten_Wuppertal_1189690602_geometry", "name": " (ex-nw:Knoten_Wuppertal_1189690602_geometry)", "dateprops": [], "properties": {"http://rdfs.org/ns/void#inDataset.value": "4635"}, "geometry": {"type": "Point", "coordinates": [7.1513722803, 51.2253602423, 330.12]}}, {"type": "Feature", "id": "https://registry.gdi-de.org/de.nw/radnetz/instances/Knoten_Wuppertal_1189691281_geometry", "name": " (ex-nw:Knoten_Wuppertal_1189691281_geometry)", "dateprops": [], "properties": {"http://rdfs.org/ns/void#inDataset.value": "4635"}, "geometry": {"type": "Point", "coordinates": [7.1265961864, 51.1754623386, 127.01]}}, {"type": "Feature", "id": "https://registry.gdi-de.org/de.nw/radnetz/instances/Knoten_Wuppertal_3660_geometry", "name": " (ex-nw:Knoten_Wuppertal_3660_geometry)", "dateprops": [], "properties": {"http://rdfs.org/ns/void#inDataset.value": "4635"}, "geometry": {"type": "Point", "coordinates": [7.1146938903, 51.2835927279, 268.65]}}, {"type": "Feature", "id": "https://registry.gdi-de.org/de.nw/radnetz/instances/Knoten_Wuppertal_7088_geometry", "name": " (ex-nw:Knoten_Wuppertal_7088_geometry)", "dateprops": [], "properties": {"http://rdfs.org/ns/void#inDataset.value": "4635"}, "geometry": {"type": "Point", "coordinates": [7.1934243344, 51.2393618349, 345.04]}}, {"type": "Feature", "id": "https://registry.gdi-de.org/de.nw/radnetz/instances/Knoten_Wuppertal_8850_geometry", "name": " (ex-nw:Knoten_Wuppertal_8850_geometry)", "dateprops": [], "properties": {"http://rdfs.org/ns/void#inDataset.value": "4635"}, "geometry": {"type": "Point", "coordinates": [7.2346399828, 51.2281279827, 301.14]}}, {"type": "Feature", "id": "https://registry.gdi-de.org/de.nw/radnetz/instances/Knoten_Wuppertal_1189691186_geometry", "name": " (ex-nw:Knoten_Wuppertal_1189691186_geometry)", "dateprops": [], "properties": {"http://rdfs.org/ns/void#inDataset.value": "4635"}, "geometry": {"type": "Point", "coordinates": [7.1029326217, 51.240739261, 138.03]}}, {"type": "Feature", "id": "https://registry.gdi-de.org/de.nw/radnetz/instances/Knoten_Wuppertal_8942_geometry", "name": " (ex-nw:Knoten_Wuppertal_8942_geometry)", "dateprops": [], "properties": {"http://rdfs.org/ns/void#inDataset.value": "4635"}, "geometry": {"type": "Point", "coordinates": [7.2355873012, 51.273329084, 197.46]}}, {"type": "Feature", "id": "https://registry.gdi-de.org/de.nw/radnetz/instances/Knoten_Wuppertal_7704_geometry", "name": " (ex-nw:Knoten_Wuppertal_7704_geometry)", "dateprops": [], "properties": {"http://rdfs.org/ns/void#inDataset.value": "4635"}, "geometry": {"type": "Point", "coordinates": [7.2053887095, 51.2165709483, 252.25]}}, {"type": "Feature", "id": "https://registry.gdi-de.org/de.nw/radnetz/instances/Knoten_Wuppertal_6840_geometry", "name": " (ex-nw:Knoten_Wuppertal_6840_geometry)", "dateprops": [], "properties": {"http://rdfs.org/ns/void#inDataset.value": "4635"}, "geometry": {"type": "Point", "coordinates": [7.1865606817, 51.2792203088, 196.22]}}, {"type": "Feature", "id": "https://registry.gdi-de.org/de.nw/radnetz/instances/Knoten_Wuppertal_5261_geometry", "name": " (ex-nw:Knoten_Wuppertal_5261_geometry)", "dateprops": [], "properties": {"http://rdfs.org/ns/void#inDataset.value": "4635"}, "geometry": {"type": "Point", "coordinates": [7.1480038095, 51.2568676512, 143.54]}}, {"type": "Feature", "id": "https://registry.gdi-de.org/de.nw/radnetz/instances/Knoten_Wuppertal_6268_geometry", "name": " (ex-nw:Knoten_Wuppertal_6268_geometry)", "dateprops": [], "properties": {"http://rdfs.org/ns/void#inDataset.value": "4635"}, "geometry": {"type": "Point", "coordinates": [7.1684617975, 51.280300261, 203.77]}}, {"type": "Feature", "id": "https://registry.gdi-de.org/de.nw/radnetz/instances/Knoten_Wuppertal_114200101_geometry", "name": " (ex-nw:Knoten_Wuppertal_114200101_geometry)", "dateprops": [], "properties": {"http://rdfs.org/ns/void#inDataset.value": "4635"}, "geometry": {"type": "Point", "coordinates": [7.1313840993, 51.2024846941, 276.83]}}, {"type": "Feature", "id": "https://registry.gdi-de.org/de.nw/radnetz/instances/Knoten_Wuppertal_9404_geometry", "name": " (ex-nw:Knoten_Wuppertal_9404_geometry)", "dateprops": [], "properties": {"http://rdfs.org/ns/void#inDataset.value": "4635"}, "geometry": {"type": "Point", "coordinates": [7.2526739409, 51.2862936086, 201.39]}}, {"type": "Feature", "id": "https://registry.gdi-de.org/de.nw/radnetz/instances/Knoten_Wuppertal_60262_geometry", "name": " (ex-nw:Knoten_Wuppertal_60262_geometry)", "dateprops": [], "properties": {"http://rdfs.org/ns/void#inDataset.value": "4635"}, "geometry": {"type": "Point", "coordinates": [7.1958315475, 51.2733475148, 182.16]}}, {"type": "Feature", "id": "https://registry.gdi-de.org/de.nw/radnetz/instances/Knoten_Wuppertal_8733_geometry", "name": " (ex-nw:Knoten_Wuppertal_8733_geometry)", "dateprops": [], "properties": {"http://rdfs.org/ns/void#inDataset.value": "4635"}, "geometry": {"type": "Point", "coordinates": [7.2296658938, 51.2548934398, 179.44]}}, {"type": "Feature", "id": "https://registry.gdi-de.org/de.nw/radnetz/instances/Knoten_Wuppertal_113280102_geometry", "name": " (ex-nw:Knoten_Wuppertal_113280102_geometry)", "dateprops": [], "properties": {"http://rdfs.org/ns/void#inDataset.value": "4635"}, "geometry": {"type": "Point", "coordinates": [7.0599112306, 51.2343268425, 210.06]}}, {"type": "Feature", "id": "https://registry.gdi-de.org/de.nw/radnetz/instances/Knoten_Wuppertal_1189691384_geometry", "name": " (ex-nw:Knoten_Wuppertal_1189691384_geometry)", "dateprops": [], "properties": {"http://rdfs.org/ns/void#inDataset.value": "4635"}, "geometry": {"type": "Point", "coordinates": [7.101317467, 51.2371115536, 138.6]}}, {"type": "Feature", "id": "https://registry.gdi-de.org/de.nw/radnetz/instances/Knoten_Wuppertal_2287_geometry", "name": " (ex-nw:Knoten_Wuppertal_2287_geometry)", "dateprops": [], "properties": {"http://rdfs.org/ns/void#inDataset.value": "4635"}, "geometry": {"type": "Point", "coordinates": [7.0564643915, 51.2539670089, 183.23]}}, {"type": "Feature", "id": "https://registry.gdi-de.org/de.nw/radnetz/instances/Knoten_Wuppertal_8769_geometry", "name": " (ex-nw:Knoten_Wuppertal_8769_geometry)", "dateprops": [], "properties": {"http://rdfs.org/ns/void#inDataset.value": "4635"}, "geometry": {"type": "Point", "coordinates": [7.2306312334, 51.2698434564, 163.42]}}, {"type": "Feature", "id": "https://registry.gdi-de.org/de.nw/radnetz/instances/Knoten_Wuppertal_5444_geometry", "name": " (ex-nw:Knoten_Wuppertal_5444_geometry)", "dateprops": [], "properties": {"http://rdfs.org/ns/void#inDataset.value": "4635"}, "geometry": {"type": "Point", "coordinates": [7.1508447682, 51.2589717422, 146.41]}}, {"type": "Feature", "id": "https://registry.gdi-de.org/de.nw/radnetz/instances/Knoten_Wuppertal_4254_geometry", "name": " (ex-nw:Knoten_Wuppertal_4254_geometry)", "dateprops": [], "properties": {"http://rdfs.org/ns/void#inDataset.value": "4635"}, "geometry": {"type": "Point", "coordinates": [7.1314824241, 51.2015158954, 271.48]}}, {"type": "Feature", "id": "https://registry.gdi-de.org/de.nw/radnetz/instances/Knoten_Wuppertal_5275_geometry", "name": " (ex-nw:Knoten_Wuppertal_5275_geometry)", "dateprops": [], "properties": {"http://rdfs.org/ns/void#inDataset.value": "4635"}, "geometry": {"type": "Point", "coordinates": [7.1478673466, 51.2667343255, 159.85]}}, {"type": "Feature", "id": "https://registry.gdi-de.org/de.nw/radnetz/instances/Knoten_Wuppertal_1189691346_geometry", "name": " (ex-nw:Knoten_Wuppertal_1189691346_geometry)", "dateprops": [], "properties": {"http://rdfs.org/ns/void#inDataset.value": "4635"}, "geometry": {"type": "Point", "coordinates": [7.1094551852, 51.1712754927, 212.0]}}, {"type": "Feature", "id": "https://registry.gdi-de.org/de.nw/radnetz/instances/Knoten_Wuppertal_7860_geometry", "name": " (ex-nw:Knoten_Wuppertal_7860_geometry)", "dateprops": [], "properties": {"http://rdfs.org/ns/void#inDataset.value": "4635"}, "geometry": {"type": "Point", "coordinates": [7.206825821, 51.2730163271, 157.18]}}, {"type": "Feature", "id": "https://registry.gdi-de.org/de.nw/radnetz/instances/Knoten_Wuppertal_114140201_geometry", "name": " (ex-nw:Knoten_Wuppertal_114140201_geometry)", "dateprops": [], "properties": {"http://rdfs.org/ns/void#inDataset.value": "4635"}, "geometry": {"type": "Point", "coordinates": [7.1494867828, 51.2261836387, 328.05]}}, {"type": "Feature", "id": "https://registry.gdi-de.org/de.nw/radnetz/instances/Knoten_Wuppertal_4496_geometry", "name": " (ex-nw:Knoten_Wuppertal_4496_geometry)", "dateprops": [], "properties": {"http://rdfs.org/ns/void#inDataset.value": "4635"}, "geometry": {"type": "Point", "coordinates": [7.1338773416, 51.2529724208, 141.95]}}, {"type": "Feature", "id": "https://registry.gdi-de.org/de.nw/radnetz/instances/Knoten_Wuppertal_2382_geometry", "name": " (ex-nw:Knoten_Wuppertal_2382_geometry)", "dateprops": [], "properties": {"http://rdfs.org/ns/void#inDataset.value": "4635"}, "geometry": {"type": "Point", "coordinates": [7.0629259816, 51.2248794843, 201.86]}}, {"type": "Feature", "id": "https://registry.gdi-de.org/de.nw/radnetz/instances/Knoten_Wuppertal_6057_geometry", "name": " (ex-nw:Knoten_Wuppertal_6057_geometry)", "dateprops": [], "properties": {"http://rdfs.org/ns/void#inDataset.value": "4635"}, "geometry": {"type": "Point", "coordinates": [7.1653209146, 51.2111251753, 184.35]}}, {"type": "Feature", "id": "https://registry.gdi-de.org/de.nw/radnetz/instances/Knoten_Wuppertal_4859_geometry", "name": " (ex-nw:Knoten_Wuppertal_4859_geometry)", "dateprops": [], "properties": {"http://rdfs.org/ns/void#inDataset.value": "4635"}, "geometry": {"type": "Point", "coordinates": [7.1419749991, 51.2554513751, 142.46]}}, {"type": "Feature", "id": "https://registry.gdi-de.org/de.nw/radnetz/instances/Knoten_Wuppertal_113700101_geometry", "name": " (ex-nw:Knoten_Wuppertal_113700101_geometry)", "dateprops": [], "properties": {"http://rdfs.org/ns/void#inDataset.value": "4635"}, "geometry": {"type": "Point", "coordinates": [7.1090491463, 51.2627262767, 198.52]}}, {"type": "Feature", "id": "https://registry.gdi-de.org/de.nw/radnetz/instances/Knoten_Wuppertal_5129_geometry", "name": " (ex-nw:Knoten_Wuppertal_5129_geometry)", "dateprops": [], "properties": {"http://rdfs.org/ns/void#inDataset.value": "4635"}, "geometry": {"type": "Point", "coordinates": [7.1458533395, 51.2587524927, 145.39]}}, {"type": "Feature", "id": "https://registry.gdi-de.org/de.nw/radnetz/instances/Knoten_Wuppertal_9154_geometry", "name": " (ex-nw:Knoten_Wuppertal_9154_geometry)", "dateprops": [], "properties": {"http://rdfs.org/ns/void#inDataset.value": "4635"}, "geometry": {"type": "Point", "coordinates": [7.242368266, 51.2939308638, 227.24]}}, {"type": "Feature", "id": "https://registry.gdi-de.org/de.nw/radnetz/instances/Knoten_Wuppertal_2075_geometry", "name": " (ex-nw:Knoten_Wuppertal_2075_geometry)", "dateprops": [], "properties": {"http://rdfs.org/ns/void#inDataset.value": "4635"}, "geometry": {"type": "Point", "coordinates": [7.0382489519, 51.2146081891, 186.75]}}, {"type": "Feature", "id": "https://registry.gdi-de.org/de.nw/radnetz/instances/Knoten_Wuppertal_116410101_geometry", "name": " (ex-nw:Knoten_Wuppertal_116410101_geometry)", "dateprops": [], "properties": {"http://rdfs.org/ns/void#inDataset.value": "4635"}, "geometry": {"type": "Point", "coordinates": [7.2364353813, 51.2670911283, 165.77]}}, {"type": "Feature", "id": "https://registry.gdi-de.org/de.nw/radnetz/instances/Knoten_Wuppertal_7789_geometry", "name": " (ex-nw:Knoten_Wuppertal_7789_geometry)", "dateprops": [], "properties": {"http://rdfs.org/ns/void#inDataset.value": "4635"}, "geometry": {"type": "Point", "coordinates": [7.2051197577, 51.2714720105, 155.97]}}, {"type": "Feature", "id": "https://registry.gdi-de.org/de.nw/radnetz/instances/Knoten_Wuppertal_2976_geometry", "name": " (ex-nw:Knoten_Wuppertal_2976_geometry)", "dateprops": [], "properties": {"http://rdfs.org/ns/void#inDataset.value": "4635"}, "geometry": {"type": "Point", "coordinates": [7.0893794992, 51.2360983904, 136.95]}}, {"type": "Feature", "id": "https://registry.gdi-de.org/de.nw/radnetz/instances/Knoten_Wuppertal_112720201_geometry", "name": " (ex-nw:Knoten_Wuppertal_112720201_geometry)", "dateprops": [], "properties": {"http://rdfs.org/ns/void#inDataset.value": "4635"}, "geometry": {"type": "Point", "coordinates": [7.1408113093, 51.2656663623, 169.01]}}, {"type": "Feature", "id": "https://registry.gdi-de.org/de.nw/radnetz/instances/Knoten_Wuppertal_4418_geometry", "name": " (ex-nw:Knoten_Wuppertal_4418_geometry)", "dateprops": [], "properties": {"http://rdfs.org/ns/void#inDataset.value": "4635"}, "geometry": {"type": "Point", "coordinates": [7.1357435355, 51.1665005542, 106.32]}}, {"type": "Feature", "id": "https://registry.gdi-de.org/de.nw/radnetz/instances/Knoten_Wuppertal_9425_geometry", "name": " (ex-nw:Knoten_Wuppertal_9425_geometry)", "dateprops": [], "properties": {"http://rdfs.org/ns/void#inDataset.value": "4635"}, "geometry": {"type": "Point", "coordinates": [7.2524094529, 51.3066415198, 293.04]}}, {"type": "Feature", "id": "https://registry.gdi-de.org/de.nw/radnetz/instances/Knoten_Wuppertal_110600201_geometry", "name": " (ex-nw:Knoten_Wuppertal_110600201_geometry)", "dateprops": [], "properties": {"http://rdfs.org/ns/void#inDataset.value": "4635"}, "geometry": {"type": "Point", "coordinates": [7.1905001872, 51.2240990861, 319.08]}}, {"type": "Feature", "id": "https://registry.gdi-de.org/de.nw/radnetz/instances/Knoten_Wuppertal_9751_geometry", "name": " (ex-nw:Knoten_Wuppertal_9751_geometry)", "dateprops": [], "properties": {"http://rdfs.org/ns/void#inDataset.value": "4635"}, "geometry": {"type": "Point", "coordinates": [7.275086245, 51.2575316116, 198.21]}}, {"type": "Feature", "id": "https://registry.gdi-de.org/de.nw/radnetz/instances/Knoten_Wuppertal_117250102_geometry", "name": " (ex-nw:Knoten_Wuppertal_117250102_geometry)", "dateprops": [], "properties": {"http://rdfs.org/ns/void#inDataset.value": "4635"}, "geometry": {"type": "Point", "coordinates": [7.0710704013, 51.2737774732, 165.2]}}, {"type": "Feature", "id": "https://registry.gdi-de.org/de.nw/radnetz/instances/Knoten_Wuppertal_6952_geometry", "name": " (ex-nw:Knoten_Wuppertal_6952_geometry)", "dateprops": [], "properties": {"http://rdfs.org/ns/void#inDataset.value": "4635"}, "geometry": {"type": "Point", "coordinates": [7.1897361331, 51.2674453105, 152.03]}}, {"type": "Feature", "id": "https://registry.gdi-de.org/de.nw/radnetz/instances/Knoten_Wuppertal_7010_geometry", "name": " (ex-nw:Knoten_Wuppertal_7010_geometry)", "dateprops": [], "properties": {"http://rdfs.org/ns/void#inDataset.value": "4635"}, "geometry": {"type": "Point", "coordinates": [7.1921362095, 51.234405197, 328.88]}}, {"type": "Feature", "id": "https://registry.gdi-de.org/de.nw/radnetz/instances/Knoten_Wuppertal_1189691360_geometry", "name": " (ex-nw:Knoten_Wuppertal_1189691360_geometry)", "dateprops": [], "properties": {"http://rdfs.org/ns/void#inDataset.value": "4635"}, "geometry": {"type": "Point", "coordinates": [7.0507381282, 51.2868596429, 207.0]}}, {"type": "Feature", "id": "https://registry.gdi-de.org/de.nw/radnetz/instances/Knoten_Wuppertal_112320101_geometry", "name": " (ex-nw:Knoten_Wuppertal_112320101_geometry)", "dateprops": [], "properties": {"http://rdfs.org/ns/void#inDataset.value": "4635"}, "geometry": {"type": "Point", "coordinates": [7.1589806566, 51.2524466274, 195.21]}}, {"type": "Feature", "id": "https://registry.gdi-de.org/de.nw/radnetz/instances/Knoten_Wuppertal_5023_geometry", "name": " (ex-nw:Knoten_Wuppertal_5023_geometry)", "dateprops": [], "properties": {"http://rdfs.org/ns/void#inDataset.value": "4635"}, "geometry": {"type": "Point", "coordinates": [7.1442068953, 51.255912482, 143.3]}}, {"type": "Feature", "id": "https://registry.gdi-de.org/de.nw/radnetz/instances/Knoten_Wuppertal_8292_geometry", "name": " (ex-nw:Knoten_Wuppertal_8292_geometry)", "dateprops": [], "properties": {"http://rdfs.org/ns/void#inDataset.value": "4635"}, "geometry": {"type": "Point", "coordinates": [7.2166515564, 51.2749999563, 159.28]}}, {"type": "Feature", "id": "https://registry.gdi-de.org/de.nw/radnetz/instances/Knoten_Wuppertal_6001_geometry", "name": " (ex-nw:Knoten_Wuppertal_6001_geometry)", "dateprops": [], "properties": {"http://rdfs.org/ns/void#inDataset.value": "4635"}, "geometry": {"type": "Point", "coordinates": [7.1619243207, 51.2580395689, 148.0]}}, {"type": "Feature", "id": "https://registry.gdi-de.org/de.nw/radnetz/instances/Knoten_Wuppertal_7730_geometry", "name": " (ex-nw:Knoten_Wuppertal_7730_geometry)", "dateprops": [], "properties": {"http://rdfs.org/ns/void#inDataset.value": "4635"}, "geometry": {"type": "Point", "coordinates": [7.2036045252, 51.2744177911, 157.4]}}, {"type": "Feature", "id": "https://registry.gdi-de.org/de.nw/radnetz/instances/Knoten_Wuppertal_1189691224_geometry", "name": " (ex-nw:Knoten_Wuppertal_1189691224_geometry)", "dateprops": [], "properties": {"http://rdfs.org/ns/void#inDataset.value": "4635"}, "geometry": {"type": "Point", "coordinates": [7.1893391964, 51.2439444618, 341.94]}}, {"type": "Feature", "id": "https://registry.gdi-de.org/de.nw/radnetz/instances/Knoten_Wuppertal_110670101_geometry", "name": " (ex-nw:Knoten_Wuppertal_110670101_geometry)", "dateprops": [], "properties": {"http://rdfs.org/ns/void#inDataset.value": "4635"}, "geometry": {"type": "Point", "coordinates": [7.1064119576, 51.2559190674, 163.83]}}, {"type": "Feature", "id": "https://registry.gdi-de.org/de.nw/radnetz/instances/Knoten_Wuppertal_116220102_geometry", "name": " (ex-nw:Knoten_Wuppertal_116220102_geometry)", "dateprops": [], "properties": {"http://rdfs.org/ns/void#inDataset.value": "4635"}, "geometry": {"type": "Point", "coordinates": [7.2374386456, 51.2786021213, 171.51]}}, {"type": "Feature", "id": "https://registry.gdi-de.org/de.nw/radnetz/instances/Knoten_Wuppertal_110680203_geometry", "name": " (ex-nw:Knoten_Wuppertal_110680203_geometry)", "dateprops": [], "properties": {"http://rdfs.org/ns/void#inDataset.value": "4635"}, "geometry": {"type": "Point", "coordinates": [7.1036208299, 51.253789495, 158.86]}}, {"type": "Feature", "id": "https://registry.gdi-de.org/de.nw/radnetz/instances/Knoten_Wuppertal_1189691371_geometry", "name": " (ex-nw:Knoten_Wuppertal_1189691371_geometry)", "dateprops": [], "properties": {"http://rdfs.org/ns/void#inDataset.value": "4635"}, "geometry": {"type": "Point", "coordinates": [7.1604629559, 51.2674630581, 180.02]}}, {"type": "Feature", "id": "https://registry.gdi-de.org/de.nw/radnetz/instances/Knoten_Wuppertal_8737_geometry", "name": " (ex-nw:Knoten_Wuppertal_8737_geometry)", "dateprops": [], "properties": {"http://rdfs.org/ns/void#inDataset.value": "4635"}, "geometry": {"type": "Point", "coordinates": [7.2297565885, 51.2586017062, 180.85]}}, {"type": "Feature", "id": "https://registry.gdi-de.org/de.nw/radnetz/instances/Knoten_Wuppertal_3276_geometry", "name": " (ex-nw:Knoten_Wuppertal_3276_geometry)", "dateprops": [], "properties": {"http://rdfs.org/ns/void#inDataset.value": "4635"}, "geometry": {"type": "Point", "coordinates": [7.1033242072, 51.2485376254, 144.72]}}, {"type": "Feature", "id": "https://registry.gdi-de.org/de.nw/radnetz/instances/Knoten_Wuppertal_4268_geometry", "name": " (ex-nw:Knoten_Wuppertal_4268_geometry)", "dateprops": [], "properties": {"http://rdfs.org/ns/void#inDataset.value": "4635"}, "geometry": {"type": "Point", "coordinates": [7.1285808943, 51.2774472479, 290.56]}}, {"type": "Feature", "id": "https://registry.gdi-de.org/de.nw/radnetz/instances/Knoten_Wuppertal_2966_geometry", "name": " (ex-nw:Knoten_Wuppertal_2966_geometry)", "dateprops": [], "properties": {"http://rdfs.org/ns/void#inDataset.value": "4635"}, "geometry": {"type": "Point", "coordinates": [7.0889696373, 51.235866347, 137.86]}}, {"type": "Feature", "id": "https://registry.gdi-de.org/de.nw/radnetz/instances/Knoten_Wuppertal_112320102_geometry", "name": " (ex-nw:Knoten_Wuppertal_112320102_geometry)", "dateprops": [], "properties": {"http://rdfs.org/ns/void#inDataset.value": "4635"}, "geometry": {"type": "Point", "coordinates": [7.1592487548, 51.2525584671, 196.46]}}, {"type": "Feature", "id": "https://registry.gdi-de.org/de.nw/radnetz/instances/Knoten_Wuppertal_115050101_geometry", "name": " (ex-nw:Knoten_Wuppertal_115050101_geometry)", "dateprops": [], "properties": {"http://rdfs.org/ns/void#inDataset.value": "4635"}, "geometry": {"type": "Point", "coordinates": [7.19490098, 51.2367115179, 346.08]}}, {"type": "Feature", "id": "https://registry.gdi-de.org/de.nw/radnetz/instances/Knoten_Wuppertal_5279_geometry", "name": " (ex-nw:Knoten_Wuppertal_5279_geometry)", "dateprops": [], "properties": {"http://rdfs.org/ns/void#inDataset.value": "4635"}, "geometry": {"type": "Point", "coordinates": [7.1481491418, 51.2567461662, 143.86]}}, {"type": "Feature", "id": "https://registry.gdi-de.org/de.nw/radnetz/instances/Knoten_Wuppertal_5315_geometry", "name": " (ex-nw:Knoten_Wuppertal_5315_geometry)", "dateprops": [], "properties": {"http://rdfs.org/ns/void#inDataset.value": "4635"}, "geometry": {"type": "Point", "coordinates": [7.1504298371, 51.2176316127, 308.03]}}, {"type": "Feature", "id": "https://registry.gdi-de.org/de.nw/radnetz/instances/Knoten_Wuppertal_60287_geometry", "name": " (ex-nw:Knoten_Wuppertal_60287_geometry)", "dateprops": [], "properties": {"http://rdfs.org/ns/void#inDataset.value": "4635"}, "geometry": {"type": "Point", "coordinates": [7.2403824867, 51.2847989427, 196.61]}}, {"type": "Feature", "id": "https://registry.gdi-de.org/de.nw/radnetz/instances/Knoten_Wuppertal_112110102_geometry", "name": " (ex-nw:Knoten_Wuppertal_112110102_geometry)", "dateprops": [], "properties": {"http://rdfs.org/ns/void#inDataset.value": "4635"}, "geometry": {"type": "Point", "coordinates": [7.1731791776, 51.2838150234, 216.71]}}, {"type": "Feature", "id": "https://registry.gdi-de.org/de.nw/radnetz/instances/Knoten_Wuppertal_2399_geometry", "name": " (ex-nw:Knoten_Wuppertal_2399_geometry)", "dateprops": [], "properties": {"http://rdfs.org/ns/void#inDataset.value": "4635"}, "geometry": {"type": "Point", "coordinates": [7.0634092182, 51.2309016953, 184.45]}}, {"type": "Feature", "id": "https://registry.gdi-de.org/de.nw/radnetz/instances/Knoten_Wuppertal_2596_geometry", "name": " (ex-nw:Knoten_Wuppertal_2596_geometry)", "dateprops": [], "properties": {"http://rdfs.org/ns/void#inDataset.value": "4635"}, "geometry": {"type": "Point", "coordinates": [7.0705410703, 51.2423378884, 206.74]}}, {"type": "Feature", "id": "https://registry.gdi-de.org/de.nw/radnetz/instances/Knoten_Wuppertal_6048_geometry", "name": " (ex-nw:Knoten_Wuppertal_6048_geometry)", "dateprops": [], "properties": {"http://rdfs.org/ns/void#inDataset.value": "4635"}, "geometry": {"type": "Point", "coordinates": [7.1637822984, 51.2455863698, 246.53]}}, {"type": "Feature", "id": "https://registry.gdi-de.org/de.nw/radnetz/instances/Knoten_Wuppertal_2368_geometry", "name": " (ex-nw:Knoten_Wuppertal_2368_geometry)", "dateprops": [], "properties": {"http://rdfs.org/ns/void#inDataset.value": "4635"}, "geometry": {"type": "Point", "coordinates": [7.0618508439, 51.2303765283, 185.75]}}, {"type": "Feature", "id": "https://registry.gdi-de.org/de.nw/radnetz/instances/Knoten_Wuppertal_6614_geometry", "name": " (ex-nw:Knoten_Wuppertal_6614_geometry)", "dateprops": [], "properties": {"http://rdfs.org/ns/void#inDataset.value": "4635"}, "geometry": {"type": "Point", "coordinates": [7.1803215784, 51.2678553847, 153.32]}}, {"type": "Feature", "id": "https://registry.gdi-de.org/de.nw/radnetz/instances/Knoten_Wuppertal_7142_geometry", "name": " (ex-nw:Knoten_Wuppertal_7142_geometry)", "dateprops": [], "properties": {"http://rdfs.org/ns/void#inDataset.value": "4635"}, "geometry": {"type": "Point", "coordinates": [7.1945587084, 51.2360526867, 342.62]}}, {"type": "Feature", "id": "https://registry.gdi-de.org/de.nw/radnetz/instances/Knoten_Wuppertal_8811_geometry", "name": " (ex-nw:Knoten_Wuppertal_8811_geometry)", "dateprops": [], "properties": {"http://rdfs.org/ns/void#inDataset.value": "4635"}, "geometry": {"type": "Point", "coordinates": [7.2318731486, 51.272809243, 186.61]}}, {"type": "Feature", "id": "https://registry.gdi-de.org/de.nw/radnetz/instances/Knoten_Wuppertal_4569_geometry", "name": " (ex-nw:Knoten_Wuppertal_4569_geometry)", "dateprops": [], "properties": {"http://rdfs.org/ns/void#inDataset.value": "4635"}, "geometry": {"type": "Point", "coordinates": [7.1372229664, 51.2091817274, 301.4]}}, {"type": "Feature", "id": "https://registry.gdi-de.org/de.nw/radnetz/instances/Knoten_Wuppertal_112100101_geometry", "name": " (ex-nw:Knoten_Wuppertal_112100101_geometry)", "dateprops": [], "properties": {"http://rdfs.org/ns/void#inDataset.value": "4635"}, "geometry": {"type": "Point", "coordinates": [7.1721055695, 51.2820089161, 211.33]}}, {"type": "Feature", "id": "https://registry.gdi-de.org/de.nw/radnetz/instances/Knoten_Wuppertal_1189691341_geometry", "name": " (ex-nw:Knoten_Wuppertal_1189691341_geometry)", "dateprops": [], "properties": {"http://rdfs.org/ns/void#inDataset.value": "4635"}, "geometry": {"type": "Point", "coordinates": [7.2656926384, 51.1641436011, 345.0]}}, {"type": "Feature", "id": "https://registry.gdi-de.org/de.nw/radnetz/instances/Knoten_Wuppertal_5217_geometry", "name": " (ex-nw:Knoten_Wuppertal_5217_geometry)", "dateprops": [], "properties": {"http://rdfs.org/ns/void#inDataset.value": "4635"}, "geometry": {"type": "Point", "coordinates": [7.1452452349, 51.3054199351, 304.05]}}, {"type": "Feature", "id": "https://registry.gdi-de.org/de.nw/radnetz/instances/Knoten_Wuppertal_122800101_geometry", "name": " (ex-nw:Knoten_Wuppertal_122800101_geometry)", "dateprops": [], "properties": {"http://rdfs.org/ns/void#inDataset.value": "4635"}, "geometry": {"type": "Point", "coordinates": [7.2994136398, 51.2466901554, 206.39]}}, {"type": "Feature", "id": "https://registry.gdi-de.org/de.nw/radnetz/instances/Knoten_Wuppertal_5319_geometry", "name": " (ex-nw:Knoten_Wuppertal_5319_geometry)", "dateprops": [], "properties": {"http://rdfs.org/ns/void#inDataset.value": "4635"}, "geometry": {"type": "Point", "coordinates": [7.148811529, 51.2591263549, 145.11]}}, {"type": "Feature", "id": "https://registry.gdi-de.org/de.nw/radnetz/instances/Knoten_Wuppertal_118750101_geometry", "name": " (ex-nw:Knoten_Wuppertal_118750101_geometry)", "dateprops": [], "properties": {"http://rdfs.org/ns/void#inDataset.value": "4635"}, "geometry": {"type": "Point", "coordinates": [7.063805278, 51.2343773917, 203.66]}}, {"type": "Feature", "id": "https://registry.gdi-de.org/de.nw/radnetz/instances/Knoten_Wuppertal_3161_geometry", "name": " (ex-nw:Knoten_Wuppertal_3161_geometry)", "dateprops": [], "properties": {"http://rdfs.org/ns/void#inDataset.value": "4635"}, "geometry": {"type": "Point", "coordinates": [7.0977772699, 51.2372083965, 136.03]}}, {"type": "Feature", "id": "https://registry.gdi-de.org/de.nw/radnetz/instances/Knoten_Wuppertal_113420101_geometry", "name": " (ex-nw:Knoten_Wuppertal_113420101_geometry)", "dateprops": [], "properties": {"http://rdfs.org/ns/void#inDataset.value": "4635"}, "geometry": {"type": "Point", "coordinates": [7.0836517764, 51.2331201428, 154.36]}}, {"type": "Feature", "id": "https://registry.gdi-de.org/de.nw/radnetz/instances/Knoten_Wuppertal_2374_geometry", "name": " (ex-nw:Knoten_Wuppertal_2374_geometry)", "dateprops": [], "properties": {"http://rdfs.org/ns/void#inDataset.value": "4635"}, "geometry": {"type": "Point", "coordinates": [7.0622950452, 51.231727853, 191.65]}}, {"type": "Feature", "id": "https://registry.gdi-de.org/de.nw/radnetz/instances/Knoten_Wuppertal_1189691370_geometry", "name": " (ex-nw:Knoten_Wuppertal_1189691370_geometry)", "dateprops": [], "properties": {"http://rdfs.org/ns/void#inDataset.value": "4635"}, "geometry": {"type": "Point", "coordinates": [7.2392871426, 51.2950387737, 230.5]}}, {"type": "Feature", "id": "https://registry.gdi-de.org/de.nw/radnetz/instances/Knoten_Wuppertal_113040401_geometry", "name": " (ex-nw:Knoten_Wuppertal_113040401_geometry)", "dateprops": [], "properties": {"http://rdfs.org/ns/void#inDataset.value": "4635"}, "geometry": {"type": "Point", "coordinates": [7.0876053572, 51.2361008896, 137.39]}}, {"type": "Feature", "id": "https://registry.gdi-de.org/de.nw/radnetz/instances/Knoten_Wuppertal_9370_geometry", "name": " (ex-nw:Knoten_Wuppertal_9370_geometry)", "dateprops": [], "properties": {"http://rdfs.org/ns/void#inDataset.value": "4635"}, "geometry": {"type": "Point", "coordinates": [7.2504599713, 51.3095377747, 311.2]}}, {"type": "Feature", "id": "https://registry.gdi-de.org/de.nw/radnetz/instances/Knoten_Wuppertal_2887_geometry", "name": " (ex-nw:Knoten_Wuppertal_2887_geometry)", "dateprops": [], "properties": {"http://rdfs.org/ns/void#inDataset.value": "4635"}, "geometry": {"type": "Point", "coordinates": [7.0846632108, 51.2336455673, 150.68]}}, {"type": "Feature", "id": "https://registry.gdi-de.org/de.nw/radnetz/instances/Knoten_Wuppertal_112200102_geometry", "name": " (ex-nw:Knoten_Wuppertal_112200102_geometry)", "dateprops": [], "properties": {"http://rdfs.org/ns/void#inDataset.value": "4635"}, "geometry": {"type": "Point", "coordinates": [7.1461569999, 51.2571641031, 143.39]}}, {"type": "Feature", "id": "https://registry.gdi-de.org/de.nw/radnetz/instances/Knoten_Wuppertal_113810203_geometry", "name": " (ex-nw:Knoten_Wuppertal_113810203_geometry)", "dateprops": [], "properties": {"http://rdfs.org/ns/void#inDataset.value": "4635"}, "geometry": {"type": "Point", "coordinates": [7.1245330607, 51.2493743998, 139.89]}}, {"type": "Feature", "id": "https://registry.gdi-de.org/de.nw/radnetz/instances/Knoten_Wuppertal_5601_geometry", "name": " (ex-nw:Knoten_Wuppertal_5601_geometry)", "dateprops": [], "properties": {"http://rdfs.org/ns/void#inDataset.value": "4635"}, "geometry": {"type": "Point", "coordinates": [7.1546753568, 51.2432137286, 263.08]}}, {"type": "Feature", "id": "https://registry.gdi-de.org/de.nw/radnetz/instances/Knoten_Wuppertal_4345_geometry", "name": " (ex-nw:Knoten_Wuppertal_4345_geometry)", "dateprops": [], "properties": {"http://rdfs.org/ns/void#inDataset.value": "4635"}, "geometry": {"type": "Point", "coordinates": [7.1303203612, 51.2699049552, 239.44]}}, {"type": "Feature", "id": "https://registry.gdi-de.org/de.nw/radnetz/instances/Knoten_Wuppertal_9946_geometry", "name": " (ex-nw:Knoten_Wuppertal_9946_geometry)", "dateprops": [], "properties": {"http://rdfs.org/ns/void#inDataset.value": "4635"}, "geometry": {"type": "Point", "coordinates": [7.2891624348, 51.2501269555, 189.2]}}, {"type": "Feature", "id": "https://registry.gdi-de.org/de.nw/radnetz/instances/Knoten_Wuppertal_110680101_geometry", "name": " (ex-nw:Knoten_Wuppertal_110680101_geometry)", "dateprops": [], "properties": {"http://rdfs.org/ns/void#inDataset.value": "4635"}, "geometry": {"type": "Point", "coordinates": [7.1042320948, 51.252708726, 155.82]}}, {"type": "Feature", "id": "https://registry.gdi-de.org/de.nw/radnetz/instances/Knoten_Wuppertal_3167_geometry", "name": " (ex-nw:Knoten_Wuppertal_3167_geometry)", "dateprops": [], "properties": {"http://rdfs.org/ns/void#inDataset.value": "4635"}, "geometry": {"type": "Point", "coordinates": [7.0983612622, 51.2312292327, 130.53]}}, {"type": "Feature", "id": "https://registry.gdi-de.org/de.nw/radnetz/instances/Knoten_Wuppertal_60281_geometry", "name": " (ex-nw:Knoten_Wuppertal_60281_geometry)", "dateprops": [], "properties": {"http://rdfs.org/ns/void#inDataset.value": "4635"}, "geometry": {"type": "Point", "coordinates": [7.2255289969, 51.2836283248, 189.12]}}, {"type": "Feature", "id": "https://registry.gdi-de.org/de.nw/radnetz/instances/Knoten_Wuppertal_4294_geometry", "name": " (ex-nw:Knoten_Wuppertal_4294_geometry)", "dateprops": [], "properties": {"http://rdfs.org/ns/void#inDataset.value": "4635"}, "geometry": {"type": "Point", "coordinates": [7.1301221329, 51.2534672058, 146.59]}}, {"type": "Feature", "id": "https://registry.gdi-de.org/de.nw/radnetz/instances/Knoten_Wuppertal_1189691244_geometry", "name": " (ex-nw:Knoten_Wuppertal_1189691244_geometry)", "dateprops": [], "properties": {"http://rdfs.org/ns/void#inDataset.value": "4635"}, "geometry": {"type": "Point", "coordinates": [7.1076219028, 51.2036482414, 120.79]}}, {"type": "Feature", "id": "https://registry.gdi-de.org/de.nw/radnetz/instances/Knoten_Wuppertal_9128_geometry", "name": " (ex-nw:Knoten_Wuppertal_9128_geometry)", "dateprops": [], "properties": {"http://rdfs.org/ns/void#inDataset.value": "4635"}, "geometry": {"type": "Point", "coordinates": [7.2438039954, 51.2289380857, 259.76]}}, {"type": "Feature", "id": "https://registry.gdi-de.org/de.nw/radnetz/instances/Knoten_Wuppertal_8880_geometry", "name": " (ex-nw:Knoten_Wuppertal_8880_geometry)", "dateprops": [], "properties": {"http://rdfs.org/ns/void#inDataset.value": "4635"}, "geometry": {"type": "Point", "coordinates": [7.2341186189, 51.2668296687, 165.03]}}, {"type": "Feature", "id": "https://registry.gdi-de.org/de.nw/radnetz/instances/Knoten_Wuppertal_6519_geometry", "name": " (ex-nw:Knoten_Wuppertal_6519_geometry)", "dateprops": [], "properties": {"http://rdfs.org/ns/void#inDataset.value": "4635"}, "geometry": {"type": "Point", "coordinates": [7.1775576598, 51.2654249764, 151.28]}}, {"type": "Feature", "id": "https://registry.gdi-de.org/de.nw/radnetz/instances/Knoten_Wuppertal_110720102_geometry", "name": " (ex-nw:Knoten_Wuppertal_110720102_geometry)", "dateprops": [], "properties": {"http://rdfs.org/ns/void#inDataset.value": "4635"}, "geometry": {"type": "Point", "coordinates": [7.1404053458, 51.2545667887, 143.77]}}, {"type": "Feature", "id": "https://registry.gdi-de.org/de.nw/radnetz/instances/Knoten_Wuppertal_8759_geometry", "name": " (ex-nw:Knoten_Wuppertal_8759_geometry)", "dateprops": [], "properties": {"http://rdfs.org/ns/void#inDataset.value": "4635"}, "geometry": {"type": "Point", "coordinates": [7.2306793006, 51.2569589251, 176.23]}}, {"type": "Feature", "id": "https://registry.gdi-de.org/de.nw/radnetz/instances/Knoten_Wuppertal_116310101_geometry", "name": " (ex-nw:Knoten_Wuppertal_116310101_geometry)", "dateprops": [], "properties": {"http://rdfs.org/ns/void#inDataset.value": "4635"}, "geometry": {"type": "Point", "coordinates": [7.237293183, 51.2736601013, 198.68]}}, {"type": "Feature", "id": "https://registry.gdi-de.org/de.nw/radnetz/instances/Knoten_Wuppertal_7833_geometry", "name": " (ex-nw:Knoten_Wuppertal_7833_geometry)", "dateprops": [], "properties": {"http://rdfs.org/ns/void#inDataset.value": "4635"}, "geometry": {"type": "Point", "coordinates": [7.2077064682, 51.2365682732, 332.86]}}, {"type": "Feature", "id": "https://registry.gdi-de.org/de.nw/radnetz/instances/Knoten_Wuppertal_113370101_geometry", "name": " (ex-nw:Knoten_Wuppertal_113370101_geometry)", "dateprops": [], "properties": {"http://rdfs.org/ns/void#inDataset.value": "4635"}, "geometry": {"type": "Point", "coordinates": [7.0618400044, 51.2319304938, 194.61]}}, {"type": "Feature", "id": "https://registry.gdi-de.org/de.nw/radnetz/instances/Knoten_Wuppertal_6378_geometry", "name": " (ex-nw:Knoten_Wuppertal_6378_geometry)", "dateprops": [], "properties": {"http://rdfs.org/ns/void#inDataset.value": "4635"}, "geometry": {"type": "Point", "coordinates": [7.1736975669, 51.2422422872, 320.92]}}, {"type": "Feature", "id": "https://registry.gdi-de.org/de.nw/radnetz/instances/Knoten_Wuppertal_118350102_geometry", "name": " (ex-nw:Knoten_Wuppertal_118350102_geometry)", "dateprops": [], "properties": {"http://rdfs.org/ns/void#inDataset.value": "4635"}, "geometry": {"type": "Point", "coordinates": [7.1099484457, 51.287488638, 252.46]}}, {"type": "Feature", "id": "https://registry.gdi-de.org/de.nw/radnetz/instances/Knoten_Wuppertal_115060201_geometry", "name": " (ex-nw:Knoten_Wuppertal_115060201_geometry)", "dateprops": [], "properties": {"http://rdfs.org/ns/void#inDataset.value": "4635"}, "geometry": {"type": "Point", "coordinates": [7.1912939434, 51.242538942, 341.45]}}, {"type": "Feature", "id": "https://registry.gdi-de.org/de.nw/radnetz/instances/Knoten_Wuppertal_99999904_geometry", "name": " (ex-nw:Knoten_Wuppertal_99999904_geometry)", "dateprops": [], "properties": {"http://rdfs.org/ns/void#inDataset.value": "4635"}, "geometry": {"type": "Point", "coordinates": [7.231030572, 51.2777067149, 188.6]}}, {"type": "Feature", "id": "https://registry.gdi-de.org/de.nw/radnetz/instances/Knoten_Wuppertal_8161_geometry", "name": " (ex-nw:Knoten_Wuppertal_8161_geometry)", "dateprops": [], "properties": {"http://rdfs.org/ns/void#inDataset.value": "4635"}, "geometry": {"type": "Point", "coordinates": [7.2132675166, 51.2744012771, 157.84]}}, {"type": "Feature", "id": "https://registry.gdi-de.org/de.nw/radnetz/instances/Knoten_Wuppertal_9290_geometry", "name": " (ex-nw:Knoten_Wuppertal_9290_geometry)", "dateprops": [], "properties": {"http://rdfs.org/ns/void#inDataset.value": "4635"}, "geometry": {"type": "Point", "coordinates": [7.2480139148, 51.298400124, 245.45]}}, {"type": "Feature", "id": "https://registry.gdi-de.org/de.nw/radnetz/instances/Knoten_Wuppertal_1189691205_geometry", "name": " (ex-nw:Knoten_Wuppertal_1189691205_geometry)", "dateprops": [], "properties": {"http://rdfs.org/ns/void#inDataset.value": "4635"}, "geometry": {"type": "Point", "coordinates": [7.1290356725, 51.2514862859, 140.42]}}, {"type": "Feature", "id": "https://registry.gdi-de.org/de.nw/radnetz/instances/Knoten_Wuppertal_2524_geometry", "name": " (ex-nw:Knoten_Wuppertal_2524_geometry)", "dateprops": [], "properties": {"http://rdfs.org/ns/void#inDataset.value": "4635"}, "geometry": {"type": "Point", "coordinates": [7.0687786509, 51.2077750126, 207.69]}}, {"type": "Feature", "id": "https://registry.gdi-de.org/de.nw/radnetz/instances/Knoten_Wuppertal_6488_geometry", "name": " (ex-nw:Knoten_Wuppertal_6488_geometry)", "dateprops": [], "properties": {"http://rdfs.org/ns/void#inDataset.value": "4635"}, "geometry": {"type": "Point", "coordinates": [7.1774861852, 51.2430856149, 314.99]}}, {"type": "Feature", "id": "https://registry.gdi-de.org/de.nw/radnetz/instances/Knoten_Wuppertal_7039_geometry", "name": " (ex-nw:Knoten_Wuppertal_7039_geometry)", "dateprops": [], "properties": {"http://rdfs.org/ns/void#inDataset.value": "4635"}, "geometry": {"type": "Point", "coordinates": [7.1923747602, 51.2406872885, 344.18]}}, {"type": "Feature", "id": "https://registry.gdi-de.org/de.nw/radnetz/instances/Knoten_Wuppertal_7846_geometry", "name": " (ex-nw:Knoten_Wuppertal_7846_geometry)", "dateprops": [], "properties": {"http://rdfs.org/ns/void#inDataset.value": "4635"}, "geometry": {"type": "Point", "coordinates": [7.2062642687, 51.2806651618, 187.33]}}, {"type": "Feature", "id": "https://registry.gdi-de.org/de.nw/radnetz/instances/Knoten_Wuppertal_1189691375_geometry", "name": " (ex-nw:Knoten_Wuppertal_1189691375_geometry)", "dateprops": [], "properties": {"http://rdfs.org/ns/void#inDataset.value": "4635"}, "geometry": {"type": "Point", "coordinates": [7.2037886164, 51.2779064668, 183.52]}}, {"type": "Feature", "id": "https://registry.gdi-de.org/de.nw/radnetz/instances/Knoten_Wuppertal_112800101_geometry", "name": " (ex-nw:Knoten_Wuppertal_112800101_geometry)", "dateprops": [], "properties": {"http://rdfs.org/ns/void#inDataset.value": "4635"}, "geometry": {"type": "Point", "coordinates": [7.1280039254, 51.2788973974, 291.26]}}, {"type": "Feature", "id": "https://registry.gdi-de.org/de.nw/radnetz/instances/Knoten_Wuppertal_1189691387_geometry", "name": " (ex-nw:Knoten_Wuppertal_1189691387_geometry)", "dateprops": [], "properties": {"http://rdfs.org/ns/void#inDataset.value": "4635"}, "geometry": {"type": "Point", "coordinates": [7.1305651288, 51.2690606556, 231.1]}}, {"type": "Feature", "id": "https://registry.gdi-de.org/de.nw/radnetz/instances/Knoten_Wuppertal_6008_geometry", "name": " (ex-nw:Knoten_Wuppertal_6008_geometry)", "dateprops": [], "properties": {"http://rdfs.org/ns/void#inDataset.value": "4635"}, "geometry": {"type": "Point", "coordinates": [7.161399078, 51.2761469323, 203.75]}}, {"type": "Feature", "id": "https://registry.gdi-de.org/de.nw/radnetz/instances/Knoten_Wuppertal_7447_geometry", "name": " (ex-nw:Knoten_Wuppertal_7447_geometry)", "dateprops": [], "properties": {"http://rdfs.org/ns/void#inDataset.value": "4635"}, "geometry": {"type": "Point", "coordinates": [7.1992059806, 51.2374731159, 342.5]}}, {"type": "Feature", "id": "https://registry.gdi-de.org/de.nw/radnetz/instances/Knoten_Wuppertal_99999908_geometry", "name": " (ex-nw:Knoten_Wuppertal_99999908_geometry)", "dateprops": [], "properties": {"http://rdfs.org/ns/void#inDataset.value": "4635"}, "geometry": {"type": "Point", "coordinates": [7.2408404177, 51.2787375508, 182.0]}}, {"type": "Feature", "id": "https://registry.gdi-de.org/de.nw/radnetz/instances/Knoten_Wuppertal_2779_geometry", "name": " (ex-nw:Knoten_Wuppertal_2779_geometry)", "dateprops": [], "properties": {"http://rdfs.org/ns/void#inDataset.value": "4635"}, "geometry": {"type": "Point", "coordinates": [7.0782287765, 51.2316955168, 167.34]}}, {"type": "Feature", "id": "https://registry.gdi-de.org/de.nw/radnetz/instances/Knoten_Wuppertal_4518_geometry", "name": " (ex-nw:Knoten_Wuppertal_4518_geometry)", "dateprops": [], "properties": {"http://rdfs.org/ns/void#inDataset.value": "4635"}, "geometry": {"type": "Point", "coordinates": [7.1345547495, 51.2534034649, 141.72]}}, {"type": "Feature", "id": "https://registry.gdi-de.org/de.nw/radnetz/instances/Knoten_Wuppertal_7280_geometry", "name": " (ex-nw:Knoten_Wuppertal_7280_geometry)", "dateprops": [], "properties": {"http://rdfs.org/ns/void#inDataset.value": "4635"}, "geometry": {"type": "Point", "coordinates": [7.1954590926, 51.2701575552, 154.42]}}, {"type": "Feature", "id": "https://registry.gdi-de.org/de.nw/radnetz/instances/Knoten_Wuppertal_8201_geometry", "name": " (ex-nw:Knoten_Wuppertal_8201_geometry)", "dateprops": [], "properties": {"http://rdfs.org/ns/void#inDataset.value": "4635"}, "geometry": {"type": "Point", "coordinates": [7.214289868, 51.2744837606, 158.33]}}, {"type": "Feature", "id": "https://registry.gdi-de.org/de.nw/radnetz/instances/Knoten_Wuppertal_4673_geometry", "name": " (ex-nw:Knoten_Wuppertal_4673_geometry)", "dateprops": [], "properties": {"http://rdfs.org/ns/void#inDataset.value": "4635"}, "geometry": {"type": "Point", "coordinates": [7.1379537919, 51.2567216724, 143.48]}}, {"type": "Feature", "id": "https://registry.gdi-de.org/de.nw/radnetz/instances/Knoten_Wuppertal_60292_geometry", "name": " (ex-nw:Knoten_Wuppertal_60292_geometry)", "dateprops": [], "properties": {"http://rdfs.org/ns/void#inDataset.value": "4635"}, "geometry": {"type": "Point", "coordinates": [7.2496523416, 51.2827317621, 194.81]}}, {"type": "Feature", "id": "https://registry.gdi-de.org/de.nw/radnetz/instances/Knoten_Wuppertal_1189691303_geometry", "name": " (ex-nw:Knoten_Wuppertal_1189691303_geometry)", "dateprops": [], "properties": {"http://rdfs.org/ns/void#inDataset.value": "4635"}, "geometry": {"type": "Point", "coordinates": [7.3113295501, 51.2205226401, 222.0]}}, {"type": "Feature", "id": "https://registry.gdi-de.org/de.nw/radnetz/instances/Knoten_Wuppertal_1189690456_geometry", "name": " (ex-nw:Knoten_Wuppertal_1189690456_geometry)", "dateprops": [], "properties": {"http://rdfs.org/ns/void#inDataset.value": "4635"}, "geometry": {"type": "Point", "coordinates": [7.1645071823, 51.277527213, 200.2]}}, {"type": "Feature", "id": "https://registry.gdi-de.org/de.nw/radnetz/instances/Knoten_Wuppertal_60278_geometry", "name": " (ex-nw:Knoten_Wuppertal_60278_geometry)", "dateprops": [], "properties": {"http://rdfs.org/ns/void#inDataset.value": "4635"}, "geometry": {"type": "Point", "coordinates": [7.2237091524, 51.2795928757, 188.68]}}, {"type": "Feature", "id": "https://registry.gdi-de.org/de.nw/radnetz/instances/Knoten_Wuppertal_4922_geometry", "name": " (ex-nw:Knoten_Wuppertal_4922_geometry)", "dateprops": [], "properties": {"http://rdfs.org/ns/void#inDataset.value": "4635"}, "geometry": {"type": "Point", "coordinates": [7.14399618, 51.2260956015, 305.35]}}, {"type": "Feature", "id": "https://registry.gdi-de.org/de.nw/radnetz/instances/Knoten_Wuppertal_9317_geometry", "name": " (ex-nw:Knoten_Wuppertal_9317_geometry)", "dateprops": [], "properties": {"http://rdfs.org/ns/void#inDataset.value": "4635"}, "geometry": {"type": "Point", "coordinates": [7.2488517768, 51.3119497776, 321.27]}}, {"type": "Feature", "id": "https://registry.gdi-de.org/de.nw/radnetz/instances/Knoten_Wuppertal_3740_geometry", "name": " (ex-nw:Knoten_Wuppertal_3740_geometry)", "dateprops": [], "properties": {"http://rdfs.org/ns/void#inDataset.value": "4635"}, "geometry": {"type": "Point", "coordinates": [7.1170456461, 51.2827801855, 272.58]}}, {"type": "Feature", "id": "https://registry.gdi-de.org/de.nw/radnetz/instances/Knoten_Wuppertal_9373_geometry", "name": " (ex-nw:Knoten_Wuppertal_9373_geometry)", "dateprops": [], "properties": {"http://rdfs.org/ns/void#inDataset.value": "4635"}, "geometry": {"type": "Point", "coordinates": [7.250858522, 51.300240011, 256.06]}}, {"type": "Feature", "id": "https://registry.gdi-de.org/de.nw/radnetz/instances/Knoten_Wuppertal_116210102_geometry", "name": " (ex-nw:Knoten_Wuppertal_116210102_geometry)", "dateprops": [], "properties": {"http://rdfs.org/ns/void#inDataset.value": "4635"}, "geometry": {"type": "Point", "coordinates": [7.2360909164, 51.2773016744, 168.54]}}, {"type": "Feature", "id": "https://registry.gdi-de.org/de.nw/radnetz/instances/Knoten_Wuppertal_60272_geometry", "name": " (ex-nw:Knoten_Wuppertal_60272_geometry)", "dateprops": [], "properties": {"http://rdfs.org/ns/void#inDataset.value": "4635"}, "geometry": {"type": "Point", "coordinates": [7.2207314702, 51.2782457708, 188.38]}}, {"type": "Feature", "id": "https://registry.gdi-de.org/de.nw/radnetz/instances/Knoten_Wuppertal_5432_geometry", "name": " (ex-nw:Knoten_Wuppertal_5432_geometry)", "dateprops": [], "properties": {"http://rdfs.org/ns/void#inDataset.value": "4635"}, "geometry": {"type": "Point", "coordinates": [7.1521174957, 51.221683266, 326.18]}}, {"type": "Feature", "id": "https://registry.gdi-de.org/de.nw/radnetz/instances/Knoten_Wuppertal_8077_geometry", "name": " (ex-nw:Knoten_Wuppertal_8077_geometry)", "dateprops": [], "properties": {"http://rdfs.org/ns/void#inDataset.value": "4635"}, "geometry": {"type": "Point", "coordinates": [7.2114240781, 51.2742409595, 157.31]}}, {"type": "Feature", "id": "https://registry.gdi-de.org/de.nw/radnetz/instances/Knoten_Wuppertal_5135_geometry", "name": " (ex-nw:Knoten_Wuppertal_5135_geometry)", "dateprops": [], "properties": {"http://rdfs.org/ns/void#inDataset.value": "4635"}, "geometry": {"type": "Point", "coordinates": [7.1457479504, 51.2636284559, 161.11]}}, {"type": "Feature", "id": "https://registry.gdi-de.org/de.nw/radnetz/instances/Knoten_Wuppertal_6915_geometry", "name": " (ex-nw:Knoten_Wuppertal_6915_geometry)", "dateprops": [], "properties": {"http://rdfs.org/ns/void#inDataset.value": "4635"}, "geometry": {"type": "Point", "coordinates": [7.1905715442, 51.2247705258, 315.76]}}, {"type": "Feature", "id": "https://registry.gdi-de.org/de.nw/radnetz/instances/Knoten_Wuppertal_114570102_geometry", "name": " (ex-nw:Knoten_Wuppertal_114570102_geometry)", "dateprops": [], "properties": {"http://rdfs.org/ns/void#inDataset.value": "4635"}, "geometry": {"type": "Point", "coordinates": [7.0706105501, 51.247933255, 198.53]}}, {"type": "Feature", "id": "https://registry.gdi-de.org/de.nw/radnetz/instances/Knoten_Wuppertal_4184_geometry", "name": " (ex-nw:Knoten_Wuppertal_4184_geometry)", "dateprops": [], "properties": {"http://rdfs.org/ns/void#inDataset.value": "4635"}, "geometry": {"type": "Point", "coordinates": [7.1266459556, 51.2960766004, 207.5]}}, {"type": "Feature", "id": "https://registry.gdi-de.org/de.nw/radnetz/instances/Knoten_Wuppertal_1189691342_geometry", "name": " (ex-nw:Knoten_Wuppertal_1189691342_geometry)", "dateprops": [], "properties": {"http://rdfs.org/ns/void#inDataset.value": "4635"}, "geometry": {"type": "Point", "coordinates": [7.2501642961, 51.1807777903, 342.0]}}, {"type": "Feature", "id": "https://registry.gdi-de.org/de.nw/radnetz/instances/Knoten_Wuppertal_2606_geometry", "name": " (ex-nw:Knoten_Wuppertal_2606_geometry)", "dateprops": [], "properties": {"http://rdfs.org/ns/void#inDataset.value": "4635"}, "geometry": {"type": "Point", "coordinates": [7.0707802565, 51.2434903692, 202.98]}}, {"type": "Feature", "id": "https://registry.gdi-de.org/de.nw/radnetz/instances/Knoten_Wuppertal_4868_geometry", "name": " (ex-nw:Knoten_Wuppertal_4868_geometry)", "dateprops": [], "properties": {"http://rdfs.org/ns/void#inDataset.value": "4635"}, "geometry": {"type": "Point", "coordinates": [7.1408932744, 51.2822533637, 283.81]}}, {"type": "Feature", "id": "https://registry.gdi-de.org/de.nw/radnetz/instances/Knoten_Wuppertal_60085_geometry", "name": " (ex-nw:Knoten_Wuppertal_60085_geometry)", "dateprops": [], "properties": {"http://rdfs.org/ns/void#inDataset.value": "4635"}, "geometry": {"type": "Point", "coordinates": [7.1784718655, 51.242476339, 328.5]}}, {"type": "Feature", "id": "https://registry.gdi-de.org/de.nw/radnetz/instances/Knoten_Wuppertal_5605_geometry", "name": " (ex-nw:Knoten_Wuppertal_5605_geometry)", "dateprops": [], "properties": {"http://rdfs.org/ns/void#inDataset.value": "4635"}, "geometry": {"type": "Point", "coordinates": [7.1541336939, 51.2581949123, 145.96]}}, {"type": "Feature", "id": "https://registry.gdi-de.org/de.nw/radnetz/instances/Knoten_Wuppertal_60216_geometry", "name": " (ex-nw:Knoten_Wuppertal_60216_geometry)", "dateprops": [], "properties": {"http://rdfs.org/ns/void#inDataset.value": "4635"}, "geometry": {"type": "Point", "coordinates": [7.0799232562, 51.2391668568, 173.5]}}, {"type": "Feature", "id": "https://registry.gdi-de.org/de.nw/radnetz/instances/Knoten_Wuppertal_7229_geometry", "name": " (ex-nw:Knoten_Wuppertal_7229_geometry)", "dateprops": [], "properties": {"http://rdfs.org/ns/void#inDataset.value": "4635"}, "geometry": {"type": "Point", "coordinates": [7.1946809077, 51.2692806322, 153.27]}}, {"type": "Feature", "id": "https://registry.gdi-de.org/de.nw/radnetz/instances/Knoten_Wuppertal_2738_geometry", "name": " (ex-nw:Knoten_Wuppertal_2738_geometry)", "dateprops": [], "properties": {"http://rdfs.org/ns/void#inDataset.value": "4635"}, "geometry": {"type": "Point", "coordinates": [7.075820368, 51.2422660958, 171.12]}}, {"type": "Feature", "id": "https://registry.gdi-de.org/de.nw/radnetz/instances/Knoten_Wuppertal_2329_geometry", "name": " (ex-nw:Knoten_Wuppertal_2329_geometry)", "dateprops": [], "properties": {"http://rdfs.org/ns/void#inDataset.value": "4635"}, "geometry": {"type": "Point", "coordinates": [7.0600576615, 51.2340446512, 209.46]}}, {"type": "Feature", "id": "https://registry.gdi-de.org/de.nw/radnetz/instances/Knoten_Wuppertal_3805_geometry", "name": " (ex-nw:Knoten_Wuppertal_3805_geometry)", "dateprops": [], "properties": {"http://rdfs.org/ns/void#inDataset.value": "4635"}, "geometry": {"type": "Point", "coordinates": [7.1221459673, 51.2042266126, 279.1]}}, {"type": "Feature", "id": "https://registry.gdi-de.org/de.nw/radnetz/instances/Knoten_Wuppertal_5152_geometry", "name": " (ex-nw:Knoten_Wuppertal_5152_geometry)", "dateprops": [], "properties": {"http://rdfs.org/ns/void#inDataset.value": "4635"}, "geometry": {"type": "Point", "coordinates": [7.1462407896, 51.2565577428, 142.78]}}, {"type": "Feature", "id": "https://registry.gdi-de.org/de.nw/radnetz/instances/Knoten_Wuppertal_116420101_geometry", "name": " (ex-nw:Knoten_Wuppertal_116420101_geometry)", "dateprops": [], "properties": {"http://rdfs.org/ns/void#inDataset.value": "4635"}, "geometry": {"type": "Point", "coordinates": [7.2367780363, 51.2636747245, 168.92]}}, {"type": "Feature", "id": "https://registry.gdi-de.org/de.nw/radnetz/instances/Knoten_Wuppertal_6258_geometry", "name": " (ex-nw:Knoten_Wuppertal_6258_geometry)", "dateprops": [], "properties": {"http://rdfs.org/ns/void#inDataset.value": "4635"}, "geometry": {"type": "Point", "coordinates": [7.1681870221, 51.2802041267, 203.35]}}, {"type": "Feature", "id": "https://registry.gdi-de.org/de.nw/radnetz/instances/Knoten_Wuppertal_2245_geometry", "name": " (ex-nw:Knoten_Wuppertal_2245_geometry)", "dateprops": [], "properties": {"http://rdfs.org/ns/void#inDataset.value": "4635"}, "geometry": {"type": "Point", "coordinates": [7.0533894198, 51.2529250817, 180.25]}}, {"type": "Feature", "id": "https://registry.gdi-de.org/de.nw/radnetz/instances/Knoten_Wuppertal_2563_geometry", "name": " (ex-nw:Knoten_Wuppertal_2563_geometry)", "dateprops": [], "properties": {"http://rdfs.org/ns/void#inDataset.value": "4635"}, "geometry": {"type": "Point", "coordinates": [7.0664299981, 51.3133230854, 263.1]}}, {"type": "Feature", "id": "https://registry.gdi-de.org/de.nw/radnetz/instances/Knoten_Wuppertal_3292_geometry", "name": " (ex-nw:Knoten_Wuppertal_3292_geometry)", "dateprops": [], "properties": {"http://rdfs.org/ns/void#inDataset.value": "4635"}, "geometry": {"type": "Point", "coordinates": [7.1038623294, 51.2480899252, 143.96]}}, {"type": "Feature", "id": "https://registry.gdi-de.org/de.nw/radnetz/instances/Knoten_Wuppertal_60245_geometry", "name": " (ex-nw:Knoten_Wuppertal_60245_geometry)", "dateprops": [], "properties": {"http://rdfs.org/ns/void#inDataset.value": "4635"}, "geometry": {"type": "Point", "coordinates": [7.1515828271, 51.2682480147, 183.58]}}, {"type": "Feature", "id": "https://registry.gdi-de.org/de.nw/radnetz/instances/Knoten_Wuppertal_9022_geometry", "name": " (ex-nw:Knoten_Wuppertal_9022_geometry)", "dateprops": [], "properties": {"http://rdfs.org/ns/void#inDataset.value": "4635"}, "geometry": {"type": "Point", "coordinates": [7.2384832722, 51.2720313239, 196.83]}}, {"type": "Feature", "id": "https://registry.gdi-de.org/de.nw/radnetz/instances/Knoten_Wuppertal_113830102_geometry", "name": " (ex-nw:Knoten_Wuppertal_113830102_geometry)", "dateprops": [], "properties": {"http://rdfs.org/ns/void#inDataset.value": "4635"}, "geometry": {"type": "Point", "coordinates": [7.1120738816, 51.2493631678, 137.7]}}, {"type": "Feature", "id": "https://registry.gdi-de.org/de.nw/radnetz/instances/Knoten_Wuppertal_1189691216_geometry", "name": " (ex-nw:Knoten_Wuppertal_1189691216_geometry)", "dateprops": [], "properties": {"http://rdfs.org/ns/void#inDataset.value": "4635"}, "geometry": {"type": "Point", "coordinates": [7.236813171, 51.3252735319, 243.97]}}, {"type": "Feature", "id": "https://registry.gdi-de.org/de.nw/radnetz/instances/Knoten_Wuppertal_1189691218_geometry", "name": " (ex-nw:Knoten_Wuppertal_1189691218_geometry)", "dateprops": [], "properties": {"http://rdfs.org/ns/void#inDataset.value": "4635"}, "geometry": {"type": "Point", "coordinates": [7.1679769052, 51.2390286139, 320.63]}}, {"type": "Feature", "id": "https://registry.gdi-de.org/de.nw/radnetz/instances/Knoten_Wuppertal_1189691277_geometry", "name": " (ex-nw:Knoten_Wuppertal_1189691277_geometry)", "dateprops": [], "properties": {"http://rdfs.org/ns/void#inDataset.value": "4635"}, "geometry": {"type": "Point", "coordinates": [7.2407891256, 51.3027329138, 243.2]}}, {"type": "Feature", "id": "https://registry.gdi-de.org/de.nw/radnetz/instances/Knoten_Wuppertal_113550102_geometry", "name": " (ex-nw:Knoten_Wuppertal_113550102_geometry)", "dateprops": [], "properties": {"http://rdfs.org/ns/void#inDataset.value": "4635"}, "geometry": {"type": "Point", "coordinates": [7.0624243249, 51.2246643604, 202.06]}}, {"type": "Feature", "id": "https://registry.gdi-de.org/de.nw/radnetz/instances/Knoten_Wuppertal_8853_geometry", "name": " (ex-nw:Knoten_Wuppertal_8853_geometry)", "dateprops": [], "properties": {"http://rdfs.org/ns/void#inDataset.value": "4635"}, "geometry": {"type": "Point", "coordinates": [7.2347427535, 51.2284901533, 300.93]}}, {"type": "Feature", "id": "https://registry.gdi-de.org/de.nw/radnetz/instances/Knoten_Wuppertal_60285_geometry", "name": " (ex-nw:Knoten_Wuppertal_60285_geometry)", "dateprops": [], "properties": {"http://rdfs.org/ns/void#inDataset.value": "4635"}, "geometry": {"type": "Point", "coordinates": [7.2332453114, 51.2885272254, 190.86]}}, {"type": "Feature", "id": "https://registry.gdi-de.org/de.nw/radnetz/instances/Knoten_Wuppertal_4823_geometry", "name": " (ex-nw:Knoten_Wuppertal_4823_geometry)", "dateprops": [], "properties": {"http://rdfs.org/ns/void#inDataset.value": "4635"}, "geometry": {"type": "Point", "coordinates": [7.1410749994, 51.2576605987, 143.53]}}, {"type": "Feature", "id": "https://registry.gdi-de.org/de.nw/radnetz/instances/Knoten_Wuppertal_3640_geometry", "name": " (ex-nw:Knoten_Wuppertal_3640_geometry)", "dateprops": [], "properties": {"http://rdfs.org/ns/void#inDataset.value": "4635"}, "geometry": {"type": "Point", "coordinates": [7.1175174465, 51.2024349906, 255.34]}}, {"type": "Feature", "id": "https://registry.gdi-de.org/de.nw/radnetz/instances/Knoten_Wuppertal_4274_geometry", "name": " (ex-nw:Knoten_Wuppertal_4274_geometry)", "dateprops": [], "properties": {"http://rdfs.org/ns/void#inDataset.value": "4635"}, "geometry": {"type": "Point", "coordinates": [7.1317831348, 51.2035816255, 283.17]}}, {"type": "Feature", "id": "https://registry.gdi-de.org/de.nw/radnetz/instances/Knoten_Wuppertal_115500102_geometry", "name": " (ex-nw:Knoten_Wuppertal_115500102_geometry)", "dateprops": [], "properties": {"http://rdfs.org/ns/void#inDataset.value": "4635"}, "geometry": {"type": "Point", "coordinates": [7.2297600522, 51.2584307445, 180.7]}}, {"type": "Feature", "id": "https://registry.gdi-de.org/de.nw/radnetz/instances/Knoten_Wuppertal_5534_geometry", "name": " (ex-nw:Knoten_Wuppertal_5534_geometry)", "dateprops": [], "properties": {"http://rdfs.org/ns/void#inDataset.value": "4635"}, "geometry": {"type": "Point", "coordinates": [7.1536233093, 51.2348017245, 326.4]}}, {"type": "Feature", "id": "https://registry.gdi-de.org/de.nw/radnetz/instances/Knoten_Wuppertal_7509_geometry", "name": " (ex-nw:Knoten_Wuppertal_7509_geometry)", "dateprops": [], "properties": {"http://rdfs.org/ns/void#inDataset.value": "4635"}, "geometry": {"type": "Point", "coordinates": [7.200896042, 51.2264152726, 271.6]}}, {"type": "Feature", "id": "https://registry.gdi-de.org/de.nw/radnetz/instances/Knoten_Wuppertal_8353_geometry", "name": " (ex-nw:Knoten_Wuppertal_8353_geometry)", "dateprops": [], "properties": {"http://rdfs.org/ns/void#inDataset.value": "4635"}, "geometry": {"type": "Point", "coordinates": [7.217862624, 51.2751316471, 159.87]}}, {"type": "Feature", "id": "https://registry.gdi-de.org/de.nw/radnetz/instances/Knoten_Wuppertal_5961_geometry", "name": " (ex-nw:Knoten_Wuppertal_5961_geometry)", "dateprops": [], "properties": {"http://rdfs.org/ns/void#inDataset.value": "4635"}, "geometry": {"type": "Point", "coordinates": [7.1622539043, 51.2217110243, 222.71]}}, {"type": "Feature", "id": "https://registry.gdi-de.org/de.nw/radnetz/instances/Knoten_Wuppertal_5185_geometry", "name": " (ex-nw:Knoten_Wuppertal_5185_geometry)", "dateprops": [], "properties": {"http://rdfs.org/ns/void#inDataset.value": "4635"}, "geometry": {"type": "Point", "coordinates": [7.145617321, 51.2832765417, 292.01]}}, {"type": "Feature", "id": "https://registry.gdi-de.org/de.nw/radnetz/instances/Knoten_Wuppertal_1189691147_geometry", "name": " (ex-nw:Knoten_Wuppertal_1189691147_geometry)", "dateprops": [], "properties": {"http://rdfs.org/ns/void#inDataset.value": "4635"}, "geometry": {"type": "Point", "coordinates": [7.2482677638, 51.2754904634, 201.06]}}, {"type": "Feature", "id": "https://registry.gdi-de.org/de.nw/radnetz/instances/Knoten_Wuppertal_60315_geometry", "name": " (ex-nw:Knoten_Wuppertal_60315_geometry)", "dateprops": [], "properties": {"http://rdfs.org/ns/void#inDataset.value": "4635"}, "geometry": {"type": "Point", "coordinates": [7.1422524651, 51.2209670514, 299.25]}}, {"type": "Feature", "id": "https://registry.gdi-de.org/de.nw/radnetz/instances/Knoten_Wuppertal_1189691383_geometry", "name": " (ex-nw:Knoten_Wuppertal_1189691383_geometry)", "dateprops": [], "properties": {"http://rdfs.org/ns/void#inDataset.value": "4635"}, "geometry": {"type": "Point", "coordinates": [7.1324445808, 51.1663416869, 125.1]}}, {"type": "Feature", "id": "https://registry.gdi-de.org/de.nw/radnetz/instances/Knoten_Wuppertal_9426_geometry", "name": " (ex-nw:Knoten_Wuppertal_9426_geometry)", "dateprops": [], "properties": {"http://rdfs.org/ns/void#inDataset.value": "4635"}, "geometry": {"type": "Point", "coordinates": [7.2524027698, 51.3072132971, 296.41]}}, {"type": "Feature", "id": "https://registry.gdi-de.org/de.nw/radnetz/instances/Knoten_Wuppertal_113280101_geometry", "name": " (ex-nw:Knoten_Wuppertal_113280101_geometry)", "dateprops": [], "properties": {"http://rdfs.org/ns/void#inDataset.value": "4635"}, "geometry": {"type": "Point", "coordinates": [7.0598345543, 51.2345105118, 210.3]}}, {"type": "Feature", "id": "https://registry.gdi-de.org/de.nw/radnetz/instances/Knoten_Wuppertal_60215_geometry", "name": " (ex-nw:Knoten_Wuppertal_60215_geometry)", "dateprops": [], "properties": {"http://rdfs.org/ns/void#inDataset.value": "4635"}, "geometry": {"type": "Point", "coordinates": [7.0807197445, 51.2372537916, 170.2]}}, {"type": "Feature", "id": "https://registry.gdi-de.org/de.nw/radnetz/instances/Knoten_Wuppertal_3540_geometry", "name": " (ex-nw:Knoten_Wuppertal_3540_geometry)", "dateprops": [], "properties": {"http://rdfs.org/ns/void#inDataset.value": "4635"}, "geometry": {"type": "Point", "coordinates": [7.1109281397, 51.2858545221, 252.4]}}, {"type": "Feature", "id": "https://registry.gdi-de.org/de.nw/radnetz/instances/Knoten_Wuppertal_111550101_geometry", "name": " (ex-nw:Knoten_Wuppertal_111550101_geometry)", "dateprops": [], "properties": {"http://rdfs.org/ns/void#inDataset.value": "4635"}, "geometry": {"type": "Point", "coordinates": [7.1818978454, 51.2901022987, 280.16]}}, {"type": "Feature", "id": "https://registry.gdi-de.org/de.nw/radnetz/instances/Knoten_Wuppertal_116140102_geometry", "name": " (ex-nw:Knoten_Wuppertal_116140102_geometry)", "dateprops": [], "properties": {"http://rdfs.org/ns/void#inDataset.value": "4635"}, "geometry": {"type": "Point", "coordinates": [7.2522986182, 51.307698137, 299.21]}}, {"type": "Feature", "id": "https://registry.gdi-de.org/de.nw/radnetz/instances/Knoten_Wuppertal_118570101_geometry", "name": " (ex-nw:Knoten_Wuppertal_118570101_geometry)", "dateprops": [], "properties": {"http://rdfs.org/ns/void#inDataset.value": "4635"}, "geometry": {"type": "Point", "coordinates": [7.1302944735, 51.2749279413, 271.81]}}, {"type": "Feature", "id": "https://registry.gdi-de.org/de.nw/radnetz/instances/Knoten_Wuppertal_5150_geometry", "name": " (ex-nw:Knoten_Wuppertal_5150_geometry)", "dateprops": [], "properties": {"http://rdfs.org/ns/void#inDataset.value": "4635"}, "geometry": {"type": "Point", "coordinates": [7.1459628353, 51.2625645254, 160.67]}}, {"type": "Feature", "id": "https://registry.gdi-de.org/de.nw/radnetz/instances/Knoten_Wuppertal_5247_geometry", "name": " (ex-nw:Knoten_Wuppertal_5247_geometry)", "dateprops": [], "properties": {"http://rdfs.org/ns/void#inDataset.value": "4635"}, "geometry": {"type": "Point", "coordinates": [7.147603757, 51.261672315, 148.37]}}, {"type": "Feature", "id": "https://registry.gdi-de.org/de.nw/radnetz/instances/Knoten_Wuppertal_7438_geometry", "name": " (ex-nw:Knoten_Wuppertal_7438_geometry)", "dateprops": [], "properties": {"http://rdfs.org/ns/void#inDataset.value": "4635"}, "geometry": {"type": "Point", "coordinates": [7.1996268116, 51.2222033951, 264.28]}}, {"type": "Feature", "id": "https://registry.gdi-de.org/de.nw/radnetz/instances/Knoten_Wuppertal_9014_geometry", "name": " (ex-nw:Knoten_Wuppertal_9014_geometry)", "dateprops": [], "properties": {"http://rdfs.org/ns/void#inDataset.value": "4635"}, "geometry": {"type": "Point", "coordinates": [7.238432739, 51.2679064453, 180.59]}}, {"type": "Feature", "id": "https://registry.gdi-de.org/de.nw/radnetz/instances/Knoten_Wuppertal_116220101_geometry", "name": " (ex-nw:Knoten_Wuppertal_116220101_geometry)", "dateprops": [], "properties": {"http://rdfs.org/ns/void#inDataset.value": "4635"}, "geometry": {"type": "Point", "coordinates": [7.2379457595, 51.2792715962, 172.08]}}, {"type": "Feature", "id": "https://registry.gdi-de.org/de.nw/radnetz/instances/Knoten_Wuppertal_6561_geometry", "name": " (ex-nw:Knoten_Wuppertal_6561_geometry)", "dateprops": [], "properties": {"http://rdfs.org/ns/void#inDataset.value": "4635"}, "geometry": {"type": "Point", "coordinates": [7.1788414618, 51.2669938228, 159.89]}}, {"type": "Feature", "id": "https://registry.gdi-de.org/de.nw/radnetz/instances/Knoten_Wuppertal_8867_geometry", "name": " (ex-nw:Knoten_Wuppertal_8867_geometry)", "dateprops": [], "properties": {"http://rdfs.org/ns/void#inDataset.value": "4635"}, "geometry": {"type": "Point", "coordinates": [7.2340490174, 51.2607345285, 168.18]}}, {"type": "Feature", "id": "https://registry.gdi-de.org/de.nw/radnetz/instances/Knoten_Wuppertal_60276_geometry", "name": " (ex-nw:Knoten_Wuppertal_60276_geometry)", "dateprops": [], "properties": {"http://rdfs.org/ns/void#inDataset.value": "4635"}, "geometry": {"type": "Point", "coordinates": [7.2226869142, 51.2791783806, 188.8]}}, {"type": "Feature", "id": "https://registry.gdi-de.org/de.nw/radnetz/instances/Knoten_Wuppertal_115530102_geometry", "name": " (ex-nw:Knoten_Wuppertal_115530102_geometry)", "dateprops": [], "properties": {"http://rdfs.org/ns/void#inDataset.value": "4635"}, "geometry": {"type": "Point", "coordinates": [7.2292747788, 51.2434831309, 260.38]}}, {"type": "Feature", "id": "https://registry.gdi-de.org/de.nw/radnetz/instances/Knoten_Wuppertal_4695_geometry", "name": " (ex-nw:Knoten_Wuppertal_4695_geometry)", "dateprops": [], "properties": {"http://rdfs.org/ns/void#inDataset.value": "4635"}, "geometry": {"type": "Point", "coordinates": [7.1384423775, 51.2568928315, 143.74]}}, {"type": "Feature", "id": "https://registry.gdi-de.org/de.nw/radnetz/instances/Knoten_Wuppertal_7696_geometry", "name": " (ex-nw:Knoten_Wuppertal_7696_geometry)", "dateprops": [], "properties": {"http://rdfs.org/ns/void#inDataset.value": "4635"}, "geometry": {"type": "Point", "coordinates": [7.2028104359, 51.2761947407, 165.44]}}, {"type": "Feature", "id": "https://registry.gdi-de.org/de.nw/radnetz/instances/Knoten_Wuppertal_9234_geometry", "name": " (ex-nw:Knoten_Wuppertal_9234_geometry)", "dateprops": [], "properties": {"http://rdfs.org/ns/void#inDataset.value": "4635"}, "geometry": {"type": "Point", "coordinates": [7.2455668625, 51.2939055737, 221.55]}}, {"type": "Feature", "id": "https://registry.gdi-de.org/de.nw/radnetz/instances/Knoten_Wuppertal_2655_geometry", "name": " (ex-nw:Knoten_Wuppertal_2655_geometry)", "dateprops": [], "properties": {"http://rdfs.org/ns/void#inDataset.value": "4635"}, "geometry": {"type": "Point", "coordinates": [7.072035535, 51.2510097473, 186.54]}}, {"type": "Feature", "id": "https://registry.gdi-de.org/de.nw/radnetz/instances/Knoten_Wuppertal_4340_geometry", "name": " (ex-nw:Knoten_Wuppertal_4340_geometry)", "dateprops": [], "properties": {"http://rdfs.org/ns/void#inDataset.value": "4635"}, "geometry": {"type": "Point", "coordinates": [7.130190513, 51.2712587526, 244.81]}}, {"type": "Feature", "id": "https://registry.gdi-de.org/de.nw/radnetz/instances/Knoten_Wuppertal_2916_geometry", "name": " (ex-nw:Knoten_Wuppertal_2916_geometry)", "dateprops": [], "properties": {"http://rdfs.org/ns/void#inDataset.value": "4635"}, "geometry": {"type": "Point", "coordinates": [7.0862549454, 51.2344476364, 149.57]}}, {"type": "Feature", "id": "https://registry.gdi-de.org/de.nw/radnetz/instances/Knoten_Wuppertal_7127_geometry", "name": " (ex-nw:Knoten_Wuppertal_7127_geometry)", "dateprops": [], "properties": {"http://rdfs.org/ns/void#inDataset.value": "4635"}, "geometry": {"type": "Point", "coordinates": [7.1929898166, 51.2684964335, 153.12]}}, {"type": "Feature", "id": "https://registry.gdi-de.org/de.nw/radnetz/instances/Knoten_Wuppertal_2338_geometry", "name": " (ex-nw:Knoten_Wuppertal_2338_geometry)", "dateprops": [], "properties": {"http://rdfs.org/ns/void#inDataset.value": "4635"}, "geometry": {"type": "Point", "coordinates": [7.060373293, 51.2334116404, 206.13]}}, {"type": "Feature", "id": "https://registry.gdi-de.org/de.nw/radnetz/instances/Knoten_Wuppertal_3502_geometry", "name": " (ex-nw:Knoten_Wuppertal_3502_geometry)", "dateprops": [], "properties": {"http://rdfs.org/ns/void#inDataset.value": "4635"}, "geometry": {"type": "Point", "coordinates": [7.1106690667, 51.2622616252, 203.17]}}, {"type": "Feature", "id": "https://registry.gdi-de.org/de.nw/radnetz/instances/Knoten_Wuppertal_114060102_geometry", "name": " (ex-nw:Knoten_Wuppertal_114060102_geometry)", "dateprops": [], "properties": {"http://rdfs.org/ns/void#inDataset.value": "4635"}, "geometry": {"type": "Point", "coordinates": [7.1521343026, 51.2213776272, 326.03]}}, {"type": "Feature", "id": "https://registry.gdi-de.org/de.nw/radnetz/instances/Knoten_Wuppertal_6159_geometry", "name": " (ex-nw:Knoten_Wuppertal_6159_geometry)", "dateprops": [], "properties": {"http://rdfs.org/ns/void#inDataset.value": "4635"}, "geometry": {"type": "Point", "coordinates": [7.1664683417, 51.2397655024, 325.2]}}, {"type": "Feature", "id": "https://registry.gdi-de.org/de.nw/radnetz/instances/Knoten_Wuppertal_112780102_geometry", "name": " (ex-nw:Knoten_Wuppertal_112780102_geometry)", "dateprops": [], "properties": {"http://rdfs.org/ns/void#inDataset.value": "4635"}, "geometry": {"type": "Point", "coordinates": [7.1309148567, 51.2738014639, 258.92]}}, {"type": "Feature", "id": "https://registry.gdi-de.org/de.nw/radnetz/instances/Knoten_Wuppertal_9428_geometry", "name": " (ex-nw:Knoten_Wuppertal_9428_geometry)", "dateprops": [], "properties": {"http://rdfs.org/ns/void#inDataset.value": "4635"}, "geometry": {"type": "Point", "coordinates": [7.2533827355, 51.2826595978, 180.87]}}, {"type": "Feature", "id": "https://registry.gdi-de.org/de.nw/radnetz/instances/Knoten_Wuppertal_60314_geometry", "name": " (ex-nw:Knoten_Wuppertal_60314_geometry)", "dateprops": [], "properties": {"http://rdfs.org/ns/void#inDataset.value": "4635"}, "geometry": {"type": "Point", "coordinates": [7.1463316758, 51.2252305617, 299.09]}}, {"type": "Feature", "id": "https://registry.gdi-de.org/de.nw/radnetz/instances/Knoten_Wuppertal_118160101_geometry", "name": " (ex-nw:Knoten_Wuppertal_118160101_geometry)", "dateprops": [], "properties": {"http://rdfs.org/ns/void#inDataset.value": "4635"}, "geometry": {"type": "Point", "coordinates": [7.1325283639, 51.306250657, 244.91]}}, {"type": "Feature", "id": "https://registry.gdi-de.org/de.nw/radnetz/instances/Knoten_Wuppertal_60232_geometry", "name": " (ex-nw:Knoten_Wuppertal_60232_geometry)", "dateprops": [], "properties": {"http://rdfs.org/ns/void#inDataset.value": "4635"}, "geometry": {"type": "Point", "coordinates": [7.1233682513, 51.2617062786, 181.74]}}, {"type": "Feature", "id": "https://registry.gdi-de.org/de.nw/radnetz/instances/Knoten_Wuppertal_9704_geometry", "name": " (ex-nw:Knoten_Wuppertal_9704_geometry)", "dateprops": [], "properties": {"http://rdfs.org/ns/void#inDataset.value": "4635"}, "geometry": {"type": "Point", "coordinates": [7.2696237668, 51.2783072032, 218.52]}}, {"type": "Feature", "id": "https://registry.gdi-de.org/de.nw/radnetz/instances/Knoten_Wuppertal_7548_geometry", "name": " (ex-nw:Knoten_Wuppertal_7548_geometry)", "dateprops": [], "properties": {"http://rdfs.org/ns/void#inDataset.value": "4635"}, "geometry": {"type": "Point", "coordinates": [7.2015949435, 51.2318106553, 301.07]}}, {"type": "Feature", "id": "https://registry.gdi-de.org/de.nw/radnetz/instances/Knoten_Wuppertal_8896_geometry", "name": " (ex-nw:Knoten_Wuppertal_8896_geometry)", "dateprops": [], "properties": {"http://rdfs.org/ns/void#inDataset.value": "4635"}, "geometry": {"type": "Point", "coordinates": [7.2358603149, 51.2326980314, 299.86]}}, {"type": "Feature", "id": "https://registry.gdi-de.org/de.nw/radnetz/instances/Knoten_Wuppertal_5142_geometry", "name": " (ex-nw:Knoten_Wuppertal_5142_geometry)", "dateprops": [], "properties": {"http://rdfs.org/ns/void#inDataset.value": "4635"}, "geometry": {"type": "Point", "coordinates": [7.145866955, 51.2630630558, 161.52]}}, {"type": "Feature", "id": "https://registry.gdi-de.org/de.nw/radnetz/instances/Knoten_Wuppertal_10985_geometry", "name": " (ex-nw:Knoten_Wuppertal_10985_geometry)", "dateprops": [], "properties": {"http://rdfs.org/ns/void#inDataset.value": "4635"}, "geometry": {"type": "Point", "coordinates": [7.1976765321, 51.2741425865, 183.05]}}, {"type": "Feature", "id": "https://registry.gdi-de.org/de.nw/radnetz/instances/Knoten_Wuppertal_5175_geometry", "name": " (ex-nw:Knoten_Wuppertal_5175_geometry)", "dateprops": [], "properties": {"http://rdfs.org/ns/void#inDataset.value": "4635"}, "geometry": {"type": "Point", "coordinates": [7.1463829532, 51.2604731705, 150.56]}}, {"type": "Feature", "id": "https://registry.gdi-de.org/de.nw/radnetz/instances/Knoten_Wuppertal_9672_geometry", "name": " (ex-nw:Knoten_Wuppertal_9672_geometry)", "dateprops": [], "properties": {"http://rdfs.org/ns/void#inDataset.value": "4635"}, "geometry": {"type": "Point", "coordinates": [7.2687265697, 51.2540237266, 180.64]}}, {"type": "Feature", "id": "https://registry.gdi-de.org/de.nw/radnetz/instances/Knoten_Wuppertal_9455_geometry", "name": " (ex-nw:Knoten_Wuppertal_9455_geometry)", "dateprops": [], "properties": {"http://rdfs.org/ns/void#inDataset.value": "4635"}, "geometry": {"type": "Point", "coordinates": [7.2559654384, 51.2556805233, 177.81]}}, {"type": "Feature", "id": "https://registry.gdi-de.org/de.nw/radnetz/instances/Knoten_Wuppertal_60277_geometry", "name": " (ex-nw:Knoten_Wuppertal_60277_geometry)", "dateprops": [], "properties": {"http://rdfs.org/ns/void#inDataset.value": "4635"}, "geometry": {"type": "Point", "coordinates": [7.2238874251, 51.2789999184, 183.11]}}, {"type": "Feature", "id": "https://registry.gdi-de.org/de.nw/radnetz/instances/Knoten_Wuppertal_6359_geometry", "name": " (ex-nw:Knoten_Wuppertal_6359_geometry)", "dateprops": [], "properties": {"http://rdfs.org/ns/void#inDataset.value": "4635"}, "geometry": {"type": "Point", "coordinates": [7.1723698691, 51.2629281206, 150.4]}}, {"type": "Feature", "id": "https://registry.gdi-de.org/de.nw/radnetz/instances/Knoten_Wuppertal_112290201_geometry", "name": " (ex-nw:Knoten_Wuppertal_112290201_geometry)", "dateprops": [], "properties": {"http://rdfs.org/ns/void#inDataset.value": "4635"}, "geometry": {"type": "Point", "coordinates": [7.1350535379, 51.2533006579, 141.84]}}, {"type": "Feature", "id": "https://registry.gdi-de.org/de.nw/radnetz/instances/Knoten_Wuppertal_1189690291_geometry", "name": " (ex-nw:Knoten_Wuppertal_1189690291_geometry)", "dateprops": [], "properties": {"http://rdfs.org/ns/void#inDataset.value": "4635"}, "geometry": {"type": "Point", "coordinates": [7.145623651, 51.2642109011, 158.87]}}, {"type": "Feature", "id": "https://registry.gdi-de.org/de.nw/radnetz/instances/Knoten_Wuppertal_1189691345_geometry", "name": " (ex-nw:Knoten_Wuppertal_1189691345_geometry)", "dateprops": [], "properties": {"http://rdfs.org/ns/void#inDataset.value": "4635"}, "geometry": {"type": "Point", "coordinates": [7.0926089073, 51.1716870844, 200.31]}}, {"type": "Feature", "id": "https://registry.gdi-de.org/de.nw/radnetz/instances/Knoten_Wuppertal_6858_geometry", "name": " (ex-nw:Knoten_Wuppertal_6858_geometry)", "dateprops": [], "properties": {"http://rdfs.org/ns/void#inDataset.value": "4635"}, "geometry": {"type": "Point", "coordinates": [7.1870769367, 51.2792537246, 196.48]}}, {"type": "Feature", "id": "https://registry.gdi-de.org/de.nw/radnetz/instances/Knoten_Wuppertal_1189690784_geometry", "name": " (ex-nw:Knoten_Wuppertal_1189690784_geometry)", "dateprops": [], "properties": {"http://rdfs.org/ns/void#inDataset.value": "4635"}, "geometry": {"type": "Point", "coordinates": [7.1815477489, 51.243119768, 329.87]}}, {"type": "Feature", "id": "https://registry.gdi-de.org/de.nw/radnetz/instances/Knoten_Wuppertal_110711010_geometry", "name": " (ex-nw:Knoten_Wuppertal_110711010_geometry)", "dateprops": [], "properties": {"http://rdfs.org/ns/void#inDataset.value": "4635"}, "geometry": {"type": "Point", "coordinates": [7.1961690765, 51.2705443547, 154.43]}}, {"type": "Feature", "id": "https://registry.gdi-de.org/de.nw/radnetz/instances/Knoten_Wuppertal_1189691182_geometry", "name": " (ex-nw:Knoten_Wuppertal_1189691182_geometry)", "dateprops": [], "properties": {"http://rdfs.org/ns/void#inDataset.value": "4635"}, "geometry": {"type": "Point", "coordinates": [7.2057905525, 51.2371368725, 335.1]}}, {"type": "Feature", "id": "https://registry.gdi-de.org/de.nw/radnetz/instances/Knoten_Wuppertal_4010_geometry", "name": " (ex-nw:Knoten_Wuppertal_4010_geometry)", "dateprops": [], "properties": {"http://rdfs.org/ns/void#inDataset.value": "4635"}, "geometry": {"type": "Point", "coordinates": [7.125445244, 51.2497983397, 139.97]}}, {"type": "Feature", "id": "https://registry.gdi-de.org/de.nw/radnetz/instances/Knoten_Wuppertal_116150102_geometry", "name": " (ex-nw:Knoten_Wuppertal_116150102_geometry)", "dateprops": [], "properties": {"http://rdfs.org/ns/void#inDataset.value": "4635"}, "geometry": {"type": "Point", "coordinates": [7.2489506497, 51.3127523233, 320.7]}}, {"type": "Feature", "id": "https://registry.gdi-de.org/de.nw/radnetz/instances/Knoten_Wuppertal_1189690831_geometry", "name": " (ex-nw:Knoten_Wuppertal_1189690831_geometry)", "dateprops": [], "properties": {"http://rdfs.org/ns/void#inDataset.value": "4635"}, "geometry": {"type": "Point", "coordinates": [7.2092455959, 51.2740050585, 156.94]}}, {"type": "Feature", "id": "https://registry.gdi-de.org/de.nw/radnetz/instances/Knoten_Wuppertal_1189691310_geometry", "name": " (ex-nw:Knoten_Wuppertal_1189691310_geometry)", "dateprops": [], "properties": {"http://rdfs.org/ns/void#inDataset.value": "4635"}, "geometry": {"type": "Point", "coordinates": [7.215648133, 51.2081072377, 230.28]}}, {"type": "Feature", "id": "https://registry.gdi-de.org/de.nw/radnetz/instances/Knoten_Wuppertal_116450101_geometry", "name": " (ex-nw:Knoten_Wuppertal_116450101_geometry)", "dateprops": [], "properties": {"http://rdfs.org/ns/void#inDataset.value": "4635"}, "geometry": {"type": "Point", "coordinates": [7.2508370622, 51.2555398506, 176.32]}}, {"type": "Feature", "id": "https://registry.gdi-de.org/de.nw/radnetz/instances/Knoten_Wuppertal_5264_geometry", "name": " (ex-nw:Knoten_Wuppertal_5264_geometry)", "dateprops": [], "properties": {"http://rdfs.org/ns/void#inDataset.value": "4635"}, "geometry": {"type": "Point", "coordinates": [7.1477882729, 51.2628857367, 150.14]}}, {"type": "Feature", "id": "https://registry.gdi-de.org/de.nw/radnetz/instances/Knoten_Wuppertal_4341_geometry", "name": " (ex-nw:Knoten_Wuppertal_4341_geometry)", "dateprops": [], "properties": {"http://rdfs.org/ns/void#inDataset.value": "4635"}, "geometry": {"type": "Point", "coordinates": [7.1302414613, 51.2705720112, 243.78]}}, {"type": "Feature", "id": "https://registry.gdi-de.org/de.nw/radnetz/instances/Knoten_Wuppertal_112210102_geometry", "name": " (ex-nw:Knoten_Wuppertal_112210102_geometry)", "dateprops": [], "properties": {"http://rdfs.org/ns/void#inDataset.value": "4635"}, "geometry": {"type": "Point", "coordinates": [7.1533501546, 51.2591942267, 146.34]}}, {"type": "Feature", "id": "https://registry.gdi-de.org/de.nw/radnetz/instances/Knoten_Wuppertal_1189691223_geometry", "name": " (ex-nw:Knoten_Wuppertal_1189691223_geometry)", "dateprops": [], "properties": {"http://rdfs.org/ns/void#inDataset.value": "4635"}, "geometry": {"type": "Point", "coordinates": [7.1862149045, 51.2435227185, 335.34]}}, {"type": "Feature", "id": "https://registry.gdi-de.org/de.nw/radnetz/instances/Knoten_Wuppertal_60223_geometry", "name": " (ex-nw:Knoten_Wuppertal_60223_geometry)", "dateprops": [], "properties": {"http://rdfs.org/ns/void#inDataset.value": "4635"}, "geometry": {"type": "Point", "coordinates": [7.1052487313, 51.2569100427, 176.6]}}, {"type": "Feature", "id": "https://registry.gdi-de.org/de.nw/radnetz/instances/Knoten_Wuppertal_6052_geometry", "name": " (ex-nw:Knoten_Wuppertal_6052_geometry)", "dateprops": [], "properties": {"http://rdfs.org/ns/void#inDataset.value": "4635"}, "geometry": {"type": "Point", "coordinates": [7.163358056, 51.2587058184, 148.9]}}, {"type": "Feature", "id": "https://registry.gdi-de.org/de.nw/radnetz/instances/Knoten_Wuppertal_7716_geometry", "name": " (ex-nw:Knoten_Wuppertal_7716_geometry)", "dateprops": [], "properties": {"http://rdfs.org/ns/void#inDataset.value": "4635"}, "geometry": {"type": "Point", "coordinates": [7.2032681844, 51.2778428431, 171.78]}}, {"type": "Feature", "id": "https://registry.gdi-de.org/de.nw/radnetz/instances/Knoten_Wuppertal_1189690646_geometry", "name": " (ex-nw:Knoten_Wuppertal_1189690646_geometry)", "dateprops": [], "properties": {"http://rdfs.org/ns/void#inDataset.value": "4635"}, "geometry": {"type": "Point", "coordinates": [7.1872476793, 51.2669752626, 152.13]}}, {"type": "Feature", "id": "https://registry.gdi-de.org/de.nw/radnetz/instances/Knoten_Wuppertal_1189691379_geometry", "name": " (ex-nw:Knoten_Wuppertal_1189691379_geometry)", "dateprops": [], "properties": {"http://rdfs.org/ns/void#inDataset.value": "4635"}, "geometry": {"type": "Point", "coordinates": [7.2189461136, 51.2779154697, 188.3]}}, {"type": "Feature", "id": "https://registry.gdi-de.org/de.nw/radnetz/instances/Knoten_Wuppertal_3823_geometry", "name": " (ex-nw:Knoten_Wuppertal_3823_geometry)", "dateprops": [], "properties": {"http://rdfs.org/ns/void#inDataset.value": "4635"}, "geometry": {"type": "Point", "coordinates": [7.1209930831, 51.2489001563, 139.31]}}, {"type": "Feature", "id": "https://registry.gdi-de.org/de.nw/radnetz/instances/Knoten_Wuppertal_2320_geometry", "name": " (ex-nw:Knoten_Wuppertal_2320_geometry)", "dateprops": [], "properties": {"http://rdfs.org/ns/void#inDataset.value": "4635"}, "geometry": {"type": "Point", "coordinates": [7.0595683125, 51.2348875993, 211.0]}}, {"type": "Feature", "id": "https://registry.gdi-de.org/de.nw/radnetz/instances/Knoten_Wuppertal_4992_geometry", "name": " (ex-nw:Knoten_Wuppertal_4992_geometry)", "dateprops": [], "properties": {"http://rdfs.org/ns/void#inDataset.value": "4635"}, "geometry": {"type": "Point", "coordinates": [7.1448329223, 51.2298177683, 327.28]}}, {"type": "Feature", "id": "https://registry.gdi-de.org/de.nw/radnetz/instances/Knoten_Wuppertal_5794_geometry", "name": " (ex-nw:Knoten_Wuppertal_5794_geometry)", "dateprops": [], "properties": {"http://rdfs.org/ns/void#inDataset.value": "4635"}, "geometry": {"type": "Point", "coordinates": [7.1585123173, 51.231786865, 283.43]}}, {"type": "Feature", "id": "https://registry.gdi-de.org/de.nw/radnetz/instances/Knoten_Wuppertal_113540102_geometry", "name": " (ex-nw:Knoten_Wuppertal_113540102_geometry)", "dateprops": [], "properties": {"http://rdfs.org/ns/void#inDataset.value": "4635"}, "geometry": {"type": "Point", "coordinates": [7.0601602853, 51.2203595719, 218.84]}}, {"type": "Feature", "id": "https://registry.gdi-de.org/de.nw/radnetz/instances/Knoten_Wuppertal_110680204_geometry", "name": " (ex-nw:Knoten_Wuppertal_110680204_geometry)", "dateprops": [], "properties": {"http://rdfs.org/ns/void#inDataset.value": "4635"}, "geometry": {"type": "Point", "coordinates": [7.1033714647, 51.2538622249, 159.35]}}, {"type": "Feature", "id": "https://registry.gdi-de.org/de.nw/radnetz/instances/Knoten_Wuppertal_1189690523_geometry", "name": " (ex-nw:Knoten_Wuppertal_1189690523_geometry)", "dateprops": [], "properties": {"http://rdfs.org/ns/void#inDataset.value": "4635"}, "geometry": {"type": "Point", "coordinates": [7.0677144265, 51.2266168403, 199.88]}}, {"type": "Feature", "id": "https://registry.gdi-de.org/de.nw/radnetz/instances/Knoten_Wuppertal_3003_geometry", "name": " (ex-nw:Knoten_Wuppertal_3003_geometry)", "dateprops": [], "properties": {"http://rdfs.org/ns/void#inDataset.value": "4635"}, "geometry": {"type": "Point", "coordinates": [7.0908071019, 51.2369790883, 139.78]}}, {"type": "Feature", "id": "https://registry.gdi-de.org/de.nw/radnetz/instances/Knoten_Wuppertal_5119_geometry", "name": " (ex-nw:Knoten_Wuppertal_5119_geometry)", "dateprops": [], "properties": {"http://rdfs.org/ns/void#inDataset.value": "4635"}, "geometry": {"type": "Point", "coordinates": [7.1454799588, 51.2648841912, 157.14]}}, {"type": "Feature", "id": "https://registry.gdi-de.org/de.nw/radnetz/instances/Knoten_Wuppertal_8834_geometry", "name": " (ex-nw:Knoten_Wuppertal_8834_geometry)", "dateprops": [], "properties": {"http://rdfs.org/ns/void#inDataset.value": "4635"}, "geometry": {"type": "Point", "coordinates": [7.2326142352, 51.2690258964, 163.51]}}, {"type": "Feature", "id": "https://registry.gdi-de.org/de.nw/radnetz/instances/Knoten_Wuppertal_116300102_geometry", "name": " (ex-nw:Knoten_Wuppertal_116300102_geometry)", "dateprops": [], "properties": {"http://rdfs.org/ns/void#inDataset.value": "4635"}, "geometry": {"type": "Point", "coordinates": [7.2288701326, 51.2732355639, 174.22]}}, {"type": "Feature", "id": "https://registry.gdi-de.org/de.nw/radnetz/instances/Knoten_Wuppertal_6549_geometry", "name": " (ex-nw:Knoten_Wuppertal_6549_geometry)", "dateprops": [], "properties": {"http://rdfs.org/ns/void#inDataset.value": "4635"}, "geometry": {"type": "Point", "coordinates": [7.1785162215, 51.2653700195, 150.79]}}, {"type": "Feature", "id": "https://registry.gdi-de.org/de.nw/radnetz/instances/Knoten_Wuppertal_116120102_geometry", "name": " (ex-nw:Knoten_Wuppertal_116120102_geometry)", "dateprops": [], "properties": {"http://rdfs.org/ns/void#inDataset.value": "4635"}, "geometry": {"type": "Point", "coordinates": [7.2498997021, 51.2995479706, 253.13]}}, {"type": "Feature", "id": "https://registry.gdi-de.org/de.nw/radnetz/instances/Knoten_Wuppertal_114080203_geometry", "name": " (ex-nw:Knoten_Wuppertal_114080203_geometry)", "dateprops": [], "properties": {"http://rdfs.org/ns/void#inDataset.value": "4635"}, "geometry": {"type": "Point", "coordinates": [7.1503769798, 51.2281360771, 333.9]}}, {"type": "Feature", "id": "https://registry.gdi-de.org/de.nw/radnetz/instances/Knoten_Wuppertal_1189690648_geometry", "name": " (ex-nw:Knoten_Wuppertal_1189690648_geometry)", "dateprops": [], "properties": {"http://rdfs.org/ns/void#inDataset.value": "4635"}, "geometry": {"type": "Point", "coordinates": [7.1919393532, 51.2686564908, 152.1]}}, {"type": "Feature", "id": "https://registry.gdi-de.org/de.nw/radnetz/instances/Knoten_Wuppertal_3739_geometry", "name": " (ex-nw:Knoten_Wuppertal_3739_geometry)", "dateprops": [], "properties": {"http://rdfs.org/ns/void#inDataset.value": "4635"}, "geometry": {"type": "Point", "coordinates": [7.1202625629, 51.2038427017, 272.0]}}, {"type": "Feature", "id": "https://registry.gdi-de.org/de.nw/radnetz/instances/Knoten_Wuppertal_60266_geometry", "name": " (ex-nw:Knoten_Wuppertal_60266_geometry)", "dateprops": [], "properties": {"http://rdfs.org/ns/void#inDataset.value": "4635"}, "geometry": {"type": "Point", "coordinates": [7.2131338529, 51.2775402407, 187.22]}}, {"type": "Feature", "id": "https://registry.gdi-de.org/de.nw/radnetz/instances/Knoten_Wuppertal_9072_geometry", "name": " (ex-nw:Knoten_Wuppertal_9072_geometry)", "dateprops": [], "properties": {"http://rdfs.org/ns/void#inDataset.value": "4635"}, "geometry": {"type": "Point", "coordinates": [7.2402836665, 51.2740503591, 201.93]}}, {"type": "Feature", "id": "https://registry.gdi-de.org/de.nw/radnetz/instances/Knoten_Wuppertal_9705_geometry", "name": " (ex-nw:Knoten_Wuppertal_9705_geometry)", "dateprops": [], "properties": {"http://rdfs.org/ns/void#inDataset.value": "4635"}, "geometry": {"type": "Point", "coordinates": [7.270594213, 51.2529957137, 183.43]}}, {"type": "Feature", "id": "https://registry.gdi-de.org/de.nw/radnetz/instances/Knoten_Wuppertal_119610301_geometry", "name": " (ex-nw:Knoten_Wuppertal_119610301_geometry)", "dateprops": [], "properties": {"http://rdfs.org/ns/void#inDataset.value": "4635"}, "geometry": {"type": "Point", "coordinates": [7.1051006312, 51.2466573658, 139.85]}}, {"type": "Feature", "id": "https://registry.gdi-de.org/de.nw/radnetz/instances/Knoten_Wuppertal_1189691288_geometry", "name": " (ex-nw:Knoten_Wuppertal_1189691288_geometry)", "dateprops": [], "properties": {"http://rdfs.org/ns/void#inDataset.value": "4635"}, "geometry": {"type": "Point", "coordinates": [7.1069495085, 51.1957331651, 115.23]}}, {"type": "Feature", "id": "https://registry.gdi-de.org/de.nw/radnetz/instances/Knoten_Wuppertal_115570101_geometry", "name": " (ex-nw:Knoten_Wuppertal_115570101_geometry)", "dateprops": [], "properties": {"http://rdfs.org/ns/void#inDataset.value": "4635"}, "geometry": {"type": "Point", "coordinates": [7.2354328897, 51.2311174856, 299.81]}}, {"type": "Feature", "id": "https://registry.gdi-de.org/de.nw/radnetz/instances/Knoten_Wuppertal_2256_geometry", "name": " (ex-nw:Knoten_Wuppertal_2256_geometry)", "dateprops": [], "properties": {"http://rdfs.org/ns/void#inDataset.value": "4635"}, "geometry": {"type": "Point", "coordinates": [7.0556123657, 51.2340483056, 206.73]}}, {"type": "Feature", "id": "https://registry.gdi-de.org/de.nw/radnetz/instances/Knoten_Wuppertal_2788_geometry", "name": " (ex-nw:Knoten_Wuppertal_2788_geometry)", "dateprops": [], "properties": {"http://rdfs.org/ns/void#inDataset.value": "4635"}, "geometry": {"type": "Point", "coordinates": [7.0806676788, 51.1807538503, 221.0]}}, {"type": "Feature", "id": "https://registry.gdi-de.org/de.nw/radnetz/instances/Knoten_Wuppertal_3306_geometry", "name": " (ex-nw:Knoten_Wuppertal_3306_geometry)", "dateprops": [], "properties": {"http://rdfs.org/ns/void#inDataset.value": "4635"}, "geometry": {"type": "Point", "coordinates": [7.1051721178, 51.2287344049, 130.14]}}, {"type": "Feature", "id": "https://registry.gdi-de.org/de.nw/radnetz/instances/Knoten_Wuppertal_6595_geometry", "name": " (ex-nw:Knoten_Wuppertal_6595_geometry)", "dateprops": [], "properties": {"http://rdfs.org/ns/void#inDataset.value": "4635"}, "geometry": {"type": "Point", "coordinates": [7.1807162762, 51.2430558182, 326.63]}}, {"type": "Feature", "id": "https://registry.gdi-de.org/de.nw/radnetz/instances/Knoten_Wuppertal_8864_geometry", "name": " (ex-nw:Knoten_Wuppertal_8864_geometry)", "dateprops": [], "properties": {"http://rdfs.org/ns/void#inDataset.value": "4635"}, "geometry": {"type": "Point", "coordinates": [7.2353276426, 51.2249070121, 300.02]}}, {"type": "Feature", "id": "https://registry.gdi-de.org/de.nw/radnetz/instances/Knoten_Wuppertal_8350_geometry", "name": " (ex-nw:Knoten_Wuppertal_8350_geometry)", "dateprops": [], "properties": {"http://rdfs.org/ns/void#inDataset.value": "4635"}, "geometry": {"type": "Point", "coordinates": [7.2178074186, 51.2757214571, 160.98]}}, {"type": "Feature", "id": "https://registry.gdi-de.org/de.nw/radnetz/instances/Knoten_Wuppertal_9222_geometry", "name": " (ex-nw:Knoten_Wuppertal_9222_geometry)", "dateprops": [], "properties": {"http://rdfs.org/ns/void#inDataset.value": "4635"}, "geometry": {"type": "Point", "coordinates": [7.2456885263, 51.2750719753, 200.36]}}, {"type": "Feature", "id": "https://registry.gdi-de.org/de.nw/radnetz/instances/Knoten_Wuppertal_114610101_geometry", "name": " (ex-nw:Knoten_Wuppertal_114610101_geometry)", "dateprops": [], "properties": {"http://rdfs.org/ns/void#inDataset.value": "4635"}, "geometry": {"type": "Point", "coordinates": [7.0427275179, 51.2161216135, 179.16]}}, {"type": "Feature", "id": "https://registry.gdi-de.org/de.nw/radnetz/instances/Knoten_Wuppertal_4743_geometry", "name": " (ex-nw:Knoten_Wuppertal_4743_geometry)", "dateprops": [], "properties": {"http://rdfs.org/ns/void#inDataset.value": "4635"}, "geometry": {"type": "Point", "coordinates": [7.1395638907, 51.2572537481, 144.42]}}, {"type": "Feature", "id": "https://registry.gdi-de.org/de.nw/radnetz/instances/Knoten_Wuppertal_117070102_geometry", "name": " (ex-nw:Knoten_Wuppertal_117070102_geometry)", "dateprops": [], "properties": {"http://rdfs.org/ns/void#inDataset.value": "4635"}, "geometry": {"type": "Point", "coordinates": [7.0842527858, 51.2814982041, 193.41]}}, {"type": "Feature", "id": "https://registry.gdi-de.org/de.nw/radnetz/instances/Knoten_Wuppertal_1189691304_geometry", "name": " (ex-nw:Knoten_Wuppertal_1189691304_geometry)", "dateprops": [], "properties": {"http://rdfs.org/ns/void#inDataset.value": "4635"}, "geometry": {"type": "Point", "coordinates": [7.1665437848, 51.2153378299, 196.73]}}, {"type": "Feature", "id": "https://registry.gdi-de.org/de.nw/radnetz/instances/Knoten_Wuppertal_5111_geometry", "name": " (ex-nw:Knoten_Wuppertal_5111_geometry)", "dateprops": [], "properties": {"http://rdfs.org/ns/void#inDataset.value": "4635"}, "geometry": {"type": "Point", "coordinates": [7.1453075278, 51.2656165528, 163.86]}}, {"type": "Feature", "id": "https://registry.gdi-de.org/de.nw/radnetz/instances/Knoten_Wuppertal_2608_geometry", "name": " (ex-nw:Knoten_Wuppertal_2608_geometry)", "dateprops": [], "properties": {"http://rdfs.org/ns/void#inDataset.value": "4635"}, "geometry": {"type": "Point", "coordinates": [7.0707174733, 51.2463581624, 198.71]}}, {"type": "Feature", "id": "https://registry.gdi-de.org/de.nw/radnetz/instances/Knoten_Wuppertal_7848_geometry", "name": " (ex-nw:Knoten_Wuppertal_7848_geometry)", "dateprops": [], "properties": {"http://rdfs.org/ns/void#inDataset.value": "4635"}, "geometry": {"type": "Point", "coordinates": [7.2066494263, 51.2728473569, 157.24]}}, {"type": "Feature", "id": "https://registry.gdi-de.org/de.nw/radnetz/instances/Knoten_Wuppertal_9327_geometry", "name": " (ex-nw:Knoten_Wuppertal_9327_geometry)", "dateprops": [], "properties": {"http://rdfs.org/ns/void#inDataset.value": "4635"}, "geometry": {"type": "Point", "coordinates": [7.2512291056, 51.2556007312, 176.48]}}, {"type": "Feature", "id": "https://registry.gdi-de.org/de.nw/radnetz/instances/Knoten_Wuppertal_5657_geometry", "name": " (ex-nw:Knoten_Wuppertal_5657_geometry)", "dateprops": [], "properties": {"http://rdfs.org/ns/void#inDataset.value": "4635"}, "geometry": {"type": "Point", "coordinates": [7.1532635779, 51.303946863, 289.47]}}, {"type": "Feature", "id": "https://registry.gdi-de.org/de.nw/radnetz/instances/Knoten_Wuppertal_9543_geometry", "name": " (ex-nw:Knoten_Wuppertal_9543_geometry)", "dateprops": [], "properties": {"http://rdfs.org/ns/void#inDataset.value": "4635"}, "geometry": {"type": "Point", "coordinates": [7.2617273816, 51.2270242482, 310.53]}}, {"type": "Feature", "id": "https://registry.gdi-de.org/de.nw/radnetz/instances/Knoten_Wuppertal_8310_geometry", "name": " (ex-nw:Knoten_Wuppertal_8310_geometry)", "dateprops": [], "properties": {"http://rdfs.org/ns/void#inDataset.value": "4635"}, "geometry": {"type": "Point", "coordinates": [7.2170001308, 51.277881867, 179.24]}}, {"type": "Feature", "id": "https://registry.gdi-de.org/de.nw/radnetz/instances/Knoten_Wuppertal_6969_geometry", "name": " (ex-nw:Knoten_Wuppertal_6969_geometry)", "dateprops": [], "properties": {"http://rdfs.org/ns/void#inDataset.value": "4635"}, "geometry": {"type": "Point", "coordinates": [7.1911265435, 51.2428124819, 341.51]}}, {"type": "Feature", "id": "https://registry.gdi-de.org/de.nw/radnetz/instances/Knoten_Wuppertal_114140101_geometry", "name": " (ex-nw:Knoten_Wuppertal_114140101_geometry)", "dateprops": [], "properties": {"http://rdfs.org/ns/void#inDataset.value": "4635"}, "geometry": {"type": "Point", "coordinates": [7.1502043023, 51.2262970535, 329.89]}}, {"type": "Feature", "id": "https://registry.gdi-de.org/de.nw/radnetz/instances/Knoten_Wuppertal_116460102_geometry", "name": " (ex-nw:Knoten_Wuppertal_116460102_geometry)", "dateprops": [], "properties": {"http://rdfs.org/ns/void#inDataset.value": "4635"}, "geometry": {"type": "Point", "coordinates": [7.2553339299, 51.2556506571, 177.68]}}, {"type": "Feature", "id": "https://registry.gdi-de.org/de.nw/radnetz/instances/Knoten_Wuppertal_1189691232_geometry", "name": " (ex-nw:Knoten_Wuppertal_1189691232_geometry)", "dateprops": [], "properties": {"http://rdfs.org/ns/void#inDataset.value": "4635"}, "geometry": {"type": "Point", "coordinates": [7.1634443719, 51.2388130921, 327.32]}}, {"type": "Feature", "id": "https://registry.gdi-de.org/de.nw/radnetz/instances/Knoten_Wuppertal_4690_geometry", "name": " (ex-nw:Knoten_Wuppertal_4690_geometry)", "dateprops": [], "properties": {"http://rdfs.org/ns/void#inDataset.value": "4635"}, "geometry": {"type": "Point", "coordinates": [7.1402142949, 51.2109413738, 298.14]}}, {"type": "Feature", "id": "https://registry.gdi-de.org/de.nw/radnetz/instances/Knoten_Wuppertal_2318_geometry", "name": " (ex-nw:Knoten_Wuppertal_2318_geometry)", "dateprops": [], "properties": {"http://rdfs.org/ns/void#inDataset.value": "4635"}, "geometry": {"type": "Point", "coordinates": [7.0601713095, 51.2195960168, 222.91]}}, {"type": "Feature", "id": "https://registry.gdi-de.org/de.nw/radnetz/instances/Knoten_Wuppertal_5044_geometry", "name": " (ex-nw:Knoten_Wuppertal_5044_geometry)", "dateprops": [], "properties": {"http://rdfs.org/ns/void#inDataset.value": "4635"}, "geometry": {"type": "Point", "coordinates": [7.1461379728, 51.2149284608, 298.68]}}, {"type": "Feature", "id": "https://registry.gdi-de.org/de.nw/radnetz/instances/Knoten_Wuppertal_60282_geometry", "name": " (ex-nw:Knoten_Wuppertal_60282_geometry)", "dateprops": [], "properties": {"http://rdfs.org/ns/void#inDataset.value": "4635"}, "geometry": {"type": "Point", "coordinates": [7.2271429433, 51.2853811706, 191.81]}}, {"type": "Feature", "id": "https://registry.gdi-de.org/de.nw/radnetz/instances/Knoten_Wuppertal_8823_geometry", "name": " (ex-nw:Knoten_Wuppertal_8823_geometry)", "dateprops": [], "properties": {"http://rdfs.org/ns/void#inDataset.value": "4635"}, "geometry": {"type": "Point", "coordinates": [7.2328726713, 51.2574508414, 170.46]}}, {"type": "Feature", "id": "https://registry.gdi-de.org/de.nw/radnetz/instances/Knoten_Wuppertal_9379_geometry", "name": " (ex-nw:Knoten_Wuppertal_9379_geometry)", "dateprops": [], "properties": {"http://rdfs.org/ns/void#inDataset.value": "4635"}, "geometry": {"type": "Point", "coordinates": [7.2510211104, 51.3091318242, 308.62]}}, {"type": "Feature", "id": "https://registry.gdi-de.org/de.nw/radnetz/instances/Knoten_Wuppertal_4412_geometry", "name": " (ex-nw:Knoten_Wuppertal_4412_geometry)", "dateprops": [], "properties": {"http://rdfs.org/ns/void#inDataset.value": "4635"}, "geometry": {"type": "Point", "coordinates": [7.1321139129, 51.2529086009, 140.76]}}, {"type": "Feature", "id": "https://registry.gdi-de.org/de.nw/radnetz/instances/Knoten_Wuppertal_116230101_geometry", "name": " (ex-nw:Knoten_Wuppertal_116230101_geometry)", "dateprops": [], "properties": {"http://rdfs.org/ns/void#inDataset.value": "4635"}, "geometry": {"type": "Point", "coordinates": [7.2420744472, 51.2810136916, 174.54]}}, {"type": "Feature", "id": "https://registry.gdi-de.org/de.nw/radnetz/instances/Knoten_Wuppertal_5169_geometry", "name": " (ex-nw:Knoten_Wuppertal_5169_geometry)", "dateprops": [], "properties": {"http://rdfs.org/ns/void#inDataset.value": "4635"}, "geometry": {"type": "Point", "coordinates": [7.1462976295, 51.2610178908, 151.73]}}, {"type": "Feature", "id": "https://registry.gdi-de.org/de.nw/radnetz/instances/Knoten_Wuppertal_1189690404_geometry", "name": " (ex-nw:Knoten_Wuppertal_1189690404_geometry)", "dateprops": [], "properties": {"http://rdfs.org/ns/void#inDataset.value": "4635"}, "geometry": {"type": "Point", "coordinates": [7.1086754299, 51.248238623, 137.14]}}, {"type": "Feature", "id": "https://registry.gdi-de.org/de.nw/radnetz/instances/Knoten_Wuppertal_5795_geometry", "name": " (ex-nw:Knoten_Wuppertal_5795_geometry)", "dateprops": [], "properties": {"http://rdfs.org/ns/void#inDataset.value": "4635"}, "geometry": {"type": "Point", "coordinates": [7.1583330387, 51.2370186248, 323.27]}}, {"type": "Feature", "id": "https://registry.gdi-de.org/de.nw/radnetz/instances/Knoten_Wuppertal_60258_geometry", "name": " (ex-nw:Knoten_Wuppertal_60258_geometry)", "dateprops": [], "properties": {"http://rdfs.org/ns/void#inDataset.value": "4635"}, "geometry": {"type": "Point", "coordinates": [7.1848822008, 51.2713990994, 181.33]}}, {"type": "Feature", "id": "https://registry.gdi-de.org/de.nw/radnetz/instances/Knoten_Wuppertal_5811_geometry", "name": " (ex-nw:Knoten_Wuppertal_5811_geometry)", "dateprops": [], "properties": {"http://rdfs.org/ns/void#inDataset.value": "4635"}, "geometry": {"type": "Point", "coordinates": [7.1559767924, 51.3027540829, 280.59]}}, {"type": "Feature", "id": "https://registry.gdi-de.org/de.nw/radnetz/instances/Knoten_Wuppertal_1189691165_geometry", "name": " (ex-nw:Knoten_Wuppertal_1189691165_geometry)", "dateprops": [], "properties": {"http://rdfs.org/ns/void#inDataset.value": "4635"}, "geometry": {"type": "Point", "coordinates": [7.2027279985, 51.2766508335, 167.47]}}, {"type": "Feature", "id": "https://registry.gdi-de.org/de.nw/radnetz/instances/Knoten_Wuppertal_5074_geometry", "name": " (ex-nw:Knoten_Wuppertal_5074_geometry)", "dateprops": [], "properties": {"http://rdfs.org/ns/void#inDataset.value": "4635"}, "geometry": {"type": "Point", "coordinates": [7.1445395894, 51.2662993071, 172.28]}}, {"type": "Feature", "id": "https://registry.gdi-de.org/de.nw/radnetz/instances/Knoten_Wuppertal_3398_geometry", "name": " (ex-nw:Knoten_Wuppertal_3398_geometry)", "dateprops": [], "properties": {"http://rdfs.org/ns/void#inDataset.value": "4635"}, "geometry": {"type": "Point", "coordinates": [7.1101983093, 51.1934413179, 116.13]}}, {"type": "Feature", "id": "https://registry.gdi-de.org/de.nw/radnetz/instances/Knoten_Wuppertal_1189691174_geometry", "name": " (ex-nw:Knoten_Wuppertal_1189691174_geometry)", "dateprops": [], "properties": {"http://rdfs.org/ns/void#inDataset.value": "4635"}, "geometry": {"type": "Point", "coordinates": [7.2490076954, 51.3129753171, 320.28]}}, {"type": "Feature", "id": "https://registry.gdi-de.org/de.nw/radnetz/instances/Knoten_Wuppertal_114210102_geometry", "name": " (ex-nw:Knoten_Wuppertal_114210102_geometry)", "dateprops": [], "properties": {"http://rdfs.org/ns/void#inDataset.value": "4635"}, "geometry": {"type": "Point", "coordinates": [7.1314453087, 51.1996529312, 263.63]}}, {"type": "Feature", "id": "https://registry.gdi-de.org/de.nw/radnetz/instances/Knoten_Wuppertal_999999001_geometry", "name": " (ex-nw:Knoten_Wuppertal_999999001_geometry)", "dateprops": [], "properties": {"http://rdfs.org/ns/void#inDataset.value": "4635"}, "geometry": {"type": "Point", "coordinates": [7.1308516843, 51.2539530166, 149.2]}}, {"type": "Feature", "id": "https://registry.gdi-de.org/de.nw/radnetz/instances/Knoten_Wuppertal_110990101_geometry", "name": " (ex-nw:Knoten_Wuppertal_110990101_geometry)", "dateprops": [], "properties": {"http://rdfs.org/ns/void#inDataset.value": "4635"}, "geometry": {"type": "Point", "coordinates": [7.2334602738, 51.2729182019, 193.13]}}, {"type": "Feature", "id": "https://registry.gdi-de.org/de.nw/radnetz/instances/Knoten_Wuppertal_119780101_geometry", "name": " (ex-nw:Knoten_Wuppertal_119780101_geometry)", "dateprops": [], "properties": {"http://rdfs.org/ns/void#inDataset.value": "4635"}, "geometry": {"type": "Point", "coordinates": [7.0476584924, 51.218629882, 178.12]}}, {"type": "Feature", "id": "https://registry.gdi-de.org/de.nw/radnetz/instances/Knoten_Wuppertal_7504_geometry", "name": " (ex-nw:Knoten_Wuppertal_7504_geometry)", "dateprops": [], "properties": {"http://rdfs.org/ns/void#inDataset.value": "4635"}, "geometry": {"type": "Point", "coordinates": [7.2006850869, 51.2293056191, 285.55]}}, {"type": "Feature", "id": "https://registry.gdi-de.org/de.nw/radnetz/instances/Knoten_Wuppertal_116730102_geometry", "name": " (ex-nw:Knoten_Wuppertal_116730102_geometry)", "dateprops": [], "properties": {"http://rdfs.org/ns/void#inDataset.value": "4635"}, "geometry": {"type": "Point", "coordinates": [7.2318733111, 51.2686028873, 163.72]}}, {"type": "Feature", "id": "https://registry.gdi-de.org/de.nw/radnetz/instances/Knoten_Wuppertal_1189691311_geometry", "name": " (ex-nw:Knoten_Wuppertal_1189691311_geometry)", "dateprops": [], "properties": {"http://rdfs.org/ns/void#inDataset.value": "4635"}, "geometry": {"type": "Point", "coordinates": [7.2213818349, 51.2176494076, 256.25]}}, {"type": "Feature", "id": "https://registry.gdi-de.org/de.nw/radnetz/instances/Knoten_Wuppertal_114200204_geometry", "name": " (ex-nw:Knoten_Wuppertal_114200204_geometry)", "dateprops": [], "properties": {"http://rdfs.org/ns/void#inDataset.value": "4635"}, "geometry": {"type": "Point", "coordinates": [7.1324995022, 51.2041736457, 285.88]}}, {"type": "Feature", "id": "https://registry.gdi-de.org/de.nw/radnetz/instances/Knoten_Wuppertal_1189691219_geometry", "name": " (ex-nw:Knoten_Wuppertal_1189691219_geometry)", "dateprops": [], "properties": {"http://rdfs.org/ns/void#inDataset.value": "4635"}, "geometry": {"type": "Point", "coordinates": [7.1911628135, 51.2416841659, 341.48]}}, {"type": "Feature", "id": "https://registry.gdi-de.org/de.nw/radnetz/instances/Knoten_Wuppertal_112790102_geometry", "name": " (ex-nw:Knoten_Wuppertal_112790102_geometry)", "dateprops": [], "properties": {"http://rdfs.org/ns/void#inDataset.value": "4635"}, "geometry": {"type": "Point", "coordinates": [7.1292126713, 51.2767932672, 285.43]}}, {"type": "Feature", "id": "https://registry.gdi-de.org/de.nw/radnetz/instances/Knoten_Wuppertal_2775_geometry", "name": " (ex-nw:Knoten_Wuppertal_2775_geometry)", "dateprops": [], "properties": {"http://rdfs.org/ns/void#inDataset.value": "4635"}, "geometry": {"type": "Point", "coordinates": [7.0760755558, 51.2802453306, 172.82]}}, {"type": "Feature", "id": "https://registry.gdi-de.org/de.nw/radnetz/instances/Knoten_Wuppertal_114020102_geometry", "name": " (ex-nw:Knoten_Wuppertal_114020102_geometry)", "dateprops": [], "properties": {"http://rdfs.org/ns/void#inDataset.value": "4635"}, "geometry": {"type": "Point", "coordinates": [7.1403234833, 51.2111212323, 298.26]}}, {"type": "Feature", "id": "https://registry.gdi-de.org/de.nw/radnetz/instances/Knoten_Wuppertal_7746_geometry", "name": " (ex-nw:Knoten_Wuppertal_7746_geometry)", "dateprops": [], "properties": {"http://rdfs.org/ns/void#inDataset.value": "4635"}, "geometry": {"type": "Point", "coordinates": [7.2039339841, 51.27860229, 175.13]}}, {"type": "Feature", "id": "https://registry.gdi-de.org/de.nw/radnetz/instances/Knoten_Wuppertal_6571_geometry", "name": " (ex-nw:Knoten_Wuppertal_6571_geometry)", "dateprops": [], "properties": {"http://rdfs.org/ns/void#inDataset.value": "4635"}, "geometry": {"type": "Point", "coordinates": [7.1799338598, 51.2430694526, 323.68]}}, {"type": "Feature", "id": "https://registry.gdi-de.org/de.nw/radnetz/instances/Knoten_Wuppertal_2346_geometry", "name": " (ex-nw:Knoten_Wuppertal_2346_geometry)", "dateprops": [], "properties": {"http://rdfs.org/ns/void#inDataset.value": "4635"}, "geometry": {"type": "Point", "coordinates": [7.0607592898, 51.2327146272, 201.56]}}, {"type": "Feature", "id": "https://registry.gdi-de.org/de.nw/radnetz/instances/Knoten_Wuppertal_5164_geometry", "name": " (ex-nw:Knoten_Wuppertal_5164_geometry)", "dateprops": [], "properties": {"http://rdfs.org/ns/void#inDataset.value": "4635"}, "geometry": {"type": "Point", "coordinates": [7.1462128755, 51.2627436522, 160.68]}}, {"type": "Feature", "id": "https://registry.gdi-de.org/de.nw/radnetz/instances/Knoten_Wuppertal_8839_geometry", "name": " (ex-nw:Knoten_Wuppertal_8839_geometry)", "dateprops": [], "properties": {"http://rdfs.org/ns/void#inDataset.value": "4635"}, "geometry": {"type": "Point", "coordinates": [7.23312816, 51.2593302614, 169.14]}}, {"type": "Feature", "id": "https://registry.gdi-de.org/de.nw/radnetz/instances/Knoten_Wuppertal_2095_geometry", "name": " (ex-nw:Knoten_Wuppertal_2095_geometry)", "dateprops": [], "properties": {"http://rdfs.org/ns/void#inDataset.value": "4635"}, "geometry": {"type": "Point", "coordinates": [7.0420285047, 51.2144739212, 195.44]}}, {"type": "Feature", "id": "https://registry.gdi-de.org/de.nw/radnetz/instances/Knoten_Wuppertal_9286_geometry", "name": " (ex-nw:Knoten_Wuppertal_9286_geometry)", "dateprops": [], "properties": {"http://rdfs.org/ns/void#inDataset.value": "4635"}, "geometry": {"type": "Point", "coordinates": [7.2472386828, 51.3122669047, 317.67]}}, {"type": "Feature", "id": "https://registry.gdi-de.org/de.nw/radnetz/instances/Knoten_Wuppertal_122700101_geometry", "name": " (ex-nw:Knoten_Wuppertal_122700101_geometry)", "dateprops": [], "properties": {"http://rdfs.org/ns/void#inDataset.value": "4635"}, "geometry": {"type": "Point", "coordinates": [7.3190549612, 51.2214386511, 232.5]}}, {"type": "Feature", "id": "https://registry.gdi-de.org/de.nw/radnetz/instances/Knoten_Wuppertal_4344_geometry", "name": " (ex-nw:Knoten_Wuppertal_4344_geometry)", "dateprops": [], "properties": {"http://rdfs.org/ns/void#inDataset.value": "4635"}, "geometry": {"type": "Point", "coordinates": [7.1310273353, 51.2524067336, 140.65]}}, {"type": "Feature", "id": "https://registry.gdi-de.org/de.nw/radnetz/instances/Knoten_Wuppertal_6121_geometry", "name": " (ex-nw:Knoten_Wuppertal_6121_geometry)", "dateprops": [], "properties": {"http://rdfs.org/ns/void#inDataset.value": "4635"}, "geometry": {"type": "Point", "coordinates": [7.16303781, 51.2999136197, 303.59]}}, {"type": "Feature", "id": "https://registry.gdi-de.org/de.nw/radnetz/instances/Knoten_Wuppertal_8967_geometry", "name": " (ex-nw:Knoten_Wuppertal_8967_geometry)", "dateprops": [], "properties": {"http://rdfs.org/ns/void#inDataset.value": "4635"}, "geometry": {"type": "Point", "coordinates": [7.237037858, 51.2643950209, 168.14]}}, {"type": "Feature", "id": "https://registry.gdi-de.org/de.nw/radnetz/instances/Knoten_Wuppertal_3314_geometry", "name": " (ex-nw:Knoten_Wuppertal_3314_geometry)", "dateprops": [], "properties": {"http://rdfs.org/ns/void#inDataset.value": "4635"}, "geometry": {"type": "Point", "coordinates": [7.1029248632, 51.2910113624, 227.46]}}, {"type": "Feature", "id": "https://registry.gdi-de.org/de.nw/radnetz/instances/Knoten_Wuppertal_60270_geometry", "name": " (ex-nw:Knoten_Wuppertal_60270_geometry)", "dateprops": [], "properties": {"http://rdfs.org/ns/void#inDataset.value": "4635"}, "geometry": {"type": "Point", "coordinates": [7.2147959159, 51.2775273962, 187.53]}}, {"type": "Feature", "id": "https://registry.gdi-de.org/de.nw/radnetz/instances/Knoten_Wuppertal_99999907_geometry", "name": " (ex-nw:Knoten_Wuppertal_99999907_geometry)", "dateprops": [], "properties": {"http://rdfs.org/ns/void#inDataset.value": "4635"}, "geometry": {"type": "Point", "coordinates": [7.2386387854, 51.2805295877, 182.5]}}, {"type": "Feature", "id": "https://registry.gdi-de.org/de.nw/radnetz/instances/Knoten_Wuppertal_114040201_geometry", "name": " (ex-nw:Knoten_Wuppertal_114040201_geometry)", "dateprops": [], "properties": {"http://rdfs.org/ns/void#inDataset.value": "4635"}, "geometry": {"type": "Point", "coordinates": [7.1470496057, 51.2153932463, 299.55]}}, {"type": "Feature", "id": "https://registry.gdi-de.org/de.nw/radnetz/instances/Knoten_Wuppertal_9547_geometry", "name": " (ex-nw:Knoten_Wuppertal_9547_geometry)", "dateprops": [], "properties": {"http://rdfs.org/ns/void#inDataset.value": "4635"}, "geometry": {"type": "Point", "coordinates": [7.2616595442, 51.2330919297, 286.88]}}, {"type": "Feature", "id": "https://registry.gdi-de.org/de.nw/radnetz/instances/Knoten_Wuppertal_5149_geometry", "name": " (ex-nw:Knoten_Wuppertal_5149_geometry)", "dateprops": [], "properties": {"http://rdfs.org/ns/void#inDataset.value": "4635"}, "geometry": {"type": "Point", "coordinates": [7.14616608, 51.2576315716, 143.62]}}, {"type": "Feature", "id": "https://registry.gdi-de.org/de.nw/radnetz/instances/Knoten_Wuppertal_60286_geometry", "name": " (ex-nw:Knoten_Wuppertal_60286_geometry)", "dateprops": [], "properties": {"http://rdfs.org/ns/void#inDataset.value": "4635"}, "geometry": {"type": "Point", "coordinates": [7.232026131, 51.2886356693, 192.92]}}, {"type": "Feature", "id": "https://registry.gdi-de.org/de.nw/radnetz/instances/Knoten_Wuppertal_116430101_geometry", "name": " (ex-nw:Knoten_Wuppertal_116430101_geometry)", "dateprops": [], "properties": {"http://rdfs.org/ns/void#inDataset.value": "4635"}, "geometry": {"type": "Point", "coordinates": [7.2332010463, 51.2570211149, 170.6]}}, {"type": "Feature", "id": "https://registry.gdi-de.org/de.nw/radnetz/instances/Knoten_Wuppertal_115550101_geometry", "name": " (ex-nw:Knoten_Wuppertal_115550101_geometry)", "dateprops": [], "properties": {"http://rdfs.org/ns/void#inDataset.value": "4635"}, "geometry": {"type": "Point", "coordinates": [7.2354841177, 51.238565189, 290.03]}}, {"type": "Feature", "id": "https://registry.gdi-de.org/de.nw/radnetz/instances/Knoten_Wuppertal_8800_geometry", "name": " (ex-nw:Knoten_Wuppertal_8800_geometry)", "dateprops": [], "properties": {"http://rdfs.org/ns/void#inDataset.value": "4635"}, "geometry": {"type": "Point", "coordinates": [7.2316567479, 51.2701955853, 163.26]}}, {"type": "Feature", "id": "https://registry.gdi-de.org/de.nw/radnetz/instances/Knoten_Wuppertal_1189690723_geometry", "name": " (ex-nw:Knoten_Wuppertal_1189690723_geometry)", "dateprops": [], "properties": {"http://rdfs.org/ns/void#inDataset.value": "4635"}, "geometry": {"type": "Point", "coordinates": [7.1893554887, 51.2794957214, 194.96]}}, {"type": "Feature", "id": "https://registry.gdi-de.org/de.nw/radnetz/instances/Knoten_Wuppertal_1189690401_geometry", "name": " (ex-nw:Knoten_Wuppertal_1189690401_geometry)", "dateprops": [], "properties": {"http://rdfs.org/ns/void#inDataset.value": "4635"}, "geometry": {"type": "Point", "coordinates": [7.1092439772, 51.2580313415, 171.6]}}, {"type": "Feature", "id": "https://registry.gdi-de.org/de.nw/radnetz/instances/Knoten_Wuppertal_2077_geometry", "name": " (ex-nw:Knoten_Wuppertal_2077_geometry)", "dateprops": [], "properties": {"http://rdfs.org/ns/void#inDataset.value": "4635"}, "geometry": {"type": "Point", "coordinates": [7.0384053332, 51.2299679837, 189.68]}}, {"type": "Feature", "id": "https://registry.gdi-de.org/de.nw/radnetz/instances/Knoten_Wuppertal_3337_geometry", "name": " (ex-nw:Knoten_Wuppertal_3337_geometry)", "dateprops": [], "properties": {"http://rdfs.org/ns/void#inDataset.value": "4635"}, "geometry": {"type": "Point", "coordinates": [7.1057524325, 51.2459213103, 136.79]}}, {"type": "Feature", "id": "https://registry.gdi-de.org/de.nw/radnetz/instances/Knoten_Wuppertal_9452_geometry", "name": " (ex-nw:Knoten_Wuppertal_9452_geometry)", "dateprops": [], "properties": {"http://rdfs.org/ns/void#inDataset.value": "4635"}, "geometry": {"type": "Point", "coordinates": [7.2546860833, 51.2848037824, 189.94]}}, {"type": "Feature", "id": "https://registry.gdi-de.org/de.nw/radnetz/instances/Knoten_Wuppertal_1189691312_geometry", "name": " (ex-nw:Knoten_Wuppertal_1189691312_geometry)", "dateprops": [], "properties": {"http://rdfs.org/ns/void#inDataset.value": "4635"}, "geometry": {"type": "Point", "coordinates": [7.0995085887, 51.2371610488, 136.8]}}, {"type": "Feature", "id": "https://registry.gdi-de.org/de.nw/radnetz/instances/Knoten_Wuppertal_9577_geometry", "name": " (ex-nw:Knoten_Wuppertal_9577_geometry)", "dateprops": [], "properties": {"http://rdfs.org/ns/void#inDataset.value": "4635"}, "geometry": {"type": "Point", "coordinates": [7.2614058771, 51.2844699004, 183.93]}}, {"type": "Feature", "id": "https://registry.gdi-de.org/de.nw/radnetz/instances/Knoten_Wuppertal_2350_geometry", "name": " (ex-nw:Knoten_Wuppertal_2350_geometry)", "dateprops": [], "properties": {"http://rdfs.org/ns/void#inDataset.value": "4635"}, "geometry": {"type": "Point", "coordinates": [7.0601470307, 51.2513605404, 170.69]}}, {"type": "Feature", "id": "https://registry.gdi-de.org/de.nw/radnetz/instances/Knoten_Wuppertal_3202_geometry", "name": " (ex-nw:Knoten_Wuppertal_3202_geometry)", "dateprops": [], "properties": {"http://rdfs.org/ns/void#inDataset.value": "4635"}, "geometry": {"type": "Point", "coordinates": [7.0986855229, 51.263276966, 247.31]}}, {"type": "Feature", "id": "https://registry.gdi-de.org/de.nw/radnetz/instances/Knoten_Wuppertal_116470101_geometry", "name": " (ex-nw:Knoten_Wuppertal_116470101_geometry)", "dateprops": [], "properties": {"http://rdfs.org/ns/void#inDataset.value": "4635"}, "geometry": {"type": "Point", "coordinates": [7.2609660239, 51.2557976176, 178.37]}}, {"type": "Feature", "id": "https://registry.gdi-de.org/de.nw/radnetz/instances/Knoten_Wuppertal_5051_geometry", "name": " (ex-nw:Knoten_Wuppertal_5051_geometry)", "dateprops": [], "properties": {"http://rdfs.org/ns/void#inDataset.value": "4635"}, "geometry": {"type": "Point", "coordinates": [7.1446283495, 51.2544319258, 146.98]}}, {"type": "Feature", "id": "https://registry.gdi-de.org/de.nw/radnetz/instances/Knoten_Wuppertal_60227_geometry", "name": " (ex-nw:Knoten_Wuppertal_60227_geometry)", "dateprops": [], "properties": {"http://rdfs.org/ns/void#inDataset.value": "4635"}, "geometry": {"type": "Point", "coordinates": [7.1123974754, 51.2599248802, 187.41]}}, {"type": "Feature", "id": "https://registry.gdi-de.org/de.nw/radnetz/instances/Knoten_Wuppertal_100420101_geometry", "name": " (ex-nw:Knoten_Wuppertal_100420101_geometry)", "dateprops": [], "properties": {"http://rdfs.org/ns/void#inDataset.value": "4635"}, "geometry": {"type": "Point", "coordinates": [7.0966808066, 51.2963251004, 195.48]}}, {"type": "Feature", "id": "https://registry.gdi-de.org/de.nw/radnetz/instances/Knoten_Wuppertal_115500101_geometry", "name": " (ex-nw:Knoten_Wuppertal_115500101_geometry)", "dateprops": [], "properties": {"http://rdfs.org/ns/void#inDataset.value": "4635"}, "geometry": {"type": "Point", "coordinates": [7.2312482176, 51.2601227277, 180.87]}}, {"type": "Feature", "id": "https://registry.gdi-de.org/de.nw/radnetz/instances/Knoten_Wuppertal_2514_geometry", "name": " (ex-nw:Knoten_Wuppertal_2514_geometry)", "dateprops": [], "properties": {"http://rdfs.org/ns/void#inDataset.value": "4635"}, "geometry": {"type": "Point", "coordinates": [7.068132564, 51.2333125747, 186.4]}}, {"type": "Feature", "id": "https://registry.gdi-de.org/de.nw/radnetz/instances/Knoten_Wuppertal_9158_geometry", "name": " (ex-nw:Knoten_Wuppertal_9158_geometry)", "dateprops": [], "properties": {"http://rdfs.org/ns/void#inDataset.value": "4635"}, "geometry": {"type": "Point", "coordinates": [7.2447279586, 51.2380104788, 233.12]}}, {"type": "Feature", "id": "https://registry.gdi-de.org/de.nw/radnetz/instances/Knoten_Wuppertal_1189691242_geometry", "name": " (ex-nw:Knoten_Wuppertal_1189691242_geometry)", "dateprops": [], "properties": {"http://rdfs.org/ns/void#inDataset.value": "4635"}, "geometry": {"type": "Point", "coordinates": [7.1057470294, 51.2153404859, 131.54]}}, {"type": "Feature", "id": "https://registry.gdi-de.org/de.nw/radnetz/instances/Knoten_Wuppertal_8875_geometry", "name": " (ex-nw:Knoten_Wuppertal_8875_geometry)", "dateprops": [], "properties": {"http://rdfs.org/ns/void#inDataset.value": "4635"}, "geometry": {"type": "Point", "coordinates": [7.2354538782, 51.2312026741, 299.77]}}, {"type": "Feature", "id": "https://registry.gdi-de.org/de.nw/radnetz/instances/Knoten_Wuppertal_115410102_geometry", "name": " (ex-nw:Knoten_Wuppertal_115410102_geometry)", "dateprops": [], "properties": {"http://rdfs.org/ns/void#inDataset.value": "4635"}, "geometry": {"type": "Point", "coordinates": [7.2051908195, 51.2166758642, 252.44]}}, {"type": "Feature", "id": "https://registry.gdi-de.org/de.nw/radnetz/instances/Knoten_Wuppertal_9316_geometry", "name": " (ex-nw:Knoten_Wuppertal_9316_geometry)", "dateprops": [], "properties": {"http://rdfs.org/ns/void#inDataset.value": "4635"}, "geometry": {"type": "Point", "coordinates": [7.2487686626, 51.31237167, 321.94]}}, {"type": "Feature", "id": "https://registry.gdi-de.org/de.nw/radnetz/instances/Knoten_Wuppertal_1189690786_geometry", "name": " (ex-nw:Knoten_Wuppertal_1189690786_geometry)", "dateprops": [], "properties": {"http://rdfs.org/ns/void#inDataset.value": "4635"}, "geometry": {"type": "Point", "coordinates": [7.1895769486, 51.2423844027, 333.59]}}, {"type": "Feature", "id": "https://registry.gdi-de.org/de.nw/radnetz/instances/Knoten_Wuppertal_5371_geometry", "name": " (ex-nw:Knoten_Wuppertal_5371_geometry)", "dateprops": [], "properties": {"http://rdfs.org/ns/void#inDataset.value": "4635"}, "geometry": {"type": "Point", "coordinates": [7.1509618114, 51.2264228267, 331.07]}}, {"type": "Feature", "id": "https://registry.gdi-de.org/de.nw/radnetz/instances/Knoten_Wuppertal_4225_geometry", "name": " (ex-nw:Knoten_Wuppertal_4225_geometry)", "dateprops": [], "properties": {"http://rdfs.org/ns/void#inDataset.value": "4635"}, "geometry": {"type": "Point", "coordinates": [7.1279745254, 51.2790195087, 290.06]}}, {"type": "Feature", "id": "https://registry.gdi-de.org/de.nw/radnetz/instances/Knoten_Wuppertal_3647_geometry", "name": " (ex-nw:Knoten_Wuppertal_3647_geometry)", "dateprops": [], "properties": {"http://rdfs.org/ns/void#inDataset.value": "4635"}, "geometry": {"type": "Point", "coordinates": [7.1157309573, 51.2495061995, 138.11]}}, {"type": "Feature", "id": "https://registry.gdi-de.org/de.nw/radnetz/instances/Knoten_Wuppertal_60305_geometry", "name": " (ex-nw:Knoten_Wuppertal_60305_geometry)", "dateprops": [], "properties": {"http://rdfs.org/ns/void#inDataset.value": "4635"}, "geometry": {"type": "Point", "coordinates": [7.1103323869, 51.2374826354, 208.78]}}, {"type": "Feature", "id": "https://registry.gdi-de.org/de.nw/radnetz/instances/Knoten_Wuppertal_4312_geometry", "name": " (ex-nw:Knoten_Wuppertal_4312_geometry)", "dateprops": [], "properties": {"http://rdfs.org/ns/void#inDataset.value": "4635"}, "geometry": {"type": "Point", "coordinates": [7.1294805392, 51.2764700039, 284.47]}}, {"type": "Feature", "id": "https://registry.gdi-de.org/de.nw/radnetz/instances/Knoten_Wuppertal_112350101_geometry", "name": " (ex-nw:Knoten_Wuppertal_112350101_geometry)", "dateprops": [], "properties": {"http://rdfs.org/ns/void#inDataset.value": "4635"}, "geometry": {"type": "Point", "coordinates": [7.1699328832, 51.2432675971, 279.07]}}, {"type": "Feature", "id": "https://registry.gdi-de.org/de.nw/radnetz/instances/Knoten_Wuppertal_10025_geometry", "name": " (ex-nw:Knoten_Wuppertal_10025_geometry)", "dateprops": [], "properties": {"http://rdfs.org/ns/void#inDataset.value": "4635"}, "geometry": {"type": "Point", "coordinates": [7.2964255167, 51.2484902522, 200.58]}}, {"type": "Feature", "id": "https://registry.gdi-de.org/de.nw/radnetz/instances/Knoten_Wuppertal_2364_geometry", "name": " (ex-nw:Knoten_Wuppertal_2364_geometry)", "dateprops": [], "properties": {"http://rdfs.org/ns/void#inDataset.value": "4635"}, "geometry": {"type": "Point", "coordinates": [7.0616310792, 51.2320235321, 195.93]}}, {"type": "Feature", "id": "https://registry.gdi-de.org/de.nw/radnetz/instances/Knoten_Wuppertal_4138_geometry", "name": " (ex-nw:Knoten_Wuppertal_4138_geometry)", "dateprops": [], "properties": {"http://rdfs.org/ns/void#inDataset.value": "4635"}, "geometry": {"type": "Point", "coordinates": [7.1257491443, 51.3017773837, 194.2]}}, {"type": "Feature", "id": "https://registry.gdi-de.org/de.nw/radnetz/instances/Knoten_Wuppertal_60239_geometry", "name": " (ex-nw:Knoten_Wuppertal_60239_geometry)", "dateprops": [], "properties": {"http://rdfs.org/ns/void#inDataset.value": "4635"}, "geometry": {"type": "Point", "coordinates": [7.1387696389, 51.2659652541, 176.37]}}, {"type": "Feature", "id": "https://registry.gdi-de.org/de.nw/radnetz/instances/Knoten_Wuppertal_8717_geometry", "name": " (ex-nw:Knoten_Wuppertal_8717_geometry)", "dateprops": [], "properties": {"http://rdfs.org/ns/void#inDataset.value": "4635"}, "geometry": {"type": "Point", "coordinates": [7.2284520006, 51.2755320448, 172.04]}}, {"type": "Feature", "id": "https://registry.gdi-de.org/de.nw/radnetz/instances/Knoten_Wuppertal_116740102_geometry", "name": " (ex-nw:Knoten_Wuppertal_116740102_geometry)", "dateprops": [], "properties": {"http://rdfs.org/ns/void#inDataset.value": "4635"}, "geometry": {"type": "Point", "coordinates": [7.2332789948, 51.2670121723, 164.67]}}, {"type": "Feature", "id": "https://registry.gdi-de.org/de.nw/radnetz/instances/Knoten_Wuppertal_99999903_geometry", "name": " (ex-nw:Knoten_Wuppertal_99999903_geometry)", "dateprops": [], "properties": {"http://rdfs.org/ns/void#inDataset.value": "4635"}, "geometry": {"type": "Point", "coordinates": [7.226446771, 51.2768085712, 188.9]}}, {"type": "Feature", "id": "https://registry.gdi-de.org/de.nw/radnetz/instances/Knoten_Wuppertal_6080_geometry", "name": " (ex-nw:Knoten_Wuppertal_6080_geometry)", "dateprops": [], "properties": {"http://rdfs.org/ns/void#inDataset.value": "4635"}, "geometry": {"type": "Point", "coordinates": [7.1631227723, 51.2771635797, 198.15]}}, {"type": "Feature", "id": "https://registry.gdi-de.org/de.nw/radnetz/instances/Knoten_Wuppertal_5515_geometry", "name": " (ex-nw:Knoten_Wuppertal_5515_geometry)", "dateprops": [], "properties": {"http://rdfs.org/ns/void#inDataset.value": "4635"}, "geometry": {"type": "Point", "coordinates": [7.1523018569, 51.2588422596, 146.19]}}, {"type": "Feature", "id": "https://registry.gdi-de.org/de.nw/radnetz/instances/Knoten_Wuppertal_115530101_geometry", "name": " (ex-nw:Knoten_Wuppertal_115530101_geometry)", "dateprops": [], "properties": {"http://rdfs.org/ns/void#inDataset.value": "4635"}, "geometry": {"type": "Point", "coordinates": [7.2287833972, 51.244118844, 255.86]}}, {"type": "Feature", "id": "https://registry.gdi-de.org/de.nw/radnetz/instances/Knoten_Wuppertal_1189691204_geometry", "name": " (ex-nw:Knoten_Wuppertal_1189691204_geometry)", "dateprops": [], "properties": {"http://rdfs.org/ns/void#inDataset.value": "4635"}, "geometry": {"type": "Point", "coordinates": [7.1246578364, 51.2494351032, 139.9]}}, {"type": "Feature", "id": "https://registry.gdi-de.org/de.nw/radnetz/instances/Knoten_Wuppertal_3261_geometry", "name": " (ex-nw:Knoten_Wuppertal_3261_geometry)", "dateprops": [], "properties": {"http://rdfs.org/ns/void#inDataset.value": "4635"}, "geometry": {"type": "Point", "coordinates": [7.102943685, 51.2388676533, 139.18]}}, {"type": "Feature", "id": "https://registry.gdi-de.org/de.nw/radnetz/instances/Knoten_Wuppertal_6475_geometry", "name": " (ex-nw:Knoten_Wuppertal_6475_geometry)", "dateprops": [], "properties": {"http://rdfs.org/ns/void#inDataset.value": "4635"}, "geometry": {"type": "Point", "coordinates": [7.1763406596, 51.2647817458, 151.2]}}, {"type": "Feature", "id": "https://registry.gdi-de.org/de.nw/radnetz/instances/Knoten_Wuppertal_6935_geometry", "name": " (ex-nw:Knoten_Wuppertal_6935_geometry)", "dateprops": [], "properties": {"http://rdfs.org/ns/void#inDataset.value": "4635"}, "geometry": {"type": "Point", "coordinates": [7.1910677868, 51.2220429685, 314.88]}}, {"type": "Feature", "id": "https://registry.gdi-de.org/de.nw/radnetz/instances/Knoten_Wuppertal_1189691295_geometry", "name": " (ex-nw:Knoten_Wuppertal_1189691295_geometry)", "dateprops": [], "properties": {"http://rdfs.org/ns/void#inDataset.value": "4635"}, "geometry": {"type": "Point", "coordinates": [7.0583973593, 51.2422625582, 170.55]}}, {"type": "Feature", "id": "https://registry.gdi-de.org/de.nw/radnetz/instances/Knoten_Wuppertal_3722_geometry", "name": " (ex-nw:Knoten_Wuppertal_3722_geometry)", "dateprops": [], "properties": {"http://rdfs.org/ns/void#inDataset.value": "4635"}, "geometry": {"type": "Point", "coordinates": [7.1171755322, 51.262033843, 211.74]}}, {"type": "Feature", "id": "https://registry.gdi-de.org/de.nw/radnetz/instances/Knoten_Wuppertal_113230102_geometry", "name": " (ex-nw:Knoten_Wuppertal_113230102_geometry)", "dateprops": [], "properties": {"http://rdfs.org/ns/void#inDataset.value": "4635"}, "geometry": {"type": "Point", "coordinates": [7.0709059192, 51.2455346521, 199.58]}}, {"type": "Feature", "id": "https://registry.gdi-de.org/de.nw/radnetz/instances/Knoten_Wuppertal_1189691319_geometry", "name": " (ex-nw:Knoten_Wuppertal_1189691319_geometry)", "dateprops": [], "properties": {"http://rdfs.org/ns/void#inDataset.value": "4635"}, "geometry": {"type": "Point", "coordinates": [7.198623051, 51.2750570492, 182.5]}}, {"type": "Feature", "id": "https://registry.gdi-de.org/de.nw/radnetz/instances/Knoten_Wuppertal_112200103_geometry", "name": " (ex-nw:Knoten_Wuppertal_112200103_geometry)", "dateprops": [], "properties": {"http://rdfs.org/ns/void#inDataset.value": "4635"}, "geometry": {"type": "Point", "coordinates": [7.1461840058, 51.256925322, 143.13]}}, {"type": "Feature", "id": "https://registry.gdi-de.org/de.nw/radnetz/instances/Knoten_Wuppertal_60288_geometry", "name": " (ex-nw:Knoten_Wuppertal_60288_geometry)", "dateprops": [], "properties": {"http://rdfs.org/ns/void#inDataset.value": "4635"}, "geometry": {"type": "Point", "coordinates": [7.2404693529, 51.2850822656, 196.61]}}, {"type": "Feature", "id": "https://registry.gdi-de.org/de.nw/radnetz/instances/Knoten_Wuppertal_1189691290_geometry", "name": " (ex-nw:Knoten_Wuppertal_1189691290_geometry)", "dateprops": [], "properties": {"http://rdfs.org/ns/void#inDataset.value": "4635"}, "geometry": {"type": "Point", "coordinates": [7.0344834693, 51.2089743657, 197.58]}}, {"type": "Feature", "id": "https://registry.gdi-de.org/de.nw/radnetz/instances/Knoten_Wuppertal_4207_geometry", "name": " (ex-nw:Knoten_Wuppertal_4207_geometry)", "dateprops": [], "properties": {"http://rdfs.org/ns/void#inDataset.value": "4635"}, "geometry": {"type": "Point", "coordinates": [7.1276880459, 51.2804213012, 278.7]}}, {"type": "Feature", "id": "https://registry.gdi-de.org/de.nw/radnetz/instances/Knoten_Wuppertal_4041_geometry", "name": " (ex-nw:Knoten_Wuppertal_4041_geometry)", "dateprops": [], "properties": {"http://rdfs.org/ns/void#inDataset.value": "4635"}, "geometry": {"type": "Point", "coordinates": [7.125019521, 51.2797188548, 263.0]}}, {"type": "Feature", "id": "https://registry.gdi-de.org/de.nw/radnetz/instances/Knoten_Wuppertal_5807_geometry", "name": " (ex-nw:Knoten_Wuppertal_5807_geometry)", "dateprops": [], "properties": {"http://rdfs.org/ns/void#inDataset.value": "4635"}, "geometry": {"type": "Point", "coordinates": [7.1579758441, 51.2520354057, 190.7]}}, {"type": "Feature", "id": "https://registry.gdi-de.org/de.nw/radnetz/instances/Knoten_Wuppertal_7336_geometry", "name": " (ex-nw:Knoten_Wuppertal_7336_geometry)", "dateprops": [], "properties": {"http://rdfs.org/ns/void#inDataset.value": "4635"}, "geometry": {"type": "Point", "coordinates": [7.1961385751, 51.273364106, 182.48]}}, {"type": "Feature", "id": "https://registry.gdi-de.org/de.nw/radnetz/instances/Knoten_Wuppertal_2709_geometry", "name": " (ex-nw:Knoten_Wuppertal_2709_geometry)", "dateprops": [], "properties": {"http://rdfs.org/ns/void#inDataset.value": "4635"}, "geometry": {"type": "Point", "coordinates": [7.0737296429, 51.2530612012, 185.36]}}, {"type": "Feature", "id": "https://registry.gdi-de.org/de.nw/radnetz/instances/Knoten_Wuppertal_112090101_geometry", "name": " (ex-nw:Knoten_Wuppertal_112090101_geometry)", "dateprops": [], "properties": {"http://rdfs.org/ns/void#inDataset.value": "4635"}, "geometry": {"type": "Point", "coordinates": [7.1685022625, 51.2803173631, 203.79]}}, {"type": "Feature", "id": "https://registry.gdi-de.org/de.nw/radnetz/instances/Knoten_Wuppertal_60236_geometry", "name": " (ex-nw:Knoten_Wuppertal_60236_geometry)", "dateprops": [], "properties": {"http://rdfs.org/ns/void#inDataset.value": "4635"}, "geometry": {"type": "Point", "coordinates": [7.1318446863, 51.2652042841, 177.61]}}, {"type": "Feature", "id": "https://registry.gdi-de.org/de.nw/radnetz/instances/Knoten_Wuppertal_7382_geometry", "name": " (ex-nw:Knoten_Wuppertal_7382_geometry)", "dateprops": [], "properties": {"http://rdfs.org/ns/void#inDataset.value": "4635"}, "geometry": {"type": "Point", "coordinates": [7.198810984, 51.2233084302, 267.44]}}, {"type": "Feature", "id": "https://registry.gdi-de.org/de.nw/radnetz/instances/Knoten_Wuppertal_6363_geometry", "name": " (ex-nw:Knoten_Wuppertal_6363_geometry)", "dateprops": [], "properties": {"http://rdfs.org/ns/void#inDataset.value": "4635"}, "geometry": {"type": "Point", "coordinates": [7.1717576171, 51.2816920893, 209.93]}}, {"type": "Feature", "id": "https://registry.gdi-de.org/de.nw/radnetz/instances/Knoten_Wuppertal_8780_geometry", "name": " (ex-nw:Knoten_Wuppertal_8780_geometry)", "dateprops": [], "properties": {"http://rdfs.org/ns/void#inDataset.value": "4635"}, "geometry": {"type": "Point", "coordinates": [7.2313326131, 51.2563297815, 173.17]}}, {"type": "Feature", "id": "https://registry.gdi-de.org/de.nw/radnetz/instances/Knoten_Wuppertal_60316_geometry", "name": " (ex-nw:Knoten_Wuppertal_60316_geometry)", "dateprops": [], "properties": {"http://rdfs.org/ns/void#inDataset.value": "4635"}, "geometry": {"type": "Point", "coordinates": [7.1469277245, 51.2154708569, 299.14]}}, {"type": "Feature", "id": "https://registry.gdi-de.org/de.nw/radnetz/instances/Knoten_Wuppertal_10046_geometry", "name": " (ex-nw:Knoten_Wuppertal_10046_geometry)", "dateprops": [], "properties": {"http://rdfs.org/ns/void#inDataset.value": "4635"}, "geometry": {"type": "Point", "coordinates": [7.2972533057, 51.2478807302, 202.73]}}, {"type": "Feature", "id": "https://registry.gdi-de.org/de.nw/radnetz/instances/Knoten_Wuppertal_4959_geometry", "name": " (ex-nw:Knoten_Wuppertal_4959_geometry)", "dateprops": [], "properties": {"http://rdfs.org/ns/void#inDataset.value": "4635"}, "geometry": {"type": "Point", "coordinates": [7.1432428011, 51.2557745344, 143.52]}}, {"type": "Feature", "id": "https://registry.gdi-de.org/de.nw/radnetz/instances/Knoten_Wuppertal_2646_geometry", "name": " (ex-nw:Knoten_Wuppertal_2646_geometry)", "dateprops": [], "properties": {"http://rdfs.org/ns/void#inDataset.value": "4635"}, "geometry": {"type": "Point", "coordinates": [7.0723923559, 51.2354935423, 180.48]}}, {"type": "Feature", "id": "https://registry.gdi-de.org/de.nw/radnetz/instances/Knoten_Wuppertal_60263_geometry", "name": " (ex-nw:Knoten_Wuppertal_60263_geometry)", "dateprops": [], "properties": {"http://rdfs.org/ns/void#inDataset.value": "4635"}, "geometry": {"type": "Point", "coordinates": [7.1975822081, 51.2742948215, 182.34]}}, {"type": "Feature", "id": "https://registry.gdi-de.org/de.nw/radnetz/instances/Knoten_Wuppertal_6768_geometry", "name": " (ex-nw:Knoten_Wuppertal_6768_geometry)", "dateprops": [], "properties": {"http://rdfs.org/ns/void#inDataset.value": "4635"}, "geometry": {"type": "Point", "coordinates": [7.1842732434, 51.2784249609, 199.47]}}, {"type": "Feature", "id": "https://registry.gdi-de.org/de.nw/radnetz/instances/Knoten_Wuppertal_115120101_geometry", "name": " (ex-nw:Knoten_Wuppertal_115120101_geometry)", "dateprops": [], "properties": {"http://rdfs.org/ns/void#inDataset.value": "4635"}, "geometry": {"type": "Point", "coordinates": [7.179368655, 51.2430628941, 321.56]}}, {"type": "Feature", "id": "https://registry.gdi-de.org/de.nw/radnetz/instances/Knoten_Wuppertal_3490_geometry", "name": " (ex-nw:Knoten_Wuppertal_3490_geometry)", "dateprops": [], "properties": {"http://rdfs.org/ns/void#inDataset.value": "4635"}, "geometry": {"type": "Point", "coordinates": [7.1103129205, 51.2622519362, 202.77]}}, {"type": "Feature", "id": "https://registry.gdi-de.org/de.nw/radnetz/instances/Knoten_Wuppertal_115550102_geometry", "name": " (ex-nw:Knoten_Wuppertal_115550102_geometry)", "dateprops": [], "properties": {"http://rdfs.org/ns/void#inDataset.value": "4635"}, "geometry": {"type": "Point", "coordinates": [7.2349506995, 51.2390862944, 291.11]}}, {"type": "Feature", "id": "https://registry.gdi-de.org/de.nw/radnetz/instances/Knoten_Wuppertal_99999912_geometry", "name": " (ex-nw:Knoten_Wuppertal_99999912_geometry)", "dateprops": [], "properties": {"http://rdfs.org/ns/void#inDataset.value": "4635"}, "geometry": {"type": "Point", "coordinates": [7.0801561298, 51.2377935526, 174.6]}}, {"type": "Feature", "id": "https://registry.gdi-de.org/de.nw/radnetz/instances/Knoten_Wuppertal_10775_geometry", "name": " (ex-nw:Knoten_Wuppertal_10775_geometry)", "dateprops": [], "properties": {"http://rdfs.org/ns/void#inDataset.value": "4635"}, "geometry": {"type": "Point", "coordinates": [7.0729487148, 51.2292231397, 186.05]}}, {"type": "Feature", "id": "https://registry.gdi-de.org/de.nw/radnetz/instances/Knoten_Wuppertal_2438_geometry", "name": " (ex-nw:Knoten_Wuppertal_2438_geometry)", "dateprops": [], "properties": {"http://rdfs.org/ns/void#inDataset.value": "4635"}, "geometry": {"type": "Point", "coordinates": [7.0648245905, 51.2255891953, 201.1]}}, {"type": "Feature", "id": "https://registry.gdi-de.org/de.nw/radnetz/instances/Knoten_Wuppertal_6302_geometry", "name": " (ex-nw:Knoten_Wuppertal_6302_geometry)", "dateprops": [], "properties": {"http://rdfs.org/ns/void#inDataset.value": "4635"}, "geometry": {"type": "Point", "coordinates": [7.1708832292, 51.2430794921, 283.59]}}, {"type": "Feature", "id": "https://registry.gdi-de.org/de.nw/radnetz/instances/Knoten_Wuppertal_120650101_geometry", "name": " (ex-nw:Knoten_Wuppertal_120650101_geometry)", "dateprops": [], "properties": {"http://rdfs.org/ns/void#inDataset.value": "4635"}, "geometry": {"type": "Point", "coordinates": [7.2075091979, 51.2151573355, 248.8]}}, {"type": "Feature", "id": "https://registry.gdi-de.org/de.nw/radnetz/instances/Knoten_Wuppertal_112170102_geometry", "name": " (ex-nw:Knoten_Wuppertal_112170102_geometry)", "dateprops": [], "properties": {"http://rdfs.org/ns/void#inDataset.value": "4635"}, "geometry": {"type": "Point", "coordinates": [7.162573435, 51.2768335469, 199.5]}}, {"type": "Feature", "id": "https://registry.gdi-de.org/de.nw/radnetz/instances/Knoten_Wuppertal_114070101_geometry", "name": " (ex-nw:Knoten_Wuppertal_114070101_geometry)", "dateprops": [], "properties": {"http://rdfs.org/ns/void#inDataset.value": "4635"}, "geometry": {"type": "Point", "coordinates": [7.1520063965, 51.2234309444, 327.99]}}, {"type": "Feature", "id": "https://registry.gdi-de.org/de.nw/radnetz/instances/Knoten_Wuppertal_3412_geometry", "name": " (ex-nw:Knoten_Wuppertal_3412_geometry)", "dateprops": [], "properties": {"http://rdfs.org/ns/void#inDataset.value": "4635"}, "geometry": {"type": "Point", "coordinates": [7.1074591832, 51.2702251542, 241.24]}}, {"type": "Feature", "id": "https://registry.gdi-de.org/de.nw/radnetz/instances/Knoten_Wuppertal_111030102_geometry", "name": " (ex-nw:Knoten_Wuppertal_111030102_geometry)", "dateprops": [], "properties": {"http://rdfs.org/ns/void#inDataset.value": "4635"}, "geometry": {"type": "Point", "coordinates": [7.203092958, 51.2773976351, 170.45]}}, {"type": "Feature", "id": "https://registry.gdi-de.org/de.nw/radnetz/instances/Knoten_Wuppertal_4295_geometry", "name": " (ex-nw:Knoten_Wuppertal_4295_geometry)", "dateprops": [], "properties": {"http://rdfs.org/ns/void#inDataset.value": "4635"}, "geometry": {"type": "Point", "coordinates": [7.1301983547, 51.2520193316, 140.6]}}, {"type": "Feature", "id": "https://registry.gdi-de.org/de.nw/radnetz/instances/Knoten_Wuppertal_116000501_geometry", "name": " (ex-nw:Knoten_Wuppertal_116000501_geometry)", "dateprops": [], "properties": {"http://rdfs.org/ns/void#inDataset.value": "4635"}, "geometry": {"type": "Point", "coordinates": [7.2141324826, 51.2744679104, 158.39]}}, {"type": "Feature", "id": "https://registry.gdi-de.org/de.nw/radnetz/instances/Knoten_Wuppertal_3538_geometry", "name": " (ex-nw:Knoten_Wuppertal_3538_geometry)", "dateprops": [], "properties": {"http://rdfs.org/ns/void#inDataset.value": "4635"}, "geometry": {"type": "Point", "coordinates": [7.1117590374, 51.2623801813, 204.34]}}, {"type": "Feature", "id": "https://registry.gdi-de.org/de.nw/radnetz/instances/Knoten_Wuppertal_60313_geometry", "name": " (ex-nw:Knoten_Wuppertal_60313_geometry)", "dateprops": [], "properties": {"http://rdfs.org/ns/void#inDataset.value": "4635"}, "geometry": {"type": "Point", "coordinates": [7.1354920238, 51.2270339944, 298.92]}}, {"type": "Feature", "id": "https://registry.gdi-de.org/de.nw/radnetz/instances/Knoten_Wuppertal_2222_geometry", "name": " (ex-nw:Knoten_Wuppertal_2222_geometry)", "dateprops": [], "properties": {"http://rdfs.org/ns/void#inDataset.value": "4635"}, "geometry": {"type": "Point", "coordinates": [7.0540002989, 51.2108359856, 227.67]}}, {"type": "Feature", "id": "https://registry.gdi-de.org/de.nw/radnetz/instances/Knoten_Wuppertal_3105_geometry", "name": " (ex-nw:Knoten_Wuppertal_3105_geometry)", "dateprops": [], "properties": {"http://rdfs.org/ns/void#inDataset.value": "4635"}, "geometry": {"type": "Point", "coordinates": [7.0936469179, 51.2925094548, 208.49]}}, {"type": "Feature", "id": "https://registry.gdi-de.org/de.nw/radnetz/instances/Knoten_Wuppertal_8819_geometry", "name": " (ex-nw:Knoten_Wuppertal_8819_geometry)", "dateprops": [], "properties": {"http://rdfs.org/ns/void#inDataset.value": "4635"}, "geometry": {"type": "Point", "coordinates": [7.2333291823, 51.2399032874, 292.5]}}, {"type": "Feature", "id": "https://registry.gdi-de.org/de.nw/radnetz/instances/Knoten_Wuppertal_2987_geometry", "name": " (ex-nw:Knoten_Wuppertal_2987_geometry)", "dateprops": [], "properties": {"http://rdfs.org/ns/void#inDataset.value": "4635"}, "geometry": {"type": "Point", "coordinates": [7.089953447, 51.2364139932, 136.93]}}, {"type": "Feature", "id": "https://registry.gdi-de.org/de.nw/radnetz/instances/Knoten_Wuppertal_115540102_geometry", "name": " (ex-nw:Knoten_Wuppertal_115540102_geometry)", "dateprops": [], "properties": {"http://rdfs.org/ns/void#inDataset.value": "4635"}, "geometry": {"type": "Point", "coordinates": [7.232848352, 51.2416564786, 284.81]}}, {"type": "Feature", "id": "https://registry.gdi-de.org/de.nw/radnetz/instances/Knoten_Wuppertal_2465_geometry", "name": " (ex-nw:Knoten_Wuppertal_2465_geometry)", "dateprops": [], "properties": {"http://rdfs.org/ns/void#inDataset.value": "4635"}, "geometry": {"type": "Point", "coordinates": [7.0656190344, 51.2317355198, 185.04]}}, {"type": "Feature", "id": "https://registry.gdi-de.org/de.nw/radnetz/instances/Knoten_Wuppertal_2973_geometry", "name": " (ex-nw:Knoten_Wuppertal_2973_geometry)", "dateprops": [], "properties": {"http://rdfs.org/ns/void#inDataset.value": "4635"}, "geometry": {"type": "Point", "coordinates": [7.088455946, 51.2566035858, 201.97]}}, {"type": "Feature", "id": "https://registry.gdi-de.org/de.nw/radnetz/instances/Knoten_Wuppertal_5214_geometry", "name": " (ex-nw:Knoten_Wuppertal_5214_geometry)", "dateprops": [], "properties": {"http://rdfs.org/ns/void#inDataset.value": "4635"}, "geometry": {"type": "Point", "coordinates": [7.1471291301, 51.2567014871, 143.03]}}, {"type": "Feature", "id": "https://registry.gdi-de.org/de.nw/radnetz/instances/Knoten_Wuppertal_60228_geometry", "name": " (ex-nw:Knoten_Wuppertal_60228_geometry)", "dateprops": [], "properties": {"http://rdfs.org/ns/void#inDataset.value": "4635"}, "geometry": {"type": "Point", "coordinates": [7.0579207464, 51.2277255871, 170.18]}}, {"type": "Feature", "id": "https://registry.gdi-de.org/de.nw/radnetz/instances/Knoten_Wuppertal_60230_geometry", "name": " (ex-nw:Knoten_Wuppertal_60230_geometry)", "dateprops": [], "properties": {"http://rdfs.org/ns/void#inDataset.value": "4635"}, "geometry": {"type": "Point", "coordinates": [7.1208253384, 51.2620863965, 176.48]}}, {"type": "Feature", "id": "https://registry.gdi-de.org/de.nw/radnetz/instances/Knoten_Wuppertal_3419_geometry", "name": " (ex-nw:Knoten_Wuppertal_3419_geometry)", "dateprops": [], "properties": {"http://rdfs.org/ns/void#inDataset.value": "4635"}, "geometry": {"type": "Point", "coordinates": [7.1090158304, 51.2359249105, 229.3]}}, {"type": "Feature", "id": "https://registry.gdi-de.org/de.nw/radnetz/instances/Knoten_Wuppertal_3994_geometry", "name": " (ex-nw:Knoten_Wuppertal_3994_geometry)", "dateprops": [], "properties": {"http://rdfs.org/ns/void#inDataset.value": "4635"}, "geometry": {"type": "Point", "coordinates": [7.1268367148, 51.2052103389, 289.97]}}, {"type": "Feature", "id": "https://registry.gdi-de.org/de.nw/radnetz/instances/Knoten_Wuppertal_112040102_geometry", "name": " (ex-nw:Knoten_Wuppertal_112040102_geometry)", "dateprops": [], "properties": {"http://rdfs.org/ns/void#inDataset.value": "4635"}, "geometry": {"type": "Point", "coordinates": [7.1487131313, 51.2716486683, 169.2]}}, {"type": "Feature", "id": "https://registry.gdi-de.org/de.nw/radnetz/instances/Knoten_Wuppertal_2312_geometry", "name": " (ex-nw:Knoten_Wuppertal_2312_geometry)", "dateprops": [], "properties": {"http://rdfs.org/ns/void#inDataset.value": "4635"}, "geometry": {"type": "Point", "coordinates": [7.0597405372, 51.2219667883, 212.4]}}, {"type": "Feature", "id": "https://registry.gdi-de.org/de.nw/radnetz/instances/Knoten_Wuppertal_1189690258_geometry", "name": " (ex-nw:Knoten_Wuppertal_1189690258_geometry)", "dateprops": [], "properties": {"http://rdfs.org/ns/void#inDataset.value": "4635"}, "geometry": {"type": "Point", "coordinates": [7.1429296079, 51.2556947044, 143.17]}}, {"type": "Feature", "id": "https://registry.gdi-de.org/de.nw/radnetz/instances/Knoten_Wuppertal_113820204_geometry", "name": " (ex-nw:Knoten_Wuppertal_113820204_geometry)", "dateprops": [], "properties": {"http://rdfs.org/ns/void#inDataset.value": "4635"}, "geometry": {"type": "Point", "coordinates": [7.1181436111, 51.24922938, 138.67]}}, {"type": "Feature", "id": "https://registry.gdi-de.org/de.nw/radnetz/instances/Knoten_Wuppertal_3813_geometry", "name": " (ex-nw:Knoten_Wuppertal_3813_geometry)", "dateprops": [], "properties": {"http://rdfs.org/ns/void#inDataset.value": "4635"}, "geometry": {"type": "Point", "coordinates": [7.1206795816, 51.2489360508, 139.26]}}, {"type": "Feature", "id": "https://registry.gdi-de.org/de.nw/radnetz/instances/Knoten_Wuppertal_1189691254_geometry", "name": " (ex-nw:Knoten_Wuppertal_1189691254_geometry)", "dateprops": [], "properties": {"http://rdfs.org/ns/void#inDataset.value": "4635"}, "geometry": {"type": "Point", "coordinates": [7.2196077709, 51.2752317837, 160.69]}}, {"type": "Feature", "id": "https://registry.gdi-de.org/de.nw/radnetz/instances/Knoten_Wuppertal_7480_geometry", "name": " (ex-nw:Knoten_Wuppertal_7480_geometry)", "dateprops": [], "properties": {"http://rdfs.org/ns/void#inDataset.value": "4635"}, "geometry": {"type": "Point", "coordinates": [7.1998359872, 51.2375091909, 341.8]}}, {"type": "Feature", "id": "https://registry.gdi-de.org/de.nw/radnetz/instances/Knoten_Wuppertal_3463_geometry", "name": " (ex-nw:Knoten_Wuppertal_3463_geometry)", "dateprops": [], "properties": {"http://rdfs.org/ns/void#inDataset.value": "4635"}, "geometry": {"type": "Point", "coordinates": [7.1092503355, 51.2626210689, 199.12]}}, {"type": "Feature", "id": "https://registry.gdi-de.org/de.nw/radnetz/instances/Knoten_Wuppertal_3239_geometry", "name": " (ex-nw:Knoten_Wuppertal_3239_geometry)", "dateprops": [], "properties": {"http://rdfs.org/ns/void#inDataset.value": "4635"}, "geometry": {"type": "Point", "coordinates": [7.0994506161, 51.2934901502, 212.23]}}, {"type": "Feature", "id": "https://registry.gdi-de.org/de.nw/radnetz/instances/Knoten_Wuppertal_4219_geometry", "name": " (ex-nw:Knoten_Wuppertal_4219_geometry)", "dateprops": [], "properties": {"http://rdfs.org/ns/void#inDataset.value": "4635"}, "geometry": {"type": "Point", "coordinates": [7.1311938991, 51.197914102, 259.87]}}, {"type": "Feature", "id": "https://registry.gdi-de.org/de.nw/radnetz/instances/Knoten_Wuppertal_3744_geometry", "name": " (ex-nw:Knoten_Wuppertal_3744_geometry)", "dateprops": [], "properties": {"http://rdfs.org/ns/void#inDataset.value": "4635"}, "geometry": {"type": "Point", "coordinates": [7.1180356055, 51.2614595043, 210.29]}}, {"type": "Feature", "id": "https://registry.gdi-de.org/de.nw/radnetz/instances/Knoten_Wuppertal_4322_geometry", "name": " (ex-nw:Knoten_Wuppertal_4322_geometry)", "dateprops": [], "properties": {"http://rdfs.org/ns/void#inDataset.value": "4635"}, "geometry": {"type": "Point", "coordinates": [7.1296805123, 51.2760965797, 283.73]}}, {"type": "Feature", "id": "https://registry.gdi-de.org/de.nw/radnetz/instances/Knoten_Wuppertal_1189691369_geometry", "name": " (ex-nw:Knoten_Wuppertal_1189691369_geometry)", "dateprops": [], "properties": {"http://rdfs.org/ns/void#inDataset.value": "4635"}, "geometry": {"type": "Point", "coordinates": [7.2387880683, 51.2954361129, 231.0]}}, {"type": "Feature", "id": "https://registry.gdi-de.org/de.nw/radnetz/instances/Knoten_Wuppertal_4310_geometry", "name": " (ex-nw:Knoten_Wuppertal_4310_geometry)", "dateprops": [], "properties": {"http://rdfs.org/ns/void#inDataset.value": "4635"}, "geometry": {"type": "Point", "coordinates": [7.1304476739, 51.2521336886, 140.64]}}, {"type": "Feature", "id": "https://registry.gdi-de.org/de.nw/radnetz/instances/Knoten_Wuppertal_2590_geometry", "name": " (ex-nw:Knoten_Wuppertal_2590_geometry)", "dateprops": [], "properties": {"http://rdfs.org/ns/void#inDataset.value": "4635"}, "geometry": {"type": "Point", "coordinates": [7.0704123925, 51.2417014384, 208.64]}}, {"type": "Feature", "id": "https://registry.gdi-de.org/de.nw/radnetz/instances/Knoten_Wuppertal_2599_geometry", "name": " (ex-nw:Knoten_Wuppertal_2599_geometry)", "dateprops": [], "properties": {"http://rdfs.org/ns/void#inDataset.value": "4635"}, "geometry": {"type": "Point", "coordinates": [7.0706188166, 51.242854974, 204.53]}}, {"type": "Feature", "id": "https://registry.gdi-de.org/de.nw/radnetz/instances/Knoten_Wuppertal_5938_geometry", "name": " (ex-nw:Knoten_Wuppertal_5938_geometry)", "dateprops": [], "properties": {"http://rdfs.org/ns/void#inDataset.value": "4635"}, "geometry": {"type": "Point", "coordinates": [7.1606347483, 51.2510557035, 214.75]}}, {"type": "Feature", "id": "https://registry.gdi-de.org/de.nw/radnetz/instances/Knoten_Wuppertal_9224_geometry", "name": " (ex-nw:Knoten_Wuppertal_9224_geometry)", "dateprops": [], "properties": {"http://rdfs.org/ns/void#inDataset.value": "4635"}, "geometry": {"type": "Point", "coordinates": [7.2452448793, 51.2872658074, 203.79]}}, {"type": "Feature", "id": "https://registry.gdi-de.org/de.nw/radnetz/instances/Knoten_Wuppertal_111480101_geometry", "name": " (ex-nw:Knoten_Wuppertal_111480101_geometry)", "dateprops": [], "properties": {"http://rdfs.org/ns/void#inDataset.value": "4635"}, "geometry": {"type": "Point", "coordinates": [7.1853147656, 51.2789358884, 196.14]}}, {"type": "Feature", "id": "https://registry.gdi-de.org/de.nw/radnetz/instances/Knoten_Wuppertal_112200101_geometry", "name": " (ex-nw:Knoten_Wuppertal_112200101_geometry)", "dateprops": [], "properties": {"http://rdfs.org/ns/void#inDataset.value": "4635"}, "geometry": {"type": "Point", "coordinates": [7.1461643868, 51.2575443799, 143.57]}}, {"type": "Feature", "id": "https://registry.gdi-de.org/de.nw/radnetz/instances/Knoten_Wuppertal_114220102_geometry", "name": " (ex-nw:Knoten_Wuppertal_114220102_geometry)", "dateprops": [], "properties": {"http://rdfs.org/ns/void#inDataset.value": "4635"}, "geometry": {"type": "Point", "coordinates": [7.1312117853, 51.1970949824, 260.1]}}, {"type": "Feature", "id": "https://registry.gdi-de.org/de.nw/radnetz/instances/Knoten_Wuppertal_60309_geometry", "name": " (ex-nw:Knoten_Wuppertal_60309_geometry)", "dateprops": [], "properties": {"http://rdfs.org/ns/void#inDataset.value": "4635"}, "geometry": {"type": "Point", "coordinates": [7.1226525891, 51.2305155814, 259.42]}}, {"type": "Feature", "id": "https://registry.gdi-de.org/de.nw/radnetz/instances/Knoten_Wuppertal_2558_geometry", "name": " (ex-nw:Knoten_Wuppertal_2558_geometry)", "dateprops": [], "properties": {"http://rdfs.org/ns/void#inDataset.value": "4635"}, "geometry": {"type": "Point", "coordinates": [7.0696600721, 51.2349793442, 179.09]}}, {"type": "Feature", "id": "https://registry.gdi-de.org/de.nw/radnetz/instances/Knoten_Wuppertal_1189691283_geometry", "name": " (ex-nw:Knoten_Wuppertal_1189691283_geometry)", "dateprops": [], "properties": {"http://rdfs.org/ns/void#inDataset.value": "4635"}, "geometry": {"type": "Point", "coordinates": [7.126410389, 51.1805195711, 137.75]}}, {"type": "Feature", "id": "https://registry.gdi-de.org/de.nw/radnetz/instances/Knoten_Wuppertal_5176_geometry", "name": " (ex-nw:Knoten_Wuppertal_5176_geometry)", "dateprops": [], "properties": {"http://rdfs.org/ns/void#inDataset.value": "4635"}, "geometry": {"type": "Point", "coordinates": [7.1477949631, 51.2262113319, 323.16]}}, {"type": "Feature", "id": "https://registry.gdi-de.org/de.nw/radnetz/instances/Knoten_Wuppertal_3686_geometry", "name": " (ex-nw:Knoten_Wuppertal_3686_geometry)", "dateprops": [], "properties": {"http://rdfs.org/ns/void#inDataset.value": "4635"}, "geometry": {"type": "Point", "coordinates": [7.1162640496, 51.262220203, 209.93]}}, {"type": "Feature", "id": "https://registry.gdi-de.org/de.nw/radnetz/instances/Knoten_Wuppertal_117200101_geometry", "name": " (ex-nw:Knoten_Wuppertal_117200101_geometry)", "dateprops": [], "properties": {"http://rdfs.org/ns/void#inDataset.value": "4635"}, "geometry": {"type": "Point", "coordinates": [7.059771946, 51.2539119558, 180.09]}}, {"type": "Feature", "id": "https://registry.gdi-de.org/de.nw/radnetz/instances/Knoten_Wuppertal_5328_geometry", "name": " (ex-nw:Knoten_Wuppertal_5328_geometry)", "dateprops": [], "properties": {"http://rdfs.org/ns/void#inDataset.value": "4635"}, "geometry": {"type": "Point", "coordinates": [7.1492355688, 51.2557196365, 146.0]}}, {"type": "Feature", "id": "https://registry.gdi-de.org/de.nw/radnetz/instances/Knoten_Wuppertal_60253_geometry", "name": " (ex-nw:Knoten_Wuppertal_60253_geometry)", "dateprops": [], "properties": {"http://rdfs.org/ns/void#inDataset.value": "4635"}, "geometry": {"type": "Point", "coordinates": [7.1653050453, 51.268521135, 180.81]}}, {"type": "Feature", "id": "https://registry.gdi-de.org/de.nw/radnetz/instances/Knoten_Wuppertal_60260_geometry", "name": " (ex-nw:Knoten_Wuppertal_60260_geometry)", "dateprops": [], "properties": {"http://rdfs.org/ns/void#inDataset.value": "4635"}, "geometry": {"type": "Point", "coordinates": [7.190254795, 51.2724340432, 181.35]}}, {"type": "Feature", "id": "https://registry.gdi-de.org/de.nw/radnetz/instances/Knoten_Wuppertal_3982_geometry", "name": " (ex-nw:Knoten_Wuppertal_3982_geometry)", "dateprops": [], "properties": {"http://rdfs.org/ns/void#inDataset.value": "4635"}, "geometry": {"type": "Point", "coordinates": [7.1235832849, 51.2807418391, 272.82]}}, {"type": "Feature", "id": "https://registry.gdi-de.org/de.nw/radnetz/instances/Knoten_Wuppertal_113200305_geometry", "name": " (ex-nw:Knoten_Wuppertal_113200305_geometry)", "dateprops": [], "properties": {"http://rdfs.org/ns/void#inDataset.value": "4635"}, "geometry": {"type": "Point", "coordinates": [7.0693865977, 51.2350493744, 178.39]}}, {"type": "Feature", "id": "https://registry.gdi-de.org/de.nw/radnetz/instances/Knoten_Wuppertal_1189691284_geometry", "name": " (ex-nw:Knoten_Wuppertal_1189691284_geometry)", "dateprops": [], "properties": {"http://rdfs.org/ns/void#inDataset.value": "4635"}, "geometry": {"type": "Point", "coordinates": [7.1260705559, 51.183046246, 125.1]}}, {"type": "Feature", "id": "https://registry.gdi-de.org/de.nw/radnetz/instances/Knoten_Wuppertal_2704_geometry", "name": " (ex-nw:Knoten_Wuppertal_2704_geometry)", "dateprops": [], "properties": {"http://rdfs.org/ns/void#inDataset.value": "4635"}, "geometry": {"type": "Point", "coordinates": [7.0732338499, 51.2668019142, 183.0]}}, {"type": "Feature", "id": "https://registry.gdi-de.org/de.nw/radnetz/instances/Knoten_Wuppertal_1189691274_geometry", "name": " (ex-nw:Knoten_Wuppertal_1189691274_geometry)", "dateprops": [], "properties": {"http://rdfs.org/ns/void#inDataset.value": "4635"}, "geometry": {"type": "Point", "coordinates": [7.2520143743, 51.3082603263, 302.55]}}, {"type": "Feature", "id": "https://registry.gdi-de.org/de.nw/radnetz/instances/Knoten_Wuppertal_2696_geometry", "name": " (ex-nw:Knoten_Wuppertal_2696_geometry)", "dateprops": [], "properties": {"http://rdfs.org/ns/void#inDataset.value": "4635"}, "geometry": {"type": "Point", "coordinates": [7.0727480261, 51.2695813342, 170.44]}}, {"type": "Feature", "id": "https://registry.gdi-de.org/de.nw/radnetz/instances/Knoten_Wuppertal_1189691347_geometry", "name": " (ex-nw:Knoten_Wuppertal_1189691347_geometry)", "dateprops": [], "properties": {"http://rdfs.org/ns/void#inDataset.value": "4635"}, "geometry": {"type": "Point", "coordinates": [7.0823987473, 51.164686469, 203.9]}}, {"type": "Feature", "id": "https://registry.gdi-de.org/de.nw/radnetz/instances/Knoten_Wuppertal_1189691361_geometry", "name": " (ex-nw:Knoten_Wuppertal_1189691361_geometry)", "dateprops": [], "properties": {"http://rdfs.org/ns/void#inDataset.value": "4635"}, "geometry": {"type": "Point", "coordinates": [7.0637966004, 51.3022607622, 262.5]}}, {"type": "Feature", "id": "https://registry.gdi-de.org/de.nw/radnetz/instances/Knoten_Wuppertal_9163_geometry", "name": " (ex-nw:Knoten_Wuppertal_9163_geometry)", "dateprops": [], "properties": {"http://rdfs.org/ns/void#inDataset.value": "4635"}, "geometry": {"type": "Point", "coordinates": [7.2452086515, 51.2313453104, 247.11]}}, {"type": "Feature", "id": "https://registry.gdi-de.org/de.nw/radnetz/instances/Knoten_Wuppertal_1189690368_geometry", "name": " (ex-nw:Knoten_Wuppertal_1189690368_geometry)", "dateprops": [], "properties": {"http://rdfs.org/ns/void#inDataset.value": "4635"}, "geometry": {"type": "Point", "coordinates": [7.1550396915, 51.2413202467, 267.43]}}, {"type": "Feature", "id": "https://registry.gdi-de.org/de.nw/radnetz/instances/Knoten_Wuppertal_1189691348_geometry", "name": " (ex-nw:Knoten_Wuppertal_1189691348_geometry)", "dateprops": [], "properties": {"http://rdfs.org/ns/void#inDataset.value": "4635"}, "geometry": {"type": "Point", "coordinates": [7.0564889913, 51.1860412972, 210.0]}}, {"type": "Feature", "id": "https://registry.gdi-de.org/de.nw/radnetz/instances/Knoten_Wuppertal_5255_geometry", "name": " (ex-nw:Knoten_Wuppertal_5255_geometry)", "dateprops": [], "properties": {"http://rdfs.org/ns/void#inDataset.value": "4635"}, "geometry": {"type": "Point", "coordinates": [7.1476259244, 51.2637868785, 151.84]}}, {"type": "Feature", "id": "https://registry.gdi-de.org/de.nw/radnetz/instances/Knoten_Wuppertal_1189691241_geometry", "name": " (ex-nw:Knoten_Wuppertal_1189691241_geometry)", "dateprops": [], "properties": {"http://rdfs.org/ns/void#inDataset.value": "4635"}, "geometry": {"type": "Point", "coordinates": [7.106724999, 51.2211835207, 143.23]}}, {"type": "Feature", "id": "https://registry.gdi-de.org/de.nw/radnetz/instances/Knoten_Wuppertal_9576_geometry", "name": " (ex-nw:Knoten_Wuppertal_9576_geometry)", "dateprops": [], "properties": {"http://rdfs.org/ns/void#inDataset.value": "4635"}, "geometry": {"type": "Point", "coordinates": [7.2624333258, 51.2555284555, 178.61]}}, {"type": "Feature", "id": "https://registry.gdi-de.org/de.nw/radnetz/instances/Knoten_Wuppertal_1189691363_geometry", "name": " (ex-nw:Knoten_Wuppertal_1189691363_geometry)", "dateprops": [], "properties": {"http://rdfs.org/ns/void#inDataset.value": "4635"}, "geometry": {"type": "Point", "coordinates": [7.0064267036, 51.3038009491, 144.5]}}, {"type": "Feature", "id": "https://registry.gdi-de.org/de.nw/radnetz/instances/Knoten_Wuppertal_115520102_geometry", "name": " (ex-nw:Knoten_Wuppertal_115520102_geometry)", "dateprops": [], "properties": {"http://rdfs.org/ns/void#inDataset.value": "4635"}, "geometry": {"type": "Point", "coordinates": [7.226638778, 51.2526942133, 198.4]}}, {"type": "Feature", "id": "https://registry.gdi-de.org/de.nw/radnetz/instances/Knoten_Wuppertal_119730102_geometry", "name": " (ex-nw:Knoten_Wuppertal_119730102_geometry)", "dateprops": [], "properties": {"http://rdfs.org/ns/void#inDataset.value": "4635"}, "geometry": {"type": "Point", "coordinates": [7.0865291564, 51.2468808814, 154.91]}}, {"type": "Feature", "id": "https://registry.gdi-de.org/de.nw/radnetz/instances/Knoten_Wuppertal_2906_geometry", "name": " (ex-nw:Knoten_Wuppertal_2906_geometry)", "dateprops": [], "properties": {"http://rdfs.org/ns/void#inDataset.value": "4635"}, "geometry": {"type": "Point", "coordinates": [7.0858930198, 51.2354049473, 139.56]}}, {"type": "Feature", "id": "https://registry.gdi-de.org/de.nw/radnetz/instances/Knoten_Wuppertal_5434_geometry", "name": " (ex-nw:Knoten_Wuppertal_5434_geometry)", "dateprops": [], "properties": {"http://rdfs.org/ns/void#inDataset.value": "4635"}, "geometry": {"type": "Point", "coordinates": [7.1507601353, 51.2561877117, 147.78]}}, {"type": "Feature", "id": "https://registry.gdi-de.org/de.nw/radnetz/instances/Knoten_Wuppertal_2584_geometry", "name": " (ex-nw:Knoten_Wuppertal_2584_geometry)", "dateprops": [], "properties": {"http://rdfs.org/ns/void#inDataset.value": "4635"}, "geometry": {"type": "Point", "coordinates": [7.0702095686, 51.2407542266, 208.45]}}, {"type": "Feature", "id": "https://registry.gdi-de.org/de.nw/radnetz/instances/Knoten_Wuppertal_4422_geometry", "name": " (ex-nw:Knoten_Wuppertal_4422_geometry)", "dateprops": [], "properties": {"http://rdfs.org/ns/void#inDataset.value": "4635"}, "geometry": {"type": "Point", "coordinates": [7.1341655172, 51.2074868818, 300.45]}}, {"type": "Feature", "id": "https://registry.gdi-de.org/de.nw/radnetz/instances/Knoten_Wuppertal_114080102_geometry", "name": " (ex-nw:Knoten_Wuppertal_114080102_geometry)", "dateprops": [], "properties": {"http://rdfs.org/ns/void#inDataset.value": "4635"}, "geometry": {"type": "Point", "coordinates": [7.1505604753, 51.227606117, 332.53]}}, {"type": "Feature", "id": "https://registry.gdi-de.org/de.nw/radnetz/instances/Knoten_Wuppertal_1189690152_geometry", "name": " (ex-nw:Knoten_Wuppertal_1189690152_geometry)", "dateprops": [], "properties": {"http://rdfs.org/ns/void#inDataset.value": "4635"}, "geometry": {"type": "Point", "coordinates": [7.1060496938, 51.2555753373, 162.64]}}, {"type": "Feature", "id": "https://registry.gdi-de.org/de.nw/radnetz/instances/Knoten_Wuppertal_4601_geometry", "name": " (ex-nw:Knoten_Wuppertal_4601_geometry)", "dateprops": [], "properties": {"http://rdfs.org/ns/void#inDataset.value": "4635"}, "geometry": {"type": "Point", "coordinates": [7.1364736819, 51.2536932801, 141.91]}}, {"type": "Feature", "id": "https://registry.gdi-de.org/de.nw/radnetz/instances/Knoten_Wuppertal_10770_geometry", "name": " (ex-nw:Knoten_Wuppertal_10770_geometry)", "dateprops": [], "properties": {"http://rdfs.org/ns/void#inDataset.value": "4635"}, "geometry": {"type": "Point", "coordinates": [7.0685599588, 51.2352610521, 177.16]}}, {"type": "Feature", "id": "https://registry.gdi-de.org/de.nw/radnetz/instances/Knoten_Wuppertal_60310_geometry", "name": " (ex-nw:Knoten_Wuppertal_60310_geometry)", "dateprops": [], "properties": {"http://rdfs.org/ns/void#inDataset.value": "4635"}, "geometry": {"type": "Point", "coordinates": [7.1242616957, 51.2276598372, 267.81]}}, {"type": "Feature", "id": "https://registry.gdi-de.org/de.nw/radnetz/instances/Knoten_Wuppertal_1189691309_geometry", "name": " (ex-nw:Knoten_Wuppertal_1189691309_geometry)", "dateprops": [], "properties": {"http://rdfs.org/ns/void#inDataset.value": "4635"}, "geometry": {"type": "Point", "coordinates": [7.1971125255, 51.199731011, 200.13]}}, {"type": "Feature", "id": "https://registry.gdi-de.org/de.nw/radnetz/instances/Knoten_Wuppertal_2688_geometry", "name": " (ex-nw:Knoten_Wuppertal_2688_geometry)", "dateprops": [], "properties": {"http://rdfs.org/ns/void#inDataset.value": "4635"}, "geometry": {"type": "Point", "coordinates": [7.0727996487, 51.2611040351, 218.25]}}, {"type": "Feature", "id": "https://registry.gdi-de.org/de.nw/radnetz/instances/Knoten_Wuppertal_118260101_geometry", "name": " (ex-nw:Knoten_Wuppertal_118260101_geometry)", "dateprops": [], "properties": {"http://rdfs.org/ns/void#inDataset.value": "4635"}, "geometry": {"type": "Point", "coordinates": [7.1620431262, 51.3002648807, 301.15]}}, {"type": "Feature", "id": "https://registry.gdi-de.org/de.nw/radnetz/instances/Knoten_Wuppertal_1189691315_geometry", "name": " (ex-nw:Knoten_Wuppertal_1189691315_geometry)", "dateprops": [], "properties": {"http://rdfs.org/ns/void#inDataset.value": "4635"}, "geometry": {"type": "Point", "coordinates": [7.0672688, 51.2084295244, 209.54]}}, {"type": "Feature", "id": "https://registry.gdi-de.org/de.nw/radnetz/instances/Knoten_Wuppertal_6611_geometry", "name": " (ex-nw:Knoten_Wuppertal_6611_geometry)", "dateprops": [], "properties": {"http://rdfs.org/ns/void#inDataset.value": "4635"}, "geometry": {"type": "Point", "coordinates": [7.1798524109, 51.2677250427, 155.51]}}, {"type": "Feature", "id": "https://registry.gdi-de.org/de.nw/radnetz/instances/Knoten_Wuppertal_3145_geometry", "name": " (ex-nw:Knoten_Wuppertal_3145_geometry)", "dateprops": [], "properties": {"http://rdfs.org/ns/void#inDataset.value": "4635"}, "geometry": {"type": "Point", "coordinates": [7.097301571, 51.236521, 136.35]}}, {"type": "Feature", "id": "https://registry.gdi-de.org/de.nw/radnetz/instances/Knoten_Wuppertal_8055_geometry", "name": " (ex-nw:Knoten_Wuppertal_8055_geometry)", "dateprops": [], "properties": {"http://rdfs.org/ns/void#inDataset.value": "4635"}, "geometry": {"type": "Point", "coordinates": [7.2111047932, 51.2742134322, 157.1]}}, {"type": "Feature", "id": "https://registry.gdi-de.org/de.nw/radnetz/instances/Knoten_Wuppertal_111020101_geometry", "name": " (ex-nw:Knoten_Wuppertal_111020101_geometry)", "dateprops": [], "properties": {"http://rdfs.org/ns/void#inDataset.value": "4635"}, "geometry": {"type": "Point", "coordinates": [7.2033239082, 51.274922388, 160.26]}}, {"type": "Feature", "id": "https://registry.gdi-de.org/de.nw/radnetz/instances/Knoten_Wuppertal_3365_geometry", "name": " (ex-nw:Knoten_Wuppertal_3365_geometry)", "dateprops": [], "properties": {"http://rdfs.org/ns/void#inDataset.value": "4635"}, "geometry": {"type": "Point", "coordinates": [7.1065395919, 51.2465599868, 137.05]}}, {"type": "Feature", "id": "https://registry.gdi-de.org/de.nw/radnetz/instances/Knoten_Wuppertal_5624_geometry", "name": " (ex-nw:Knoten_Wuppertal_5624_geometry)", "dateprops": [], "properties": {"http://rdfs.org/ns/void#inDataset.value": "4635"}, "geometry": {"type": "Point", "coordinates": [7.1555314719, 51.235449341, 325.13]}}, {"type": "Feature", "id": "https://registry.gdi-de.org/de.nw/radnetz/instances/Knoten_Wuppertal_113260102_geometry", "name": " (ex-nw:Knoten_Wuppertal_113260102_geometry)", "dateprops": [], "properties": {"http://rdfs.org/ns/void#inDataset.value": "4635"}, "geometry": {"type": "Point", "coordinates": [7.0837532754, 51.2559330346, 199.72]}}, {"type": "Feature", "id": "https://registry.gdi-de.org/de.nw/radnetz/instances/Knoten_Wuppertal_1189691234_geometry", "name": " (ex-nw:Knoten_Wuppertal_1189691234_geometry)", "dateprops": [], "properties": {"http://rdfs.org/ns/void#inDataset.value": "4635"}, "geometry": {"type": "Point", "coordinates": [7.1308128152, 51.2739867526, 260.73]}}, {"type": "Feature", "id": "https://registry.gdi-de.org/de.nw/radnetz/instances/Knoten_Wuppertal_3425_geometry", "name": " (ex-nw:Knoten_Wuppertal_3425_geometry)", "dateprops": [], "properties": {"http://rdfs.org/ns/void#inDataset.value": "4635"}, "geometry": {"type": "Point", "coordinates": [7.1081009924, 51.2633770338, 194.77]}}, {"type": "Feature", "id": "https://registry.gdi-de.org/de.nw/radnetz/instances/Knoten_Wuppertal_2706_geometry", "name": " (ex-nw:Knoten_Wuppertal_2706_geometry)", "dateprops": [], "properties": {"http://rdfs.org/ns/void#inDataset.value": "4635"}, "geometry": {"type": "Point", "coordinates": [7.0733146705, 51.2655760342, 186.48]}}, {"type": "Feature", "id": "https://registry.gdi-de.org/de.nw/radnetz/instances/Knoten_Wuppertal_110990102_geometry", "name": " (ex-nw:Knoten_Wuppertal_110990102_geometry)", "dateprops": [], "properties": {"http://rdfs.org/ns/void#inDataset.value": "4635"}, "geometry": {"type": "Point", "coordinates": [7.2325174974, 51.2728025157, 189.09]}}, {"type": "Feature", "id": "https://registry.gdi-de.org/de.nw/radnetz/instances/Knoten_Wuppertal_115560102_geometry", "name": " (ex-nw:Knoten_Wuppertal_115560102_geometry)", "dateprops": [], "properties": {"http://rdfs.org/ns/void#inDataset.value": "4635"}, "geometry": {"type": "Point", "coordinates": [7.2359817604, 51.2346278125, 301.68]}}, {"type": "Feature", "id": "https://registry.gdi-de.org/de.nw/radnetz/instances/Knoten_Wuppertal_5631_geometry", "name": " (ex-nw:Knoten_Wuppertal_5631_geometry)", "dateprops": [], "properties": {"http://rdfs.org/ns/void#inDataset.value": "4635"}, "geometry": {"type": "Point", "coordinates": [7.1549499283, 51.2511211844, 178.12]}}, {"type": "Feature", "id": "https://registry.gdi-de.org/de.nw/radnetz/instances/Knoten_Wuppertal_60306_geometry", "name": " (ex-nw:Knoten_Wuppertal_60306_geometry)", "dateprops": [], "properties": {"http://rdfs.org/ns/void#inDataset.value": "4635"}, "geometry": {"type": "Point", "coordinates": [7.1070754351, 51.2350803766, 218.87]}}, {"type": "Feature", "id": "https://registry.gdi-de.org/de.nw/radnetz/instances/Knoten_Wuppertal_110720101_geometry", "name": " (ex-nw:Knoten_Wuppertal_110720101_geometry)", "dateprops": [], "properties": {"http://rdfs.org/ns/void#inDataset.value": "4635"}, "geometry": {"type": "Point", "coordinates": [7.1408422186, 51.2546075432, 144.12]}}, {"type": "Feature", "id": "https://registry.gdi-de.org/de.nw/radnetz/instances/Knoten_Wuppertal_9080_geometry", "name": " (ex-nw:Knoten_Wuppertal_9080_geometry)", "dateprops": [], "properties": {"http://rdfs.org/ns/void#inDataset.value": "4635"}, "geometry": {"type": "Point", "coordinates": [7.2403998452, 51.2777080726, 178.97]}}, {"type": "Feature", "id": "https://registry.gdi-de.org/de.nw/radnetz/instances/Knoten_Wuppertal_5584_geometry", "name": " (ex-nw:Knoten_Wuppertal_5584_geometry)", "dateprops": [], "properties": {"http://rdfs.org/ns/void#inDataset.value": "4635"}, "geometry": {"type": "Point", "coordinates": [7.1537549116, 51.2562211081, 145.88]}}, {"type": "Feature", "id": "https://registry.gdi-de.org/de.nw/radnetz/instances/Knoten_Wuppertal_118350101_geometry", "name": " (ex-nw:Knoten_Wuppertal_118350101_geometry)", "dateprops": [], "properties": {"http://rdfs.org/ns/void#inDataset.value": "4635"}, "geometry": {"type": "Point", "coordinates": [7.1103933635, 51.2867063925, 251.25]}}, {"type": "Feature", "id": "https://registry.gdi-de.org/de.nw/radnetz/instances/Knoten_Wuppertal_1189691201_geometry", "name": " (ex-nw:Knoten_Wuppertal_1189691201_geometry)", "dateprops": [], "properties": {"http://rdfs.org/ns/void#inDataset.value": "4635"}, "geometry": {"type": "Point", "coordinates": [7.2351704379, 51.2389092468, 290.62]}}, {"type": "Feature", "id": "https://registry.gdi-de.org/de.nw/radnetz/instances/Knoten_Wuppertal_10011_geometry", "name": " (ex-nw:Knoten_Wuppertal_10011_geometry)", "dateprops": [], "properties": {"http://rdfs.org/ns/void#inDataset.value": "4635"}, "geometry": {"type": "Point", "coordinates": [7.2955335944, 51.2491184875, 197.87]}}, {"type": "Feature", "id": "https://registry.gdi-de.org/de.nw/radnetz/instances/Knoten_Wuppertal_3316_geometry", "name": " (ex-nw:Knoten_Wuppertal_3316_geometry)", "dateprops": [], "properties": {"http://rdfs.org/ns/void#inDataset.value": "4635"}, "geometry": {"type": "Point", "coordinates": [7.1045265199, 51.2535499518, 157.2]}}, {"type": "Feature", "id": "https://registry.gdi-de.org/de.nw/radnetz/instances/Knoten_Wuppertal_9464_geometry", "name": " (ex-nw:Knoten_Wuppertal_9464_geometry)", "dateprops": [], "properties": {"http://rdfs.org/ns/void#inDataset.value": "4635"}, "geometry": {"type": "Point", "coordinates": [7.2553971094, 51.2850130871, 186.12]}}, {"type": "Feature", "id": "https://registry.gdi-de.org/de.nw/radnetz/instances/Knoten_Wuppertal_1189691279_geometry", "name": " (ex-nw:Knoten_Wuppertal_1189691279_geometry)", "dateprops": [], "properties": {"http://rdfs.org/ns/void#inDataset.value": "4635"}, "geometry": {"type": "Point", "coordinates": [7.1324626895, 51.1704475678, 119.56]}}, {"type": "Feature", "id": "https://registry.gdi-de.org/de.nw/radnetz/instances/Knoten_Wuppertal_1189691154_geometry", "name": " (ex-nw:Knoten_Wuppertal_1189691154_geometry)", "dateprops": [], "properties": {"http://rdfs.org/ns/void#inDataset.value": "4635"}, "geometry": {"type": "Point", "coordinates": [7.2041349671, 51.2712238862, 155.24]}}, {"type": "Feature", "id": "https://registry.gdi-de.org/de.nw/radnetz/instances/Knoten_Wuppertal_112040101_geometry", "name": " (ex-nw:Knoten_Wuppertal_112040101_geometry)", "dateprops": [], "properties": {"http://rdfs.org/ns/void#inDataset.value": "4635"}, "geometry": {"type": "Point", "coordinates": [7.1487965974, 51.271839714, 169.69]}}, {"type": "Feature", "id": "https://registry.gdi-de.org/de.nw/radnetz/instances/Knoten_Wuppertal_7679_geometry", "name": " (ex-nw:Knoten_Wuppertal_7679_geometry)", "dateprops": [], "properties": {"http://rdfs.org/ns/void#inDataset.value": "4635"}, "geometry": {"type": "Point", "coordinates": [7.2046873111, 51.2169428075, 253.36]}}, {"type": "Feature", "id": "https://registry.gdi-de.org/de.nw/radnetz/instances/Knoten_Wuppertal_60255_geometry", "name": " (ex-nw:Knoten_Wuppertal_60255_geometry)", "dateprops": [], "properties": {"http://rdfs.org/ns/void#inDataset.value": "4635"}, "geometry": {"type": "Point", "coordinates": [7.1744169717, 51.2693195046, 180.96]}}, {"type": "Feature", "id": "https://registry.gdi-de.org/de.nw/radnetz/instances/Knoten_Wuppertal_8873_geometry", "name": " (ex-nw:Knoten_Wuppertal_8873_geometry)", "dateprops": [], "properties": {"http://rdfs.org/ns/void#inDataset.value": "4635"}, "geometry": {"type": "Point", "coordinates": [7.2340936279, 51.266094165, 165.27]}}, {"type": "Feature", "id": "https://registry.gdi-de.org/de.nw/radnetz/instances/Knoten_Wuppertal_5330_geometry", "name": " (ex-nw:Knoten_Wuppertal_5330_geometry)", "dateprops": [], "properties": {"http://rdfs.org/ns/void#inDataset.value": "4635"}, "geometry": {"type": "Point", "coordinates": [7.1501194186, 51.2308065563, 331.1]}}, {"type": "Feature", "id": "https://registry.gdi-de.org/de.nw/radnetz/instances/Knoten_Wuppertal_114300102_geometry", "name": " (ex-nw:Knoten_Wuppertal_114300102_geometry)", "dateprops": [], "properties": {"http://rdfs.org/ns/void#inDataset.value": "4635"}, "geometry": {"type": "Point", "coordinates": [7.1227520474, 51.2043571327, 280.95]}}, {"type": "Feature", "id": "https://registry.gdi-de.org/de.nw/radnetz/instances/Knoten_Wuppertal_4253_geometry", "name": " (ex-nw:Knoten_Wuppertal_4253_geometry)", "dateprops": [], "properties": {"http://rdfs.org/ns/void#inDataset.value": "4635"}, "geometry": {"type": "Point", "coordinates": [7.1314898981, 51.201237164, 269.89]}}, {"type": "Feature", "id": "https://registry.gdi-de.org/de.nw/radnetz/instances/Knoten_Wuppertal_116960101_geometry", "name": " (ex-nw:Knoten_Wuppertal_116960101_geometry)", "dateprops": [], "properties": {"http://rdfs.org/ns/void#inDataset.value": "4635"}, "geometry": {"type": "Point", "coordinates": [7.270700372, 51.278553378, 220.86]}}, {"type": "Feature", "id": "https://registry.gdi-de.org/de.nw/radnetz/instances/Knoten_Wuppertal_2662_geometry", "name": " (ex-nw:Knoten_Wuppertal_2662_geometry)", "dateprops": [], "properties": {"http://rdfs.org/ns/void#inDataset.value": "4635"}, "geometry": {"type": "Point", "coordinates": [7.0723585824, 51.2515498054, 184.52]}}, {"type": "Feature", "id": "https://registry.gdi-de.org/de.nw/radnetz/instances/Knoten_Wuppertal_114060101_geometry", "name": " (ex-nw:Knoten_Wuppertal_114060101_geometry)", "dateprops": [], "properties": {"http://rdfs.org/ns/void#inDataset.value": "4635"}, "geometry": {"type": "Point", "coordinates": [7.1521813475, 51.2205220773, 325.39]}}, {"type": "Feature", "id": "https://registry.gdi-de.org/de.nw/radnetz/instances/Knoten_Wuppertal_4517_geometry", "name": " (ex-nw:Knoten_Wuppertal_4517_geometry)", "dateprops": [], "properties": {"http://rdfs.org/ns/void#inDataset.value": "4635"}, "geometry": {"type": "Point", "coordinates": [7.1342185532, 51.2530572951, 142.28]}}, {"type": "Feature", "id": "https://registry.gdi-de.org/de.nw/radnetz/instances/Knoten_Wuppertal_112800102_geometry", "name": " (ex-nw:Knoten_Wuppertal_112800102_geometry)", "dateprops": [], "properties": {"http://rdfs.org/ns/void#inDataset.value": "4635"}, "geometry": {"type": "Point", "coordinates": [7.1281751057, 51.2781456761, 294.94]}}, {"type": "Feature", "id": "https://registry.gdi-de.org/de.nw/radnetz/instances/Knoten_Wuppertal_3318_geometry", "name": " (ex-nw:Knoten_Wuppertal_3318_geometry)", "dateprops": [], "properties": {"http://rdfs.org/ns/void#inDataset.value": "4635"}, "geometry": {"type": "Point", "coordinates": [7.1048202795, 51.2472726508, 142.38]}}, {"type": "Feature", "id": "https://registry.gdi-de.org/de.nw/radnetz/instances/Knoten_Wuppertal_5170_geometry", "name": " (ex-nw:Knoten_Wuppertal_5170_geometry)", "dateprops": [], "properties": {"http://rdfs.org/ns/void#inDataset.value": "4635"}, "geometry": {"type": "Point", "coordinates": [7.1465219628, 51.2557208134, 144.88]}}, {"type": "Feature", "id": "https://registry.gdi-de.org/de.nw/radnetz/instances/Knoten_Wuppertal_1189691382_geometry", "name": " (ex-nw:Knoten_Wuppertal_1189691382_geometry)", "dateprops": [], "properties": {"http://rdfs.org/ns/void#inDataset.value": "4635"}, "geometry": {"type": "Point", "coordinates": [7.1993522503, 51.2226556709, 265.3]}}, {"type": "Feature", "id": "https://registry.gdi-de.org/de.nw/radnetz/instances/Knoten_Wuppertal_5335_geometry", "name": " (ex-nw:Knoten_Wuppertal_5335_geometry)", "dateprops": [], "properties": {"http://rdfs.org/ns/void#inDataset.value": "4635"}, "geometry": {"type": "Point", "coordinates": [7.1485888884, 51.2713642865, 168.37]}}, {"type": "Feature", "id": "https://registry.gdi-de.org/de.nw/radnetz/instances/Knoten_Wuppertal_60238_geometry", "name": " (ex-nw:Knoten_Wuppertal_60238_geometry)", "dateprops": [], "properties": {"http://rdfs.org/ns/void#inDataset.value": "4635"}, "geometry": {"type": "Point", "coordinates": [7.1387826586, 51.2658111915, 176.6]}}, {"type": "Feature", "id": "https://registry.gdi-de.org/de.nw/radnetz/instances/Knoten_Wuppertal_1189691143_geometry", "name": " (ex-nw:Knoten_Wuppertal_1189691143_geometry)", "dateprops": [], "properties": {"http://rdfs.org/ns/void#inDataset.value": "4635"}, "geometry": {"type": "Point", "coordinates": [7.0882320347, 51.2363555776, 136.6]}}, {"type": "Feature", "id": "https://registry.gdi-de.org/de.nw/radnetz/instances/Knoten_Wuppertal_1189691280_geometry", "name": " (ex-nw:Knoten_Wuppertal_1189691280_geometry)", "dateprops": [], "properties": {"http://rdfs.org/ns/void#inDataset.value": "4635"}, "geometry": {"type": "Point", "coordinates": [7.130596917, 51.1729700411, 128.88]}}, {"type": "Feature", "id": "https://registry.gdi-de.org/de.nw/radnetz/instances/Knoten_Wuppertal_116420102_geometry", "name": " (ex-nw:Knoten_Wuppertal_116420102_geometry)", "dateprops": [], "properties": {"http://rdfs.org/ns/void#inDataset.value": "4635"}, "geometry": {"type": "Point", "coordinates": [7.236263374, 51.2629652973, 169.11]}}, {"type": "Feature", "id": "https://registry.gdi-de.org/de.nw/radnetz/instances/Knoten_Wuppertal_111040103_geometry", "name": " (ex-nw:Knoten_Wuppertal_111040103_geometry)", "dateprops": [], "properties": {"http://rdfs.org/ns/void#inDataset.value": "4635"}, "geometry": {"type": "Point", "coordinates": [7.2060106223, 51.2801442532, 185.43]}}, {"type": "Feature", "id": "https://registry.gdi-de.org/de.nw/radnetz/instances/Knoten_Wuppertal_4592_geometry", "name": " (ex-nw:Knoten_Wuppertal_4592_geometry)", "dateprops": [], "properties": {"http://rdfs.org/ns/void#inDataset.value": "4635"}, "geometry": {"type": "Point", "coordinates": [7.1361521524, 51.2559238256, 143.32]}}, {"type": "Feature", "id": "https://registry.gdi-de.org/de.nw/radnetz/instances/Knoten_Wuppertal_60212_geometry", "name": " (ex-nw:Knoten_Wuppertal_60212_geometry)", "dateprops": [], "properties": {"http://rdfs.org/ns/void#inDataset.value": "4635"}, "geometry": {"type": "Point", "coordinates": [7.0523924074, 51.2242666945, 169.44]}}, {"type": "Feature", "id": "https://registry.gdi-de.org/de.nw/radnetz/instances/Knoten_Wuppertal_8847_geometry", "name": " (ex-nw:Knoten_Wuppertal_8847_geometry)", "dateprops": [], "properties": {"http://rdfs.org/ns/void#inDataset.value": "4635"}, "geometry": {"type": "Point", "coordinates": [7.2347020183, 51.225839256, 300.91]}}, {"type": "Feature", "id": "https://registry.gdi-de.org/de.nw/radnetz/instances/Knoten_Wuppertal_60259_geometry", "name": " (ex-nw:Knoten_Wuppertal_60259_geometry)", "dateprops": [], "properties": {"http://rdfs.org/ns/void#inDataset.value": "4635"}, "geometry": {"type": "Point", "coordinates": [7.1898533099, 51.2724274508, 181.36]}}, {"type": "Feature", "id": "https://registry.gdi-de.org/de.nw/radnetz/instances/Knoten_Wuppertal_2166_geometry", "name": " (ex-nw:Knoten_Wuppertal_2166_geometry)", "dateprops": [], "properties": {"http://rdfs.org/ns/void#inDataset.value": "4635"}, "geometry": {"type": "Point", "coordinates": [7.0471288371, 51.25036561, 154.8]}}, {"type": "Feature", "id": "https://registry.gdi-de.org/de.nw/radnetz/instances/Knoten_Wuppertal_1189691257_geometry", "name": " (ex-nw:Knoten_Wuppertal_1189691257_geometry)", "dateprops": [], "properties": {"http://rdfs.org/ns/void#inDataset.value": "4635"}, "geometry": {"type": "Point", "coordinates": [7.2376166242, 51.2788787106, 171.83]}}, {"type": "Feature", "id": "https://registry.gdi-de.org/de.nw/radnetz/instances/Knoten_Wuppertal_9353_geometry", "name": " (ex-nw:Knoten_Wuppertal_9353_geometry)", "dateprops": [], "properties": {"http://rdfs.org/ns/void#inDataset.value": "4635"}, "geometry": {"type": "Point", "coordinates": [7.2497580262, 51.3101014178, 314.85]}}, {"type": "Feature", "id": "https://registry.gdi-de.org/de.nw/radnetz/instances/Knoten_Wuppertal_117230102_geometry", "name": " (ex-nw:Knoten_Wuppertal_117230102_geometry)", "dateprops": [], "properties": {"http://rdfs.org/ns/void#inDataset.value": "4635"}, "geometry": {"type": "Point", "coordinates": [7.0727454142, 51.2613605506, 218.37]}}, {"type": "Feature", "id": "https://registry.gdi-de.org/de.nw/radnetz/instances/Knoten_Wuppertal_8270_geometry", "name": " (ex-nw:Knoten_Wuppertal_8270_geometry)", "dateprops": [], "properties": {"http://rdfs.org/ns/void#inDataset.value": "4635"}, "geometry": {"type": "Point", "coordinates": [7.2161149131, 51.2748833662, 158.91]}}, {"type": "Feature", "id": "https://registry.gdi-de.org/de.nw/radnetz/instances/Knoten_Wuppertal_2226_geometry", "name": " (ex-nw:Knoten_Wuppertal_2226_geometry)", "dateprops": [], "properties": {"http://rdfs.org/ns/void#inDataset.value": "4635"}, "geometry": {"type": "Point", "coordinates": [7.0536603156, 51.2220343318, 176.01]}}, {"type": "Feature", "id": "https://registry.gdi-de.org/de.nw/radnetz/instances/Knoten_Wuppertal_5525_geometry", "name": " (ex-nw:Knoten_Wuppertal_5525_geometry)", "dateprops": [], "properties": {"http://rdfs.org/ns/void#inDataset.value": "4635"}, "geometry": {"type": "Point", "coordinates": [7.1535560672, 51.2347461524, 326.44]}}, {"type": "Feature", "id": "https://registry.gdi-de.org/de.nw/radnetz/instances/Knoten_Wuppertal_114700101_geometry", "name": " (ex-nw:Knoten_Wuppertal_114700101_geometry)", "dateprops": [], "properties": {"http://rdfs.org/ns/void#inDataset.value": "4635"}, "geometry": {"type": "Point", "coordinates": [7.1060179835, 51.2694088228, 242.59]}}, {"type": "Feature", "id": "https://registry.gdi-de.org/de.nw/radnetz/instances/Knoten_Wuppertal_3014_geometry", "name": " (ex-nw:Knoten_Wuppertal_3014_geometry)", "dateprops": [], "properties": {"http://rdfs.org/ns/void#inDataset.value": "4635"}, "geometry": {"type": "Point", "coordinates": [7.0911273421, 51.2389414858, 138.56]}}, {"type": "Feature", "id": "https://registry.gdi-de.org/de.nw/radnetz/instances/Knoten_Wuppertal_4953_geometry", "name": " (ex-nw:Knoten_Wuppertal_4953_geometry)", "dateprops": [], "properties": {"http://rdfs.org/ns/void#inDataset.value": "4635"}, "geometry": {"type": "Point", "coordinates": [7.1430746778, 51.2583534129, 145.53]}}, {"type": "Feature", "id": "https://registry.gdi-de.org/de.nw/radnetz/instances/Knoten_Wuppertal_9008_geometry", "name": " (ex-nw:Knoten_Wuppertal_9008_geometry)", "dateprops": [], "properties": {"http://rdfs.org/ns/void#inDataset.value": "4635"}, "geometry": {"type": "Point", "coordinates": [7.2381466232, 51.2701450524, 192.78]}}, {"type": "Feature", "id": "https://registry.gdi-de.org/de.nw/radnetz/instances/Knoten_Wuppertal_60290_geometry", "name": " (ex-nw:Knoten_Wuppertal_60290_geometry)", "dateprops": [], "properties": {"http://rdfs.org/ns/void#inDataset.value": "4635"}, "geometry": {"type": "Point", "coordinates": [7.2415105692, 51.2840347984, 197.2]}}, {"type": "Feature", "id": "https://registry.gdi-de.org/de.nw/radnetz/instances/Knoten_Wuppertal_6090_geometry", "name": " (ex-nw:Knoten_Wuppertal_6090_geometry)", "dateprops": [], "properties": {"http://rdfs.org/ns/void#inDataset.value": "4635"}, "geometry": {"type": "Point", "coordinates": [7.1656997836, 51.2153552263, 198.34]}}, {"type": "Feature", "id": "https://registry.gdi-de.org/de.nw/radnetz/instances/Knoten_Wuppertal_114320102_geometry", "name": " (ex-nw:Knoten_Wuppertal_114320102_geometry)", "dateprops": [], "properties": {"http://rdfs.org/ns/void#inDataset.value": "4635"}, "geometry": {"type": "Point", "coordinates": [7.109813482, 51.1936407529, 115.35]}}, {"type": "Feature", "id": "https://registry.gdi-de.org/de.nw/radnetz/instances/Knoten_Wuppertal_116430102_geometry", "name": " (ex-nw:Knoten_Wuppertal_116430102_geometry)", "dateprops": [], "properties": {"http://rdfs.org/ns/void#inDataset.value": "4635"}, "geometry": {"type": "Point", "coordinates": [7.2327700126, 51.2576768328, 170.28]}}, {"type": "Feature", "id": "https://registry.gdi-de.org/de.nw/radnetz/instances/Knoten_Wuppertal_5418_geometry", "name": " (ex-nw:Knoten_Wuppertal_5418_geometry)", "dateprops": [], "properties": {"http://rdfs.org/ns/void#inDataset.value": "4635"}, "geometry": {"type": "Point", "coordinates": [7.1520125802, 51.2196327765, 323.64]}}, {"type": "Feature", "id": "https://registry.gdi-de.org/de.nw/radnetz/instances/Knoten_Wuppertal_9925_geometry", "name": " (ex-nw:Knoten_Wuppertal_9925_geometry)", "dateprops": [], "properties": {"http://rdfs.org/ns/void#inDataset.value": "4635"}, "geometry": {"type": "Point", "coordinates": [7.2882985602, 51.2483373322, 209.62]}}, {"type": "Feature", "id": "https://registry.gdi-de.org/de.nw/radnetz/instances/Knoten_Wuppertal_2193_geometry", "name": " (ex-nw:Knoten_Wuppertal_2193_geometry)", "dateprops": [], "properties": {"http://rdfs.org/ns/void#inDataset.value": "4635"}, "geometry": {"type": "Point", "coordinates": [7.051329871, 51.2102149175, 222.45]}}, {"type": "Feature", "id": "https://registry.gdi-de.org/de.nw/radnetz/instances/Knoten_Wuppertal_2955_geometry", "name": " (ex-nw:Knoten_Wuppertal_2955_geometry)", "dateprops": [], "properties": {"http://rdfs.org/ns/void#inDataset.value": "4635"}, "geometry": {"type": "Point", "coordinates": [7.0882929657, 51.2363803404, 136.47]}}, {"type": "Feature", "id": "https://registry.gdi-de.org/de.nw/radnetz/instances/Knoten_Wuppertal_112490101_geometry", "name": " (ex-nw:Knoten_Wuppertal_112490101_geometry)", "dateprops": [], "properties": {"http://rdfs.org/ns/void#inDataset.value": "4635"}, "geometry": {"type": "Point", "coordinates": [7.1507070237, 51.2317084421, 330.34]}}, {"type": "Feature", "id": "https://registry.gdi-de.org/de.nw/radnetz/instances/Knoten_Wuppertal_5372_geometry", "name": " (ex-nw:Knoten_Wuppertal_5372_geometry)", "dateprops": [], "properties": {"http://rdfs.org/ns/void#inDataset.value": "4635"}, "geometry": {"type": "Point", "coordinates": [7.1507668271, 51.2318002288, 330.29]}}, {"type": "Feature", "id": "https://registry.gdi-de.org/de.nw/radnetz/instances/Knoten_Wuppertal_60303_geometry", "name": " (ex-nw:Knoten_Wuppertal_60303_geometry)", "dateprops": [], "properties": {"http://rdfs.org/ns/void#inDataset.value": "4635"}, "geometry": {"type": "Point", "coordinates": [7.1139932034, 51.2417674539, 198.41]}}, {"type": "Feature", "id": "https://registry.gdi-de.org/de.nw/radnetz/instances/Knoten_Wuppertal_1189691246_geometry", "name": " (ex-nw:Knoten_Wuppertal_1189691246_geometry)", "dateprops": [], "properties": {"http://rdfs.org/ns/void#inDataset.value": "4635"}, "geometry": {"type": "Point", "coordinates": [7.1027184735, 51.2910789894, 227.11]}}, {"type": "Feature", "id": "https://registry.gdi-de.org/de.nw/radnetz/instances/Knoten_Wuppertal_5321_geometry", "name": " (ex-nw:Knoten_Wuppertal_5321_geometry)", "dateprops": [], "properties": {"http://rdfs.org/ns/void#inDataset.value": "4635"}, "geometry": {"type": "Point", "coordinates": [7.1500441385, 51.2286610954, 335.68]}}, {"type": "Feature", "id": "https://registry.gdi-de.org/de.nw/radnetz/instances/Knoten_Wuppertal_9284_geometry", "name": " (ex-nw:Knoten_Wuppertal_9284_geometry)", "dateprops": [], "properties": {"http://rdfs.org/ns/void#inDataset.value": "4635"}, "geometry": {"type": "Point", "coordinates": [7.248599334, 51.2755173193, 200.95]}}, {"type": "Feature", "id": "https://registry.gdi-de.org/de.nw/radnetz/instances/Knoten_Wuppertal_1189691374_geometry", "name": " (ex-nw:Knoten_Wuppertal_1189691374_geometry)", "dateprops": [], "properties": {"http://rdfs.org/ns/void#inDataset.value": "4635"}, "geometry": {"type": "Point", "coordinates": [7.2028066806, 51.2776413531, 183.1]}}, {"type": "Feature", "id": "https://registry.gdi-de.org/de.nw/radnetz/instances/Knoten_Wuppertal_5160_geometry", "name": " (ex-nw:Knoten_Wuppertal_5160_geometry)", "dateprops": [], "properties": {"http://rdfs.org/ns/void#inDataset.value": "4635"}, "geometry": {"type": "Point", "coordinates": [7.1461668936, 51.2615109925, 154.34]}}, {"type": "Feature", "id": "https://registry.gdi-de.org/de.nw/radnetz/instances/Knoten_Wuppertal_118340101_geometry", "name": " (ex-nw:Knoten_Wuppertal_118340101_geometry)", "dateprops": [], "properties": {"http://rdfs.org/ns/void#inDataset.value": "4635"}, "geometry": {"type": "Point", "coordinates": [7.1022714263, 51.2912254695, 226.26]}}, {"type": "Feature", "id": "https://registry.gdi-de.org/de.nw/radnetz/instances/Knoten_Wuppertal_1189691367_geometry", "name": " (ex-nw:Knoten_Wuppertal_1189691367_geometry)", "dateprops": [], "properties": {"http://rdfs.org/ns/void#inDataset.value": "4635"}, "geometry": {"type": "Point", "coordinates": [7.2277095677, 51.2389783468, 295.7]}}, {"type": "Feature", "id": "https://registry.gdi-de.org/de.nw/radnetz/instances/Knoten_Wuppertal_113570101_geometry", "name": " (ex-nw:Knoten_Wuppertal_113570101_geometry)", "dateprops": [], "properties": {"http://rdfs.org/ns/void#inDataset.value": "4635"}, "geometry": {"type": "Point", "coordinates": [7.053933539, 51.2223081929, 176.41]}}, {"type": "Feature", "id": "https://registry.gdi-de.org/de.nw/radnetz/instances/Knoten_Wuppertal_1189691381_geometry", "name": " (ex-nw:Knoten_Wuppertal_1189691381_geometry)", "dateprops": [], "properties": {"http://rdfs.org/ns/void#inDataset.value": "4635"}, "geometry": {"type": "Point", "coordinates": [7.2067981923, 51.278515401, 184.61]}}, {"type": "Feature", "id": "https://registry.gdi-de.org/de.nw/radnetz/instances/Knoten_Wuppertal_1189691138_geometry", "name": " (ex-nw:Knoten_Wuppertal_1189691138_geometry)", "dateprops": [], "properties": {"http://rdfs.org/ns/void#inDataset.value": "4635"}, "geometry": {"type": "Point", "coordinates": [7.2359079497, 51.2358302635, 299.67]}}, {"type": "Feature", "id": "https://registry.gdi-de.org/de.nw/radnetz/instances/Knoten_Wuppertal_1189691373_geometry", "name": " (ex-nw:Knoten_Wuppertal_1189691373_geometry)", "dateprops": [], "properties": {"http://rdfs.org/ns/void#inDataset.value": "4635"}, "geometry": {"type": "Point", "coordinates": [7.1946881279, 51.2728814535, 181.83]}}, {"type": "Feature", "id": "https://registry.gdi-de.org/de.nw/radnetz/instances/Knoten_Wuppertal_3395_geometry", "name": " (ex-nw:Knoten_Wuppertal_3395_geometry)", "dateprops": [], "properties": {"http://rdfs.org/ns/void#inDataset.value": "4635"}, "geometry": {"type": "Point", "coordinates": [7.1084917725, 51.2286653338, 135.63]}}, {"type": "Feature", "id": "https://registry.gdi-de.org/de.nw/radnetz/instances/Knoten_Wuppertal_4211_geometry", "name": " (ex-nw:Knoten_Wuppertal_4211_geometry)", "dateprops": [], "properties": {"http://rdfs.org/ns/void#inDataset.value": "4635"}, "geometry": {"type": "Point", "coordinates": [7.128912137, 51.251429422, 140.37]}}, {"type": "Feature", "id": "https://registry.gdi-de.org/de.nw/radnetz/instances/Knoten_Wuppertal_9585_geometry", "name": " (ex-nw:Knoten_Wuppertal_9585_geometry)", "dateprops": [], "properties": {"http://rdfs.org/ns/void#inDataset.value": "4635"}, "geometry": {"type": "Point", "coordinates": [7.2647706715, 51.209906914, 288.22]}}, {"type": "Feature", "id": "https://registry.gdi-de.org/de.nw/radnetz/instances/Knoten_Wuppertal_113820203_geometry", "name": " (ex-nw:Knoten_Wuppertal_113820203_geometry)", "dateprops": [], "properties": {"http://rdfs.org/ns/void#inDataset.value": "4635"}, "geometry": {"type": "Point", "coordinates": [7.118280526, 51.2492182565, 138.68]}}, {"type": "Feature", "id": "https://registry.gdi-de.org/de.nw/radnetz/instances/Knoten_Wuppertal_8765_geometry", "name": " (ex-nw:Knoten_Wuppertal_8765_geometry)", "dateprops": [], "properties": {"http://rdfs.org/ns/void#inDataset.value": "4635"}, "geometry": {"type": "Point", "coordinates": [7.2308793206, 51.2598753512, 180.88]}}, {"type": "Feature", "id": "https://registry.gdi-de.org/de.nw/radnetz/instances/Knoten_Wuppertal_111550102_geometry", "name": " (ex-nw:Knoten_Wuppertal_111550102_geometry)", "dateprops": [], "properties": {"http://rdfs.org/ns/void#inDataset.value": "4635"}, "geometry": {"type": "Point", "coordinates": [7.1816463133, 51.2900215616, 279.8]}}, {"type": "Feature", "id": "https://registry.gdi-de.org/de.nw/radnetz/instances/Knoten_Wuppertal_1189691146_geometry", "name": " (ex-nw:Knoten_Wuppertal_1189691146_geometry)", "dateprops": [], "properties": {"http://rdfs.org/ns/void#inDataset.value": "4635"}, "geometry": {"type": "Point", "coordinates": [7.1520192039, 51.2230774242, 327.57]}}, {"type": "Feature", "id": "https://registry.gdi-de.org/de.nw/radnetz/instances/Knoten_Wuppertal_4247_geometry", "name": " (ex-nw:Knoten_Wuppertal_4247_geometry)", "dateprops": [], "properties": {"http://rdfs.org/ns/void#inDataset.value": "4635"}, "geometry": {"type": "Point", "coordinates": [7.1313641234, 51.2032884148, 281.6]}}, {"type": "Feature", "id": "https://registry.gdi-de.org/de.nw/radnetz/instances/Knoten_Wuppertal_5212_geometry", "name": " (ex-nw:Knoten_Wuppertal_5212_geometry)", "dateprops": [], "properties": {"http://rdfs.org/ns/void#inDataset.value": "4635"}, "geometry": {"type": "Point", "coordinates": [7.1467211563, 51.2666515418, 165.9]}}, {"type": "Feature", "id": "https://registry.gdi-de.org/de.nw/radnetz/instances/Knoten_Wuppertal_5218_geometry", "name": " (ex-nw:Knoten_Wuppertal_5218_geometry)", "dateprops": [], "properties": {"http://rdfs.org/ns/void#inDataset.value": "4635"}, "geometry": {"type": "Point", "coordinates": [7.1471372708, 51.2591173911, 146.06]}}, {"type": "Feature", "id": "https://registry.gdi-de.org/de.nw/radnetz/instances/Knoten_Wuppertal_9728_geometry", "name": " (ex-nw:Knoten_Wuppertal_9728_geometry)", "dateprops": [], "properties": {"http://rdfs.org/ns/void#inDataset.value": "4635"}, "geometry": {"type": "Point", "coordinates": [7.2724951395, 51.2789633808, 223.51]}}, {"type": "Feature", "id": "https://registry.gdi-de.org/de.nw/radnetz/instances/Knoten_Wuppertal_6190_geometry", "name": " (ex-nw:Knoten_Wuppertal_6190_geometry)", "dateprops": [], "properties": {"http://rdfs.org/ns/void#inDataset.value": "4635"}, "geometry": {"type": "Point", "coordinates": [7.1674946453, 51.2391790779, 323.26]}}, {"type": "Feature", "id": "https://registry.gdi-de.org/de.nw/radnetz/instances/Knoten_Wuppertal_5145_geometry", "name": " (ex-nw:Knoten_Wuppertal_5145_geometry)", "dateprops": [], "properties": {"http://rdfs.org/ns/void#inDataset.value": "4635"}, "geometry": {"type": "Point", "coordinates": [7.1461551461, 51.2570686864, 143.31]}}, {"type": "Feature", "id": "https://registry.gdi-de.org/de.nw/radnetz/instances/Knoten_Wuppertal_113800101_geometry", "name": " (ex-nw:Knoten_Wuppertal_113800101_geometry)", "dateprops": [], "properties": {"http://rdfs.org/ns/void#inDataset.value": "4635"}, "geometry": {"type": "Point", "coordinates": [7.1292259324, 51.2515738622, 140.41]}}, {"type": "Feature", "id": "https://registry.gdi-de.org/de.nw/radnetz/instances/Knoten_Wuppertal_3251_geometry", "name": " (ex-nw:Knoten_Wuppertal_3251_geometry)", "dateprops": [], "properties": {"http://rdfs.org/ns/void#inDataset.value": "4635"}, "geometry": {"type": "Point", "coordinates": [7.100188116, 51.2917562168, 220.7]}}, {"type": "Feature", "id": "https://registry.gdi-de.org/de.nw/radnetz/instances/Knoten_Wuppertal_3269_geometry", "name": " (ex-nw:Knoten_Wuppertal_3269_geometry)", "dateprops": [], "properties": {"http://rdfs.org/ns/void#inDataset.value": "4635"}, "geometry": {"type": "Point", "coordinates": [7.103106974, 51.2426953981, 137.82]}}, {"type": "Feature", "id": "https://registry.gdi-de.org/de.nw/radnetz/instances/Knoten_Wuppertal_118340102_geometry", "name": " (ex-nw:Knoten_Wuppertal_118340102_geometry)", "dateprops": [], "properties": {"http://rdfs.org/ns/void#inDataset.value": "4635"}, "geometry": {"type": "Point", "coordinates": [7.1019568724, 51.2913277286, 225.68]}}, {"type": "Feature", "id": "https://registry.gdi-de.org/de.nw/radnetz/instances/Knoten_Wuppertal_5295_geometry", "name": " (ex-nw:Knoten_Wuppertal_5295_geometry)", "dateprops": [], "properties": {"http://rdfs.org/ns/void#inDataset.value": "4635"}, "geometry": {"type": "Point", "coordinates": [7.1501370418, 51.2172543659, 305.18]}}, {"type": "Feature", "id": "https://registry.gdi-de.org/de.nw/radnetz/instances/Knoten_Wuppertal_6401_geometry", "name": " (ex-nw:Knoten_Wuppertal_6401_geometry)", "dateprops": [], "properties": {"http://rdfs.org/ns/void#inDataset.value": "4635"}, "geometry": {"type": "Point", "coordinates": [7.1727154043, 51.2829812574, 214.29]}}, {"type": "Feature", "id": "https://registry.gdi-de.org/de.nw/radnetz/instances/Knoten_Wuppertal_4836_geometry", "name": " (ex-nw:Knoten_Wuppertal_4836_geometry)", "dateprops": [], "properties": {"http://rdfs.org/ns/void#inDataset.value": "4635"}, "geometry": {"type": "Point", "coordinates": [7.1414313356, 51.2551650039, 142.04]}}, {"type": "Feature", "id": "https://registry.gdi-de.org/de.nw/radnetz/instances/Knoten_Wuppertal_114570101_geometry", "name": " (ex-nw:Knoten_Wuppertal_114570101_geometry)", "dateprops": [], "properties": {"http://rdfs.org/ns/void#inDataset.value": "4635"}, "geometry": {"type": "Point", "coordinates": [7.0705662165, 51.2476785322, 198.63]}}, {"type": "Feature", "id": "https://registry.gdi-de.org/de.nw/radnetz/instances/Knoten_Wuppertal_6551_geometry", "name": " (ex-nw:Knoten_Wuppertal_6551_geometry)", "dateprops": [], "properties": {"http://rdfs.org/ns/void#inDataset.value": "4635"}, "geometry": {"type": "Point", "coordinates": [7.1785672138, 51.2663378048, 157.67]}}, {"type": "Feature", "id": "https://registry.gdi-de.org/de.nw/radnetz/instances/Knoten_Wuppertal_8904_geometry", "name": " (ex-nw:Knoten_Wuppertal_8904_geometry)", "dateprops": [], "properties": {"http://rdfs.org/ns/void#inDataset.value": "4635"}, "geometry": {"type": "Point", "coordinates": [7.2359391209, 51.2353898895, 301.11]}}, {"type": "Feature", "id": "https://registry.gdi-de.org/de.nw/radnetz/instances/Knoten_Wuppertal_1189690339_geometry", "name": " (ex-nw:Knoten_Wuppertal_1189690339_geometry)", "dateprops": [], "properties": {"http://rdfs.org/ns/void#inDataset.value": "4635"}, "geometry": {"type": "Point", "coordinates": [7.1563652673, 51.2577747753, 145.91]}}, {"type": "Feature", "id": "https://registry.gdi-de.org/de.nw/radnetz/instances/Knoten_Wuppertal_9323_geometry", "name": " (ex-nw:Knoten_Wuppertal_9323_geometry)", "dateprops": [], "properties": {"http://rdfs.org/ns/void#inDataset.value": "4635"}, "geometry": {"type": "Point", "coordinates": [7.2489745361, 51.3114055366, 320.29]}}, {"type": "Feature", "id": "https://registry.gdi-de.org/de.nw/radnetz/instances/Knoten_Wuppertal_60233_geometry", "name": " (ex-nw:Knoten_Wuppertal_60233_geometry)", "dateprops": [], "properties": {"http://rdfs.org/ns/void#inDataset.value": "4635"}, "geometry": {"type": "Point", "coordinates": [7.1296499168, 51.2638962191, 176.52]}}, {"type": "Feature", "id": "https://registry.gdi-de.org/de.nw/radnetz/instances/Knoten_Wuppertal_9266_geometry", "name": " (ex-nw:Knoten_Wuppertal_9266_geometry)", "dateprops": [], "properties": {"http://rdfs.org/ns/void#inDataset.value": "4635"}, "geometry": {"type": "Point", "coordinates": [7.2468808099, 51.2952666815, 221.44]}}, {"type": "Feature", "id": "https://registry.gdi-de.org/de.nw/radnetz/instances/Knoten_Wuppertal_1189691210_geometry", "name": " (ex-nw:Knoten_Wuppertal_1189691210_geometry)", "dateprops": [], "properties": {"http://rdfs.org/ns/void#inDataset.value": "4635"}, "geometry": {"type": "Point", "coordinates": [7.168731901, 51.2804144191, 204.21]}}, {"type": "Feature", "id": "https://registry.gdi-de.org/de.nw/radnetz/instances/Knoten_Wuppertal_114050102_geometry", "name": " (ex-nw:Knoten_Wuppertal_114050102_geometry)", "dateprops": [], "properties": {"http://rdfs.org/ns/void#inDataset.value": "4635"}, "geometry": {"type": "Point", "coordinates": [7.150317048, 51.2174862922, 306.89]}}, {"type": "Feature", "id": "https://registry.gdi-de.org/de.nw/radnetz/instances/Knoten_Wuppertal_116300101_geometry", "name": " (ex-nw:Knoten_Wuppertal_116300101_geometry)", "dateprops": [], "properties": {"http://rdfs.org/ns/void#inDataset.value": "4635"}, "geometry": {"type": "Point", "coordinates": [7.2284877405, 51.2733815683, 172.28]}}, {"type": "Feature", "id": "https://registry.gdi-de.org/de.nw/radnetz/instances/Knoten_Wuppertal_137520102_geometry", "name": " (ex-nw:Knoten_Wuppertal_137520102_geometry)", "dateprops": [], "properties": {"http://rdfs.org/ns/void#inDataset.value": "4635"}, "geometry": {"type": "Point", "coordinates": [7.0742445752, 51.1998516199, 216.0]}}, {"type": "Feature", "id": "https://registry.gdi-de.org/de.nw/radnetz/instances/Knoten_Wuppertal_117080101_geometry", "name": " (ex-nw:Knoten_Wuppertal_117080101_geometry)", "dateprops": [], "properties": {"http://rdfs.org/ns/void#inDataset.value": "4635"}, "geometry": {"type": "Point", "coordinates": [7.0880959683, 51.2833447648, 194.9]}}, {"type": "Feature", "id": "https://registry.gdi-de.org/de.nw/radnetz/instances/Knoten_Wuppertal_1189691294_geometry", "name": " (ex-nw:Knoten_Wuppertal_1189691294_geometry)", "dateprops": [], "properties": {"http://rdfs.org/ns/void#inDataset.value": "4635"}, "geometry": {"type": "Point", "coordinates": [7.0828609511, 51.2456510452, 174.65]}}, {"type": "Feature", "id": "https://registry.gdi-de.org/de.nw/radnetz/instances/Knoten_Wuppertal_3210_geometry", "name": " (ex-nw:Knoten_Wuppertal_3210_geometry)", "dateprops": [], "properties": {"http://rdfs.org/ns/void#inDataset.value": "4635"}, "geometry": {"type": "Point", "coordinates": [7.0977898186, 51.2952671445, 200.34]}}, {"type": "Feature", "id": "https://registry.gdi-de.org/de.nw/radnetz/instances/Knoten_Wuppertal_116010101_geometry", "name": " (ex-nw:Knoten_Wuppertal_116010101_geometry)", "dateprops": [], "properties": {"http://rdfs.org/ns/void#inDataset.value": "4635"}, "geometry": {"type": "Point", "coordinates": [7.2191342419, 51.2752046148, 160.57]}}, {"type": "Feature", "id": "https://registry.gdi-de.org/de.nw/radnetz/instances/Knoten_Wuppertal_3271_geometry", "name": " (ex-nw:Knoten_Wuppertal_3271_geometry)", "dateprops": [], "properties": {"http://rdfs.org/ns/void#inDataset.value": "4635"}, "geometry": {"type": "Point", "coordinates": [7.10380322, 51.2292002685, 131.79]}}, {"type": "Feature", "id": "https://registry.gdi-de.org/de.nw/radnetz/instances/Knoten_Wuppertal_4055_geometry", "name": " (ex-nw:Knoten_Wuppertal_4055_geometry)", "dateprops": [], "properties": {"http://rdfs.org/ns/void#inDataset.value": "4635"}, "geometry": {"type": "Point", "coordinates": [7.1245745057, 51.2977895251, 201.56]}}, {"type": "Feature", "id": "https://registry.gdi-de.org/de.nw/radnetz/instances/Knoten_Wuppertal_1189691313_geometry", "name": " (ex-nw:Knoten_Wuppertal_1189691313_geometry)", "dateprops": [], "properties": {"http://rdfs.org/ns/void#inDataset.value": "4635"}, "geometry": {"type": "Point", "coordinates": [7.1120998023, 51.2450282932, 188.5]}}, {"type": "Feature", "id": "https://registry.gdi-de.org/de.nw/radnetz/instances/Knoten_Wuppertal_4637_geometry", "name": " (ex-nw:Knoten_Wuppertal_4637_geometry)", "dateprops": [], "properties": {"http://rdfs.org/ns/void#inDataset.value": "4635"}, "geometry": {"type": "Point", "coordinates": [7.1370999077, 51.2564051245, 142.89]}}, {"type": "Feature", "id": "https://registry.gdi-de.org/de.nw/radnetz/instances/Knoten_Wuppertal_4699_geometry", "name": " (ex-nw:Knoten_Wuppertal_4699_geometry)", "dateprops": [], "properties": {"http://rdfs.org/ns/void#inDataset.value": "4635"}, "geometry": {"type": "Point", "coordinates": [7.1403336433, 51.2111379673, 298.28]}}, {"type": "Feature", "id": "https://registry.gdi-de.org/de.nw/radnetz/instances/Knoten_Wuppertal_60284_geometry", "name": " (ex-nw:Knoten_Wuppertal_60284_geometry)", "dateprops": [], "properties": {"http://rdfs.org/ns/void#inDataset.value": "4635"}, "geometry": {"type": "Point", "coordinates": [7.227264576, 51.2855935188, 191.19]}}, {"type": "Feature", "id": "https://registry.gdi-de.org/de.nw/radnetz/instances/Knoten_Wuppertal_118160102_geometry", "name": " (ex-nw:Knoten_Wuppertal_118160102_geometry)", "dateprops": [], "properties": {"http://rdfs.org/ns/void#inDataset.value": "4635"}, "geometry": {"type": "Point", "coordinates": [7.1330530362, 51.3064544325, 247.58]}}, {"type": "Feature", "id": "https://registry.gdi-de.org/de.nw/radnetz/instances/Knoten_Wuppertal_112490102_geometry", "name": " (ex-nw:Knoten_Wuppertal_112490102_geometry)", "dateprops": [], "properties": {"http://rdfs.org/ns/void#inDataset.value": "4635"}, "geometry": {"type": "Point", "coordinates": [7.1505748078, 51.2315055146, 330.42]}}, {"type": "Feature", "id": "https://registry.gdi-de.org/de.nw/radnetz/instances/Knoten_Wuppertal_6962_geometry", "name": " (ex-nw:Knoten_Wuppertal_6962_geometry)", "dateprops": [], "properties": {"http://rdfs.org/ns/void#inDataset.value": "4635"}, "geometry": {"type": "Point", "coordinates": [7.1908285383, 51.2432313839, 342.2]}}, {"type": "Feature", "id": "https://registry.gdi-de.org/de.nw/radnetz/instances/Knoten_Wuppertal_7005_geometry", "name": " (ex-nw:Knoten_Wuppertal_7005_geometry)", "dateprops": [], "properties": {"http://rdfs.org/ns/void#inDataset.value": "4635"}, "geometry": {"type": "Point", "coordinates": [7.1907391098, 51.2680167814, 151.58]}}, {"type": "Feature", "id": "https://registry.gdi-de.org/de.nw/radnetz/instances/Knoten_Wuppertal_3252_geometry", "name": " (ex-nw:Knoten_Wuppertal_3252_geometry)", "dateprops": [], "properties": {"http://rdfs.org/ns/void#inDataset.value": "4635"}, "geometry": {"type": "Point", "coordinates": [7.1024484265, 51.2376442899, 139.73]}}, {"type": "Feature", "id": "https://registry.gdi-de.org/de.nw/radnetz/instances/Knoten_Wuppertal_1189691286_geometry", "name": " (ex-nw:Knoten_Wuppertal_1189691286_geometry)", "dateprops": [], "properties": {"http://rdfs.org/ns/void#inDataset.value": "4635"}, "geometry": {"type": "Point", "coordinates": [7.1120803276, 51.1868735681, 129.69]}}, {"type": "Feature", "id": "https://registry.gdi-de.org/de.nw/radnetz/instances/Knoten_Wuppertal_5411_geometry", "name": " (ex-nw:Knoten_Wuppertal_5411_geometry)", "dateprops": [], "properties": {"http://rdfs.org/ns/void#inDataset.value": "4635"}, "geometry": {"type": "Point", "coordinates": [7.1497766088, 51.2735995347, 175.2]}}, {"type": "Feature", "id": "https://registry.gdi-de.org/de.nw/radnetz/instances/Knoten_Wuppertal_9480_geometry", "name": " (ex-nw:Knoten_Wuppertal_9480_geometry)", "dateprops": [], "properties": {"http://rdfs.org/ns/void#inDataset.value": "4635"}, "geometry": {"type": "Point", "coordinates": [7.2562050491, 51.2836469456, 180.83]}}, {"type": "Feature", "id": "https://registry.gdi-de.org/de.nw/radnetz/instances/Knoten_Wuppertal_117070101_geometry", "name": " (ex-nw:Knoten_Wuppertal_117070101_geometry)", "dateprops": [], "properties": {"http://rdfs.org/ns/void#inDataset.value": "4635"}, "geometry": {"type": "Point", "coordinates": [7.0836333993, 51.2812726151, 193.29]}}, {"type": "Feature", "id": "https://registry.gdi-de.org/de.nw/radnetz/instances/Knoten_Wuppertal_1189691378_geometry", "name": " (ex-nw:Knoten_Wuppertal_1189691378_geometry)", "dateprops": [], "properties": {"http://rdfs.org/ns/void#inDataset.value": "4635"}, "geometry": {"type": "Point", "coordinates": [7.2165072038, 51.2776249111, 188.3]}}, {"type": "Feature", "id": "https://registry.gdi-de.org/de.nw/radnetz/instances/Knoten_Wuppertal_3357_geometry", "name": " (ex-nw:Knoten_Wuppertal_3357_geometry)", "dateprops": [], "properties": {"http://rdfs.org/ns/void#inDataset.value": "4635"}, "geometry": {"type": "Point", "coordinates": [7.1059724914, 51.255502084, 162.43]}}, {"type": "Feature", "id": "https://registry.gdi-de.org/de.nw/radnetz/instances/Knoten_Wuppertal_1189690159_geometry", "name": " (ex-nw:Knoten_Wuppertal_1189690159_geometry)", "dateprops": [], "properties": {"http://rdfs.org/ns/void#inDataset.value": "4635"}, "geometry": {"type": "Point", "coordinates": [7.2070523321, 51.236754393, 333.66]}}, {"type": "Feature", "id": "https://registry.gdi-de.org/de.nw/radnetz/instances/Knoten_Wuppertal_8766_geometry", "name": " (ex-nw:Knoten_Wuppertal_8766_geometry)", "dateprops": [], "properties": {"http://rdfs.org/ns/void#inDataset.value": "4635"}, "geometry": {"type": "Point", "coordinates": [7.2303021993, 51.2759716073, 165.65]}}, {"type": "Feature", "id": "https://registry.gdi-de.org/de.nw/radnetz/instances/Knoten_Wuppertal_3529_geometry", "name": " (ex-nw:Knoten_Wuppertal_3529_geometry)", "dateprops": [], "properties": {"http://rdfs.org/ns/void#inDataset.value": "4635"}, "geometry": {"type": "Point", "coordinates": [7.1105023964, 51.2865400091, 251.17]}}, {"type": "Feature", "id": "https://registry.gdi-de.org/de.nw/radnetz/instances/Knoten_Wuppertal_2964_geometry", "name": " (ex-nw:Knoten_Wuppertal_2964_geometry)", "dateprops": [], "properties": {"http://rdfs.org/ns/void#inDataset.value": "4635"}, "geometry": {"type": "Point", "coordinates": [7.0880129242, 51.2566437075, 201.44]}}, {"type": "Feature", "id": "https://registry.gdi-de.org/de.nw/radnetz/instances/Knoten_Wuppertal_1189691256_geometry", "name": " (ex-nw:Knoten_Wuppertal_1189691256_geometry)", "dateprops": [], "properties": {"http://rdfs.org/ns/void#inDataset.value": "4635"}, "geometry": {"type": "Point", "coordinates": [7.2312833396, 51.2760048889, 165.53]}}, {"type": "Feature", "id": "https://registry.gdi-de.org/de.nw/radnetz/instances/Knoten_Wuppertal_115570102_geometry", "name": " (ex-nw:Knoten_Wuppertal_115570102_geometry)", "dateprops": [], "properties": {"http://rdfs.org/ns/void#inDataset.value": "4635"}, "geometry": {"type": "Point", "coordinates": [7.2353549208, 51.2308132463, 299.9]}}, {"type": "Feature", "id": "https://registry.gdi-de.org/de.nw/radnetz/instances/Knoten_Wuppertal_113970101_geometry", "name": " (ex-nw:Knoten_Wuppertal_113970101_geometry)", "dateprops": [], "properties": {"http://rdfs.org/ns/void#inDataset.value": "4635"}, "geometry": {"type": "Point", "coordinates": [7.0610963516, 51.2323829466, 199.1]}}, {"type": "Feature", "id": "https://registry.gdi-de.org/de.nw/radnetz/instances/Knoten_Wuppertal_8976_geometry", "name": " (ex-nw:Knoten_Wuppertal_8976_geometry)", "dateprops": [], "properties": {"http://rdfs.org/ns/void#inDataset.value": "4635"}, "geometry": {"type": "Point", "coordinates": [7.2368694539, 51.2735788868, 198.37]}}, {"type": "Feature", "id": "https://registry.gdi-de.org/de.nw/radnetz/instances/Knoten_Wuppertal_60268_geometry", "name": " (ex-nw:Knoten_Wuppertal_60268_geometry)", "dateprops": [], "properties": {"http://rdfs.org/ns/void#inDataset.value": "4635"}, "geometry": {"type": "Point", "coordinates": [7.2162083162, 51.2775995315, 188.27]}}, {"type": "Feature", "id": "https://registry.gdi-de.org/de.nw/radnetz/instances/Knoten_Wuppertal_1189691299_geometry", "name": " (ex-nw:Knoten_Wuppertal_1189691299_geometry)", "dateprops": [], "properties": {"http://rdfs.org/ns/void#inDataset.value": "4635"}, "geometry": {"type": "Point", "coordinates": [7.1906457665, 51.272437548, 181.31]}}, {"type": "Feature", "id": "https://registry.gdi-de.org/de.nw/radnetz/instances/Knoten_Wuppertal_2441_geometry", "name": " (ex-nw:Knoten_Wuppertal_2441_geometry)", "dateprops": [], "properties": {"http://rdfs.org/ns/void#inDataset.value": "4635"}, "geometry": {"type": "Point", "coordinates": [7.0644925789, 51.234301364, 200.36]}}, {"type": "Feature", "id": "https://registry.gdi-de.org/de.nw/radnetz/instances/Knoten_Wuppertal_5162_geometry", "name": " (ex-nw:Knoten_Wuppertal_5162_geometry)", "dateprops": [], "properties": {"http://rdfs.org/ns/void#inDataset.value": "4635"}, "geometry": {"type": "Point", "coordinates": [7.1460199536, 51.2666073462, 169.53]}}, {"type": "Feature", "id": "https://registry.gdi-de.org/de.nw/radnetz/instances/Knoten_Wuppertal_9111_geometry", "name": " (ex-nw:Knoten_Wuppertal_9111_geometry)", "dateprops": [], "properties": {"http://rdfs.org/ns/void#inDataset.value": "4635"}, "geometry": {"type": "Point", "coordinates": [7.2404656207, 51.3027610286, 243.8]}}, {"type": "Feature", "id": "https://registry.gdi-de.org/de.nw/radnetz/instances/Knoten_Wuppertal_node_f2f65d34815f_geometry", "name": " (ex-nw:Knoten_Wuppertal_node_f2f65d34815f_geometry)", "dateprops": [], "properties": {"http://rdfs.org/ns/void#inDataset.value": "4635"}, "geometry": {"type": "Point", "coordinates": [7.145207, 51.2661, 171.27]}}, {"type": "Feature", "id": "https://registry.gdi-de.org/de.nw/radnetz/instances/Knoten_Wuppertal_3827_geometry", "name": " (ex-nw:Knoten_Wuppertal_3827_geometry)", "dateprops": [], "properties": {"http://rdfs.org/ns/void#inDataset.value": "4635"}, "geometry": {"type": "Point", "coordinates": [7.1197513319, 51.2811445845, 285.62]}}, {"type": "Feature", "id": "https://registry.gdi-de.org/de.nw/radnetz/instances/Knoten_Wuppertal_4406_geometry", "name": " (ex-nw:Knoten_Wuppertal_4406_geometry)", "dateprops": [], "properties": {"http://rdfs.org/ns/void#inDataset.value": "4635"}, "geometry": {"type": "Point", "coordinates": [7.1338958774, 51.2052306047, 292.72]}}, {"type": "Feature", "id": "https://registry.gdi-de.org/de.nw/radnetz/instances/Knoten_Wuppertal_3266_geometry", "name": " (ex-nw:Knoten_Wuppertal_3266_geometry)", "dateprops": [], "properties": {"http://rdfs.org/ns/void#inDataset.value": "4635"}, "geometry": {"type": "Point", "coordinates": [7.102945077, 51.2415863983, 137.71]}}, {"type": "Feature", "id": "https://registry.gdi-de.org/de.nw/radnetz/instances/Knoten_Wuppertal_6948_geometry", "name": " (ex-nw:Knoten_Wuppertal_6948_geometry)", "dateprops": [], "properties": {"http://rdfs.org/ns/void#inDataset.value": "4635"}, "geometry": {"type": "Point", "coordinates": [7.1914705387, 51.2212022578, 308.34]}}, {"type": "Feature", "id": "https://registry.gdi-de.org/de.nw/radnetz/instances/Knoten_Wuppertal_60311_geometry", "name": " (ex-nw:Knoten_Wuppertal_60311_geometry)", "dateprops": [], "properties": {"http://rdfs.org/ns/void#inDataset.value": "4635"}, "geometry": {"type": "Point", "coordinates": [7.1267839209, 51.2249156951, 277.64]}}, {"type": "Feature", "id": "https://registry.gdi-de.org/de.nw/radnetz/instances/Knoten_Wuppertal_9025_geometry", "name": " (ex-nw:Knoten_Wuppertal_9025_geometry)", "dateprops": [], "properties": {"http://rdfs.org/ns/void#inDataset.value": "4635"}, "geometry": {"type": "Point", "coordinates": [7.2386952637, 51.2673574774, 173.04]}}, {"type": "Feature", "id": "https://registry.gdi-de.org/de.nw/radnetz/instances/Knoten_Wuppertal_60318_geometry", "name": " (ex-nw:Knoten_Wuppertal_60318_geometry)", "dateprops": [], "properties": {"http://rdfs.org/ns/void#inDataset.value": "4635"}, "geometry": {"type": "Point", "coordinates": [7.1409458477, 51.210430854, 298.71]}}, {"type": "Feature", "id": "https://registry.gdi-de.org/de.nw/radnetz/instances/Knoten_Wuppertal_9341_geometry", "name": " (ex-nw:Knoten_Wuppertal_9341_geometry)", "dateprops": [], "properties": {"http://rdfs.org/ns/void#inDataset.value": "4635"}, "geometry": {"type": "Point", "coordinates": [7.2516023874, 51.2556333504, 176.6]}}, {"type": "Feature", "id": "https://registry.gdi-de.org/de.nw/radnetz/instances/Knoten_Wuppertal_60291_geometry", "name": " (ex-nw:Knoten_Wuppertal_60291_geometry)", "dateprops": [], "properties": {"http://rdfs.org/ns/void#inDataset.value": "4635"}, "geometry": {"type": "Point", "coordinates": [7.2487724074, 51.283254899, 203.77]}}, {"type": "Feature", "id": "https://registry.gdi-de.org/de.nw/radnetz/instances/Knoten_Wuppertal_4339_geometry", "name": " (ex-nw:Knoten_Wuppertal_4339_geometry)", "dateprops": [], "properties": {"http://rdfs.org/ns/void#inDataset.value": "4635"}, "geometry": {"type": "Point", "coordinates": [7.1288274524, 51.3042775893, 224.14]}}, {"type": "Feature", "id": "https://registry.gdi-de.org/de.nw/radnetz/instances/Knoten_Wuppertal_3505_geometry", "name": " (ex-nw:Knoten_Wuppertal_3505_geometry)", "dateprops": [], "properties": {"http://rdfs.org/ns/void#inDataset.value": "4635"}, "geometry": {"type": "Point", "coordinates": [7.1136277391, 51.1939926767, 152.46]}}, {"type": "Feature", "id": "https://registry.gdi-de.org/de.nw/radnetz/instances/Knoten_Wuppertal_9203_geometry", "name": " (ex-nw:Knoten_Wuppertal_9203_geometry)", "dateprops": [], "properties": {"http://rdfs.org/ns/void#inDataset.value": "4635"}, "geometry": {"type": "Point", "coordinates": [7.2444941282, 51.2833020113, 187.77]}}, {"type": "Feature", "id": "https://registry.gdi-de.org/de.nw/radnetz/instances/Knoten_Wuppertal_2701_geometry", "name": " (ex-nw:Knoten_Wuppertal_2701_geometry)", "dateprops": [], "properties": {"http://rdfs.org/ns/void#inDataset.value": "4635"}, "geometry": {"type": "Point", "coordinates": [7.0731722225, 51.2665670704, 183.78]}}, {"type": "Feature", "id": "https://registry.gdi-de.org/de.nw/radnetz/instances/Knoten_Wuppertal_2727_geometry", "name": " (ex-nw:Knoten_Wuppertal_2727_geometry)", "dateprops": [], "properties": {"http://rdfs.org/ns/void#inDataset.value": "4635"}, "geometry": {"type": "Point", "coordinates": [7.0734837163, 51.2797580245, 167.48]}}, {"type": "Feature", "id": "https://registry.gdi-de.org/de.nw/radnetz/instances/Knoten_Wuppertal_116440102_geometry", "name": " (ex-nw:Knoten_Wuppertal_116440102_geometry)", "dateprops": [], "properties": {"http://rdfs.org/ns/void#inDataset.value": "4635"}, "geometry": {"type": "Point", "coordinates": [7.2448087002, 51.2544682008, 173.51]}}, {"type": "Feature", "id": "https://registry.gdi-de.org/de.nw/radnetz/instances/Knoten_Wuppertal_1189690451_geometry", "name": " (ex-nw:Knoten_Wuppertal_1189690451_geometry)", "dateprops": [], "properties": {"http://rdfs.org/ns/void#inDataset.value": "4635"}, "geometry": {"type": "Point", "coordinates": [7.15992905, 51.2752506785, 212.91]}}, {"type": "Feature", "id": "https://registry.gdi-de.org/de.nw/radnetz/instances/Knoten_Wuppertal_7801_geometry", "name": " (ex-nw:Knoten_Wuppertal_7801_geometry)", "dateprops": [], "properties": {"http://rdfs.org/ns/void#inDataset.value": "4635"}, "geometry": {"type": "Point", "coordinates": [7.2054450535, 51.2736222865, 155.36]}}, {"type": "Feature", "id": "https://registry.gdi-de.org/de.nw/radnetz/instances/Knoten_Wuppertal_3915_geometry", "name": " (ex-nw:Knoten_Wuppertal_3915_geometry)", "dateprops": [], "properties": {"http://rdfs.org/ns/void#inDataset.value": "4635"}, "geometry": {"type": "Point", "coordinates": [7.1220850153, 51.2754029376, 233.32]}}, {"type": "Feature", "id": "https://registry.gdi-de.org/de.nw/radnetz/instances/Knoten_Wuppertal_1189691245_geometry", "name": " (ex-nw:Knoten_Wuppertal_1189691245_geometry)", "dateprops": [], "properties": {"http://rdfs.org/ns/void#inDataset.value": "4635"}, "geometry": {"type": "Point", "coordinates": [7.1080312034, 51.1958352537, 115.44]}}, {"type": "Feature", "id": "https://registry.gdi-de.org/de.nw/radnetz/instances/Knoten_Wuppertal_4291_geometry", "name": " (ex-nw:Knoten_Wuppertal_4291_geometry)", "dateprops": [], "properties": {"http://rdfs.org/ns/void#inDataset.value": "4635"}, "geometry": {"type": "Point", "coordinates": [7.1291094602, 51.276913664, 286.08]}}, {"type": "Feature", "id": "https://registry.gdi-de.org/de.nw/radnetz/instances/Knoten_Wuppertal_60220_geometry", "name": " (ex-nw:Knoten_Wuppertal_60220_geometry)", "dateprops": [], "properties": {"http://rdfs.org/ns/void#inDataset.value": "4635"}, "geometry": {"type": "Point", "coordinates": [7.0917780322, 51.2498463449, 177.01]}}, {"type": "Feature", "id": "https://registry.gdi-de.org/de.nw/radnetz/instances/Knoten_Wuppertal_6072_geometry", "name": " (ex-nw:Knoten_Wuppertal_6072_geometry)", "dateprops": [], "properties": {"http://rdfs.org/ns/void#inDataset.value": "4635"}, "geometry": {"type": "Point", "coordinates": [7.1655169168, 51.2115187302, 184.15]}}, {"type": "Feature", "id": "https://registry.gdi-de.org/de.nw/radnetz/instances/Knoten_Wuppertal_1189690679_geometry", "name": " (ex-nw:Knoten_Wuppertal_1189690679_geometry)", "dateprops": [], "properties": {"http://rdfs.org/ns/void#inDataset.value": "4635"}, "geometry": {"type": "Point", "coordinates": [7.1745492189, 51.2638616457, 150.12]}}, {"type": "Feature", "id": "https://registry.gdi-de.org/de.nw/radnetz/instances/Knoten_Wuppertal_7478_geometry", "name": " (ex-nw:Knoten_Wuppertal_7478_geometry)", "dateprops": [], "properties": {"http://rdfs.org/ns/void#inDataset.value": "4635"}, "geometry": {"type": "Point", "coordinates": [7.2002483315, 51.2253203886, 268.57]}}, {"type": "Feature", "id": "https://registry.gdi-de.org/de.nw/radnetz/instances/Knoten_Wuppertal_113540101_geometry", "name": " (ex-nw:Knoten_Wuppertal_113540101_geometry)", "dateprops": [], "properties": {"http://rdfs.org/ns/void#inDataset.value": "4635"}, "geometry": {"type": "Point", "coordinates": [7.0601661962, 51.2199502416, 220.82]}}, {"type": "Feature", "id": "https://registry.gdi-de.org/de.nw/radnetz/instances/Knoten_Wuppertal_1189690174_geometry", "name": " (ex-nw:Knoten_Wuppertal_1189690174_geometry)", "dateprops": [], "properties": {"http://rdfs.org/ns/void#inDataset.value": "4635"}, "geometry": {"type": "Point", "coordinates": [7.2536350857, 51.1895275527, 335.0]}}, {"type": "Feature", "id": "https://registry.gdi-de.org/de.nw/radnetz/instances/Knoten_Wuppertal_4540_geometry", "name": " (ex-nw:Knoten_Wuppertal_4540_geometry)", "dateprops": [], "properties": {"http://rdfs.org/ns/void#inDataset.value": "4635"}, "geometry": {"type": "Point", "coordinates": [7.1345300926, 51.2552341436, 143.06]}}, {"type": "Feature", "id": "https://registry.gdi-de.org/de.nw/radnetz/instances/Knoten_Wuppertal_5414_geometry", "name": " (ex-nw:Knoten_Wuppertal_5414_geometry)", "dateprops": [], "properties": {"http://rdfs.org/ns/void#inDataset.value": "4635"}, "geometry": {"type": "Point", "coordinates": [7.1517818646, 51.2242934057, 329.02]}}, {"type": "Feature", "id": "https://registry.gdi-de.org/de.nw/radnetz/instances/Knoten_Wuppertal_60256_geometry", "name": " (ex-nw:Knoten_Wuppertal_60256_geometry)", "dateprops": [], "properties": {"http://rdfs.org/ns/void#inDataset.value": "4635"}, "geometry": {"type": "Point", "coordinates": [7.1828759779, 51.270946887, 181.15]}}, {"type": "Feature", "id": "https://registry.gdi-de.org/de.nw/radnetz/instances/Knoten_Wuppertal_3264_geometry", "name": " (ex-nw:Knoten_Wuppertal_3264_geometry)", "dateprops": [], "properties": {"http://rdfs.org/ns/void#inDataset.value": "4635"}, "geometry": {"type": "Point", "coordinates": [7.1029295404, 51.240633015, 138.05]}}, {"type": "Feature", "id": "https://registry.gdi-de.org/de.nw/radnetz/instances/Knoten_Wuppertal_1189690555_geometry", "name": " (ex-nw:Knoten_Wuppertal_1189690555_geometry)", "dateprops": [], "properties": {"http://rdfs.org/ns/void#inDataset.value": "4635"}, "geometry": {"type": "Point", "coordinates": [7.1385669253, 51.2542032111, 141.85]}}, {"type": "Feature", "id": "https://registry.gdi-de.org/de.nw/radnetz/instances/Knoten_Wuppertal_115620102_geometry", "name": " (ex-nw:Knoten_Wuppertal_115620102_geometry)", "dateprops": [], "properties": {"http://rdfs.org/ns/void#inDataset.value": "4635"}, "geometry": {"type": "Point", "coordinates": [7.2055729693, 51.2371752936, 335.25]}}, {"type": "Feature", "id": "https://registry.gdi-de.org/de.nw/radnetz/instances/Knoten_Wuppertal_112210204_geometry", "name": " (ex-nw:Knoten_Wuppertal_112210204_geometry)", "dateprops": [], "properties": {"http://rdfs.org/ns/void#inDataset.value": "4635"}, "geometry": {"type": "Point", "coordinates": [7.1521940477, 51.2588486242, 146.35]}}, {"type": "Feature", "id": "https://registry.gdi-de.org/de.nw/radnetz/instances/Knoten_Wuppertal_5165_geometry", "name": " (ex-nw:Knoten_Wuppertal_5165_geometry)", "dateprops": [], "properties": {"http://rdfs.org/ns/void#inDataset.value": "4635"}, "geometry": {"type": "Point", "coordinates": [7.1463979484, 51.2581898517, 144.35]}}, {"type": "Feature", "id": "https://registry.gdi-de.org/de.nw/radnetz/instances/Knoten_Wuppertal_4233_geometry", "name": " (ex-nw:Knoten_Wuppertal_4233_geometry)", "dateprops": [], "properties": {"http://rdfs.org/ns/void#inDataset.value": "4635"}, "geometry": {"type": "Point", "coordinates": [7.1313153766, 51.1987848522, 261.83]}}, {"type": "Feature", "id": "https://registry.gdi-de.org/de.nw/radnetz/instances/Knoten_Wuppertal_2963_geometry", "name": " (ex-nw:Knoten_Wuppertal_2963_geometry)", "dateprops": [], "properties": {"http://rdfs.org/ns/void#inDataset.value": "4635"}, "geometry": {"type": "Point", "coordinates": [7.0883828809, 51.2468516338, 153.83]}}, {"type": "Feature", "id": "https://registry.gdi-de.org/de.nw/radnetz/instances/Knoten_Wuppertal_4725_geometry", "name": " (ex-nw:Knoten_Wuppertal_4725_geometry)", "dateprops": [], "properties": {"http://rdfs.org/ns/void#inDataset.value": "4635"}, "geometry": {"type": "Point", "coordinates": [7.139172913, 51.2571753343, 144.63]}}, {"type": "Feature", "id": "https://registry.gdi-de.org/de.nw/radnetz/instances/Knoten_Wuppertal_5053_geometry", "name": " (ex-nw:Knoten_Wuppertal_5053_geometry)", "dateprops": [], "properties": {"http://rdfs.org/ns/void#inDataset.value": "4635"}, "geometry": {"type": "Point", "coordinates": [7.1446462299, 51.254575574, 147.24]}}, {"type": "Feature", "id": "https://registry.gdi-de.org/de.nw/radnetz/instances/Knoten_Wuppertal_5489_geometry", "name": " (ex-nw:Knoten_Wuppertal_5489_geometry)", "dateprops": [], "properties": {"http://rdfs.org/ns/void#inDataset.value": "4635"}, "geometry": {"type": "Point", "coordinates": [7.152772332, 51.2347022019, 328.59]}}, {"type": "Feature", "id": "https://registry.gdi-de.org/de.nw/radnetz/instances/Knoten_Wuppertal_60244_geometry", "name": " (ex-nw:Knoten_Wuppertal_60244_geometry)", "dateprops": [], "properties": {"http://rdfs.org/ns/void#inDataset.value": "4635"}, "geometry": {"type": "Point", "coordinates": [7.155541097, 51.2675653349, 178.55]}}, {"type": "Feature", "id": "https://registry.gdi-de.org/de.nw/radnetz/instances/Knoten_Wuppertal_8706_geometry", "name": " (ex-nw:Knoten_Wuppertal_8706_geometry)", "dateprops": [], "properties": {"http://rdfs.org/ns/void#inDataset.value": "4635"}, "geometry": {"type": "Point", "coordinates": [7.2281060929, 51.2735320081, 170.84]}}, {"type": "Feature", "id": "https://registry.gdi-de.org/de.nw/radnetz/instances/Knoten_Wuppertal_116010301_geometry", "name": " (ex-nw:Knoten_Wuppertal_116010301_geometry)", "dateprops": [], "properties": {"http://rdfs.org/ns/void#inDataset.value": "4635"}, "geometry": {"type": "Point", "coordinates": [7.2178039662, 51.2757750244, 161.11]}}, {"type": "Feature", "id": "https://registry.gdi-de.org/de.nw/radnetz/instances/Knoten_Wuppertal_112210203_geometry", "name": " (ex-nw:Knoten_Wuppertal_112210203_geometry)", "dateprops": [], "properties": {"http://rdfs.org/ns/void#inDataset.value": "4635"}, "geometry": {"type": "Point", "coordinates": [7.1544472973, 51.2580770375, 145.65]}}, {"type": "Feature", "id": "https://registry.gdi-de.org/de.nw/radnetz/instances/Knoten_Wuppertal_5923_geometry", "name": " (ex-nw:Knoten_Wuppertal_5923_geometry)", "dateprops": [], "properties": {"http://rdfs.org/ns/void#inDataset.value": "4635"}, "geometry": {"type": "Point", "coordinates": [7.1599905724, 51.2574283111, 146.41]}}, {"type": "Feature", "id": "https://registry.gdi-de.org/de.nw/radnetz/instances/Knoten_Wuppertal_7148_geometry", "name": " (ex-nw:Knoten_Wuppertal_7148_geometry)", "dateprops": [], "properties": {"http://rdfs.org/ns/void#inDataset.value": "4635"}, "geometry": {"type": "Point", "coordinates": [7.1933686213, 51.2693245788, 152.39]}}, {"type": "Feature", "id": "https://registry.gdi-de.org/de.nw/radnetz/instances/Knoten_Wuppertal_112210101_geometry", "name": " (ex-nw:Knoten_Wuppertal_112210101_geometry)", "dateprops": [], "properties": {"http://rdfs.org/ns/void#inDataset.value": "4635"}, "geometry": {"type": "Point", "coordinates": [7.1534083567, 51.2592882561, 146.6]}}, {"type": "Feature", "id": "https://registry.gdi-de.org/de.nw/radnetz/instances/Knoten_Wuppertal_2360_geometry", "name": " (ex-nw:Knoten_Wuppertal_2360_geometry)", "dateprops": [], "properties": {"http://rdfs.org/ns/void#inDataset.value": "4635"}, "geometry": {"type": "Point", "coordinates": [7.0617136613, 51.2244090452, 202.56]}}, {"type": "Feature", "id": "https://registry.gdi-de.org/de.nw/radnetz/instances/Knoten_Wuppertal_111810201_geometry", "name": " (ex-nw:Knoten_Wuppertal_111810201_geometry)", "dateprops": [], "properties": {"http://rdfs.org/ns/void#inDataset.value": "4635"}, "geometry": {"type": "Point", "coordinates": [7.2065532339, 51.2731443474, 156.34]}}, {"type": "Feature", "id": "https://registry.gdi-de.org/de.nw/radnetz/instances/Knoten_Wuppertal_60229_geometry", "name": " (ex-nw:Knoten_Wuppertal_60229_geometry)", "dateprops": [], "properties": {"http://rdfs.org/ns/void#inDataset.value": "4635"}, "geometry": {"type": "Point", "coordinates": [7.1140213827, 51.2610946722, 177.1]}}, {"type": "Feature", "id": "https://registry.gdi-de.org/de.nw/radnetz/instances/Knoten_Wuppertal_2249_geometry", "name": " (ex-nw:Knoten_Wuppertal_2249_geometry)", "dateprops": [], "properties": {"http://rdfs.org/ns/void#inDataset.value": "4635"}, "geometry": {"type": "Point", "coordinates": [7.0550448348, 51.2232740876, 176.77]}}, {"type": "Feature", "id": "https://registry.gdi-de.org/de.nw/radnetz/instances/Knoten_Wuppertal_60293_geometry", "name": " (ex-nw:Knoten_Wuppertal_60293_geometry)", "dateprops": [], "properties": {"http://rdfs.org/ns/void#inDataset.value": "4635"}, "geometry": {"type": "Point", "coordinates": [7.2520349536, 51.2904055023, 216.29]}}, {"type": "Feature", "id": "https://registry.gdi-de.org/de.nw/radnetz/instances/Knoten_Wuppertal_119770101_geometry", "name": " (ex-nw:Knoten_Wuppertal_119770101_geometry)", "dateprops": [], "properties": {"http://rdfs.org/ns/void#inDataset.value": "4635"}, "geometry": {"type": "Point", "coordinates": [7.0385122619, 51.2147182189, 186.44]}}, {"type": "Feature", "id": "https://registry.gdi-de.org/de.nw/radnetz/instances/Knoten_Wuppertal_60226_geometry", "name": " (ex-nw:Knoten_Wuppertal_60226_geometry)", "dateprops": [], "properties": {"http://rdfs.org/ns/void#inDataset.value": "4635"}, "geometry": {"type": "Point", "coordinates": [7.1118562788, 51.26022057, 176.44]}}, {"type": "Feature", "id": "https://registry.gdi-de.org/de.nw/radnetz/instances/Knoten_Wuppertal_115560101_geometry", "name": " (ex-nw:Knoten_Wuppertal_115560101_geometry)", "dateprops": [], "properties": {"http://rdfs.org/ns/void#inDataset.value": "4635"}, "geometry": {"type": "Point", "coordinates": [7.2359675766, 51.2349133467, 301.75]}}, {"type": "Feature", "id": "https://registry.gdi-de.org/de.nw/radnetz/instances/Knoten_Wuppertal_8837_geometry", "name": " (ex-nw:Knoten_Wuppertal_8837_geometry)", "dateprops": [], "properties": {"http://rdfs.org/ns/void#inDataset.value": "4635"}, "geometry": {"type": "Point", "coordinates": [7.2343133405, 51.226518967, 301.62]}}, {"type": "Feature", "id": "https://registry.gdi-de.org/de.nw/radnetz/instances/Knoten_Wuppertal_110190203_geometry", "name": " (ex-nw:Knoten_Wuppertal_110190203_geometry)", "dateprops": [], "properties": {"http://rdfs.org/ns/void#inDataset.value": "4635"}, "geometry": {"type": "Point", "coordinates": [7.1476521332, 51.2554794159, 145.74]}}, {"type": "Feature", "id": "https://registry.gdi-de.org/de.nw/radnetz/instances/Knoten_Wuppertal_112770101_geometry", "name": " (ex-nw:Knoten_Wuppertal_112770101_geometry)", "dateprops": [], "properties": {"http://rdfs.org/ns/void#inDataset.value": "4635"}, "geometry": {"type": "Point", "coordinates": [7.1301921386, 51.2716901964, 245.43]}}, {"type": "Feature", "id": "https://registry.gdi-de.org/de.nw/radnetz/instances/Knoten_Wuppertal_60289_geometry", "name": " (ex-nw:Knoten_Wuppertal_60289_geometry)", "dateprops": [], "properties": {"http://rdfs.org/ns/void#inDataset.value": "4635"}, "geometry": {"type": "Point", "coordinates": [7.2405907064, 51.2835279353, 196.67]}}, {"type": "Feature", "id": "https://registry.gdi-de.org/de.nw/radnetz/instances/Knoten_Wuppertal_6035_geometry", "name": " (ex-nw:Knoten_Wuppertal_6035_geometry)", "dateprops": [], "properties": {"http://rdfs.org/ns/void#inDataset.value": "4635"}, "geometry": {"type": "Point", "coordinates": [7.161066824, 51.3007383084, 296.58]}}, {"type": "Feature", "id": "https://registry.gdi-de.org/de.nw/radnetz/instances/Knoten_Wuppertal_8933_geometry", "name": " (ex-nw:Knoten_Wuppertal_8933_geometry)", "dateprops": [], "properties": {"http://rdfs.org/ns/void#inDataset.value": "4635"}, "geometry": {"type": "Point", "coordinates": [7.2352040751, 51.2770788088, 167.92]}}, {"type": "Feature", "id": "https://registry.gdi-de.org/de.nw/radnetz/instances/Knoten_Wuppertal_1189691314_geometry", "name": " (ex-nw:Knoten_Wuppertal_1189691314_geometry)", "dateprops": [], "properties": {"http://rdfs.org/ns/void#inDataset.value": "4635"}, "geometry": {"type": "Point", "coordinates": [7.237466168, 51.3172081542, 241.53]}}, {"type": "Feature", "id": "https://registry.gdi-de.org/de.nw/radnetz/instances/Knoten_Wuppertal_114200102_geometry", "name": " (ex-nw:Knoten_Wuppertal_114200102_geometry)", "dateprops": [], "properties": {"http://rdfs.org/ns/void#inDataset.value": "4635"}, "geometry": {"type": "Point", "coordinates": [7.1313749493, 51.2025843906, 277.37]}}, {"type": "Feature", "id": "https://registry.gdi-de.org/de.nw/radnetz/instances/Knoten_Wuppertal_60243_geometry", "name": " (ex-nw:Knoten_Wuppertal_60243_geometry)", "dateprops": [], "properties": {"http://rdfs.org/ns/void#inDataset.value": "4635"}, "geometry": {"type": "Point", "coordinates": [7.1533805596, 51.2683337269, 177.71]}}, {"type": "Feature", "id": "https://registry.gdi-de.org/de.nw/radnetz/instances/Knoten_Wuppertal_60264_geometry", "name": " (ex-nw:Knoten_Wuppertal_60264_geometry)", "dateprops": [], "properties": {"http://rdfs.org/ns/void#inDataset.value": "4635"}, "geometry": {"type": "Point", "coordinates": [7.2046130646, 51.2781070984, 185.73]}}, {"type": "Feature", "id": "https://registry.gdi-de.org/de.nw/radnetz/instances/Knoten_Wuppertal_60298_geometry", "name": " (ex-nw:Knoten_Wuppertal_60298_geometry)", "dateprops": [], "properties": {"http://rdfs.org/ns/void#inDataset.value": "4635"}, "geometry": {"type": "Point", "coordinates": [7.2387301728, 51.3132630895, 250.0]}}, {"type": "Feature", "id": "https://registry.gdi-de.org/de.nw/radnetz/instances/Knoten_Wuppertal_8046_geometry", "name": " (ex-nw:Knoten_Wuppertal_8046_geometry)", "dateprops": [], "properties": {"http://rdfs.org/ns/void#inDataset.value": "4635"}, "geometry": {"type": "Point", "coordinates": [7.2124191081, 51.2356846455, 322.71]}}, {"type": "Feature", "id": "https://registry.gdi-de.org/de.nw/radnetz/instances/Knoten_Wuppertal_8238_geometry", "name": " (ex-nw:Knoten_Wuppertal_8238_geometry)", "dateprops": [], "properties": {"http://rdfs.org/ns/void#inDataset.value": "4635"}, "geometry": {"type": "Point", "coordinates": [7.2173887237, 51.2214002281, 298.51]}}, {"type": "Feature", "id": "https://registry.gdi-de.org/de.nw/radnetz/instances/Knoten_Wuppertal_8653_geometry", "name": " (ex-nw:Knoten_Wuppertal_8653_geometry)", "dateprops": [], "properties": {"http://rdfs.org/ns/void#inDataset.value": "4635"}, "geometry": {"type": "Point", "coordinates": [7.2271319056, 51.2388832513, 296.11]}}, {"type": "Feature", "id": "https://registry.gdi-de.org/de.nw/radnetz/instances/Knoten_Wuppertal_113070203_geometry", "name": " (ex-nw:Knoten_Wuppertal_113070203_geometry)", "dateprops": [], "properties": {"http://rdfs.org/ns/void#inDataset.value": "4635"}, "geometry": {"type": "Point", "coordinates": [7.102931446, 51.2403951265, 138.1]}}, {"type": "Feature", "id": "https://registry.gdi-de.org/de.nw/radnetz/instances/Knoten_Wuppertal_60251_geometry", "name": " (ex-nw:Knoten_Wuppertal_60251_geometry)", "dateprops": [], "properties": {"http://rdfs.org/ns/void#inDataset.value": "4635"}, "geometry": {"type": "Point", "coordinates": [7.165178087, 51.2687509873, 181.05]}}, {"type": "Feature", "id": "https://registry.gdi-de.org/de.nw/radnetz/instances/Knoten_Wuppertal_8859_geometry", "name": " (ex-nw:Knoten_Wuppertal_8859_geometry)", "dateprops": [], "properties": {"http://rdfs.org/ns/void#inDataset.value": "4635"}, "geometry": {"type": "Point", "coordinates": [7.2336602882, 51.2640673958, 172.71]}}, {"type": "Feature", "id": "https://registry.gdi-de.org/de.nw/radnetz/instances/Knoten_Wuppertal_6659_geometry", "name": " (ex-nw:Knoten_Wuppertal_6659_geometry)", "dateprops": [], "properties": {"http://rdfs.org/ns/void#inDataset.value": "4635"}, "geometry": {"type": "Point", "coordinates": [7.1806654526, 51.2896391287, 277.91]}}, {"type": "Feature", "id": "https://registry.gdi-de.org/de.nw/radnetz/instances/Knoten_Wuppertal_119730101_geometry", "name": " (ex-nw:Knoten_Wuppertal_119730101_geometry)", "dateprops": [], "properties": {"http://rdfs.org/ns/void#inDataset.value": "4635"}, "geometry": {"type": "Point", "coordinates": [7.0869270591, 51.2470018221, 154.43]}}, {"type": "Feature", "id": "https://registry.gdi-de.org/de.nw/radnetz/instances/Knoten_Wuppertal_5232_geometry", "name": " (ex-nw:Knoten_Wuppertal_5232_geometry)", "dateprops": [], "properties": {"http://rdfs.org/ns/void#inDataset.value": "4635"}, "geometry": {"type": "Point", "coordinates": [7.1472121508, 51.2650045948, 153.96]}}, {"type": "Feature", "id": "https://registry.gdi-de.org/de.nw/radnetz/instances/Knoten_Wuppertal_6682_geometry", "name": " (ex-nw:Knoten_Wuppertal_6682_geometry)", "dateprops": [], "properties": {"http://rdfs.org/ns/void#inDataset.value": "4635"}, "geometry": {"type": "Point", "coordinates": [7.1812077999, 51.2870512026, 264.45]}}, {"type": "Feature", "id": "https://registry.gdi-de.org/de.nw/radnetz/instances/Knoten_Wuppertal_112890101_geometry", "name": " (ex-nw:Knoten_Wuppertal_112890101_geometry)", "dateprops": [], "properties": {"http://rdfs.org/ns/void#inDataset.value": "4635"}, "geometry": {"type": "Point", "coordinates": [7.1449270813, 51.2831406909, 291.0]}}, {"type": "Feature", "id": "https://registry.gdi-de.org/de.nw/radnetz/instances/Knoten_Wuppertal_116200102_geometry", "name": " (ex-nw:Knoten_Wuppertal_116200102_geometry)", "dateprops": [], "properties": {"http://rdfs.org/ns/void#inDataset.value": "4635"}, "geometry": {"type": "Point", "coordinates": [7.2318974835, 51.2760343747, 165.68]}}, {"type": "Feature", "id": "https://registry.gdi-de.org/de.nw/radnetz/instances/Knoten_Wuppertal_121990102_geometry", "name": " (ex-nw:Knoten_Wuppertal_121990102_geometry)", "dateprops": [], "properties": {"http://rdfs.org/ns/void#inDataset.value": "4635"}, "geometry": {"type": "Point", "coordinates": [7.2351691885, 51.2251431292, 300.25]}}, {"type": "Feature", "id": "https://registry.gdi-de.org/de.nw/radnetz/instances/Knoten_Wuppertal_1189691175_geometry", "name": " (ex-nw:Knoten_Wuppertal_1189691175_geometry)", "dateprops": [], "properties": {"http://rdfs.org/ns/void#inDataset.value": "4635"}, "geometry": {"type": "Point", "coordinates": [7.2488787398, 51.311802704, 321.1]}}, {"type": "Feature", "id": "https://registry.gdi-de.org/de.nw/radnetz/instances/Knoten_Wuppertal_4937_geometry", "name": " (ex-nw:Knoten_Wuppertal_4937_geometry)", "dateprops": [], "properties": {"http://rdfs.org/ns/void#inDataset.value": "4635"}, "geometry": {"type": "Point", "coordinates": [7.1419134296, 51.2825754799, 284.78]}}, {"type": "Feature", "id": "https://registry.gdi-de.org/de.nw/radnetz/instances/Knoten_Wuppertal_5166_geometry", "name": " (ex-nw:Knoten_Wuppertal_5166_geometry)", "dateprops": [], "properties": {"http://rdfs.org/ns/void#inDataset.value": "4635"}, "geometry": {"type": "Point", "coordinates": [7.1464829855, 51.2561041781, 143.14]}}, {"type": "Feature", "id": "https://registry.gdi-de.org/de.nw/radnetz/instances/Knoten_Wuppertal_6148_geometry", "name": " (ex-nw:Knoten_Wuppertal_6148_geometry)", "dateprops": [], "properties": {"http://rdfs.org/ns/void#inDataset.value": "4635"}, "geometry": {"type": "Point", "coordinates": [7.1637921855, 51.2995746096, 303.17]}}, {"type": "Feature", "id": "https://registry.gdi-de.org/de.nw/radnetz/instances/Knoten_Wuppertal_1189691292_geometry", "name": " (ex-nw:Knoten_Wuppertal_1189691292_geometry)", "dateprops": [], "properties": {"http://rdfs.org/ns/void#inDataset.value": "4635"}, "geometry": {"type": "Point", "coordinates": [7.0415622667, 51.2137757628, 197.05]}}, {"type": "Feature", "id": "https://registry.gdi-de.org/de.nw/radnetz/instances/Knoten_Wuppertal_99999902_geometry", "name": " (ex-nw:Knoten_Wuppertal_99999902_geometry)", "dateprops": [], "properties": {"http://rdfs.org/ns/void#inDataset.value": "4635"}, "geometry": {"type": "Point", "coordinates": [7.2258597333, 51.2769747193, 188.7]}}, {"type": "Feature", "id": "https://registry.gdi-de.org/de.nw/radnetz/instances/Knoten_Wuppertal_9215_geometry", "name": " (ex-nw:Knoten_Wuppertal_9215_geometry)", "dateprops": [], "properties": {"http://rdfs.org/ns/void#inDataset.value": "4635"}, "geometry": {"type": "Point", "coordinates": [7.2468784106, 51.2324912311, 239.9]}}, {"type": "Feature", "id": "https://registry.gdi-de.org/de.nw/radnetz/instances/Knoten_Wuppertal_1189691250_geometry", "name": " (ex-nw:Knoten_Wuppertal_1189691250_geometry)", "dateprops": [], "properties": {"http://rdfs.org/ns/void#inDataset.value": "4635"}, "geometry": {"type": "Point", "coordinates": [7.2155343199, 51.2747316091, 158.58]}}, {"type": "Feature", "id": "https://registry.gdi-de.org/de.nw/radnetz/instances/Knoten_Wuppertal_3371_geometry", "name": " (ex-nw:Knoten_Wuppertal_3371_geometry)", "dateprops": [], "properties": {"http://rdfs.org/ns/void#inDataset.value": "4635"}, "geometry": {"type": "Point", "coordinates": [7.1052272774, 51.2901925313, 234.38]}}, {"type": "Feature", "id": "https://registry.gdi-de.org/de.nw/radnetz/instances/Knoten_Wuppertal_2381_geometry", "name": " (ex-nw:Knoten_Wuppertal_2381_geometry)", "dateprops": [], "properties": {"http://rdfs.org/ns/void#inDataset.value": "4635"}, "geometry": {"type": "Point", "coordinates": [7.0625121589, 51.2345922405, 209.52]}}, {"type": "Feature", "id": "https://registry.gdi-de.org/de.nw/radnetz/instances/Knoten_Wuppertal_4349_geometry", "name": " (ex-nw:Knoten_Wuppertal_4349_geometry)", "dateprops": [], "properties": {"http://rdfs.org/ns/void#inDataset.value": "4635"}, "geometry": {"type": "Point", "coordinates": [7.1301600402, 51.2751720333, 274.73]}}, {"type": "Feature", "id": "https://registry.gdi-de.org/de.nw/radnetz/instances/Knoten_Wuppertal_116010201_geometry", "name": " (ex-nw:Knoten_Wuppertal_116010201_geometry)", "dateprops": [], "properties": {"http://rdfs.org/ns/void#inDataset.value": "4635"}, "geometry": {"type": "Point", "coordinates": [7.2171127244, 51.2750910816, 159.47]}}, {"type": "Feature", "id": "https://registry.gdi-de.org/de.nw/radnetz/instances/Knoten_Wuppertal_5429_geometry", "name": " (ex-nw:Knoten_Wuppertal_5429_geometry)", "dateprops": [], "properties": {"http://rdfs.org/ns/void#inDataset.value": "4635"}, "geometry": {"type": "Point", "coordinates": [7.1520600693, 51.2222501287, 326.59]}}, {"type": "Feature", "id": "https://registry.gdi-de.org/de.nw/radnetz/instances/Knoten_Wuppertal_115400102_geometry", "name": " (ex-nw:Knoten_Wuppertal_115400102_geometry)", "dateprops": [], "properties": {"http://rdfs.org/ns/void#inDataset.value": "4635"}, "geometry": {"type": "Point", "coordinates": [7.2006578106, 51.2194768232, 259.33]}}, {"type": "Feature", "id": "https://registry.gdi-de.org/de.nw/radnetz/instances/Knoten_Wuppertal_112760102_geometry", "name": " (ex-nw:Knoten_Wuppertal_112760102_geometry)", "dateprops": [], "properties": {"http://rdfs.org/ns/void#inDataset.value": "4635"}, "geometry": {"type": "Point", "coordinates": [7.130304144, 51.2700220977, 240.34]}}, {"type": "Feature", "id": "https://registry.gdi-de.org/de.nw/radnetz/instances/Knoten_Wuppertal_113250101_geometry", "name": " (ex-nw:Knoten_Wuppertal_113250101_geometry)", "dateprops": [], "properties": {"http://rdfs.org/ns/void#inDataset.value": "4635"}, "geometry": {"type": "Point", "coordinates": [7.0811043027, 51.2546264782, 207.88]}}, {"type": "Feature", "id": "https://registry.gdi-de.org/de.nw/radnetz/instances/Knoten_Wuppertal_118230101_geometry", "name": " (ex-nw:Knoten_Wuppertal_118230101_geometry)", "dateprops": [], "properties": {"http://rdfs.org/ns/void#inDataset.value": "4635"}, "geometry": {"type": "Point", "coordinates": [7.1460554964, 51.3051876983, 304.49]}}, {"type": "Feature", "id": "https://registry.gdi-de.org/de.nw/radnetz/instances/Knoten_Wuppertal_7554_geometry", "name": " (ex-nw:Knoten_Wuppertal_7554_geometry)", "dateprops": [], "properties": {"http://rdfs.org/ns/void#inDataset.value": "4635"}, "geometry": {"type": "Point", "coordinates": [7.2018865539, 51.2276186691, 275.92]}}, {"type": "Feature", "id": "https://registry.gdi-de.org/de.nw/radnetz/instances/Knoten_Wuppertal_1189690457_geometry", "name": " (ex-nw:Knoten_Wuppertal_1189690457_geometry)", "dateprops": [], "properties": {"http://rdfs.org/ns/void#inDataset.value": "4635"}, "geometry": {"type": "Point", "coordinates": [7.1707955164, 51.2812866456, 207.79]}}, {"type": "Feature", "id": "https://registry.gdi-de.org/de.nw/radnetz/instances/Knoten_Wuppertal_112100102_geometry", "name": " (ex-nw:Knoten_Wuppertal_112100102_geometry)", "dateprops": [], "properties": {"http://rdfs.org/ns/void#inDataset.value": "4635"}, "geometry": {"type": "Point", "coordinates": [7.1723047711, 51.2822399214, 212.19]}}, {"type": "Feature", "id": "https://registry.gdi-de.org/de.nw/radnetz/instances/Knoten_Wuppertal_1189691222_geometry", "name": " (ex-nw:Knoten_Wuppertal_1189691222_geometry)", "dateprops": [], "properties": {"http://rdfs.org/ns/void#inDataset.value": "4635"}, "geometry": {"type": "Point", "coordinates": [7.1829797164, 51.2429053134, 331.47]}}, {"type": "Feature", "id": "https://registry.gdi-de.org/de.nw/radnetz/instances/Knoten_Wuppertal_9352_geometry", "name": " (ex-nw:Knoten_Wuppertal_9352_geometry)", "dateprops": [], "properties": {"http://rdfs.org/ns/void#inDataset.value": "4635"}, "geometry": {"type": "Point", "coordinates": [7.2495588027, 51.3142192436, 317.04]}}, {"type": "Feature", "id": "https://registry.gdi-de.org/de.nw/radnetz/instances/Knoten_Wuppertal_6873_geometry", "name": " (ex-nw:Knoten_Wuppertal_6873_geometry)", "dateprops": [], "properties": {"http://rdfs.org/ns/void#inDataset.value": "4635"}, "geometry": {"type": "Point", "coordinates": [7.189529201, 51.2274407115, 318.24]}}, {"type": "Feature", "id": "https://registry.gdi-de.org/de.nw/radnetz/instances/Knoten_Wuppertal_9545_geometry", "name": " (ex-nw:Knoten_Wuppertal_9545_geometry)", "dateprops": [], "properties": {"http://rdfs.org/ns/void#inDataset.value": "4635"}, "geometry": {"type": "Point", "coordinates": [7.2596697315, 51.2837584563, 182.72]}}, {"type": "Feature", "id": "https://registry.gdi-de.org/de.nw/radnetz/instances/Knoten_Wuppertal_5562_geometry", "name": " (ex-nw:Knoten_Wuppertal_5562_geometry)", "dateprops": [], "properties": {"http://rdfs.org/ns/void#inDataset.value": "4635"}, "geometry": {"type": "Point", "coordinates": [7.1535067399, 51.2508288323, 176.79]}}, {"type": "Feature", "id": "https://registry.gdi-de.org/de.nw/radnetz/instances/Knoten_Wuppertal_5094_geometry", "name": " (ex-nw:Knoten_Wuppertal_5094_geometry)", "dateprops": [], "properties": {"http://rdfs.org/ns/void#inDataset.value": "4635"}, "geometry": {"type": "Point", "coordinates": [7.1469917673, 51.2153631582, 299.51]}}, {"type": "Feature", "id": "https://registry.gdi-de.org/de.nw/radnetz/instances/Knoten_Wuppertal_2335_geometry", "name": " (ex-nw:Knoten_Wuppertal_2335_geometry)", "dateprops": [], "properties": {"http://rdfs.org/ns/void#inDataset.value": "4635"}, "geometry": {"type": "Point", "coordinates": [7.0594137818, 51.2540787533, 180.66]}}, {"type": "Feature", "id": "https://registry.gdi-de.org/de.nw/radnetz/instances/Knoten_Wuppertal_2344_geometry", "name": " (ex-nw:Knoten_Wuppertal_2344_geometry)", "dateprops": [], "properties": {"http://rdfs.org/ns/void#inDataset.value": "4635"}, "geometry": {"type": "Point", "coordinates": [7.0606244956, 51.2349451905, 211.71]}}, {"type": "Feature", "id": "https://registry.gdi-de.org/de.nw/radnetz/instances/Knoten_Wuppertal_112660102_geometry", "name": " (ex-nw:Knoten_Wuppertal_112660102_geometry)", "dateprops": [], "properties": {"http://rdfs.org/ns/void#inDataset.value": "4635"}, "geometry": {"type": "Point", "coordinates": [7.1232247589, 51.2777873723, 249.17]}}, {"type": "Feature", "id": "https://registry.gdi-de.org/de.nw/radnetz/instances/Knoten_Wuppertal_2927_geometry", "name": " (ex-nw:Knoten_Wuppertal_2927_geometry)", "dateprops": [], "properties": {"http://rdfs.org/ns/void#inDataset.value": "4635"}, "geometry": {"type": "Point", "coordinates": [7.0862042043, 51.2467821136, 155.59]}}, {"type": "Feature", "id": "https://registry.gdi-de.org/de.nw/radnetz/instances/Knoten_Wuppertal_116890101_geometry", "name": " (ex-nw:Knoten_Wuppertal_116890101_geometry)", "dateprops": [], "properties": {"http://rdfs.org/ns/void#inDataset.value": "4635"}, "geometry": {"type": "Point", "coordinates": [7.2476904778, 51.2754408757, 201.32]}}, {"type": "Feature", "id": "https://registry.gdi-de.org/de.nw/radnetz/instances/Knoten_Wuppertal_60252_geometry", "name": " (ex-nw:Knoten_Wuppertal_60252_geometry)", "dateprops": [], "properties": {"http://rdfs.org/ns/void#inDataset.value": "4635"}, "geometry": {"type": "Point", "coordinates": [7.1659073001, 51.268851762, 181.05]}}, {"type": "Feature", "id": "https://registry.gdi-de.org/de.nw/radnetz/instances/Knoten_Wuppertal_5057_geometry", "name": " (ex-nw:Knoten_Wuppertal_5057_geometry)", "dateprops": [], "properties": {"http://rdfs.org/ns/void#inDataset.value": "4635"}, "geometry": {"type": "Point", "coordinates": [7.1444870453, 51.2589169536, 148.43]}}, {"type": "Feature", "id": "https://registry.gdi-de.org/de.nw/radnetz/instances/Knoten_Wuppertal_3024_geometry", "name": " (ex-nw:Knoten_Wuppertal_3024_geometry)", "dateprops": [], "properties": {"http://rdfs.org/ns/void#inDataset.value": "4635"}, "geometry": {"type": "Point", "coordinates": [7.0908660642, 51.2561587021, 200.26]}}, {"type": "Feature", "id": "https://registry.gdi-de.org/de.nw/radnetz/instances/Knoten_Wuppertal_5377_geometry", "name": " (ex-nw:Knoten_Wuppertal_5377_geometry)", "dateprops": [], "properties": {"http://rdfs.org/ns/void#inDataset.value": "4635"}, "geometry": {"type": "Point", "coordinates": [7.1511098249, 51.2260438415, 330.71]}}, {"type": "Feature", "id": "https://registry.gdi-de.org/de.nw/radnetz/instances/Knoten_Wuppertal_4389_geometry", "name": " (ex-nw:Knoten_Wuppertal_4389_geometry)", "dateprops": [], "properties": {"http://rdfs.org/ns/void#inDataset.value": "4635"}, "geometry": {"type": "Point", "coordinates": [7.1308761776, 51.2730825465, 252.96]}}, {"type": "Feature", "id": "https://registry.gdi-de.org/de.nw/radnetz/instances/Knoten_Wuppertal_114050101_geometry", "name": " (ex-nw:Knoten_Wuppertal_114050101_geometry)", "dateprops": [], "properties": {"http://rdfs.org/ns/void#inDataset.value": "4635"}, "geometry": {"type": "Point", "coordinates": [7.1505553569, 51.2177898784, 309.36]}}, {"type": "Feature", "id": "https://registry.gdi-de.org/de.nw/radnetz/instances/Knoten_Wuppertal_6888_geometry", "name": " (ex-nw:Knoten_Wuppertal_6888_geometry)", "dateprops": [], "properties": {"http://rdfs.org/ns/void#inDataset.value": "4635"}, "geometry": {"type": "Point", "coordinates": [7.1893043499, 51.2438021762, 341.24]}}, {"type": "Feature", "id": "https://registry.gdi-de.org/de.nw/radnetz/instances/Knoten_Wuppertal_1189691349_geometry", "name": " (ex-nw:Knoten_Wuppertal_1189691349_geometry)", "dateprops": [], "properties": {"http://rdfs.org/ns/void#inDataset.value": "4635"}, "geometry": {"type": "Point", "coordinates": [7.0494561104, 51.2088309754, 209.64]}}, {"type": "Feature", "id": "https://registry.gdi-de.org/de.nw/radnetz/instances/Knoten_Wuppertal_2920_geometry", "name": " (ex-nw:Knoten_Wuppertal_2920_geometry)", "dateprops": [], "properties": {"http://rdfs.org/ns/void#inDataset.value": "4635"}, "geometry": {"type": "Point", "coordinates": [7.0858864654, 51.2465912808, 157.31]}}, {"type": "Feature", "id": "https://registry.gdi-de.org/de.nw/radnetz/instances/Knoten_Wuppertal_8252_geometry", "name": " (ex-nw:Knoten_Wuppertal_8252_geometry)", "dateprops": [], "properties": {"http://rdfs.org/ns/void#inDataset.value": "4635"}, "geometry": {"type": "Point", "coordinates": [7.2157394743, 51.2747772268, 158.67]}}, {"type": "Feature", "id": "https://registry.gdi-de.org/de.nw/radnetz/instances/Knoten_Wuppertal_8825_geometry", "name": " (ex-nw:Knoten_Wuppertal_8825_geometry)", "dateprops": [], "properties": {"http://rdfs.org/ns/void#inDataset.value": "4635"}, "geometry": {"type": "Point", "coordinates": [7.2328127772, 51.2586872855, 169.64]}}, {"type": "Feature", "id": "https://registry.gdi-de.org/de.nw/radnetz/instances/Knoten_Wuppertal_9384_geometry", "name": " (ex-nw:Knoten_Wuppertal_9384_geometry)", "dateprops": [], "properties": {"http://rdfs.org/ns/void#inDataset.value": "4635"}, "geometry": {"type": "Point", "coordinates": [7.2519066412, 51.2903772954, 216.23]}}, {"type": "Feature", "id": "https://registry.gdi-de.org/de.nw/radnetz/instances/Knoten_Wuppertal_112670102_geometry", "name": " (ex-nw:Knoten_Wuppertal_112670102_geometry)", "dateprops": [], "properties": {"http://rdfs.org/ns/void#inDataset.value": "4635"}, "geometry": {"type": "Point", "coordinates": [7.124382851, 51.2805602896, 269.24]}}, {"type": "Feature", "id": "https://registry.gdi-de.org/de.nw/radnetz/instances/Knoten_Wuppertal_110600101_geometry", "name": " (ex-nw:Knoten_Wuppertal_110600101_geometry)", "dateprops": [], "properties": {"http://rdfs.org/ns/void#inDataset.value": "4635"}, "geometry": {"type": "Point", "coordinates": [7.1905706165, 51.2249600269, 315.07]}}, {"type": "Feature", "id": "https://registry.gdi-de.org/de.nw/radnetz/instances/Knoten_Wuppertal_116410103_geometry", "name": " (ex-nw:Knoten_Wuppertal_116410103_geometry)", "dateprops": [], "properties": {"http://rdfs.org/ns/void#inDataset.value": "4635"}, "geometry": {"type": "Point", "coordinates": [7.2367555427, 51.266645037, 166.15]}}, {"type": "Feature", "id": "https://registry.gdi-de.org/de.nw/radnetz/instances/Knoten_Wuppertal_4237_geometry", "name": " (ex-nw:Knoten_Wuppertal_4237_geometry)", "dateprops": [], "properties": {"http://rdfs.org/ns/void#inDataset.value": "4635"}, "geometry": {"type": "Point", "coordinates": [7.128125873, 51.2783908854, 294.81]}}, {"type": "Feature", "id": "https://registry.gdi-de.org/de.nw/radnetz/instances/Knoten_Wuppertal_113260101_geometry", "name": " (ex-nw:Knoten_Wuppertal_113260101_geometry)", "dateprops": [], "properties": {"http://rdfs.org/ns/void#inDataset.value": "4635"}, "geometry": {"type": "Point", "coordinates": [7.0844584805, 51.2562373558, 198.57]}}, {"type": "Feature", "id": "https://registry.gdi-de.org/de.nw/radnetz/instances/Knoten_Wuppertal_99999905_geometry", "name": " (ex-nw:Knoten_Wuppertal_99999905_geometry)", "dateprops": [], "properties": {"http://rdfs.org/ns/void#inDataset.value": "4635"}, "geometry": {"type": "Point", "coordinates": [7.2332597635, 51.2800344497, 187.3]}}, {"type": "Feature", "id": "https://registry.gdi-de.org/de.nw/radnetz/instances/Knoten_Wuppertal_8182_geometry", "name": " (ex-nw:Knoten_Wuppertal_8182_geometry)", "dateprops": [], "properties": {"http://rdfs.org/ns/void#inDataset.value": "4635"}, "geometry": {"type": "Point", "coordinates": [7.2138860956, 51.2744430955, 158.19]}}], "numberMatched": 1181, "numberReturned": 1181, "bbox": [7.0064267036, 51.1641436011, 7.3190549612, 51.3252735319], "crs": "http://www.opengis.net/def/crs/EPSG/0/4326"}