{"type": "FeatureCollection", "id": "https://registry.gdi-de.org/codelist/de.bund.balm.radnetz/Fuehrung/200", "name": "200", "features": [{"type": "Feature", "id": "https://registry.gdi-de.org/de.nw/radnetz/instances/Section_Wuppertal_1225348_474", "name": "", "dateprops": [], "properties": {"http://rdfs.org/ns/void#inDataset": ["https://registry.gdi-de.org/de.nw/radnetz/instances/exnw_dataset"], "http://www.opengis.net/ont/geosparql#hasGeometry": ["https://registry.gdi-de.org/de.nw/radnetz/instances/Section_Wuppertal_1225348_474_geometry"], "http://www.w3.org/1999/02/22-rdf-syntax-ns#type": ["https://registry.gdi-de.org/up3/ontology/Streckenabschnitt_optional"], "https://registry.gdi-de.org/up3/ontology/beginntBeiKnoten": ["https://registry.gdi-de.org/de.nw/radnetz/instances/Knoten_Wuppertal_113800102"], "https://registry.gdi-de.org/up3/ontology/endetBeiKnoten": ["https://registry.gdi-de.org/de.nw/radnetz/instances/Knoten_Wuppertal_4295"], "https://registry.gdi-de.org/up3/ontology/fuehrung": ["https://registry.gdi-de.org/codelist/de.bund.balm.radnetz/Fuehrung/200"], "https://registry.gdi-de.org/up3/ontology/geometrieAbschnitt": ["https://registry.gdi-de.org/de.nw/radnetz/instances/Section_Wuppertal_1225348_474_geometry"], "https://registry.gdi-de.org/up3/ontology/licht": ["https://registry.gdi-de.org/codelist/de.bund.balm.radnetz/Licht/1"], "https://registry.gdi-de.org/up3/ontology/quell-ID": ["1225348"], "https://registry.gdi-de.org/up3/ontology/steigung": ["0.2010295"], "https://registry.gdi-de.org/up3/ontology/strecken-ID": ["Section_Wuppertal_1225348_474"]}, "geometry": {"type": "LineString", "coordinates": [[7.1293353291, 51.2516235175, 140.45], [7.1301983547, 51.2520193316, 140.6]]}}, {"type": "Feature", "id": "https://registry.gdi-de.org/de.nw/radnetz/instances/Section_Wuppertal_1224466_419", "name": "", "dateprops": [], "properties": {"http://rdfs.org/ns/void#inDataset": ["https://registry.gdi-de.org/de.nw/radnetz/instances/exnw_dataset"], "http://www.opengis.net/ont/geosparql#hasGeometry": ["https://registry.gdi-de.org/de.nw/radnetz/instances/Section_Wuppertal_1224466_419_geometry"], "http://www.w3.org/1999/02/22-rdf-syntax-ns#type": ["https://registry.gdi-de.org/up3/ontology/Streckenabschnitt_optional"], "https://registry.gdi-de.org/up3/ontology/beginntBeiKnoten": ["https://registry.gdi-de.org/de.nw/radnetz/instances/Knoten_Wuppertal_113820204"], "https://registry.gdi-de.org/up3/ontology/endetBeiKnoten": ["https://registry.gdi-de.org/de.nw/radnetz/instances/Knoten_Wuppertal_113820203"], "https://registry.gdi-de.org/up3/ontology/fuehrung": ["https://registry.gdi-de.org/codelist/de.bund.balm.radnetz/Fuehrung/200"], "https://registry.gdi-de.org/up3/ontology/geometrieAbschnitt": ["https://registry.gdi-de.org/de.nw/radnetz/instances/Section_Wuppertal_1224466_419_geometry"], "https://registry.gdi-de.org/up3/ontology/licht": ["https://registry.gdi-de.org/codelist/de.bund.balm.radnetz/Licht/1"], "https://registry.gdi-de.org/up3/ontology/quell-ID": ["1224466"], "https://registry.gdi-de.org/up3/ontology/steigung": ["0.1037084"], "https://registry.gdi-de.org/up3/ontology/strecken-ID": ["Section_Wuppertal_1224466_419"]}, "geometry": {"type": "LineString", "coordinates": [[7.1181436111, 51.24922938, 138.67], [7.118215546, 51.2492249322, 0.0], [7.118280526, 51.2492182565, 138.68]]}}, {"type": "Feature", "id": "https://registry.gdi-de.org/de.nw/radnetz/instances/Section_Wuppertal_1223529_1093", "name": "", "dateprops": [], "properties": {"http://rdfs.org/ns/void#inDataset": ["https://registry.gdi-de.org/de.nw/radnetz/instances/exnw_dataset"], "http://www.opengis.net/ont/geosparql#hasGeometry": ["https://registry.gdi-de.org/de.nw/radnetz/instances/Section_Wuppertal_1223529_1093_geometry"], "http://www.w3.org/1999/02/22-rdf-syntax-ns#type": ["https://registry.gdi-de.org/up3/ontology/Streckenabschnitt_optional"], "https://registry.gdi-de.org/up3/ontology/beginntBeiKnoten": ["https://registry.gdi-de.org/de.nw/radnetz/instances/Knoten_Wuppertal_112490102"], "https://registry.gdi-de.org/up3/ontology/endetBeiKnoten": ["https://registry.gdi-de.org/de.nw/radnetz/instances/Knoten_Wuppertal_5330"], "https://registry.gdi-de.org/up3/ontology/fuehrung": ["https://registry.gdi-de.org/codelist/de.bund.balm.radnetz/Fuehrung/200"], "https://registry.gdi-de.org/up3/ontology/geometrieAbschnitt": ["https://registry.gdi-de.org/de.nw/radnetz/instances/Section_Wuppertal_1223529_1093_geometry"], "https://registry.gdi-de.org/up3/ontology/licht": ["https://registry.gdi-de.org/codelist/de.bund.balm.radnetz/Licht/1"], "https://registry.gdi-de.org/up3/ontology/quell-ID": ["1223529"], "https://registry.gdi-de.org/up3/ontology/steigung": ["0.8095367"], "https://registry.gdi-de.org/up3/ontology/strecken-ID": ["Section_Wuppertal_1223529_1093"]}, "geometry": {"type": "LineString", "coordinates": [[7.1505748078, 51.2315055146, 0.0], [7.1501194186, 51.2308065563, 0.0]]}}, {"type": "Feature", "id": "https://registry.gdi-de.org/de.nw/radnetz/instances/Section_Wuppertal_1779_36_right", "name": "", "dateprops": [], "properties": {"http://rdfs.org/ns/void#inDataset": ["https://registry.gdi-de.org/de.nw/radnetz/instances/exnw_dataset"], "http://www.opengis.net/ont/geosparql#hasGeometry": ["https://registry.gdi-de.org/de.nw/radnetz/instances/Section_Wuppertal_1779_36_right_geometry"], "http://www.w3.org/1999/02/22-rdf-syntax-ns#type": ["https://registry.gdi-de.org/up3/ontology/Streckenabschnitt_optional"], "https://registry.gdi-de.org/up3/ontology/beginntBeiKnoten": ["https://registry.gdi-de.org/de.nw/radnetz/instances/Knoten_Wuppertal_3312"], "https://registry.gdi-de.org/up3/ontology/endetBeiKnoten": ["https://registry.gdi-de.org/de.nw/radnetz/instances/Knoten_Wuppertal_3316"], "https://registry.gdi-de.org/up3/ontology/fuehrung": ["https://registry.gdi-de.org/codelist/de.bund.balm.radnetz/Fuehrung/200"], "https://registry.gdi-de.org/up3/ontology/geometrieAbschnitt": ["https://registry.gdi-de.org/de.nw/radnetz/instances/Section_Wuppertal_1779_36_right_geometry"], "https://registry.gdi-de.org/up3/ontology/licht": ["https://registry.gdi-de.org/codelist/de.bund.balm.radnetz/Licht/1"], "https://registry.gdi-de.org/up3/ontology/quell-ID": ["1779"], "https://registry.gdi-de.org/up3/ontology/richtung": ["https://registry.gdi-de.org/codelist/de.bund.balm.radnetz/Richtung/2"], "https://registry.gdi-de.org/up3/ontology/steigung": ["1.610306"], "https://registry.gdi-de.org/up3/ontology/strecken-ID": ["Section_Wuppertal_1779_36_right"]}, "geometry": {"type": "LineString", "coordinates": [[7.1044024698, 51.2531555929, 156.48], [7.1045265199, 51.2535499518, 157.2]]}}, {"type": "Feature", "id": "https://registry.gdi-de.org/de.nw/radnetz/instances/Section_Wuppertal_1229579_730", "name": "", "dateprops": [], "properties": {"http://rdfs.org/ns/void#inDataset": ["https://registry.gdi-de.org/de.nw/radnetz/instances/exnw_dataset"], "http://www.opengis.net/ont/geosparql#hasGeometry": ["https://registry.gdi-de.org/de.nw/radnetz/instances/Section_Wuppertal_1229579_730_geometry"], "http://www.w3.org/1999/02/22-rdf-syntax-ns#type": ["https://registry.gdi-de.org/up3/ontology/Streckenabschnitt_optional"], "https://registry.gdi-de.org/up3/ontology/beginntBeiKnoten": ["https://registry.gdi-de.org/de.nw/radnetz/instances/Knoten_Wuppertal_1189691141"], "https://registry.gdi-de.org/up3/ontology/endetBeiKnoten": ["https://registry.gdi-de.org/de.nw/radnetz/instances/Knoten_Wuppertal_113820203"], "https://registry.gdi-de.org/up3/ontology/fuehrung": ["https://registry.gdi-de.org/codelist/de.bund.balm.radnetz/Fuehrung/200"], "https://registry.gdi-de.org/up3/ontology/geometrieAbschnitt": ["https://registry.gdi-de.org/de.nw/radnetz/instances/Section_Wuppertal_1229579_730_geometry"], "https://registry.gdi-de.org/up3/ontology/licht": ["https://registry.gdi-de.org/codelist/de.bund.balm.radnetz/Licht/1"], "https://registry.gdi-de.org/up3/ontology/quell-ID": ["1229579"], "https://registry.gdi-de.org/up3/ontology/steigung": ["0.1091057"], "https://registry.gdi-de.org/up3/ontology/strecken-ID": ["Section_Wuppertal_1229579_730"]}, "geometry": {"type": "LineString", "coordinates": [[7.1185396671, 51.2491916342, 138.66], [7.118280526, 51.2492182565, 138.68]]}}, {"type": "Feature", "id": "https://registry.gdi-de.org/de.nw/radnetz/instances/Section_Wuppertal_1227539_680_right", "name": "", "dateprops": [], "properties": {"http://rdfs.org/ns/void#inDataset": ["https://registry.gdi-de.org/de.nw/radnetz/instances/exnw_dataset"], "http://www.opengis.net/ont/geosparql#hasGeometry": ["https://registry.gdi-de.org/de.nw/radnetz/instances/Section_Wuppertal_1227539_680_right_geometry"], "http://www.w3.org/1999/02/22-rdf-syntax-ns#type": ["https://registry.gdi-de.org/up3/ontology/Streckenabschnitt_optional"], "https://registry.gdi-de.org/up3/ontology/beginntBeiKnoten": ["https://registry.gdi-de.org/de.nw/radnetz/instances/Knoten_Wuppertal_1189690152"], "https://registry.gdi-de.org/up3/ontology/endetBeiKnoten": ["https://registry.gdi-de.org/de.nw/radnetz/instances/Knoten_Wuppertal_110670101"], "https://registry.gdi-de.org/up3/ontology/fuehrung": ["https://registry.gdi-de.org/codelist/de.bund.balm.radnetz/Fuehrung/200"], "https://registry.gdi-de.org/up3/ontology/geometrieAbschnitt": ["https://registry.gdi-de.org/de.nw/radnetz/instances/Section_Wuppertal_1227539_680_right_geometry"], "https://registry.gdi-de.org/up3/ontology/licht": ["https://registry.gdi-de.org/codelist/de.bund.balm.radnetz/Licht/1"], "https://registry.gdi-de.org/up3/ontology/quell-ID": ["1227539"], "https://registry.gdi-de.org/up3/ontology/richtung": ["https://registry.gdi-de.org/codelist/de.bund.balm.radnetz/Richtung/2"], "https://registry.gdi-de.org/up3/ontology/steigung": ["2.596061"], "https://registry.gdi-de.org/up3/ontology/strecken-ID": ["Section_Wuppertal_1227539_680_right"]}, "geometry": {"type": "LineString", "coordinates": [[7.1060496938, 51.2555753373, 162.64], [7.1064119576, 51.2559190674, 163.83]]}}, {"type": "Feature", "id": "https://registry.gdi-de.org/de.nw/radnetz/instances/Section_Wuppertal_1228058_694", "name": "", "dateprops": [], "properties": {"http://rdfs.org/ns/void#inDataset": ["https://registry.gdi-de.org/de.nw/radnetz/instances/exnw_dataset"], "http://www.opengis.net/ont/geosparql#hasGeometry": ["https://registry.gdi-de.org/de.nw/radnetz/instances/Section_Wuppertal_1228058_694_geometry"], "http://www.w3.org/1999/02/22-rdf-syntax-ns#type": ["https://registry.gdi-de.org/up3/ontology/Streckenabschnitt_optional"], "https://registry.gdi-de.org/up3/ontology/beginntBeiKnoten": ["https://registry.gdi-de.org/de.nw/radnetz/instances/Knoten_Wuppertal_1189690404"], "https://registry.gdi-de.org/up3/ontology/endetBeiKnoten": ["https://registry.gdi-de.org/de.nw/radnetz/instances/Knoten_Wuppertal_113830102"], "https://registry.gdi-de.org/up3/ontology/fuehrung": ["https://registry.gdi-de.org/codelist/de.bund.balm.radnetz/Fuehrung/200"], "https://registry.gdi-de.org/up3/ontology/geometrieAbschnitt": ["https://registry.gdi-de.org/de.nw/radnetz/instances/Section_Wuppertal_1228058_694_geometry"], "https://registry.gdi-de.org/up3/ontology/licht": ["https://registry.gdi-de.org/codelist/de.bund.balm.radnetz/Licht/1"], "https://registry.gdi-de.org/up3/ontology/quell-ID": ["1228058"], "https://registry.gdi-de.org/up3/ontology/steigung": ["0.2054795"], "https://registry.gdi-de.org/up3/ontology/strecken-ID": ["Section_Wuppertal_1228058_694"]}, "geometry": {"type": "LineString", "coordinates": [[7.1086754299, 51.248238623, 137.14], [7.1089012862, 51.2484115823, 0.0], [7.1103767586, 51.2490177672, 0.0], [7.1111972707, 51.2491897539, 0.0], [7.1120738816, 51.2493631678, 137.7]]}}, {"type": "Feature", "id": "https://registry.gdi-de.org/de.nw/radnetz/instances/Section_Wuppertal_1226066_892_right", "name": "", "dateprops": [], "properties": {"http://rdfs.org/ns/void#inDataset": ["https://registry.gdi-de.org/de.nw/radnetz/instances/exnw_dataset"], "http://www.opengis.net/ont/geosparql#hasGeometry": ["https://registry.gdi-de.org/de.nw/radnetz/instances/Section_Wuppertal_1226066_892_right_geometry"], "http://www.w3.org/1999/02/22-rdf-syntax-ns#type": ["https://registry.gdi-de.org/up3/ontology/Streckenabschnitt_optional"], "https://registry.gdi-de.org/up3/ontology/beginntBeiKnoten": ["https://registry.gdi-de.org/de.nw/radnetz/instances/Knoten_Wuppertal_112660102"], "https://registry.gdi-de.org/up3/ontology/endetBeiKnoten": ["https://registry.gdi-de.org/de.nw/radnetz/instances/Knoten_Wuppertal_112660101"], "https://registry.gdi-de.org/up3/ontology/fuehrung": ["https://registry.gdi-de.org/codelist/de.bund.balm.radnetz/Fuehrung/200"], "https://registry.gdi-de.org/up3/ontology/geometrieAbschnitt": ["https://registry.gdi-de.org/de.nw/radnetz/instances/Section_Wuppertal_1226066_892_right_geometry"], "https://registry.gdi-de.org/up3/ontology/licht": ["https://registry.gdi-de.org/codelist/de.bund.balm.radnetz/Licht/1"], "https://registry.gdi-de.org/up3/ontology/quell-ID": ["1226066"], "https://registry.gdi-de.org/up3/ontology/richtung": ["https://registry.gdi-de.org/codelist/de.bund.balm.radnetz/Richtung/2"], "https://registry.gdi-de.org/up3/ontology/steigung": ["5.541268"], "https://registry.gdi-de.org/up3/ontology/strecken-ID": ["Section_Wuppertal_1226066_892_right"]}, "geometry": {"type": "LineString", "coordinates": [[7.1232247589, 51.2777873723, 249.17], [7.1235045212, 51.2780208144, 250.97]]}}, {"type": "Feature", "id": "https://registry.gdi-de.org/de.nw/radnetz/instances/Section_Wuppertal_1226992_1096", "name": "", "dateprops": [], "properties": {"http://rdfs.org/ns/void#inDataset": ["https://registry.gdi-de.org/de.nw/radnetz/instances/exnw_dataset"], "http://www.opengis.net/ont/geosparql#hasGeometry": ["https://registry.gdi-de.org/de.nw/radnetz/instances/Section_Wuppertal_1226992_1096_geometry"], "http://www.w3.org/1999/02/22-rdf-syntax-ns#type": ["https://registry.gdi-de.org/up3/ontology/Streckenabschnitt_optional"], "https://registry.gdi-de.org/up3/ontology/beginntBeiKnoten": ["https://registry.gdi-de.org/de.nw/radnetz/instances/Knoten_Wuppertal_112490101"], "https://registry.gdi-de.org/up3/ontology/endetBeiKnoten": ["https://registry.gdi-de.org/de.nw/radnetz/instances/Knoten_Wuppertal_112490102"], "https://registry.gdi-de.org/up3/ontology/fuehrung": ["https://registry.gdi-de.org/codelist/de.bund.balm.radnetz/Fuehrung/200"], "https://registry.gdi-de.org/up3/ontology/geometrieAbschnitt": ["https://registry.gdi-de.org/de.nw/radnetz/instances/Section_Wuppertal_1226992_1096_geometry"], "https://registry.gdi-de.org/up3/ontology/licht": ["https://registry.gdi-de.org/codelist/de.bund.balm.radnetz/Licht/1"], "https://registry.gdi-de.org/up3/ontology/quell-ID": ["1226992"], "https://registry.gdi-de.org/up3/ontology/steigung": ["0.3280402"], "https://registry.gdi-de.org/up3/ontology/strecken-ID": ["Section_Wuppertal_1226992_1096"]}, "geometry": {"type": "LineString", "coordinates": [[7.1507070237, 51.2317084421, 0.0], [7.1505748078, 51.2315055146, 0.0]]}}, {"type": "Feature", "id": "https://registry.gdi-de.org/de.nw/radnetz/instances/Section_Wuppertal_1225455_479", "name": "", "dateprops": [], "properties": {"http://rdfs.org/ns/void#inDataset": ["https://registry.gdi-de.org/de.nw/radnetz/instances/exnw_dataset"], "http://www.opengis.net/ont/geosparql#hasGeometry": ["https://registry.gdi-de.org/de.nw/radnetz/instances/Section_Wuppertal_1225455_479_geometry"], "http://www.w3.org/1999/02/22-rdf-syntax-ns#type": ["https://registry.gdi-de.org/up3/ontology/Streckenabschnitt_optional"], "https://registry.gdi-de.org/up3/ontology/beginntBeiKnoten": ["https://registry.gdi-de.org/de.nw/radnetz/instances/Knoten_Wuppertal_7746"], "https://registry.gdi-de.org/up3/ontology/endetBeiKnoten": ["https://registry.gdi-de.org/de.nw/radnetz/instances/Knoten_Wuppertal_111040103"], "https://registry.gdi-de.org/up3/ontology/fuehrung": ["https://registry.gdi-de.org/codelist/de.bund.balm.radnetz/Fuehrung/200"], "https://registry.gdi-de.org/up3/ontology/geometrieAbschnitt": ["https://registry.gdi-de.org/de.nw/radnetz/instances/Section_Wuppertal_1225455_479_geometry"], "https://registry.gdi-de.org/up3/ontology/licht": ["https://registry.gdi-de.org/codelist/de.bund.balm.radnetz/Licht/1"], "https://registry.gdi-de.org/up3/ontology/quell-ID": ["1225455"], "https://registry.gdi-de.org/up3/ontology/steigung": ["4.475351"], "https://registry.gdi-de.org/up3/ontology/strecken-ID": ["Section_Wuppertal_1225455_479"]}, "geometry": {"type": "LineString", "coordinates": [[7.2039339841, 51.27860229, 175.13], [7.2042397154, 51.2788223485, 0.0], [7.2053095081, 51.2793329521, 0.0], [7.2055203187, 51.279463547, 0.0], [7.2056423031, 51.2795899425, 0.0], [7.2060106223, 51.2801442532, 185.43]]}}, {"type": "Feature", "id": "https://registry.gdi-de.org/de.nw/radnetz/instances/Section_Wuppertal_1226426_573", "name": "", "dateprops": [], "properties": {"http://rdfs.org/ns/void#inDataset": ["https://registry.gdi-de.org/de.nw/radnetz/instances/exnw_dataset"], "http://www.opengis.net/ont/geosparql#hasGeometry": ["https://registry.gdi-de.org/de.nw/radnetz/instances/Section_Wuppertal_1226426_573_geometry"], "http://www.w3.org/1999/02/22-rdf-syntax-ns#type": ["https://registry.gdi-de.org/up3/ontology/Streckenabschnitt_optional"], "https://registry.gdi-de.org/up3/ontology/beginntBeiKnoten": ["https://registry.gdi-de.org/de.nw/radnetz/instances/Knoten_Wuppertal_111030101"], "https://registry.gdi-de.org/up3/ontology/endetBeiKnoten": ["https://registry.gdi-de.org/de.nw/radnetz/instances/Knoten_Wuppertal_7746"], "https://registry.gdi-de.org/up3/ontology/fuehrung": ["https://registry.gdi-de.org/codelist/de.bund.balm.radnetz/Fuehrung/200"], "https://registry.gdi-de.org/up3/ontology/geometrieAbschnitt": ["https://registry.gdi-de.org/de.nw/radnetz/instances/Section_Wuppertal_1226426_573_geometry"], "https://registry.gdi-de.org/up3/ontology/licht": ["https://registry.gdi-de.org/codelist/de.bund.balm.radnetz/Licht/1"], "https://registry.gdi-de.org/up3/ontology/quell-ID": ["1226426"], "https://registry.gdi-de.org/up3/ontology/steigung": ["4.086573"], "https://registry.gdi-de.org/up3/ontology/strecken-ID": ["Section_Wuppertal_1226426_573"]}, "geometry": {"type": "LineString", "coordinates": [[7.203507083, 51.2781587748, 172.76], [7.2035652063, 51.2782605309, 0.0], [7.2037813445, 51.278480613, 0.0], [7.2039339841, 51.27860229, 175.13]]}}, {"type": "Feature", "id": "https://registry.gdi-de.org/de.nw/radnetz/instances/Section_Wuppertal_5108_1092", "name": "", "dateprops": [], "properties": {"http://rdfs.org/ns/void#inDataset": ["https://registry.gdi-de.org/de.nw/radnetz/instances/exnw_dataset"], "http://www.opengis.net/ont/geosparql#hasGeometry": ["https://registry.gdi-de.org/de.nw/radnetz/instances/Section_Wuppertal_5108_1092_geometry"], "http://www.w3.org/1999/02/22-rdf-syntax-ns#type": ["https://registry.gdi-de.org/up3/ontology/Streckenabschnitt_optional"], "https://registry.gdi-de.org/up3/ontology/beginntBeiKnoten": ["https://registry.gdi-de.org/de.nw/radnetz/instances/Knoten_Wuppertal_5330"], "https://registry.gdi-de.org/up3/ontology/endetBeiKnoten": ["https://registry.gdi-de.org/de.nw/radnetz/instances/Knoten_Wuppertal_5321"], "https://registry.gdi-de.org/up3/ontology/fuehrung": ["https://registry.gdi-de.org/codelist/de.bund.balm.radnetz/Fuehrung/200"], "https://registry.gdi-de.org/up3/ontology/geometrieAbschnitt": ["https://registry.gdi-de.org/de.nw/radnetz/instances/Section_Wuppertal_5108_1092_geometry"], "https://registry.gdi-de.org/up3/ontology/licht": ["https://registry.gdi-de.org/codelist/de.bund.balm.radnetz/Licht/1"], "https://registry.gdi-de.org/up3/ontology/quell-ID": ["5108"], "https://registry.gdi-de.org/up3/ontology/steigung": ["1.849311"], "https://registry.gdi-de.org/up3/ontology/strecken-ID": ["Section_Wuppertal_5108_1092"]}, "geometry": {"type": "LineString", "coordinates": [[7.1501194186, 51.2308065563, 0.0], [7.1504463189, 51.2292863957, 0.0], [7.1504122968, 51.2290709944, 0.0], [7.1502778582, 51.2288475926, 0.0], [7.1500441385, 51.2286610954, 0.0]]}}, {"type": "Feature", "id": "https://registry.gdi-de.org/de.nw/radnetz/instances/Section_Wuppertal_2664_58", "name": "", "dateprops": [], "properties": {"http://rdfs.org/ns/void#inDataset": ["https://registry.gdi-de.org/de.nw/radnetz/instances/exnw_dataset"], "http://www.opengis.net/ont/geosparql#hasGeometry": ["https://registry.gdi-de.org/de.nw/radnetz/instances/Section_Wuppertal_2664_58_geometry"], "http://www.w3.org/1999/02/22-rdf-syntax-ns#type": ["https://registry.gdi-de.org/up3/ontology/Streckenabschnitt_optional"], "https://registry.gdi-de.org/up3/ontology/beginntBeiKnoten": ["https://registry.gdi-de.org/de.nw/radnetz/instances/Knoten_Wuppertal_3354"], "https://registry.gdi-de.org/up3/ontology/endetBeiKnoten": ["https://registry.gdi-de.org/de.nw/radnetz/instances/Knoten_Wuppertal_3365"], "https://registry.gdi-de.org/up3/ontology/fuehrung": ["https://registry.gdi-de.org/codelist/de.bund.balm.radnetz/Fuehrung/200"], "https://registry.gdi-de.org/up3/ontology/geometrieAbschnitt": ["https://registry.gdi-de.org/de.nw/radnetz/instances/Section_Wuppertal_2664_58_geometry"], "https://registry.gdi-de.org/up3/ontology/licht": ["https://registry.gdi-de.org/codelist/de.bund.balm.radnetz/Licht/1"], "https://registry.gdi-de.org/up3/ontology/quell-ID": ["2664"], "https://registry.gdi-de.org/up3/ontology/steigung": ["0.4081121"], "https://registry.gdi-de.org/up3/ontology/strecken-ID": ["Section_Wuppertal_2664_58"]}, "geometry": {"type": "LineString", "coordinates": [[7.106209754, 51.2462747276, 136.89], [7.1065395919, 51.2465599868, 137.05]]}}, {"type": "Feature", "id": "https://registry.gdi-de.org/de.nw/radnetz/instances/Section_Wuppertal_1226808_636_right", "name": "", "dateprops": [], "properties": {"http://rdfs.org/ns/void#inDataset": ["https://registry.gdi-de.org/de.nw/radnetz/instances/exnw_dataset"], "http://www.opengis.net/ont/geosparql#hasGeometry": ["https://registry.gdi-de.org/de.nw/radnetz/instances/Section_Wuppertal_1226808_636_right_geometry"], "http://www.w3.org/1999/02/22-rdf-syntax-ns#type": ["https://registry.gdi-de.org/up3/ontology/Streckenabschnitt_optional"], "https://registry.gdi-de.org/up3/ontology/beginntBeiKnoten": ["https://registry.gdi-de.org/de.nw/radnetz/instances/Knoten_Wuppertal_113780101"], "https://registry.gdi-de.org/up3/ontology/endetBeiKnoten": ["https://registry.gdi-de.org/de.nw/radnetz/instances/Knoten_Wuppertal_113780102"], "https://registry.gdi-de.org/up3/ontology/fuehrung": ["https://registry.gdi-de.org/codelist/de.bund.balm.radnetz/Fuehrung/200"], "https://registry.gdi-de.org/up3/ontology/geometrieAbschnitt": ["https://registry.gdi-de.org/de.nw/radnetz/instances/Section_Wuppertal_1226808_636_right_geometry"], "https://registry.gdi-de.org/up3/ontology/licht": ["https://registry.gdi-de.org/codelist/de.bund.balm.radnetz/Licht/1"], "https://registry.gdi-de.org/up3/ontology/quell-ID": ["1226808"], "https://registry.gdi-de.org/up3/ontology/richtung": ["https://registry.gdi-de.org/codelist/de.bund.balm.radnetz/Richtung/2"], "https://registry.gdi-de.org/up3/ontology/steigung": ["5.802412"], "https://registry.gdi-de.org/up3/ontology/strecken-ID": ["Section_Wuppertal_1226808_636_right"]}, "geometry": {"type": "LineString", "coordinates": [[7.1125087145, 51.2599916705, 188.03], [7.1127799008, 51.2601544942, 189.55]]}}, {"type": "Feature", "id": "https://registry.gdi-de.org/de.nw/radnetz/instances/Section_Wuppertal_86_4_right", "name": "", "dateprops": [], "properties": {"http://rdfs.org/ns/void#inDataset": ["https://registry.gdi-de.org/de.nw/radnetz/instances/exnw_dataset"], "http://www.opengis.net/ont/geosparql#hasGeometry": ["https://registry.gdi-de.org/de.nw/radnetz/instances/Section_Wuppertal_86_4_right_geometry"], "http://www.w3.org/1999/02/22-rdf-syntax-ns#type": ["https://registry.gdi-de.org/up3/ontology/Streckenabschnitt_optional"], "https://registry.gdi-de.org/up3/ontology/beginntBeiKnoten": ["https://registry.gdi-de.org/de.nw/radnetz/instances/Knoten_Wuppertal_6148"], "https://registry.gdi-de.org/up3/ontology/endetBeiKnoten": ["https://registry.gdi-de.org/de.nw/radnetz/instances/Knoten_Wuppertal_6121"], "https://registry.gdi-de.org/up3/ontology/fuehrung": ["https://registry.gdi-de.org/codelist/de.bund.balm.radnetz/Fuehrung/200"], "https://registry.gdi-de.org/up3/ontology/geometrieAbschnitt": ["https://registry.gdi-de.org/de.nw/radnetz/instances/Section_Wuppertal_86_4_right_geometry"], "https://registry.gdi-de.org/up3/ontology/licht": ["https://registry.gdi-de.org/codelist/de.bund.balm.radnetz/Licht/1"], "https://registry.gdi-de.org/up3/ontology/quell-ID": ["86"], "https://registry.gdi-de.org/up3/ontology/richtung": ["https://registry.gdi-de.org/codelist/de.bund.balm.radnetz/Richtung/2"], "https://registry.gdi-de.org/up3/ontology/steigung": ["0.6489224"], "https://registry.gdi-de.org/up3/ontology/strecken-ID": ["Section_Wuppertal_86_4_right"]}, "geometry": {"type": "LineString", "coordinates": [[7.1637921855, 51.2995746096, 303.17], [7.16303781, 51.2999136197, 303.59]]}}, {"type": "Feature", "id": "https://registry.gdi-de.org/de.nw/radnetz/instances/Section_Wuppertal_1229712_752", "name": "", "dateprops": [], "properties": {"http://rdfs.org/ns/void#inDataset": ["https://registry.gdi-de.org/de.nw/radnetz/instances/exnw_dataset"], "http://www.opengis.net/ont/geosparql#hasGeometry": ["https://registry.gdi-de.org/de.nw/radnetz/instances/Section_Wuppertal_1229712_752_geometry"], "http://www.w3.org/1999/02/22-rdf-syntax-ns#type": ["https://registry.gdi-de.org/up3/ontology/Streckenabschnitt_optional"], "https://registry.gdi-de.org/up3/ontology/beginntBeiKnoten": ["https://registry.gdi-de.org/de.nw/radnetz/instances/Knoten_Wuppertal_4211"], "https://registry.gdi-de.org/up3/ontology/endetBeiKnoten": ["https://registry.gdi-de.org/de.nw/radnetz/instances/Knoten_Wuppertal_1189691205"], "https://registry.gdi-de.org/up3/ontology/fuehrung": ["https://registry.gdi-de.org/codelist/de.bund.balm.radnetz/Fuehrung/200"], "https://registry.gdi-de.org/up3/ontology/geometrieAbschnitt": ["https://registry.gdi-de.org/de.nw/radnetz/instances/Section_Wuppertal_1229712_752_geometry"], "https://registry.gdi-de.org/up3/ontology/licht": ["https://registry.gdi-de.org/codelist/de.bund.balm.radnetz/Licht/1"], "https://registry.gdi-de.org/up3/ontology/quell-ID": ["1229712"], "https://registry.gdi-de.org/up3/ontology/steigung": ["0.4675389"], "https://registry.gdi-de.org/up3/ontology/strecken-ID": ["Section_Wuppertal_1229712_752"]}, "geometry": {"type": "LineString", "coordinates": [[7.128912137, 51.251429422, 140.37], [7.1290356725, 51.2514862859, 140.42]]}}, {"type": "Feature", "id": "https://registry.gdi-de.org/de.nw/radnetz/instances/Section_Wuppertal_1229640_738", "name": "", "dateprops": [], "properties": {"http://rdfs.org/ns/void#inDataset": ["https://registry.gdi-de.org/de.nw/radnetz/instances/exnw_dataset"], "http://www.opengis.net/ont/geosparql#hasGeometry": ["https://registry.gdi-de.org/de.nw/radnetz/instances/Section_Wuppertal_1229640_738_geometry"], "http://www.w3.org/1999/02/22-rdf-syntax-ns#type": ["https://registry.gdi-de.org/up3/ontology/Streckenabschnitt_optional"], "https://registry.gdi-de.org/up3/ontology/beginntBeiKnoten": ["https://registry.gdi-de.org/de.nw/radnetz/instances/Knoten_Wuppertal_1189691172"], "https://registry.gdi-de.org/up3/ontology/endetBeiKnoten": ["https://registry.gdi-de.org/de.nw/radnetz/instances/Knoten_Wuppertal_113830101"], "https://registry.gdi-de.org/up3/ontology/fuehrung": ["https://registry.gdi-de.org/codelist/de.bund.balm.radnetz/Fuehrung/200"], "https://registry.gdi-de.org/up3/ontology/geometrieAbschnitt": ["https://registry.gdi-de.org/de.nw/radnetz/instances/Section_Wuppertal_1229640_738_geometry"], "https://registry.gdi-de.org/up3/ontology/licht": ["https://registry.gdi-de.org/codelist/de.bund.balm.radnetz/Licht/1"], "https://registry.gdi-de.org/up3/ontology/quell-ID": ["1229640"], "https://registry.gdi-de.org/up3/ontology/steigung": ["0.3705418"], "https://registry.gdi-de.org/up3/ontology/strecken-ID": ["Section_Wuppertal_1229640_738"]}, "geometry": {"type": "LineString", "coordinates": [[7.1124889805, 51.2494351723, 137.74], [7.1125927504, 51.2494461836, 0.0], [7.1130976909, 51.2495041388, 137.9]]}}, {"type": "Feature", "id": "https://registry.gdi-de.org/de.nw/radnetz/instances/Section_Wuppertal_12134_258", "name": "", "dateprops": [], "properties": {"http://rdfs.org/ns/void#inDataset": ["https://registry.gdi-de.org/de.nw/radnetz/instances/exnw_dataset"], "http://www.opengis.net/ont/geosparql#hasGeometry": ["https://registry.gdi-de.org/de.nw/radnetz/instances/Section_Wuppertal_12134_258_geometry"], "http://www.w3.org/1999/02/22-rdf-syntax-ns#type": ["https://registry.gdi-de.org/up3/ontology/Streckenabschnitt_optional"], "https://registry.gdi-de.org/up3/ontology/beginntBeiKnoten": ["https://registry.gdi-de.org/de.nw/radnetz/instances/Knoten_Wuppertal_4310"], "https://registry.gdi-de.org/up3/ontology/endetBeiKnoten": ["https://registry.gdi-de.org/de.nw/radnetz/instances/Knoten_Wuppertal_4344"], "https://registry.gdi-de.org/up3/ontology/fuehrung": ["https://registry.gdi-de.org/codelist/de.bund.balm.radnetz/Fuehrung/200"], "https://registry.gdi-de.org/up3/ontology/geometrieAbschnitt": ["https://registry.gdi-de.org/de.nw/radnetz/instances/Section_Wuppertal_12134_258_geometry"], "https://registry.gdi-de.org/up3/ontology/licht": ["https://registry.gdi-de.org/codelist/de.bund.balm.radnetz/Licht/1"], "https://registry.gdi-de.org/up3/ontology/quell-ID": ["12134"], "https://registry.gdi-de.org/up3/ontology/steigung": ["0.01976579"], "https://registry.gdi-de.org/up3/ontology/strecken-ID": ["Section_Wuppertal_12134_258"]}, "geometry": {"type": "LineString", "coordinates": [[7.1304476739, 51.2521336886, 140.64], [7.1310273353, 51.2524067336, 140.65]]}}, {"type": "Feature", "id": "https://registry.gdi-de.org/de.nw/radnetz/instances/Section_Wuppertal_6790_143_right", "name": "", "dateprops": [], "properties": {"http://rdfs.org/ns/void#inDataset": ["https://registry.gdi-de.org/de.nw/radnetz/instances/exnw_dataset"], "http://www.opengis.net/ont/geosparql#hasGeometry": ["https://registry.gdi-de.org/de.nw/radnetz/instances/Section_Wuppertal_6790_143_right_geometry"], "http://www.w3.org/1999/02/22-rdf-syntax-ns#type": ["https://registry.gdi-de.org/up3/ontology/Streckenabschnitt_optional"], "https://registry.gdi-de.org/up3/ontology/beginntBeiKnoten": ["https://registry.gdi-de.org/de.nw/radnetz/instances/Knoten_Wuppertal_5152"], "https://registry.gdi-de.org/up3/ontology/endetBeiKnoten": ["https://registry.gdi-de.org/de.nw/radnetz/instances/Knoten_Wuppertal_5159"], "https://registry.gdi-de.org/up3/ontology/fuehrung": ["https://registry.gdi-de.org/codelist/de.bund.balm.radnetz/Fuehrung/200"], "https://registry.gdi-de.org/up3/ontology/geometrieAbschnitt": ["https://registry.gdi-de.org/de.nw/radnetz/instances/Section_Wuppertal_6790_143_right_geometry"], "https://registry.gdi-de.org/up3/ontology/licht": ["https://registry.gdi-de.org/codelist/de.bund.balm.radnetz/Licht/1"], "https://registry.gdi-de.org/up3/ontology/quell-ID": ["6790"], "https://registry.gdi-de.org/up3/ontology/richtung": ["https://registry.gdi-de.org/codelist/de.bund.balm.radnetz/Richtung/2"], "https://registry.gdi-de.org/up3/ontology/steigung": ["0.3853157"], "https://registry.gdi-de.org/up3/ontology/strecken-ID": ["Section_Wuppertal_6790_143_right"]}, "geometry": {"type": "LineString", "coordinates": [[7.1462407896, 51.2565577428, 142.78], [7.146373373, 51.2563149467, 142.89]]}}, {"type": "Feature", "id": "https://registry.gdi-de.org/de.nw/radnetz/instances/Section_Wuppertal_1224813_433", "name": "", "dateprops": [], "properties": {"http://rdfs.org/ns/void#inDataset": ["https://registry.gdi-de.org/de.nw/radnetz/instances/exnw_dataset"], "http://www.opengis.net/ont/geosparql#hasGeometry": ["https://registry.gdi-de.org/de.nw/radnetz/instances/Section_Wuppertal_1224813_433_geometry"], "http://www.w3.org/1999/02/22-rdf-syntax-ns#type": ["https://registry.gdi-de.org/up3/ontology/Streckenabschnitt_optional"], "https://registry.gdi-de.org/up3/ontology/beginntBeiKnoten": ["https://registry.gdi-de.org/de.nw/radnetz/instances/Knoten_Wuppertal_7801"], "https://registry.gdi-de.org/up3/ontology/endetBeiKnoten": ["https://registry.gdi-de.org/de.nw/radnetz/instances/Knoten_Wuppertal_111810201"], "https://registry.gdi-de.org/up3/ontology/fuehrung": ["https://registry.gdi-de.org/codelist/de.bund.balm.radnetz/Fuehrung/200"], "https://registry.gdi-de.org/up3/ontology/geometrieAbschnitt": ["https://registry.gdi-de.org/de.nw/radnetz/instances/Section_Wuppertal_1224813_433_geometry"], "https://registry.gdi-de.org/up3/ontology/licht": ["https://registry.gdi-de.org/codelist/de.bund.balm.radnetz/Licht/1"], "https://registry.gdi-de.org/up3/ontology/quell-ID": ["1224813"], "https://registry.gdi-de.org/up3/ontology/steigung": ["1.04395"], "https://registry.gdi-de.org/up3/ontology/strecken-ID": ["Section_Wuppertal_1224813_433"]}, "geometry": {"type": "LineString", "coordinates": [[7.2054450535, 51.2736222865, 155.36], [7.2061604758, 51.2733288039, 0.0], [7.2065532339, 51.2731443474, 156.34]]}}, {"type": "Feature", "id": "https://registry.gdi-de.org/de.nw/radnetz/instances/Section_Wuppertal_1226307_555", "name": "", "dateprops": [], "properties": {"http://rdfs.org/ns/void#inDataset": ["https://registry.gdi-de.org/de.nw/radnetz/instances/exnw_dataset"], "http://www.opengis.net/ont/geosparql#hasGeometry": ["https://registry.gdi-de.org/de.nw/radnetz/instances/Section_Wuppertal_1226307_555_geometry"], "http://www.w3.org/1999/02/22-rdf-syntax-ns#type": ["https://registry.gdi-de.org/up3/ontology/Streckenabschnitt_optional"], "https://registry.gdi-de.org/up3/ontology/beginntBeiKnoten": ["https://registry.gdi-de.org/de.nw/radnetz/instances/Knoten_Wuppertal_113830101"], "https://registry.gdi-de.org/up3/ontology/endetBeiKnoten": ["https://registry.gdi-de.org/de.nw/radnetz/instances/Knoten_Wuppertal_3647"], "https://registry.gdi-de.org/up3/ontology/fuehrung": ["https://registry.gdi-de.org/codelist/de.bund.balm.radnetz/Fuehrung/200"], "https://registry.gdi-de.org/up3/ontology/geometrieAbschnitt": ["https://registry.gdi-de.org/de.nw/radnetz/instances/Section_Wuppertal_1226307_555_geometry"], "https://registry.gdi-de.org/up3/ontology/licht": ["https://registry.gdi-de.org/codelist/de.bund.balm.radnetz/Licht/1"], "https://registry.gdi-de.org/up3/ontology/quell-ID": ["1226307"], "https://registry.gdi-de.org/up3/ontology/steigung": ["0.1139041"], "https://registry.gdi-de.org/up3/ontology/strecken-ID": ["Section_Wuppertal_1226307_555"]}, "geometry": {"type": "LineString", "coordinates": [[7.1130976909, 51.2495041388, 137.9], [7.1143286758, 51.2495645287, 0.0], [7.1151160614, 51.2495480274, 0.0], [7.1157309573, 51.2495061995, 138.11]]}}, {"type": "Feature", "id": "https://registry.gdi-de.org/de.nw/radnetz/instances/Section_Wuppertal_1227540_681_right", "name": "", "dateprops": [], "properties": {"http://rdfs.org/ns/void#inDataset": ["https://registry.gdi-de.org/de.nw/radnetz/instances/exnw_dataset"], "http://www.opengis.net/ont/geosparql#hasGeometry": ["https://registry.gdi-de.org/de.nw/radnetz/instances/Section_Wuppertal_1227540_681_right_geometry"], "http://www.w3.org/1999/02/22-rdf-syntax-ns#type": ["https://registry.gdi-de.org/up3/ontology/Streckenabschnitt_optional"], "https://registry.gdi-de.org/up3/ontology/beginntBeiKnoten": ["https://registry.gdi-de.org/de.nw/radnetz/instances/Knoten_Wuppertal_3357"], "https://registry.gdi-de.org/up3/ontology/endetBeiKnoten": ["https://registry.gdi-de.org/de.nw/radnetz/instances/Knoten_Wuppertal_1189690152"], "https://registry.gdi-de.org/up3/ontology/fuehrung": ["https://registry.gdi-de.org/codelist/de.bund.balm.radnetz/Fuehrung/200"], "https://registry.gdi-de.org/up3/ontology/geometrieAbschnitt": ["https://registry.gdi-de.org/de.nw/radnetz/instances/Section_Wuppertal_1227540_681_right_geometry"], "https://registry.gdi-de.org/up3/ontology/licht": ["https://registry.gdi-de.org/codelist/de.bund.balm.radnetz/Licht/1"], "https://registry.gdi-de.org/up3/ontology/quell-ID": ["1227540"], "https://registry.gdi-de.org/up3/ontology/richtung": ["https://registry.gdi-de.org/codelist/de.bund.balm.radnetz/Richtung/2"], "https://registry.gdi-de.org/up3/ontology/steigung": ["2.149702"], "https://registry.gdi-de.org/up3/ontology/strecken-ID": ["Section_Wuppertal_1227540_681_right"]}, "geometry": {"type": "LineString", "coordinates": [[7.1059724914, 51.255502084, 162.43], [7.1060496938, 51.2555753373, 162.64]]}}, {"type": "Feature", "id": "https://registry.gdi-de.org/de.nw/radnetz/instances/Section_Wuppertal_1222860_293", "name": "", "dateprops": [], "properties": {"http://rdfs.org/ns/void#inDataset": ["https://registry.gdi-de.org/de.nw/radnetz/instances/exnw_dataset"], "http://www.opengis.net/ont/geosparql#hasGeometry": ["https://registry.gdi-de.org/de.nw/radnetz/instances/Section_Wuppertal_1222860_293_geometry"], "http://www.w3.org/1999/02/22-rdf-syntax-ns#type": ["https://registry.gdi-de.org/up3/ontology/Streckenabschnitt_optional"], "https://registry.gdi-de.org/up3/ontology/beginntBeiKnoten": ["https://registry.gdi-de.org/de.nw/radnetz/instances/Knoten_Wuppertal_3261"], "https://registry.gdi-de.org/up3/ontology/endetBeiKnoten": ["https://registry.gdi-de.org/de.nw/radnetz/instances/Knoten_Wuppertal_60198"], "https://registry.gdi-de.org/up3/ontology/fuehrung": ["https://registry.gdi-de.org/codelist/de.bund.balm.radnetz/Fuehrung/200"], "https://registry.gdi-de.org/up3/ontology/geometrieAbschnitt": ["https://registry.gdi-de.org/de.nw/radnetz/instances/Section_Wuppertal_1222860_293_geometry"], "https://registry.gdi-de.org/up3/ontology/licht": ["https://registry.gdi-de.org/codelist/de.bund.balm.radnetz/Licht/1"], "https://registry.gdi-de.org/up3/ontology/quell-ID": ["1222860"], "https://registry.gdi-de.org/up3/ontology/steigung": ["0.7699976"], "https://registry.gdi-de.org/up3/ontology/strecken-ID": ["Section_Wuppertal_1222860_293"]}, "geometry": {"type": "LineString", "coordinates": [[7.102943685, 51.2388676533, 139.18], [7.102750978, 51.2381657893, 139.79]]}}, {"type": "Feature", "id": "https://registry.gdi-de.org/de.nw/radnetz/instances/Section_Wuppertal_7279_149", "name": "", "dateprops": [], "properties": {"http://rdfs.org/ns/void#inDataset": ["https://registry.gdi-de.org/de.nw/radnetz/instances/exnw_dataset"], "http://www.opengis.net/ont/geosparql#hasGeometry": ["https://registry.gdi-de.org/de.nw/radnetz/instances/Section_Wuppertal_7279_149_geometry"], "http://www.w3.org/1999/02/22-rdf-syntax-ns#type": ["https://registry.gdi-de.org/up3/ontology/Streckenabschnitt_optional"], "https://registry.gdi-de.org/up3/ontology/beginntBeiKnoten": ["https://registry.gdi-de.org/de.nw/radnetz/instances/Knoten_Wuppertal_3337"], "https://registry.gdi-de.org/up3/ontology/endetBeiKnoten": ["https://registry.gdi-de.org/de.nw/radnetz/instances/Knoten_Wuppertal_3285"], "https://registry.gdi-de.org/up3/ontology/fuehrung": ["https://registry.gdi-de.org/codelist/de.bund.balm.radnetz/Fuehrung/200"], "https://registry.gdi-de.org/up3/ontology/geometrieAbschnitt": ["https://registry.gdi-de.org/de.nw/radnetz/instances/Section_Wuppertal_7279_149_geometry"], "https://registry.gdi-de.org/up3/ontology/licht": ["https://registry.gdi-de.org/codelist/de.bund.balm.radnetz/Licht/1"], "https://registry.gdi-de.org/up3/ontology/quell-ID": ["7279"], "https://registry.gdi-de.org/up3/ontology/steigung": ["0.2657639"], "https://registry.gdi-de.org/up3/ontology/strecken-ID": ["Section_Wuppertal_7279_149"]}, "geometry": {"type": "LineString", "coordinates": [[7.1057524325, 51.2459213103, 136.79], [7.1057050684, 51.2458770742, 0.0], [7.1040362867, 51.2444305281, 0.0], [7.1037487457, 51.2440062585, 137.47]]}}, {"type": "Feature", "id": "https://registry.gdi-de.org/de.nw/radnetz/instances/Section_Wuppertal_1229641_739", "name": "", "dateprops": [], "properties": {"http://rdfs.org/ns/void#inDataset": ["https://registry.gdi-de.org/de.nw/radnetz/instances/exnw_dataset"], "http://www.opengis.net/ont/geosparql#hasGeometry": ["https://registry.gdi-de.org/de.nw/radnetz/instances/Section_Wuppertal_1229641_739_geometry"], "http://www.w3.org/1999/02/22-rdf-syntax-ns#type": ["https://registry.gdi-de.org/up3/ontology/Streckenabschnitt_optional"], "https://registry.gdi-de.org/up3/ontology/beginntBeiKnoten": ["https://registry.gdi-de.org/de.nw/radnetz/instances/Knoten_Wuppertal_113830102"], "https://registry.gdi-de.org/up3/ontology/endetBeiKnoten": ["https://registry.gdi-de.org/de.nw/radnetz/instances/Knoten_Wuppertal_1189691172"], "https://registry.gdi-de.org/up3/ontology/fuehrung": ["https://registry.gdi-de.org/codelist/de.bund.balm.radnetz/Fuehrung/200"], "https://registry.gdi-de.org/up3/ontology/geometrieAbschnitt": ["https://registry.gdi-de.org/de.nw/radnetz/instances/Section_Wuppertal_1229641_739_geometry"], "https://registry.gdi-de.org/up3/ontology/licht": ["https://registry.gdi-de.org/codelist/de.bund.balm.radnetz/Licht/1"], "https://registry.gdi-de.org/up3/ontology/quell-ID": ["1229641"], "https://registry.gdi-de.org/up3/ontology/steigung": ["0.1328089"], "https://registry.gdi-de.org/up3/ontology/strecken-ID": ["Section_Wuppertal_1229641_739"]}, "geometry": {"type": "LineString", "coordinates": [[7.1120738816, 51.2493631678, 137.7], [7.1123787317, 51.2494234727, 0.0], [7.1124889805, 51.2494351723, 137.74]]}}, {"type": "Feature", "id": "https://registry.gdi-de.org/de.nw/radnetz/instances/Section_Wuppertal_1224915_438", "name": "", "dateprops": [], "properties": {"http://rdfs.org/ns/void#inDataset": ["https://registry.gdi-de.org/de.nw/radnetz/instances/exnw_dataset"], "http://www.opengis.net/ont/geosparql#hasGeometry": ["https://registry.gdi-de.org/de.nw/radnetz/instances/Section_Wuppertal_1224915_438_geometry"], "http://www.w3.org/1999/02/22-rdf-syntax-ns#type": ["https://registry.gdi-de.org/up3/ontology/Streckenabschnitt_optional"], "https://registry.gdi-de.org/up3/ontology/beginntBeiKnoten": ["https://registry.gdi-de.org/de.nw/radnetz/instances/Knoten_Wuppertal_113070203"], "https://registry.gdi-de.org/up3/ontology/endetBeiKnoten": ["https://registry.gdi-de.org/de.nw/radnetz/instances/Knoten_Wuppertal_3261"], "https://registry.gdi-de.org/up3/ontology/fuehrung": ["https://registry.gdi-de.org/codelist/de.bund.balm.radnetz/Fuehrung/200"], "https://registry.gdi-de.org/up3/ontology/geometrieAbschnitt": ["https://registry.gdi-de.org/de.nw/radnetz/instances/Section_Wuppertal_1224915_438_geometry"], "https://registry.gdi-de.org/up3/ontology/licht": ["https://registry.gdi-de.org/codelist/de.bund.balm.radnetz/Licht/1"], "https://registry.gdi-de.org/up3/ontology/quell-ID": ["1224915"], "https://registry.gdi-de.org/up3/ontology/steigung": ["0.6356436"], "https://registry.gdi-de.org/up3/ontology/strecken-ID": ["Section_Wuppertal_1224915_438"]}, "geometry": {"type": "LineString", "coordinates": [[7.102931446, 51.2403951265, 138.1], [7.102943685, 51.2388676533, 139.18]]}}, {"type": "Feature", "id": "https://registry.gdi-de.org/de.nw/radnetz/instances/Section_Wuppertal_1225456_480", "name": "", "dateprops": [], "properties": {"http://rdfs.org/ns/void#inDataset": ["https://registry.gdi-de.org/de.nw/radnetz/instances/exnw_dataset"], "http://www.opengis.net/ont/geosparql#hasGeometry": ["https://registry.gdi-de.org/de.nw/radnetz/instances/Section_Wuppertal_1225456_480_geometry"], "http://www.w3.org/1999/02/22-rdf-syntax-ns#type": ["https://registry.gdi-de.org/up3/ontology/Streckenabschnitt_optional"], "https://registry.gdi-de.org/up3/ontology/beginntBeiKnoten": ["https://registry.gdi-de.org/de.nw/radnetz/instances/Knoten_Wuppertal_111040103"], "https://registry.gdi-de.org/up3/ontology/endetBeiKnoten": ["https://registry.gdi-de.org/de.nw/radnetz/instances/Knoten_Wuppertal_7846"], "https://registry.gdi-de.org/up3/ontology/fuehrung": ["https://registry.gdi-de.org/codelist/de.bund.balm.radnetz/Fuehrung/200"], "https://registry.gdi-de.org/up3/ontology/geometrieAbschnitt": ["https://registry.gdi-de.org/de.nw/radnetz/instances/Section_Wuppertal_1225456_480_geometry"], "https://registry.gdi-de.org/up3/ontology/licht": ["https://registry.gdi-de.org/codelist/de.bund.balm.radnetz/Licht/1"], "https://registry.gdi-de.org/up3/ontology/quell-ID": ["1225456"], "https://registry.gdi-de.org/up3/ontology/steigung": ["3.12873"], "https://registry.gdi-de.org/up3/ontology/strecken-ID": ["Section_Wuppertal_1225456_480"]}, "geometry": {"type": "LineString", "coordinates": [[7.2060106223, 51.2801442532, 185.43], [7.2061212699, 51.2803107731, 0.0], [7.2062642687, 51.2806651618, 187.33]]}}, {"type": "Feature", "id": "https://registry.gdi-de.org/de.nw/radnetz/instances/Section_Wuppertal_508_14", "name": "", "dateprops": [], "properties": {"http://rdfs.org/ns/void#inDataset": ["https://registry.gdi-de.org/de.nw/radnetz/instances/exnw_dataset"], "http://www.opengis.net/ont/geosparql#hasGeometry": ["https://registry.gdi-de.org/de.nw/radnetz/instances/Section_Wuppertal_508_14_geometry"], "http://www.w3.org/1999/02/22-rdf-syntax-ns#type": ["https://registry.gdi-de.org/up3/ontology/Streckenabschnitt_optional"], "https://registry.gdi-de.org/up3/ontology/beginntBeiKnoten": ["https://registry.gdi-de.org/de.nw/radnetz/instances/Knoten_Wuppertal_4344"], "https://registry.gdi-de.org/up3/ontology/endetBeiKnoten": ["https://registry.gdi-de.org/de.nw/radnetz/instances/Knoten_Wuppertal_4412"], "https://registry.gdi-de.org/up3/ontology/fuehrung": ["https://registry.gdi-de.org/codelist/de.bund.balm.radnetz/Fuehrung/200"], "https://registry.gdi-de.org/up3/ontology/geometrieAbschnitt": ["https://registry.gdi-de.org/de.nw/radnetz/instances/Section_Wuppertal_508_14_geometry"], "https://registry.gdi-de.org/up3/ontology/licht": ["https://registry.gdi-de.org/codelist/de.bund.balm.radnetz/Licht/1"], "https://registry.gdi-de.org/up3/ontology/quell-ID": ["508"], "https://registry.gdi-de.org/up3/ontology/steigung": ["0.1168044"], "https://registry.gdi-de.org/up3/ontology/strecken-ID": ["Section_Wuppertal_508_14"]}, "geometry": {"type": "LineString", "coordinates": [[7.1310273353, 51.2524067336, 140.65], [7.1321139129, 51.2529086009, 140.76]]}}, {"type": "Feature", "id": "https://registry.gdi-de.org/de.nw/radnetz/instances/Section_Wuppertal_7441_889_right", "name": "", "dateprops": [], "properties": {"http://rdfs.org/ns/void#inDataset": ["https://registry.gdi-de.org/de.nw/radnetz/instances/exnw_dataset"], "http://www.opengis.net/ont/geosparql#hasGeometry": ["https://registry.gdi-de.org/de.nw/radnetz/instances/Section_Wuppertal_7441_889_right_geometry"], "http://www.w3.org/1999/02/22-rdf-syntax-ns#type": ["https://registry.gdi-de.org/up3/ontology/Streckenabschnitt_optional"], "https://registry.gdi-de.org/up3/ontology/beginntBeiKnoten": ["https://registry.gdi-de.org/de.nw/radnetz/instances/Knoten_Wuppertal_4003"], "https://registry.gdi-de.org/up3/ontology/endetBeiKnoten": ["https://registry.gdi-de.org/de.nw/radnetz/instances/Knoten_Wuppertal_4041"], "https://registry.gdi-de.org/up3/ontology/fuehrung": ["https://registry.gdi-de.org/codelist/de.bund.balm.radnetz/Fuehrung/200"], "https://registry.gdi-de.org/up3/ontology/geometrieAbschnitt": ["https://registry.gdi-de.org/de.nw/radnetz/instances/Section_Wuppertal_7441_889_right_geometry"], "https://registry.gdi-de.org/up3/ontology/licht": ["https://registry.gdi-de.org/codelist/de.bund.balm.radnetz/Licht/1"], "https://registry.gdi-de.org/up3/ontology/quell-ID": ["7441"], "https://registry.gdi-de.org/up3/ontology/richtung": ["https://registry.gdi-de.org/codelist/de.bund.balm.radnetz/Richtung/2"], "https://registry.gdi-de.org/up3/ontology/steigung": ["5.518818"], "https://registry.gdi-de.org/up3/ontology/strecken-ID": ["Section_Wuppertal_7441_889_right"]}, "geometry": {"type": "LineString", "coordinates": [[7.1240880308, 51.2785502907, 254.98], [7.125019521, 51.2797188548, 263.0]]}}, {"type": "Feature", "id": "https://registry.gdi-de.org/de.nw/radnetz/instances/Section_Wuppertal_11074_231", "name": "", "dateprops": [], "properties": {"http://rdfs.org/ns/void#inDataset": ["https://registry.gdi-de.org/de.nw/radnetz/instances/exnw_dataset"], "http://www.opengis.net/ont/geosparql#hasGeometry": ["https://registry.gdi-de.org/de.nw/radnetz/instances/Section_Wuppertal_11074_231_geometry"], "http://www.w3.org/1999/02/22-rdf-syntax-ns#type": ["https://registry.gdi-de.org/up3/ontology/Streckenabschnitt_optional"], "https://registry.gdi-de.org/up3/ontology/beginntBeiKnoten": ["https://registry.gdi-de.org/de.nw/radnetz/instances/Knoten_Wuppertal_3823"], "https://registry.gdi-de.org/up3/ontology/endetBeiKnoten": ["https://registry.gdi-de.org/de.nw/radnetz/instances/Knoten_Wuppertal_3866"], "https://registry.gdi-de.org/up3/ontology/fuehrung": ["https://registry.gdi-de.org/codelist/de.bund.balm.radnetz/Fuehrung/200"], "https://registry.gdi-de.org/up3/ontology/geometrieAbschnitt": ["https://registry.gdi-de.org/de.nw/radnetz/instances/Section_Wuppertal_11074_231_geometry"], "https://registry.gdi-de.org/up3/ontology/licht": ["https://registry.gdi-de.org/codelist/de.bund.balm.radnetz/Licht/1"], "https://registry.gdi-de.org/up3/ontology/quell-ID": ["11074"], "https://registry.gdi-de.org/up3/ontology/steigung": ["0.07995989"], "https://registry.gdi-de.org/up3/ontology/strecken-ID": ["Section_Wuppertal_11074_231"]}, "geometry": {"type": "LineString", "coordinates": [[7.1209930831, 51.2489001563, 139.31], [7.1222298914, 51.2487700563, 139.38]]}}, {"type": "Feature", "id": "https://registry.gdi-de.org/de.nw/radnetz/instances/Section_Wuppertal_1226730_898", "name": "", "dateprops": [], "properties": {"http://rdfs.org/ns/void#inDataset": ["https://registry.gdi-de.org/de.nw/radnetz/instances/exnw_dataset"], "http://www.opengis.net/ont/geosparql#hasGeometry": ["https://registry.gdi-de.org/de.nw/radnetz/instances/Section_Wuppertal_1226730_898_geometry"], "http://www.w3.org/1999/02/22-rdf-syntax-ns#type": ["https://registry.gdi-de.org/up3/ontology/Streckenabschnitt_optional"], "https://registry.gdi-de.org/up3/ontology/beginntBeiKnoten": ["https://registry.gdi-de.org/de.nw/radnetz/instances/Knoten_Wuppertal_9190"], "https://registry.gdi-de.org/up3/ontology/endetBeiKnoten": ["https://registry.gdi-de.org/de.nw/radnetz/instances/Knoten_Wuppertal_116230103"], "https://registry.gdi-de.org/up3/ontology/fuehrung": ["https://registry.gdi-de.org/codelist/de.bund.balm.radnetz/Fuehrung/200"], "https://registry.gdi-de.org/up3/ontology/geometrieAbschnitt": ["https://registry.gdi-de.org/de.nw/radnetz/instances/Section_Wuppertal_1226730_898_geometry"], "https://registry.gdi-de.org/up3/ontology/licht": ["https://registry.gdi-de.org/codelist/de.bund.balm.radnetz/Licht/1"], "https://registry.gdi-de.org/up3/ontology/quell-ID": ["1226730"], "https://registry.gdi-de.org/up3/ontology/steigung": ["1.111403"], "https://registry.gdi-de.org/up3/ontology/strecken-ID": ["Section_Wuppertal_1226730_898"]}, "geometry": {"type": "LineString", "coordinates": [[7.2441659638, 51.2809743917, 174.81], [7.2440116141, 51.2814691679, 0.0], [7.2440041787, 51.281490304, 175.46]]}}, {"type": "Feature", "id": "https://registry.gdi-de.org/de.nw/radnetz/instances/Section_Wuppertal_1224916_439", "name": "", "dateprops": [], "properties": {"http://rdfs.org/ns/void#inDataset": ["https://registry.gdi-de.org/de.nw/radnetz/instances/exnw_dataset"], "http://www.opengis.net/ont/geosparql#hasGeometry": ["https://registry.gdi-de.org/de.nw/radnetz/instances/Section_Wuppertal_1224916_439_geometry"], "http://www.w3.org/1999/02/22-rdf-syntax-ns#type": ["https://registry.gdi-de.org/up3/ontology/Streckenabschnitt_optional"], "https://registry.gdi-de.org/up3/ontology/beginntBeiKnoten": ["https://registry.gdi-de.org/de.nw/radnetz/instances/Knoten_Wuppertal_3264"], "https://registry.gdi-de.org/up3/ontology/endetBeiKnoten": ["https://registry.gdi-de.org/de.nw/radnetz/instances/Knoten_Wuppertal_113070203"], "https://registry.gdi-de.org/up3/ontology/fuehrung": ["https://registry.gdi-de.org/codelist/de.bund.balm.radnetz/Fuehrung/200"], "https://registry.gdi-de.org/up3/ontology/geometrieAbschnitt": ["https://registry.gdi-de.org/de.nw/radnetz/instances/Section_Wuppertal_1224916_439_geometry"], "https://registry.gdi-de.org/up3/ontology/licht": ["https://registry.gdi-de.org/codelist/de.bund.balm.radnetz/Licht/1"], "https://registry.gdi-de.org/up3/ontology/quell-ID": ["1224916"], "https://registry.gdi-de.org/up3/ontology/steigung": ["0.1889558"], "https://registry.gdi-de.org/up3/ontology/strecken-ID": ["Section_Wuppertal_1224916_439"]}, "geometry": {"type": "LineString", "coordinates": [[7.1029295404, 51.240633015, 138.05], [7.102931446, 51.2403951265, 138.1]]}}, {"type": "Feature", "id": "https://registry.gdi-de.org/de.nw/radnetz/instances/Section_Wuppertal_1226291_554", "name": "", "dateprops": [], "properties": {"http://rdfs.org/ns/void#inDataset": ["https://registry.gdi-de.org/de.nw/radnetz/instances/exnw_dataset"], "http://www.opengis.net/ont/geosparql#hasGeometry": ["https://registry.gdi-de.org/de.nw/radnetz/instances/Section_Wuppertal_1226291_554_geometry"], "http://www.w3.org/1999/02/22-rdf-syntax-ns#type": ["https://registry.gdi-de.org/up3/ontology/Streckenabschnitt_optional"], "https://registry.gdi-de.org/up3/ontology/beginntBeiKnoten": ["https://registry.gdi-de.org/de.nw/radnetz/instances/Knoten_Wuppertal_3866"], "https://registry.gdi-de.org/up3/ontology/endetBeiKnoten": ["https://registry.gdi-de.org/de.nw/radnetz/instances/Knoten_Wuppertal_113810203"], "https://registry.gdi-de.org/up3/ontology/fuehrung": ["https://registry.gdi-de.org/codelist/de.bund.balm.radnetz/Fuehrung/200"], "https://registry.gdi-de.org/up3/ontology/geometrieAbschnitt": ["https://registry.gdi-de.org/de.nw/radnetz/instances/Section_Wuppertal_1226291_554_geometry"], "https://registry.gdi-de.org/up3/ontology/licht": ["https://registry.gdi-de.org/codelist/de.bund.balm.radnetz/Licht/1"], "https://registry.gdi-de.org/up3/ontology/quell-ID": ["1226291"], "https://registry.gdi-de.org/up3/ontology/steigung": ["0.2840843"], "https://registry.gdi-de.org/up3/ontology/strecken-ID": ["Section_Wuppertal_1226291_554"]}, "geometry": {"type": "LineString", "coordinates": [[7.1222298914, 51.2487700563, 139.38], [7.1228748982, 51.2487908519, 0.0], [7.1236234578, 51.2489454552, 0.0], [7.1245330607, 51.2493743998, 139.89]]}}, {"type": "Feature", "id": "https://registry.gdi-de.org/de.nw/radnetz/instances/Section_Wuppertal_7729_160", "name": "", "dateprops": [], "properties": {"http://rdfs.org/ns/void#inDataset": ["https://registry.gdi-de.org/de.nw/radnetz/instances/exnw_dataset"], "http://www.opengis.net/ont/geosparql#hasGeometry": ["https://registry.gdi-de.org/de.nw/radnetz/instances/Section_Wuppertal_7729_160_geometry"], "http://www.w3.org/1999/02/22-rdf-syntax-ns#type": ["https://registry.gdi-de.org/up3/ontology/Streckenabschnitt_optional"], "https://registry.gdi-de.org/up3/ontology/beginntBeiKnoten": ["https://registry.gdi-de.org/de.nw/radnetz/instances/Knoten_Wuppertal_3337"], "https://registry.gdi-de.org/up3/ontology/endetBeiKnoten": ["https://registry.gdi-de.org/de.nw/radnetz/instances/Knoten_Wuppertal_3354"], "https://registry.gdi-de.org/up3/ontology/fuehrung": ["https://registry.gdi-de.org/codelist/de.bund.balm.radnetz/Fuehrung/200"], "https://registry.gdi-de.org/up3/ontology/geometrieAbschnitt": ["https://registry.gdi-de.org/de.nw/radnetz/instances/Section_Wuppertal_7729_160_geometry"], "https://registry.gdi-de.org/up3/ontology/licht": ["https://registry.gdi-de.org/codelist/de.bund.balm.radnetz/Licht/1"], "https://registry.gdi-de.org/up3/ontology/quell-ID": ["7729"], "https://registry.gdi-de.org/up3/ontology/steigung": ["0.1974606"], "https://registry.gdi-de.org/up3/ontology/strecken-ID": ["Section_Wuppertal_7729_160"]}, "geometry": {"type": "LineString", "coordinates": [[7.1057524325, 51.2459213103, 136.79], [7.106209754, 51.2462747276, 136.89]]}}, {"type": "Feature", "id": "https://registry.gdi-de.org/de.nw/radnetz/instances/Section_Wuppertal_8897_179_right", "name": "", "dateprops": [], "properties": {"http://rdfs.org/ns/void#inDataset": ["https://registry.gdi-de.org/de.nw/radnetz/instances/exnw_dataset"], "http://www.opengis.net/ont/geosparql#hasGeometry": ["https://registry.gdi-de.org/de.nw/radnetz/instances/Section_Wuppertal_8897_179_right_geometry"], "http://www.w3.org/1999/02/22-rdf-syntax-ns#type": ["https://registry.gdi-de.org/up3/ontology/Streckenabschnitt_optional"], "https://registry.gdi-de.org/up3/ontology/beginntBeiKnoten": ["https://registry.gdi-de.org/de.nw/radnetz/instances/Knoten_Wuppertal_8834"], "https://registry.gdi-de.org/up3/ontology/endetBeiKnoten": ["https://registry.gdi-de.org/de.nw/radnetz/instances/Knoten_Wuppertal_8817"], "https://registry.gdi-de.org/up3/ontology/fuehrung": ["https://registry.gdi-de.org/codelist/de.bund.balm.radnetz/Fuehrung/200"], "https://registry.gdi-de.org/up3/ontology/geometrieAbschnitt": ["https://registry.gdi-de.org/de.nw/radnetz/instances/Section_Wuppertal_8897_179_right_geometry"], "https://registry.gdi-de.org/up3/ontology/licht": ["https://registry.gdi-de.org/codelist/de.bund.balm.radnetz/Licht/1"], "https://registry.gdi-de.org/up3/ontology/quell-ID": ["8897"], "https://registry.gdi-de.org/up3/ontology/richtung": ["https://registry.gdi-de.org/codelist/de.bund.balm.radnetz/Richtung/2"], "https://registry.gdi-de.org/up3/ontology/steigung": ["0.02780608"], "https://registry.gdi-de.org/up3/ontology/strecken-ID": ["Section_Wuppertal_8897_179_right"]}, "geometry": {"type": "LineString", "coordinates": [[7.2326142352, 51.2690258964, 163.51], [7.2321517907, 51.2696038242, 163.53]]}}, {"type": "Feature", "id": "https://registry.gdi-de.org/de.nw/radnetz/instances/Section_Wuppertal_1226793_893_right", "name": "", "dateprops": [], "properties": {"http://rdfs.org/ns/void#inDataset": ["https://registry.gdi-de.org/de.nw/radnetz/instances/exnw_dataset"], "http://www.opengis.net/ont/geosparql#hasGeometry": ["https://registry.gdi-de.org/de.nw/radnetz/instances/Section_Wuppertal_1226793_893_right_geometry"], "http://www.w3.org/1999/02/22-rdf-syntax-ns#type": ["https://registry.gdi-de.org/up3/ontology/Streckenabschnitt_optional"], "https://registry.gdi-de.org/up3/ontology/beginntBeiKnoten": ["https://registry.gdi-de.org/de.nw/radnetz/instances/Knoten_Wuppertal_112670102"], "https://registry.gdi-de.org/up3/ontology/endetBeiKnoten": ["https://registry.gdi-de.org/de.nw/radnetz/instances/Knoten_Wuppertal_3982"], "https://registry.gdi-de.org/up3/ontology/fuehrung": ["https://registry.gdi-de.org/codelist/de.bund.balm.radnetz/Fuehrung/200"], "https://registry.gdi-de.org/up3/ontology/geometrieAbschnitt": ["https://registry.gdi-de.org/de.nw/radnetz/instances/Section_Wuppertal_1226793_893_right_geometry"], "https://registry.gdi-de.org/up3/ontology/licht": ["https://registry.gdi-de.org/codelist/de.bund.balm.radnetz/Licht/1"], "https://registry.gdi-de.org/up3/ontology/quell-ID": ["1226793"], "https://registry.gdi-de.org/up3/ontology/richtung": ["https://registry.gdi-de.org/codelist/de.bund.balm.radnetz/Richtung/2"], "https://registry.gdi-de.org/up3/ontology/steigung": ["5.998031"], "https://registry.gdi-de.org/up3/ontology/strecken-ID": ["Section_Wuppertal_1226793_893_right"]}, "geometry": {"type": "LineString", "coordinates": [[7.124382851, 51.2805602896, 269.24], [7.124067954, 51.2806628458, 0.0], [7.1235832849, 51.2807418391, 272.82]]}}, {"type": "Feature", "id": "https://registry.gdi-de.org/de.nw/radnetz/instances/Section_Wuppertal_1226794_894_right", "name": "", "dateprops": [], "properties": {"http://rdfs.org/ns/void#inDataset": ["https://registry.gdi-de.org/de.nw/radnetz/instances/exnw_dataset"], "http://www.opengis.net/ont/geosparql#hasGeometry": ["https://registry.gdi-de.org/de.nw/radnetz/instances/Section_Wuppertal_1226794_894_right_geometry"], "http://www.w3.org/1999/02/22-rdf-syntax-ns#type": ["https://registry.gdi-de.org/up3/ontology/Streckenabschnitt_optional"], "https://registry.gdi-de.org/up3/ontology/beginntBeiKnoten": ["https://registry.gdi-de.org/de.nw/radnetz/instances/Knoten_Wuppertal_4041"], "https://registry.gdi-de.org/up3/ontology/endetBeiKnoten": ["https://registry.gdi-de.org/de.nw/radnetz/instances/Knoten_Wuppertal_112670102"], "https://registry.gdi-de.org/up3/ontology/fuehrung": ["https://registry.gdi-de.org/codelist/de.bund.balm.radnetz/Fuehrung/200"], "https://registry.gdi-de.org/up3/ontology/geometrieAbschnitt": ["https://registry.gdi-de.org/de.nw/radnetz/instances/Section_Wuppertal_1226794_894_right_geometry"], "https://registry.gdi-de.org/up3/ontology/licht": ["https://registry.gdi-de.org/codelist/de.bund.balm.radnetz/Licht/1"], "https://registry.gdi-de.org/up3/ontology/quell-ID": ["1226794"], "https://registry.gdi-de.org/up3/ontology/richtung": ["https://registry.gdi-de.org/codelist/de.bund.balm.radnetz/Richtung/2"], "https://registry.gdi-de.org/up3/ontology/steigung": ["5.63768"], "https://registry.gdi-de.org/up3/ontology/strecken-ID": ["Section_Wuppertal_1226794_894_right"]}, "geometry": {"type": "LineString", "coordinates": [[7.125019521, 51.2797188548, 263.0], [7.1249595051, 51.2801958431, 0.0], [7.1244661037, 51.2805331757, 0.0], [7.124382851, 51.2805602896, 269.24]]}}, {"type": "Feature", "id": "https://registry.gdi-de.org/de.nw/radnetz/instances/Section_Wuppertal_7313_151_right", "name": "", "dateprops": [], "properties": {"http://rdfs.org/ns/void#inDataset": ["https://registry.gdi-de.org/de.nw/radnetz/instances/exnw_dataset"], "http://www.opengis.net/ont/geosparql#hasGeometry": ["https://registry.gdi-de.org/de.nw/radnetz/instances/Section_Wuppertal_7313_151_right_geometry"], "http://www.w3.org/1999/02/22-rdf-syntax-ns#type": ["https://registry.gdi-de.org/up3/ontology/Streckenabschnitt_optional"], "https://registry.gdi-de.org/up3/ontology/beginntBeiKnoten": ["https://registry.gdi-de.org/de.nw/radnetz/instances/Knoten_Wuppertal_4823"], "https://registry.gdi-de.org/up3/ontology/endetBeiKnoten": ["https://registry.gdi-de.org/de.nw/radnetz/instances/Knoten_Wuppertal_4743"], "https://registry.gdi-de.org/up3/ontology/fuehrung": ["https://registry.gdi-de.org/codelist/de.bund.balm.radnetz/Fuehrung/200"], "https://registry.gdi-de.org/up3/ontology/geometrieAbschnitt": ["https://registry.gdi-de.org/de.nw/radnetz/instances/Section_Wuppertal_7313_151_right_geometry"], "https://registry.gdi-de.org/up3/ontology/licht": ["https://registry.gdi-de.org/codelist/de.bund.balm.radnetz/Licht/1"], "https://registry.gdi-de.org/up3/ontology/quell-ID": ["7313"], "https://registry.gdi-de.org/up3/ontology/richtung": ["https://registry.gdi-de.org/codelist/de.bund.balm.radnetz/Richtung/2"], "https://registry.gdi-de.org/up3/ontology/steigung": ["0.7731359"], "https://registry.gdi-de.org/up3/ontology/strecken-ID": ["Section_Wuppertal_7313_151_right"]}, "geometry": {"type": "LineString", "coordinates": [[7.1410749994, 51.2576605987, 143.53], [7.1404768618, 51.257456441, 0.0], [7.1395638907, 51.2572537481, 144.42]]}}, {"type": "Feature", "id": "https://registry.gdi-de.org/de.nw/radnetz/instances/Section_Wuppertal_1228119_695", "name": "", "dateprops": [], "properties": {"http://rdfs.org/ns/void#inDataset": ["https://registry.gdi-de.org/de.nw/radnetz/instances/exnw_dataset"], "http://www.opengis.net/ont/geosparql#hasGeometry": ["https://registry.gdi-de.org/de.nw/radnetz/instances/Section_Wuppertal_1228119_695_geometry"], "http://www.w3.org/1999/02/22-rdf-syntax-ns#type": ["https://registry.gdi-de.org/up3/ontology/Streckenabschnitt_optional"], "https://registry.gdi-de.org/up3/ontology/beginntBeiKnoten": ["https://registry.gdi-de.org/de.nw/radnetz/instances/Knoten_Wuppertal_4010"], "https://registry.gdi-de.org/up3/ontology/endetBeiKnoten": ["https://registry.gdi-de.org/de.nw/radnetz/instances/Knoten_Wuppertal_1189690435"], "https://registry.gdi-de.org/up3/ontology/fuehrung": ["https://registry.gdi-de.org/codelist/de.bund.balm.radnetz/Fuehrung/200"], "https://registry.gdi-de.org/up3/ontology/geometrieAbschnitt": ["https://registry.gdi-de.org/de.nw/radnetz/instances/Section_Wuppertal_1228119_695_geometry"], "https://registry.gdi-de.org/up3/ontology/licht": ["https://registry.gdi-de.org/codelist/de.bund.balm.radnetz/Licht/1"], "https://registry.gdi-de.org/up3/ontology/quell-ID": ["1228119"], "https://registry.gdi-de.org/up3/ontology/steigung": ["0.1248715"], "https://registry.gdi-de.org/up3/ontology/strecken-ID": ["Section_Wuppertal_1228119_695"]}, "geometry": {"type": "LineString", "coordinates": [[7.125445244, 51.2497983397, 139.97], [7.1266385095, 51.2503597639, 140.1]]}}, {"type": "Feature", "id": "https://registry.gdi-de.org/de.nw/radnetz/instances/Section_Wuppertal_1229709_749", "name": "", "dateprops": [], "properties": {"http://rdfs.org/ns/void#inDataset": ["https://registry.gdi-de.org/de.nw/radnetz/instances/exnw_dataset"], "http://www.opengis.net/ont/geosparql#hasGeometry": ["https://registry.gdi-de.org/de.nw/radnetz/instances/Section_Wuppertal_1229709_749_geometry"], "http://www.w3.org/1999/02/22-rdf-syntax-ns#type": ["https://registry.gdi-de.org/up3/ontology/Streckenabschnitt_optional"], "https://registry.gdi-de.org/up3/ontology/beginntBeiKnoten": ["https://registry.gdi-de.org/de.nw/radnetz/instances/Knoten_Wuppertal_113810203"], "https://registry.gdi-de.org/up3/ontology/endetBeiKnoten": ["https://registry.gdi-de.org/de.nw/radnetz/instances/Knoten_Wuppertal_1189691204"], "https://registry.gdi-de.org/up3/ontology/fuehrung": ["https://registry.gdi-de.org/codelist/de.bund.balm.radnetz/Fuehrung/200"], "https://registry.gdi-de.org/up3/ontology/geometrieAbschnitt": ["https://registry.gdi-de.org/de.nw/radnetz/instances/Section_Wuppertal_1229709_749_geometry"], "https://registry.gdi-de.org/up3/ontology/licht": ["https://registry.gdi-de.org/codelist/de.bund.balm.radnetz/Licht/1"], "https://registry.gdi-de.org/up3/ontology/quell-ID": ["1229709"], "https://registry.gdi-de.org/up3/ontology/steigung": ["0.09073663"], "https://registry.gdi-de.org/up3/ontology/strecken-ID": ["Section_Wuppertal_1229709_749"]}, "geometry": {"type": "LineString", "coordinates": [[7.1245330607, 51.2493743998, 139.89], [7.1246578364, 51.2494351032, 139.9]]}}, {"type": "Feature", "id": "https://registry.gdi-de.org/de.nw/radnetz/instances/Section_Wuppertal_2373_50_right", "name": "", "dateprops": [], "properties": {"http://rdfs.org/ns/void#inDataset": ["https://registry.gdi-de.org/de.nw/radnetz/instances/exnw_dataset"], "http://www.opengis.net/ont/geosparql#hasGeometry": ["https://registry.gdi-de.org/de.nw/radnetz/instances/Section_Wuppertal_2373_50_right_geometry"], "http://www.w3.org/1999/02/22-rdf-syntax-ns#type": ["https://registry.gdi-de.org/up3/ontology/Streckenabschnitt_optional"], "https://registry.gdi-de.org/up3/ontology/beginntBeiKnoten": ["https://registry.gdi-de.org/de.nw/radnetz/instances/Knoten_Wuppertal_5166"], "https://registry.gdi-de.org/up3/ontology/endetBeiKnoten": ["https://registry.gdi-de.org/de.nw/radnetz/instances/Knoten_Wuppertal_5170"], "https://registry.gdi-de.org/up3/ontology/fuehrung": ["https://registry.gdi-de.org/codelist/de.bund.balm.radnetz/Fuehrung/200"], "https://registry.gdi-de.org/up3/ontology/geometrieAbschnitt": ["https://registry.gdi-de.org/de.nw/radnetz/instances/Section_Wuppertal_2373_50_right_geometry"], "https://registry.gdi-de.org/up3/ontology/licht": ["https://registry.gdi-de.org/codelist/de.bund.balm.radnetz/Licht/1"], "https://registry.gdi-de.org/up3/ontology/quell-ID": ["2373"], "https://registry.gdi-de.org/up3/ontology/richtung": ["https://registry.gdi-de.org/codelist/de.bund.balm.radnetz/Richtung/2"], "https://registry.gdi-de.org/up3/ontology/steigung": ["4.072183"], "https://registry.gdi-de.org/up3/ontology/strecken-ID": ["Section_Wuppertal_2373_50_right"]}, "geometry": {"type": "LineString", "coordinates": [[7.1464829855, 51.2561041781, 143.14], [7.1465219628, 51.2557208134, 144.88]]}}, {"type": "Feature", "id": "https://registry.gdi-de.org/de.nw/radnetz/instances/Section_Wuppertal_1226034_531", "name": "", "dateprops": [], "properties": {"http://rdfs.org/ns/void#inDataset": ["https://registry.gdi-de.org/de.nw/radnetz/instances/exnw_dataset"], "http://www.opengis.net/ont/geosparql#hasGeometry": ["https://registry.gdi-de.org/de.nw/radnetz/instances/Section_Wuppertal_1226034_531_geometry"], "http://www.w3.org/1999/02/22-rdf-syntax-ns#type": ["https://registry.gdi-de.org/up3/ontology/Streckenabschnitt_optional"], "https://registry.gdi-de.org/up3/ontology/beginntBeiKnoten": ["https://registry.gdi-de.org/de.nw/radnetz/instances/Knoten_Wuppertal_113800101"], "https://registry.gdi-de.org/up3/ontology/endetBeiKnoten": ["https://registry.gdi-de.org/de.nw/radnetz/instances/Knoten_Wuppertal_113800102"], "https://registry.gdi-de.org/up3/ontology/fuehrung": ["https://registry.gdi-de.org/codelist/de.bund.balm.radnetz/Fuehrung/200"], "https://registry.gdi-de.org/up3/ontology/geometrieAbschnitt": ["https://registry.gdi-de.org/de.nw/radnetz/instances/Section_Wuppertal_1226034_531_geometry"], "https://registry.gdi-de.org/up3/ontology/licht": ["https://registry.gdi-de.org/codelist/de.bund.balm.radnetz/Licht/1"], "https://registry.gdi-de.org/up3/ontology/quell-ID": ["1226034"], "https://registry.gdi-de.org/up3/ontology/steigung": ["0.4244291"], "https://registry.gdi-de.org/up3/ontology/strecken-ID": ["Section_Wuppertal_1226034_531"]}, "geometry": {"type": "LineString", "coordinates": [[7.1292259324, 51.2515738622, 140.41], [7.1293353291, 51.2516235175, 140.45]]}}, {"type": "Feature", "id": "https://registry.gdi-de.org/de.nw/radnetz/instances/Section_Wuppertal_1270_27", "name": "", "dateprops": [], "properties": {"http://rdfs.org/ns/void#inDataset": ["https://registry.gdi-de.org/de.nw/radnetz/instances/exnw_dataset"], "http://www.opengis.net/ont/geosparql#hasGeometry": ["https://registry.gdi-de.org/de.nw/radnetz/instances/Section_Wuppertal_1270_27_geometry"], "http://www.w3.org/1999/02/22-rdf-syntax-ns#type": ["https://registry.gdi-de.org/up3/ontology/Streckenabschnitt_optional"], "https://registry.gdi-de.org/up3/ontology/beginntBeiKnoten": ["https://registry.gdi-de.org/de.nw/radnetz/instances/Knoten_Wuppertal_3285"], "https://registry.gdi-de.org/up3/ontology/endetBeiKnoten": ["https://registry.gdi-de.org/de.nw/radnetz/instances/Knoten_Wuppertal_3269"], "https://registry.gdi-de.org/up3/ontology/fuehrung": ["https://registry.gdi-de.org/codelist/de.bund.balm.radnetz/Fuehrung/200"], "https://registry.gdi-de.org/up3/ontology/geometrieAbschnitt": ["https://registry.gdi-de.org/de.nw/radnetz/instances/Section_Wuppertal_1270_27_geometry"], "https://registry.gdi-de.org/up3/ontology/licht": ["https://registry.gdi-de.org/codelist/de.bund.balm.radnetz/Licht/1"], "https://registry.gdi-de.org/up3/ontology/quell-ID": ["1270"], "https://registry.gdi-de.org/up3/ontology/steigung": ["0.2277411"], "https://registry.gdi-de.org/up3/ontology/strecken-ID": ["Section_Wuppertal_1270_27"]}, "geometry": {"type": "LineString", "coordinates": [[7.1037487457, 51.2440062585, 137.47], [7.1032495461, 51.2432693449, 0.0], [7.103106974, 51.2426953981, 137.82]]}}, {"type": "Feature", "id": "https://registry.gdi-de.org/de.nw/radnetz/instances/Section_Wuppertal_1225090_1094", "name": "", "dateprops": [], "properties": {"http://rdfs.org/ns/void#inDataset": ["https://registry.gdi-de.org/de.nw/radnetz/instances/exnw_dataset"], "http://www.opengis.net/ont/geosparql#hasGeometry": ["https://registry.gdi-de.org/de.nw/radnetz/instances/Section_Wuppertal_1225090_1094_geometry"], "http://www.w3.org/1999/02/22-rdf-syntax-ns#type": ["https://registry.gdi-de.org/up3/ontology/Streckenabschnitt_optional"], "https://registry.gdi-de.org/up3/ontology/beginntBeiKnoten": ["https://registry.gdi-de.org/de.nw/radnetz/instances/Knoten_Wuppertal_5525"], "https://registry.gdi-de.org/up3/ontology/endetBeiKnoten": ["https://registry.gdi-de.org/de.nw/radnetz/instances/Knoten_Wuppertal_112480105"], "https://registry.gdi-de.org/up3/ontology/fuehrung": ["https://registry.gdi-de.org/codelist/de.bund.balm.radnetz/Fuehrung/200"], "https://registry.gdi-de.org/up3/ontology/geometrieAbschnitt": ["https://registry.gdi-de.org/de.nw/radnetz/instances/Section_Wuppertal_1225090_1094_geometry"], "https://registry.gdi-de.org/up3/ontology/licht": ["https://registry.gdi-de.org/codelist/de.bund.balm.radnetz/Licht/1"], "https://registry.gdi-de.org/up3/ontology/quell-ID": ["1225090"], "https://registry.gdi-de.org/up3/ontology/steigung": ["0.8506549"], "https://registry.gdi-de.org/up3/ontology/strecken-ID": ["Section_Wuppertal_1225090_1094"]}, "geometry": {"type": "LineString", "coordinates": [[7.1535560672, 51.2347461524, 0.0], [7.1532947948, 51.2346303118, 0.0]]}}, {"type": "Feature", "id": "https://registry.gdi-de.org/de.nw/radnetz/instances/Section_Wuppertal_3744_91_right", "name": "", "dateprops": [], "properties": {"http://rdfs.org/ns/void#inDataset": ["https://registry.gdi-de.org/de.nw/radnetz/instances/exnw_dataset"], "http://www.opengis.net/ont/geosparql#hasGeometry": ["https://registry.gdi-de.org/de.nw/radnetz/instances/Section_Wuppertal_3744_91_right_geometry"], "http://www.w3.org/1999/02/22-rdf-syntax-ns#type": ["https://registry.gdi-de.org/up3/ontology/Streckenabschnitt_optional"], "https://registry.gdi-de.org/up3/ontology/beginntBeiKnoten": ["https://registry.gdi-de.org/de.nw/radnetz/instances/Knoten_Wuppertal_3316"], "https://registry.gdi-de.org/up3/ontology/endetBeiKnoten": ["https://registry.gdi-de.org/de.nw/radnetz/instances/Knoten_Wuppertal_3348"], "https://registry.gdi-de.org/up3/ontology/fuehrung": ["https://registry.gdi-de.org/codelist/de.bund.balm.radnetz/Fuehrung/200"], "https://registry.gdi-de.org/up3/ontology/geometrieAbschnitt": ["https://registry.gdi-de.org/de.nw/radnetz/instances/Section_Wuppertal_3744_91_right_geometry"], "https://registry.gdi-de.org/up3/ontology/licht": ["https://registry.gdi-de.org/codelist/de.bund.balm.radnetz/Licht/1"], "https://registry.gdi-de.org/up3/ontology/quell-ID": ["3744"], "https://registry.gdi-de.org/up3/ontology/richtung": ["https://registry.gdi-de.org/codelist/de.bund.balm.radnetz/Richtung/2"], "https://registry.gdi-de.org/up3/ontology/steigung": ["2.084047"], "https://registry.gdi-de.org/up3/ontology/strecken-ID": ["Section_Wuppertal_3744_91_right"]}, "geometry": {"type": "LineString", "coordinates": [[7.1045265199, 51.2535499518, 157.2], [7.1048831873, 51.2540858819, 0.0], [7.1055793788, 51.2550410283, 0.0], [7.1057516758, 51.2552068454, 161.44]]}}, {"type": "Feature", "id": "https://registry.gdi-de.org/de.nw/radnetz/instances/Section_Wuppertal_1229578_729", "name": "", "dateprops": [], "properties": {"http://rdfs.org/ns/void#inDataset": ["https://registry.gdi-de.org/de.nw/radnetz/instances/exnw_dataset"], "http://www.opengis.net/ont/geosparql#hasGeometry": ["https://registry.gdi-de.org/de.nw/radnetz/instances/Section_Wuppertal_1229578_729_geometry"], "http://www.w3.org/1999/02/22-rdf-syntax-ns#type": ["https://registry.gdi-de.org/up3/ontology/Streckenabschnitt_optional"], "https://registry.gdi-de.org/up3/ontology/beginntBeiKnoten": ["https://registry.gdi-de.org/de.nw/radnetz/instances/Knoten_Wuppertal_1189691141"], "https://registry.gdi-de.org/up3/ontology/endetBeiKnoten": ["https://registry.gdi-de.org/de.nw/radnetz/instances/Knoten_Wuppertal_3813"], "https://registry.gdi-de.org/up3/ontology/fuehrung": ["https://registry.gdi-de.org/codelist/de.bund.balm.radnetz/Fuehrung/200"], "https://registry.gdi-de.org/up3/ontology/geometrieAbschnitt": ["https://registry.gdi-de.org/de.nw/radnetz/instances/Section_Wuppertal_1229578_729_geometry"], "https://registry.gdi-de.org/up3/ontology/licht": ["https://registry.gdi-de.org/codelist/de.bund.balm.radnetz/Licht/1"], "https://registry.gdi-de.org/up3/ontology/quell-ID": ["1229578"], "https://registry.gdi-de.org/up3/ontology/steigung": ["0.3945571"], "https://registry.gdi-de.org/up3/ontology/strecken-ID": ["Section_Wuppertal_1229578_729"]}, "geometry": {"type": "LineString", "coordinates": [[7.1185396671, 51.2491916342, 138.66], [7.118730635, 51.2491720147, 0.0], [7.1206795816, 51.2489360508, 139.26]]}}, {"type": "Feature", "id": "https://registry.gdi-de.org/de.nw/radnetz/instances/Section_Wuppertal_1223746_386", "name": "", "dateprops": [], "properties": {"http://rdfs.org/ns/void#inDataset": ["https://registry.gdi-de.org/de.nw/radnetz/instances/exnw_dataset"], "http://www.opengis.net/ont/geosparql#hasGeometry": ["https://registry.gdi-de.org/de.nw/radnetz/instances/Section_Wuppertal_1223746_386_geometry"], "http://www.w3.org/1999/02/22-rdf-syntax-ns#type": ["https://registry.gdi-de.org/up3/ontology/Streckenabschnitt_optional"], "https://registry.gdi-de.org/up3/ontology/beginntBeiKnoten": ["https://registry.gdi-de.org/de.nw/radnetz/instances/Knoten_Wuppertal_113060204"], "https://registry.gdi-de.org/up3/ontology/endetBeiKnoten": ["https://registry.gdi-de.org/de.nw/radnetz/instances/Knoten_Wuppertal_60198"], "https://registry.gdi-de.org/up3/ontology/fuehrung": ["https://registry.gdi-de.org/codelist/de.bund.balm.radnetz/Fuehrung/200"], "https://registry.gdi-de.org/up3/ontology/geometrieAbschnitt": ["https://registry.gdi-de.org/de.nw/radnetz/instances/Section_Wuppertal_1223746_386_geometry"], "https://registry.gdi-de.org/up3/ontology/licht": ["https://registry.gdi-de.org/codelist/de.bund.balm.radnetz/Licht/1"], "https://registry.gdi-de.org/up3/ontology/quell-ID": ["1223746"], "https://registry.gdi-de.org/up3/ontology/steigung": ["9.407979"], "https://registry.gdi-de.org/up3/ontology/strecken-ID": ["Section_Wuppertal_1223746_386"]}, "geometry": {"type": "LineString", "coordinates": [[7.1026754567, 51.2379447423, 137.42], [7.1026850963, 51.237957499, 0.0], [7.102750978, 51.2381657893, 139.79]]}}, {"type": "Feature", "id": "https://registry.gdi-de.org/de.nw/radnetz/instances/Section_Wuppertal_1226065_891_right", "name": "", "dateprops": [], "properties": {"http://rdfs.org/ns/void#inDataset": ["https://registry.gdi-de.org/de.nw/radnetz/instances/exnw_dataset"], "http://www.opengis.net/ont/geosparql#hasGeometry": ["https://registry.gdi-de.org/de.nw/radnetz/instances/Section_Wuppertal_1226065_891_right_geometry"], "http://www.w3.org/1999/02/22-rdf-syntax-ns#type": ["https://registry.gdi-de.org/up3/ontology/Streckenabschnitt_optional"], "https://registry.gdi-de.org/up3/ontology/beginntBeiKnoten": ["https://registry.gdi-de.org/de.nw/radnetz/instances/Knoten_Wuppertal_3938"], "https://registry.gdi-de.org/up3/ontology/endetBeiKnoten": ["https://registry.gdi-de.org/de.nw/radnetz/instances/Knoten_Wuppertal_112660102"], "https://registry.gdi-de.org/up3/ontology/fuehrung": ["https://registry.gdi-de.org/codelist/de.bund.balm.radnetz/Fuehrung/200"], "https://registry.gdi-de.org/up3/ontology/geometrieAbschnitt": ["https://registry.gdi-de.org/de.nw/radnetz/instances/Section_Wuppertal_1226065_891_right_geometry"], "https://registry.gdi-de.org/up3/ontology/licht": ["https://registry.gdi-de.org/codelist/de.bund.balm.radnetz/Licht/1"], "https://registry.gdi-de.org/up3/ontology/quell-ID": ["1226065"], "https://registry.gdi-de.org/up3/ontology/richtung": ["https://registry.gdi-de.org/codelist/de.bund.balm.radnetz/Richtung/2"], "https://registry.gdi-de.org/up3/ontology/steigung": ["5.299179"], "https://registry.gdi-de.org/up3/ontology/strecken-ID": ["Section_Wuppertal_1226065_891_right"]}, "geometry": {"type": "LineString", "coordinates": [[7.1226371543, 51.2772338925, 245.25], [7.1231799949, 51.2777500202, 0.0], [7.1232247589, 51.2777873723, 249.17]]}}, {"type": "Feature", "id": "https://registry.gdi-de.org/de.nw/radnetz/instances/Section_Wuppertal_12612_1014_right", "name": "", "dateprops": [], "properties": {"http://rdfs.org/ns/void#inDataset": ["https://registry.gdi-de.org/de.nw/radnetz/instances/exnw_dataset"], "http://www.opengis.net/ont/geosparql#hasGeometry": ["https://registry.gdi-de.org/de.nw/radnetz/instances/Section_Wuppertal_12612_1014_right_geometry"], "http://www.w3.org/1999/02/22-rdf-syntax-ns#type": ["https://registry.gdi-de.org/up3/ontology/Streckenabschnitt_optional"], "https://registry.gdi-de.org/up3/ontology/beginntBeiKnoten": ["https://registry.gdi-de.org/de.nw/radnetz/instances/Knoten_Wuppertal_2399"], "https://registry.gdi-de.org/up3/ontology/endetBeiKnoten": ["https://registry.gdi-de.org/de.nw/radnetz/instances/Knoten_Wuppertal_2368"], "https://registry.gdi-de.org/up3/ontology/fuehrung": ["https://registry.gdi-de.org/codelist/de.bund.balm.radnetz/Fuehrung/200"], "https://registry.gdi-de.org/up3/ontology/geometrieAbschnitt": ["https://registry.gdi-de.org/de.nw/radnetz/instances/Section_Wuppertal_12612_1014_right_geometry"], "https://registry.gdi-de.org/up3/ontology/licht": ["https://registry.gdi-de.org/codelist/de.bund.balm.radnetz/Licht/1"], "https://registry.gdi-de.org/up3/ontology/quell-ID": ["12612"], "https://registry.gdi-de.org/up3/ontology/richtung": ["https://registry.gdi-de.org/codelist/de.bund.balm.radnetz/Richtung/2"], "https://registry.gdi-de.org/up3/ontology/steigung": ["1.052474"], "https://registry.gdi-de.org/up3/ontology/strecken-ID": ["Section_Wuppertal_12612_1014_right"]}, "geometry": {"type": "LineString", "coordinates": [[7.0634092182, 51.2309016953, 0.0], [7.0618508439, 51.2303765283, 0.0]]}}, {"type": "Feature", "id": "https://registry.gdi-de.org/de.nw/radnetz/instances/Section_Wuppertal_1225089_1097", "name": "", "dateprops": [], "properties": {"http://rdfs.org/ns/void#inDataset": ["https://registry.gdi-de.org/de.nw/radnetz/instances/exnw_dataset"], "http://www.opengis.net/ont/geosparql#hasGeometry": ["https://registry.gdi-de.org/de.nw/radnetz/instances/Section_Wuppertal_1225089_1097_geometry"], "http://www.w3.org/1999/02/22-rdf-syntax-ns#type": ["https://registry.gdi-de.org/up3/ontology/Streckenabschnitt_optional"], "https://registry.gdi-de.org/up3/ontology/beginntBeiKnoten": ["https://registry.gdi-de.org/de.nw/radnetz/instances/Knoten_Wuppertal_112480105"], "https://registry.gdi-de.org/up3/ontology/endetBeiKnoten": ["https://registry.gdi-de.org/de.nw/radnetz/instances/Knoten_Wuppertal_5372"], "https://registry.gdi-de.org/up3/ontology/fuehrung": ["https://registry.gdi-de.org/codelist/de.bund.balm.radnetz/Fuehrung/200"], "https://registry.gdi-de.org/up3/ontology/geometrieAbschnitt": ["https://registry.gdi-de.org/de.nw/radnetz/instances/Section_Wuppertal_1225089_1097_geometry"], "https://registry.gdi-de.org/up3/ontology/licht": ["https://registry.gdi-de.org/codelist/de.bund.balm.radnetz/Licht/1"], "https://registry.gdi-de.org/up3/ontology/quell-ID": ["1225089"], "https://registry.gdi-de.org/up3/ontology/steigung": ["0.9963372"], "https://registry.gdi-de.org/up3/ontology/strecken-ID": ["Section_Wuppertal_1225089_1097"]}, "geometry": {"type": "LineString", "coordinates": [[7.1532947948, 51.2346303118, 0.0], [7.1526488522, 51.2343439136, 0.0], [7.1521027698, 51.2336928295, 0.0], [7.1512128426, 51.232461033, 0.0], [7.1507668271, 51.2318002288, 0.0]]}}, {"type": "Feature", "id": "https://registry.gdi-de.org/de.nw/radnetz/instances/Section_Wuppertal_3202_76_right", "name": "", "dateprops": [], "properties": {"http://rdfs.org/ns/void#inDataset": ["https://registry.gdi-de.org/de.nw/radnetz/instances/exnw_dataset"], "http://www.opengis.net/ont/geosparql#hasGeometry": ["https://registry.gdi-de.org/de.nw/radnetz/instances/Section_Wuppertal_3202_76_right_geometry"], "http://www.w3.org/1999/02/22-rdf-syntax-ns#type": ["https://registry.gdi-de.org/up3/ontology/Streckenabschnitt_optional"], "https://registry.gdi-de.org/up3/ontology/beginntBeiKnoten": ["https://registry.gdi-de.org/de.nw/radnetz/instances/Knoten_Wuppertal_2438"], "https://registry.gdi-de.org/up3/ontology/endetBeiKnoten": ["https://registry.gdi-de.org/de.nw/radnetz/instances/Knoten_Wuppertal_2382"], "https://registry.gdi-de.org/up3/ontology/fuehrung": ["https://registry.gdi-de.org/codelist/de.bund.balm.radnetz/Fuehrung/200"], "https://registry.gdi-de.org/up3/ontology/geometrieAbschnitt": ["https://registry.gdi-de.org/de.nw/radnetz/instances/Section_Wuppertal_3202_76_right_geometry"], "https://registry.gdi-de.org/up3/ontology/licht": ["https://registry.gdi-de.org/codelist/de.bund.balm.radnetz/Licht/1"], "https://registry.gdi-de.org/up3/ontology/quell-ID": ["3202"], "https://registry.gdi-de.org/up3/ontology/richtung": ["https://registry.gdi-de.org/codelist/de.bund.balm.radnetz/Richtung/2"], "https://registry.gdi-de.org/up3/ontology/steigung": ["0.4924588"], "https://registry.gdi-de.org/up3/ontology/strecken-ID": ["Section_Wuppertal_3202_76_right"]}, "geometry": {"type": "LineString", "coordinates": [[7.0648245905, 51.2255891953, 201.1], [7.0629259816, 51.2248794843, 201.86]]}}, {"type": "Feature", "id": "https://registry.gdi-de.org/de.nw/radnetz/instances/Section_Wuppertal_1229711_751", "name": "", "dateprops": [], "properties": {"http://rdfs.org/ns/void#inDataset": ["https://registry.gdi-de.org/de.nw/radnetz/instances/exnw_dataset"], "http://www.opengis.net/ont/geosparql#hasGeometry": ["https://registry.gdi-de.org/de.nw/radnetz/instances/Section_Wuppertal_1229711_751_geometry"], "http://www.w3.org/1999/02/22-rdf-syntax-ns#type": ["https://registry.gdi-de.org/up3/ontology/Streckenabschnitt_optional"], "https://registry.gdi-de.org/up3/ontology/beginntBeiKnoten": ["https://registry.gdi-de.org/de.nw/radnetz/instances/Knoten_Wuppertal_113800101"], "https://registry.gdi-de.org/up3/ontology/endetBeiKnoten": ["https://registry.gdi-de.org/de.nw/radnetz/instances/Knoten_Wuppertal_1189691205"], "https://registry.gdi-de.org/up3/ontology/fuehrung": ["https://registry.gdi-de.org/codelist/de.bund.balm.radnetz/Fuehrung/200"], "https://registry.gdi-de.org/up3/ontology/geometrieAbschnitt": ["https://registry.gdi-de.org/de.nw/radnetz/instances/Section_Wuppertal_1229711_751_geometry"], "https://registry.gdi-de.org/up3/ontology/licht": ["https://registry.gdi-de.org/codelist/de.bund.balm.radnetz/Licht/1"], "https://registry.gdi-de.org/up3/ontology/quell-ID": ["1229711"], "https://registry.gdi-de.org/up3/ontology/steigung": ["0.06071481"], "https://registry.gdi-de.org/up3/ontology/strecken-ID": ["Section_Wuppertal_1229711_751"]}, "geometry": {"type": "LineString", "coordinates": [[7.1292259324, 51.2515738622, 140.41], [7.1290356725, 51.2514862859, 140.42]]}}, {"type": "Feature", "id": "https://registry.gdi-de.org/de.nw/radnetz/instances/Section_Wuppertal_7890_164_right", "name": "", "dateprops": [], "properties": {"http://rdfs.org/ns/void#inDataset": ["https://registry.gdi-de.org/de.nw/radnetz/instances/exnw_dataset"], "http://www.opengis.net/ont/geosparql#hasGeometry": ["https://registry.gdi-de.org/de.nw/radnetz/instances/Section_Wuppertal_7890_164_right_geometry"], "http://www.w3.org/1999/02/22-rdf-syntax-ns#type": ["https://registry.gdi-de.org/up3/ontology/Streckenabschnitt_optional"], "https://registry.gdi-de.org/up3/ontology/beginntBeiKnoten": ["https://registry.gdi-de.org/de.nw/radnetz/instances/Knoten_Wuppertal_5159"], "https://registry.gdi-de.org/up3/ontology/endetBeiKnoten": ["https://registry.gdi-de.org/de.nw/radnetz/instances/Knoten_Wuppertal_5166"], "https://registry.gdi-de.org/up3/ontology/fuehrung": ["https://registry.gdi-de.org/codelist/de.bund.balm.radnetz/Fuehrung/200"], "https://registry.gdi-de.org/up3/ontology/geometrieAbschnitt": ["https://registry.gdi-de.org/de.nw/radnetz/instances/Section_Wuppertal_7890_164_right_geometry"], "https://registry.gdi-de.org/up3/ontology/licht": ["https://registry.gdi-de.org/codelist/de.bund.balm.radnetz/Licht/1"], "https://registry.gdi-de.org/up3/ontology/quell-ID": ["7890"], "https://registry.gdi-de.org/up3/ontology/richtung": ["https://registry.gdi-de.org/codelist/de.bund.balm.radnetz/Richtung/2"], "https://registry.gdi-de.org/up3/ontology/steigung": ["1.013752"], "https://registry.gdi-de.org/up3/ontology/strecken-ID": ["Section_Wuppertal_7890_164_right"]}, "geometry": {"type": "LineString", "coordinates": [[7.146373373, 51.2563149467, 142.89], [7.1464829855, 51.2561041781, 143.14]]}}, {"type": "Feature", "id": "https://registry.gdi-de.org/de.nw/radnetz/instances/Section_Wuppertal_1228297_697_right", "name": "", "dateprops": [], "properties": {"http://rdfs.org/ns/void#inDataset": ["https://registry.gdi-de.org/de.nw/radnetz/instances/exnw_dataset"], "http://www.opengis.net/ont/geosparql#hasGeometry": ["https://registry.gdi-de.org/de.nw/radnetz/instances/Section_Wuppertal_1228297_697_right_geometry"], "http://www.w3.org/1999/02/22-rdf-syntax-ns#type": ["https://registry.gdi-de.org/up3/ontology/Streckenabschnitt_optional"], "https://registry.gdi-de.org/up3/ontology/beginntBeiKnoten": ["https://registry.gdi-de.org/de.nw/radnetz/instances/Knoten_Wuppertal_1189690523"], "https://registry.gdi-de.org/up3/ontology/endetBeiKnoten": ["https://registry.gdi-de.org/de.nw/radnetz/instances/Knoten_Wuppertal_2467"], "https://registry.gdi-de.org/up3/ontology/fuehrung": ["https://registry.gdi-de.org/codelist/de.bund.balm.radnetz/Fuehrung/200"], "https://registry.gdi-de.org/up3/ontology/geometrieAbschnitt": ["https://registry.gdi-de.org/de.nw/radnetz/instances/Section_Wuppertal_1228297_697_right_geometry"], "https://registry.gdi-de.org/up3/ontology/licht": ["https://registry.gdi-de.org/codelist/de.bund.balm.radnetz/Licht/1"], "https://registry.gdi-de.org/up3/ontology/quell-ID": ["1228297"], "https://registry.gdi-de.org/up3/ontology/richtung": ["https://registry.gdi-de.org/codelist/de.bund.balm.radnetz/Richtung/2"], "https://registry.gdi-de.org/up3/ontology/steigung": ["0.7470102"], "https://registry.gdi-de.org/up3/ontology/strecken-ID": ["Section_Wuppertal_1228297_697_right"]}, "geometry": {"type": "LineString", "coordinates": [[7.0677144265, 51.2266168403, 199.88], [7.0672473528, 51.2265114453, 0.0], [7.0659193506, 51.2259812813, 200.96]]}}, {"type": "Feature", "id": "https://registry.gdi-de.org/de.nw/radnetz/instances/Section_Wuppertal_1228120_696", "name": "", "dateprops": [], "properties": {"http://rdfs.org/ns/void#inDataset": ["https://registry.gdi-de.org/de.nw/radnetz/instances/exnw_dataset"], "http://www.opengis.net/ont/geosparql#hasGeometry": ["https://registry.gdi-de.org/de.nw/radnetz/instances/Section_Wuppertal_1228120_696_geometry"], "http://www.w3.org/1999/02/22-rdf-syntax-ns#type": ["https://registry.gdi-de.org/up3/ontology/Streckenabschnitt_optional"], "https://registry.gdi-de.org/up3/ontology/beginntBeiKnoten": ["https://registry.gdi-de.org/de.nw/radnetz/instances/Knoten_Wuppertal_1189690435"], "https://registry.gdi-de.org/up3/ontology/endetBeiKnoten": ["https://registry.gdi-de.org/de.nw/radnetz/instances/Knoten_Wuppertal_4211"], "https://registry.gdi-de.org/up3/ontology/fuehrung": ["https://registry.gdi-de.org/codelist/de.bund.balm.radnetz/Fuehrung/200"], "https://registry.gdi-de.org/up3/ontology/geometrieAbschnitt": ["https://registry.gdi-de.org/de.nw/radnetz/instances/Section_Wuppertal_1228120_696_geometry"], "https://registry.gdi-de.org/up3/ontology/licht": ["https://registry.gdi-de.org/codelist/de.bund.balm.radnetz/Licht/1"], "https://registry.gdi-de.org/up3/ontology/quell-ID": ["1228120"], "https://registry.gdi-de.org/up3/ontology/steigung": ["0.1361184"], "https://registry.gdi-de.org/up3/ontology/strecken-ID": ["Section_Wuppertal_1228120_696"]}, "geometry": {"type": "LineString", "coordinates": [[7.1266385095, 51.2503597639, 140.1], [7.128912137, 51.251429422, 140.37]]}}, {"type": "Feature", "id": "https://registry.gdi-de.org/de.nw/radnetz/instances/Section_Wuppertal_10441_218", "name": "", "dateprops": [], "properties": {"http://rdfs.org/ns/void#inDataset": ["https://registry.gdi-de.org/de.nw/radnetz/instances/exnw_dataset"], "http://www.opengis.net/ont/geosparql#hasGeometry": ["https://registry.gdi-de.org/de.nw/radnetz/instances/Section_Wuppertal_10441_218_geometry"], "http://www.w3.org/1999/02/22-rdf-syntax-ns#type": ["https://registry.gdi-de.org/up3/ontology/Streckenabschnitt_optional"], "https://registry.gdi-de.org/up3/ontology/beginntBeiKnoten": ["https://registry.gdi-de.org/de.nw/radnetz/instances/Knoten_Wuppertal_3813"], "https://registry.gdi-de.org/up3/ontology/endetBeiKnoten": ["https://registry.gdi-de.org/de.nw/radnetz/instances/Knoten_Wuppertal_3823"], "https://registry.gdi-de.org/up3/ontology/fuehrung": ["https://registry.gdi-de.org/codelist/de.bund.balm.radnetz/Fuehrung/200"], "https://registry.gdi-de.org/up3/ontology/geometrieAbschnitt": ["https://registry.gdi-de.org/de.nw/radnetz/instances/Section_Wuppertal_10441_218_geometry"], "https://registry.gdi-de.org/up3/ontology/licht": ["https://registry.gdi-de.org/codelist/de.bund.balm.radnetz/Licht/1"], "https://registry.gdi-de.org/up3/ontology/quell-ID": ["10441"], "https://registry.gdi-de.org/up3/ontology/steigung": ["0.2247574"], "https://registry.gdi-de.org/up3/ontology/strecken-ID": ["Section_Wuppertal_10441_218"]}, "geometry": {"type": "LineString", "coordinates": [[7.1206795816, 51.2489360508, 139.26], [7.1209930831, 51.2489001563, 139.31]]}}, {"type": "Feature", "id": "https://registry.gdi-de.org/de.nw/radnetz/instances/Section_Wuppertal_6580_139_right", "name": "", "dateprops": [], "properties": {"http://rdfs.org/ns/void#inDataset": ["https://registry.gdi-de.org/de.nw/radnetz/instances/exnw_dataset"], "http://www.opengis.net/ont/geosparql#hasGeometry": ["https://registry.gdi-de.org/de.nw/radnetz/instances/Section_Wuppertal_6580_139_right_geometry"], "http://www.w3.org/1999/02/22-rdf-syntax-ns#type": ["https://registry.gdi-de.org/up3/ontology/Streckenabschnitt_optional"], "https://registry.gdi-de.org/up3/ontology/beginntBeiKnoten": ["https://registry.gdi-de.org/de.nw/radnetz/instances/Knoten_Wuppertal_7097"], "https://registry.gdi-de.org/up3/ontology/endetBeiKnoten": ["https://registry.gdi-de.org/de.nw/radnetz/instances/Knoten_Wuppertal_7148"], "https://registry.gdi-de.org/up3/ontology/fuehrung": ["https://registry.gdi-de.org/codelist/de.bund.balm.radnetz/Fuehrung/200"], "https://registry.gdi-de.org/up3/ontology/geometrieAbschnitt": ["https://registry.gdi-de.org/de.nw/radnetz/instances/Section_Wuppertal_6580_139_right_geometry"], "https://registry.gdi-de.org/up3/ontology/licht": ["https://registry.gdi-de.org/codelist/de.bund.balm.radnetz/Licht/1"], "https://registry.gdi-de.org/up3/ontology/quell-ID": ["6580"], "https://registry.gdi-de.org/up3/ontology/richtung": ["https://registry.gdi-de.org/codelist/de.bund.balm.radnetz/Richtung/2"], "https://registry.gdi-de.org/up3/ontology/steigung": ["0.4496206"], "https://registry.gdi-de.org/up3/ontology/strecken-ID": ["Section_Wuppertal_6580_139_right"]}, "geometry": {"type": "LineString", "coordinates": [[7.1924744548, 51.2689416878, 152.05], [7.1926641016, 51.2690384535, 0.0], [7.1933686213, 51.2693245788, 152.39]]}}, {"type": "Feature", "id": "https://registry.gdi-de.org/de.nw/radnetz/instances/Section_Wuppertal_1229626_736", "name": "", "dateprops": [], "properties": {"http://rdfs.org/ns/void#inDataset": ["https://registry.gdi-de.org/de.nw/radnetz/instances/exnw_dataset"], "http://www.opengis.net/ont/geosparql#hasGeometry": ["https://registry.gdi-de.org/de.nw/radnetz/instances/Section_Wuppertal_1229626_736_geometry"], "http://www.w3.org/1999/02/22-rdf-syntax-ns#type": ["https://registry.gdi-de.org/up3/ontology/Streckenabschnitt_optional"], "https://registry.gdi-de.org/up3/ontology/beginntBeiKnoten": ["https://registry.gdi-de.org/de.nw/radnetz/instances/Knoten_Wuppertal_1189691165"], "https://registry.gdi-de.org/up3/ontology/endetBeiKnoten": ["https://registry.gdi-de.org/de.nw/radnetz/instances/Knoten_Wuppertal_111030102"], "https://registry.gdi-de.org/up3/ontology/fuehrung": ["https://registry.gdi-de.org/codelist/de.bund.balm.radnetz/Fuehrung/200"], "https://registry.gdi-de.org/up3/ontology/geometrieAbschnitt": ["https://registry.gdi-de.org/de.nw/radnetz/instances/Section_Wuppertal_1229626_736_geometry"], "https://registry.gdi-de.org/up3/ontology/licht": ["https://registry.gdi-de.org/codelist/de.bund.balm.radnetz/Licht/1"], "https://registry.gdi-de.org/up3/ontology/quell-ID": ["1229626"], "https://registry.gdi-de.org/up3/ontology/steigung": ["3.422665"], "https://registry.gdi-de.org/up3/ontology/strecken-ID": ["Section_Wuppertal_1229626_736"]}, "geometry": {"type": "LineString", "coordinates": [[7.2027279985, 51.2766508335, 167.47], [7.2027436109, 51.2767372453, 0.0], [7.2030038306, 51.2772263912, 0.0], [7.203092958, 51.2773976351, 170.45]]}}, {"type": "Feature", "id": "https://registry.gdi-de.org/de.nw/radnetz/instances/Section_Wuppertal_12798_275_right", "name": "", "dateprops": [], "properties": {"http://rdfs.org/ns/void#inDataset": ["https://registry.gdi-de.org/de.nw/radnetz/instances/exnw_dataset"], "http://www.opengis.net/ont/geosparql#hasGeometry": ["https://registry.gdi-de.org/de.nw/radnetz/instances/Section_Wuppertal_12798_275_right_geometry"], "http://www.w3.org/1999/02/22-rdf-syntax-ns#type": ["https://registry.gdi-de.org/up3/ontology/Streckenabschnitt_optional"], "https://registry.gdi-de.org/up3/ontology/beginntBeiKnoten": ["https://registry.gdi-de.org/de.nw/radnetz/instances/Knoten_Wuppertal_3348"], "https://registry.gdi-de.org/up3/ontology/endetBeiKnoten": ["https://registry.gdi-de.org/de.nw/radnetz/instances/Knoten_Wuppertal_3357"], "https://registry.gdi-de.org/up3/ontology/fuehrung": ["https://registry.gdi-de.org/codelist/de.bund.balm.radnetz/Fuehrung/200"], "https://registry.gdi-de.org/up3/ontology/geometrieAbschnitt": ["https://registry.gdi-de.org/de.nw/radnetz/instances/Section_Wuppertal_12798_275_right_geometry"], "https://registry.gdi-de.org/up3/ontology/licht": ["https://registry.gdi-de.org/codelist/de.bund.balm.radnetz/Licht/1"], "https://registry.gdi-de.org/up3/ontology/quell-ID": ["12798"], "https://registry.gdi-de.org/up3/ontology/richtung": ["https://registry.gdi-de.org/codelist/de.bund.balm.radnetz/Richtung/2"], "https://registry.gdi-de.org/up3/ontology/steigung": ["2.728999"], "https://registry.gdi-de.org/up3/ontology/strecken-ID": ["Section_Wuppertal_12798_275_right"]}, "geometry": {"type": "LineString", "coordinates": [[7.1057516758, 51.2552068454, 161.44], [7.1059724914, 51.255502084, 162.43]]}}, {"type": "Feature", "id": "https://registry.gdi-de.org/de.nw/radnetz/instances/Section_Wuppertal_1226458_578_right", "name": "", "dateprops": [], "properties": {"http://rdfs.org/ns/void#inDataset": ["https://registry.gdi-de.org/de.nw/radnetz/instances/exnw_dataset"], "http://www.opengis.net/ont/geosparql#hasGeometry": ["https://registry.gdi-de.org/de.nw/radnetz/instances/Section_Wuppertal_1226458_578_right_geometry"], "http://www.w3.org/1999/02/22-rdf-syntax-ns#type": ["https://registry.gdi-de.org/up3/ontology/Streckenabschnitt_optional"], "https://registry.gdi-de.org/up3/ontology/beginntBeiKnoten": ["https://registry.gdi-de.org/de.nw/radnetz/instances/Knoten_Wuppertal_110670101"], "https://registry.gdi-de.org/up3/ontology/endetBeiKnoten": ["https://registry.gdi-de.org/de.nw/radnetz/instances/Knoten_Wuppertal_110670102"], "https://registry.gdi-de.org/up3/ontology/fuehrung": ["https://registry.gdi-de.org/codelist/de.bund.balm.radnetz/Fuehrung/200"], "https://registry.gdi-de.org/up3/ontology/geometrieAbschnitt": ["https://registry.gdi-de.org/de.nw/radnetz/instances/Section_Wuppertal_1226458_578_right_geometry"], "https://registry.gdi-de.org/up3/ontology/licht": ["https://registry.gdi-de.org/codelist/de.bund.balm.radnetz/Licht/1"], "https://registry.gdi-de.org/up3/ontology/quell-ID": ["1226458"], "https://registry.gdi-de.org/up3/ontology/richtung": ["https://registry.gdi-de.org/codelist/de.bund.balm.radnetz/Richtung/2"], "https://registry.gdi-de.org/up3/ontology/steigung": ["2.435689"], "https://registry.gdi-de.org/up3/ontology/strecken-ID": ["Section_Wuppertal_1226458_578_right"]}, "geometry": {"type": "LineString", "coordinates": [[7.1064119576, 51.2559190674, 163.83], [7.1065936612, 51.2560914727, 164.39]]}}, {"type": "Feature", "id": "https://registry.gdi-de.org/de.nw/radnetz/instances/Section_Wuppertal_1225972_527", "name": "", "dateprops": [], "properties": {"http://rdfs.org/ns/void#inDataset": ["https://registry.gdi-de.org/de.nw/radnetz/instances/exnw_dataset"], "http://www.opengis.net/ont/geosparql#hasGeometry": ["https://registry.gdi-de.org/de.nw/radnetz/instances/Section_Wuppertal_1225972_527_geometry"], "http://www.w3.org/1999/02/22-rdf-syntax-ns#type": ["https://registry.gdi-de.org/up3/ontology/Streckenabschnitt_optional"], "https://registry.gdi-de.org/up3/ontology/beginntBeiKnoten": ["https://registry.gdi-de.org/de.nw/radnetz/instances/Knoten_Wuppertal_113810204"], "https://registry.gdi-de.org/up3/ontology/endetBeiKnoten": ["https://registry.gdi-de.org/de.nw/radnetz/instances/Knoten_Wuppertal_4010"], "https://registry.gdi-de.org/up3/ontology/fuehrung": ["https://registry.gdi-de.org/codelist/de.bund.balm.radnetz/Fuehrung/200"], "https://registry.gdi-de.org/up3/ontology/geometrieAbschnitt": ["https://registry.gdi-de.org/de.nw/radnetz/instances/Section_Wuppertal_1225972_527_geometry"], "https://registry.gdi-de.org/up3/ontology/licht": ["https://registry.gdi-de.org/codelist/de.bund.balm.radnetz/Licht/1"], "https://registry.gdi-de.org/up3/ontology/quell-ID": ["1225972"], "https://registry.gdi-de.org/up3/ontology/steigung": ["0.05614901"], "https://registry.gdi-de.org/up3/ontology/strecken-ID": ["Section_Wuppertal_1225972_527"]}, "geometry": {"type": "LineString", "coordinates": [[7.1248263519, 51.2495157284, 139.94], [7.125445244, 51.2497983397, 139.97]]}}, {"type": "Feature", "id": "https://registry.gdi-de.org/de.nw/radnetz/instances/Section_Wuppertal_1224046_890_right", "name": "", "dateprops": [], "properties": {"http://rdfs.org/ns/void#inDataset": ["https://registry.gdi-de.org/de.nw/radnetz/instances/exnw_dataset"], "http://www.opengis.net/ont/geosparql#hasGeometry": ["https://registry.gdi-de.org/de.nw/radnetz/instances/Section_Wuppertal_1224046_890_right_geometry"], "http://www.w3.org/1999/02/22-rdf-syntax-ns#type": ["https://registry.gdi-de.org/up3/ontology/Streckenabschnitt_optional"], "https://registry.gdi-de.org/up3/ontology/beginntBeiKnoten": ["https://registry.gdi-de.org/de.nw/radnetz/instances/Knoten_Wuppertal_112660101"], "https://registry.gdi-de.org/up3/ontology/endetBeiKnoten": ["https://registry.gdi-de.org/de.nw/radnetz/instances/Knoten_Wuppertal_4003"], "https://registry.gdi-de.org/up3/ontology/fuehrung": ["https://registry.gdi-de.org/codelist/de.bund.balm.radnetz/Fuehrung/200"], "https://registry.gdi-de.org/up3/ontology/geometrieAbschnitt": ["https://registry.gdi-de.org/de.nw/radnetz/instances/Section_Wuppertal_1224046_890_right_geometry"], "https://registry.gdi-de.org/up3/ontology/licht": ["https://registry.gdi-de.org/codelist/de.bund.balm.radnetz/Licht/1"], "https://registry.gdi-de.org/up3/ontology/quell-ID": ["1224046"], "https://registry.gdi-de.org/up3/ontology/richtung": ["https://registry.gdi-de.org/codelist/de.bund.balm.radnetz/Richtung/2"], "https://registry.gdi-de.org/up3/ontology/steigung": ["5.600645"], "https://registry.gdi-de.org/up3/ontology/strecken-ID": ["Section_Wuppertal_1224046_890_right"]}, "geometry": {"type": "LineString", "coordinates": [[7.1235045212, 51.2780208144, 250.97], [7.1235510094, 51.2780596041, 0.0], [7.1240880308, 51.2785502907, 254.98]]}}, {"type": "Feature", "id": "https://registry.gdi-de.org/de.nw/radnetz/instances/Section_Wuppertal_1226780_627_right", "name": "", "dateprops": [], "properties": {"http://rdfs.org/ns/void#inDataset": ["https://registry.gdi-de.org/de.nw/radnetz/instances/exnw_dataset"], "http://www.opengis.net/ont/geosparql#hasGeometry": ["https://registry.gdi-de.org/de.nw/radnetz/instances/Section_Wuppertal_1226780_627_right_geometry"], "http://www.w3.org/1999/02/22-rdf-syntax-ns#type": ["https://registry.gdi-de.org/up3/ontology/Streckenabschnitt_optional"], "https://registry.gdi-de.org/up3/ontology/beginntBeiKnoten": ["https://registry.gdi-de.org/de.nw/radnetz/instances/Knoten_Wuppertal_110680101"], "https://registry.gdi-de.org/up3/ontology/endetBeiKnoten": ["https://registry.gdi-de.org/de.nw/radnetz/instances/Knoten_Wuppertal_3312"], "https://registry.gdi-de.org/up3/ontology/fuehrung": ["https://registry.gdi-de.org/codelist/de.bund.balm.radnetz/Fuehrung/200"], "https://registry.gdi-de.org/up3/ontology/geometrieAbschnitt": ["https://registry.gdi-de.org/de.nw/radnetz/instances/Section_Wuppertal_1226780_627_right_geometry"], "https://registry.gdi-de.org/up3/ontology/licht": ["https://registry.gdi-de.org/codelist/de.bund.balm.radnetz/Licht/1"], "https://registry.gdi-de.org/up3/ontology/quell-ID": ["1226780"], "https://registry.gdi-de.org/up3/ontology/richtung": ["https://registry.gdi-de.org/codelist/de.bund.balm.radnetz/Richtung/2"], "https://registry.gdi-de.org/up3/ontology/steigung": ["1.291357"], "https://registry.gdi-de.org/up3/ontology/strecken-ID": ["Section_Wuppertal_1226780_627_right"]}, "geometry": {"type": "LineString", "coordinates": [[7.1042320948, 51.252708726, 155.82], [7.1044024698, 51.2531555929, 156.48]]}}, {"type": "Feature", "id": "https://registry.gdi-de.org/de.nw/radnetz/instances/Section_Wuppertal_1226695_615", "name": "", "dateprops": [], "properties": {"http://rdfs.org/ns/void#inDataset": ["https://registry.gdi-de.org/de.nw/radnetz/instances/exnw_dataset"], "http://www.opengis.net/ont/geosparql#hasGeometry": ["https://registry.gdi-de.org/de.nw/radnetz/instances/Section_Wuppertal_1226695_615_geometry"], "http://www.w3.org/1999/02/22-rdf-syntax-ns#type": ["https://registry.gdi-de.org/up3/ontology/Streckenabschnitt_optional"], "https://registry.gdi-de.org/up3/ontology/beginntBeiKnoten": ["https://registry.gdi-de.org/de.nw/radnetz/instances/Knoten_Wuppertal_119610204"], "https://registry.gdi-de.org/up3/ontology/endetBeiKnoten": ["https://registry.gdi-de.org/de.nw/radnetz/instances/Knoten_Wuppertal_3365"], "https://registry.gdi-de.org/up3/ontology/fuehrung": ["https://registry.gdi-de.org/codelist/de.bund.balm.radnetz/Fuehrung/200"], "https://registry.gdi-de.org/up3/ontology/geometrieAbschnitt": ["https://registry.gdi-de.org/de.nw/radnetz/instances/Section_Wuppertal_1226695_615_geometry"], "https://registry.gdi-de.org/up3/ontology/licht": ["https://registry.gdi-de.org/codelist/de.bund.balm.radnetz/Licht/1"], "https://registry.gdi-de.org/up3/ontology/quell-ID": ["1226695"], "https://registry.gdi-de.org/up3/ontology/steigung": ["0.621586"], "https://registry.gdi-de.org/up3/ontology/strecken-ID": ["Section_Wuppertal_1226695_615"]}, "geometry": {"type": "LineString", "coordinates": [[7.1065843468, 51.2465930576, 137.02], [7.1065395919, 51.2465599868, 137.05]]}}, {"type": "Feature", "id": "https://registry.gdi-de.org/de.nw/radnetz/instances/Section_Wuppertal_1229627_737", "name": "", "dateprops": [], "properties": {"http://rdfs.org/ns/void#inDataset": ["https://registry.gdi-de.org/de.nw/radnetz/instances/exnw_dataset"], "http://www.opengis.net/ont/geosparql#hasGeometry": ["https://registry.gdi-de.org/de.nw/radnetz/instances/Section_Wuppertal_1229627_737_geometry"], "http://www.w3.org/1999/02/22-rdf-syntax-ns#type": ["https://registry.gdi-de.org/up3/ontology/Streckenabschnitt_optional"], "https://registry.gdi-de.org/up3/ontology/beginntBeiKnoten": ["https://registry.gdi-de.org/de.nw/radnetz/instances/Knoten_Wuppertal_7692"], "https://registry.gdi-de.org/up3/ontology/endetBeiKnoten": ["https://registry.gdi-de.org/de.nw/radnetz/instances/Knoten_Wuppertal_1189691165"], "https://registry.gdi-de.org/up3/ontology/fuehrung": ["https://registry.gdi-de.org/codelist/de.bund.balm.radnetz/Fuehrung/200"], "https://registry.gdi-de.org/up3/ontology/geometrieAbschnitt": ["https://registry.gdi-de.org/de.nw/radnetz/instances/Section_Wuppertal_1229627_737_geometry"], "https://registry.gdi-de.org/up3/ontology/licht": ["https://registry.gdi-de.org/codelist/de.bund.balm.radnetz/Licht/1"], "https://registry.gdi-de.org/up3/ontology/quell-ID": ["1229627"], "https://registry.gdi-de.org/up3/ontology/steigung": ["4.689673"], "https://registry.gdi-de.org/up3/ontology/strecken-ID": ["Section_Wuppertal_1229627_737"]}, "geometry": {"type": "LineString", "coordinates": [[7.2027042531, 51.2765193982, 166.78], [7.2027279985, 51.2766508335, 167.47]]}}, {"type": "Feature", "id": "https://registry.gdi-de.org/de.nw/radnetz/instances/Section_Wuppertal_1226410_567", "name": "", "dateprops": [], "properties": {"http://rdfs.org/ns/void#inDataset": ["https://registry.gdi-de.org/de.nw/radnetz/instances/exnw_dataset"], "http://www.opengis.net/ont/geosparql#hasGeometry": ["https://registry.gdi-de.org/de.nw/radnetz/instances/Section_Wuppertal_1226410_567_geometry"], "http://www.w3.org/1999/02/22-rdf-syntax-ns#type": ["https://registry.gdi-de.org/up3/ontology/Streckenabschnitt_optional"], "https://registry.gdi-de.org/up3/ontology/beginntBeiKnoten": ["https://registry.gdi-de.org/de.nw/radnetz/instances/Knoten_Wuppertal_7730"], "https://registry.gdi-de.org/up3/ontology/endetBeiKnoten": ["https://registry.gdi-de.org/de.nw/radnetz/instances/Knoten_Wuppertal_111020101"], "https://registry.gdi-de.org/up3/ontology/fuehrung": ["https://registry.gdi-de.org/codelist/de.bund.balm.radnetz/Fuehrung/200"], "https://registry.gdi-de.org/up3/ontology/geometrieAbschnitt": ["https://registry.gdi-de.org/de.nw/radnetz/instances/Section_Wuppertal_1226410_567_geometry"], "https://registry.gdi-de.org/up3/ontology/licht": ["https://registry.gdi-de.org/codelist/de.bund.balm.radnetz/Licht/1"], "https://registry.gdi-de.org/up3/ontology/quell-ID": ["1226410"], "https://registry.gdi-de.org/up3/ontology/steigung": ["4.811272"], "https://registry.gdi-de.org/up3/ontology/strecken-ID": ["Section_Wuppertal_1226410_567"]}, "geometry": {"type": "LineString", "coordinates": [[7.2036045252, 51.2744177911, 157.4], [7.2035856552, 51.2744535275, 0.0], [7.2033239082, 51.274922388, 160.26]]}}, {"type": "Feature", "id": "https://registry.gdi-de.org/de.nw/radnetz/instances/Section_Wuppertal_1226409_566", "name": "", "dateprops": [], "properties": {"http://rdfs.org/ns/void#inDataset": ["https://registry.gdi-de.org/de.nw/radnetz/instances/exnw_dataset"], "http://www.opengis.net/ont/geosparql#hasGeometry": ["https://registry.gdi-de.org/de.nw/radnetz/instances/Section_Wuppertal_1226409_566_geometry"], "http://www.w3.org/1999/02/22-rdf-syntax-ns#type": ["https://registry.gdi-de.org/up3/ontology/Streckenabschnitt_optional"], "https://registry.gdi-de.org/up3/ontology/beginntBeiKnoten": ["https://registry.gdi-de.org/de.nw/radnetz/instances/Knoten_Wuppertal_111020101"], "https://registry.gdi-de.org/up3/ontology/endetBeiKnoten": ["https://registry.gdi-de.org/de.nw/radnetz/instances/Knoten_Wuppertal_7696"], "https://registry.gdi-de.org/up3/ontology/fuehrung": ["https://registry.gdi-de.org/codelist/de.bund.balm.radnetz/Fuehrung/200"], "https://registry.gdi-de.org/up3/ontology/geometrieAbschnitt": ["https://registry.gdi-de.org/de.nw/radnetz/instances/Section_Wuppertal_1226409_566_geometry"], "https://registry.gdi-de.org/up3/ontology/licht": ["https://registry.gdi-de.org/codelist/de.bund.balm.radnetz/Licht/1"], "https://registry.gdi-de.org/up3/ontology/quell-ID": ["1226409"], "https://registry.gdi-de.org/up3/ontology/steigung": ["3.54665"], "https://registry.gdi-de.org/up3/ontology/strecken-ID": ["Section_Wuppertal_1226409_566"]}, "geometry": {"type": "LineString", "coordinates": [[7.2033239082, 51.274922388, 160.26], [7.203253428, 51.275048634, 0.0], [7.2028104359, 51.2761947407, 165.44]]}}, {"type": "Feature", "id": "https://registry.gdi-de.org/de.nw/radnetz/instances/Section_Wuppertal_1226991_1095", "name": "", "dateprops": [], "properties": {"http://rdfs.org/ns/void#inDataset": ["https://registry.gdi-de.org/de.nw/radnetz/instances/exnw_dataset"], "http://www.opengis.net/ont/geosparql#hasGeometry": ["https://registry.gdi-de.org/de.nw/radnetz/instances/Section_Wuppertal_1226991_1095_geometry"], "http://www.w3.org/1999/02/22-rdf-syntax-ns#type": ["https://registry.gdi-de.org/up3/ontology/Streckenabschnitt_optional"], "https://registry.gdi-de.org/up3/ontology/beginntBeiKnoten": ["https://registry.gdi-de.org/de.nw/radnetz/instances/Knoten_Wuppertal_5372"], "https://registry.gdi-de.org/up3/ontology/endetBeiKnoten": ["https://registry.gdi-de.org/de.nw/radnetz/instances/Knoten_Wuppertal_112490101"], "https://registry.gdi-de.org/up3/ontology/fuehrung": ["https://registry.gdi-de.org/codelist/de.bund.balm.radnetz/Fuehrung/200"], "https://registry.gdi-de.org/up3/ontology/geometrieAbschnitt": ["https://registry.gdi-de.org/de.nw/radnetz/instances/Section_Wuppertal_1226991_1095_geometry"], "https://registry.gdi-de.org/up3/ontology/licht": ["https://registry.gdi-de.org/codelist/de.bund.balm.radnetz/Licht/1"], "https://registry.gdi-de.org/up3/ontology/quell-ID": ["1226991"], "https://registry.gdi-de.org/up3/ontology/steigung": ["0.4532811"], "https://registry.gdi-de.org/up3/ontology/strecken-ID": ["Section_Wuppertal_1226991_1095"]}, "geometry": {"type": "LineString", "coordinates": [[7.1507668271, 51.2318002288, 0.0], [7.1507070237, 51.2317084421, 0.0]]}}, {"type": "Feature", "id": "https://registry.gdi-de.org/de.nw/radnetz/instances/Section_Wuppertal_9202_187", "name": "", "dateprops": [], "properties": {"http://rdfs.org/ns/void#inDataset": ["https://registry.gdi-de.org/de.nw/radnetz/instances/exnw_dataset"], "http://www.opengis.net/ont/geosparql#hasGeometry": ["https://registry.gdi-de.org/de.nw/radnetz/instances/Section_Wuppertal_9202_187_geometry"], "http://www.w3.org/1999/02/22-rdf-syntax-ns#type": ["https://registry.gdi-de.org/up3/ontology/Streckenabschnitt_optional"], "https://registry.gdi-de.org/up3/ontology/beginntBeiKnoten": ["https://registry.gdi-de.org/de.nw/radnetz/instances/Knoten_Wuppertal_3266"], "https://registry.gdi-de.org/up3/ontology/endetBeiKnoten": ["https://registry.gdi-de.org/de.nw/radnetz/instances/Knoten_Wuppertal_3269"], "https://registry.gdi-de.org/up3/ontology/fuehrung": ["https://registry.gdi-de.org/codelist/de.bund.balm.radnetz/Fuehrung/200"], "https://registry.gdi-de.org/up3/ontology/geometrieAbschnitt": ["https://registry.gdi-de.org/de.nw/radnetz/instances/Section_Wuppertal_9202_187_geometry"], "https://registry.gdi-de.org/up3/ontology/licht": ["https://registry.gdi-de.org/codelist/de.bund.balm.radnetz/Licht/1"], "https://registry.gdi-de.org/up3/ontology/quell-ID": ["9202"], "https://registry.gdi-de.org/up3/ontology/steigung": ["0.0888003"], "https://registry.gdi-de.org/up3/ontology/strecken-ID": ["Section_Wuppertal_9202_187"]}, "geometry": {"type": "LineString", "coordinates": [[7.102945077, 51.2415863983, 137.71], [7.103106974, 51.2426953981, 137.82]]}}, {"type": "Feature", "id": "https://registry.gdi-de.org/de.nw/radnetz/instances/Section_Wuppertal_1226584_594", "name": "", "dateprops": [], "properties": {"http://rdfs.org/ns/void#inDataset": ["https://registry.gdi-de.org/de.nw/radnetz/instances/exnw_dataset"], "http://www.opengis.net/ont/geosparql#hasGeometry": ["https://registry.gdi-de.org/de.nw/radnetz/instances/Section_Wuppertal_1226584_594_geometry"], "http://www.w3.org/1999/02/22-rdf-syntax-ns#type": ["https://registry.gdi-de.org/up3/ontology/Streckenabschnitt_optional"], "https://registry.gdi-de.org/up3/ontology/beginntBeiKnoten": ["https://registry.gdi-de.org/de.nw/radnetz/instances/Knoten_Wuppertal_111030102"], "https://registry.gdi-de.org/up3/ontology/endetBeiKnoten": ["https://registry.gdi-de.org/de.nw/radnetz/instances/Knoten_Wuppertal_7716"], "https://registry.gdi-de.org/up3/ontology/fuehrung": ["https://registry.gdi-de.org/codelist/de.bund.balm.radnetz/Fuehrung/200"], "https://registry.gdi-de.org/up3/ontology/geometrieAbschnitt": ["https://registry.gdi-de.org/de.nw/radnetz/instances/Section_Wuppertal_1226584_594_geometry"], "https://registry.gdi-de.org/up3/ontology/licht": ["https://registry.gdi-de.org/codelist/de.bund.balm.radnetz/Licht/1"], "https://registry.gdi-de.org/up3/ontology/quell-ID": ["1226584"], "https://registry.gdi-de.org/up3/ontology/steigung": ["2.607473"], "https://registry.gdi-de.org/up3/ontology/strecken-ID": ["Section_Wuppertal_1226584_594"]}, "geometry": {"type": "LineString", "coordinates": [[7.203092958, 51.2773976351, 170.45], [7.2032681844, 51.2778428431, 171.78]]}}, {"type": "Feature", "id": "https://registry.gdi-de.org/de.nw/radnetz/instances/Section_Wuppertal_1228057_693", "name": "", "dateprops": [], "properties": {"http://rdfs.org/ns/void#inDataset": ["https://registry.gdi-de.org/de.nw/radnetz/instances/exnw_dataset"], "http://www.opengis.net/ont/geosparql#hasGeometry": ["https://registry.gdi-de.org/de.nw/radnetz/instances/Section_Wuppertal_1228057_693_geometry"], "http://www.w3.org/1999/02/22-rdf-syntax-ns#type": ["https://registry.gdi-de.org/up3/ontology/Streckenabschnitt_optional"], "https://registry.gdi-de.org/up3/ontology/beginntBeiKnoten": ["https://registry.gdi-de.org/de.nw/radnetz/instances/Knoten_Wuppertal_119610203"], "https://registry.gdi-de.org/up3/ontology/endetBeiKnoten": ["https://registry.gdi-de.org/de.nw/radnetz/instances/Knoten_Wuppertal_1189690404"], "https://registry.gdi-de.org/up3/ontology/fuehrung": ["https://registry.gdi-de.org/codelist/de.bund.balm.radnetz/Fuehrung/200"], "https://registry.gdi-de.org/up3/ontology/geometrieAbschnitt": ["https://registry.gdi-de.org/de.nw/radnetz/instances/Section_Wuppertal_1228057_693_geometry"], "https://registry.gdi-de.org/up3/ontology/licht": ["https://registry.gdi-de.org/codelist/de.bund.balm.radnetz/Licht/1"], "https://registry.gdi-de.org/up3/ontology/quell-ID": ["1228057"], "https://registry.gdi-de.org/up3/ontology/steigung": ["0.09648943"], "https://registry.gdi-de.org/up3/ontology/strecken-ID": ["Section_Wuppertal_1228057_693"]}, "geometry": {"type": "LineString", "coordinates": [[7.1067646447, 51.2466929842, 136.93], [7.1080549058, 51.2477634203, 0.0], [7.1086754299, 51.248238623, 137.14]]}}, {"type": "Feature", "id": "https://registry.gdi-de.org/de.nw/radnetz/instances/Section_Wuppertal_1229951_1012", "name": "", "dateprops": [], "properties": {"http://rdfs.org/ns/void#inDataset": ["https://registry.gdi-de.org/de.nw/radnetz/instances/exnw_dataset"], "http://www.opengis.net/ont/geosparql#hasGeometry": ["https://registry.gdi-de.org/de.nw/radnetz/instances/Section_Wuppertal_1229951_1012_geometry"], "http://www.w3.org/1999/02/22-rdf-syntax-ns#type": ["https://registry.gdi-de.org/up3/ontology/Streckenabschnitt_optional"], "https://registry.gdi-de.org/up3/ontology/beginntBeiKnoten": ["https://registry.gdi-de.org/de.nw/radnetz/instances/Knoten_Wuppertal_1189691384"], "https://registry.gdi-de.org/up3/ontology/endetBeiKnoten": ["https://registry.gdi-de.org/de.nw/radnetz/instances/Knoten_Wuppertal_3252"], "https://registry.gdi-de.org/up3/ontology/fuehrung": ["https://registry.gdi-de.org/codelist/de.bund.balm.radnetz/Fuehrung/200"], "https://registry.gdi-de.org/up3/ontology/geometrieAbschnitt": ["https://registry.gdi-de.org/de.nw/radnetz/instances/Section_Wuppertal_1229951_1012_geometry"], "https://registry.gdi-de.org/up3/ontology/licht": ["https://registry.gdi-de.org/codelist/de.bund.balm.radnetz/Licht/1"], "https://registry.gdi-de.org/up3/ontology/quell-ID": ["1229951"], "https://registry.gdi-de.org/up3/ontology/steigung": ["1.12147"], "https://registry.gdi-de.org/up3/ontology/strecken-ID": ["Section_Wuppertal_1229951_1012"]}, "geometry": {"type": "LineString", "coordinates": [[7.101317467, 51.2371115536, 0.0], [7.1021921977, 51.2374198721, 0.0], [7.1024484265, 51.2376442899, 139.73]]}}, {"type": "Feature", "id": "https://registry.gdi-de.org/de.nw/radnetz/instances/Section_Wuppertal_1223745_385", "name": "", "dateprops": [], "properties": {"http://rdfs.org/ns/void#inDataset": ["https://registry.gdi-de.org/de.nw/radnetz/instances/exnw_dataset"], "http://www.opengis.net/ont/geosparql#hasGeometry": ["https://registry.gdi-de.org/de.nw/radnetz/instances/Section_Wuppertal_1223745_385_geometry"], "http://www.w3.org/1999/02/22-rdf-syntax-ns#type": ["https://registry.gdi-de.org/up3/ontology/Streckenabschnitt_optional"], "https://registry.gdi-de.org/up3/ontology/beginntBeiKnoten": ["https://registry.gdi-de.org/de.nw/radnetz/instances/Knoten_Wuppertal_113060204"], "https://registry.gdi-de.org/up3/ontology/endetBeiKnoten": ["https://registry.gdi-de.org/de.nw/radnetz/instances/Knoten_Wuppertal_3252"], "https://registry.gdi-de.org/up3/ontology/fuehrung": ["https://registry.gdi-de.org/codelist/de.bund.balm.radnetz/Fuehrung/200"], "https://registry.gdi-de.org/up3/ontology/geometrieAbschnitt": ["https://registry.gdi-de.org/de.nw/radnetz/instances/Section_Wuppertal_1223745_385_geometry"], "https://registry.gdi-de.org/up3/ontology/licht": ["https://registry.gdi-de.org/codelist/de.bund.balm.radnetz/Licht/1"], "https://registry.gdi-de.org/up3/ontology/quell-ID": ["1223745"], "https://registry.gdi-de.org/up3/ontology/steigung": ["6.245073"], "https://registry.gdi-de.org/up3/ontology/strecken-ID": ["Section_Wuppertal_1223745_385"]}, "geometry": {"type": "LineString", "coordinates": [[7.1026754567, 51.2379447423, 137.42], [7.1024484265, 51.2376442899, 139.73]]}}, {"type": "Feature", "id": "https://registry.gdi-de.org/de.nw/radnetz/instances/Section_Wuppertal_1229710_750", "name": "", "dateprops": [], "properties": {"http://rdfs.org/ns/void#inDataset": ["https://registry.gdi-de.org/de.nw/radnetz/instances/exnw_dataset"], "http://www.opengis.net/ont/geosparql#hasGeometry": ["https://registry.gdi-de.org/de.nw/radnetz/instances/Section_Wuppertal_1229710_750_geometry"], "http://www.w3.org/1999/02/22-rdf-syntax-ns#type": ["https://registry.gdi-de.org/up3/ontology/Streckenabschnitt_optional"], "https://registry.gdi-de.org/up3/ontology/beginntBeiKnoten": ["https://registry.gdi-de.org/de.nw/radnetz/instances/Knoten_Wuppertal_1189691204"], "https://registry.gdi-de.org/up3/ontology/endetBeiKnoten": ["https://registry.gdi-de.org/de.nw/radnetz/instances/Knoten_Wuppertal_3979"], "https://registry.gdi-de.org/up3/ontology/fuehrung": ["https://registry.gdi-de.org/codelist/de.bund.balm.radnetz/Fuehrung/200"], "https://registry.gdi-de.org/up3/ontology/geometrieAbschnitt": ["https://registry.gdi-de.org/de.nw/radnetz/instances/Section_Wuppertal_1229710_750_geometry"], "https://registry.gdi-de.org/up3/ontology/licht": ["https://registry.gdi-de.org/codelist/de.bund.balm.radnetz/Licht/1"], "https://registry.gdi-de.org/up3/ontology/quell-ID": ["1229710"], "https://registry.gdi-de.org/up3/ontology/steigung": ["0.1406917"], "https://registry.gdi-de.org/up3/ontology/strecken-ID": ["Section_Wuppertal_1229710_750"]}, "geometry": {"type": "LineString", "coordinates": [[7.1246578364, 51.2494351032, 139.9], [7.1247401763, 51.2494751616, 139.9053], [7.1248196651, 51.2495126751, 139.92]]}}, {"type": "Feature", "id": "https://registry.gdi-de.org/de.nw/radnetz/instances/Section_Wuppertal_1226729_897", "name": "", "dateprops": [], "properties": {"http://rdfs.org/ns/void#inDataset": ["https://registry.gdi-de.org/de.nw/radnetz/instances/exnw_dataset"], "http://www.opengis.net/ont/geosparql#hasGeometry": ["https://registry.gdi-de.org/de.nw/radnetz/instances/Section_Wuppertal_1226729_897_geometry"], "http://www.w3.org/1999/02/22-rdf-syntax-ns#type": ["https://registry.gdi-de.org/up3/ontology/Streckenabschnitt_optional"], "https://registry.gdi-de.org/up3/ontology/beginntBeiKnoten": ["https://registry.gdi-de.org/de.nw/radnetz/instances/Knoten_Wuppertal_116230103"], "https://registry.gdi-de.org/up3/ontology/endetBeiKnoten": ["https://registry.gdi-de.org/de.nw/radnetz/instances/Knoten_Wuppertal_9182"], "https://registry.gdi-de.org/up3/ontology/fuehrung": ["https://registry.gdi-de.org/codelist/de.bund.balm.radnetz/Fuehrung/200"], "https://registry.gdi-de.org/up3/ontology/geometrieAbschnitt": ["https://registry.gdi-de.org/de.nw/radnetz/instances/Section_Wuppertal_1226729_897_geometry"], "https://registry.gdi-de.org/up3/ontology/licht": ["https://registry.gdi-de.org/codelist/de.bund.balm.radnetz/Licht/1"], "https://registry.gdi-de.org/up3/ontology/quell-ID": ["1226729"], "https://registry.gdi-de.org/up3/ontology/steigung": ["5.738983"], "https://registry.gdi-de.org/up3/ontology/strecken-ID": ["Section_Wuppertal_1226729_897"]}, "geometry": {"type": "LineString", "coordinates": [[7.2440041787, 51.281490304, 175.46], [7.2438814767, 51.2818390897, 177.74]]}}, {"type": "Feature", "id": "https://registry.gdi-de.org/de.nw/radnetz/instances/Section_Wuppertal_1226696_616", "name": "", "dateprops": [], "properties": {"http://rdfs.org/ns/void#inDataset": ["https://registry.gdi-de.org/de.nw/radnetz/instances/exnw_dataset"], "http://www.opengis.net/ont/geosparql#hasGeometry": ["https://registry.gdi-de.org/de.nw/radnetz/instances/Section_Wuppertal_1226696_616_geometry"], "http://www.w3.org/1999/02/22-rdf-syntax-ns#type": ["https://registry.gdi-de.org/up3/ontology/Streckenabschnitt_optional"], "https://registry.gdi-de.org/up3/ontology/beginntBeiKnoten": ["https://registry.gdi-de.org/de.nw/radnetz/instances/Knoten_Wuppertal_119610203"], "https://registry.gdi-de.org/up3/ontology/endetBeiKnoten": ["https://registry.gdi-de.org/de.nw/radnetz/instances/Knoten_Wuppertal_119610204"], "https://registry.gdi-de.org/up3/ontology/fuehrung": ["https://registry.gdi-de.org/codelist/de.bund.balm.radnetz/Fuehrung/200"], "https://registry.gdi-de.org/up3/ontology/geometrieAbschnitt": ["https://registry.gdi-de.org/de.nw/radnetz/instances/Section_Wuppertal_1226696_616_geometry"], "https://registry.gdi-de.org/up3/ontology/licht": ["https://registry.gdi-de.org/codelist/de.bund.balm.radnetz/Licht/1"], "https://registry.gdi-de.org/up3/ontology/quell-ID": ["1226696"], "https://registry.gdi-de.org/up3/ontology/steigung": ["0.5359653"], "https://registry.gdi-de.org/up3/ontology/strecken-ID": ["Section_Wuppertal_1226696_616"]}, "geometry": {"type": "LineString", "coordinates": [[7.1067646447, 51.2466929842, 136.93], [7.1065843468, 51.2465930576, 137.02]]}}, {"type": "Feature", "id": "https://registry.gdi-de.org/de.nw/radnetz/instances/Section_Wuppertal_5698_888_right", "name": "", "dateprops": [], "properties": {"http://rdfs.org/ns/void#inDataset": ["https://registry.gdi-de.org/de.nw/radnetz/instances/exnw_dataset"], "http://www.opengis.net/ont/geosparql#hasGeometry": ["https://registry.gdi-de.org/de.nw/radnetz/instances/Section_Wuppertal_5698_888_right_geometry"], "http://www.w3.org/1999/02/22-rdf-syntax-ns#type": ["https://registry.gdi-de.org/up3/ontology/Streckenabschnitt_optional"], "https://registry.gdi-de.org/up3/ontology/beginntBeiKnoten": ["https://registry.gdi-de.org/de.nw/radnetz/instances/Knoten_Wuppertal_3915"], "https://registry.gdi-de.org/up3/ontology/endetBeiKnoten": ["https://registry.gdi-de.org/de.nw/radnetz/instances/Knoten_Wuppertal_3938"], "https://registry.gdi-de.org/up3/ontology/fuehrung": ["https://registry.gdi-de.org/codelist/de.bund.balm.radnetz/Fuehrung/200"], "https://registry.gdi-de.org/up3/ontology/geometrieAbschnitt": ["https://registry.gdi-de.org/de.nw/radnetz/instances/Section_Wuppertal_5698_888_right_geometry"], "https://registry.gdi-de.org/up3/ontology/licht": ["https://registry.gdi-de.org/codelist/de.bund.balm.radnetz/Licht/1"], "https://registry.gdi-de.org/up3/ontology/quell-ID": ["5698"], "https://registry.gdi-de.org/up3/ontology/richtung": ["https://registry.gdi-de.org/codelist/de.bund.balm.radnetz/Richtung/2"], "https://registry.gdi-de.org/up3/ontology/steigung": ["5.745101"], "https://registry.gdi-de.org/up3/ontology/strecken-ID": ["Section_Wuppertal_5698_888_right"]}, "geometry": {"type": "LineString", "coordinates": [[7.1220850153, 51.2754029376, 233.32], [7.1220969977, 51.2756481213, 0.0], [7.1226371543, 51.2772338925, 245.25]]}}, {"type": "Feature", "id": "https://registry.gdi-de.org/de.nw/radnetz/instances/Section_Wuppertal_1225988_529_right", "name": "", "dateprops": [], "properties": {"http://rdfs.org/ns/void#inDataset": ["https://registry.gdi-de.org/de.nw/radnetz/instances/exnw_dataset"], "http://www.opengis.net/ont/geosparql#hasGeometry": ["https://registry.gdi-de.org/de.nw/radnetz/instances/Section_Wuppertal_1225988_529_right_geometry"], "http://www.w3.org/1999/02/22-rdf-syntax-ns#type": ["https://registry.gdi-de.org/up3/ontology/Streckenabschnitt_optional"], "https://registry.gdi-de.org/up3/ontology/beginntBeiKnoten": ["https://registry.gdi-de.org/de.nw/radnetz/instances/Knoten_Wuppertal_60227"], "https://registry.gdi-de.org/up3/ontology/endetBeiKnoten": ["https://registry.gdi-de.org/de.nw/radnetz/instances/Knoten_Wuppertal_113780101"], "https://registry.gdi-de.org/up3/ontology/fuehrung": ["https://registry.gdi-de.org/codelist/de.bund.balm.radnetz/Fuehrung/200"], "https://registry.gdi-de.org/up3/ontology/geometrieAbschnitt": ["https://registry.gdi-de.org/de.nw/radnetz/instances/Section_Wuppertal_1225988_529_right_geometry"], "https://registry.gdi-de.org/up3/ontology/licht": ["https://registry.gdi-de.org/codelist/de.bund.balm.radnetz/Licht/1"], "https://registry.gdi-de.org/up3/ontology/quell-ID": ["1225988"], "https://registry.gdi-de.org/up3/ontology/richtung": ["https://registry.gdi-de.org/codelist/de.bund.balm.radnetz/Richtung/2"], "https://registry.gdi-de.org/up3/ontology/steigung": ["5.769837"], "https://registry.gdi-de.org/up3/ontology/strecken-ID": ["Section_Wuppertal_1225988_529_right"]}, "geometry": {"type": "LineString", "coordinates": [[7.1123974754, 51.2599248802, 187.41], [7.1125087145, 51.2599916705, 188.03]]}}, {"type": "Feature", "id": "https://registry.gdi-de.org/de.nw/radnetz/instances/Section_Wuppertal_1225870_513", "name": "", "dateprops": [], "properties": {"http://rdfs.org/ns/void#inDataset": ["https://registry.gdi-de.org/de.nw/radnetz/instances/exnw_dataset"], "http://www.opengis.net/ont/geosparql#hasGeometry": ["https://registry.gdi-de.org/de.nw/radnetz/instances/Section_Wuppertal_1225870_513_geometry"], "http://www.w3.org/1999/02/22-rdf-syntax-ns#type": ["https://registry.gdi-de.org/up3/ontology/Streckenabschnitt_optional"], "https://registry.gdi-de.org/up3/ontology/beginntBeiKnoten": ["https://registry.gdi-de.org/de.nw/radnetz/instances/Knoten_Wuppertal_110670102"], "https://registry.gdi-de.org/up3/ontology/endetBeiKnoten": ["https://registry.gdi-de.org/de.nw/radnetz/instances/Knoten_Wuppertal_3378"], "https://registry.gdi-de.org/up3/ontology/fuehrung": ["https://registry.gdi-de.org/codelist/de.bund.balm.radnetz/Fuehrung/200"], "https://registry.gdi-de.org/up3/ontology/geometrieAbschnitt": ["https://registry.gdi-de.org/de.nw/radnetz/instances/Section_Wuppertal_1225870_513_geometry"], "https://registry.gdi-de.org/up3/ontology/licht": ["https://registry.gdi-de.org/codelist/de.bund.balm.radnetz/Licht/1"], "https://registry.gdi-de.org/up3/ontology/quell-ID": ["1225870"], "https://registry.gdi-de.org/up3/ontology/steigung": ["2.521552"], "https://registry.gdi-de.org/up3/ontology/strecken-ID": ["Section_Wuppertal_1225870_513"]}, "geometry": {"type": "LineString", "coordinates": [[7.1065936612, 51.2560914727, 164.39], [7.1068569384, 51.2563412742, 165.23]]}}, {"type": "Feature", "id": "https://registry.gdi-de.org/de.nw/radnetz/instances/Section_Wuppertal_1228051_691_right", "name": "", "dateprops": [], "properties": {"http://rdfs.org/ns/void#inDataset": ["https://registry.gdi-de.org/de.nw/radnetz/instances/exnw_dataset"], "http://www.opengis.net/ont/geosparql#hasGeometry": ["https://registry.gdi-de.org/de.nw/radnetz/instances/Section_Wuppertal_1228051_691_right_geometry"], "http://www.w3.org/1999/02/22-rdf-syntax-ns#type": ["https://registry.gdi-de.org/up3/ontology/Streckenabschnitt_optional"], "https://registry.gdi-de.org/up3/ontology/beginntBeiKnoten": ["https://registry.gdi-de.org/de.nw/radnetz/instances/Knoten_Wuppertal_3378"], "https://registry.gdi-de.org/up3/ontology/endetBeiKnoten": ["https://registry.gdi-de.org/de.nw/radnetz/instances/Knoten_Wuppertal_1189690401"], "https://registry.gdi-de.org/up3/ontology/fuehrung": ["https://registry.gdi-de.org/codelist/de.bund.balm.radnetz/Fuehrung/200"], "https://registry.gdi-de.org/up3/ontology/geometrieAbschnitt": ["https://registry.gdi-de.org/de.nw/radnetz/instances/Section_Wuppertal_1228051_691_right_geometry"], "https://registry.gdi-de.org/up3/ontology/licht": ["https://registry.gdi-de.org/codelist/de.bund.balm.radnetz/Licht/1"], "https://registry.gdi-de.org/up3/ontology/quell-ID": ["1228051"], "https://registry.gdi-de.org/up3/ontology/richtung": ["https://registry.gdi-de.org/codelist/de.bund.balm.radnetz/Richtung/2"], "https://registry.gdi-de.org/up3/ontology/steigung": ["2.533598"], "https://registry.gdi-de.org/up3/ontology/strecken-ID": ["Section_Wuppertal_1228051_691_right"]}, "geometry": {"type": "LineString", "coordinates": [[7.1068569384, 51.2563412742, 165.23], [7.1086920567, 51.2576999124, 0.0], [7.1092439772, 51.2580313415, 171.6]]}}, {"type": "Feature", "id": "https://registry.gdi-de.org/de.nw/radnetz/instances/Section_Wuppertal_1226425_572", "name": "", "dateprops": [], "properties": {"http://rdfs.org/ns/void#inDataset": ["https://registry.gdi-de.org/de.nw/radnetz/instances/exnw_dataset"], "http://www.opengis.net/ont/geosparql#hasGeometry": ["https://registry.gdi-de.org/de.nw/radnetz/instances/Section_Wuppertal_1226425_572_geometry"], "http://www.w3.org/1999/02/22-rdf-syntax-ns#type": ["https://registry.gdi-de.org/up3/ontology/Streckenabschnitt_optional"], "https://registry.gdi-de.org/up3/ontology/beginntBeiKnoten": ["https://registry.gdi-de.org/de.nw/radnetz/instances/Knoten_Wuppertal_7716"], "https://registry.gdi-de.org/up3/ontology/endetBeiKnoten": ["https://registry.gdi-de.org/de.nw/radnetz/instances/Knoten_Wuppertal_111030101"], "https://registry.gdi-de.org/up3/ontology/fuehrung": ["https://registry.gdi-de.org/codelist/de.bund.balm.radnetz/Fuehrung/200"], "https://registry.gdi-de.org/up3/ontology/geometrieAbschnitt": ["https://registry.gdi-de.org/de.nw/radnetz/instances/Section_Wuppertal_1226425_572_geometry"], "https://registry.gdi-de.org/up3/ontology/licht": ["https://registry.gdi-de.org/codelist/de.bund.balm.radnetz/Licht/1"], "https://registry.gdi-de.org/up3/ontology/quell-ID": ["1226425"], "https://registry.gdi-de.org/up3/ontology/steigung": ["2.519728"], "https://registry.gdi-de.org/up3/ontology/strecken-ID": ["Section_Wuppertal_1226425_572"]}, "geometry": {"type": "LineString", "coordinates": [[7.2032681844, 51.2778428431, 171.78], [7.203507083, 51.2781587748, 172.76]]}}, {"type": "Feature", "id": "https://registry.gdi-de.org/de.nw/radnetz/instances/Section_Wuppertal_12324_263_right", "name": "", "dateprops": [], "properties": {"http://rdfs.org/ns/void#inDataset": ["https://registry.gdi-de.org/de.nw/radnetz/instances/exnw_dataset"], "http://www.opengis.net/ont/geosparql#hasGeometry": ["https://registry.gdi-de.org/de.nw/radnetz/instances/Section_Wuppertal_12324_263_right_geometry"], "http://www.w3.org/1999/02/22-rdf-syntax-ns#type": ["https://registry.gdi-de.org/up3/ontology/Streckenabschnitt_optional"], "https://registry.gdi-de.org/up3/ontology/beginntBeiKnoten": ["https://registry.gdi-de.org/de.nw/radnetz/instances/Knoten_Wuppertal_2467"], "https://registry.gdi-de.org/up3/ontology/endetBeiKnoten": ["https://registry.gdi-de.org/de.nw/radnetz/instances/Knoten_Wuppertal_2438"], "https://registry.gdi-de.org/up3/ontology/fuehrung": ["https://registry.gdi-de.org/codelist/de.bund.balm.radnetz/Fuehrung/200"], "https://registry.gdi-de.org/up3/ontology/geometrieAbschnitt": ["https://registry.gdi-de.org/de.nw/radnetz/instances/Section_Wuppertal_12324_263_right_geometry"], "https://registry.gdi-de.org/up3/ontology/licht": ["https://registry.gdi-de.org/codelist/de.bund.balm.radnetz/Licht/1"], "https://registry.gdi-de.org/up3/ontology/quell-ID": ["12324"], "https://registry.gdi-de.org/up3/ontology/richtung": ["https://registry.gdi-de.org/codelist/de.bund.balm.radnetz/Richtung/2"], "https://registry.gdi-de.org/up3/ontology/steigung": ["0.159042"], "https://registry.gdi-de.org/up3/ontology/strecken-ID": ["Section_Wuppertal_12324_263_right"]}, "geometry": {"type": "LineString", "coordinates": [[7.0659193506, 51.2259812813, 200.96], [7.0653295991, 51.2257720595, 0.0], [7.0648245905, 51.2255891953, 201.1]]}}, {"type": "Feature", "id": "https://registry.gdi-de.org/de.nw/radnetz/instances/Section_Wuppertal_1228052_692_right", "name": "", "dateprops": [], "properties": {"http://rdfs.org/ns/void#inDataset": ["https://registry.gdi-de.org/de.nw/radnetz/instances/exnw_dataset"], "http://www.opengis.net/ont/geosparql#hasGeometry": ["https://registry.gdi-de.org/de.nw/radnetz/instances/Section_Wuppertal_1228052_692_right_geometry"], "http://www.w3.org/1999/02/22-rdf-syntax-ns#type": ["https://registry.gdi-de.org/up3/ontology/Streckenabschnitt_optional"], "https://registry.gdi-de.org/up3/ontology/beginntBeiKnoten": ["https://registry.gdi-de.org/de.nw/radnetz/instances/Knoten_Wuppertal_1189690401"], "https://registry.gdi-de.org/up3/ontology/endetBeiKnoten": ["https://registry.gdi-de.org/de.nw/radnetz/instances/Knoten_Wuppertal_60227"], "https://registry.gdi-de.org/up3/ontology/fuehrung": ["https://registry.gdi-de.org/codelist/de.bund.balm.radnetz/Fuehrung/200"], "https://registry.gdi-de.org/up3/ontology/geometrieAbschnitt": ["https://registry.gdi-de.org/de.nw/radnetz/instances/Section_Wuppertal_1228052_692_right_geometry"], "https://registry.gdi-de.org/up3/ontology/licht": ["https://registry.gdi-de.org/codelist/de.bund.balm.radnetz/Licht/1"], "https://registry.gdi-de.org/up3/ontology/quell-ID": ["1228052"], "https://registry.gdi-de.org/up3/ontology/richtung": ["https://registry.gdi-de.org/codelist/de.bund.balm.radnetz/Richtung/2"], "https://registry.gdi-de.org/up3/ontology/steigung": ["5.189809"], "https://registry.gdi-de.org/up3/ontology/strecken-ID": ["Section_Wuppertal_1228052_692_right"]}, "geometry": {"type": "LineString", "coordinates": [[7.1092439772, 51.2580313415, 171.6], [7.1123974754, 51.2599248802, 187.41]]}}, {"type": "Feature", "id": "https://registry.gdi-de.org/de.nw/radnetz/instances/Section_Wuppertal_9555_193", "name": "", "dateprops": [], "properties": {"http://rdfs.org/ns/void#inDataset": ["https://registry.gdi-de.org/de.nw/radnetz/instances/exnw_dataset"], "http://www.opengis.net/ont/geosparql#hasGeometry": ["https://registry.gdi-de.org/de.nw/radnetz/instances/Section_Wuppertal_9555_193_geometry"], "http://www.w3.org/1999/02/22-rdf-syntax-ns#type": ["https://registry.gdi-de.org/up3/ontology/Streckenabschnitt_optional"], "https://registry.gdi-de.org/up3/ontology/beginntBeiKnoten": ["https://registry.gdi-de.org/de.nw/radnetz/instances/Knoten_Wuppertal_7696"], "https://registry.gdi-de.org/up3/ontology/endetBeiKnoten": ["https://registry.gdi-de.org/de.nw/radnetz/instances/Knoten_Wuppertal_7692"], "https://registry.gdi-de.org/up3/ontology/fuehrung": ["https://registry.gdi-de.org/codelist/de.bund.balm.radnetz/Fuehrung/200"], "https://registry.gdi-de.org/up3/ontology/geometrieAbschnitt": ["https://registry.gdi-de.org/de.nw/radnetz/instances/Section_Wuppertal_9555_193_geometry"], "https://registry.gdi-de.org/up3/ontology/licht": ["https://registry.gdi-de.org/codelist/de.bund.balm.radnetz/Licht/1"], "https://registry.gdi-de.org/up3/ontology/quell-ID": ["9555"], "https://registry.gdi-de.org/up3/ontology/steigung": ["3.635001"], "https://registry.gdi-de.org/up3/ontology/strecken-ID": ["Section_Wuppertal_9555_193"]}, "geometry": {"type": "LineString", "coordinates": [[7.2028104359, 51.2761947407, 165.44], [7.2027042531, 51.2765193982, 166.78]]}}, {"type": "Feature", "id": "https://registry.gdi-de.org/de.nw/radnetz/instances/Section_Wuppertal_1462_32", "name": "", "dateprops": [], "properties": {"http://rdfs.org/ns/void#inDataset": ["https://registry.gdi-de.org/de.nw/radnetz/instances/exnw_dataset"], "http://www.opengis.net/ont/geosparql#hasGeometry": ["https://registry.gdi-de.org/de.nw/radnetz/instances/Section_Wuppertal_1462_32_geometry"], "http://www.w3.org/1999/02/22-rdf-syntax-ns#type": ["https://registry.gdi-de.org/up3/ontology/Streckenabschnitt_optional"], "https://registry.gdi-de.org/up3/ontology/beginntBeiKnoten": ["https://registry.gdi-de.org/de.nw/radnetz/instances/Knoten_Wuppertal_4295"], "https://registry.gdi-de.org/up3/ontology/endetBeiKnoten": ["https://registry.gdi-de.org/de.nw/radnetz/instances/Knoten_Wuppertal_4310"], "https://registry.gdi-de.org/up3/ontology/fuehrung": ["https://registry.gdi-de.org/codelist/de.bund.balm.radnetz/Fuehrung/200"], "https://registry.gdi-de.org/up3/ontology/geometrieAbschnitt": ["https://registry.gdi-de.org/de.nw/radnetz/instances/Section_Wuppertal_1462_32_geometry"], "https://registry.gdi-de.org/up3/ontology/licht": ["https://registry.gdi-de.org/codelist/de.bund.balm.radnetz/Licht/1"], "https://registry.gdi-de.org/up3/ontology/quell-ID": ["1462"], "https://registry.gdi-de.org/up3/ontology/steigung": ["0.18556"], "https://registry.gdi-de.org/up3/ontology/strecken-ID": ["Section_Wuppertal_1462_32"]}, "geometry": {"type": "LineString", "coordinates": [[7.1301983547, 51.2520193316, 140.6], [7.1304476739, 51.2521336886, 140.64]]}}, {"type": "Feature", "id": "https://registry.gdi-de.org/de.nw/radnetz/instances/Section_Wuppertal_1224081_402", "name": "", "dateprops": [], "properties": {"http://rdfs.org/ns/void#inDataset": ["https://registry.gdi-de.org/de.nw/radnetz/instances/exnw_dataset"], "http://www.opengis.net/ont/geosparql#hasGeometry": ["https://registry.gdi-de.org/de.nw/radnetz/instances/Section_Wuppertal_1224081_402_geometry"], "http://www.w3.org/1999/02/22-rdf-syntax-ns#type": ["https://registry.gdi-de.org/up3/ontology/Streckenabschnitt_optional"], "https://registry.gdi-de.org/up3/ontology/beginntBeiKnoten": ["https://registry.gdi-de.org/de.nw/radnetz/instances/Knoten_Wuppertal_3647"], "https://registry.gdi-de.org/up3/ontology/endetBeiKnoten": ["https://registry.gdi-de.org/de.nw/radnetz/instances/Knoten_Wuppertal_113820204"], "https://registry.gdi-de.org/up3/ontology/fuehrung": ["https://registry.gdi-de.org/codelist/de.bund.balm.radnetz/Fuehrung/200"], "https://registry.gdi-de.org/up3/ontology/geometrieAbschnitt": ["https://registry.gdi-de.org/de.nw/radnetz/instances/Section_Wuppertal_1224081_402_geometry"], "https://registry.gdi-de.org/up3/ontology/licht": ["https://registry.gdi-de.org/codelist/de.bund.balm.radnetz/Licht/1"], "https://registry.gdi-de.org/up3/ontology/quell-ID": ["1224081"], "https://registry.gdi-de.org/up3/ontology/steigung": ["0.3268689"], "https://registry.gdi-de.org/up3/ontology/strecken-ID": ["Section_Wuppertal_1224081_402"]}, "geometry": {"type": "LineString", "coordinates": [[7.1157309573, 51.2495061995, 138.11], [7.1177586117, 51.2492531829, 0.0], [7.1181436111, 51.24922938, 138.67]]}}], "numberMatched": 86, "numberReturned": 86, "bbox": [7.0618508439, 51.2248794843, 7.2441659638, 51.2999136197], "crs": "http://www.opengis.net/def/crs/EPSG/0/4326"}