{"type": "FeatureCollection", "id": "https://registry.gdi-de.org/codelist/de.bund.balm.radnetz/Licht/0", "name": "0", "features": [{"type": "Feature", "id": "https://registry.gdi-de.org/de.nw/radnetz/instances/Section_Wuppertal_1226912_648_left", "name": "", "dateprops": [], "properties": {"http://rdfs.org/ns/void#inDataset": ["https://registry.gdi-de.org/de.nw/radnetz/instances/exnw_dataset"], "http://www.opengis.net/ont/geosparql#hasGeometry": ["https://registry.gdi-de.org/de.nw/radnetz/instances/Section_Wuppertal_1226912_648_left_geometry"], "http://www.w3.org/1999/02/22-rdf-syntax-ns#type": ["https://registry.gdi-de.org/up3/ontology/Streckenabschnitt_optional"], "https://registry.gdi-de.org/up3/ontology/beginntBeiKnoten": ["https://registry.gdi-de.org/de.nw/radnetz/instances/Knoten_Wuppertal_115540102"], "https://registry.gdi-de.org/up3/ontology/endetBeiKnoten": ["https://registry.gdi-de.org/de.nw/radnetz/instances/Knoten_Wuppertal_115540101"], "https://registry.gdi-de.org/up3/ontology/geometrieAbschnitt": ["https://registry.gdi-de.org/de.nw/radnetz/instances/Section_Wuppertal_1226912_648_left_geometry"], "https://registry.gdi-de.org/up3/ontology/licht": ["https://registry.gdi-de.org/codelist/de.bund.balm.radnetz/Licht/0"], "https://registry.gdi-de.org/up3/ontology/quell-ID": ["1226912"], "https://registry.gdi-de.org/up3/ontology/richtung": ["https://registry.gdi-de.org/codelist/de.bund.balm.radnetz/Richtung/3"], "https://registry.gdi-de.org/up3/ontology/steigung": ["4.909505"], "https://registry.gdi-de.org/up3/ontology/strecken-ID": ["Section_Wuppertal_1226912_648_left"]}, "geometry": {"type": "LineString", "coordinates": [[7.232848352, 51.2416564786, 284.81], [7.2328124659, 51.2415195409, 0.0], [7.2328373141, 51.241006637, 288.37]]}}, {"type": "Feature", "id": "https://registry.gdi-de.org/de.nw/radnetz/instances/Section_Wuppertal_1230083_851", "name": "", "dateprops": [], "properties": {"http://rdfs.org/ns/void#inDataset": ["https://registry.gdi-de.org/de.nw/radnetz/instances/exnw_dataset"], "http://www.opengis.net/ont/geosparql#hasGeometry": ["https://registry.gdi-de.org/de.nw/radnetz/instances/Section_Wuppertal_1230083_851_geometry"], "http://www.w3.org/1999/02/22-rdf-syntax-ns#type": ["https://registry.gdi-de.org/up3/ontology/Streckenabschnitt_optional"], "https://registry.gdi-de.org/up3/ontology/beginntBeiKnoten": ["https://registry.gdi-de.org/de.nw/radnetz/instances/Knoten_Wuppertal_1189691367"], "https://registry.gdi-de.org/up3/ontology/endetBeiKnoten": ["https://registry.gdi-de.org/de.nw/radnetz/instances/Knoten_Wuppertal_8653"], "https://registry.gdi-de.org/up3/ontology/fuehrung": ["https://registry.gdi-de.org/codelist/de.bund.balm.radnetz/Fuehrung/401"], "https://registry.gdi-de.org/up3/ontology/geometrieAbschnitt": ["https://registry.gdi-de.org/de.nw/radnetz/instances/Section_Wuppertal_1230083_851_geometry"], "https://registry.gdi-de.org/up3/ontology/licht": ["https://registry.gdi-de.org/codelist/de.bund.balm.radnetz/Licht/0"], "https://registry.gdi-de.org/up3/ontology/quell-ID": ["1230083"], "https://registry.gdi-de.org/up3/ontology/steigung": ["0.983278"], "https://registry.gdi-de.org/up3/ontology/strecken-ID": ["Section_Wuppertal_1230083_851"]}, "geometry": {"type": "LineString", "coordinates": [[7.2277095677, 51.2389783468, 0.0], [7.2271319056, 51.2388832513, 296.11]]}}, {"type": "Feature", "id": "https://registry.gdi-de.org/de.nw/radnetz/instances/Section_Wuppertal_1225570_876_left", "name": "", "dateprops": [], "properties": {"http://rdfs.org/ns/void#inDataset": ["https://registry.gdi-de.org/de.nw/radnetz/instances/exnw_dataset"], "http://www.opengis.net/ont/geosparql#hasGeometry": ["https://registry.gdi-de.org/de.nw/radnetz/instances/Section_Wuppertal_1225570_876_left_geometry"], "http://www.w3.org/1999/02/22-rdf-syntax-ns#type": ["https://registry.gdi-de.org/up3/ontology/Streckenabschnitt_optional"], "https://registry.gdi-de.org/up3/ontology/beginntBeiKnoten": ["https://registry.gdi-de.org/de.nw/radnetz/instances/Knoten_Wuppertal_119780101"], "https://registry.gdi-de.org/up3/ontology/endetBeiKnoten": ["https://registry.gdi-de.org/de.nw/radnetz/instances/Knoten_Wuppertal_114610101"], "https://registry.gdi-de.org/up3/ontology/geometrieAbschnitt": ["https://registry.gdi-de.org/de.nw/radnetz/instances/Section_Wuppertal_1225570_876_left_geometry"], "https://registry.gdi-de.org/up3/ontology/licht": ["https://registry.gdi-de.org/codelist/de.bund.balm.radnetz/Licht/0"], "https://registry.gdi-de.org/up3/ontology/quell-ID": ["1225570"], "https://registry.gdi-de.org/up3/ontology/richtung": ["https://registry.gdi-de.org/codelist/de.bund.balm.radnetz/Richtung/3"], "https://registry.gdi-de.org/up3/ontology/steigung": ["0.2314018"], "https://registry.gdi-de.org/up3/ontology/strecken-ID": ["Section_Wuppertal_1225570_876_left"]}, "geometry": {"type": "LineString", "coordinates": [[7.0476584924, 51.218629882, 178.12], [7.0468577936, 51.2182691165, 0.0], [7.0454713022, 51.2171917741, 0.0], [7.0451360512, 51.2169871808, 0.0], [7.0431551296, 51.2162752901, 0.0], [7.0427275179, 51.2161216135, 179.16]]}}, {"type": "Feature", "id": "https://registry.gdi-de.org/de.nw/radnetz/instances/Section_Wuppertal_10576_220", "name": "", "dateprops": [], "properties": {"http://rdfs.org/ns/void#inDataset": ["https://registry.gdi-de.org/de.nw/radnetz/instances/exnw_dataset"], "http://www.opengis.net/ont/geosparql#hasGeometry": ["https://registry.gdi-de.org/de.nw/radnetz/instances/Section_Wuppertal_10576_220_geometry"], "http://www.w3.org/1999/02/22-rdf-syntax-ns#type": ["https://registry.gdi-de.org/up3/ontology/Streckenabschnitt_optional"], "https://registry.gdi-de.org/up3/ontology/beginntBeiKnoten": ["https://registry.gdi-de.org/de.nw/radnetz/instances/Knoten_Wuppertal_9215"], "https://registry.gdi-de.org/up3/ontology/endetBeiKnoten": ["https://registry.gdi-de.org/de.nw/radnetz/instances/Knoten_Wuppertal_9163"], "https://registry.gdi-de.org/up3/ontology/geometrieAbschnitt": ["https://registry.gdi-de.org/de.nw/radnetz/instances/Section_Wuppertal_10576_220_geometry"], "https://registry.gdi-de.org/up3/ontology/licht": ["https://registry.gdi-de.org/codelist/de.bund.balm.radnetz/Licht/0"], "https://registry.gdi-de.org/up3/ontology/quell-ID": ["10576"], "https://registry.gdi-de.org/up3/ontology/steigung": ["3.454839"], "https://registry.gdi-de.org/up3/ontology/strecken-ID": ["Section_Wuppertal_10576_220"]}, "geometry": {"type": "LineString", "coordinates": [[7.2468784106, 51.2324912311, 239.9], [7.246960895, 51.232252286, 0.0], [7.2469561807, 51.2319020001, 0.0], [7.2458085406, 51.231359327, 0.0], [7.245503469, 51.2313302461, 0.0], [7.2452086515, 51.2313453104, 247.11]]}}, {"type": "Feature", "id": "https://registry.gdi-de.org/de.nw/radnetz/instances/Section_Wuppertal_1226630_607", "name": "", "dateprops": [], "properties": {"http://rdfs.org/ns/void#inDataset": ["https://registry.gdi-de.org/de.nw/radnetz/instances/exnw_dataset"], "http://www.opengis.net/ont/geosparql#hasGeometry": ["https://registry.gdi-de.org/de.nw/radnetz/instances/Section_Wuppertal_1226630_607_geometry"], "http://www.w3.org/1999/02/22-rdf-syntax-ns#type": ["https://registry.gdi-de.org/up3/ontology/Streckenabschnitt_optional"], "https://registry.gdi-de.org/up3/ontology/beginntBeiKnoten": ["https://registry.gdi-de.org/de.nw/radnetz/instances/Knoten_Wuppertal_118350101"], "https://registry.gdi-de.org/up3/ontology/endetBeiKnoten": ["https://registry.gdi-de.org/de.nw/radnetz/instances/Knoten_Wuppertal_118350102"], "https://registry.gdi-de.org/up3/ontology/fuehrung": ["https://registry.gdi-de.org/codelist/de.bund.balm.radnetz/Fuehrung/401"], "https://registry.gdi-de.org/up3/ontology/geometrieAbschnitt": ["https://registry.gdi-de.org/de.nw/radnetz/instances/Section_Wuppertal_1226630_607_geometry"], "https://registry.gdi-de.org/up3/ontology/licht": ["https://registry.gdi-de.org/codelist/de.bund.balm.radnetz/Licht/0"], "https://registry.gdi-de.org/up3/ontology/quell-ID": ["1226630"], "https://registry.gdi-de.org/up3/ontology/steigung": ["1.307943"], "https://registry.gdi-de.org/up3/ontology/strecken-ID": ["Section_Wuppertal_1226630_607"]}, "geometry": {"type": "LineString", "coordinates": [[7.1103933635, 51.2867063925, 251.25], [7.1101346614, 51.2870974564, 0.0], [7.1099711355, 51.2874494562, 0.0], [7.1099484457, 51.287488638, 252.46]]}}, {"type": "Feature", "id": "https://registry.gdi-de.org/de.nw/radnetz/instances/Section_Wuppertal_1229758_899", "name": "", "dateprops": [], "properties": {"http://rdfs.org/ns/void#inDataset": ["https://registry.gdi-de.org/de.nw/radnetz/instances/exnw_dataset"], "http://www.opengis.net/ont/geosparql#hasGeometry": ["https://registry.gdi-de.org/de.nw/radnetz/instances/Section_Wuppertal_1229758_899_geometry"], "http://www.w3.org/1999/02/22-rdf-syntax-ns#type": ["https://registry.gdi-de.org/up3/ontology/Streckenabschnitt_optional"], "https://registry.gdi-de.org/up3/ontology/beginntBeiKnoten": ["https://registry.gdi-de.org/de.nw/radnetz/instances/Knoten_Wuppertal_6378"], "https://registry.gdi-de.org/up3/ontology/endetBeiKnoten": ["https://registry.gdi-de.org/de.nw/radnetz/instances/Knoten_Wuppertal_112360101"], "https://registry.gdi-de.org/up3/ontology/fuehrung": ["https://registry.gdi-de.org/codelist/de.bund.balm.radnetz/Fuehrung/401"], "https://registry.gdi-de.org/up3/ontology/geometrieAbschnitt": ["https://registry.gdi-de.org/de.nw/radnetz/instances/Section_Wuppertal_1229758_899_geometry"], "https://registry.gdi-de.org/up3/ontology/licht": ["https://registry.gdi-de.org/codelist/de.bund.balm.radnetz/Licht/0"], "https://registry.gdi-de.org/up3/ontology/quell-ID": ["1229758"], "https://registry.gdi-de.org/up3/ontology/steigung": ["0.4573221"], "https://registry.gdi-de.org/up3/ontology/strecken-ID": ["Section_Wuppertal_1229758_899"]}, "geometry": {"type": "LineString", "coordinates": [[7.1736975669, 51.2422422872, 320.92], [7.1722800283, 51.2416145391, 0.0], [7.171271095, 51.2411997272, 0.0], [7.1707325627, 51.2409896401, 0.0], [7.1696630236, 51.2405524128, 0.0], [7.1689487605, 51.240292369, 0.0], [7.1688411601, 51.2402477773, 0.0], [7.1686527747, 51.2401718851, 0.0], [7.1684025668, 51.2401036061, 0.0], [7.1678253016, 51.2400087521, 0.0], [7.1676382404, 51.2399131247, 323.2]]}}, {"type": "Feature", "id": "https://registry.gdi-de.org/de.nw/radnetz/instances/Section_Wuppertal_1223019_300", "name": "", "dateprops": [], "properties": {"http://rdfs.org/ns/void#inDataset": ["https://registry.gdi-de.org/de.nw/radnetz/instances/exnw_dataset"], "http://www.opengis.net/ont/geosparql#hasGeometry": ["https://registry.gdi-de.org/de.nw/radnetz/instances/Section_Wuppertal_1223019_300_geometry"], "http://www.w3.org/1999/02/22-rdf-syntax-ns#type": ["https://registry.gdi-de.org/up3/ontology/Streckenabschnitt_optional"], "https://registry.gdi-de.org/up3/ontology/beginntBeiKnoten": ["https://registry.gdi-de.org/de.nw/radnetz/instances/Knoten_Wuppertal_60228"], "https://registry.gdi-de.org/up3/ontology/endetBeiKnoten": ["https://registry.gdi-de.org/de.nw/radnetz/instances/Knoten_Wuppertal_60211"], "https://registry.gdi-de.org/up3/ontology/geometrieAbschnitt": ["https://registry.gdi-de.org/de.nw/radnetz/instances/Section_Wuppertal_1223019_300_geometry"], "https://registry.gdi-de.org/up3/ontology/licht": ["https://registry.gdi-de.org/codelist/de.bund.balm.radnetz/Licht/0"], "https://registry.gdi-de.org/up3/ontology/quell-ID": ["1223019"], "https://registry.gdi-de.org/up3/ontology/steigung": ["0.2174585"], "https://registry.gdi-de.org/up3/ontology/strecken-ID": ["Section_Wuppertal_1223019_300"]}, "geometry": {"type": "LineString", "coordinates": [[7.0579207464, 51.2277255871, 170.18], [7.0636116415, 51.2298517428, 0.0], [7.0641766773, 51.2297318284, 0.0], [7.065504786, 51.2302197664, 171.51]]}}, {"type": "Feature", "id": "https://registry.gdi-de.org/de.nw/radnetz/instances/Section_Wuppertal_1230087_854", "name": "", "dateprops": [], "properties": {"http://rdfs.org/ns/void#inDataset": ["https://registry.gdi-de.org/de.nw/radnetz/instances/exnw_dataset"], "http://www.opengis.net/ont/geosparql#hasGeometry": ["https://registry.gdi-de.org/de.nw/radnetz/instances/Section_Wuppertal_1230087_854_geometry"], "http://www.w3.org/1999/02/22-rdf-syntax-ns#type": ["https://registry.gdi-de.org/up3/ontology/Streckenabschnitt_optional"], "https://registry.gdi-de.org/up3/ontology/beginntBeiKnoten": ["https://registry.gdi-de.org/de.nw/radnetz/instances/Knoten_Wuppertal_1189691369"], "https://registry.gdi-de.org/up3/ontology/endetBeiKnoten": ["https://registry.gdi-de.org/de.nw/radnetz/instances/Knoten_Wuppertal_9036"], "https://registry.gdi-de.org/up3/ontology/geometrieAbschnitt": ["https://registry.gdi-de.org/de.nw/radnetz/instances/Section_Wuppertal_1230087_854_geometry"], "https://registry.gdi-de.org/up3/ontology/licht": ["https://registry.gdi-de.org/codelist/de.bund.balm.radnetz/Licht/0"], "https://registry.gdi-de.org/up3/ontology/quell-ID": ["1230087"], "https://registry.gdi-de.org/up3/ontology/steigung": ["1.418144"], "https://registry.gdi-de.org/up3/ontology/strecken-ID": ["Section_Wuppertal_1230087_854"]}, "geometry": {"type": "LineString", "coordinates": [[7.2387880683, 51.2954361129, 0.0], [7.238667697, 51.2955447517, 0.0], [7.2383763581, 51.295916775, 0.0], [7.2381626123, 51.2961576024, 0.0], [7.2380903428, 51.2963219673, 0.0], [7.2379459592, 51.2966465645, 0.0], [7.2378515325, 51.2968726419, 0.0], [7.2378124901, 51.2972029611, 0.0], [7.2378023576, 51.2974675336, 0.0], [7.2378178109, 51.2977531732, 0.0], [7.2378369043, 51.297943732, 0.0], [7.2378868545, 51.2980480396, 235.33]]}}, {"type": "Feature", "id": "https://registry.gdi-de.org/de.nw/radnetz/instances/Section_Wuppertal_767_20", "name": "", "dateprops": [], "properties": {"http://rdfs.org/ns/void#inDataset": ["https://registry.gdi-de.org/de.nw/radnetz/instances/exnw_dataset"], "http://www.opengis.net/ont/geosparql#hasGeometry": ["https://registry.gdi-de.org/de.nw/radnetz/instances/Section_Wuppertal_767_20_geometry"], "http://www.w3.org/1999/02/22-rdf-syntax-ns#type": ["https://registry.gdi-de.org/up3/ontology/Streckenabschnitt_optional"], "https://registry.gdi-de.org/up3/ontology/beginntBeiKnoten": ["https://registry.gdi-de.org/de.nw/radnetz/instances/Knoten_Wuppertal_3515"], "https://registry.gdi-de.org/up3/ontology/endetBeiKnoten": ["https://registry.gdi-de.org/de.nw/radnetz/instances/Knoten_Wuppertal_3502"], "https://registry.gdi-de.org/up3/ontology/fuehrung": ["https://registry.gdi-de.org/codelist/de.bund.balm.radnetz/Fuehrung/401"], "https://registry.gdi-de.org/up3/ontology/geometrieAbschnitt": ["https://registry.gdi-de.org/de.nw/radnetz/instances/Section_Wuppertal_767_20_geometry"], "https://registry.gdi-de.org/up3/ontology/licht": ["https://registry.gdi-de.org/codelist/de.bund.balm.radnetz/Licht/0"], "https://registry.gdi-de.org/up3/ontology/quell-ID": ["767"], "https://registry.gdi-de.org/up3/ontology/steigung": ["6.889483"], "https://registry.gdi-de.org/up3/ontology/strecken-ID": ["Section_Wuppertal_767_20"]}, "geometry": {"type": "LineString", "coordinates": [[7.1109446021, 51.2618487728, 199.74], [7.1106690667, 51.2622616252, 203.17]]}}, {"type": "Feature", "id": "https://registry.gdi-de.org/de.nw/radnetz/instances/Section_Wuppertal_11992_250", "name": "", "dateprops": [], "properties": {"http://rdfs.org/ns/void#inDataset": ["https://registry.gdi-de.org/de.nw/radnetz/instances/exnw_dataset"], "http://www.opengis.net/ont/geosparql#hasGeometry": ["https://registry.gdi-de.org/de.nw/radnetz/instances/Section_Wuppertal_11992_250_geometry"], "http://www.w3.org/1999/02/22-rdf-syntax-ns#type": ["https://registry.gdi-de.org/up3/ontology/Streckenabschnitt_optional"], "https://registry.gdi-de.org/up3/ontology/beginntBeiKnoten": ["https://registry.gdi-de.org/de.nw/radnetz/instances/Knoten_Wuppertal_9705"], "https://registry.gdi-de.org/up3/ontology/endetBeiKnoten": ["https://registry.gdi-de.org/de.nw/radnetz/instances/Knoten_Wuppertal_9751"], "https://registry.gdi-de.org/up3/ontology/geometrieAbschnitt": ["https://registry.gdi-de.org/de.nw/radnetz/instances/Section_Wuppertal_11992_250_geometry"], "https://registry.gdi-de.org/up3/ontology/licht": ["https://registry.gdi-de.org/codelist/de.bund.balm.radnetz/Licht/0"], "https://registry.gdi-de.org/up3/ontology/quell-ID": ["11992"], "https://registry.gdi-de.org/up3/ontology/steigung": ["2.335955"], "https://registry.gdi-de.org/up3/ontology/strecken-ID": ["Section_Wuppertal_11992_250"]}, "geometry": {"type": "LineString", "coordinates": [[7.270594213, 51.2529957137, 183.43], [7.2710176499, 51.2529519305, 0.0], [7.2712513527, 51.2530542033, 0.0], [7.2712366886, 51.2534120093, 0.0], [7.2719315643, 51.2539783767, 0.0], [7.2721622197, 51.2542370393, 0.0], [7.2729174457, 51.2550703761, 0.0], [7.2735163449, 51.2555830546, 0.0], [7.2736811832, 51.2557923761, 0.0], [7.2738140039, 51.2559964813, 0.0], [7.2740403339, 51.2560980011, 0.0], [7.2743730978, 51.2563222146, 0.0], [7.2746977134, 51.2565962549, 0.0], [7.2749724511, 51.2569148882, 0.0], [7.2751471385, 51.257217815, 0.0], [7.275086245, 51.2575316116, 198.21]]}}, {"type": "Feature", "id": "https://registry.gdi-de.org/de.nw/radnetz/instances/Section_Wuppertal_1226411_568_right", "name": "", "dateprops": [], "properties": {"http://rdfs.org/ns/void#inDataset": ["https://registry.gdi-de.org/de.nw/radnetz/instances/exnw_dataset"], "http://www.opengis.net/ont/geosparql#hasGeometry": ["https://registry.gdi-de.org/de.nw/radnetz/instances/Section_Wuppertal_1226411_568_right_geometry"], "http://www.w3.org/1999/02/22-rdf-syntax-ns#type": ["https://registry.gdi-de.org/up3/ontology/Streckenabschnitt_optional"], "https://registry.gdi-de.org/up3/ontology/beginntBeiKnoten": ["https://registry.gdi-de.org/de.nw/radnetz/instances/Knoten_Wuppertal_116440102"], "https://registry.gdi-de.org/up3/ontology/endetBeiKnoten": ["https://registry.gdi-de.org/de.nw/radnetz/instances/Knoten_Wuppertal_9310"], "https://registry.gdi-de.org/up3/ontology/fuehrung": ["https://registry.gdi-de.org/codelist/de.bund.balm.radnetz/Fuehrung/401"], "https://registry.gdi-de.org/up3/ontology/geometrieAbschnitt": ["https://registry.gdi-de.org/de.nw/radnetz/instances/Section_Wuppertal_1226411_568_right_geometry"], "https://registry.gdi-de.org/up3/ontology/licht": ["https://registry.gdi-de.org/codelist/de.bund.balm.radnetz/Licht/0"], "https://registry.gdi-de.org/up3/ontology/quell-ID": ["1226411"], "https://registry.gdi-de.org/up3/ontology/richtung": ["https://registry.gdi-de.org/codelist/de.bund.balm.radnetz/Richtung/2"], "https://registry.gdi-de.org/up3/ontology/steigung": ["0.625768"], "https://registry.gdi-de.org/up3/ontology/strecken-ID": ["Section_Wuppertal_1226411_568_right"]}, "geometry": {"type": "LineString", "coordinates": [[7.2448087002, 51.2544682008, 173.51], [7.2450378207, 51.2544723149, 173.6135], [7.2453749946, 51.2544925184, 173.7663], [7.2457306953, 51.2545016368, 173.9266], [7.2461106659, 51.2545073318, 174.0972], [7.2465684662, 51.2545293395, 174.3025], [7.2467975105, 51.2545365579, 174.4047], [7.246978017, 51.2545506227, 174.4857], [7.2472188365, 51.2545655897, 174.5932], [7.24734463, 51.2545901953, 174.6517], [7.2477043487, 51.2546523844, 174.8172], [7.2480512861, 51.2547333159, 174.9813], [7.2485110935, 51.2548613782, 175.2043], [7.2489044148, 51.2549922308, 175.4016], [7.2493152578, 51.2551384911, 175.6107], [7.249607346, 51.2552337443, 175.7563], [7.2498936898, 51.2553213379, 175.8971], [7.2501505956, 51.2553895558, 176.0203], [7.2504255982, 51.2554580446, 176.1509], [7.2506623866, 51.2555026032, 176.21]]}}, {"type": "Feature", "id": "https://registry.gdi-de.org/de.nw/radnetz/instances/Section_Wuppertal_1223210_367", "name": "", "dateprops": [], "properties": {"http://rdfs.org/ns/void#inDataset": ["https://registry.gdi-de.org/de.nw/radnetz/instances/exnw_dataset"], "http://www.opengis.net/ont/geosparql#hasGeometry": ["https://registry.gdi-de.org/de.nw/radnetz/instances/Section_Wuppertal_1223210_367_geometry"], "http://www.w3.org/1999/02/22-rdf-syntax-ns#type": ["https://registry.gdi-de.org/up3/ontology/Streckenabschnitt_optional"], "https://registry.gdi-de.org/up3/ontology/beginntBeiKnoten": ["https://registry.gdi-de.org/de.nw/radnetz/instances/Knoten_Wuppertal_60316"], "https://registry.gdi-de.org/up3/ontology/endetBeiKnoten": ["https://registry.gdi-de.org/de.nw/radnetz/instances/Knoten_Wuppertal_60315"], "https://registry.gdi-de.org/up3/ontology/geometrieAbschnitt": ["https://registry.gdi-de.org/de.nw/radnetz/instances/Section_Wuppertal_1223210_367_geometry"], "https://registry.gdi-de.org/up3/ontology/licht": ["https://registry.gdi-de.org/codelist/de.bund.balm.radnetz/Licht/0"], "https://registry.gdi-de.org/up3/ontology/quell-ID": ["1223210"], "https://registry.gdi-de.org/up3/ontology/steigung": ["0.01259801"], "https://registry.gdi-de.org/up3/ontology/strecken-ID": ["Section_Wuppertal_1223210_367"]}, "geometry": {"type": "LineString", "coordinates": [[7.1469277245, 51.2154708569, 299.14], [7.1471767707, 51.2155859588, 0.0], [7.1473017603, 51.215676807, 0.0], [7.1474505154, 51.2158165046, 0.0], [7.147634598, 51.2160375515, 0.0], [7.1477929695, 51.216258191, 0.0], [7.1478873898, 51.2164697385, 0.0], [7.1479024076, 51.2167365825, 0.0], [7.1478531453, 51.2170024079, 0.0], [7.1477656406, 51.2172595493, 0.0], [7.147629302, 51.2174512862, 0.0], [7.1474530997, 51.2176747069, 0.0], [7.1472023507, 51.2178323156, 0.0], [7.146938746, 51.2179897201, 0.0], [7.1466892907, 51.2181150321, 0.0], [7.1463112743, 51.2182383067, 0.0], [7.1461033051, 51.2182915641, 0.0], [7.1458310532, 51.2183438023, 0.0], [7.1454177083, 51.218385724, 0.0], [7.14497865, 51.2184272374, 0.0], [7.1445906915, 51.2184776381, 0.0], [7.1442030569, 51.2185199641, 0.0], [7.1439301536, 51.2185883457, 0.0], [7.1435408934, 51.2186710374, 0.0], [7.1431216951, 51.2188582805, 0.0], [7.1428188508, 51.219031211, 0.0], [7.1425677537, 51.2191968829, 0.0], [7.1423410691, 51.2193952579, 0.0], [7.1422053519, 51.2195708396, 0.0], [7.1421039779, 51.2198519941, 0.0], [7.1420312422, 51.2200608917, 0.0], [7.1420234392, 51.2202546634, 0.0], [7.1420159613, 51.2204403607, 0.0], [7.1420711415, 51.2206674477, 0.0], [7.1422524651, 51.2209670514, 299.25]]}}, {"type": "Feature", "id": "https://registry.gdi-de.org/de.nw/radnetz/instances/Section_Wuppertal_1229804_773", "name": "", "dateprops": [], "properties": {"http://rdfs.org/ns/void#inDataset": ["https://registry.gdi-de.org/de.nw/radnetz/instances/exnw_dataset"], "http://www.opengis.net/ont/geosparql#hasGeometry": ["https://registry.gdi-de.org/de.nw/radnetz/instances/Section_Wuppertal_1229804_773_geometry"], "http://www.w3.org/1999/02/22-rdf-syntax-ns#type": ["https://registry.gdi-de.org/up3/ontology/Streckenabschnitt_optional"], "https://registry.gdi-de.org/up3/ontology/beginntBeiKnoten": ["https://registry.gdi-de.org/de.nw/radnetz/instances/Knoten_Wuppertal_1189691246"], "https://registry.gdi-de.org/up3/ontology/endetBeiKnoten": ["https://registry.gdi-de.org/de.nw/radnetz/instances/Knoten_Wuppertal_3314"], "https://registry.gdi-de.org/up3/ontology/fuehrung": ["https://registry.gdi-de.org/codelist/de.bund.balm.radnetz/Fuehrung/401"], "https://registry.gdi-de.org/up3/ontology/geometrieAbschnitt": ["https://registry.gdi-de.org/de.nw/radnetz/instances/Section_Wuppertal_1229804_773_geometry"], "https://registry.gdi-de.org/up3/ontology/licht": ["https://registry.gdi-de.org/codelist/de.bund.balm.radnetz/Licht/0"], "https://registry.gdi-de.org/up3/ontology/quell-ID": ["1229804"], "https://registry.gdi-de.org/up3/ontology/steigung": ["2.154959"], "https://registry.gdi-de.org/up3/ontology/strecken-ID": ["Section_Wuppertal_1229804_773"]}, "geometry": {"type": "LineString", "coordinates": [[7.1027184735, 51.2910789894, 227.11], [7.1029248632, 51.2910113624, 227.46]]}}, {"type": "Feature", "id": "https://registry.gdi-de.org/de.nw/radnetz/instances/Section_Wuppertal_9647_198", "name": "", "dateprops": [], "properties": {"http://rdfs.org/ns/void#inDataset": ["https://registry.gdi-de.org/de.nw/radnetz/instances/exnw_dataset"], "http://www.opengis.net/ont/geosparql#hasGeometry": ["https://registry.gdi-de.org/de.nw/radnetz/instances/Section_Wuppertal_9647_198_geometry"], "http://www.w3.org/1999/02/22-rdf-syntax-ns#type": ["https://registry.gdi-de.org/up3/ontology/Streckenabschnitt_optional"], "https://registry.gdi-de.org/up3/ontology/beginntBeiKnoten": ["https://registry.gdi-de.org/de.nw/radnetz/instances/Knoten_Wuppertal_9751"], "https://registry.gdi-de.org/up3/ontology/endetBeiKnoten": ["https://registry.gdi-de.org/de.nw/radnetz/instances/Knoten_Wuppertal_9793"], "https://registry.gdi-de.org/up3/ontology/geometrieAbschnitt": ["https://registry.gdi-de.org/de.nw/radnetz/instances/Section_Wuppertal_9647_198_geometry"], "https://registry.gdi-de.org/up3/ontology/licht": ["https://registry.gdi-de.org/codelist/de.bund.balm.radnetz/Licht/0"], "https://registry.gdi-de.org/up3/ontology/quell-ID": ["9647"], "https://registry.gdi-de.org/up3/ontology/steigung": ["1.341012"], "https://registry.gdi-de.org/up3/ontology/strecken-ID": ["Section_Wuppertal_9647_198"]}, "geometry": {"type": "LineString", "coordinates": [[7.275086245, 51.2575316116, 198.21], [7.2758840009, 51.2570676198, 0.0], [7.2764151826, 51.2566448148, 0.0], [7.2767213381, 51.2563565845, 0.0], [7.2766529922, 51.256265669, 0.0], [7.2767207337, 51.2560696797, 0.0], [7.2774719689, 51.2548243715, 0.0], [7.2777858181, 51.2544082932, 0.0], [7.277895921, 51.2542426538, 0.0], [7.2781249063, 51.2538080854, 204.62]]}}, {"type": "Feature", "id": "https://registry.gdi-de.org/de.nw/radnetz/instances/Section_Wuppertal_1223123_341", "name": "", "dateprops": [], "properties": {"http://rdfs.org/ns/void#inDataset": ["https://registry.gdi-de.org/de.nw/radnetz/instances/exnw_dataset"], "http://www.opengis.net/ont/geosparql#hasGeometry": ["https://registry.gdi-de.org/de.nw/radnetz/instances/Section_Wuppertal_1223123_341_geometry"], "http://www.w3.org/1999/02/22-rdf-syntax-ns#type": ["https://registry.gdi-de.org/up3/ontology/Streckenabschnitt_optional"], "https://registry.gdi-de.org/up3/ontology/beginntBeiKnoten": ["https://registry.gdi-de.org/de.nw/radnetz/instances/Knoten_Wuppertal_60278"], "https://registry.gdi-de.org/up3/ontology/endetBeiKnoten": ["https://registry.gdi-de.org/de.nw/radnetz/instances/Knoten_Wuppertal_60279"], "https://registry.gdi-de.org/up3/ontology/fuehrung": ["https://registry.gdi-de.org/codelist/de.bund.balm.radnetz/Fuehrung/401"], "https://registry.gdi-de.org/up3/ontology/geometrieAbschnitt": ["https://registry.gdi-de.org/de.nw/radnetz/instances/Section_Wuppertal_1223123_341_geometry"], "https://registry.gdi-de.org/up3/ontology/licht": ["https://registry.gdi-de.org/codelist/de.bund.balm.radnetz/Licht/0"], "https://registry.gdi-de.org/up3/ontology/quell-ID": ["1223123"], "https://registry.gdi-de.org/up3/ontology/steigung": ["0.6452987"], "https://registry.gdi-de.org/up3/ontology/strecken-ID": ["Section_Wuppertal_1223123_341"]}, "geometry": {"type": "LineString", "coordinates": [[7.2237091524, 51.2795928757, 188.68], [7.2233552168, 51.2795724706, 188.84]]}}, {"type": "Feature", "id": "https://registry.gdi-de.org/de.nw/radnetz/instances/Section_Wuppertal_11630_243", "name": "", "dateprops": [], "properties": {"http://rdfs.org/ns/void#inDataset": ["https://registry.gdi-de.org/de.nw/radnetz/instances/exnw_dataset"], "http://www.opengis.net/ont/geosparql#hasGeometry": ["https://registry.gdi-de.org/de.nw/radnetz/instances/Section_Wuppertal_11630_243_geometry"], "http://www.w3.org/1999/02/22-rdf-syntax-ns#type": ["https://registry.gdi-de.org/up3/ontology/Streckenabschnitt_optional"], "https://registry.gdi-de.org/up3/ontology/beginntBeiKnoten": ["https://registry.gdi-de.org/de.nw/radnetz/instances/Knoten_Wuppertal_3168"], "https://registry.gdi-de.org/up3/ontology/endetBeiKnoten": ["https://registry.gdi-de.org/de.nw/radnetz/instances/Knoten_Wuppertal_3251"], "https://registry.gdi-de.org/up3/ontology/fuehrung": ["https://registry.gdi-de.org/codelist/de.bund.balm.radnetz/Fuehrung/401"], "https://registry.gdi-de.org/up3/ontology/geometrieAbschnitt": ["https://registry.gdi-de.org/de.nw/radnetz/instances/Section_Wuppertal_11630_243_geometry"], "https://registry.gdi-de.org/up3/ontology/licht": ["https://registry.gdi-de.org/codelist/de.bund.balm.radnetz/Licht/0"], "https://registry.gdi-de.org/up3/ontology/quell-ID": ["11630"], "https://registry.gdi-de.org/up3/ontology/steigung": ["4.582956"], "https://registry.gdi-de.org/up3/ontology/strecken-ID": ["Section_Wuppertal_11630_243"]}, "geometry": {"type": "LineString", "coordinates": [[7.0958555493, 51.2922970675, 206.58], [7.100188116, 51.2917562168, 220.7]]}}, {"type": "Feature", "id": "https://registry.gdi-de.org/de.nw/radnetz/instances/Section_Wuppertal_5206_1010", "name": "", "dateprops": [], "properties": {"http://rdfs.org/ns/void#inDataset": ["https://registry.gdi-de.org/de.nw/radnetz/instances/exnw_dataset"], "http://www.opengis.net/ont/geosparql#hasGeometry": ["https://registry.gdi-de.org/de.nw/radnetz/instances/Section_Wuppertal_5206_1010_geometry"], "http://www.w3.org/1999/02/22-rdf-syntax-ns#type": ["https://registry.gdi-de.org/up3/ontology/Streckenabschnitt_optional"], "https://registry.gdi-de.org/up3/ontology/beginntBeiKnoten": ["https://registry.gdi-de.org/de.nw/radnetz/instances/Knoten_Wuppertal_7504"], "https://registry.gdi-de.org/up3/ontology/endetBeiKnoten": ["https://registry.gdi-de.org/de.nw/radnetz/instances/Knoten_Wuppertal_7548"], "https://registry.gdi-de.org/up3/ontology/geometrieAbschnitt": ["https://registry.gdi-de.org/de.nw/radnetz/instances/Section_Wuppertal_5206_1010_geometry"], "https://registry.gdi-de.org/up3/ontology/licht": ["https://registry.gdi-de.org/codelist/de.bund.balm.radnetz/Licht/0"], "https://registry.gdi-de.org/up3/ontology/quell-ID": ["5206"], "https://registry.gdi-de.org/up3/ontology/steigung": ["3.827323"], "https://registry.gdi-de.org/up3/ontology/strecken-ID": ["Section_Wuppertal_5206_1010"]}, "geometry": {"type": "LineString", "coordinates": [[7.2006850869, 51.2293056191, 0.0], [7.1996077958, 51.230824257, 0.0], [7.1995451137, 51.2311664826, 0.0], [7.199696654, 51.2314885423, 0.0], [7.200132838, 51.2317447571, 0.0], [7.2007077322, 51.2318287469, 0.0], [7.2015949435, 51.2318106553, 0.0]]}}, {"type": "Feature", "id": "https://registry.gdi-de.org/de.nw/radnetz/instances/Section_Wuppertal_1223160_356", "name": "", "dateprops": [], "properties": {"http://rdfs.org/ns/void#inDataset": ["https://registry.gdi-de.org/de.nw/radnetz/instances/exnw_dataset"], "http://www.opengis.net/ont/geosparql#hasGeometry": ["https://registry.gdi-de.org/de.nw/radnetz/instances/Section_Wuppertal_1223160_356_geometry"], "http://www.w3.org/1999/02/22-rdf-syntax-ns#type": ["https://registry.gdi-de.org/up3/ontology/Streckenabschnitt_optional"], "https://registry.gdi-de.org/up3/ontology/beginntBeiKnoten": ["https://registry.gdi-de.org/de.nw/radnetz/instances/Knoten_Wuppertal_9234"], "https://registry.gdi-de.org/up3/ontology/endetBeiKnoten": ["https://registry.gdi-de.org/de.nw/radnetz/instances/Knoten_Wuppertal_9154"], "https://registry.gdi-de.org/up3/ontology/geometrieAbschnitt": ["https://registry.gdi-de.org/de.nw/radnetz/instances/Section_Wuppertal_1223160_356_geometry"], "https://registry.gdi-de.org/up3/ontology/licht": ["https://registry.gdi-de.org/codelist/de.bund.balm.radnetz/Licht/0"], "https://registry.gdi-de.org/up3/ontology/quell-ID": ["1223160"], "https://registry.gdi-de.org/up3/ontology/steigung": ["2.540789"], "https://registry.gdi-de.org/up3/ontology/strecken-ID": ["Section_Wuppertal_1223160_356"]}, "geometry": {"type": "LineString", "coordinates": [[7.2455668625, 51.2939055737, 221.55], [7.2437991257, 51.2938516839, 0.0], [7.2430970708, 51.2938543866, 0.0], [7.242784721, 51.2938794797, 0.0], [7.242368266, 51.2939308638, 227.24]]}}, {"type": "Feature", "id": "https://registry.gdi-de.org/de.nw/radnetz/instances/Section_Wuppertal_1223189_359", "name": "", "dateprops": [], "properties": {"http://rdfs.org/ns/void#inDataset": ["https://registry.gdi-de.org/de.nw/radnetz/instances/exnw_dataset"], "http://www.opengis.net/ont/geosparql#hasGeometry": ["https://registry.gdi-de.org/de.nw/radnetz/instances/Section_Wuppertal_1223189_359_geometry"], "http://www.w3.org/1999/02/22-rdf-syntax-ns#type": ["https://registry.gdi-de.org/up3/ontology/Streckenabschnitt_optional"], "https://registry.gdi-de.org/up3/ontology/beginntBeiKnoten": ["https://registry.gdi-de.org/de.nw/radnetz/instances/Knoten_Wuppertal_60306"], "https://registry.gdi-de.org/up3/ontology/endetBeiKnoten": ["https://registry.gdi-de.org/de.nw/radnetz/instances/Knoten_Wuppertal_60308"], "https://registry.gdi-de.org/up3/ontology/geometrieAbschnitt": ["https://registry.gdi-de.org/de.nw/radnetz/instances/Section_Wuppertal_1223189_359_geometry"], "https://registry.gdi-de.org/up3/ontology/licht": ["https://registry.gdi-de.org/codelist/de.bund.balm.radnetz/Licht/0"], "https://registry.gdi-de.org/up3/ontology/quell-ID": ["1223189"], "https://registry.gdi-de.org/up3/ontology/steigung": ["2.500676"], "https://registry.gdi-de.org/up3/ontology/strecken-ID": ["Section_Wuppertal_1223189_359"]}, "geometry": {"type": "LineString", "coordinates": [[7.1070754351, 51.2350803766, 218.87], [7.1073603252, 51.2347451252, 0.0], [7.1076136076, 51.2345941054, 0.0], [7.1079505198, 51.2344121214, 0.0], [7.1085936941, 51.2342932563, 0.0], [7.1090184263, 51.2342290264, 0.0], [7.109379841, 51.2342025506, 0.0], [7.109790313, 51.2342350351, 0.0], [7.1102812391, 51.2343140604, 0.0], [7.1108615858, 51.2344720847, 0.0], [7.1111778799, 51.2345418224, 0.0], [7.1114332376, 51.2345911872, 0.0], [7.1117606143, 51.2346417128, 0.0], [7.1129606545, 51.2347515565, 0.0], [7.11356503, 51.2348259342, 0.0], [7.1141498865, 51.2348741405, 0.0], [7.1146946452, 51.2348958461, 0.0], [7.1151985161, 51.234910427, 0.0], [7.115672578, 51.2348986722, 0.0], [7.1159313719, 51.234864061, 0.0], [7.1162629772, 51.2348112312, 0.0], [7.1165750607, 51.2347322335, 0.0], [7.116793492, 51.2346775814, 0.0], [7.1169807928, 51.2346288904, 0.0], [7.1170947576, 51.2346113342, 0.0], [7.1173118679, 51.234588975, 0.0], [7.1176221027, 51.2345551878, 0.0], [7.1179510679, 51.2345669429, 0.0], [7.1182388797, 51.2345780345, 239.75]]}}, {"type": "Feature", "id": "https://registry.gdi-de.org/de.nw/radnetz/instances/Section_Wuppertal_1229899_808", "name": "", "dateprops": [], "properties": {"http://rdfs.org/ns/void#inDataset": ["https://registry.gdi-de.org/de.nw/radnetz/instances/exnw_dataset"], "http://www.opengis.net/ont/geosparql#hasGeometry": ["https://registry.gdi-de.org/de.nw/radnetz/instances/Section_Wuppertal_1229899_808_geometry"], "http://www.w3.org/1999/02/22-rdf-syntax-ns#type": ["https://registry.gdi-de.org/up3/ontology/Streckenabschnitt_optional"], "https://registry.gdi-de.org/up3/ontology/beginntBeiKnoten": ["https://registry.gdi-de.org/de.nw/radnetz/instances/Knoten_Wuppertal_2738"], "https://registry.gdi-de.org/up3/ontology/endetBeiKnoten": ["https://registry.gdi-de.org/de.nw/radnetz/instances/Knoten_Wuppertal_1189691294"], "https://registry.gdi-de.org/up3/ontology/geometrieAbschnitt": ["https://registry.gdi-de.org/de.nw/radnetz/instances/Section_Wuppertal_1229899_808_geometry"], "https://registry.gdi-de.org/up3/ontology/licht": ["https://registry.gdi-de.org/codelist/de.bund.balm.radnetz/Licht/0"], "https://registry.gdi-de.org/up3/ontology/quell-ID": ["1229899"], "https://registry.gdi-de.org/up3/ontology/steigung": ["0.5690256"], "https://registry.gdi-de.org/up3/ontology/strecken-ID": ["Section_Wuppertal_1229899_808"]}, "geometry": {"type": "LineString", "coordinates": [[7.075820368, 51.2422660958, 171.12], [7.0802061848, 51.2444578892, 0.0], [7.0819548679, 51.2453527409, 0.0], [7.0828609511, 51.2456510452, 174.65]]}}, {"type": "Feature", "id": "https://registry.gdi-de.org/de.nw/radnetz/instances/Section_Wuppertal_1225084_448", "name": "", "dateprops": [], "properties": {"http://rdfs.org/ns/void#inDataset": ["https://registry.gdi-de.org/de.nw/radnetz/instances/exnw_dataset"], "http://www.opengis.net/ont/geosparql#hasGeometry": ["https://registry.gdi-de.org/de.nw/radnetz/instances/Section_Wuppertal_1225084_448_geometry"], "http://www.w3.org/1999/02/22-rdf-syntax-ns#type": ["https://registry.gdi-de.org/up3/ontology/Streckenabschnitt_optional"], "https://registry.gdi-de.org/up3/ontology/beginntBeiKnoten": ["https://registry.gdi-de.org/de.nw/radnetz/instances/Knoten_Wuppertal_8864"], "https://registry.gdi-de.org/up3/ontology/endetBeiKnoten": ["https://registry.gdi-de.org/de.nw/radnetz/instances/Knoten_Wuppertal_121990102"], "https://registry.gdi-de.org/up3/ontology/fuehrung": ["https://registry.gdi-de.org/codelist/de.bund.balm.radnetz/Fuehrung/401"], "https://registry.gdi-de.org/up3/ontology/geometrieAbschnitt": ["https://registry.gdi-de.org/de.nw/radnetz/instances/Section_Wuppertal_1225084_448_geometry"], "https://registry.gdi-de.org/up3/ontology/licht": ["https://registry.gdi-de.org/codelist/de.bund.balm.radnetz/Licht/0"], "https://registry.gdi-de.org/up3/ontology/quell-ID": ["1225084"], "https://registry.gdi-de.org/up3/ontology/steigung": ["0.8070317"], "https://registry.gdi-de.org/up3/ontology/strecken-ID": ["Section_Wuppertal_1225084_448"]}, "geometry": {"type": "LineString", "coordinates": [[7.2353276426, 51.2249070121, 300.02], [7.2351691885, 51.2251431292, 300.25]]}}, {"type": "Feature", "id": "https://registry.gdi-de.org/de.nw/radnetz/instances/Section_Wuppertal_1225083_447", "name": "", "dateprops": [], "properties": {"http://rdfs.org/ns/void#inDataset": ["https://registry.gdi-de.org/de.nw/radnetz/instances/exnw_dataset"], "http://www.opengis.net/ont/geosparql#hasGeometry": ["https://registry.gdi-de.org/de.nw/radnetz/instances/Section_Wuppertal_1225083_447_geometry"], "http://www.w3.org/1999/02/22-rdf-syntax-ns#type": ["https://registry.gdi-de.org/up3/ontology/Streckenabschnitt_optional"], "https://registry.gdi-de.org/up3/ontology/beginntBeiKnoten": ["https://registry.gdi-de.org/de.nw/radnetz/instances/Knoten_Wuppertal_121990102"], "https://registry.gdi-de.org/up3/ontology/endetBeiKnoten": ["https://registry.gdi-de.org/de.nw/radnetz/instances/Knoten_Wuppertal_8847"], "https://registry.gdi-de.org/up3/ontology/fuehrung": ["https://registry.gdi-de.org/codelist/de.bund.balm.radnetz/Fuehrung/401"], "https://registry.gdi-de.org/up3/ontology/geometrieAbschnitt": ["https://registry.gdi-de.org/de.nw/radnetz/instances/Section_Wuppertal_1225083_447_geometry"], "https://registry.gdi-de.org/up3/ontology/licht": ["https://registry.gdi-de.org/codelist/de.bund.balm.radnetz/Licht/0"], "https://registry.gdi-de.org/up3/ontology/quell-ID": ["1225083"], "https://registry.gdi-de.org/up3/ontology/steigung": ["0.7854971"], "https://registry.gdi-de.org/up3/ontology/strecken-ID": ["Section_Wuppertal_1225083_447"]}, "geometry": {"type": "LineString", "coordinates": [[7.2351691885, 51.2251431292, 300.25], [7.2347020183, 51.225839256, 300.91]]}}, {"type": "Feature", "id": "https://registry.gdi-de.org/de.nw/radnetz/instances/Section_Wuppertal_7376_152", "name": "", "dateprops": [], "properties": {"http://rdfs.org/ns/void#inDataset": ["https://registry.gdi-de.org/de.nw/radnetz/instances/exnw_dataset"], "http://www.opengis.net/ont/geosparql#hasGeometry": ["https://registry.gdi-de.org/de.nw/radnetz/instances/Section_Wuppertal_7376_152_geometry"], "http://www.w3.org/1999/02/22-rdf-syntax-ns#type": ["https://registry.gdi-de.org/up3/ontology/Streckenabschnitt_optional"], "https://registry.gdi-de.org/up3/ontology/beginntBeiKnoten": ["https://registry.gdi-de.org/de.nw/radnetz/instances/Knoten_Wuppertal_3306"], "https://registry.gdi-de.org/up3/ontology/endetBeiKnoten": ["https://registry.gdi-de.org/de.nw/radnetz/instances/Knoten_Wuppertal_3395"], "https://registry.gdi-de.org/up3/ontology/fuehrung": ["https://registry.gdi-de.org/codelist/de.bund.balm.radnetz/Fuehrung/401"], "https://registry.gdi-de.org/up3/ontology/geometrieAbschnitt": ["https://registry.gdi-de.org/de.nw/radnetz/instances/Section_Wuppertal_7376_152_geometry"], "https://registry.gdi-de.org/up3/ontology/licht": ["https://registry.gdi-de.org/codelist/de.bund.balm.radnetz/Licht/0"], "https://registry.gdi-de.org/up3/ontology/quell-ID": ["7376"], "https://registry.gdi-de.org/up3/ontology/steigung": ["2.350684"], "https://registry.gdi-de.org/up3/ontology/strecken-ID": ["Section_Wuppertal_7376_152"]}, "geometry": {"type": "LineString", "coordinates": [[7.1051721178, 51.2287344049, 130.14], [7.106413359, 51.2288168912, 0.0], [7.1071162328, 51.2288018713, 0.0], [7.1082305986, 51.2286935174, 0.0], [7.1084917725, 51.2286653338, 135.63]]}}, {"type": "Feature", "id": "https://registry.gdi-de.org/de.nw/radnetz/instances/Section_Wuppertal_6954_145", "name": "", "dateprops": [], "properties": {"http://rdfs.org/ns/void#inDataset": ["https://registry.gdi-de.org/de.nw/radnetz/instances/exnw_dataset"], "http://www.opengis.net/ont/geosparql#hasGeometry": ["https://registry.gdi-de.org/de.nw/radnetz/instances/Section_Wuppertal_6954_145_geometry"], "http://www.w3.org/1999/02/22-rdf-syntax-ns#type": ["https://registry.gdi-de.org/up3/ontology/Streckenabschnitt_optional"], "https://registry.gdi-de.org/up3/ontology/beginntBeiKnoten": ["https://registry.gdi-de.org/de.nw/radnetz/instances/Knoten_Wuppertal_3314"], "https://registry.gdi-de.org/up3/ontology/endetBeiKnoten": ["https://registry.gdi-de.org/de.nw/radnetz/instances/Knoten_Wuppertal_3371"], "https://registry.gdi-de.org/up3/ontology/fuehrung": ["https://registry.gdi-de.org/codelist/de.bund.balm.radnetz/Fuehrung/401"], "https://registry.gdi-de.org/up3/ontology/geometrieAbschnitt": ["https://registry.gdi-de.org/de.nw/radnetz/instances/Section_Wuppertal_6954_145_geometry"], "https://registry.gdi-de.org/up3/ontology/licht": ["https://registry.gdi-de.org/codelist/de.bund.balm.radnetz/Licht/0"], "https://registry.gdi-de.org/up3/ontology/quell-ID": ["6954"], "https://registry.gdi-de.org/up3/ontology/steigung": ["3.748348"], "https://registry.gdi-de.org/up3/ontology/strecken-ID": ["Section_Wuppertal_6954_145"]}, "geometry": {"type": "LineString", "coordinates": [[7.1029248632, 51.2910113624, 227.46], [7.1052272774, 51.2901925313, 234.38]]}}, {"type": "Feature", "id": "https://registry.gdi-de.org/de.nw/radnetz/instances/Section_Wuppertal_8929_182", "name": "", "dateprops": [], "properties": {"http://rdfs.org/ns/void#inDataset": ["https://registry.gdi-de.org/de.nw/radnetz/instances/exnw_dataset"], "http://www.opengis.net/ont/geosparql#hasGeometry": ["https://registry.gdi-de.org/de.nw/radnetz/instances/Section_Wuppertal_8929_182_geometry"], "http://www.w3.org/1999/02/22-rdf-syntax-ns#type": ["https://registry.gdi-de.org/up3/ontology/Streckenabschnitt_optional"], "https://registry.gdi-de.org/up3/ontology/beginntBeiKnoten": ["https://registry.gdi-de.org/de.nw/radnetz/instances/Knoten_Wuppertal_9381"], "https://registry.gdi-de.org/up3/ontology/endetBeiKnoten": ["https://registry.gdi-de.org/de.nw/radnetz/instances/Knoten_Wuppertal_9528"], "https://registry.gdi-de.org/up3/ontology/geometrieAbschnitt": ["https://registry.gdi-de.org/de.nw/radnetz/instances/Section_Wuppertal_8929_182_geometry"], "https://registry.gdi-de.org/up3/ontology/licht": ["https://registry.gdi-de.org/codelist/de.bund.balm.radnetz/Licht/0"], "https://registry.gdi-de.org/up3/ontology/quell-ID": ["8929"], "https://registry.gdi-de.org/up3/ontology/steigung": ["0.5470442"], "https://registry.gdi-de.org/up3/ontology/strecken-ID": ["Section_Wuppertal_8929_182"]}, "geometry": {"type": "LineString", "coordinates": [[7.2545042163, 51.2187811764, 304.33], [7.255063811, 51.2192004181, 0.0], [7.2557822659, 51.2195569067, 0.0], [7.2565537447, 51.2200423634, 0.0], [7.2573747922, 51.2203617294, 0.0], [7.259024391, 51.2213633162, 0.0], [7.2601226461, 51.2221088973, 0.0], [7.2606175315, 51.2225229857, 0.0], [7.2607886049, 51.2227328247, 0.0], [7.2609553511, 51.2230147225, 0.0], [7.2610862319, 51.2234920599, 308.23]]}}, {"type": "Feature", "id": "https://registry.gdi-de.org/de.nw/radnetz/instances/Section_Wuppertal_1227091_672_right", "name": "", "dateprops": [], "properties": {"http://rdfs.org/ns/void#inDataset": ["https://registry.gdi-de.org/de.nw/radnetz/instances/exnw_dataset"], "http://www.opengis.net/ont/geosparql#hasGeometry": ["https://registry.gdi-de.org/de.nw/radnetz/instances/Section_Wuppertal_1227091_672_right_geometry"], "http://www.w3.org/1999/02/22-rdf-syntax-ns#type": ["https://registry.gdi-de.org/up3/ontology/Streckenabschnitt_optional"], "https://registry.gdi-de.org/up3/ontology/beginntBeiKnoten": ["https://registry.gdi-de.org/de.nw/radnetz/instances/Knoten_Wuppertal_100420101"], "https://registry.gdi-de.org/up3/ontology/endetBeiKnoten": ["https://registry.gdi-de.org/de.nw/radnetz/instances/Knoten_Wuppertal_3105"], "https://registry.gdi-de.org/up3/ontology/fuehrung": ["https://registry.gdi-de.org/codelist/de.bund.balm.radnetz/Fuehrung/401"], "https://registry.gdi-de.org/up3/ontology/geometrieAbschnitt": ["https://registry.gdi-de.org/de.nw/radnetz/instances/Section_Wuppertal_1227091_672_right_geometry"], "https://registry.gdi-de.org/up3/ontology/licht": ["https://registry.gdi-de.org/codelist/de.bund.balm.radnetz/Licht/0"], "https://registry.gdi-de.org/up3/ontology/quell-ID": ["1227091"], "https://registry.gdi-de.org/up3/ontology/richtung": ["https://registry.gdi-de.org/codelist/de.bund.balm.radnetz/Richtung/2"], "https://registry.gdi-de.org/up3/ontology/steigung": ["2.668537"], "https://registry.gdi-de.org/up3/ontology/strecken-ID": ["Section_Wuppertal_1227091_672_right"]}, "geometry": {"type": "LineString", "coordinates": [[7.0966808066, 51.2963251004, 195.48], [7.0968822755, 51.2961418892, 0.0], [7.0936469179, 51.2925094548, 208.49]]}}, {"type": "Feature", "id": "https://registry.gdi-de.org/de.nw/radnetz/instances/Section_Wuppertal_1223202_363", "name": "", "dateprops": [], "properties": {"http://rdfs.org/ns/void#inDataset": ["https://registry.gdi-de.org/de.nw/radnetz/instances/exnw_dataset"], "http://www.opengis.net/ont/geosparql#hasGeometry": ["https://registry.gdi-de.org/de.nw/radnetz/instances/Section_Wuppertal_1223202_363_geometry"], "http://www.w3.org/1999/02/22-rdf-syntax-ns#type": ["https://registry.gdi-de.org/up3/ontology/Streckenabschnitt_optional"], "https://registry.gdi-de.org/up3/ontology/beginntBeiKnoten": ["https://registry.gdi-de.org/de.nw/radnetz/instances/Knoten_Wuppertal_60311"], "https://registry.gdi-de.org/up3/ontology/endetBeiKnoten": ["https://registry.gdi-de.org/de.nw/radnetz/instances/Knoten_Wuppertal_60313"], "https://registry.gdi-de.org/up3/ontology/geometrieAbschnitt": ["https://registry.gdi-de.org/de.nw/radnetz/instances/Section_Wuppertal_1223202_363_geometry"], "https://registry.gdi-de.org/up3/ontology/licht": ["https://registry.gdi-de.org/codelist/de.bund.balm.radnetz/Licht/0"], "https://registry.gdi-de.org/up3/ontology/quell-ID": ["1223202"], "https://registry.gdi-de.org/up3/ontology/steigung": ["2.316814"], "https://registry.gdi-de.org/up3/ontology/strecken-ID": ["Section_Wuppertal_1223202_363"]}, "geometry": {"type": "LineString", "coordinates": [[7.1267839209, 51.2249156951, 277.64], [7.1268375953, 51.2246179142, 0.0], [7.126929064, 51.2243931676, 0.0], [7.1271120585, 51.2241957387, 0.0], [7.1272631433, 51.2240236507, 0.0], [7.1275381855, 51.2238406213, 0.0], [7.1281252127, 51.2235785608, 0.0], [7.1285735373, 51.2234370799, 0.0], [7.1290704079, 51.2233674683, 0.0], [7.1295340628, 51.2233554915, 0.0], [7.1300256951, 51.2234150557, 0.0], [7.1305365927, 51.2235072417, 0.0], [7.1309201334, 51.2236943383, 0.0], [7.1313627782, 51.2239470099, 0.0], [7.1316493045, 51.2242424289, 0.0], [7.131860691, 51.2246142045, 0.0], [7.1319319959, 51.2248867967, 0.0], [7.1320793173, 51.2253157178, 0.0], [7.1322819941, 51.2256485758, 0.0], [7.132580131, 51.2259118616, 0.0], [7.1329813981, 51.2261703288, 0.0], [7.1333335884, 51.2263698439, 0.0], [7.1337868204, 51.2266162106, 0.0], [7.1341099864, 51.2267700183, 0.0], [7.1344758692, 51.2268857258, 0.0], [7.1347306886, 51.2269479572, 0.0], [7.1349348578, 51.2269899914, 0.0], [7.1351601225, 51.2270194347, 0.0], [7.1354920238, 51.2270339944, 298.92]]}}, {"type": "Feature", "id": "https://registry.gdi-de.org/de.nw/radnetz/instances/Section_Wuppertal_1230034_838", "name": "", "dateprops": [], "properties": {"http://rdfs.org/ns/void#inDataset": ["https://registry.gdi-de.org/de.nw/radnetz/instances/exnw_dataset"], "http://www.opengis.net/ont/geosparql#hasGeometry": ["https://registry.gdi-de.org/de.nw/radnetz/instances/Section_Wuppertal_1230034_838_geometry"], "http://www.w3.org/1999/02/22-rdf-syntax-ns#type": ["https://registry.gdi-de.org/up3/ontology/Streckenabschnitt_optional"], "https://registry.gdi-de.org/up3/ontology/beginntBeiKnoten": ["https://registry.gdi-de.org/de.nw/radnetz/instances/Knoten_Wuppertal_1189691315"], "https://registry.gdi-de.org/up3/ontology/endetBeiKnoten": ["https://registry.gdi-de.org/de.nw/radnetz/instances/Knoten_Wuppertal_137520102"], "https://registry.gdi-de.org/up3/ontology/geometrieAbschnitt": ["https://registry.gdi-de.org/de.nw/radnetz/instances/Section_Wuppertal_1230034_838_geometry"], "https://registry.gdi-de.org/up3/ontology/licht": ["https://registry.gdi-de.org/codelist/de.bund.balm.radnetz/Licht/0"], "https://registry.gdi-de.org/up3/ontology/quell-ID": ["1230034"], "https://registry.gdi-de.org/up3/ontology/steigung": ["0.5410145"], "https://registry.gdi-de.org/up3/ontology/strecken-ID": ["Section_Wuppertal_1230034_838"]}, "geometry": {"type": "LineString", "coordinates": [[7.0672688, 51.2084295244, 0.0], [7.0677201147, 51.2078847372, 0.0], [7.0680618953, 51.2074545645, 0.0], [7.0686809962, 51.2070289705, 0.0], [7.0705747417, 51.205985204, 0.0], [7.0737015959, 51.2042063024, 0.0], [7.0749468593, 51.20318084, 0.0], [7.0752933804, 51.2026345062, 0.0], [7.0754342269, 51.2014746444, 0.0], [7.0750449188, 51.2008290397, 0.0], [7.0742445752, 51.1998516199, 0.01]]}}, {"type": "Feature", "id": "https://registry.gdi-de.org/de.nw/radnetz/instances/Section_Wuppertal_1223047_316", "name": "", "dateprops": [], "properties": {"http://rdfs.org/ns/void#inDataset": ["https://registry.gdi-de.org/de.nw/radnetz/instances/exnw_dataset"], "http://www.opengis.net/ont/geosparql#hasGeometry": ["https://registry.gdi-de.org/de.nw/radnetz/instances/Section_Wuppertal_1223047_316_geometry"], "http://www.w3.org/1999/02/22-rdf-syntax-ns#type": ["https://registry.gdi-de.org/up3/ontology/Streckenabschnitt_optional"], "https://registry.gdi-de.org/up3/ontology/beginntBeiKnoten": ["https://registry.gdi-de.org/de.nw/radnetz/instances/Knoten_Wuppertal_60242"], "https://registry.gdi-de.org/up3/ontology/endetBeiKnoten": ["https://registry.gdi-de.org/de.nw/radnetz/instances/Knoten_Wuppertal_60245"], "https://registry.gdi-de.org/up3/ontology/fuehrung": ["https://registry.gdi-de.org/codelist/de.bund.balm.radnetz/Fuehrung/401"], "https://registry.gdi-de.org/up3/ontology/geometrieAbschnitt": ["https://registry.gdi-de.org/de.nw/radnetz/instances/Section_Wuppertal_1223047_316_geometry"], "https://registry.gdi-de.org/up3/ontology/licht": ["https://registry.gdi-de.org/codelist/de.bund.balm.radnetz/Licht/0"], "https://registry.gdi-de.org/up3/ontology/quell-ID": ["1223047"], "https://registry.gdi-de.org/up3/ontology/steigung": ["4.949952"], "https://registry.gdi-de.org/up3/ontology/strecken-ID": ["Section_Wuppertal_1223047_316"]}, "geometry": {"type": "LineString", "coordinates": [[7.1500993774, 51.2684984936, 176.53], [7.1501162759, 51.268455529, 0.0], [7.1503743, 51.2684867148, 0.0], [7.1505817888, 51.2684984652, 0.0], [7.1507602686, 51.2684928138, 0.0], [7.1508932029, 51.268477971, 0.0], [7.1509635148, 51.2684756933, 0.0], [7.151192257, 51.2684962498, 0.0], [7.1513839591, 51.2684975835, 0.0], [7.1514099502, 51.2684556374, 0.0], [7.1516910617, 51.2684499112, 0.0], [7.1515828271, 51.2682480147, 183.58]]}}, {"type": "Feature", "id": "https://registry.gdi-de.org/de.nw/radnetz/instances/Section_Wuppertal_1229933_817", "name": "", "dateprops": [], "properties": {"http://rdfs.org/ns/void#inDataset": ["https://registry.gdi-de.org/de.nw/radnetz/instances/exnw_dataset"], "http://www.opengis.net/ont/geosparql#hasGeometry": ["https://registry.gdi-de.org/de.nw/radnetz/instances/Section_Wuppertal_1229933_817_geometry"], "http://www.w3.org/1999/02/22-rdf-syntax-ns#type": ["https://registry.gdi-de.org/up3/ontology/Streckenabschnitt_optional"], "https://registry.gdi-de.org/up3/ontology/beginntBeiKnoten": ["https://registry.gdi-de.org/de.nw/radnetz/instances/Knoten_Wuppertal_1189691305"], "https://registry.gdi-de.org/up3/ontology/endetBeiKnoten": ["https://registry.gdi-de.org/de.nw/radnetz/instances/Knoten_Wuppertal_6057"], "https://registry.gdi-de.org/up3/ontology/geometrieAbschnitt": ["https://registry.gdi-de.org/de.nw/radnetz/instances/Section_Wuppertal_1229933_817_geometry"], "https://registry.gdi-de.org/up3/ontology/licht": ["https://registry.gdi-de.org/codelist/de.bund.balm.radnetz/Licht/0"], "https://registry.gdi-de.org/up3/ontology/quell-ID": ["1229933"], "https://registry.gdi-de.org/up3/ontology/steigung": ["1.431894"], "https://registry.gdi-de.org/up3/ontology/strecken-ID": ["Section_Wuppertal_1229933_817"]}, "geometry": {"type": "LineString", "coordinates": [[7.1626637362, 51.2093931517, 180.41], [7.1630665882, 51.2096643582, 0.0], [7.1635286795, 51.2099455601, 0.0], [7.1651500565, 51.2107550558, 0.0], [7.1653327079, 51.2109808167, 0.0], [7.1653209146, 51.2111251753, 184.35]]}}, {"type": "Feature", "id": "https://registry.gdi-de.org/de.nw/radnetz/instances/Section_Wuppertal_1229871_791", "name": "", "dateprops": [], "properties": {"http://rdfs.org/ns/void#inDataset": ["https://registry.gdi-de.org/de.nw/radnetz/instances/exnw_dataset"], "http://www.opengis.net/ont/geosparql#hasGeometry": ["https://registry.gdi-de.org/de.nw/radnetz/instances/Section_Wuppertal_1229871_791_geometry"], "http://www.w3.org/1999/02/22-rdf-syntax-ns#type": ["https://registry.gdi-de.org/up3/ontology/Streckenabschnitt_optional"], "https://registry.gdi-de.org/up3/ontology/beginntBeiKnoten": ["https://registry.gdi-de.org/de.nw/radnetz/instances/Knoten_Wuppertal_1189691279"], "https://registry.gdi-de.org/up3/ontology/endetBeiKnoten": ["https://registry.gdi-de.org/de.nw/radnetz/instances/Knoten_Wuppertal_1189691280"], "https://registry.gdi-de.org/up3/ontology/fuehrung": ["https://registry.gdi-de.org/codelist/de.bund.balm.radnetz/Fuehrung/401"], "https://registry.gdi-de.org/up3/ontology/geometrieAbschnitt": ["https://registry.gdi-de.org/de.nw/radnetz/instances/Section_Wuppertal_1229871_791_geometry"], "https://registry.gdi-de.org/up3/ontology/licht": ["https://registry.gdi-de.org/codelist/de.bund.balm.radnetz/Licht/0"], "https://registry.gdi-de.org/up3/ontology/quell-ID": ["1229871"], "https://registry.gdi-de.org/up3/ontology/steigung": ["2.989008"], "https://registry.gdi-de.org/up3/ontology/strecken-ID": ["Section_Wuppertal_1229871_791"]}, "geometry": {"type": "LineString", "coordinates": [[7.1324626895, 51.1704475678, 119.56], [7.1323157165, 51.170751656, 0.0], [7.1322014393, 51.1710401376, 0.0], [7.1320756453, 51.1712961792, 0.0], [7.1319043306, 51.1715676219, 0.0], [7.1316947179, 51.1718344201, 0.0], [7.1314180731, 51.1721727242, 0.0], [7.1311032921, 51.1725023532, 0.0], [7.1307502112, 51.1728273384, 0.0], [7.130596917, 51.1729700411, 128.88]]}}, {"type": "Feature", "id": "https://registry.gdi-de.org/de.nw/radnetz/instances/Section_Wuppertal_1229967_827", "name": "", "dateprops": [], "properties": {"http://rdfs.org/ns/void#inDataset": ["https://registry.gdi-de.org/de.nw/radnetz/instances/exnw_dataset"], "http://www.opengis.net/ont/geosparql#hasGeometry": ["https://registry.gdi-de.org/de.nw/radnetz/instances/Section_Wuppertal_1229967_827_geometry"], "http://www.w3.org/1999/02/22-rdf-syntax-ns#type": ["https://registry.gdi-de.org/up3/ontology/Streckenabschnitt_optional"], "https://registry.gdi-de.org/up3/ontology/beginntBeiKnoten": ["https://registry.gdi-de.org/de.nw/radnetz/instances/Knoten_Wuppertal_1189691315"], "https://registry.gdi-de.org/up3/ontology/endetBeiKnoten": ["https://registry.gdi-de.org/de.nw/radnetz/instances/Knoten_Wuppertal_2270"], "https://registry.gdi-de.org/up3/ontology/fuehrung": ["https://registry.gdi-de.org/codelist/de.bund.balm.radnetz/Fuehrung/401"], "https://registry.gdi-de.org/up3/ontology/geometrieAbschnitt": ["https://registry.gdi-de.org/de.nw/radnetz/instances/Section_Wuppertal_1229967_827_geometry"], "https://registry.gdi-de.org/up3/ontology/licht": ["https://registry.gdi-de.org/codelist/de.bund.balm.radnetz/Licht/0"], "https://registry.gdi-de.org/up3/ontology/quell-ID": ["1229967"], "https://registry.gdi-de.org/up3/ontology/steigung": ["1.87876"], "https://registry.gdi-de.org/up3/ontology/strecken-ID": ["Section_Wuppertal_1229967_827"]}, "geometry": {"type": "LineString", "coordinates": [[7.0672688, 51.2084295244, 0.0], [7.0670069868, 51.2086795598, 0.0], [7.0649274962, 51.2096567628, 0.0], [7.0630570071, 51.2105093409, 0.0], [7.0620249803, 51.2108123698, 0.0], [7.0609141411, 51.2110500583, 0.0], [7.0594859421, 51.2110775957, 0.0], [7.0582395716, 51.2109303026, 0.0], [7.0573384547, 51.2107957456, 224.4]]}}, {"type": "Feature", "id": "https://registry.gdi-de.org/de.nw/radnetz/instances/Section_Wuppertal_3000_66_right", "name": "", "dateprops": [], "properties": {"http://rdfs.org/ns/void#inDataset": ["https://registry.gdi-de.org/de.nw/radnetz/instances/exnw_dataset"], "http://www.opengis.net/ont/geosparql#hasGeometry": ["https://registry.gdi-de.org/de.nw/radnetz/instances/Section_Wuppertal_3000_66_right_geometry"], "http://www.w3.org/1999/02/22-rdf-syntax-ns#type": ["https://registry.gdi-de.org/up3/ontology/Streckenabschnitt_optional"], "https://registry.gdi-de.org/up3/ontology/beginntBeiKnoten": ["https://registry.gdi-de.org/de.nw/radnetz/instances/Knoten_Wuppertal_4055"], "https://registry.gdi-de.org/up3/ontology/endetBeiKnoten": ["https://registry.gdi-de.org/de.nw/radnetz/instances/Knoten_Wuppertal_4184"], "https://registry.gdi-de.org/up3/ontology/fuehrung": ["https://registry.gdi-de.org/codelist/de.bund.balm.radnetz/Fuehrung/401"], "https://registry.gdi-de.org/up3/ontology/geometrieAbschnitt": ["https://registry.gdi-de.org/de.nw/radnetz/instances/Section_Wuppertal_3000_66_right_geometry"], "https://registry.gdi-de.org/up3/ontology/licht": ["https://registry.gdi-de.org/codelist/de.bund.balm.radnetz/Licht/0"], "https://registry.gdi-de.org/up3/ontology/quell-ID": ["3000"], "https://registry.gdi-de.org/up3/ontology/richtung": ["https://registry.gdi-de.org/codelist/de.bund.balm.radnetz/Richtung/2"], "https://registry.gdi-de.org/up3/ontology/steigung": ["2.459127"], "https://registry.gdi-de.org/up3/ontology/strecken-ID": ["Section_Wuppertal_3000_66_right"]}, "geometry": {"type": "LineString", "coordinates": [[7.1245745057, 51.2977895251, 201.56], [7.1249755343, 51.2972475253, 0.0], [7.1252419831, 51.2970022372, 0.0], [7.1266459556, 51.2960766004, 207.5]]}}, {"type": "Feature", "id": "https://registry.gdi-de.org/de.nw/radnetz/instances/Section_Wuppertal_1229798_770", "name": "", "dateprops": [], "properties": {"http://rdfs.org/ns/void#inDataset": ["https://registry.gdi-de.org/de.nw/radnetz/instances/exnw_dataset"], "http://www.opengis.net/ont/geosparql#hasGeometry": ["https://registry.gdi-de.org/de.nw/radnetz/instances/Section_Wuppertal_1229798_770_geometry"], "http://www.w3.org/1999/02/22-rdf-syntax-ns#type": ["https://registry.gdi-de.org/up3/ontology/Streckenabschnitt_optional"], "https://registry.gdi-de.org/up3/ontology/beginntBeiKnoten": ["https://registry.gdi-de.org/de.nw/radnetz/instances/Knoten_Wuppertal_1189691243"], "https://registry.gdi-de.org/up3/ontology/endetBeiKnoten": ["https://registry.gdi-de.org/de.nw/radnetz/instances/Knoten_Wuppertal_1189691242"], "https://registry.gdi-de.org/up3/ontology/fuehrung": ["https://registry.gdi-de.org/codelist/de.bund.balm.radnetz/Fuehrung/401"], "https://registry.gdi-de.org/up3/ontology/geometrieAbschnitt": ["https://registry.gdi-de.org/de.nw/radnetz/instances/Section_Wuppertal_1229798_770_geometry"], "https://registry.gdi-de.org/up3/ontology/licht": ["https://registry.gdi-de.org/codelist/de.bund.balm.radnetz/Licht/0"], "https://registry.gdi-de.org/up3/ontology/quell-ID": ["1229798"], "https://registry.gdi-de.org/up3/ontology/steigung": ["1.357305"], "https://registry.gdi-de.org/up3/ontology/strecken-ID": ["Section_Wuppertal_1229798_770"]}, "geometry": {"type": "LineString", "coordinates": [[7.107112401, 51.2095028111, 121.67], [7.1074663859, 51.2098316856, 0.0], [7.1077475611, 51.210143993, 0.0], [7.1080513289, 51.2105028291, 0.0], [7.1081827805, 51.210881959, 0.0], [7.1082363735, 51.2113675461, 0.0], [7.1081220525, 51.2117657843, 0.0], [7.1079616017, 51.2120940303, 0.0], [7.1076184691, 51.2123962392, 0.0], [7.1072238412, 51.2127591654, 0.0], [7.1069186859, 51.213031211, 0.0], [7.1067033205, 51.2132046873, 0.0], [7.1063526622, 51.2133913616, 0.0], [7.1060393567, 51.2135632513, 0.0], [7.10576555, 51.2139665989, 0.0], [7.1056314516, 51.2142491044, 0.0], [7.1055956042, 51.2145255062, 0.0], [7.1055632297, 51.2147173317, 0.0], [7.1055810849, 51.214879194, 0.0], [7.1056453856, 51.2151033606, 0.0], [7.1057470294, 51.2153404859, 131.54]]}}, {"type": "Feature", "id": "https://registry.gdi-de.org/de.nw/radnetz/instances/Section_Wuppertal_1229571_727", "name": "", "dateprops": [], "properties": {"http://rdfs.org/ns/void#inDataset": ["https://registry.gdi-de.org/de.nw/radnetz/instances/exnw_dataset"], "http://www.opengis.net/ont/geosparql#hasGeometry": ["https://registry.gdi-de.org/de.nw/radnetz/instances/Section_Wuppertal_1229571_727_geometry"], "http://www.w3.org/1999/02/22-rdf-syntax-ns#type": ["https://registry.gdi-de.org/up3/ontology/Streckenabschnitt_optional"], "https://registry.gdi-de.org/up3/ontology/beginntBeiKnoten": ["https://registry.gdi-de.org/de.nw/radnetz/instances/Knoten_Wuppertal_1189691138"], "https://registry.gdi-de.org/up3/ontology/endetBeiKnoten": ["https://registry.gdi-de.org/de.nw/radnetz/instances/Knoten_Wuppertal_8904"], "https://registry.gdi-de.org/up3/ontology/fuehrung": ["https://registry.gdi-de.org/codelist/de.bund.balm.radnetz/Fuehrung/401"], "https://registry.gdi-de.org/up3/ontology/geometrieAbschnitt": ["https://registry.gdi-de.org/de.nw/radnetz/instances/Section_Wuppertal_1229571_727_geometry"], "https://registry.gdi-de.org/up3/ontology/licht": ["https://registry.gdi-de.org/codelist/de.bund.balm.radnetz/Licht/0"], "https://registry.gdi-de.org/up3/ontology/quell-ID": ["1229571"], "https://registry.gdi-de.org/up3/ontology/steigung": ["2.936936"], "https://registry.gdi-de.org/up3/ontology/strecken-ID": ["Section_Wuppertal_1229571_727"]}, "geometry": {"type": "LineString", "coordinates": [[7.2359079497, 51.2358302635, 299.67], [7.2359391209, 51.2353898895, 301.11]]}}, {"type": "Feature", "id": "https://registry.gdi-de.org/de.nw/radnetz/instances/Section_Wuppertal_8928_181_right", "name": "", "dateprops": [], "properties": {"http://rdfs.org/ns/void#inDataset": ["https://registry.gdi-de.org/de.nw/radnetz/instances/exnw_dataset"], "http://www.opengis.net/ont/geosparql#hasGeometry": ["https://registry.gdi-de.org/de.nw/radnetz/instances/Section_Wuppertal_8928_181_right_geometry"], "http://www.w3.org/1999/02/22-rdf-syntax-ns#type": ["https://registry.gdi-de.org/up3/ontology/Streckenabschnitt_optional"], "https://registry.gdi-de.org/up3/ontology/beginntBeiKnoten": ["https://registry.gdi-de.org/de.nw/radnetz/instances/Knoten_Wuppertal_9558"], "https://registry.gdi-de.org/up3/ontology/endetBeiKnoten": ["https://registry.gdi-de.org/de.nw/radnetz/instances/Knoten_Wuppertal_9577"], "https://registry.gdi-de.org/up3/ontology/fuehrung": ["https://registry.gdi-de.org/codelist/de.bund.balm.radnetz/Fuehrung/401"], "https://registry.gdi-de.org/up3/ontology/geometrieAbschnitt": ["https://registry.gdi-de.org/de.nw/radnetz/instances/Section_Wuppertal_8928_181_right_geometry"], "https://registry.gdi-de.org/up3/ontology/licht": ["https://registry.gdi-de.org/codelist/de.bund.balm.radnetz/Licht/0"], "https://registry.gdi-de.org/up3/ontology/quell-ID": ["8928"], "https://registry.gdi-de.org/up3/ontology/richtung": ["https://registry.gdi-de.org/codelist/de.bund.balm.radnetz/Richtung/2"], "https://registry.gdi-de.org/up3/ontology/steigung": ["0.8226974"], "https://registry.gdi-de.org/up3/ontology/strecken-ID": ["Section_Wuppertal_8928_181_right"]}, "geometry": {"type": "LineString", "coordinates": [[7.2606005578, 51.2840869027, 183.35], [7.2614058771, 51.2844699004, 183.93]]}}, {"type": "Feature", "id": "https://registry.gdi-de.org/de.nw/radnetz/instances/Section_Wuppertal_1224365_414_left", "name": "", "dateprops": [], "properties": {"http://rdfs.org/ns/void#inDataset": ["https://registry.gdi-de.org/de.nw/radnetz/instances/exnw_dataset"], "http://www.opengis.net/ont/geosparql#hasGeometry": ["https://registry.gdi-de.org/de.nw/radnetz/instances/Section_Wuppertal_1224365_414_left_geometry"], "http://www.w3.org/1999/02/22-rdf-syntax-ns#type": ["https://registry.gdi-de.org/up3/ontology/Streckenabschnitt_optional"], "https://registry.gdi-de.org/up3/ontology/beginntBeiKnoten": ["https://registry.gdi-de.org/de.nw/radnetz/instances/Knoten_Wuppertal_4339"], "https://registry.gdi-de.org/up3/ontology/endetBeiKnoten": ["https://registry.gdi-de.org/de.nw/radnetz/instances/Knoten_Wuppertal_118160101"], "https://registry.gdi-de.org/up3/ontology/geometrieAbschnitt": ["https://registry.gdi-de.org/de.nw/radnetz/instances/Section_Wuppertal_1224365_414_left_geometry"], "https://registry.gdi-de.org/up3/ontology/licht": ["https://registry.gdi-de.org/codelist/de.bund.balm.radnetz/Licht/0"], "https://registry.gdi-de.org/up3/ontology/quell-ID": ["1224365"], "https://registry.gdi-de.org/up3/ontology/richtung": ["https://registry.gdi-de.org/codelist/de.bund.balm.radnetz/Richtung/3"], "https://registry.gdi-de.org/up3/ontology/steigung": ["6.060434"], "https://registry.gdi-de.org/up3/ontology/strecken-ID": ["Section_Wuppertal_1224365_414_left"]}, "geometry": {"type": "LineString", "coordinates": [[7.1288274524, 51.3042775893, 224.14], [7.1291065766, 51.3043269418, 0.0], [7.1308343806, 51.3052819983, 0.0], [7.1314766546, 51.3056523423, 0.0], [7.1318578285, 51.3059902245, 0.0], [7.1325283639, 51.306250657, 244.91]]}}, {"type": "Feature", "id": "https://registry.gdi-de.org/de.nw/radnetz/instances/Section_Wuppertal_1229936_818", "name": "", "dateprops": [], "properties": {"http://rdfs.org/ns/void#inDataset": ["https://registry.gdi-de.org/de.nw/radnetz/instances/exnw_dataset"], "http://www.opengis.net/ont/geosparql#hasGeometry": ["https://registry.gdi-de.org/de.nw/radnetz/instances/Section_Wuppertal_1229936_818_geometry"], "http://www.w3.org/1999/02/22-rdf-syntax-ns#type": ["https://registry.gdi-de.org/up3/ontology/Streckenabschnitt_optional"], "https://registry.gdi-de.org/up3/ontology/beginntBeiKnoten": ["https://registry.gdi-de.org/de.nw/radnetz/instances/Knoten_Wuppertal_1189691306"], "https://registry.gdi-de.org/up3/ontology/endetBeiKnoten": ["https://registry.gdi-de.org/de.nw/radnetz/instances/Knoten_Wuppertal_1189691305"], "https://registry.gdi-de.org/up3/ontology/geometrieAbschnitt": ["https://registry.gdi-de.org/de.nw/radnetz/instances/Section_Wuppertal_1229936_818_geometry"], "https://registry.gdi-de.org/up3/ontology/licht": ["https://registry.gdi-de.org/codelist/de.bund.balm.radnetz/Licht/0"], "https://registry.gdi-de.org/up3/ontology/quell-ID": ["1229936"], "https://registry.gdi-de.org/up3/ontology/steigung": ["2.050243"], "https://registry.gdi-de.org/up3/ontology/strecken-ID": ["Section_Wuppertal_1229936_818"]}, "geometry": {"type": "LineString", "coordinates": [[7.1665015746, 51.2020621844, 162.21], [7.1662876162, 51.2028087094, 0.0], [7.166333723, 51.2032488592, 0.0], [7.1660898898, 51.2037843331, 0.0], [7.1657491382, 51.2043582346, 0.0], [7.1653186037, 51.2047909093, 0.0], [7.1650405937, 51.2053857674, 0.0], [7.1648912695, 51.2059426951, 0.0], [7.1649627957, 51.2065430346, 0.0], [7.1648563537, 51.2068210003, 0.0], [7.1646903254, 51.206998161, 0.0], [7.1642359153, 51.207230718, 0.0], [7.1640690893, 51.2074278392, 0.0], [7.1638990843, 51.2077048064, 0.0], [7.1635979951, 51.2080795849, 0.0], [7.1634279863, 51.2083565515, 0.0], [7.1629417781, 51.2085886043, 0.0], [7.1627749401, 51.2087857234, 0.0], [7.1626637362, 51.2093931517, 180.41]]}}, {"type": "Feature", "id": "https://registry.gdi-de.org/de.nw/radnetz/instances/Section_Wuppertal_12758_274_right", "name": "", "dateprops": [], "properties": {"http://rdfs.org/ns/void#inDataset": ["https://registry.gdi-de.org/de.nw/radnetz/instances/exnw_dataset"], "http://www.opengis.net/ont/geosparql#hasGeometry": ["https://registry.gdi-de.org/de.nw/radnetz/instances/Section_Wuppertal_12758_274_right_geometry"], "http://www.w3.org/1999/02/22-rdf-syntax-ns#type": ["https://registry.gdi-de.org/up3/ontology/Streckenabschnitt_optional"], "https://registry.gdi-de.org/up3/ontology/beginntBeiKnoten": ["https://registry.gdi-de.org/de.nw/radnetz/instances/Knoten_Wuppertal_2692"], "https://registry.gdi-de.org/up3/ontology/endetBeiKnoten": ["https://registry.gdi-de.org/de.nw/radnetz/instances/Knoten_Wuppertal_2693"], "https://registry.gdi-de.org/up3/ontology/fuehrung": ["https://registry.gdi-de.org/codelist/de.bund.balm.radnetz/Fuehrung/401"], "https://registry.gdi-de.org/up3/ontology/geometrieAbschnitt": ["https://registry.gdi-de.org/de.nw/radnetz/instances/Section_Wuppertal_12758_274_right_geometry"], "https://registry.gdi-de.org/up3/ontology/licht": ["https://registry.gdi-de.org/codelist/de.bund.balm.radnetz/Licht/0"], "https://registry.gdi-de.org/up3/ontology/quell-ID": ["12758"], "https://registry.gdi-de.org/up3/ontology/richtung": ["https://registry.gdi-de.org/codelist/de.bund.balm.radnetz/Richtung/2"], "https://registry.gdi-de.org/up3/ontology/steigung": ["2.101262"], "https://registry.gdi-de.org/up3/ontology/strecken-ID": ["Section_Wuppertal_12758_274_right"]}, "geometry": {"type": "LineString", "coordinates": [[7.0724257853, 51.2719068599, 160.63], [7.0725390644, 51.2709511315, 162.87]]}}, {"type": "Feature", "id": "https://registry.gdi-de.org/de.nw/radnetz/instances/Section_Wuppertal_1223192_360", "name": "", "dateprops": [], "properties": {"http://rdfs.org/ns/void#inDataset": ["https://registry.gdi-de.org/de.nw/radnetz/instances/exnw_dataset"], "http://www.opengis.net/ont/geosparql#hasGeometry": ["https://registry.gdi-de.org/de.nw/radnetz/instances/Section_Wuppertal_1223192_360_geometry"], "http://www.w3.org/1999/02/22-rdf-syntax-ns#type": ["https://registry.gdi-de.org/up3/ontology/Streckenabschnitt_optional"], "https://registry.gdi-de.org/up3/ontology/beginntBeiKnoten": ["https://registry.gdi-de.org/de.nw/radnetz/instances/Knoten_Wuppertal_60308"], "https://registry.gdi-de.org/up3/ontology/endetBeiKnoten": ["https://registry.gdi-de.org/de.nw/radnetz/instances/Knoten_Wuppertal_60309"], "https://registry.gdi-de.org/up3/ontology/geometrieAbschnitt": ["https://registry.gdi-de.org/de.nw/radnetz/instances/Section_Wuppertal_1223192_360_geometry"], "https://registry.gdi-de.org/up3/ontology/licht": ["https://registry.gdi-de.org/codelist/de.bund.balm.radnetz/Licht/0"], "https://registry.gdi-de.org/up3/ontology/quell-ID": ["1223192"], "https://registry.gdi-de.org/up3/ontology/steigung": ["2.515756"], "https://registry.gdi-de.org/up3/ontology/strecken-ID": ["Section_Wuppertal_1223192_360"]}, "geometry": {"type": "LineString", "coordinates": [[7.1182388797, 51.2345780345, 239.75], [7.118717162, 51.2346275832, 0.0], [7.1189638207, 51.2346380122, 0.0], [7.1192624488, 51.2346363492, 0.0], [7.119499609, 51.234627235, 0.0], [7.1217163304, 51.234294439, 0.0], [7.1226604598, 51.2341156963, 0.0], [7.122921612, 51.2340229378, 0.0], [7.1232363064, 51.2338793331, 0.0], [7.1234278041, 51.2337272884, 0.0], [7.1236720545, 51.2335437732, 0.0], [7.1239315837, 51.2332377025, 0.0], [7.1240673899, 51.2329361111, 0.0], [7.1241100764, 51.2326459525, 0.0], [7.1240409088, 51.2323216854, 0.0], [7.1239382516, 51.2320615117, 0.0], [7.1235142691, 51.2316022912, 0.0], [7.1231839717, 51.2313707827, 0.0], [7.1229665787, 51.2311475471, 0.0], [7.1228584095, 51.2310230117, 0.0], [7.1227146113, 51.2307621776, 0.0], [7.1226525891, 51.2305155814, 259.42]]}}, {"type": "Feature", "id": "https://registry.gdi-de.org/de.nw/radnetz/instances/Section_Wuppertal_1225174_452_right", "name": "", "dateprops": [], "properties": {"http://rdfs.org/ns/void#inDataset": ["https://registry.gdi-de.org/de.nw/radnetz/instances/exnw_dataset"], "http://www.opengis.net/ont/geosparql#hasGeometry": ["https://registry.gdi-de.org/de.nw/radnetz/instances/Section_Wuppertal_1225174_452_right_geometry"], "http://www.w3.org/1999/02/22-rdf-syntax-ns#type": ["https://registry.gdi-de.org/up3/ontology/Streckenabschnitt_optional"], "https://registry.gdi-de.org/up3/ontology/beginntBeiKnoten": ["https://registry.gdi-de.org/de.nw/radnetz/instances/Knoten_Wuppertal_116450101"], "https://registry.gdi-de.org/up3/ontology/endetBeiKnoten": ["https://registry.gdi-de.org/de.nw/radnetz/instances/Knoten_Wuppertal_9327"], "https://registry.gdi-de.org/up3/ontology/fuehrung": ["https://registry.gdi-de.org/codelist/de.bund.balm.radnetz/Fuehrung/401"], "https://registry.gdi-de.org/up3/ontology/geometrieAbschnitt": ["https://registry.gdi-de.org/de.nw/radnetz/instances/Section_Wuppertal_1225174_452_right_geometry"], "https://registry.gdi-de.org/up3/ontology/licht": ["https://registry.gdi-de.org/codelist/de.bund.balm.radnetz/Licht/0"], "https://registry.gdi-de.org/up3/ontology/quell-ID": ["1225174"], "https://registry.gdi-de.org/up3/ontology/richtung": ["https://registry.gdi-de.org/codelist/de.bund.balm.radnetz/Richtung/2"], "https://registry.gdi-de.org/up3/ontology/steigung": ["0.5676055"], "https://registry.gdi-de.org/up3/ontology/strecken-ID": ["Section_Wuppertal_1225174_452_right"]}, "geometry": {"type": "LineString", "coordinates": [[7.2508370622, 51.2555398506, 176.32], [7.2512291056, 51.2556007312, 176.48]]}}, {"type": "Feature", "id": "https://registry.gdi-de.org/de.nw/radnetz/instances/Section_Wuppertal_1230024_1009_right", "name": "", "dateprops": [], "properties": {"http://rdfs.org/ns/void#inDataset": ["https://registry.gdi-de.org/de.nw/radnetz/instances/exnw_dataset"], "http://www.opengis.net/ont/geosparql#hasGeometry": ["https://registry.gdi-de.org/de.nw/radnetz/instances/Section_Wuppertal_1230024_1009_right_geometry"], "http://www.w3.org/1999/02/22-rdf-syntax-ns#type": ["https://registry.gdi-de.org/up3/ontology/Streckenabschnitt_optional"], "https://registry.gdi-de.org/up3/ontology/beginntBeiKnoten": ["https://registry.gdi-de.org/de.nw/radnetz/instances/Knoten_Wuppertal_4484"], "https://registry.gdi-de.org/up3/ontology/endetBeiKnoten": ["https://registry.gdi-de.org/de.nw/radnetz/instances/Knoten_Wuppertal_1189691383"], "https://registry.gdi-de.org/up3/ontology/fuehrung": ["https://registry.gdi-de.org/codelist/de.bund.balm.radnetz/Fuehrung/405"], "https://registry.gdi-de.org/up3/ontology/geometrieAbschnitt": ["https://registry.gdi-de.org/de.nw/radnetz/instances/Section_Wuppertal_1230024_1009_right_geometry"], "https://registry.gdi-de.org/up3/ontology/licht": ["https://registry.gdi-de.org/codelist/de.bund.balm.radnetz/Licht/0"], "https://registry.gdi-de.org/up3/ontology/quell-ID": ["1230024"], "https://registry.gdi-de.org/up3/ontology/richtung": ["https://registry.gdi-de.org/codelist/de.bund.balm.radnetz/Richtung/2"], "https://registry.gdi-de.org/up3/ontology/steigung": ["4.884734"], "https://registry.gdi-de.org/up3/ontology/strecken-ID": ["Section_Wuppertal_1230024_1009_right"]}, "geometry": {"type": "LineString", "coordinates": [[7.1368803295, 51.1663522717, 108.13], [7.1363060056, 51.1660468476, 0.0], [7.1358869887, 51.1658765352, 0.0], [7.1348750522, 51.1657413938, 0.0], [7.134116614, 51.1657739226, 0.0], [7.1333291277, 51.1659398664, 0.0], [7.1324445808, 51.1663416869, 0.0]]}}, {"type": "Feature", "id": "https://registry.gdi-de.org/de.nw/radnetz/instances/Section_Wuppertal_1223591_376_right", "name": "", "dateprops": [], "properties": {"http://rdfs.org/ns/void#inDataset": ["https://registry.gdi-de.org/de.nw/radnetz/instances/exnw_dataset"], "http://www.opengis.net/ont/geosparql#hasGeometry": ["https://registry.gdi-de.org/de.nw/radnetz/instances/Section_Wuppertal_1223591_376_right_geometry"], "http://www.w3.org/1999/02/22-rdf-syntax-ns#type": ["https://registry.gdi-de.org/up3/ontology/Streckenabschnitt_optional"], "https://registry.gdi-de.org/up3/ontology/beginntBeiKnoten": ["https://registry.gdi-de.org/de.nw/radnetz/instances/Knoten_Wuppertal_10046"], "https://registry.gdi-de.org/up3/ontology/endetBeiKnoten": ["https://registry.gdi-de.org/de.nw/radnetz/instances/Knoten_Wuppertal_122800101"], "https://registry.gdi-de.org/up3/ontology/fuehrung": ["https://registry.gdi-de.org/codelist/de.bund.balm.radnetz/Fuehrung/401"], "https://registry.gdi-de.org/up3/ontology/geometrieAbschnitt": ["https://registry.gdi-de.org/de.nw/radnetz/instances/Section_Wuppertal_1223591_376_right_geometry"], "https://registry.gdi-de.org/up3/ontology/licht": ["https://registry.gdi-de.org/codelist/de.bund.balm.radnetz/Licht/0"], "https://registry.gdi-de.org/up3/ontology/quell-ID": ["1223591"], "https://registry.gdi-de.org/up3/ontology/richtung": ["https://registry.gdi-de.org/codelist/de.bund.balm.radnetz/Richtung/2"], "https://registry.gdi-de.org/up3/ontology/steigung": ["1.823637"], "https://registry.gdi-de.org/up3/ontology/strecken-ID": ["Section_Wuppertal_1223591_376_right"]}, "geometry": {"type": "LineString", "coordinates": [[7.2972533057, 51.2478807302, 202.73], [7.2994136398, 51.2466901554, 206.39]]}}, {"type": "Feature", "id": "https://registry.gdi-de.org/de.nw/radnetz/instances/Section_Wuppertal_1230084_852", "name": "", "dateprops": [], "properties": {"http://rdfs.org/ns/void#inDataset": ["https://registry.gdi-de.org/de.nw/radnetz/instances/exnw_dataset"], "http://www.opengis.net/ont/geosparql#hasGeometry": ["https://registry.gdi-de.org/de.nw/radnetz/instances/Section_Wuppertal_1230084_852_geometry"], "http://www.w3.org/1999/02/22-rdf-syntax-ns#type": ["https://registry.gdi-de.org/up3/ontology/Streckenabschnitt_optional"], "https://registry.gdi-de.org/up3/ontology/beginntBeiKnoten": ["https://registry.gdi-de.org/de.nw/radnetz/instances/Knoten_Wuppertal_1189691368"], "https://registry.gdi-de.org/up3/ontology/endetBeiKnoten": ["https://registry.gdi-de.org/de.nw/radnetz/instances/Knoten_Wuppertal_8819"], "https://registry.gdi-de.org/up3/ontology/fuehrung": ["https://registry.gdi-de.org/codelist/de.bund.balm.radnetz/Fuehrung/401"], "https://registry.gdi-de.org/up3/ontology/geometrieAbschnitt": ["https://registry.gdi-de.org/de.nw/radnetz/instances/Section_Wuppertal_1230084_852_geometry"], "https://registry.gdi-de.org/up3/ontology/licht": ["https://registry.gdi-de.org/codelist/de.bund.balm.radnetz/Licht/0"], "https://registry.gdi-de.org/up3/ontology/quell-ID": ["1230084"], "https://registry.gdi-de.org/up3/ontology/steigung": ["0.7916575"], "https://registry.gdi-de.org/up3/ontology/strecken-ID": ["Section_Wuppertal_1230084_852"]}, "geometry": {"type": "LineString", "coordinates": [[7.2321916615, 51.2397160857, 0.0], [7.2333291823, 51.2399032874, 292.5]]}}, {"type": "Feature", "id": "https://registry.gdi-de.org/de.nw/radnetz/instances/Section_Wuppertal_1226652_614_right", "name": "", "dateprops": [], "properties": {"http://rdfs.org/ns/void#inDataset": ["https://registry.gdi-de.org/de.nw/radnetz/instances/exnw_dataset"], "http://www.opengis.net/ont/geosparql#hasGeometry": ["https://registry.gdi-de.org/de.nw/radnetz/instances/Section_Wuppertal_1226652_614_right_geometry"], "http://www.w3.org/1999/02/22-rdf-syntax-ns#type": ["https://registry.gdi-de.org/up3/ontology/Streckenabschnitt_optional"], "https://registry.gdi-de.org/up3/ontology/beginntBeiKnoten": ["https://registry.gdi-de.org/de.nw/radnetz/instances/Knoten_Wuppertal_117250101"], "https://registry.gdi-de.org/up3/ontology/endetBeiKnoten": ["https://registry.gdi-de.org/de.nw/radnetz/instances/Knoten_Wuppertal_2727"], "https://registry.gdi-de.org/up3/ontology/fuehrung": ["https://registry.gdi-de.org/codelist/de.bund.balm.radnetz/Fuehrung/401"], "https://registry.gdi-de.org/up3/ontology/geometrieAbschnitt": ["https://registry.gdi-de.org/de.nw/radnetz/instances/Section_Wuppertal_1226652_614_right_geometry"], "https://registry.gdi-de.org/up3/ontology/licht": ["https://registry.gdi-de.org/codelist/de.bund.balm.radnetz/Licht/0"], "https://registry.gdi-de.org/up3/ontology/quell-ID": ["1226652"], "https://registry.gdi-de.org/up3/ontology/richtung": ["https://registry.gdi-de.org/codelist/de.bund.balm.radnetz/Richtung/2"], "https://registry.gdi-de.org/up3/ontology/steigung": ["0.3202163"], "https://registry.gdi-de.org/up3/ontology/strecken-ID": ["Section_Wuppertal_1226652_614_right"]}, "geometry": {"type": "LineString", "coordinates": [[7.0711398525, 51.2738478023, 158.93], [7.0738443255, 51.2765862591, 0.0], [7.0734837163, 51.2797580245, 167.48]]}}, {"type": "Feature", "id": "https://registry.gdi-de.org/de.nw/radnetz/instances/Section_Wuppertal_12625_271_right", "name": "", "dateprops": [], "properties": {"http://rdfs.org/ns/void#inDataset": ["https://registry.gdi-de.org/de.nw/radnetz/instances/exnw_dataset"], "http://www.opengis.net/ont/geosparql#hasGeometry": ["https://registry.gdi-de.org/de.nw/radnetz/instances/Section_Wuppertal_12625_271_right_geometry"], "http://www.w3.org/1999/02/22-rdf-syntax-ns#type": ["https://registry.gdi-de.org/up3/ontology/Streckenabschnitt_optional"], "https://registry.gdi-de.org/up3/ontology/beginntBeiKnoten": ["https://registry.gdi-de.org/de.nw/radnetz/instances/Knoten_Wuppertal_2693"], "https://registry.gdi-de.org/up3/ontology/endetBeiKnoten": ["https://registry.gdi-de.org/de.nw/radnetz/instances/Knoten_Wuppertal_2696"], "https://registry.gdi-de.org/up3/ontology/fuehrung": ["https://registry.gdi-de.org/codelist/de.bund.balm.radnetz/Fuehrung/401"], "https://registry.gdi-de.org/up3/ontology/geometrieAbschnitt": ["https://registry.gdi-de.org/de.nw/radnetz/instances/Section_Wuppertal_12625_271_right_geometry"], "https://registry.gdi-de.org/up3/ontology/licht": ["https://registry.gdi-de.org/codelist/de.bund.balm.radnetz/Licht/0"], "https://registry.gdi-de.org/up3/ontology/quell-ID": ["12625"], "https://registry.gdi-de.org/up3/ontology/richtung": ["https://registry.gdi-de.org/codelist/de.bund.balm.radnetz/Richtung/2"], "https://registry.gdi-de.org/up3/ontology/steigung": ["4.945657"], "https://registry.gdi-de.org/up3/ontology/strecken-ID": ["Section_Wuppertal_12625_271_right"]}, "geometry": {"type": "LineString", "coordinates": [[7.0725390644, 51.2709511315, 162.87], [7.0727480261, 51.2695813342, 170.44]]}}, {"type": "Feature", "id": "https://registry.gdi-de.org/de.nw/radnetz/instances/Section_Wuppertal_1223148_350", "name": "", "dateprops": [], "properties": {"http://rdfs.org/ns/void#inDataset": ["https://registry.gdi-de.org/de.nw/radnetz/instances/exnw_dataset"], "http://www.opengis.net/ont/geosparql#hasGeometry": ["https://registry.gdi-de.org/de.nw/radnetz/instances/Section_Wuppertal_1223148_350_geometry"], "http://www.w3.org/1999/02/22-rdf-syntax-ns#type": ["https://registry.gdi-de.org/up3/ontology/Streckenabschnitt_optional"], "https://registry.gdi-de.org/up3/ontology/beginntBeiKnoten": ["https://registry.gdi-de.org/de.nw/radnetz/instances/Knoten_Wuppertal_60292"], "https://registry.gdi-de.org/up3/ontology/endetBeiKnoten": ["https://registry.gdi-de.org/de.nw/radnetz/instances/Knoten_Wuppertal_60291"], "https://registry.gdi-de.org/up3/ontology/fuehrung": ["https://registry.gdi-de.org/codelist/de.bund.balm.radnetz/Fuehrung/401"], "https://registry.gdi-de.org/up3/ontology/geometrieAbschnitt": ["https://registry.gdi-de.org/de.nw/radnetz/instances/Section_Wuppertal_1223148_350_geometry"], "https://registry.gdi-de.org/up3/ontology/licht": ["https://registry.gdi-de.org/codelist/de.bund.balm.radnetz/Licht/0"], "https://registry.gdi-de.org/up3/ontology/quell-ID": ["1223148"], "https://registry.gdi-de.org/up3/ontology/steigung": ["8.353292"], "https://registry.gdi-de.org/up3/ontology/strecken-ID": ["Section_Wuppertal_1223148_350"]}, "geometry": {"type": "LineString", "coordinates": [[7.2496523416, 51.2827317621, 194.81], [7.2495220546, 51.2829589881, 0.0], [7.2494263681, 51.2831163928, 0.0], [7.2493629504, 51.2832577339, 0.0], [7.2493035569, 51.2832932456, 0.0], [7.2491931882, 51.2832816676, 0.0], [7.2488897096, 51.2832142565, 0.0], [7.2487724074, 51.283254899, 203.77]]}}, {"type": "Feature", "id": "https://registry.gdi-de.org/de.nw/radnetz/instances/Section_Wuppertal_1229586_877_left", "name": "", "dateprops": [], "properties": {"http://rdfs.org/ns/void#inDataset": ["https://registry.gdi-de.org/de.nw/radnetz/instances/exnw_dataset"], "http://www.opengis.net/ont/geosparql#hasGeometry": ["https://registry.gdi-de.org/de.nw/radnetz/instances/Section_Wuppertal_1229586_877_left_geometry"], "http://www.w3.org/1999/02/22-rdf-syntax-ns#type": ["https://registry.gdi-de.org/up3/ontology/Streckenabschnitt_optional"], "https://registry.gdi-de.org/up3/ontology/beginntBeiKnoten": ["https://registry.gdi-de.org/de.nw/radnetz/instances/Knoten_Wuppertal_1189691145"], "https://registry.gdi-de.org/up3/ontology/endetBeiKnoten": ["https://registry.gdi-de.org/de.nw/radnetz/instances/Knoten_Wuppertal_119780101"], "https://registry.gdi-de.org/up3/ontology/geometrieAbschnitt": ["https://registry.gdi-de.org/de.nw/radnetz/instances/Section_Wuppertal_1229586_877_left_geometry"], "https://registry.gdi-de.org/up3/ontology/licht": ["https://registry.gdi-de.org/codelist/de.bund.balm.radnetz/Licht/0"], "https://registry.gdi-de.org/up3/ontology/quell-ID": ["1229586"], "https://registry.gdi-de.org/up3/ontology/richtung": ["https://registry.gdi-de.org/codelist/de.bund.balm.radnetz/Richtung/3"], "https://registry.gdi-de.org/up3/ontology/steigung": ["2.637742"], "https://registry.gdi-de.org/up3/ontology/strecken-ID": ["Section_Wuppertal_1229586_877_left"]}, "geometry": {"type": "LineString", "coordinates": [[7.0489744235, 51.219385987, 174.8], [7.0485208755, 51.2190184286, 0.0], [7.0476584924, 51.218629882, 178.12]]}}, {"type": "Feature", "id": "https://registry.gdi-de.org/de.nw/radnetz/instances/Section_Wuppertal_11532_242", "name": "", "dateprops": [], "properties": {"http://rdfs.org/ns/void#inDataset": ["https://registry.gdi-de.org/de.nw/radnetz/instances/exnw_dataset"], "http://www.opengis.net/ont/geosparql#hasGeometry": ["https://registry.gdi-de.org/de.nw/radnetz/instances/Section_Wuppertal_11532_242_geometry"], "http://www.w3.org/1999/02/22-rdf-syntax-ns#type": ["https://registry.gdi-de.org/up3/ontology/Streckenabschnitt_optional"], "https://registry.gdi-de.org/up3/ontology/beginntBeiKnoten": ["https://registry.gdi-de.org/de.nw/radnetz/instances/Knoten_Wuppertal_6023"], "https://registry.gdi-de.org/up3/ontology/endetBeiKnoten": ["https://registry.gdi-de.org/de.nw/radnetz/instances/Knoten_Wuppertal_5794"], "https://registry.gdi-de.org/up3/ontology/geometrieAbschnitt": ["https://registry.gdi-de.org/de.nw/radnetz/instances/Section_Wuppertal_11532_242_geometry"], "https://registry.gdi-de.org/up3/ontology/licht": ["https://registry.gdi-de.org/codelist/de.bund.balm.radnetz/Licht/0"], "https://registry.gdi-de.org/up3/ontology/quell-ID": ["11532"], "https://registry.gdi-de.org/up3/ontology/steigung": ["7.919374"], "https://registry.gdi-de.org/up3/ontology/strecken-ID": ["Section_Wuppertal_11532_242"]}, "geometry": {"type": "LineString", "coordinates": [[7.1638052647, 51.2276262937, 234.94], [7.1623947754, 51.2284673178, 0.0], [7.1618981078, 51.2286430439, 0.0], [7.1613575924, 51.2287832377, 0.0], [7.1610915138, 51.2290196029, 0.0], [7.1609412946, 51.2293087501, 0.0], [7.1607036106, 51.2295358347, 0.0], [7.1604213905, 51.2301380384, 0.0], [7.1599200382, 51.2308290695, 0.0], [7.1595975896, 51.2311019366, 0.0], [7.1585123173, 51.231786865, 283.43]]}}, {"type": "Feature", "id": "https://registry.gdi-de.org/de.nw/radnetz/instances/Section_Wuppertal_1225375_900", "name": "", "dateprops": [], "properties": {"http://rdfs.org/ns/void#inDataset": ["https://registry.gdi-de.org/de.nw/radnetz/instances/exnw_dataset"], "http://www.opengis.net/ont/geosparql#hasGeometry": ["https://registry.gdi-de.org/de.nw/radnetz/instances/Section_Wuppertal_1225375_900_geometry"], "http://www.w3.org/1999/02/22-rdf-syntax-ns#type": ["https://registry.gdi-de.org/up3/ontology/Streckenabschnitt_optional"], "https://registry.gdi-de.org/up3/ontology/beginntBeiKnoten": ["https://registry.gdi-de.org/de.nw/radnetz/instances/Knoten_Wuppertal_121990101"], "https://registry.gdi-de.org/up3/ontology/endetBeiKnoten": ["https://registry.gdi-de.org/de.nw/radnetz/instances/Knoten_Wuppertal_8864"], "https://registry.gdi-de.org/up3/ontology/fuehrung": ["https://registry.gdi-de.org/codelist/de.bund.balm.radnetz/Fuehrung/401"], "https://registry.gdi-de.org/up3/ontology/geometrieAbschnitt": ["https://registry.gdi-de.org/de.nw/radnetz/instances/Section_Wuppertal_1225375_900_geometry"], "https://registry.gdi-de.org/up3/ontology/licht": ["https://registry.gdi-de.org/codelist/de.bund.balm.radnetz/Licht/0"], "https://registry.gdi-de.org/up3/ontology/quell-ID": ["1225375"], "https://registry.gdi-de.org/up3/ontology/steigung": ["0.9477047"], "https://registry.gdi-de.org/up3/ontology/strecken-ID": ["Section_Wuppertal_1225375_900"]}, "geometry": {"type": "LineString", "coordinates": [[7.2354200873, 51.2247565494, 299.85], [7.2353276426, 51.2249070121, 300.02]]}}, {"type": "Feature", "id": "https://registry.gdi-de.org/de.nw/radnetz/instances/Section_Wuppertal_1229874_794", "name": "", "dateprops": [], "properties": {"http://rdfs.org/ns/void#inDataset": ["https://registry.gdi-de.org/de.nw/radnetz/instances/exnw_dataset"], "http://www.opengis.net/ont/geosparql#hasGeometry": ["https://registry.gdi-de.org/de.nw/radnetz/instances/Section_Wuppertal_1229874_794_geometry"], "http://www.w3.org/1999/02/22-rdf-syntax-ns#type": ["https://registry.gdi-de.org/up3/ontology/Streckenabschnitt_optional"], "https://registry.gdi-de.org/up3/ontology/beginntBeiKnoten": ["https://registry.gdi-de.org/de.nw/radnetz/instances/Knoten_Wuppertal_1189691282"], "https://registry.gdi-de.org/up3/ontology/endetBeiKnoten": ["https://registry.gdi-de.org/de.nw/radnetz/instances/Knoten_Wuppertal_1189691283"], "https://registry.gdi-de.org/up3/ontology/fuehrung": ["https://registry.gdi-de.org/codelist/de.bund.balm.radnetz/Fuehrung/401"], "https://registry.gdi-de.org/up3/ontology/geometrieAbschnitt": ["https://registry.gdi-de.org/de.nw/radnetz/instances/Section_Wuppertal_1229874_794_geometry"], "https://registry.gdi-de.org/up3/ontology/licht": ["https://registry.gdi-de.org/codelist/de.bund.balm.radnetz/Licht/0"], "https://registry.gdi-de.org/up3/ontology/quell-ID": ["1229874"], "https://registry.gdi-de.org/up3/ontology/steigung": ["0.09233533"], "https://registry.gdi-de.org/up3/ontology/strecken-ID": ["Section_Wuppertal_1229874_794"]}, "geometry": {"type": "LineString", "coordinates": [[7.1243475457, 51.177922131, 137.45], [7.1244220501, 51.178141056, 0.0], [7.1245220346, 51.1783644213, 0.0], [7.1246806956, 51.1785645354, 0.0], [7.1248839069, 51.1787734279, 0.0], [7.1251116173, 51.1790109371, 0.0], [7.1253899614, 51.179265385, 0.0], [7.1256178403, 51.1794988633, 0.0], [7.1258748334, 51.1798053841, 0.0], [7.126088915, 51.1800628331, 0.0], [7.1262655149, 51.1802954884, 0.0], [7.126410389, 51.1805195711, 137.75]]}}, {"type": "Feature", "id": "https://registry.gdi-de.org/de.nw/radnetz/instances/Section_Wuppertal_1223150_352", "name": "", "dateprops": [], "properties": {"http://rdfs.org/ns/void#inDataset": ["https://registry.gdi-de.org/de.nw/radnetz/instances/exnw_dataset"], "http://www.opengis.net/ont/geosparql#hasGeometry": ["https://registry.gdi-de.org/de.nw/radnetz/instances/Section_Wuppertal_1223150_352_geometry"], "http://www.w3.org/1999/02/22-rdf-syntax-ns#type": ["https://registry.gdi-de.org/up3/ontology/Streckenabschnitt_optional"], "https://registry.gdi-de.org/up3/ontology/beginntBeiKnoten": ["https://registry.gdi-de.org/de.nw/radnetz/instances/Knoten_Wuppertal_9404"], "https://registry.gdi-de.org/up3/ontology/endetBeiKnoten": ["https://registry.gdi-de.org/de.nw/radnetz/instances/Knoten_Wuppertal_60293"], "https://registry.gdi-de.org/up3/ontology/geometrieAbschnitt": ["https://registry.gdi-de.org/de.nw/radnetz/instances/Section_Wuppertal_1223150_352_geometry"], "https://registry.gdi-de.org/up3/ontology/licht": ["https://registry.gdi-de.org/codelist/de.bund.balm.radnetz/Licht/0"], "https://registry.gdi-de.org/up3/ontology/quell-ID": ["1223150"], "https://registry.gdi-de.org/up3/ontology/steigung": ["3.195971"], "https://registry.gdi-de.org/up3/ontology/strecken-ID": ["Section_Wuppertal_1223150_352"]}, "geometry": {"type": "LineString", "coordinates": [[7.2526739409, 51.2862936086, 201.39], [7.2528125278, 51.2868617384, 0.0], [7.2529119739, 51.2878637257, 0.0], [7.2528845142, 51.2883514017, 0.0], [7.2525702091, 51.2893259162, 0.0], [7.2520349536, 51.2904055023, 216.29]]}}, {"type": "Feature", "id": "https://registry.gdi-de.org/de.nw/radnetz/instances/Section_Wuppertal_1226750_623_left", "name": "", "dateprops": [], "properties": {"http://rdfs.org/ns/void#inDataset": ["https://registry.gdi-de.org/de.nw/radnetz/instances/exnw_dataset"], "http://www.opengis.net/ont/geosparql#hasGeometry": ["https://registry.gdi-de.org/de.nw/radnetz/instances/Section_Wuppertal_1226750_623_left_geometry"], "http://www.w3.org/1999/02/22-rdf-syntax-ns#type": ["https://registry.gdi-de.org/up3/ontology/Streckenabschnitt_optional"], "https://registry.gdi-de.org/up3/ontology/beginntBeiKnoten": ["https://registry.gdi-de.org/de.nw/radnetz/instances/Knoten_Wuppertal_115530101"], "https://registry.gdi-de.org/up3/ontology/endetBeiKnoten": ["https://registry.gdi-de.org/de.nw/radnetz/instances/Knoten_Wuppertal_8700"], "https://registry.gdi-de.org/up3/ontology/geometrieAbschnitt": ["https://registry.gdi-de.org/de.nw/radnetz/instances/Section_Wuppertal_1226750_623_left_geometry"], "https://registry.gdi-de.org/up3/ontology/licht": ["https://registry.gdi-de.org/codelist/de.bund.balm.radnetz/Licht/0"], "https://registry.gdi-de.org/up3/ontology/quell-ID": ["1226750"], "https://registry.gdi-de.org/up3/ontology/richtung": ["https://registry.gdi-de.org/codelist/de.bund.balm.radnetz/Richtung/3"], "https://registry.gdi-de.org/up3/ontology/steigung": ["5.707585"], "https://registry.gdi-de.org/up3/ontology/strecken-ID": ["Section_Wuppertal_1226750_623_left"]}, "geometry": {"type": "LineString", "coordinates": [[7.2287833972, 51.244118844, 255.86], [7.2288807168, 51.2438307849, 0.0], [7.2290843431, 51.2435828949, 259.5]]}}, {"type": "Feature", "id": "https://registry.gdi-de.org/de.nw/radnetz/instances/Section_Wuppertal_12461_267", "name": "", "dateprops": [], "properties": {"http://rdfs.org/ns/void#inDataset": ["https://registry.gdi-de.org/de.nw/radnetz/instances/exnw_dataset"], "http://www.opengis.net/ont/geosparql#hasGeometry": ["https://registry.gdi-de.org/de.nw/radnetz/instances/Section_Wuppertal_12461_267_geometry"], "http://www.w3.org/1999/02/22-rdf-syntax-ns#type": ["https://registry.gdi-de.org/up3/ontology/Streckenabschnitt_optional"], "https://registry.gdi-de.org/up3/ontology/beginntBeiKnoten": ["https://registry.gdi-de.org/de.nw/radnetz/instances/Knoten_Wuppertal_9452"], "https://registry.gdi-de.org/up3/ontology/endetBeiKnoten": ["https://registry.gdi-de.org/de.nw/radnetz/instances/Knoten_Wuppertal_9404"], "https://registry.gdi-de.org/up3/ontology/geometrieAbschnitt": ["https://registry.gdi-de.org/de.nw/radnetz/instances/Section_Wuppertal_12461_267_geometry"], "https://registry.gdi-de.org/up3/ontology/licht": ["https://registry.gdi-de.org/codelist/de.bund.balm.radnetz/Licht/0"], "https://registry.gdi-de.org/up3/ontology/quell-ID": ["12461"], "https://registry.gdi-de.org/up3/ontology/steigung": ["5.236698"], "https://registry.gdi-de.org/up3/ontology/strecken-ID": ["Section_Wuppertal_12461_267"]}, "geometry": {"type": "LineString", "coordinates": [[7.2546860833, 51.2848037824, 189.94], [7.2541451656, 51.2851208966, 0.0], [7.2538376488, 51.2853474875, 0.0], [7.2537025218, 51.2855317709, 0.0], [7.253247632, 51.2859064593, 0.0], [7.2531290896, 51.2860113722, 0.0], [7.2528037888, 51.2862064912, 0.0], [7.2526739409, 51.2862936086, 201.39]]}}, {"type": "Feature", "id": "https://registry.gdi-de.org/de.nw/radnetz/instances/Section_Wuppertal_1226749_622_left", "name": "", "dateprops": [], "properties": {"http://rdfs.org/ns/void#inDataset": ["https://registry.gdi-de.org/de.nw/radnetz/instances/exnw_dataset"], "http://www.opengis.net/ont/geosparql#hasGeometry": ["https://registry.gdi-de.org/de.nw/radnetz/instances/Section_Wuppertal_1226749_622_left_geometry"], "http://www.w3.org/1999/02/22-rdf-syntax-ns#type": ["https://registry.gdi-de.org/up3/ontology/Streckenabschnitt_optional"], "https://registry.gdi-de.org/up3/ontology/beginntBeiKnoten": ["https://registry.gdi-de.org/de.nw/radnetz/instances/Knoten_Wuppertal_8651"], "https://registry.gdi-de.org/up3/ontology/endetBeiKnoten": ["https://registry.gdi-de.org/de.nw/radnetz/instances/Knoten_Wuppertal_115530101"], "https://registry.gdi-de.org/up3/ontology/geometrieAbschnitt": ["https://registry.gdi-de.org/de.nw/radnetz/instances/Section_Wuppertal_1226749_622_left_geometry"], "https://registry.gdi-de.org/up3/ontology/licht": ["https://registry.gdi-de.org/codelist/de.bund.balm.radnetz/Licht/0"], "https://registry.gdi-de.org/up3/ontology/quell-ID": ["1226749"], "https://registry.gdi-de.org/up3/ontology/richtung": ["https://registry.gdi-de.org/codelist/de.bund.balm.radnetz/Richtung/3"], "https://registry.gdi-de.org/up3/ontology/steigung": ["5.73043"], "https://registry.gdi-de.org/up3/ontology/strecken-ID": ["Section_Wuppertal_1226749_622_left"]}, "geometry": {"type": "LineString", "coordinates": [[7.2267115278, 51.2476997814, 231.29], [7.2271553153, 51.2464349119, 0.0], [7.2275551553, 51.2458695324, 0.0], [7.2279882384, 51.24546049, 0.0], [7.22858594, 51.2447800557, 0.0], [7.228711232, 51.244381695, 0.0], [7.2287476467, 51.244224661, 0.0], [7.2287833972, 51.244118844, 255.86]]}}, {"type": "Feature", "id": "https://registry.gdi-de.org/de.nw/radnetz/instances/Section_Wuppertal_1229880_798", "name": "", "dateprops": [], "properties": {"http://rdfs.org/ns/void#inDataset": ["https://registry.gdi-de.org/de.nw/radnetz/instances/exnw_dataset"], "http://www.opengis.net/ont/geosparql#hasGeometry": ["https://registry.gdi-de.org/de.nw/radnetz/instances/Section_Wuppertal_1229880_798_geometry"], "http://www.w3.org/1999/02/22-rdf-syntax-ns#type": ["https://registry.gdi-de.org/up3/ontology/Streckenabschnitt_optional"], "https://registry.gdi-de.org/up3/ontology/beginntBeiKnoten": ["https://registry.gdi-de.org/de.nw/radnetz/instances/Knoten_Wuppertal_1189691288"], "https://registry.gdi-de.org/up3/ontology/endetBeiKnoten": ["https://registry.gdi-de.org/de.nw/radnetz/instances/Knoten_Wuppertal_1189691244"], "https://registry.gdi-de.org/up3/ontology/fuehrung": ["https://registry.gdi-de.org/codelist/de.bund.balm.radnetz/Fuehrung/401"], "https://registry.gdi-de.org/up3/ontology/geometrieAbschnitt": ["https://registry.gdi-de.org/de.nw/radnetz/instances/Section_Wuppertal_1229880_798_geometry"], "https://registry.gdi-de.org/up3/ontology/licht": ["https://registry.gdi-de.org/codelist/de.bund.balm.radnetz/Licht/0"], "https://registry.gdi-de.org/up3/ontology/quell-ID": ["1229880"], "https://registry.gdi-de.org/up3/ontology/steigung": ["0.6193907"], "https://registry.gdi-de.org/up3/ontology/strecken-ID": ["Section_Wuppertal_1229880_798"]}, "geometry": {"type": "LineString", "coordinates": [[7.1069495085, 51.1957331651, 115.23], [7.1069177054, 51.1957584259, 0.0], [7.1067701664, 51.1962264676, 0.0], [7.1071318418, 51.1967968368, 0.0], [7.1072430425, 51.1972153031, 0.0], [7.1073514926, 51.1977009277, 0.0], [7.1074538889, 51.198334305, 0.0], [7.1076960334, 51.1992118772, 0.0], [7.1078181647, 51.1998858953, 0.0], [7.1080181142, 51.2007493436, 0.0], [7.1081194246, 51.2014095831, 0.0], [7.1081643009, 51.2018807379, 0.0], [7.1081702711, 51.2022571781, 0.0], [7.1080852125, 51.2027665544, 0.0], [7.1078493843, 51.2033003738, 0.0], [7.1076219028, 51.2036482414, 120.79]]}}, {"type": "Feature", "id": "https://registry.gdi-de.org/de.nw/radnetz/instances/Section_Wuppertal_7193_147_right", "name": "", "dateprops": [], "properties": {"http://rdfs.org/ns/void#inDataset": ["https://registry.gdi-de.org/de.nw/radnetz/instances/exnw_dataset"], "http://www.opengis.net/ont/geosparql#hasGeometry": ["https://registry.gdi-de.org/de.nw/radnetz/instances/Section_Wuppertal_7193_147_right_geometry"], "http://www.w3.org/1999/02/22-rdf-syntax-ns#type": ["https://registry.gdi-de.org/up3/ontology/Streckenabschnitt_optional"], "https://registry.gdi-de.org/up3/ontology/beginntBeiKnoten": ["https://registry.gdi-de.org/de.nw/radnetz/instances/Knoten_Wuppertal_10025"], "https://registry.gdi-de.org/up3/ontology/endetBeiKnoten": ["https://registry.gdi-de.org/de.nw/radnetz/instances/Knoten_Wuppertal_10046"], "https://registry.gdi-de.org/up3/ontology/fuehrung": ["https://registry.gdi-de.org/codelist/de.bund.balm.radnetz/Fuehrung/401"], "https://registry.gdi-de.org/up3/ontology/geometrieAbschnitt": ["https://registry.gdi-de.org/de.nw/radnetz/instances/Section_Wuppertal_7193_147_right_geometry"], "https://registry.gdi-de.org/up3/ontology/licht": ["https://registry.gdi-de.org/codelist/de.bund.balm.radnetz/Licht/0"], "https://registry.gdi-de.org/up3/ontology/quell-ID": ["7193"], "https://registry.gdi-de.org/up3/ontology/richtung": ["https://registry.gdi-de.org/codelist/de.bund.balm.radnetz/Richtung/2"], "https://registry.gdi-de.org/up3/ontology/steigung": ["2.410806"], "https://registry.gdi-de.org/up3/ontology/strecken-ID": ["Section_Wuppertal_7193_147_right"]}, "geometry": {"type": "LineString", "coordinates": [[7.2964255167, 51.2484902522, 200.58], [7.2965579955, 51.2483700263, 0.0], [7.2972533057, 51.2478807302, 202.73]]}}, {"type": "Feature", "id": "https://registry.gdi-de.org/de.nw/radnetz/instances/Section_Wuppertal_1230035_839", "name": "", "dateprops": [], "properties": {"http://rdfs.org/ns/void#inDataset": ["https://registry.gdi-de.org/de.nw/radnetz/instances/exnw_dataset"], "http://www.opengis.net/ont/geosparql#hasGeometry": ["https://registry.gdi-de.org/de.nw/radnetz/instances/Section_Wuppertal_1230035_839_geometry"], "http://www.w3.org/1999/02/22-rdf-syntax-ns#type": ["https://registry.gdi-de.org/up3/ontology/Streckenabschnitt_optional"], "https://registry.gdi-de.org/up3/ontology/beginntBeiKnoten": ["https://registry.gdi-de.org/de.nw/radnetz/instances/Knoten_Wuppertal_1189691315"], "https://registry.gdi-de.org/up3/ontology/endetBeiKnoten": ["https://registry.gdi-de.org/de.nw/radnetz/instances/Knoten_Wuppertal_1189691349"], "https://registry.gdi-de.org/up3/ontology/geometrieAbschnitt": ["https://registry.gdi-de.org/de.nw/radnetz/instances/Section_Wuppertal_1230035_839_geometry"], "https://registry.gdi-de.org/up3/ontology/licht": ["https://registry.gdi-de.org/codelist/de.bund.balm.radnetz/Licht/0"], "https://registry.gdi-de.org/up3/ontology/quell-ID": ["1230035"], "https://registry.gdi-de.org/up3/ontology/steigung": ["0.007504203"], "https://registry.gdi-de.org/up3/ontology/strecken-ID": ["Section_Wuppertal_1230035_839"]}, "geometry": {"type": "LineString", "coordinates": [[7.0672688, 51.2084295244, 0.0], [7.063838589, 51.2099996467, 0.0], [7.0627632532, 51.210272389, 0.0], [7.0615115463, 51.2103388179, 0.0], [7.0602769178, 51.2099987533, 0.0], [7.0588574139, 51.2096556079, 0.0], [7.0578977192, 51.2093781879, 0.0], [7.054808121, 51.2091525279, 0.0], [7.0494561104, 51.2088309754, 0.0]]}}, {"type": "Feature", "id": "https://registry.gdi-de.org/de.nw/radnetz/instances/Section_Wuppertal_1222534_288", "name": "", "dateprops": [], "properties": {"http://rdfs.org/ns/void#inDataset": ["https://registry.gdi-de.org/de.nw/radnetz/instances/exnw_dataset"], "http://www.opengis.net/ont/geosparql#hasGeometry": ["https://registry.gdi-de.org/de.nw/radnetz/instances/Section_Wuppertal_1222534_288_geometry"], "http://www.w3.org/1999/02/22-rdf-syntax-ns#type": ["https://registry.gdi-de.org/up3/ontology/Streckenabschnitt_optional"], "https://registry.gdi-de.org/up3/ontology/beginntBeiKnoten": ["https://registry.gdi-de.org/de.nw/radnetz/instances/Knoten_Wuppertal_60096"], "https://registry.gdi-de.org/up3/ontology/endetBeiKnoten": ["https://registry.gdi-de.org/de.nw/radnetz/instances/Knoten_Wuppertal_8046"], "https://registry.gdi-de.org/up3/ontology/fuehrung": ["https://registry.gdi-de.org/codelist/de.bund.balm.radnetz/Fuehrung/401"], "https://registry.gdi-de.org/up3/ontology/geometrieAbschnitt": ["https://registry.gdi-de.org/de.nw/radnetz/instances/Section_Wuppertal_1222534_288_geometry"], "https://registry.gdi-de.org/up3/ontology/licht": ["https://registry.gdi-de.org/codelist/de.bund.balm.radnetz/Licht/0"], "https://registry.gdi-de.org/up3/ontology/quell-ID": ["1222534"], "https://registry.gdi-de.org/up3/ontology/steigung": ["1.934493"], "https://registry.gdi-de.org/up3/ontology/strecken-ID": ["Section_Wuppertal_1222534_288"]}, "geometry": {"type": "LineString", "coordinates": [[7.2190571895, 51.2364005846, 313.6], [7.2184239885, 51.2362665778, 0.0], [7.2124191081, 51.2356846455, 322.71]]}}, {"type": "Feature", "id": "https://registry.gdi-de.org/de.nw/radnetz/instances/Section_Wuppertal_1223149_351", "name": "", "dateprops": [], "properties": {"http://rdfs.org/ns/void#inDataset": ["https://registry.gdi-de.org/de.nw/radnetz/instances/exnw_dataset"], "http://www.opengis.net/ont/geosparql#hasGeometry": ["https://registry.gdi-de.org/de.nw/radnetz/instances/Section_Wuppertal_1223149_351_geometry"], "http://www.w3.org/1999/02/22-rdf-syntax-ns#type": ["https://registry.gdi-de.org/up3/ontology/Streckenabschnitt_optional"], "https://registry.gdi-de.org/up3/ontology/beginntBeiKnoten": ["https://registry.gdi-de.org/de.nw/radnetz/instances/Knoten_Wuppertal_60290"], "https://registry.gdi-de.org/up3/ontology/endetBeiKnoten": ["https://registry.gdi-de.org/de.nw/radnetz/instances/Knoten_Wuppertal_60291"], "https://registry.gdi-de.org/up3/ontology/geometrieAbschnitt": ["https://registry.gdi-de.org/de.nw/radnetz/instances/Section_Wuppertal_1223149_351_geometry"], "https://registry.gdi-de.org/up3/ontology/licht": ["https://registry.gdi-de.org/codelist/de.bund.balm.radnetz/Licht/0"], "https://registry.gdi-de.org/up3/ontology/quell-ID": ["1223149"], "https://registry.gdi-de.org/up3/ontology/steigung": ["1.218972"], "https://registry.gdi-de.org/up3/ontology/strecken-ID": ["Section_Wuppertal_1223149_351"]}, "geometry": {"type": "LineString", "coordinates": [[7.2415105692, 51.2840347984, 197.2], [7.2419653465, 51.2838091994, 0.0], [7.2423917079, 51.2836553182, 0.0], [7.2428938038, 51.28346121, 0.0], [7.2434106012, 51.2833138536, 0.0], [7.2439846799, 51.2831776943, 0.0], [7.2446817651, 51.2830588887, 0.0], [7.2450543364, 51.2830179417, 0.0], [7.2454514298, 51.2829825301, 0.0], [7.2460292112, 51.2829653368, 0.0], [7.2463752897, 51.2829705218, 0.0], [7.2467710042, 51.2829712792, 0.0], [7.2472481361, 51.2829991065, 0.0], [7.2476669971, 51.2830415697, 0.0], [7.2481833625, 51.2831216846, 0.0], [7.248534733, 51.2832044987, 0.0], [7.2487724074, 51.283254899, 203.77]]}}, {"type": "Feature", "id": "https://registry.gdi-de.org/de.nw/radnetz/instances/Section_Wuppertal_1223206_365", "name": "", "dateprops": [], "properties": {"http://rdfs.org/ns/void#inDataset": ["https://registry.gdi-de.org/de.nw/radnetz/instances/exnw_dataset"], "http://www.opengis.net/ont/geosparql#hasGeometry": ["https://registry.gdi-de.org/de.nw/radnetz/instances/Section_Wuppertal_1223206_365_geometry"], "http://www.w3.org/1999/02/22-rdf-syntax-ns#type": ["https://registry.gdi-de.org/up3/ontology/Streckenabschnitt_optional"], "https://registry.gdi-de.org/up3/ontology/beginntBeiKnoten": ["https://registry.gdi-de.org/de.nw/radnetz/instances/Knoten_Wuppertal_60314"], "https://registry.gdi-de.org/up3/ontology/endetBeiKnoten": ["https://registry.gdi-de.org/de.nw/radnetz/instances/Knoten_Wuppertal_4922"], "https://registry.gdi-de.org/up3/ontology/geometrieAbschnitt": ["https://registry.gdi-de.org/de.nw/radnetz/instances/Section_Wuppertal_1223206_365_geometry"], "https://registry.gdi-de.org/up3/ontology/licht": ["https://registry.gdi-de.org/codelist/de.bund.balm.radnetz/Licht/0"], "https://registry.gdi-de.org/up3/ontology/quell-ID": ["1223206"], "https://registry.gdi-de.org/up3/ontology/steigung": ["2.977506"], "https://registry.gdi-de.org/up3/ontology/strecken-ID": ["Section_Wuppertal_1223206_365"]}, "geometry": {"type": "LineString", "coordinates": [[7.1463316758, 51.2252305617, 299.09], [7.1460337538, 51.225357414, 0.0], [7.1456500842, 51.2254625208, 0.0], [7.1446621573, 51.2257062956, 0.0], [7.1445223705, 51.2257226102, 0.0], [7.1443702629, 51.2257307873, 0.0], [7.1441976196, 51.2257254015, 0.0], [7.1441043933, 51.2257371589, 0.0], [7.1440691968, 51.2257736632, 0.0], [7.1440549588, 51.2258131467, 0.0], [7.1440903871, 51.2259804896, 0.0], [7.14399618, 51.2260956015, 305.35]]}}, {"type": "Feature", "id": "https://registry.gdi-de.org/de.nw/radnetz/instances/Section_Wuppertal_9748_904_left", "name": "", "dateprops": [], "properties": {"http://rdfs.org/ns/void#inDataset": ["https://registry.gdi-de.org/de.nw/radnetz/instances/exnw_dataset"], "http://www.opengis.net/ont/geosparql#hasGeometry": ["https://registry.gdi-de.org/de.nw/radnetz/instances/Section_Wuppertal_9748_904_left_geometry"], "http://www.w3.org/1999/02/22-rdf-syntax-ns#type": ["https://registry.gdi-de.org/up3/ontology/Streckenabschnitt_optional"], "https://registry.gdi-de.org/up3/ontology/beginntBeiKnoten": ["https://registry.gdi-de.org/de.nw/radnetz/instances/Knoten_Wuppertal_2166"], "https://registry.gdi-de.org/up3/ontology/endetBeiKnoten": ["https://registry.gdi-de.org/de.nw/radnetz/instances/Knoten_Wuppertal_2245"], "https://registry.gdi-de.org/up3/ontology/geometrieAbschnitt": ["https://registry.gdi-de.org/de.nw/radnetz/instances/Section_Wuppertal_9748_904_left_geometry"], "https://registry.gdi-de.org/up3/ontology/licht": ["https://registry.gdi-de.org/codelist/de.bund.balm.radnetz/Licht/0"], "https://registry.gdi-de.org/up3/ontology/quell-ID": ["9748"], "https://registry.gdi-de.org/up3/ontology/richtung": ["https://registry.gdi-de.org/codelist/de.bund.balm.radnetz/Richtung/3"], "https://registry.gdi-de.org/up3/ontology/steigung": ["4.860031"], "https://registry.gdi-de.org/up3/ontology/strecken-ID": ["Section_Wuppertal_9748_904_left"]}, "geometry": {"type": "LineString", "coordinates": [[7.0471288371, 51.25036561, 154.8], [7.0483573306, 51.2508489853, 0.0], [7.0501697407, 51.2518124983, 0.0], [7.0524503186, 51.2525739972, 0.0], [7.0533894198, 51.2529250817, 180.25]]}}, {"type": "Feature", "id": "https://registry.gdi-de.org/de.nw/radnetz/instances/Section_Wuppertal_1223195_361", "name": "", "dateprops": [], "properties": {"http://rdfs.org/ns/void#inDataset": ["https://registry.gdi-de.org/de.nw/radnetz/instances/exnw_dataset"], "http://www.opengis.net/ont/geosparql#hasGeometry": ["https://registry.gdi-de.org/de.nw/radnetz/instances/Section_Wuppertal_1223195_361_geometry"], "http://www.w3.org/1999/02/22-rdf-syntax-ns#type": ["https://registry.gdi-de.org/up3/ontology/Streckenabschnitt_optional"], "https://registry.gdi-de.org/up3/ontology/beginntBeiKnoten": ["https://registry.gdi-de.org/de.nw/radnetz/instances/Knoten_Wuppertal_60309"], "https://registry.gdi-de.org/up3/ontology/endetBeiKnoten": ["https://registry.gdi-de.org/de.nw/radnetz/instances/Knoten_Wuppertal_60310"], "https://registry.gdi-de.org/up3/ontology/geometrieAbschnitt": ["https://registry.gdi-de.org/de.nw/radnetz/instances/Section_Wuppertal_1223195_361_geometry"], "https://registry.gdi-de.org/up3/ontology/licht": ["https://registry.gdi-de.org/codelist/de.bund.balm.radnetz/Licht/0"], "https://registry.gdi-de.org/up3/ontology/quell-ID": ["1223195"], "https://registry.gdi-de.org/up3/ontology/steigung": ["2.438097"], "https://registry.gdi-de.org/up3/ontology/strecken-ID": ["Section_Wuppertal_1223195_361"]}, "geometry": {"type": "LineString", "coordinates": [[7.1226525891, 51.2305155814, 259.42], [7.1226161212, 51.230205575, 0.0], [7.1226490134, 51.2300044523, 0.0], [7.122665026, 51.229813399, 0.0], [7.122792231, 51.229520719, 0.0], [7.122984643, 51.2292445963, 0.0], [7.1231753706, 51.2290098114, 0.0], [7.1234120801, 51.2286568404, 0.0], [7.1236308549, 51.2283397754, 0.0], [7.1237717766, 51.228114532, 0.0], [7.1239101764, 51.2279512938, 0.0], [7.1242616957, 51.2276598372, 267.81]]}}, {"type": "Feature", "id": "https://registry.gdi-de.org/de.nw/radnetz/instances/Section_Wuppertal_1226558_593_right", "name": "", "dateprops": [], "properties": {"http://rdfs.org/ns/void#inDataset": ["https://registry.gdi-de.org/de.nw/radnetz/instances/exnw_dataset"], "http://www.opengis.net/ont/geosparql#hasGeometry": ["https://registry.gdi-de.org/de.nw/radnetz/instances/Section_Wuppertal_1226558_593_right_geometry"], "http://www.w3.org/1999/02/22-rdf-syntax-ns#type": ["https://registry.gdi-de.org/up3/ontology/Streckenabschnitt_optional"], "https://registry.gdi-de.org/up3/ontology/beginntBeiKnoten": ["https://registry.gdi-de.org/de.nw/radnetz/instances/Knoten_Wuppertal_116460102"], "https://registry.gdi-de.org/up3/ontology/endetBeiKnoten": ["https://registry.gdi-de.org/de.nw/radnetz/instances/Knoten_Wuppertal_116460101"], "https://registry.gdi-de.org/up3/ontology/fuehrung": ["https://registry.gdi-de.org/codelist/de.bund.balm.radnetz/Fuehrung/401"], "https://registry.gdi-de.org/up3/ontology/geometrieAbschnitt": ["https://registry.gdi-de.org/de.nw/radnetz/instances/Section_Wuppertal_1226558_593_right_geometry"], "https://registry.gdi-de.org/up3/ontology/licht": ["https://registry.gdi-de.org/codelist/de.bund.balm.radnetz/Licht/0"], "https://registry.gdi-de.org/up3/ontology/quell-ID": ["1226558"], "https://registry.gdi-de.org/up3/ontology/richtung": ["https://registry.gdi-de.org/codelist/de.bund.balm.radnetz/Richtung/2"], "https://registry.gdi-de.org/up3/ontology/steigung": ["0.3679753"], "https://registry.gdi-de.org/up3/ontology/strecken-ID": ["Section_Wuppertal_1226558_593_right"]}, "geometry": {"type": "LineString", "coordinates": [[7.2553339299, 51.2556506571, 177.68], [7.2554365932, 51.255653094, 0.0], [7.2555282238, 51.2556578467, 177.73]]}}, {"type": "Feature", "id": "https://registry.gdi-de.org/de.nw/radnetz/instances/Section_Wuppertal_1901_902_left", "name": "", "dateprops": [], "properties": {"http://rdfs.org/ns/void#inDataset": ["https://registry.gdi-de.org/de.nw/radnetz/instances/exnw_dataset"], "http://www.opengis.net/ont/geosparql#hasGeometry": ["https://registry.gdi-de.org/de.nw/radnetz/instances/Section_Wuppertal_1901_902_left_geometry"], "http://www.w3.org/1999/02/22-rdf-syntax-ns#type": ["https://registry.gdi-de.org/up3/ontology/Streckenabschnitt_optional"], "https://registry.gdi-de.org/up3/ontology/beginntBeiKnoten": ["https://registry.gdi-de.org/de.nw/radnetz/instances/Knoten_Wuppertal_2245"], "https://registry.gdi-de.org/up3/ontology/endetBeiKnoten": ["https://registry.gdi-de.org/de.nw/radnetz/instances/Knoten_Wuppertal_2287"], "https://registry.gdi-de.org/up3/ontology/geometrieAbschnitt": ["https://registry.gdi-de.org/de.nw/radnetz/instances/Section_Wuppertal_1901_902_left_geometry"], "https://registry.gdi-de.org/up3/ontology/licht": ["https://registry.gdi-de.org/codelist/de.bund.balm.radnetz/Licht/0"], "https://registry.gdi-de.org/up3/ontology/quell-ID": ["1901"], "https://registry.gdi-de.org/up3/ontology/richtung": ["https://registry.gdi-de.org/codelist/de.bund.balm.radnetz/Richtung/3"], "https://registry.gdi-de.org/up3/ontology/steigung": ["1.221653"], "https://registry.gdi-de.org/up3/ontology/strecken-ID": ["Section_Wuppertal_1901_902_left"]}, "geometry": {"type": "LineString", "coordinates": [[7.0533894198, 51.2529250817, 180.25], [7.0564643915, 51.2539670089, 183.23]]}}, {"type": "Feature", "id": "https://registry.gdi-de.org/de.nw/radnetz/instances/Section_Wuppertal_1226193_547_left", "name": "", "dateprops": [], "properties": {"http://rdfs.org/ns/void#inDataset": ["https://registry.gdi-de.org/de.nw/radnetz/instances/exnw_dataset"], "http://www.opengis.net/ont/geosparql#hasGeometry": ["https://registry.gdi-de.org/de.nw/radnetz/instances/Section_Wuppertal_1226193_547_left_geometry"], "http://www.w3.org/1999/02/22-rdf-syntax-ns#type": ["https://registry.gdi-de.org/up3/ontology/Streckenabschnitt_optional"], "https://registry.gdi-de.org/up3/ontology/beginntBeiKnoten": ["https://registry.gdi-de.org/de.nw/radnetz/instances/Knoten_Wuppertal_8782"], "https://registry.gdi-de.org/up3/ontology/endetBeiKnoten": ["https://registry.gdi-de.org/de.nw/radnetz/instances/Knoten_Wuppertal_115540102"], "https://registry.gdi-de.org/up3/ontology/geometrieAbschnitt": ["https://registry.gdi-de.org/de.nw/radnetz/instances/Section_Wuppertal_1226193_547_left_geometry"], "https://registry.gdi-de.org/up3/ontology/licht": ["https://registry.gdi-de.org/codelist/de.bund.balm.radnetz/Licht/0"], "https://registry.gdi-de.org/up3/ontology/quell-ID": ["1226193"], "https://registry.gdi-de.org/up3/ontology/richtung": ["https://registry.gdi-de.org/codelist/de.bund.balm.radnetz/Richtung/3"], "https://registry.gdi-de.org/up3/ontology/steigung": ["5.59893"], "https://registry.gdi-de.org/up3/ontology/strecken-ID": ["Section_Wuppertal_1226193_547_left"]}, "geometry": {"type": "LineString", "coordinates": [[7.2320663516, 51.243397936, 271.76], [7.2324427519, 51.2433371966, 0.0], [7.2327123624, 51.2432444648, 0.0], [7.2329463697, 51.2430340379, 0.0], [7.2331017346, 51.2426233188, 0.0], [7.232848352, 51.2416564786, 284.81]]}}, {"type": "Feature", "id": "https://registry.gdi-de.org/de.nw/radnetz/instances/Section_Wuppertal_8378_172", "name": "", "dateprops": [], "properties": {"http://rdfs.org/ns/void#inDataset": ["https://registry.gdi-de.org/de.nw/radnetz/instances/exnw_dataset"], "http://www.opengis.net/ont/geosparql#hasGeometry": ["https://registry.gdi-de.org/de.nw/radnetz/instances/Section_Wuppertal_8378_172_geometry"], "http://www.w3.org/1999/02/22-rdf-syntax-ns#type": ["https://registry.gdi-de.org/up3/ontology/Streckenabschnitt_optional"], "https://registry.gdi-de.org/up3/ontology/beginntBeiKnoten": ["https://registry.gdi-de.org/de.nw/radnetz/instances/Knoten_Wuppertal_8842"], "https://registry.gdi-de.org/up3/ontology/endetBeiKnoten": ["https://registry.gdi-de.org/de.nw/radnetz/instances/Knoten_Wuppertal_8837"], "https://registry.gdi-de.org/up3/ontology/fuehrung": ["https://registry.gdi-de.org/codelist/de.bund.balm.radnetz/Fuehrung/401"], "https://registry.gdi-de.org/up3/ontology/geometrieAbschnitt": ["https://registry.gdi-de.org/de.nw/radnetz/instances/Section_Wuppertal_8378_172_geometry"], "https://registry.gdi-de.org/up3/ontology/licht": ["https://registry.gdi-de.org/codelist/de.bund.balm.radnetz/Licht/0"], "https://registry.gdi-de.org/up3/ontology/quell-ID": ["8378"], "https://registry.gdi-de.org/up3/ontology/steigung": ["1.3338"], "https://registry.gdi-de.org/up3/ontology/strecken-ID": ["Section_Wuppertal_8378_172"]}, "geometry": {"type": "LineString", "coordinates": [[7.2345540186, 51.2278332473, 299.65], [7.2342920242, 51.2268227333, 0.0], [7.2343133405, 51.226518967, 301.62]]}}, {"type": "Feature", "id": "https://registry.gdi-de.org/de.nw/radnetz/instances/Section_Wuppertal_1229799_771", "name": "", "dateprops": [], "properties": {"http://rdfs.org/ns/void#inDataset": ["https://registry.gdi-de.org/de.nw/radnetz/instances/exnw_dataset"], "http://www.opengis.net/ont/geosparql#hasGeometry": ["https://registry.gdi-de.org/de.nw/radnetz/instances/Section_Wuppertal_1229799_771_geometry"], "http://www.w3.org/1999/02/22-rdf-syntax-ns#type": ["https://registry.gdi-de.org/up3/ontology/Streckenabschnitt_optional"], "https://registry.gdi-de.org/up3/ontology/beginntBeiKnoten": ["https://registry.gdi-de.org/de.nw/radnetz/instances/Knoten_Wuppertal_1189691244"], "https://registry.gdi-de.org/up3/ontology/endetBeiKnoten": ["https://registry.gdi-de.org/de.nw/radnetz/instances/Knoten_Wuppertal_1189691243"], "https://registry.gdi-de.org/up3/ontology/fuehrung": ["https://registry.gdi-de.org/codelist/de.bund.balm.radnetz/Fuehrung/401"], "https://registry.gdi-de.org/up3/ontology/geometrieAbschnitt": ["https://registry.gdi-de.org/de.nw/radnetz/instances/Section_Wuppertal_1229799_771_geometry"], "https://registry.gdi-de.org/up3/ontology/licht": ["https://registry.gdi-de.org/codelist/de.bund.balm.radnetz/Licht/0"], "https://registry.gdi-de.org/up3/ontology/quell-ID": ["1229799"], "https://registry.gdi-de.org/up3/ontology/steigung": ["0.1100588"], "https://registry.gdi-de.org/up3/ontology/strecken-ID": ["Section_Wuppertal_1229799_771"]}, "geometry": {"type": "LineString", "coordinates": [[7.1076219028, 51.2036482414, 120.79], [7.1072141668, 51.2040340385, 0.0], [7.1063698416, 51.2046128105, 0.0], [7.1052295333, 51.2052406405, 0.0], [7.1050534433, 51.2053531975, 0.0], [7.1048764039, 51.2054888218, 0.0], [7.1041530845, 51.2064003796, 0.0], [7.1043121301, 51.2067030227, 0.0], [7.1047209602, 51.2071866733, 0.0], [7.1055035035, 51.2081149329, 0.0], [7.1061521245, 51.2087255661, 0.0], [7.1063877899, 51.2089525058, 0.0], [7.1067794341, 51.20925891, 0.0], [7.107112401, 51.2095028111, 121.67]]}}, {"type": "Feature", "id": "https://registry.gdi-de.org/de.nw/radnetz/instances/Section_Wuppertal_1229893_803", "name": "", "dateprops": [], "properties": {"http://rdfs.org/ns/void#inDataset": ["https://registry.gdi-de.org/de.nw/radnetz/instances/exnw_dataset"], "http://www.opengis.net/ont/geosparql#hasGeometry": ["https://registry.gdi-de.org/de.nw/radnetz/instances/Section_Wuppertal_1229893_803_geometry"], "http://www.w3.org/1999/02/22-rdf-syntax-ns#type": ["https://registry.gdi-de.org/up3/ontology/Streckenabschnitt_optional"], "https://registry.gdi-de.org/up3/ontology/beginntBeiKnoten": ["https://registry.gdi-de.org/de.nw/radnetz/instances/Knoten_Wuppertal_2095"], "https://registry.gdi-de.org/up3/ontology/endetBeiKnoten": ["https://registry.gdi-de.org/de.nw/radnetz/instances/Knoten_Wuppertal_1189691292"], "https://registry.gdi-de.org/up3/ontology/fuehrung": ["https://registry.gdi-de.org/codelist/de.bund.balm.radnetz/Fuehrung/405"], "https://registry.gdi-de.org/up3/ontology/geometrieAbschnitt": ["https://registry.gdi-de.org/de.nw/radnetz/instances/Section_Wuppertal_1229893_803_geometry"], "https://registry.gdi-de.org/up3/ontology/licht": ["https://registry.gdi-de.org/codelist/de.bund.balm.radnetz/Licht/0"], "https://registry.gdi-de.org/up3/ontology/quell-ID": ["1229893"], "https://registry.gdi-de.org/up3/ontology/steigung": ["1.780558"], "https://registry.gdi-de.org/up3/ontology/strecken-ID": ["Section_Wuppertal_1229893_803"]}, "geometry": {"type": "LineString", "coordinates": [[7.0420285047, 51.2144739212, 195.44], [7.0419096572, 51.2144679957, 0.0], [7.0417897204, 51.2143400056, 0.0], [7.0416843151, 51.2141650159, 0.0], [7.0415673865, 51.2139662114, 0.0], [7.0415622667, 51.2137757628, 197.05]]}}, {"type": "Feature", "id": "https://registry.gdi-de.org/de.nw/radnetz/instances/Section_Wuppertal_1229740_755", "name": "", "dateprops": [], "properties": {"http://rdfs.org/ns/void#inDataset": ["https://registry.gdi-de.org/de.nw/radnetz/instances/exnw_dataset"], "http://www.opengis.net/ont/geosparql#hasGeometry": ["https://registry.gdi-de.org/de.nw/radnetz/instances/Section_Wuppertal_1229740_755_geometry"], "http://www.w3.org/1999/02/22-rdf-syntax-ns#type": ["https://registry.gdi-de.org/up3/ontology/Streckenabschnitt_optional"], "https://registry.gdi-de.org/up3/ontology/beginntBeiKnoten": ["https://registry.gdi-de.org/de.nw/radnetz/instances/Knoten_Wuppertal_1189691218"], "https://registry.gdi-de.org/up3/ontology/endetBeiKnoten": ["https://registry.gdi-de.org/de.nw/radnetz/instances/Knoten_Wuppertal_6190"], "https://registry.gdi-de.org/up3/ontology/fuehrung": ["https://registry.gdi-de.org/codelist/de.bund.balm.radnetz/Fuehrung/401"], "https://registry.gdi-de.org/up3/ontology/geometrieAbschnitt": ["https://registry.gdi-de.org/de.nw/radnetz/instances/Section_Wuppertal_1229740_755_geometry"], "https://registry.gdi-de.org/up3/ontology/licht": ["https://registry.gdi-de.org/codelist/de.bund.balm.radnetz/Licht/0"], "https://registry.gdi-de.org/up3/ontology/quell-ID": ["1229740"], "https://registry.gdi-de.org/up3/ontology/steigung": ["6.943586"], "https://registry.gdi-de.org/up3/ontology/strecken-ID": ["Section_Wuppertal_1229740_755"]}, "geometry": {"type": "LineString", "coordinates": [[7.1679769052, 51.2390286139, 320.63], [7.1678224597, 51.2390559819, 0.0], [7.1674946453, 51.2391790779, 323.26]]}}, {"type": "Feature", "id": "https://registry.gdi-de.org/de.nw/radnetz/instances/Section_Wuppertal_1224289_411_right", "name": "", "dateprops": [], "properties": {"http://rdfs.org/ns/void#inDataset": ["https://registry.gdi-de.org/de.nw/radnetz/instances/exnw_dataset"], "http://www.opengis.net/ont/geosparql#hasGeometry": ["https://registry.gdi-de.org/de.nw/radnetz/instances/Section_Wuppertal_1224289_411_right_geometry"], "http://www.w3.org/1999/02/22-rdf-syntax-ns#type": ["https://registry.gdi-de.org/up3/ontology/Streckenabschnitt_optional"], "https://registry.gdi-de.org/up3/ontology/beginntBeiKnoten": ["https://registry.gdi-de.org/de.nw/radnetz/instances/Knoten_Wuppertal_9750"], "https://registry.gdi-de.org/up3/ontology/endetBeiKnoten": ["https://registry.gdi-de.org/de.nw/radnetz/instances/Knoten_Wuppertal_82080101"], "https://registry.gdi-de.org/up3/ontology/fuehrung": ["https://registry.gdi-de.org/codelist/de.bund.balm.radnetz/Fuehrung/401"], "https://registry.gdi-de.org/up3/ontology/geometrieAbschnitt": ["https://registry.gdi-de.org/de.nw/radnetz/instances/Section_Wuppertal_1224289_411_right_geometry"], "https://registry.gdi-de.org/up3/ontology/licht": ["https://registry.gdi-de.org/codelist/de.bund.balm.radnetz/Licht/0"], "https://registry.gdi-de.org/up3/ontology/quell-ID": ["1224289"], "https://registry.gdi-de.org/up3/ontology/richtung": ["https://registry.gdi-de.org/codelist/de.bund.balm.radnetz/Richtung/2"], "https://registry.gdi-de.org/up3/ontology/steigung": ["1.39675"], "https://registry.gdi-de.org/up3/ontology/strecken-ID": ["Section_Wuppertal_1224289_411_right"]}, "geometry": {"type": "LineString", "coordinates": [[7.2748567148, 51.2599645573, 184.88], [7.2754875664, 51.2597933536, 185.55]]}}, {"type": "Feature", "id": "https://registry.gdi-de.org/de.nw/radnetz/instances/Section_Wuppertal_5976_129", "name": "", "dateprops": [], "properties": {"http://rdfs.org/ns/void#inDataset": ["https://registry.gdi-de.org/de.nw/radnetz/instances/exnw_dataset"], "http://www.opengis.net/ont/geosparql#hasGeometry": ["https://registry.gdi-de.org/de.nw/radnetz/instances/Section_Wuppertal_5976_129_geometry"], "http://www.w3.org/1999/02/22-rdf-syntax-ns#type": ["https://registry.gdi-de.org/up3/ontology/Streckenabschnitt_optional"], "https://registry.gdi-de.org/up3/ontology/beginntBeiKnoten": ["https://registry.gdi-de.org/de.nw/radnetz/instances/Knoten_Wuppertal_8891"], "https://registry.gdi-de.org/up3/ontology/endetBeiKnoten": ["https://registry.gdi-de.org/de.nw/radnetz/instances/Knoten_Wuppertal_8903"], "https://registry.gdi-de.org/up3/ontology/fuehrung": ["https://registry.gdi-de.org/codelist/de.bund.balm.radnetz/Fuehrung/401"], "https://registry.gdi-de.org/up3/ontology/geometrieAbschnitt": ["https://registry.gdi-de.org/de.nw/radnetz/instances/Section_Wuppertal_5976_129_geometry"], "https://registry.gdi-de.org/up3/ontology/licht": ["https://registry.gdi-de.org/codelist/de.bund.balm.radnetz/Licht/0"], "https://registry.gdi-de.org/up3/ontology/quell-ID": ["5976"], "https://registry.gdi-de.org/up3/ontology/steigung": ["2.238591"], "https://registry.gdi-de.org/up3/ontology/strecken-ID": ["Section_Wuppertal_5976_129"]}, "geometry": {"type": "LineString", "coordinates": [[7.2355355373, 51.2384901278, 289.99], [7.2356463315, 51.2382439256, 0.0], [7.2357647421, 51.2378807766, 0.0], [7.2358039854, 51.2372989603, 293.0]]}}, {"type": "Feature", "id": "https://registry.gdi-de.org/de.nw/radnetz/instances/Section_Wuppertal_1230021_830", "name": "", "dateprops": [], "properties": {"http://rdfs.org/ns/void#inDataset": ["https://registry.gdi-de.org/de.nw/radnetz/instances/exnw_dataset"], "http://www.opengis.net/ont/geosparql#hasGeometry": ["https://registry.gdi-de.org/de.nw/radnetz/instances/Section_Wuppertal_1230021_830_geometry"], "http://www.w3.org/1999/02/22-rdf-syntax-ns#type": ["https://registry.gdi-de.org/up3/ontology/Streckenabschnitt_optional"], "https://registry.gdi-de.org/up3/ontology/beginntBeiKnoten": ["https://registry.gdi-de.org/de.nw/radnetz/instances/Knoten_Wuppertal_1189691342"], "https://registry.gdi-de.org/up3/ontology/endetBeiKnoten": ["https://registry.gdi-de.org/de.nw/radnetz/instances/Knoten_Wuppertal_1189691341"], "https://registry.gdi-de.org/up3/ontology/geometrieAbschnitt": ["https://registry.gdi-de.org/de.nw/radnetz/instances/Section_Wuppertal_1230021_830_geometry"], "https://registry.gdi-de.org/up3/ontology/licht": ["https://registry.gdi-de.org/codelist/de.bund.balm.radnetz/Licht/0"], "https://registry.gdi-de.org/up3/ontology/quell-ID": ["1230021"], "https://registry.gdi-de.org/up3/ontology/steigung": ["0.1343133"], "https://registry.gdi-de.org/up3/ontology/strecken-ID": ["Section_Wuppertal_1230021_830"]}, "geometry": {"type": "LineString", "coordinates": [[7.2501642961, 51.1807777903, 0.0], [7.2502986108, 51.179795245, 0.0], [7.2503147667, 51.1793685799, 0.0], [7.2505491021, 51.1785609626, 0.0], [7.2544614112, 51.1738807525, 0.0], [7.255660349, 51.1727033012, 0.0], [7.2564246438, 51.1722451002, 0.0], [7.2604964888, 51.1705127232, 0.0], [7.2621574226, 51.1696836017, 0.0], [7.2626437219, 51.1693919916, 0.0], [7.2639134038, 51.1681301268, 0.0], [7.2644108888, 51.1675398404, 0.0], [7.2647886481, 51.1665208704, 0.0], [7.2656926384, 51.1641436011, 0.0]]}}, {"type": "Feature", "id": "https://registry.gdi-de.org/de.nw/radnetz/instances/Section_Wuppertal_1225969_524_right", "name": "", "dateprops": [], "properties": {"http://rdfs.org/ns/void#inDataset": ["https://registry.gdi-de.org/de.nw/radnetz/instances/exnw_dataset"], "http://www.opengis.net/ont/geosparql#hasGeometry": ["https://registry.gdi-de.org/de.nw/radnetz/instances/Section_Wuppertal_1225969_524_right_geometry"], "http://www.w3.org/1999/02/22-rdf-syntax-ns#type": ["https://registry.gdi-de.org/up3/ontology/Streckenabschnitt_optional"], "https://registry.gdi-de.org/up3/ontology/beginntBeiKnoten": ["https://registry.gdi-de.org/de.nw/radnetz/instances/Knoten_Wuppertal_9455"], "https://registry.gdi-de.org/up3/ontology/endetBeiKnoten": ["https://registry.gdi-de.org/de.nw/radnetz/instances/Knoten_Wuppertal_116470101"], "https://registry.gdi-de.org/up3/ontology/fuehrung": ["https://registry.gdi-de.org/codelist/de.bund.balm.radnetz/Fuehrung/401"], "https://registry.gdi-de.org/up3/ontology/geometrieAbschnitt": ["https://registry.gdi-de.org/de.nw/radnetz/instances/Section_Wuppertal_1225969_524_right_geometry"], "https://registry.gdi-de.org/up3/ontology/licht": ["https://registry.gdi-de.org/codelist/de.bund.balm.radnetz/Licht/0"], "https://registry.gdi-de.org/up3/ontology/quell-ID": ["1225969"], "https://registry.gdi-de.org/up3/ontology/richtung": ["https://registry.gdi-de.org/codelist/de.bund.balm.radnetz/Richtung/2"], "https://registry.gdi-de.org/up3/ontology/steigung": ["0.1591871"], "https://registry.gdi-de.org/up3/ontology/strecken-ID": ["Section_Wuppertal_1225969_524_right"]}, "geometry": {"type": "LineString", "coordinates": [[7.2559654384, 51.2556805233, 177.81], [7.2585644366, 51.2559042745, 0.0], [7.2596392657, 51.2559196728, 0.0], [7.2598968129, 51.2559079104, 0.0], [7.2609660239, 51.2557976176, 178.37]]}}, {"type": "Feature", "id": "https://registry.gdi-de.org/de.nw/radnetz/instances/Section_Wuppertal_649_15", "name": "", "dateprops": [], "properties": {"http://rdfs.org/ns/void#inDataset": ["https://registry.gdi-de.org/de.nw/radnetz/instances/exnw_dataset"], "http://www.opengis.net/ont/geosparql#hasGeometry": ["https://registry.gdi-de.org/de.nw/radnetz/instances/Section_Wuppertal_649_15_geometry"], "http://www.w3.org/1999/02/22-rdf-syntax-ns#type": ["https://registry.gdi-de.org/up3/ontology/Streckenabschnitt_optional"], "https://registry.gdi-de.org/up3/ontology/beginntBeiKnoten": ["https://registry.gdi-de.org/de.nw/radnetz/instances/Knoten_Wuppertal_9158"], "https://registry.gdi-de.org/up3/ontology/endetBeiKnoten": ["https://registry.gdi-de.org/de.nw/radnetz/instances/Knoten_Wuppertal_9215"], "https://registry.gdi-de.org/up3/ontology/geometrieAbschnitt": ["https://registry.gdi-de.org/de.nw/radnetz/instances/Section_Wuppertal_649_15_geometry"], "https://registry.gdi-de.org/up3/ontology/licht": ["https://registry.gdi-de.org/codelist/de.bund.balm.radnetz/Licht/0"], "https://registry.gdi-de.org/up3/ontology/quell-ID": ["649"], "https://registry.gdi-de.org/up3/ontology/steigung": ["1.006701"], "https://registry.gdi-de.org/up3/ontology/strecken-ID": ["Section_Wuppertal_649_15"]}, "geometry": {"type": "LineString", "coordinates": [[7.2447279586, 51.2380104788, 233.12], [7.2457438066, 51.2371059302, 0.0], [7.2462243759, 51.2365247505, 0.0], [7.2466728346, 51.2362557524, 0.0], [7.247059325, 51.2357212886, 0.0], [7.2471221606, 51.2353970127, 0.0], [7.2471403732, 51.2345604946, 0.0], [7.2473079793, 51.2343529709, 0.0], [7.2473920551, 51.2341727902, 0.0], [7.2474514565, 51.2339458474, 0.0], [7.2473837755, 51.2336938073, 0.0], [7.2471963589, 51.2333736877, 0.0], [7.2471488606, 51.2331437641, 0.0], [7.2470381588, 51.2328180441, 0.0], [7.2468784106, 51.2324912311, 239.9]]}}, {"type": "Feature", "id": "https://registry.gdi-de.org/de.nw/radnetz/instances/Section_Wuppertal_1226857_910_left", "name": "", "dateprops": [], "properties": {"http://rdfs.org/ns/void#inDataset": ["https://registry.gdi-de.org/de.nw/radnetz/instances/exnw_dataset"], "http://www.opengis.net/ont/geosparql#hasGeometry": ["https://registry.gdi-de.org/de.nw/radnetz/instances/Section_Wuppertal_1226857_910_left_geometry"], "http://www.w3.org/1999/02/22-rdf-syntax-ns#type": ["https://registry.gdi-de.org/up3/ontology/Streckenabschnitt_optional"], "https://registry.gdi-de.org/up3/ontology/beginntBeiKnoten": ["https://registry.gdi-de.org/de.nw/radnetz/instances/Knoten_Wuppertal_117070102"], "https://registry.gdi-de.org/up3/ontology/endetBeiKnoten": ["https://registry.gdi-de.org/de.nw/radnetz/instances/Knoten_Wuppertal_2922"], "https://registry.gdi-de.org/up3/ontology/geometrieAbschnitt": ["https://registry.gdi-de.org/de.nw/radnetz/instances/Section_Wuppertal_1226857_910_left_geometry"], "https://registry.gdi-de.org/up3/ontology/licht": ["https://registry.gdi-de.org/codelist/de.bund.balm.radnetz/Licht/0"], "https://registry.gdi-de.org/up3/ontology/quell-ID": ["1226857"], "https://registry.gdi-de.org/up3/ontology/richtung": ["https://registry.gdi-de.org/codelist/de.bund.balm.radnetz/Richtung/3"], "https://registry.gdi-de.org/up3/ontology/steigung": ["1.398512"], "https://registry.gdi-de.org/up3/ontology/strecken-ID": ["Section_Wuppertal_1226857_910_left"]}, "geometry": {"type": "LineString", "coordinates": [[7.0842527858, 51.2814982041, 193.41], [7.0845275665, 51.2815982804, 193.72]]}}, {"type": "Feature", "id": "https://registry.gdi-de.org/de.nw/radnetz/instances/Section_Wuppertal_7083_903_left", "name": "", "dateprops": [], "properties": {"http://rdfs.org/ns/void#inDataset": ["https://registry.gdi-de.org/de.nw/radnetz/instances/exnw_dataset"], "http://www.opengis.net/ont/geosparql#hasGeometry": ["https://registry.gdi-de.org/de.nw/radnetz/instances/Section_Wuppertal_7083_903_left_geometry"], "http://www.w3.org/1999/02/22-rdf-syntax-ns#type": ["https://registry.gdi-de.org/up3/ontology/Streckenabschnitt_optional"], "https://registry.gdi-de.org/up3/ontology/beginntBeiKnoten": ["https://registry.gdi-de.org/de.nw/radnetz/instances/Knoten_Wuppertal_2154"], "https://registry.gdi-de.org/up3/ontology/endetBeiKnoten": ["https://registry.gdi-de.org/de.nw/radnetz/instances/Knoten_Wuppertal_2166"], "https://registry.gdi-de.org/up3/ontology/geometrieAbschnitt": ["https://registry.gdi-de.org/de.nw/radnetz/instances/Section_Wuppertal_7083_903_left_geometry"], "https://registry.gdi-de.org/up3/ontology/licht": ["https://registry.gdi-de.org/codelist/de.bund.balm.radnetz/Licht/0"], "https://registry.gdi-de.org/up3/ontology/quell-ID": ["7083"], "https://registry.gdi-de.org/up3/ontology/richtung": ["https://registry.gdi-de.org/codelist/de.bund.balm.radnetz/Richtung/3"], "https://registry.gdi-de.org/up3/ontology/steigung": ["5.344834"], "https://registry.gdi-de.org/up3/ontology/strecken-ID": ["Section_Wuppertal_7083_903_left"]}, "geometry": {"type": "LineString", "coordinates": [[7.0456287903, 51.2486441832, 142.97], [7.0461817202, 51.2490257612, 0.0], [7.0465709832, 51.2497683478, 0.0], [7.0471288371, 51.25036561, 154.8]]}}, {"type": "Feature", "id": "https://registry.gdi-de.org/de.nw/radnetz/instances/Section_Wuppertal_1223152_353", "name": "", "dateprops": [], "properties": {"http://rdfs.org/ns/void#inDataset": ["https://registry.gdi-de.org/de.nw/radnetz/instances/exnw_dataset"], "http://www.opengis.net/ont/geosparql#hasGeometry": ["https://registry.gdi-de.org/de.nw/radnetz/instances/Section_Wuppertal_1223152_353_geometry"], "http://www.w3.org/1999/02/22-rdf-syntax-ns#type": ["https://registry.gdi-de.org/up3/ontology/Streckenabschnitt_optional"], "https://registry.gdi-de.org/up3/ontology/beginntBeiKnoten": ["https://registry.gdi-de.org/de.nw/radnetz/instances/Knoten_Wuppertal_9384"], "https://registry.gdi-de.org/up3/ontology/endetBeiKnoten": ["https://registry.gdi-de.org/de.nw/radnetz/instances/Knoten_Wuppertal_60293"], "https://registry.gdi-de.org/up3/ontology/geometrieAbschnitt": ["https://registry.gdi-de.org/de.nw/radnetz/instances/Section_Wuppertal_1223152_353_geometry"], "https://registry.gdi-de.org/up3/ontology/licht": ["https://registry.gdi-de.org/codelist/de.bund.balm.radnetz/Licht/0"], "https://registry.gdi-de.org/up3/ontology/quell-ID": ["1223152"], "https://registry.gdi-de.org/up3/ontology/steigung": ["0.6327118"], "https://registry.gdi-de.org/up3/ontology/strecken-ID": ["Section_Wuppertal_1223152_353"]}, "geometry": {"type": "LineString", "coordinates": [[7.2519066412, 51.2903772954, 216.23], [7.2520349536, 51.2904055023, 216.29]]}}, {"type": "Feature", "id": "https://registry.gdi-de.org/de.nw/radnetz/instances/Section_Wuppertal_1229926_814_right", "name": "", "dateprops": [], "properties": {"http://rdfs.org/ns/void#inDataset": ["https://registry.gdi-de.org/de.nw/radnetz/instances/exnw_dataset"], "http://www.opengis.net/ont/geosparql#hasGeometry": ["https://registry.gdi-de.org/de.nw/radnetz/instances/Section_Wuppertal_1229926_814_right_geometry"], "http://www.w3.org/1999/02/22-rdf-syntax-ns#type": ["https://registry.gdi-de.org/up3/ontology/Streckenabschnitt_optional"], "https://registry.gdi-de.org/up3/ontology/beginntBeiKnoten": ["https://registry.gdi-de.org/de.nw/radnetz/instances/Knoten_Wuppertal_1189691303"], "https://registry.gdi-de.org/up3/ontology/endetBeiKnoten": ["https://registry.gdi-de.org/de.nw/radnetz/instances/Knoten_Wuppertal_122700101"], "https://registry.gdi-de.org/up3/ontology/fuehrung": ["https://registry.gdi-de.org/codelist/de.bund.balm.radnetz/Fuehrung/401"], "https://registry.gdi-de.org/up3/ontology/geometrieAbschnitt": ["https://registry.gdi-de.org/de.nw/radnetz/instances/Section_Wuppertal_1229926_814_right_geometry"], "https://registry.gdi-de.org/up3/ontology/licht": ["https://registry.gdi-de.org/codelist/de.bund.balm.radnetz/Licht/0"], "https://registry.gdi-de.org/up3/ontology/quell-ID": ["1229926"], "https://registry.gdi-de.org/up3/ontology/richtung": ["https://registry.gdi-de.org/codelist/de.bund.balm.radnetz/Richtung/2"], "https://registry.gdi-de.org/up3/ontology/steigung": ["1.592161"], "https://registry.gdi-de.org/up3/ontology/strecken-ID": ["Section_Wuppertal_1229926_814_right"]}, "geometry": {"type": "LineString", "coordinates": [[7.3113295501, 51.2205226401, 0.0], [7.3126136384, 51.2196735755, 0.0], [7.3132803063, 51.2195583824, 0.0], [7.3153990455, 51.219588907, 0.0], [7.3159911492, 51.2197014355, 0.0], [7.3171000525, 51.2201750088, 0.0], [7.3187836803, 51.2212392558, 0.0], [7.3190549612, 51.2214386511, 0.01]]}}, {"type": "Feature", "id": "https://registry.gdi-de.org/de.nw/radnetz/instances/Section_Wuppertal_198_7", "name": "", "dateprops": [], "properties": {"http://rdfs.org/ns/void#inDataset": ["https://registry.gdi-de.org/de.nw/radnetz/instances/exnw_dataset"], "http://www.opengis.net/ont/geosparql#hasGeometry": ["https://registry.gdi-de.org/de.nw/radnetz/instances/Section_Wuppertal_198_7_geometry"], "http://www.w3.org/1999/02/22-rdf-syntax-ns#type": ["https://registry.gdi-de.org/up3/ontology/Streckenabschnitt_optional"], "https://registry.gdi-de.org/up3/ontology/beginntBeiKnoten": ["https://registry.gdi-de.org/de.nw/radnetz/instances/Knoten_Wuppertal_6180"], "https://registry.gdi-de.org/up3/ontology/endetBeiKnoten": ["https://registry.gdi-de.org/de.nw/radnetz/instances/Knoten_Wuppertal_6159"], "https://registry.gdi-de.org/up3/ontology/fuehrung": ["https://registry.gdi-de.org/codelist/de.bund.balm.radnetz/Fuehrung/401"], "https://registry.gdi-de.org/up3/ontology/geometrieAbschnitt": ["https://registry.gdi-de.org/de.nw/radnetz/instances/Section_Wuppertal_198_7_geometry"], "https://registry.gdi-de.org/up3/ontology/licht": ["https://registry.gdi-de.org/codelist/de.bund.balm.radnetz/Licht/0"], "https://registry.gdi-de.org/up3/ontology/quell-ID": ["198"], "https://registry.gdi-de.org/up3/ontology/steigung": ["0.7899093"], "https://registry.gdi-de.org/up3/ontology/strecken-ID": ["Section_Wuppertal_198_7"]}, "geometry": {"type": "LineString", "coordinates": [[7.1672194192, 51.2393199767, 324.63], [7.1669158188, 51.2394935268, 0.0], [7.1664683417, 51.2397655024, 325.2]]}}, {"type": "Feature", "id": "https://registry.gdi-de.org/de.nw/radnetz/instances/Section_Wuppertal_9766_201", "name": "", "dateprops": [], "properties": {"http://rdfs.org/ns/void#inDataset": ["https://registry.gdi-de.org/de.nw/radnetz/instances/exnw_dataset"], "http://www.opengis.net/ont/geosparql#hasGeometry": ["https://registry.gdi-de.org/de.nw/radnetz/instances/Section_Wuppertal_9766_201_geometry"], "http://www.w3.org/1999/02/22-rdf-syntax-ns#type": ["https://registry.gdi-de.org/up3/ontology/Streckenabschnitt_optional"], "https://registry.gdi-de.org/up3/ontology/beginntBeiKnoten": ["https://registry.gdi-de.org/de.nw/radnetz/instances/Knoten_Wuppertal_9129"], "https://registry.gdi-de.org/up3/ontology/endetBeiKnoten": ["https://registry.gdi-de.org/de.nw/radnetz/instances/Knoten_Wuppertal_9086"], "https://registry.gdi-de.org/up3/ontology/geometrieAbschnitt": ["https://registry.gdi-de.org/de.nw/radnetz/instances/Section_Wuppertal_9766_201_geometry"], "https://registry.gdi-de.org/up3/ontology/licht": ["https://registry.gdi-de.org/codelist/de.bund.balm.radnetz/Licht/0"], "https://registry.gdi-de.org/up3/ontology/quell-ID": ["9766"], "https://registry.gdi-de.org/up3/ontology/steigung": ["5.498605"], "https://registry.gdi-de.org/up3/ontology/strecken-ID": ["Section_Wuppertal_9766_201"]}, "geometry": {"type": "LineString", "coordinates": [[7.2438441881, 51.2286623153, 259.82], [7.2438281785, 51.2279441522, 0.0], [7.2435875789, 51.2276317238, 0.0], [7.2433783647, 51.2266635012, 0.0], [7.2433870742, 51.2259262974, 0.0], [7.2434533024, 51.2257278337, 0.0], [7.2436563158, 51.2252942008, 0.0], [7.2440747398, 51.2248852345, 0.0], [7.2441681316, 51.224632556, 0.0], [7.2439384307, 51.2240776786, 0.0], [7.2433485365, 51.2234367481, 0.0], [7.2427290493, 51.2230670595, 296.7]]}}, {"type": "Feature", "id": "https://registry.gdi-de.org/de.nw/radnetz/instances/Section_Wuppertal_1229572_728", "name": "", "dateprops": [], "properties": {"http://rdfs.org/ns/void#inDataset": ["https://registry.gdi-de.org/de.nw/radnetz/instances/exnw_dataset"], "http://www.opengis.net/ont/geosparql#hasGeometry": ["https://registry.gdi-de.org/de.nw/radnetz/instances/Section_Wuppertal_1229572_728_geometry"], "http://www.w3.org/1999/02/22-rdf-syntax-ns#type": ["https://registry.gdi-de.org/up3/ontology/Streckenabschnitt_optional"], "https://registry.gdi-de.org/up3/ontology/beginntBeiKnoten": ["https://registry.gdi-de.org/de.nw/radnetz/instances/Knoten_Wuppertal_8903"], "https://registry.gdi-de.org/up3/ontology/endetBeiKnoten": ["https://registry.gdi-de.org/de.nw/radnetz/instances/Knoten_Wuppertal_1189691138"], "https://registry.gdi-de.org/up3/ontology/fuehrung": ["https://registry.gdi-de.org/codelist/de.bund.balm.radnetz/Fuehrung/401"], "https://registry.gdi-de.org/up3/ontology/geometrieAbschnitt": ["https://registry.gdi-de.org/de.nw/radnetz/instances/Section_Wuppertal_1229572_728_geometry"], "https://registry.gdi-de.org/up3/ontology/licht": ["https://registry.gdi-de.org/codelist/de.bund.balm.radnetz/Licht/0"], "https://registry.gdi-de.org/up3/ontology/quell-ID": ["1229572"], "https://registry.gdi-de.org/up3/ontology/steigung": ["4.078939"], "https://registry.gdi-de.org/up3/ontology/strecken-ID": ["Section_Wuppertal_1229572_728"]}, "geometry": {"type": "LineString", "coordinates": [[7.2358039854, 51.2372989603, 293.0], [7.2359079497, 51.2358302635, 299.67]]}}, {"type": "Feature", "id": "https://registry.gdi-de.org/de.nw/radnetz/instances/Section_Wuppertal_1223216_369", "name": "", "dateprops": [], "properties": {"http://rdfs.org/ns/void#inDataset": ["https://registry.gdi-de.org/de.nw/radnetz/instances/exnw_dataset"], "http://www.opengis.net/ont/geosparql#hasGeometry": ["https://registry.gdi-de.org/de.nw/radnetz/instances/Section_Wuppertal_1223216_369_geometry"], "http://www.w3.org/1999/02/22-rdf-syntax-ns#type": ["https://registry.gdi-de.org/up3/ontology/Streckenabschnitt_optional"], "https://registry.gdi-de.org/up3/ontology/beginntBeiKnoten": ["https://registry.gdi-de.org/de.nw/radnetz/instances/Knoten_Wuppertal_60318"], "https://registry.gdi-de.org/up3/ontology/endetBeiKnoten": ["https://registry.gdi-de.org/de.nw/radnetz/instances/Knoten_Wuppertal_60317"], "https://registry.gdi-de.org/up3/ontology/geometrieAbschnitt": ["https://registry.gdi-de.org/de.nw/radnetz/instances/Section_Wuppertal_1223216_369_geometry"], "https://registry.gdi-de.org/up3/ontology/licht": ["https://registry.gdi-de.org/codelist/de.bund.balm.radnetz/Licht/0"], "https://registry.gdi-de.org/up3/ontology/quell-ID": ["1223216"], "https://registry.gdi-de.org/up3/ontology/steigung": ["0.1864459"], "https://registry.gdi-de.org/up3/ontology/strecken-ID": ["Section_Wuppertal_1223216_369"]}, "geometry": {"type": "LineString", "coordinates": [[7.1409458477, 51.210430854, 298.71], [7.1411811864, 51.210562375, 0.0], [7.1413668819, 51.2106935548, 0.0], [7.1414563558, 51.2107611598, 0.0], [7.1414867659, 51.2108236897, 0.0], [7.1415569965, 51.2108785783, 0.0], [7.1418689944, 51.2111441298, 0.0], [7.1419826332, 51.2112658912, 0.0], [7.1421900001, 51.2115132344, 0.0], [7.1423271361, 51.2117056881, 0.0], [7.1425487616, 51.2120897592, 0.0], [7.1426447484, 51.2123229233, 0.0], [7.1429366369, 51.213088661, 0.0], [7.142948303, 51.2131260735, 0.0], [7.1428283156, 51.2132545565, 299.37]]}}, {"type": "Feature", "id": "https://registry.gdi-de.org/de.nw/radnetz/instances/Section_Wuppertal_1229887_800", "name": "", "dateprops": [], "properties": {"http://rdfs.org/ns/void#inDataset": ["https://registry.gdi-de.org/de.nw/radnetz/instances/exnw_dataset"], "http://www.opengis.net/ont/geosparql#hasGeometry": ["https://registry.gdi-de.org/de.nw/radnetz/instances/Section_Wuppertal_1229887_800_geometry"], "http://www.w3.org/1999/02/22-rdf-syntax-ns#type": ["https://registry.gdi-de.org/up3/ontology/Streckenabschnitt_optional"], "https://registry.gdi-de.org/up3/ontology/beginntBeiKnoten": ["https://registry.gdi-de.org/de.nw/radnetz/instances/Knoten_Wuppertal_1189691291"], "https://registry.gdi-de.org/up3/ontology/endetBeiKnoten": ["https://registry.gdi-de.org/de.nw/radnetz/instances/Knoten_Wuppertal_2139"], "https://registry.gdi-de.org/up3/ontology/fuehrung": ["https://registry.gdi-de.org/codelist/de.bund.balm.radnetz/Fuehrung/401"], "https://registry.gdi-de.org/up3/ontology/geometrieAbschnitt": ["https://registry.gdi-de.org/de.nw/radnetz/instances/Section_Wuppertal_1229887_800_geometry"], "https://registry.gdi-de.org/up3/ontology/licht": ["https://registry.gdi-de.org/codelist/de.bund.balm.radnetz/Licht/0"], "https://registry.gdi-de.org/up3/ontology/quell-ID": ["1229887"], "https://registry.gdi-de.org/up3/ontology/steigung": ["3.000878"], "https://registry.gdi-de.org/up3/ontology/strecken-ID": ["Section_Wuppertal_1229887_800"]}, "geometry": {"type": "LineString", "coordinates": [[7.0422712391, 51.2119837216, 200.12], [7.0428954529, 51.2115929356, 0.0], [7.043988375, 51.2108807333, 0.0], [7.0446081528, 51.2104502872, 0.0], [7.0450537652, 51.2103443843, 0.0], [7.0456084039, 51.2105047859, 0.0], [7.0462637653, 51.2106542719, 0.0], [7.0465377693, 51.210478105, 211.77]]}}, {"type": "Feature", "id": "https://registry.gdi-de.org/de.nw/radnetz/instances/Section_Wuppertal_9682_199", "name": "", "dateprops": [], "properties": {"http://rdfs.org/ns/void#inDataset": ["https://registry.gdi-de.org/de.nw/radnetz/instances/exnw_dataset"], "http://www.opengis.net/ont/geosparql#hasGeometry": ["https://registry.gdi-de.org/de.nw/radnetz/instances/Section_Wuppertal_9682_199_geometry"], "http://www.w3.org/1999/02/22-rdf-syntax-ns#type": ["https://registry.gdi-de.org/up3/ontology/Streckenabschnitt_optional"], "https://registry.gdi-de.org/up3/ontology/beginntBeiKnoten": ["https://registry.gdi-de.org/de.nw/radnetz/instances/Knoten_Wuppertal_8853"], "https://registry.gdi-de.org/up3/ontology/endetBeiKnoten": ["https://registry.gdi-de.org/de.nw/radnetz/instances/Knoten_Wuppertal_8850"], "https://registry.gdi-de.org/up3/ontology/fuehrung": ["https://registry.gdi-de.org/codelist/de.bund.balm.radnetz/Fuehrung/401"], "https://registry.gdi-de.org/up3/ontology/geometrieAbschnitt": ["https://registry.gdi-de.org/de.nw/radnetz/instances/Section_Wuppertal_9682_199_geometry"], "https://registry.gdi-de.org/up3/ontology/licht": ["https://registry.gdi-de.org/codelist/de.bund.balm.radnetz/Licht/0"], "https://registry.gdi-de.org/up3/ontology/quell-ID": ["9682"], "https://registry.gdi-de.org/up3/ontology/steigung": ["0.5132188"], "https://registry.gdi-de.org/up3/ontology/strecken-ID": ["Section_Wuppertal_9682_199"]}, "geometry": {"type": "LineString", "coordinates": [[7.2347427535, 51.2284901533, 300.93], [7.2346399828, 51.2281279827, 301.14]]}}, {"type": "Feature", "id": "https://registry.gdi-de.org/de.nw/radnetz/instances/Section_Wuppertal_1225376_901", "name": "", "dateprops": [], "properties": {"http://rdfs.org/ns/void#inDataset": ["https://registry.gdi-de.org/de.nw/radnetz/instances/exnw_dataset"], "http://www.opengis.net/ont/geosparql#hasGeometry": ["https://registry.gdi-de.org/de.nw/radnetz/instances/Section_Wuppertal_1225376_901_geometry"], "http://www.w3.org/1999/02/22-rdf-syntax-ns#type": ["https://registry.gdi-de.org/up3/ontology/Streckenabschnitt_optional"], "https://registry.gdi-de.org/up3/ontology/beginntBeiKnoten": ["https://registry.gdi-de.org/de.nw/radnetz/instances/Knoten_Wuppertal_121990101"], "https://registry.gdi-de.org/up3/ontology/endetBeiKnoten": ["https://registry.gdi-de.org/de.nw/radnetz/instances/Knoten_Wuppertal_9028"], "https://registry.gdi-de.org/up3/ontology/fuehrung": ["https://registry.gdi-de.org/codelist/de.bund.balm.radnetz/Fuehrung/401"], "https://registry.gdi-de.org/up3/ontology/geometrieAbschnitt": ["https://registry.gdi-de.org/de.nw/radnetz/instances/Section_Wuppertal_1225376_901_geometry"], "https://registry.gdi-de.org/up3/ontology/licht": ["https://registry.gdi-de.org/codelist/de.bund.balm.radnetz/Licht/0"], "https://registry.gdi-de.org/up3/ontology/quell-ID": ["1225376"], "https://registry.gdi-de.org/up3/ontology/steigung": ["2.183813"], "https://registry.gdi-de.org/up3/ontology/strecken-ID": ["Section_Wuppertal_1225376_901"]}, "geometry": {"type": "LineString", "coordinates": [[7.2354200873, 51.2247565494, 299.85], [7.2359625085, 51.2238736809, 0.0], [7.2367047784, 51.2232096304, 0.0], [7.2375559332, 51.2228223125, 0.0], [7.2393718869, 51.2221994223, 0.0], [7.2396941239, 51.2221042356, 0.0], [7.2405420076, 51.2213878688, 311.59]]}}, {"type": "Feature", "id": "https://registry.gdi-de.org/de.nw/radnetz/instances/Section_Wuppertal_1230063_844", "name": "", "dateprops": [], "properties": {"http://rdfs.org/ns/void#inDataset": ["https://registry.gdi-de.org/de.nw/radnetz/instances/exnw_dataset"], "http://www.opengis.net/ont/geosparql#hasGeometry": ["https://registry.gdi-de.org/de.nw/radnetz/instances/Section_Wuppertal_1230063_844_geometry"], "http://www.w3.org/1999/02/22-rdf-syntax-ns#type": ["https://registry.gdi-de.org/up3/ontology/Streckenabschnitt_optional"], "https://registry.gdi-de.org/up3/ontology/beginntBeiKnoten": ["https://registry.gdi-de.org/de.nw/radnetz/instances/Knoten_Wuppertal_1189691359"], "https://registry.gdi-de.org/up3/ontology/endetBeiKnoten": ["https://registry.gdi-de.org/de.nw/radnetz/instances/Knoten_Wuppertal_1189691358"], "https://registry.gdi-de.org/up3/ontology/geometrieAbschnitt": ["https://registry.gdi-de.org/de.nw/radnetz/instances/Section_Wuppertal_1230063_844_geometry"], "https://registry.gdi-de.org/up3/ontology/licht": ["https://registry.gdi-de.org/codelist/de.bund.balm.radnetz/Licht/0"], "https://registry.gdi-de.org/up3/ontology/quell-ID": ["1230063"], "https://registry.gdi-de.org/up3/ontology/steigung": ["1.921688"], "https://registry.gdi-de.org/up3/ontology/strecken-ID": ["Section_Wuppertal_1230063_844"]}, "geometry": {"type": "LineString", "coordinates": [[7.0711300079, 51.285849334, 0.0], [7.0711290346, 51.2858725608, 0.0], [7.0700217576, 51.2866445817, 0.0], [7.0685264842, 51.2869453251, 0.0], [7.0678207567, 51.2869801646, 0.0], [7.0653116784, 51.2875895342, 0.0], [7.0639820116, 51.2883578227, 0.0], [7.0629184421, 51.2889677966, 0.0], [7.0620206211, 51.2891621258, 0.0], [7.0607592168, 51.2891877218, 0.0], [7.0559468248, 51.2879767135, 0.0]]}}, {"type": "Feature", "id": "https://registry.gdi-de.org/de.nw/radnetz/instances/Section_Wuppertal_1226994_662_right", "name": "", "dateprops": [], "properties": {"http://rdfs.org/ns/void#inDataset": ["https://registry.gdi-de.org/de.nw/radnetz/instances/exnw_dataset"], "http://www.opengis.net/ont/geosparql#hasGeometry": ["https://registry.gdi-de.org/de.nw/radnetz/instances/Section_Wuppertal_1226994_662_right_geometry"], "http://www.w3.org/1999/02/22-rdf-syntax-ns#type": ["https://registry.gdi-de.org/up3/ontology/Streckenabschnitt_optional"], "https://registry.gdi-de.org/up3/ontology/beginntBeiKnoten": ["https://registry.gdi-de.org/de.nw/radnetz/instances/Knoten_Wuppertal_116450102"], "https://registry.gdi-de.org/up3/ontology/endetBeiKnoten": ["https://registry.gdi-de.org/de.nw/radnetz/instances/Knoten_Wuppertal_9341"], "https://registry.gdi-de.org/up3/ontology/fuehrung": ["https://registry.gdi-de.org/codelist/de.bund.balm.radnetz/Fuehrung/401"], "https://registry.gdi-de.org/up3/ontology/geometrieAbschnitt": ["https://registry.gdi-de.org/de.nw/radnetz/instances/Section_Wuppertal_1226994_662_right_geometry"], "https://registry.gdi-de.org/up3/ontology/licht": ["https://registry.gdi-de.org/codelist/de.bund.balm.radnetz/Licht/0"], "https://registry.gdi-de.org/up3/ontology/quell-ID": ["1226994"], "https://registry.gdi-de.org/up3/ontology/richtung": ["https://registry.gdi-de.org/codelist/de.bund.balm.radnetz/Richtung/2"], "https://registry.gdi-de.org/up3/ontology/steigung": ["0.5001044"], "https://registry.gdi-de.org/up3/ontology/strecken-ID": ["Section_Wuppertal_1226994_662_right"]}, "geometry": {"type": "LineString", "coordinates": [[7.2512618862, 51.2556035961, 176.48], [7.2516023874, 51.2556333504, 176.6]]}}, {"type": "Feature", "id": "https://registry.gdi-de.org/de.nw/radnetz/instances/Section_Wuppertal_2826_62", "name": "", "dateprops": [], "properties": {"http://rdfs.org/ns/void#inDataset": ["https://registry.gdi-de.org/de.nw/radnetz/instances/exnw_dataset"], "http://www.opengis.net/ont/geosparql#hasGeometry": ["https://registry.gdi-de.org/de.nw/radnetz/instances/Section_Wuppertal_2826_62_geometry"], "http://www.w3.org/1999/02/22-rdf-syntax-ns#type": ["https://registry.gdi-de.org/up3/ontology/Streckenabschnitt_optional"], "https://registry.gdi-de.org/up3/ontology/beginntBeiKnoten": ["https://registry.gdi-de.org/de.nw/radnetz/instances/Knoten_Wuppertal_5986"], "https://registry.gdi-de.org/up3/ontology/endetBeiKnoten": ["https://registry.gdi-de.org/de.nw/radnetz/instances/Knoten_Wuppertal_5961"], "https://registry.gdi-de.org/up3/ontology/geometrieAbschnitt": ["https://registry.gdi-de.org/de.nw/radnetz/instances/Section_Wuppertal_2826_62_geometry"], "https://registry.gdi-de.org/up3/ontology/licht": ["https://registry.gdi-de.org/codelist/de.bund.balm.radnetz/Licht/0"], "https://registry.gdi-de.org/up3/ontology/quell-ID": ["2826"], "https://registry.gdi-de.org/up3/ontology/steigung": ["0.6909808"], "https://registry.gdi-de.org/up3/ontology/strecken-ID": ["Section_Wuppertal_2826_62"]}, "geometry": {"type": "LineString", "coordinates": [[7.1628653617, 51.2230819084, 221.56], [7.1628909683, 51.2225924626, 0.0], [7.1628197787, 51.2222620067, 0.0], [7.1627560818, 51.222080433, 0.0], [7.1626350832, 51.221965319, 0.0], [7.1622539043, 51.2217110243, 222.71]]}}, {"type": "Feature", "id": "https://registry.gdi-de.org/de.nw/radnetz/instances/Section_Wuppertal_1229889_801", "name": "", "dateprops": [], "properties": {"http://rdfs.org/ns/void#inDataset": ["https://registry.gdi-de.org/de.nw/radnetz/instances/exnw_dataset"], "http://www.opengis.net/ont/geosparql#hasGeometry": ["https://registry.gdi-de.org/de.nw/radnetz/instances/Section_Wuppertal_1229889_801_geometry"], "http://www.w3.org/1999/02/22-rdf-syntax-ns#type": ["https://registry.gdi-de.org/up3/ontology/Streckenabschnitt_optional"], "https://registry.gdi-de.org/up3/ontology/beginntBeiKnoten": ["https://registry.gdi-de.org/de.nw/radnetz/instances/Knoten_Wuppertal_1189691290"], "https://registry.gdi-de.org/up3/ontology/endetBeiKnoten": ["https://registry.gdi-de.org/de.nw/radnetz/instances/Knoten_Wuppertal_1189691291"], "https://registry.gdi-de.org/up3/ontology/fuehrung": ["https://registry.gdi-de.org/codelist/de.bund.balm.radnetz/Fuehrung/401"], "https://registry.gdi-de.org/up3/ontology/geometrieAbschnitt": ["https://registry.gdi-de.org/de.nw/radnetz/instances/Section_Wuppertal_1229889_801_geometry"], "https://registry.gdi-de.org/up3/ontology/licht": ["https://registry.gdi-de.org/codelist/de.bund.balm.radnetz/Licht/0"], "https://registry.gdi-de.org/up3/ontology/quell-ID": ["1229889"], "https://registry.gdi-de.org/up3/ontology/steigung": ["0.3386115"], "https://registry.gdi-de.org/up3/ontology/strecken-ID": ["Section_Wuppertal_1229889_801"]}, "geometry": {"type": "LineString", "coordinates": [[7.0344834693, 51.2089743657, 197.58], [7.0344832217, 51.2094871529, 0.0], [7.0347709073, 51.209794255, 0.0], [7.0353065377, 51.2099291971, 0.0], [7.0362688325, 51.2099327605, 0.0], [7.0375669341, 51.2100552996, 0.0], [7.0382623358, 51.2102055033, 0.0], [7.0388305674, 51.2105172994, 0.0], [7.0393857204, 51.2106651442, 0.0], [7.0420768388, 51.2110376737, 0.0], [7.0423888924, 51.211244408, 0.0], [7.0424367263, 51.2115348826, 0.0], [7.0422712391, 51.2119837216, 200.12]]}}, {"type": "Feature", "id": "https://registry.gdi-de.org/de.nw/radnetz/instances/Section_Wuppertal_1226557_592_right", "name": "", "dateprops": [], "properties": {"http://rdfs.org/ns/void#inDataset": ["https://registry.gdi-de.org/de.nw/radnetz/instances/exnw_dataset"], "http://www.opengis.net/ont/geosparql#hasGeometry": ["https://registry.gdi-de.org/de.nw/radnetz/instances/Section_Wuppertal_1226557_592_right_geometry"], "http://www.w3.org/1999/02/22-rdf-syntax-ns#type": ["https://registry.gdi-de.org/up3/ontology/Streckenabschnitt_optional"], "https://registry.gdi-de.org/up3/ontology/beginntBeiKnoten": ["https://registry.gdi-de.org/de.nw/radnetz/instances/Knoten_Wuppertal_116460101"], "https://registry.gdi-de.org/up3/ontology/endetBeiKnoten": ["https://registry.gdi-de.org/de.nw/radnetz/instances/Knoten_Wuppertal_9455"], "https://registry.gdi-de.org/up3/ontology/fuehrung": ["https://registry.gdi-de.org/codelist/de.bund.balm.radnetz/Fuehrung/401"], "https://registry.gdi-de.org/up3/ontology/geometrieAbschnitt": ["https://registry.gdi-de.org/de.nw/radnetz/instances/Section_Wuppertal_1226557_592_right_geometry"], "https://registry.gdi-de.org/up3/ontology/licht": ["https://registry.gdi-de.org/codelist/de.bund.balm.radnetz/Licht/0"], "https://registry.gdi-de.org/up3/ontology/quell-ID": ["1226557"], "https://registry.gdi-de.org/up3/ontology/richtung": ["https://registry.gdi-de.org/codelist/de.bund.balm.radnetz/Richtung/2"], "https://registry.gdi-de.org/up3/ontology/steigung": ["0.2612682"], "https://registry.gdi-de.org/up3/ontology/strecken-ID": ["Section_Wuppertal_1226557_592_right"]}, "geometry": {"type": "LineString", "coordinates": [[7.2555282238, 51.2556578467, 177.73], [7.2559654384, 51.2556805233, 177.81]]}}, {"type": "Feature", "id": "https://registry.gdi-de.org/de.nw/radnetz/instances/Section_Wuppertal_1224766_430_left", "name": "", "dateprops": [], "properties": {"http://rdfs.org/ns/void#inDataset": ["https://registry.gdi-de.org/de.nw/radnetz/instances/exnw_dataset"], "http://www.opengis.net/ont/geosparql#hasGeometry": ["https://registry.gdi-de.org/de.nw/radnetz/instances/Section_Wuppertal_1224766_430_left_geometry"], "http://www.w3.org/1999/02/22-rdf-syntax-ns#type": ["https://registry.gdi-de.org/up3/ontology/Streckenabschnitt_optional"], "https://registry.gdi-de.org/up3/ontology/beginntBeiKnoten": ["https://registry.gdi-de.org/de.nw/radnetz/instances/Knoten_Wuppertal_115530102"], "https://registry.gdi-de.org/up3/ontology/endetBeiKnoten": ["https://registry.gdi-de.org/de.nw/radnetz/instances/Knoten_Wuppertal_8732"], "https://registry.gdi-de.org/up3/ontology/geometrieAbschnitt": ["https://registry.gdi-de.org/de.nw/radnetz/instances/Section_Wuppertal_1224766_430_left_geometry"], "https://registry.gdi-de.org/up3/ontology/licht": ["https://registry.gdi-de.org/codelist/de.bund.balm.radnetz/Licht/0"], "https://registry.gdi-de.org/up3/ontology/quell-ID": ["1224766"], "https://registry.gdi-de.org/up3/ontology/richtung": ["https://registry.gdi-de.org/codelist/de.bund.balm.radnetz/Richtung/3"], "https://registry.gdi-de.org/up3/ontology/steigung": ["5.510842"], "https://registry.gdi-de.org/up3/ontology/strecken-ID": ["Section_Wuppertal_1224766_430_left"]}, "geometry": {"type": "LineString", "coordinates": [[7.2292747788, 51.2434831309, 260.38], [7.2295641206, 51.2433315531, 0.0], [7.2301068598, 51.2432185628, 264.03]]}}, {"type": "Feature", "id": "https://registry.gdi-de.org/de.nw/radnetz/instances/Section_Wuppertal_1229947_819", "name": "", "dateprops": [], "properties": {"http://rdfs.org/ns/void#inDataset": ["https://registry.gdi-de.org/de.nw/radnetz/instances/exnw_dataset"], "http://www.opengis.net/ont/geosparql#hasGeometry": ["https://registry.gdi-de.org/de.nw/radnetz/instances/Section_Wuppertal_1229947_819_geometry"], "http://www.w3.org/1999/02/22-rdf-syntax-ns#type": ["https://registry.gdi-de.org/up3/ontology/Streckenabschnitt_optional"], "https://registry.gdi-de.org/up3/ontology/beginntBeiKnoten": ["https://registry.gdi-de.org/de.nw/radnetz/instances/Knoten_Wuppertal_1189691309"], "https://registry.gdi-de.org/up3/ontology/endetBeiKnoten": ["https://registry.gdi-de.org/de.nw/radnetz/instances/Knoten_Wuppertal_1189691310"], "https://registry.gdi-de.org/up3/ontology/geometrieAbschnitt": ["https://registry.gdi-de.org/de.nw/radnetz/instances/Section_Wuppertal_1229947_819_geometry"], "https://registry.gdi-de.org/up3/ontology/licht": ["https://registry.gdi-de.org/codelist/de.bund.balm.radnetz/Licht/0"], "https://registry.gdi-de.org/up3/ontology/quell-ID": ["1229947"], "https://registry.gdi-de.org/up3/ontology/steigung": ["1.417616"], "https://registry.gdi-de.org/up3/ontology/strecken-ID": ["Section_Wuppertal_1229947_819"]}, "geometry": {"type": "LineString", "coordinates": [[7.1971125255, 51.199731011, 0.0], [7.1981673741, 51.1993580439, 0.0], [7.1985874469, 51.199459661, 0.0], [7.1991839536, 51.1996971973, 0.0], [7.2003091512, 51.1995813079, 0.0], [7.2018958042, 51.1992822087, 0.0], [7.2039342702, 51.1990471134, 0.0], [7.2048438535, 51.1990230164, 0.0], [7.2056190532, 51.1993393797, 0.0], [7.2067907343, 51.1995856984, 0.0], [7.2075408539, 51.1997684581, 0.0], [7.2084785076, 51.1998018513, 0.0], [7.2097838359, 51.1997266883, 0.0], [7.2105937752, 51.1999293732, 0.0], [7.2132828291, 51.2008838823, 0.0], [7.2163170425, 51.2030995253, 0.0], [7.2167771697, 51.203734507, 0.0], [7.2170534629, 51.2044237726, 0.0], [7.2170358353, 51.2048802067, 0.0], [7.216666668, 51.2050268143, 0.0], [7.2165796716, 51.2057105422, 0.0], [7.2159647639, 51.2067287477, 0.0], [7.2156621452, 51.2075043328, 0.0], [7.215648133, 51.2081072377, 230.28]]}}, {"type": "Feature", "id": "https://registry.gdi-de.org/de.nw/radnetz/instances/Section_Wuppertal_1229956_822", "name": "", "dateprops": [], "properties": {"http://rdfs.org/ns/void#inDataset": ["https://registry.gdi-de.org/de.nw/radnetz/instances/exnw_dataset"], "http://www.opengis.net/ont/geosparql#hasGeometry": ["https://registry.gdi-de.org/de.nw/radnetz/instances/Section_Wuppertal_1229956_822_geometry"], "http://www.w3.org/1999/02/22-rdf-syntax-ns#type": ["https://registry.gdi-de.org/up3/ontology/Streckenabschnitt_optional"], "https://registry.gdi-de.org/up3/ontology/beginntBeiKnoten": ["https://registry.gdi-de.org/de.nw/radnetz/instances/Knoten_Wuppertal_60299"], "https://registry.gdi-de.org/up3/ontology/endetBeiKnoten": ["https://registry.gdi-de.org/de.nw/radnetz/instances/Knoten_Wuppertal_1189691313"], "https://registry.gdi-de.org/up3/ontology/geometrieAbschnitt": ["https://registry.gdi-de.org/de.nw/radnetz/instances/Section_Wuppertal_1229956_822_geometry"], "https://registry.gdi-de.org/up3/ontology/licht": ["https://registry.gdi-de.org/codelist/de.bund.balm.radnetz/Licht/0"], "https://registry.gdi-de.org/up3/ontology/quell-ID": ["1229956"], "https://registry.gdi-de.org/up3/ontology/steigung": ["1.625651"], "https://registry.gdi-de.org/up3/ontology/strecken-ID": ["Section_Wuppertal_1229956_822"]}, "geometry": {"type": "LineString", "coordinates": [[7.1122844308, 51.2456080202, 187.41], [7.1123163868, 51.2455229881, 0.0], [7.1122190326, 51.2453856908, 0.0], [7.1120998023, 51.2450282932, 187.74]]}}, {"type": "Feature", "id": "https://registry.gdi-de.org/de.nw/radnetz/instances/Section_Wuppertal_4993_1018_left", "name": "", "dateprops": [], "properties": {"http://rdfs.org/ns/void#inDataset": ["https://registry.gdi-de.org/de.nw/radnetz/instances/exnw_dataset"], "http://www.opengis.net/ont/geosparql#hasGeometry": ["https://registry.gdi-de.org/de.nw/radnetz/instances/Section_Wuppertal_4993_1018_left_geometry"], "http://www.w3.org/1999/02/22-rdf-syntax-ns#type": ["https://registry.gdi-de.org/up3/ontology/Streckenabschnitt_optional"], "https://registry.gdi-de.org/up3/ontology/beginntBeiKnoten": ["https://registry.gdi-de.org/de.nw/radnetz/instances/Knoten_Wuppertal_3200"], "https://registry.gdi-de.org/up3/ontology/endetBeiKnoten": ["https://registry.gdi-de.org/de.nw/radnetz/instances/Knoten_Wuppertal_3210"], "https://registry.gdi-de.org/up3/ontology/geometrieAbschnitt": ["https://registry.gdi-de.org/de.nw/radnetz/instances/Section_Wuppertal_4993_1018_left_geometry"], "https://registry.gdi-de.org/up3/ontology/licht": ["https://registry.gdi-de.org/codelist/de.bund.balm.radnetz/Licht/0"], "https://registry.gdi-de.org/up3/ontology/quell-ID": ["4993"], "https://registry.gdi-de.org/up3/ontology/richtung": ["https://registry.gdi-de.org/codelist/de.bund.balm.radnetz/Richtung/3"], "https://registry.gdi-de.org/up3/ontology/steigung": ["3.789447"], "https://registry.gdi-de.org/up3/ontology/strecken-ID": ["Section_Wuppertal_4993_1018_left"]}, "geometry": {"type": "LineString", "coordinates": [[7.0972084069, 51.2958949498, 0.0], [7.0977898186, 51.2952671445, 0.0]]}}, {"type": "Feature", "id": "https://registry.gdi-de.org/de.nw/radnetz/instances/Section_Wuppertal_1230029_835", "name": "", "dateprops": [], "properties": {"http://rdfs.org/ns/void#inDataset": ["https://registry.gdi-de.org/de.nw/radnetz/instances/exnw_dataset"], "http://www.opengis.net/ont/geosparql#hasGeometry": ["https://registry.gdi-de.org/de.nw/radnetz/instances/Section_Wuppertal_1230029_835_geometry"], "http://www.w3.org/1999/02/22-rdf-syntax-ns#type": ["https://registry.gdi-de.org/up3/ontology/Streckenabschnitt_optional"], "https://registry.gdi-de.org/up3/ontology/beginntBeiKnoten": ["https://registry.gdi-de.org/de.nw/radnetz/instances/Knoten_Wuppertal_1189691345"], "https://registry.gdi-de.org/up3/ontology/endetBeiKnoten": ["https://registry.gdi-de.org/de.nw/radnetz/instances/Knoten_Wuppertal_2788"], "https://registry.gdi-de.org/up3/ontology/geometrieAbschnitt": ["https://registry.gdi-de.org/de.nw/radnetz/instances/Section_Wuppertal_1230029_835_geometry"], "https://registry.gdi-de.org/up3/ontology/licht": ["https://registry.gdi-de.org/codelist/de.bund.balm.radnetz/Licht/0"], "https://registry.gdi-de.org/up3/ontology/quell-ID": ["1230029"], "https://registry.gdi-de.org/up3/ontology/steigung": ["1.424197"], "https://registry.gdi-de.org/up3/ontology/strecken-ID": ["Section_Wuppertal_1230029_835"]}, "geometry": {"type": "LineString", "coordinates": [[7.0926089073, 51.1716870844, 0.0], [7.0925797123, 51.1732904204, 0.0], [7.0912826461, 51.175151994, 0.0], [7.0900291481, 51.17685156, 0.0], [7.0898107757, 51.1776615204, 0.0], [7.0893082862, 51.1781879167, 0.0], [7.0879442962, 51.1789791523, 0.0], [7.0858800323, 51.1797124272, 0.0], [7.0823297567, 51.1806072592, 0.0], [7.0806676788, 51.1807538503, 0.01]]}}, {"type": "Feature", "id": "https://registry.gdi-de.org/de.nw/radnetz/instances/Section_Wuppertal_1223153_354", "name": "", "dateprops": [], "properties": {"http://rdfs.org/ns/void#inDataset": ["https://registry.gdi-de.org/de.nw/radnetz/instances/exnw_dataset"], "http://www.opengis.net/ont/geosparql#hasGeometry": ["https://registry.gdi-de.org/de.nw/radnetz/instances/Section_Wuppertal_1223153_354_geometry"], "http://www.w3.org/1999/02/22-rdf-syntax-ns#type": ["https://registry.gdi-de.org/up3/ontology/Streckenabschnitt_optional"], "https://registry.gdi-de.org/up3/ontology/beginntBeiKnoten": ["https://registry.gdi-de.org/de.nw/radnetz/instances/Knoten_Wuppertal_60291"], "https://registry.gdi-de.org/up3/ontology/endetBeiKnoten": ["https://registry.gdi-de.org/de.nw/radnetz/instances/Knoten_Wuppertal_9384"], "https://registry.gdi-de.org/up3/ontology/geometrieAbschnitt": ["https://registry.gdi-de.org/de.nw/radnetz/instances/Section_Wuppertal_1223153_354_geometry"], "https://registry.gdi-de.org/up3/ontology/licht": ["https://registry.gdi-de.org/codelist/de.bund.balm.radnetz/Licht/0"], "https://registry.gdi-de.org/up3/ontology/quell-ID": ["1223153"], "https://registry.gdi-de.org/up3/ontology/steigung": ["1.381726"], "https://registry.gdi-de.org/up3/ontology/strecken-ID": ["Section_Wuppertal_1223153_354"]}, "geometry": {"type": "LineString", "coordinates": [[7.2487724074, 51.283254899, 203.77], [7.2493389628, 51.2834384631, 0.0], [7.2501149013, 51.2837833148, 0.0], [7.2506674532, 51.2840743313, 0.0], [7.2511058177, 51.284404032, 0.0], [7.2515526171, 51.2849358274, 0.0], [7.2519201028, 51.2854361402, 0.0], [7.2522534904, 51.2859864355, 0.0], [7.2524525794, 51.2864549133, 0.0], [7.2525604478, 51.2868089947, 0.0], [7.2526999441, 51.2873765904, 0.0], [7.2527401887, 51.2880133947, 0.0], [7.2526520523, 51.2886381835, 0.0], [7.2524607547, 51.2892975229, 0.0], [7.2519066412, 51.2903772954, 216.23]]}}, {"type": "Feature", "id": "https://registry.gdi-de.org/de.nw/radnetz/instances/Section_Wuppertal_1225970_525_right", "name": "", "dateprops": [], "properties": {"http://rdfs.org/ns/void#inDataset": ["https://registry.gdi-de.org/de.nw/radnetz/instances/exnw_dataset"], "http://www.opengis.net/ont/geosparql#hasGeometry": ["https://registry.gdi-de.org/de.nw/radnetz/instances/Section_Wuppertal_1225970_525_right_geometry"], "http://www.w3.org/1999/02/22-rdf-syntax-ns#type": ["https://registry.gdi-de.org/up3/ontology/Streckenabschnitt_optional"], "https://registry.gdi-de.org/up3/ontology/beginntBeiKnoten": ["https://registry.gdi-de.org/de.nw/radnetz/instances/Knoten_Wuppertal_116470101"], "https://registry.gdi-de.org/up3/ontology/endetBeiKnoten": ["https://registry.gdi-de.org/de.nw/radnetz/instances/Knoten_Wuppertal_9576"], "https://registry.gdi-de.org/up3/ontology/fuehrung": ["https://registry.gdi-de.org/codelist/de.bund.balm.radnetz/Fuehrung/401"], "https://registry.gdi-de.org/up3/ontology/geometrieAbschnitt": ["https://registry.gdi-de.org/de.nw/radnetz/instances/Section_Wuppertal_1225970_525_right_geometry"], "https://registry.gdi-de.org/up3/ontology/licht": ["https://registry.gdi-de.org/codelist/de.bund.balm.radnetz/Licht/0"], "https://registry.gdi-de.org/up3/ontology/quell-ID": ["1225970"], "https://registry.gdi-de.org/up3/ontology/richtung": ["https://registry.gdi-de.org/codelist/de.bund.balm.radnetz/Richtung/2"], "https://registry.gdi-de.org/up3/ontology/steigung": ["0.2241466"], "https://registry.gdi-de.org/up3/ontology/strecken-ID": ["Section_Wuppertal_1225970_525_right"]}, "geometry": {"type": "LineString", "coordinates": [[7.2609660239, 51.2557976176, 178.37], [7.2614539084, 51.2557472876, 0.0], [7.2624333258, 51.2555284555, 178.61]]}}, {"type": "Feature", "id": "https://registry.gdi-de.org/de.nw/radnetz/instances/Section_Wuppertal_1226820_637", "name": "", "dateprops": [], "properties": {"http://rdfs.org/ns/void#inDataset": ["https://registry.gdi-de.org/de.nw/radnetz/instances/exnw_dataset"], "http://www.opengis.net/ont/geosparql#hasGeometry": ["https://registry.gdi-de.org/de.nw/radnetz/instances/Section_Wuppertal_1226820_637_geometry"], "http://www.w3.org/1999/02/22-rdf-syntax-ns#type": ["https://registry.gdi-de.org/up3/ontology/Streckenabschnitt_optional"], "https://registry.gdi-de.org/up3/ontology/beginntBeiKnoten": ["https://registry.gdi-de.org/de.nw/radnetz/instances/Knoten_Wuppertal_8891"], "https://registry.gdi-de.org/up3/ontology/endetBeiKnoten": ["https://registry.gdi-de.org/de.nw/radnetz/instances/Knoten_Wuppertal_115550101"], "https://registry.gdi-de.org/up3/ontology/fuehrung": ["https://registry.gdi-de.org/codelist/de.bund.balm.radnetz/Fuehrung/401"], "https://registry.gdi-de.org/up3/ontology/geometrieAbschnitt": ["https://registry.gdi-de.org/de.nw/radnetz/instances/Section_Wuppertal_1226820_637_geometry"], "https://registry.gdi-de.org/up3/ontology/licht": ["https://registry.gdi-de.org/codelist/de.bund.balm.radnetz/Licht/0"], "https://registry.gdi-de.org/up3/ontology/quell-ID": ["1226820"], "https://registry.gdi-de.org/up3/ontology/steigung": ["0.4401311"], "https://registry.gdi-de.org/up3/ontology/strecken-ID": ["Section_Wuppertal_1226820_637"]}, "geometry": {"type": "LineString", "coordinates": [[7.2355355373, 51.2384901278, 289.99], [7.2354841177, 51.238565189, 290.03]]}}, {"type": "Feature", "id": "https://registry.gdi-de.org/de.nw/radnetz/instances/Section_Wuppertal_1226762_624", "name": "", "dateprops": [], "properties": {"http://rdfs.org/ns/void#inDataset": ["https://registry.gdi-de.org/de.nw/radnetz/instances/exnw_dataset"], "http://www.opengis.net/ont/geosparql#hasGeometry": ["https://registry.gdi-de.org/de.nw/radnetz/instances/Section_Wuppertal_1226762_624_geometry"], "http://www.w3.org/1999/02/22-rdf-syntax-ns#type": ["https://registry.gdi-de.org/up3/ontology/Streckenabschnitt_optional"], "https://registry.gdi-de.org/up3/ontology/beginntBeiKnoten": ["https://registry.gdi-de.org/de.nw/radnetz/instances/Knoten_Wuppertal_118340102"], "https://registry.gdi-de.org/up3/ontology/endetBeiKnoten": ["https://registry.gdi-de.org/de.nw/radnetz/instances/Knoten_Wuppertal_118340101"], "https://registry.gdi-de.org/up3/ontology/fuehrung": ["https://registry.gdi-de.org/codelist/de.bund.balm.radnetz/Fuehrung/401"], "https://registry.gdi-de.org/up3/ontology/geometrieAbschnitt": ["https://registry.gdi-de.org/de.nw/radnetz/instances/Section_Wuppertal_1226762_624_geometry"], "https://registry.gdi-de.org/up3/ontology/licht": ["https://registry.gdi-de.org/codelist/de.bund.balm.radnetz/Licht/0"], "https://registry.gdi-de.org/up3/ontology/quell-ID": ["1226762"], "https://registry.gdi-de.org/up3/ontology/steigung": ["2.347042"], "https://registry.gdi-de.org/up3/ontology/strecken-ID": ["Section_Wuppertal_1226762_624"]}, "geometry": {"type": "LineString", "coordinates": [[7.1019568724, 51.2913277286, 225.68], [7.1021018149, 51.2912810436, 0.0], [7.1022714263, 51.2912254695, 226.26]]}}, {"type": "Feature", "id": "https://registry.gdi-de.org/de.nw/radnetz/instances/Section_Wuppertal_1230058_912_left", "name": "", "dateprops": [], "properties": {"http://rdfs.org/ns/void#inDataset": ["https://registry.gdi-de.org/de.nw/radnetz/instances/exnw_dataset"], "http://www.opengis.net/ont/geosparql#hasGeometry": ["https://registry.gdi-de.org/de.nw/radnetz/instances/Section_Wuppertal_1230058_912_left_geometry"], "http://www.w3.org/1999/02/22-rdf-syntax-ns#type": ["https://registry.gdi-de.org/up3/ontology/Streckenabschnitt_optional"], "https://registry.gdi-de.org/up3/ontology/beginntBeiKnoten": ["https://registry.gdi-de.org/de.nw/radnetz/instances/Knoten_Wuppertal_1189691357"], "https://registry.gdi-de.org/up3/ontology/endetBeiKnoten": ["https://registry.gdi-de.org/de.nw/radnetz/instances/Knoten_Wuppertal_117070101"], "https://registry.gdi-de.org/up3/ontology/geometrieAbschnitt": ["https://registry.gdi-de.org/de.nw/radnetz/instances/Section_Wuppertal_1230058_912_left_geometry"], "https://registry.gdi-de.org/up3/ontology/licht": ["https://registry.gdi-de.org/codelist/de.bund.balm.radnetz/Licht/0"], "https://registry.gdi-de.org/up3/ontology/quell-ID": ["1230058"], "https://registry.gdi-de.org/up3/ontology/richtung": ["https://registry.gdi-de.org/codelist/de.bund.balm.radnetz/Richtung/3"], "https://registry.gdi-de.org/up3/ontology/steigung": ["4.048283"], "https://registry.gdi-de.org/up3/ontology/strecken-ID": ["Section_Wuppertal_1230058_912_left"]}, "geometry": {"type": "LineString", "coordinates": [[7.0791723048, 51.2805236684, 0.0], [7.0816043111, 51.280742199, 0.0], [7.0827779133, 51.2809610276, 0.0], [7.0836333993, 51.2812726151, 193.29]]}}, {"type": "Feature", "id": "https://registry.gdi-de.org/de.nw/radnetz/instances/Section_Wuppertal_1223652_382_left", "name": "", "dateprops": [], "properties": {"http://rdfs.org/ns/void#inDataset": ["https://registry.gdi-de.org/de.nw/radnetz/instances/exnw_dataset"], "http://www.opengis.net/ont/geosparql#hasGeometry": ["https://registry.gdi-de.org/de.nw/radnetz/instances/Section_Wuppertal_1223652_382_left_geometry"], "http://www.w3.org/1999/02/22-rdf-syntax-ns#type": ["https://registry.gdi-de.org/up3/ontology/Streckenabschnitt_optional"], "https://registry.gdi-de.org/up3/ontology/beginntBeiKnoten": ["https://registry.gdi-de.org/de.nw/radnetz/instances/Knoten_Wuppertal_119240101"], "https://registry.gdi-de.org/up3/ontology/endetBeiKnoten": ["https://registry.gdi-de.org/de.nw/radnetz/instances/Knoten_Wuppertal_2246"], "https://registry.gdi-de.org/up3/ontology/geometrieAbschnitt": ["https://registry.gdi-de.org/de.nw/radnetz/instances/Section_Wuppertal_1223652_382_left_geometry"], "https://registry.gdi-de.org/up3/ontology/licht": ["https://registry.gdi-de.org/codelist/de.bund.balm.radnetz/Licht/0"], "https://registry.gdi-de.org/up3/ontology/quell-ID": ["1223652"], "https://registry.gdi-de.org/up3/ontology/richtung": ["https://registry.gdi-de.org/codelist/de.bund.balm.radnetz/Richtung/3"], "https://registry.gdi-de.org/up3/ontology/steigung": ["0.477011"], "https://registry.gdi-de.org/up3/ontology/strecken-ID": ["Section_Wuppertal_1223652_382_left"]}, "geometry": {"type": "LineString", "coordinates": [[7.0442823227, 51.2306527524, 200.8], [7.0448218892, 51.2310002283, 0.0], [7.0458666611, 51.2319233909, 0.0], [7.0477816758, 51.233083572, 0.0], [7.0486495748, 51.2334267382, 0.0], [7.0489741612, 51.2334769519, 0.0], [7.054256141, 51.2338748586, 204.77]]}}, {"type": "Feature", "id": "https://registry.gdi-de.org/de.nw/radnetz/instances/Section_Wuppertal_3638_89", "name": "", "dateprops": [], "properties": {"http://rdfs.org/ns/void#inDataset": ["https://registry.gdi-de.org/de.nw/radnetz/instances/exnw_dataset"], "http://www.opengis.net/ont/geosparql#hasGeometry": ["https://registry.gdi-de.org/de.nw/radnetz/instances/Section_Wuppertal_3638_89_geometry"], "http://www.w3.org/1999/02/22-rdf-syntax-ns#type": ["https://registry.gdi-de.org/up3/ontology/Streckenabschnitt_optional"], "https://registry.gdi-de.org/up3/ontology/beginntBeiKnoten": ["https://registry.gdi-de.org/de.nw/radnetz/instances/Knoten_Wuppertal_5989"], "https://registry.gdi-de.org/up3/ontology/endetBeiKnoten": ["https://registry.gdi-de.org/de.nw/radnetz/instances/Knoten_Wuppertal_5961"], "https://registry.gdi-de.org/up3/ontology/geometrieAbschnitt": ["https://registry.gdi-de.org/de.nw/radnetz/instances/Section_Wuppertal_3638_89_geometry"], "https://registry.gdi-de.org/up3/ontology/licht": ["https://registry.gdi-de.org/codelist/de.bund.balm.radnetz/Licht/0"], "https://registry.gdi-de.org/up3/ontology/quell-ID": ["3638"], "https://registry.gdi-de.org/up3/ontology/steigung": ["2.455386"], "https://registry.gdi-de.org/up3/ontology/strecken-ID": ["Section_Wuppertal_3638_89"]}, "geometry": {"type": "LineString", "coordinates": [[7.163183749, 51.2186935013, 213.65], [7.1627146483, 51.2191964628, 0.0], [7.1623677684, 51.2194942875, 0.0], [7.1618907192, 51.2198247852, 0.0], [7.1618836535, 51.2201125036, 0.0], [7.1623287402, 51.2215071379, 0.0], [7.1622539043, 51.2217110243, 222.71]]}}, {"type": "Feature", "id": "https://registry.gdi-de.org/de.nw/radnetz/instances/Section_Wuppertal_1230022_831", "name": "", "dateprops": [], "properties": {"http://rdfs.org/ns/void#inDataset": ["https://registry.gdi-de.org/de.nw/radnetz/instances/exnw_dataset"], "http://www.opengis.net/ont/geosparql#hasGeometry": ["https://registry.gdi-de.org/de.nw/radnetz/instances/Section_Wuppertal_1230022_831_geometry"], "http://www.w3.org/1999/02/22-rdf-syntax-ns#type": ["https://registry.gdi-de.org/up3/ontology/Streckenabschnitt_optional"], "https://registry.gdi-de.org/up3/ontology/beginntBeiKnoten": ["https://registry.gdi-de.org/de.nw/radnetz/instances/Knoten_Wuppertal_1189690174"], "https://registry.gdi-de.org/up3/ontology/endetBeiKnoten": ["https://registry.gdi-de.org/de.nw/radnetz/instances/Knoten_Wuppertal_1189691342"], "https://registry.gdi-de.org/up3/ontology/geometrieAbschnitt": ["https://registry.gdi-de.org/de.nw/radnetz/instances/Section_Wuppertal_1230022_831_geometry"], "https://registry.gdi-de.org/up3/ontology/licht": ["https://registry.gdi-de.org/codelist/de.bund.balm.radnetz/Licht/0"], "https://registry.gdi-de.org/up3/ontology/quell-ID": ["1230022"], "https://registry.gdi-de.org/up3/ontology/steigung": ["0.6761374"], "https://registry.gdi-de.org/up3/ontology/strecken-ID": ["Section_Wuppertal_1230022_831"]}, "geometry": {"type": "LineString", "coordinates": [[7.2536350857, 51.1895275527, 0.01], [7.2536902614, 51.1888963405, 0.0], [7.2537418752, 51.1875310122, 0.0], [7.2536140041, 51.1855226455, 0.0], [7.2533650244, 51.1849212596, 0.0], [7.2529285207, 51.1838901659, 0.0], [7.2518778271, 51.182935274, 0.0], [7.2506283674, 51.1818493279, 0.0], [7.2501642961, 51.1807777903, 0.0]]}}, {"type": "Feature", "id": "https://registry.gdi-de.org/de.nw/radnetz/instances/Section_Wuppertal_1223018_299", "name": "", "dateprops": [], "properties": {"http://rdfs.org/ns/void#inDataset": ["https://registry.gdi-de.org/de.nw/radnetz/instances/exnw_dataset"], "http://www.opengis.net/ont/geosparql#hasGeometry": ["https://registry.gdi-de.org/de.nw/radnetz/instances/Section_Wuppertal_1223018_299_geometry"], "http://www.w3.org/1999/02/22-rdf-syntax-ns#type": ["https://registry.gdi-de.org/up3/ontology/Streckenabschnitt_optional"], "https://registry.gdi-de.org/up3/ontology/beginntBeiKnoten": ["https://registry.gdi-de.org/de.nw/radnetz/instances/Knoten_Wuppertal_60212"], "https://registry.gdi-de.org/up3/ontology/endetBeiKnoten": ["https://registry.gdi-de.org/de.nw/radnetz/instances/Knoten_Wuppertal_60228"], "https://registry.gdi-de.org/up3/ontology/geometrieAbschnitt": ["https://registry.gdi-de.org/de.nw/radnetz/instances/Section_Wuppertal_1223018_299_geometry"], "https://registry.gdi-de.org/up3/ontology/licht": ["https://registry.gdi-de.org/codelist/de.bund.balm.radnetz/Licht/0"], "https://registry.gdi-de.org/up3/ontology/quell-ID": ["1223018"], "https://registry.gdi-de.org/up3/ontology/steigung": ["0.1198557"], "https://registry.gdi-de.org/up3/ontology/strecken-ID": ["Section_Wuppertal_1223018_299"]}, "geometry": {"type": "LineString", "coordinates": [[7.0523924074, 51.2242666945, 169.44], [7.0517246742, 51.2247152572, 0.0], [7.0554962089, 51.226791839, 0.0], [7.0573191134, 51.2274632742, 0.0], [7.0579207464, 51.2277255871, 0.0], [7.0579207464, 51.2277255871, 170.18]]}}, {"type": "Feature", "id": "https://registry.gdi-de.org/de.nw/radnetz/instances/Section_Wuppertal_9340_191", "name": "", "dateprops": [], "properties": {"http://rdfs.org/ns/void#inDataset": ["https://registry.gdi-de.org/de.nw/radnetz/instances/exnw_dataset"], "http://www.opengis.net/ont/geosparql#hasGeometry": ["https://registry.gdi-de.org/de.nw/radnetz/instances/Section_Wuppertal_9340_191_geometry"], "http://www.w3.org/1999/02/22-rdf-syntax-ns#type": ["https://registry.gdi-de.org/up3/ontology/Streckenabschnitt_optional"], "https://registry.gdi-de.org/up3/ontology/beginntBeiKnoten": ["https://registry.gdi-de.org/de.nw/radnetz/instances/Knoten_Wuppertal_9528"], "https://registry.gdi-de.org/up3/ontology/endetBeiKnoten": ["https://registry.gdi-de.org/de.nw/radnetz/instances/Knoten_Wuppertal_9543"], "https://registry.gdi-de.org/up3/ontology/geometrieAbschnitt": ["https://registry.gdi-de.org/de.nw/radnetz/instances/Section_Wuppertal_9340_191_geometry"], "https://registry.gdi-de.org/up3/ontology/licht": ["https://registry.gdi-de.org/codelist/de.bund.balm.radnetz/Licht/0"], "https://registry.gdi-de.org/up3/ontology/quell-ID": ["9340"], "https://registry.gdi-de.org/up3/ontology/steigung": ["0.5784946"], "https://registry.gdi-de.org/up3/ontology/strecken-ID": ["Section_Wuppertal_9340_191"]}, "geometry": {"type": "LineString", "coordinates": [[7.2610862319, 51.2234920599, 308.23], [7.2611177318, 51.2252715102, 0.0], [7.2614049084, 51.226227754, 0.0], [7.2617273816, 51.2270242482, 310.53]]}}, {"type": "Feature", "id": "https://registry.gdi-de.org/de.nw/radnetz/instances/Section_Wuppertal_1223154_355", "name": "", "dateprops": [], "properties": {"http://rdfs.org/ns/void#inDataset": ["https://registry.gdi-de.org/de.nw/radnetz/instances/exnw_dataset"], "http://www.opengis.net/ont/geosparql#hasGeometry": ["https://registry.gdi-de.org/de.nw/radnetz/instances/Section_Wuppertal_1223154_355_geometry"], "http://www.w3.org/1999/02/22-rdf-syntax-ns#type": ["https://registry.gdi-de.org/up3/ontology/Streckenabschnitt_optional"], "https://registry.gdi-de.org/up3/ontology/beginntBeiKnoten": ["https://registry.gdi-de.org/de.nw/radnetz/instances/Knoten_Wuppertal_9384"], "https://registry.gdi-de.org/up3/ontology/endetBeiKnoten": ["https://registry.gdi-de.org/de.nw/radnetz/instances/Knoten_Wuppertal_9234"], "https://registry.gdi-de.org/up3/ontology/geometrieAbschnitt": ["https://registry.gdi-de.org/de.nw/radnetz/instances/Section_Wuppertal_1223154_355_geometry"], "https://registry.gdi-de.org/up3/ontology/licht": ["https://registry.gdi-de.org/codelist/de.bund.balm.radnetz/Licht/0"], "https://registry.gdi-de.org/up3/ontology/quell-ID": ["1223154"], "https://registry.gdi-de.org/up3/ontology/steigung": ["0.8269702"], "https://registry.gdi-de.org/up3/ontology/strecken-ID": ["Section_Wuppertal_1223154_355"]}, "geometry": {"type": "LineString", "coordinates": [[7.2519066412, 51.2903772954, 216.23], [7.2515960302, 51.2908606436, 0.0], [7.251305216, 51.291352659, 0.0], [7.2510942649, 51.2916959255, 0.0], [7.2508525025, 51.2919818571, 0.0], [7.2505428413, 51.2923184767, 0.0], [7.2502113964, 51.2925772137, 0.0], [7.2498827452, 51.2928405007, 0.0], [7.2494513071, 51.2930828915, 0.0], [7.2489888258, 51.2932827914, 0.0], [7.2484530902, 51.2934919346, 0.0], [7.2480525623, 51.2936152016, 0.0], [7.2475364513, 51.293741908, 0.0], [7.246997184, 51.2938269014, 0.0], [7.2464836275, 51.2938864254, 0.0], [7.2459957786, 51.2939204802, 0.0], [7.2455668625, 51.2939055737, 221.55]]}}, {"type": "Feature", "id": "https://registry.gdi-de.org/de.nw/radnetz/instances/Section_Wuppertal_1230065_846", "name": "", "dateprops": [], "properties": {"http://rdfs.org/ns/void#inDataset": ["https://registry.gdi-de.org/de.nw/radnetz/instances/exnw_dataset"], "http://www.opengis.net/ont/geosparql#hasGeometry": ["https://registry.gdi-de.org/de.nw/radnetz/instances/Section_Wuppertal_1230065_846_geometry"], "http://www.w3.org/1999/02/22-rdf-syntax-ns#type": ["https://registry.gdi-de.org/up3/ontology/Streckenabschnitt_optional"], "https://registry.gdi-de.org/up3/ontology/beginntBeiKnoten": ["https://registry.gdi-de.org/de.nw/radnetz/instances/Knoten_Wuppertal_1189691360"], "https://registry.gdi-de.org/up3/ontology/endetBeiKnoten": ["https://registry.gdi-de.org/de.nw/radnetz/instances/Knoten_Wuppertal_1189691358"], "https://registry.gdi-de.org/up3/ontology/geometrieAbschnitt": ["https://registry.gdi-de.org/de.nw/radnetz/instances/Section_Wuppertal_1230065_846_geometry"], "https://registry.gdi-de.org/up3/ontology/licht": ["https://registry.gdi-de.org/codelist/de.bund.balm.radnetz/Licht/0"], "https://registry.gdi-de.org/up3/ontology/quell-ID": ["1230065"], "https://registry.gdi-de.org/up3/ontology/steigung": ["1.307058"], "https://registry.gdi-de.org/up3/ontology/strecken-ID": ["Section_Wuppertal_1230065_846"]}, "geometry": {"type": "LineString", "coordinates": [[7.0507381282, 51.2868596429, 0.0], [7.0526242476, 51.2869607663, 0.0], [7.0533572002, 51.2871589054, 0.0], [7.0545297428, 51.2874805621, 0.0], [7.0559468248, 51.2879767135, 0.0]]}}, {"type": "Feature", "id": "https://registry.gdi-de.org/de.nw/radnetz/instances/Section_Wuppertal_1226993_1101_right", "name": "", "dateprops": [], "properties": {"http://rdfs.org/ns/void#inDataset": ["https://registry.gdi-de.org/de.nw/radnetz/instances/exnw_dataset"], "http://www.opengis.net/ont/geosparql#hasGeometry": ["https://registry.gdi-de.org/de.nw/radnetz/instances/Section_Wuppertal_1226993_1101_right_geometry"], "http://www.w3.org/1999/02/22-rdf-syntax-ns#type": ["https://registry.gdi-de.org/up3/ontology/Streckenabschnitt_optional"], "https://registry.gdi-de.org/up3/ontology/beginntBeiKnoten": ["https://registry.gdi-de.org/de.nw/radnetz/instances/Knoten_Wuppertal_9327"], "https://registry.gdi-de.org/up3/ontology/endetBeiKnoten": ["https://registry.gdi-de.org/de.nw/radnetz/instances/Knoten_Wuppertal_116450102"], "https://registry.gdi-de.org/up3/ontology/fuehrung": ["https://registry.gdi-de.org/codelist/de.bund.balm.radnetz/Fuehrung/401"], "https://registry.gdi-de.org/up3/ontology/geometrieAbschnitt": ["https://registry.gdi-de.org/de.nw/radnetz/instances/Section_Wuppertal_1226993_1101_right_geometry"], "https://registry.gdi-de.org/up3/ontology/licht": ["https://registry.gdi-de.org/codelist/de.bund.balm.radnetz/Licht/0"], "https://registry.gdi-de.org/up3/ontology/quell-ID": ["1226993"], "https://registry.gdi-de.org/up3/ontology/richtung": ["https://registry.gdi-de.org/codelist/de.bund.balm.radnetz/Richtung/2"], "https://registry.gdi-de.org/up3/ontology/steigung": ["0.0"], "https://registry.gdi-de.org/up3/ontology/strecken-ID": ["Section_Wuppertal_1226993_1101_right"]}, "geometry": {"type": "LineString", "coordinates": [[7.2512291056, 51.2556007312, 176.48], [7.2512618862, 51.2556035961, 176.48]]}}, {"type": "Feature", "id": "https://registry.gdi-de.org/de.nw/radnetz/instances/Section_Wuppertal_9999914_832", "name": "", "dateprops": [], "properties": {"http://rdfs.org/ns/void#inDataset": ["https://registry.gdi-de.org/de.nw/radnetz/instances/exnw_dataset"], "http://www.opengis.net/ont/geosparql#hasGeometry": ["https://registry.gdi-de.org/de.nw/radnetz/instances/Section_Wuppertal_9999914_832_geometry"], "http://www.w3.org/1999/02/22-rdf-syntax-ns#type": ["https://registry.gdi-de.org/up3/ontology/Streckenabschnitt_optional"], "https://registry.gdi-de.org/up3/ontology/beginntBeiKnoten": ["https://registry.gdi-de.org/de.nw/radnetz/instances/Knoten_Wuppertal_1189691383"], "https://registry.gdi-de.org/up3/ontology/endetBeiKnoten": ["https://registry.gdi-de.org/de.nw/radnetz/instances/Knoten_Wuppertal_1189691344"], "https://registry.gdi-de.org/up3/ontology/geometrieAbschnitt": ["https://registry.gdi-de.org/de.nw/radnetz/instances/Section_Wuppertal_9999914_832_geometry"], "https://registry.gdi-de.org/up3/ontology/licht": ["https://registry.gdi-de.org/codelist/de.bund.balm.radnetz/Licht/0"], "https://registry.gdi-de.org/up3/ontology/quell-ID": ["9999914"], "https://registry.gdi-de.org/up3/ontology/steigung": ["2.942309"], "https://registry.gdi-de.org/up3/ontology/strecken-ID": ["Section_Wuppertal_9999914_832"]}, "geometry": {"type": "LineString", "coordinates": [[7.1324445808, 51.1663416869, 0.0], [7.1316199028, 51.1672514001, 0.0], [7.1309670457, 51.1675979897, 0.0], [7.1298897519, 51.1679080369, 0.0], [7.130788501, 51.1685025649, 0.0], [7.1308959112, 51.1687720469, 0.0], [7.1303838999, 51.1697307944, 0.0], [7.1290079225, 51.1709881144, 0.0], [7.1278938052, 51.1722049831, 0.0], [7.1270941403, 51.1726682081, 0.0], [7.1264205359, 51.1729400599, 0.0], [7.12572944, 51.1736430287, 0.0], [7.1252656385, 51.1739926164, 0.0], [7.1248072589, 51.1742084058, 0.0], [7.1241141936, 51.1743758013, 0.0]]}}, {"type": "Feature", "id": "https://registry.gdi-de.org/de.nw/radnetz/instances/Section_Wuppertal_1226790_630_left", "name": "", "dateprops": [], "properties": {"http://rdfs.org/ns/void#inDataset": ["https://registry.gdi-de.org/de.nw/radnetz/instances/exnw_dataset"], "http://www.opengis.net/ont/geosparql#hasGeometry": ["https://registry.gdi-de.org/de.nw/radnetz/instances/Section_Wuppertal_1226790_630_left_geometry"], "http://www.w3.org/1999/02/22-rdf-syntax-ns#type": ["https://registry.gdi-de.org/up3/ontology/Streckenabschnitt_optional"], "https://registry.gdi-de.org/up3/ontology/beginntBeiKnoten": ["https://registry.gdi-de.org/de.nw/radnetz/instances/Knoten_Wuppertal_8659"], "https://registry.gdi-de.org/up3/ontology/endetBeiKnoten": ["https://registry.gdi-de.org/de.nw/radnetz/instances/Knoten_Wuppertal_115520102"], "https://registry.gdi-de.org/up3/ontology/geometrieAbschnitt": ["https://registry.gdi-de.org/de.nw/radnetz/instances/Section_Wuppertal_1226790_630_left_geometry"], "https://registry.gdi-de.org/up3/ontology/licht": ["https://registry.gdi-de.org/codelist/de.bund.balm.radnetz/Licht/0"], "https://registry.gdi-de.org/up3/ontology/quell-ID": ["1226790"], "https://registry.gdi-de.org/up3/ontology/richtung": ["https://registry.gdi-de.org/codelist/de.bund.balm.radnetz/Richtung/3"], "https://registry.gdi-de.org/up3/ontology/steigung": ["5.730964"], "https://registry.gdi-de.org/up3/ontology/strecken-ID": ["Section_Wuppertal_1226790_630_left"]}, "geometry": {"type": "LineString", "coordinates": [[7.2268223725, 51.2529312431, 196.72], [7.2267522074, 51.2528417928, 0.0], [7.226638778, 51.2526942133, 198.4]]}}, {"type": "Feature", "id": "https://registry.gdi-de.org/de.nw/radnetz/instances/Section_Wuppertal_9784_202_left", "name": "", "dateprops": [], "properties": {"http://rdfs.org/ns/void#inDataset": ["https://registry.gdi-de.org/de.nw/radnetz/instances/exnw_dataset"], "http://www.opengis.net/ont/geosparql#hasGeometry": ["https://registry.gdi-de.org/de.nw/radnetz/instances/Section_Wuppertal_9784_202_left_geometry"], "http://www.w3.org/1999/02/22-rdf-syntax-ns#type": ["https://registry.gdi-de.org/up3/ontology/Streckenabschnitt_optional"], "https://registry.gdi-de.org/up3/ontology/beginntBeiKnoten": ["https://registry.gdi-de.org/de.nw/radnetz/instances/Knoten_Wuppertal_2727"], "https://registry.gdi-de.org/up3/ontology/endetBeiKnoten": ["https://registry.gdi-de.org/de.nw/radnetz/instances/Knoten_Wuppertal_2775"], "https://registry.gdi-de.org/up3/ontology/geometrieAbschnitt": ["https://registry.gdi-de.org/de.nw/radnetz/instances/Section_Wuppertal_9784_202_left_geometry"], "https://registry.gdi-de.org/up3/ontology/licht": ["https://registry.gdi-de.org/codelist/de.bund.balm.radnetz/Licht/0"], "https://registry.gdi-de.org/up3/ontology/quell-ID": ["9784"], "https://registry.gdi-de.org/up3/ontology/richtung": ["https://registry.gdi-de.org/codelist/de.bund.balm.radnetz/Richtung/3"], "https://registry.gdi-de.org/up3/ontology/steigung": ["2.828963"], "https://registry.gdi-de.org/up3/ontology/strecken-ID": ["Section_Wuppertal_9784_202_left"]}, "geometry": {"type": "LineString", "coordinates": [[7.0734837163, 51.2797580245, 167.48], [7.0760755558, 51.2802453306, 172.82]]}}, {"type": "Feature", "id": "https://registry.gdi-de.org/de.nw/radnetz/instances/Section_Wuppertal_1229872_792", "name": "", "dateprops": [], "properties": {"http://rdfs.org/ns/void#inDataset": ["https://registry.gdi-de.org/de.nw/radnetz/instances/exnw_dataset"], "http://www.opengis.net/ont/geosparql#hasGeometry": ["https://registry.gdi-de.org/de.nw/radnetz/instances/Section_Wuppertal_1229872_792_geometry"], "http://www.w3.org/1999/02/22-rdf-syntax-ns#type": ["https://registry.gdi-de.org/up3/ontology/Streckenabschnitt_optional"], "https://registry.gdi-de.org/up3/ontology/beginntBeiKnoten": ["https://registry.gdi-de.org/de.nw/radnetz/instances/Knoten_Wuppertal_1189691281"], "https://registry.gdi-de.org/up3/ontology/endetBeiKnoten": ["https://registry.gdi-de.org/de.nw/radnetz/instances/Knoten_Wuppertal_1189691280"], "https://registry.gdi-de.org/up3/ontology/fuehrung": ["https://registry.gdi-de.org/codelist/de.bund.balm.radnetz/Fuehrung/401"], "https://registry.gdi-de.org/up3/ontology/geometrieAbschnitt": ["https://registry.gdi-de.org/de.nw/radnetz/instances/Section_Wuppertal_1229872_792_geometry"], "https://registry.gdi-de.org/up3/ontology/licht": ["https://registry.gdi-de.org/codelist/de.bund.balm.radnetz/Licht/0"], "https://registry.gdi-de.org/up3/ontology/quell-ID": ["1229872"], "https://registry.gdi-de.org/up3/ontology/steigung": ["0.4598793"], "https://registry.gdi-de.org/up3/ontology/strecken-ID": ["Section_Wuppertal_1229872_792"]}, "geometry": {"type": "LineString", "coordinates": [[7.1265961864, 51.1754623386, 127.01], [7.1270557169, 51.1753608335, 0.0], [7.127705386, 51.1751575371, 0.0], [7.1282072896, 51.1749599374, 0.0], [7.1285343232, 51.1748038887, 0.0], [7.1295713662, 51.1740624553, 0.0], [7.1298040331, 51.1738605418, 0.0], [7.1299257708, 51.1737052396, 0.0], [7.1300562009, 51.1734936266, 0.0], [7.1301848352, 51.1733263376, 0.0], [7.1304040236, 51.1731403359, 0.0], [7.130596917, 51.1729700411, 128.88]]}}, {"type": "Feature", "id": "https://registry.gdi-de.org/de.nw/radnetz/instances/Section_Wuppertal_10741_223", "name": "", "dateprops": [], "properties": {"http://rdfs.org/ns/void#inDataset": ["https://registry.gdi-de.org/de.nw/radnetz/instances/exnw_dataset"], "http://www.opengis.net/ont/geosparql#hasGeometry": ["https://registry.gdi-de.org/de.nw/radnetz/instances/Section_Wuppertal_10741_223_geometry"], "http://www.w3.org/1999/02/22-rdf-syntax-ns#type": ["https://registry.gdi-de.org/up3/ontology/Streckenabschnitt_optional"], "https://registry.gdi-de.org/up3/ontology/beginntBeiKnoten": ["https://registry.gdi-de.org/de.nw/radnetz/instances/Knoten_Wuppertal_8840"], "https://registry.gdi-de.org/up3/ontology/endetBeiKnoten": ["https://registry.gdi-de.org/de.nw/radnetz/instances/Knoten_Wuppertal_8837"], "https://registry.gdi-de.org/up3/ontology/fuehrung": ["https://registry.gdi-de.org/codelist/de.bund.balm.radnetz/Fuehrung/401"], "https://registry.gdi-de.org/up3/ontology/geometrieAbschnitt": ["https://registry.gdi-de.org/de.nw/radnetz/instances/Section_Wuppertal_10741_223_geometry"], "https://registry.gdi-de.org/up3/ontology/licht": ["https://registry.gdi-de.org/codelist/de.bund.balm.radnetz/Licht/0"], "https://registry.gdi-de.org/up3/ontology/quell-ID": ["10741"], "https://registry.gdi-de.org/up3/ontology/steigung": ["1.000424"], "https://registry.gdi-de.org/up3/ontology/strecken-ID": ["Section_Wuppertal_10741_223"]}, "geometry": {"type": "LineString", "coordinates": [[7.2344234138, 51.2263241718, 301.39], [7.2343133405, 51.226518967, 301.62]]}}, {"type": "Feature", "id": "https://registry.gdi-de.org/de.nw/radnetz/instances/Section_Wuppertal_1230032_836", "name": "", "dateprops": [], "properties": {"http://rdfs.org/ns/void#inDataset": ["https://registry.gdi-de.org/de.nw/radnetz/instances/exnw_dataset"], "http://www.opengis.net/ont/geosparql#hasGeometry": ["https://registry.gdi-de.org/de.nw/radnetz/instances/Section_Wuppertal_1230032_836_geometry"], "http://www.w3.org/1999/02/22-rdf-syntax-ns#type": ["https://registry.gdi-de.org/up3/ontology/Streckenabschnitt_optional"], "https://registry.gdi-de.org/up3/ontology/beginntBeiKnoten": ["https://registry.gdi-de.org/de.nw/radnetz/instances/Knoten_Wuppertal_1189691348"], "https://registry.gdi-de.org/up3/ontology/endetBeiKnoten": ["https://registry.gdi-de.org/de.nw/radnetz/instances/Knoten_Wuppertal_2788"], "https://registry.gdi-de.org/up3/ontology/geometrieAbschnitt": ["https://registry.gdi-de.org/de.nw/radnetz/instances/Section_Wuppertal_1230032_836_geometry"], "https://registry.gdi-de.org/up3/ontology/licht": ["https://registry.gdi-de.org/codelist/de.bund.balm.radnetz/Licht/0"], "https://registry.gdi-de.org/up3/ontology/quell-ID": ["1230032"], "https://registry.gdi-de.org/up3/ontology/steigung": ["0.592086"], "https://registry.gdi-de.org/up3/ontology/strecken-ID": ["Section_Wuppertal_1230032_836"]}, "geometry": {"type": "LineString", "coordinates": [[7.0564889913, 51.1860412972, 0.0], [7.0630211987, 51.1842405044, 0.0], [7.0651550719, 51.1836250007, 0.0], [7.0661539101, 51.183618276, 0.0], [7.0685493866, 51.1838205651, 0.0], [7.0695842176, 51.1838376495, 0.0], [7.0703992405, 51.1838046113, 0.0], [7.0710712773, 51.1836529906, 0.0], [7.072168266, 51.1830667417, 0.0], [7.07508079, 51.1815108992, 0.0], [7.0767300834, 51.1809801838, 0.0], [7.0774380507, 51.1808523618, 0.0], [7.0790728088, 51.1806700296, 0.0], [7.0806676788, 51.1807538503, 0.01]]}}, {"type": "Feature", "id": "https://registry.gdi-de.org/de.nw/radnetz/instances/Section_Wuppertal_1226076_535_right", "name": "", "dateprops": [], "properties": {"http://rdfs.org/ns/void#inDataset": ["https://registry.gdi-de.org/de.nw/radnetz/instances/exnw_dataset"], "http://www.opengis.net/ont/geosparql#hasGeometry": ["https://registry.gdi-de.org/de.nw/radnetz/instances/Section_Wuppertal_1226076_535_right_geometry"], "http://www.w3.org/1999/02/22-rdf-syntax-ns#type": ["https://registry.gdi-de.org/up3/ontology/Streckenabschnitt_optional"], "https://registry.gdi-de.org/up3/ontology/beginntBeiKnoten": ["https://registry.gdi-de.org/de.nw/radnetz/instances/Knoten_Wuppertal_116480101"], "https://registry.gdi-de.org/up3/ontology/endetBeiKnoten": ["https://registry.gdi-de.org/de.nw/radnetz/instances/Knoten_Wuppertal_9750"], "https://registry.gdi-de.org/up3/ontology/fuehrung": ["https://registry.gdi-de.org/codelist/de.bund.balm.radnetz/Fuehrung/401"], "https://registry.gdi-de.org/up3/ontology/geometrieAbschnitt": ["https://registry.gdi-de.org/de.nw/radnetz/instances/Section_Wuppertal_1226076_535_right_geometry"], "https://registry.gdi-de.org/up3/ontology/licht": ["https://registry.gdi-de.org/codelist/de.bund.balm.radnetz/Licht/0"], "https://registry.gdi-de.org/up3/ontology/quell-ID": ["1226076"], "https://registry.gdi-de.org/up3/ontology/richtung": ["https://registry.gdi-de.org/codelist/de.bund.balm.radnetz/Richtung/2"], "https://registry.gdi-de.org/up3/ontology/steigung": ["0.4568354"], "https://registry.gdi-de.org/up3/ontology/strecken-ID": ["Section_Wuppertal_1226076_535_right"]}, "geometry": {"type": "LineString", "coordinates": [[7.2689644712, 51.2540717619, 180.65], [7.2693603671, 51.2541516958, 0.0], [7.2699381389, 51.2543252147, 0.0], [7.2706650546, 51.2547128383, 0.0], [7.2711495379, 51.2551390479, 0.0], [7.2716143801, 51.2561336478, 0.0], [7.2717897511, 51.2580564181, 0.0], [7.2720668432, 51.2595170886, 0.0], [7.2724617541, 51.2599751079, 0.0], [7.2733857727, 51.2602077394, 0.0], [7.2741461857, 51.2601388742, 0.0], [7.2748567148, 51.2599645573, 184.88]]}}, {"type": "Feature", "id": "https://registry.gdi-de.org/de.nw/radnetz/instances/Section_Wuppertal_1226428_1003_right", "name": "", "dateprops": [], "properties": {"http://rdfs.org/ns/void#inDataset": ["https://registry.gdi-de.org/de.nw/radnetz/instances/exnw_dataset"], "http://www.opengis.net/ont/geosparql#hasGeometry": ["https://registry.gdi-de.org/de.nw/radnetz/instances/Section_Wuppertal_1226428_1003_right_geometry"], "http://www.w3.org/1999/02/22-rdf-syntax-ns#type": ["https://registry.gdi-de.org/up3/ontology/Streckenabschnitt_optional"], "https://registry.gdi-de.org/up3/ontology/beginntBeiKnoten": ["https://registry.gdi-de.org/de.nw/radnetz/instances/Knoten_Wuppertal_114310101"], "https://registry.gdi-de.org/up3/ontology/endetBeiKnoten": ["https://registry.gdi-de.org/de.nw/radnetz/instances/Knoten_Wuppertal_114310102"], "https://registry.gdi-de.org/up3/ontology/fuehrung": ["https://registry.gdi-de.org/codelist/de.bund.balm.radnetz/Fuehrung/405"], "https://registry.gdi-de.org/up3/ontology/geometrieAbschnitt": ["https://registry.gdi-de.org/de.nw/radnetz/instances/Section_Wuppertal_1226428_1003_right_geometry"], "https://registry.gdi-de.org/up3/ontology/licht": ["https://registry.gdi-de.org/codelist/de.bund.balm.radnetz/Licht/0"], "https://registry.gdi-de.org/up3/ontology/quell-ID": ["1226428"], "https://registry.gdi-de.org/up3/ontology/richtung": ["https://registry.gdi-de.org/codelist/de.bund.balm.radnetz/Richtung/2"], "https://registry.gdi-de.org/up3/ontology/steigung": ["8.946798"], "https://registry.gdi-de.org/up3/ontology/strecken-ID": ["Section_Wuppertal_1226428_1003_right"]}, "geometry": {"type": "LineString", "coordinates": [[7.1138414382, 51.200275464, 0.0], [7.1165910096, 51.2019104959, 0.0]]}}, {"type": "Feature", "id": "https://registry.gdi-de.org/de.nw/radnetz/instances/Section_Wuppertal_1230059_843_left", "name": "", "dateprops": [], "properties": {"http://rdfs.org/ns/void#inDataset": ["https://registry.gdi-de.org/de.nw/radnetz/instances/exnw_dataset"], "http://www.opengis.net/ont/geosparql#hasGeometry": ["https://registry.gdi-de.org/de.nw/radnetz/instances/Section_Wuppertal_1230059_843_left_geometry"], "http://www.w3.org/1999/02/22-rdf-syntax-ns#type": ["https://registry.gdi-de.org/up3/ontology/Streckenabschnitt_optional"], "https://registry.gdi-de.org/up3/ontology/beginntBeiKnoten": ["https://registry.gdi-de.org/de.nw/radnetz/instances/Knoten_Wuppertal_2775"], "https://registry.gdi-de.org/up3/ontology/endetBeiKnoten": ["https://registry.gdi-de.org/de.nw/radnetz/instances/Knoten_Wuppertal_1189691357"], "https://registry.gdi-de.org/up3/ontology/geometrieAbschnitt": ["https://registry.gdi-de.org/de.nw/radnetz/instances/Section_Wuppertal_1230059_843_left_geometry"], "https://registry.gdi-de.org/up3/ontology/licht": ["https://registry.gdi-de.org/codelist/de.bund.balm.radnetz/Licht/0"], "https://registry.gdi-de.org/up3/ontology/quell-ID": ["1230059"], "https://registry.gdi-de.org/up3/ontology/richtung": ["https://registry.gdi-de.org/codelist/de.bund.balm.radnetz/Richtung/3"], "https://registry.gdi-de.org/up3/ontology/steigung": ["3.335773"], "https://registry.gdi-de.org/up3/ontology/strecken-ID": ["Section_Wuppertal_1230059_843_left"]}, "geometry": {"type": "LineString", "coordinates": [[7.0760755558, 51.2802453306, 172.82], [7.0791723048, 51.2805236684, 0.0]]}}, {"type": "Feature", "id": "https://registry.gdi-de.org/de.nw/radnetz/instances/Section_Wuppertal_1229795_1004_right", "name": "", "dateprops": [], "properties": {"http://rdfs.org/ns/void#inDataset": ["https://registry.gdi-de.org/de.nw/radnetz/instances/exnw_dataset"], "http://www.opengis.net/ont/geosparql#hasGeometry": ["https://registry.gdi-de.org/de.nw/radnetz/instances/Section_Wuppertal_1229795_1004_right_geometry"], "http://www.w3.org/1999/02/22-rdf-syntax-ns#type": ["https://registry.gdi-de.org/up3/ontology/Streckenabschnitt_optional"], "https://registry.gdi-de.org/up3/ontology/beginntBeiKnoten": ["https://registry.gdi-de.org/de.nw/radnetz/instances/Knoten_Wuppertal_3505"], "https://registry.gdi-de.org/up3/ontology/endetBeiKnoten": ["https://registry.gdi-de.org/de.nw/radnetz/instances/Knoten_Wuppertal_114310101"], "https://registry.gdi-de.org/up3/ontology/fuehrung": ["https://registry.gdi-de.org/codelist/de.bund.balm.radnetz/Fuehrung/405"], "https://registry.gdi-de.org/up3/ontology/geometrieAbschnitt": ["https://registry.gdi-de.org/de.nw/radnetz/instances/Section_Wuppertal_1229795_1004_right_geometry"], "https://registry.gdi-de.org/up3/ontology/licht": ["https://registry.gdi-de.org/codelist/de.bund.balm.radnetz/Licht/0"], "https://registry.gdi-de.org/up3/ontology/quell-ID": ["1229795"], "https://registry.gdi-de.org/up3/ontology/richtung": ["https://registry.gdi-de.org/codelist/de.bund.balm.radnetz/Richtung/2"], "https://registry.gdi-de.org/up3/ontology/steigung": ["8.755484"], "https://registry.gdi-de.org/up3/ontology/strecken-ID": ["Section_Wuppertal_1229795_1004_right"]}, "geometry": {"type": "LineString", "coordinates": [[7.1136277391, 51.1939926767, 0.0], [7.1138837398, 51.1944040369, 0.0], [7.1143746045, 51.1951813945, 0.0], [7.1143876363, 51.1957205919, 0.0], [7.1143826625, 51.1961071581, 0.0], [7.1144862742, 51.1968432511, 0.0], [7.114188665, 51.1973764236, 0.0], [7.113846343, 51.1975954277, 0.0], [7.1131977679, 51.197988686, 0.0], [7.1129043188, 51.1981577736, 0.0], [7.112570357, 51.198351038, 0.0], [7.1122569023, 51.1985260092, 0.0], [7.1121529596, 51.1986515933, 0.0], [7.1120935791, 51.1987747929, 0.0], [7.1120371041, 51.1989477027, 0.0], [7.1120467165, 51.1990751193, 0.0], [7.1120830426, 51.1991533046, 0.0], [7.1121816507, 51.199279054, 0.0], [7.1123444437, 51.199405839, 0.0], [7.1127062385, 51.1996196409, 0.0], [7.1138414382, 51.200275464, 0.0]]}}, {"type": "Feature", "id": "https://registry.gdi-de.org/de.nw/radnetz/instances/Section_Wuppertal_1229803_772", "name": "", "dateprops": [], "properties": {"http://rdfs.org/ns/void#inDataset": ["https://registry.gdi-de.org/de.nw/radnetz/instances/exnw_dataset"], "http://www.opengis.net/ont/geosparql#hasGeometry": ["https://registry.gdi-de.org/de.nw/radnetz/instances/Section_Wuppertal_1229803_772_geometry"], "http://www.w3.org/1999/02/22-rdf-syntax-ns#type": ["https://registry.gdi-de.org/up3/ontology/Streckenabschnitt_optional"], "https://registry.gdi-de.org/up3/ontology/beginntBeiKnoten": ["https://registry.gdi-de.org/de.nw/radnetz/instances/Knoten_Wuppertal_118340101"], "https://registry.gdi-de.org/up3/ontology/endetBeiKnoten": ["https://registry.gdi-de.org/de.nw/radnetz/instances/Knoten_Wuppertal_1189691246"], "https://registry.gdi-de.org/up3/ontology/fuehrung": ["https://registry.gdi-de.org/codelist/de.bund.balm.radnetz/Fuehrung/401"], "https://registry.gdi-de.org/up3/ontology/geometrieAbschnitt": ["https://registry.gdi-de.org/de.nw/radnetz/instances/Section_Wuppertal_1229803_772_geometry"], "https://registry.gdi-de.org/up3/ontology/licht": ["https://registry.gdi-de.org/codelist/de.bund.balm.radnetz/Licht/0"], "https://registry.gdi-de.org/up3/ontology/quell-ID": ["1229803"], "https://registry.gdi-de.org/up3/ontology/steigung": ["2.416165"], "https://registry.gdi-de.org/up3/ontology/strecken-ID": ["Section_Wuppertal_1229803_772"]}, "geometry": {"type": "LineString", "coordinates": [[7.1022714263, 51.2912254695, 226.26], [7.1027184735, 51.2910789894, 227.11]]}}, {"type": "Feature", "id": "https://registry.gdi-de.org/de.nw/radnetz/instances/Section_Wuppertal_1229957_823", "name": "", "dateprops": [], "properties": {"http://rdfs.org/ns/void#inDataset": ["https://registry.gdi-de.org/de.nw/radnetz/instances/exnw_dataset"], "http://www.opengis.net/ont/geosparql#hasGeometry": ["https://registry.gdi-de.org/de.nw/radnetz/instances/Section_Wuppertal_1229957_823_geometry"], "http://www.w3.org/1999/02/22-rdf-syntax-ns#type": ["https://registry.gdi-de.org/up3/ontology/Streckenabschnitt_optional"], "https://registry.gdi-de.org/up3/ontology/beginntBeiKnoten": ["https://registry.gdi-de.org/de.nw/radnetz/instances/Knoten_Wuppertal_1189691313"], "https://registry.gdi-de.org/up3/ontology/endetBeiKnoten": ["https://registry.gdi-de.org/de.nw/radnetz/instances/Knoten_Wuppertal_60303"], "https://registry.gdi-de.org/up3/ontology/geometrieAbschnitt": ["https://registry.gdi-de.org/de.nw/radnetz/instances/Section_Wuppertal_1229957_823_geometry"], "https://registry.gdi-de.org/up3/ontology/licht": ["https://registry.gdi-de.org/codelist/de.bund.balm.radnetz/Licht/0"], "https://registry.gdi-de.org/up3/ontology/quell-ID": ["1229957"], "https://registry.gdi-de.org/up3/ontology/steigung": ["2.526541"], "https://registry.gdi-de.org/up3/ontology/strecken-ID": ["Section_Wuppertal_1229957_823"]}, "geometry": {"type": "LineString", "coordinates": [[7.1120998023, 51.2450282932, 0.0], [7.1120364958, 51.2448139871, 0.0], [7.1120578968, 51.2445428788, 0.0], [7.1121510663, 51.2442793927, 0.0], [7.1123170613, 51.2439976902, 0.0], [7.1125899256, 51.2436207649, 0.0], [7.1129804728, 51.2431358626, 0.0], [7.1133631001, 51.2425926626, 0.0], [7.1137428127, 51.2421205099, 0.0], [7.1139932034, 51.2417674539, 198.41]]}}, {"type": "Feature", "id": "https://registry.gdi-de.org/de.nw/radnetz/instances/Section_Wuppertal_1223110_336", "name": "", "dateprops": [], "properties": {"http://rdfs.org/ns/void#inDataset": ["https://registry.gdi-de.org/de.nw/radnetz/instances/exnw_dataset"], "http://www.opengis.net/ont/geosparql#hasGeometry": ["https://registry.gdi-de.org/de.nw/radnetz/instances/Section_Wuppertal_1223110_336_geometry"], "http://www.w3.org/1999/02/22-rdf-syntax-ns#type": ["https://registry.gdi-de.org/up3/ontology/Streckenabschnitt_optional"], "https://registry.gdi-de.org/up3/ontology/beginntBeiKnoten": ["https://registry.gdi-de.org/de.nw/radnetz/instances/Knoten_Wuppertal_60274"], "https://registry.gdi-de.org/up3/ontology/endetBeiKnoten": ["https://registry.gdi-de.org/de.nw/radnetz/instances/Knoten_Wuppertal_60273"], "https://registry.gdi-de.org/up3/ontology/fuehrung": ["https://registry.gdi-de.org/codelist/de.bund.balm.radnetz/Fuehrung/401"], "https://registry.gdi-de.org/up3/ontology/geometrieAbschnitt": ["https://registry.gdi-de.org/de.nw/radnetz/instances/Section_Wuppertal_1223110_336_geometry"], "https://registry.gdi-de.org/up3/ontology/licht": ["https://registry.gdi-de.org/codelist/de.bund.balm.radnetz/Licht/0"], "https://registry.gdi-de.org/up3/ontology/quell-ID": ["1223110"], "https://registry.gdi-de.org/up3/ontology/steigung": ["7.468405"], "https://registry.gdi-de.org/up3/ontology/strecken-ID": ["Section_Wuppertal_1223110_336"]}, "geometry": {"type": "LineString", "coordinates": [[7.2238323947, 51.2808915522, 188.93], [7.2236426664, 51.2809077339, 0.0], [7.2235267758, 51.2809356242, 0.0], [7.22341154, 51.2809465824, 0.0], [7.2233144843, 51.2809239308, 0.0], [7.2232615482, 51.2808955961, 0.0], [7.2232160156, 51.280850431, 0.0], [7.2231822065, 51.2807919741, 0.0], [7.2229397129, 51.2806598692, 0.0], [7.2228723789, 51.2806546113, 0.0], [7.2228212042, 51.280713761, 195.63]]}}, {"type": "Feature", "id": "https://registry.gdi-de.org/de.nw/radnetz/instances/Section_Wuppertal_831_879_right", "name": "", "dateprops": [], "properties": {"http://rdfs.org/ns/void#inDataset": ["https://registry.gdi-de.org/de.nw/radnetz/instances/exnw_dataset"], "http://www.opengis.net/ont/geosparql#hasGeometry": ["https://registry.gdi-de.org/de.nw/radnetz/instances/Section_Wuppertal_831_879_right_geometry"], "http://www.w3.org/1999/02/22-rdf-syntax-ns#type": ["https://registry.gdi-de.org/up3/ontology/Streckenabschnitt_optional"], "https://registry.gdi-de.org/up3/ontology/beginntBeiKnoten": ["https://registry.gdi-de.org/de.nw/radnetz/instances/Knoten_Wuppertal_2175"], "https://registry.gdi-de.org/up3/ontology/endetBeiKnoten": ["https://registry.gdi-de.org/de.nw/radnetz/instances/Knoten_Wuppertal_2226"], "https://registry.gdi-de.org/up3/ontology/fuehrung": ["https://registry.gdi-de.org/codelist/de.bund.balm.radnetz/Fuehrung/401"], "https://registry.gdi-de.org/up3/ontology/geometrieAbschnitt": ["https://registry.gdi-de.org/de.nw/radnetz/instances/Section_Wuppertal_831_879_right_geometry"], "https://registry.gdi-de.org/up3/ontology/licht": ["https://registry.gdi-de.org/codelist/de.bund.balm.radnetz/Licht/0"], "https://registry.gdi-de.org/up3/ontology/quell-ID": ["831"], "https://registry.gdi-de.org/up3/ontology/richtung": ["https://registry.gdi-de.org/codelist/de.bund.balm.radnetz/Richtung/2"], "https://registry.gdi-de.org/up3/ontology/steigung": ["0.2643228"], "https://registry.gdi-de.org/up3/ontology/strecken-ID": ["Section_Wuppertal_831_879_right"]}, "geometry": {"type": "LineString", "coordinates": [[7.049113616, 51.2194987888, 174.89], [7.050049615, 51.2201063857, 0.0], [7.0527721674, 51.2213544527, 0.0], [7.0532405624, 51.2216685964, 0.0], [7.0536603156, 51.2220343318, 176.01]]}}, {"type": "Feature", "id": "https://registry.gdi-de.org/de.nw/radnetz/instances/Section_Wuppertal_1223037_310", "name": "", "dateprops": [], "properties": {"http://rdfs.org/ns/void#inDataset": ["https://registry.gdi-de.org/de.nw/radnetz/instances/exnw_dataset"], "http://www.opengis.net/ont/geosparql#hasGeometry": ["https://registry.gdi-de.org/de.nw/radnetz/instances/Section_Wuppertal_1223037_310_geometry"], "http://www.w3.org/1999/02/22-rdf-syntax-ns#type": ["https://registry.gdi-de.org/up3/ontology/Streckenabschnitt_optional"], "https://registry.gdi-de.org/up3/ontology/beginntBeiKnoten": ["https://registry.gdi-de.org/de.nw/radnetz/instances/Knoten_Wuppertal_60239"], "https://registry.gdi-de.org/up3/ontology/endetBeiKnoten": ["https://registry.gdi-de.org/de.nw/radnetz/instances/Knoten_Wuppertal_60238"], "https://registry.gdi-de.org/up3/ontology/fuehrung": ["https://registry.gdi-de.org/codelist/de.bund.balm.radnetz/Fuehrung/401"], "https://registry.gdi-de.org/up3/ontology/geometrieAbschnitt": ["https://registry.gdi-de.org/de.nw/radnetz/instances/Section_Wuppertal_1223037_310_geometry"], "https://registry.gdi-de.org/up3/ontology/licht": ["https://registry.gdi-de.org/codelist/de.bund.balm.radnetz/Licht/0"], "https://registry.gdi-de.org/up3/ontology/quell-ID": ["1223037"], "https://registry.gdi-de.org/up3/ontology/steigung": ["1.340268"], "https://registry.gdi-de.org/up3/ontology/strecken-ID": ["Section_Wuppertal_1223037_310"]}, "geometry": {"type": "LineString", "coordinates": [[7.1387696389, 51.2659652541, 176.37], [7.1387826586, 51.2658111915, 176.6]]}}, {"type": "Feature", "id": "https://registry.gdi-de.org/de.nw/radnetz/instances/Section_Wuppertal_7407_153_right", "name": "", "dateprops": [], "properties": {"http://rdfs.org/ns/void#inDataset": ["https://registry.gdi-de.org/de.nw/radnetz/instances/exnw_dataset"], "http://www.opengis.net/ont/geosparql#hasGeometry": ["https://registry.gdi-de.org/de.nw/radnetz/instances/Section_Wuppertal_7407_153_right_geometry"], "http://www.w3.org/1999/02/22-rdf-syntax-ns#type": ["https://registry.gdi-de.org/up3/ontology/Streckenabschnitt_optional"], "https://registry.gdi-de.org/up3/ontology/beginntBeiKnoten": ["https://registry.gdi-de.org/de.nw/radnetz/instances/Knoten_Wuppertal_9500"], "https://registry.gdi-de.org/up3/ontology/endetBeiKnoten": ["https://registry.gdi-de.org/de.nw/radnetz/instances/Knoten_Wuppertal_9545"], "https://registry.gdi-de.org/up3/ontology/fuehrung": ["https://registry.gdi-de.org/codelist/de.bund.balm.radnetz/Fuehrung/401"], "https://registry.gdi-de.org/up3/ontology/geometrieAbschnitt": ["https://registry.gdi-de.org/de.nw/radnetz/instances/Section_Wuppertal_7407_153_right_geometry"], "https://registry.gdi-de.org/up3/ontology/licht": ["https://registry.gdi-de.org/codelist/de.bund.balm.radnetz/Licht/0"], "https://registry.gdi-de.org/up3/ontology/quell-ID": ["7407"], "https://registry.gdi-de.org/up3/ontology/richtung": ["https://registry.gdi-de.org/codelist/de.bund.balm.radnetz/Richtung/2"], "https://registry.gdi-de.org/up3/ontology/steigung": ["0.8728333"], "https://registry.gdi-de.org/up3/ontology/strecken-ID": ["Section_Wuppertal_7407_153_right"]}, "geometry": {"type": "LineString", "coordinates": [[7.2573887427, 51.2832620162, 181.25], [7.2596697315, 51.2837584563, 182.72]]}}, {"type": "Feature", "id": "https://registry.gdi-de.org/de.nw/radnetz/instances/Section_Wuppertal_1226789_629_left", "name": "", "dateprops": [], "properties": {"http://rdfs.org/ns/void#inDataset": ["https://registry.gdi-de.org/de.nw/radnetz/instances/exnw_dataset"], "http://www.opengis.net/ont/geosparql#hasGeometry": ["https://registry.gdi-de.org/de.nw/radnetz/instances/Section_Wuppertal_1226789_629_left_geometry"], "http://www.w3.org/1999/02/22-rdf-syntax-ns#type": ["https://registry.gdi-de.org/up3/ontology/Streckenabschnitt_optional"], "https://registry.gdi-de.org/up3/ontology/beginntBeiKnoten": ["https://registry.gdi-de.org/de.nw/radnetz/instances/Knoten_Wuppertal_115520102"], "https://registry.gdi-de.org/up3/ontology/endetBeiKnoten": ["https://registry.gdi-de.org/de.nw/radnetz/instances/Knoten_Wuppertal_8651"], "https://registry.gdi-de.org/up3/ontology/geometrieAbschnitt": ["https://registry.gdi-de.org/de.nw/radnetz/instances/Section_Wuppertal_1226789_629_left_geometry"], "https://registry.gdi-de.org/up3/ontology/licht": ["https://registry.gdi-de.org/codelist/de.bund.balm.radnetz/Licht/0"], "https://registry.gdi-de.org/up3/ontology/quell-ID": ["1226789"], "https://registry.gdi-de.org/up3/ontology/richtung": ["https://registry.gdi-de.org/codelist/de.bund.balm.radnetz/Richtung/3"], "https://registry.gdi-de.org/up3/ontology/steigung": ["5.671943"], "https://registry.gdi-de.org/up3/ontology/strecken-ID": ["Section_Wuppertal_1226789_629_left"]}, "geometry": {"type": "LineString", "coordinates": [[7.226638778, 51.2526942133, 198.4], [7.2260313601, 51.2519039043, 0.0], [7.2257121485, 51.2511334138, 0.0], [7.2256081601, 51.2505600793, 0.0], [7.2257357382, 51.2496189509, 0.0], [7.22630989, 51.2486900854, 0.0], [7.2267115278, 51.2476997814, 231.29]]}}, {"type": "Feature", "id": "https://registry.gdi-de.org/de.nw/radnetz/instances/Section_Wuppertal_1223351_371", "name": "", "dateprops": [], "properties": {"http://rdfs.org/ns/void#inDataset": ["https://registry.gdi-de.org/de.nw/radnetz/instances/exnw_dataset"], "http://www.opengis.net/ont/geosparql#hasGeometry": ["https://registry.gdi-de.org/de.nw/radnetz/instances/Section_Wuppertal_1223351_371_geometry"], "http://www.w3.org/1999/02/22-rdf-syntax-ns#type": ["https://registry.gdi-de.org/up3/ontology/Streckenabschnitt_optional"], "https://registry.gdi-de.org/up3/ontology/beginntBeiKnoten": ["https://registry.gdi-de.org/de.nw/radnetz/instances/Knoten_Wuppertal_60305"], "https://registry.gdi-de.org/up3/ontology/endetBeiKnoten": ["https://registry.gdi-de.org/de.nw/radnetz/instances/Knoten_Wuppertal_60306"], "https://registry.gdi-de.org/up3/ontology/geometrieAbschnitt": ["https://registry.gdi-de.org/de.nw/radnetz/instances/Section_Wuppertal_1223351_371_geometry"], "https://registry.gdi-de.org/up3/ontology/licht": ["https://registry.gdi-de.org/codelist/de.bund.balm.radnetz/Licht/0"], "https://registry.gdi-de.org/up3/ontology/quell-ID": ["1223351"], "https://registry.gdi-de.org/up3/ontology/steigung": ["2.303896"], "https://registry.gdi-de.org/up3/ontology/strecken-ID": ["Section_Wuppertal_1223351_371"]}, "geometry": {"type": "LineString", "coordinates": [[7.1103323869, 51.2374826354, 208.78], [7.1098044718, 51.237463082, 0.0], [7.1093779019, 51.2374528818, 0.0], [7.1090153623, 51.2374238588, 0.0], [7.1085488197, 51.2373600631, 0.0], [7.1081991235, 51.23727499, 0.0], [7.1078459244, 51.2371468404, 0.0], [7.1075930879, 51.2370136948, 0.0], [7.1072854292, 51.2368035515, 0.0], [7.1070877196, 51.2366117319, 0.0], [7.1069784797, 51.2364478165, 0.0], [7.1068696464, 51.23627398, 0.0], [7.1067997262, 51.2360511351, 0.0], [7.1067740929, 51.2359051178, 0.0], [7.1067865571, 51.2357299352, 0.0], [7.1068161809, 51.2355219379, 0.0], [7.1068782571, 51.2353895957, 0.0], [7.106906524, 51.2353293346, 0.0], [7.1069086105, 51.2353248843, 0.0], [7.106943747, 51.2352394149, 0.0], [7.1070754351, 51.2350803766, 218.87]]}}, {"type": "Feature", "id": "https://registry.gdi-de.org/de.nw/radnetz/instances/Section_Wuppertal_1223420_909_left", "name": "", "dateprops": [], "properties": {"http://rdfs.org/ns/void#inDataset": ["https://registry.gdi-de.org/de.nw/radnetz/instances/exnw_dataset"], "http://www.opengis.net/ont/geosparql#hasGeometry": ["https://registry.gdi-de.org/de.nw/radnetz/instances/Section_Wuppertal_1223420_909_left_geometry"], "http://www.w3.org/1999/02/22-rdf-syntax-ns#type": ["https://registry.gdi-de.org/up3/ontology/Streckenabschnitt_optional"], "https://registry.gdi-de.org/up3/ontology/beginntBeiKnoten": ["https://registry.gdi-de.org/de.nw/radnetz/instances/Knoten_Wuppertal_117080101"], "https://registry.gdi-de.org/up3/ontology/endetBeiKnoten": ["https://registry.gdi-de.org/de.nw/radnetz/instances/Knoten_Wuppertal_2997"], "https://registry.gdi-de.org/up3/ontology/geometrieAbschnitt": ["https://registry.gdi-de.org/de.nw/radnetz/instances/Section_Wuppertal_1223420_909_left_geometry"], "https://registry.gdi-de.org/up3/ontology/licht": ["https://registry.gdi-de.org/codelist/de.bund.balm.radnetz/Licht/0"], "https://registry.gdi-de.org/up3/ontology/quell-ID": ["1223420"], "https://registry.gdi-de.org/up3/ontology/richtung": ["https://registry.gdi-de.org/codelist/de.bund.balm.radnetz/Richtung/3"], "https://registry.gdi-de.org/up3/ontology/steigung": ["0.6591639"], "https://registry.gdi-de.org/up3/ontology/strecken-ID": ["Section_Wuppertal_1223420_909_left"]}, "geometry": {"type": "LineString", "coordinates": [[7.0880959683, 51.2833447648, 194.9], [7.0885245994, 51.2835545346, 195.15]]}}, {"type": "Feature", "id": "https://registry.gdi-de.org/de.nw/radnetz/instances/Section_Wuppertal_1230048_842", "name": "", "dateprops": [], "properties": {"http://rdfs.org/ns/void#inDataset": ["https://registry.gdi-de.org/de.nw/radnetz/instances/exnw_dataset"], "http://www.opengis.net/ont/geosparql#hasGeometry": ["https://registry.gdi-de.org/de.nw/radnetz/instances/Section_Wuppertal_1230048_842_geometry"], "http://www.w3.org/1999/02/22-rdf-syntax-ns#type": ["https://registry.gdi-de.org/up3/ontology/Streckenabschnitt_optional"], "https://registry.gdi-de.org/up3/ontology/beginntBeiKnoten": ["https://registry.gdi-de.org/de.nw/radnetz/instances/Knoten_Wuppertal_1189691353"], "https://registry.gdi-de.org/up3/ontology/endetBeiKnoten": ["https://registry.gdi-de.org/de.nw/radnetz/instances/Knoten_Wuppertal_119240101"], "https://registry.gdi-de.org/up3/ontology/geometrieAbschnitt": ["https://registry.gdi-de.org/de.nw/radnetz/instances/Section_Wuppertal_1230048_842_geometry"], "https://registry.gdi-de.org/up3/ontology/licht": ["https://registry.gdi-de.org/codelist/de.bund.balm.radnetz/Licht/0"], "https://registry.gdi-de.org/up3/ontology/quell-ID": ["1230048"], "https://registry.gdi-de.org/up3/ontology/steigung": ["2.500481"], "https://registry.gdi-de.org/up3/ontology/strecken-ID": ["Section_Wuppertal_1230048_842"]}, "geometry": {"type": "LineString", "coordinates": [[7.0314955845, 51.2376170712, 0.0], [7.0348650395, 51.2367046819, 0.0], [7.0370629845, 51.2350854705, 0.0], [7.0385824473, 51.2341812077, 0.0], [7.0403892003, 51.2330493018, 0.0], [7.041277745, 51.2328317445, 0.0], [7.0415613873, 51.2326912206, 0.0], [7.0431028587, 51.2312642879, 0.0], [7.0442823227, 51.2306527524, 200.8]]}}, {"type": "Feature", "id": "https://registry.gdi-de.org/de.nw/radnetz/instances/Section_Wuppertal_1224765_429_left", "name": "", "dateprops": [], "properties": {"http://rdfs.org/ns/void#inDataset": ["https://registry.gdi-de.org/de.nw/radnetz/instances/exnw_dataset"], "http://www.opengis.net/ont/geosparql#hasGeometry": ["https://registry.gdi-de.org/de.nw/radnetz/instances/Section_Wuppertal_1224765_429_left_geometry"], "http://www.w3.org/1999/02/22-rdf-syntax-ns#type": ["https://registry.gdi-de.org/up3/ontology/Streckenabschnitt_optional"], "https://registry.gdi-de.org/up3/ontology/beginntBeiKnoten": ["https://registry.gdi-de.org/de.nw/radnetz/instances/Knoten_Wuppertal_8700"], "https://registry.gdi-de.org/up3/ontology/endetBeiKnoten": ["https://registry.gdi-de.org/de.nw/radnetz/instances/Knoten_Wuppertal_115530102"], "https://registry.gdi-de.org/up3/ontology/geometrieAbschnitt": ["https://registry.gdi-de.org/de.nw/radnetz/instances/Section_Wuppertal_1224765_429_left_geometry"], "https://registry.gdi-de.org/up3/ontology/licht": ["https://registry.gdi-de.org/codelist/de.bund.balm.radnetz/Licht/0"], "https://registry.gdi-de.org/up3/ontology/quell-ID": ["1224765"], "https://registry.gdi-de.org/up3/ontology/richtung": ["https://registry.gdi-de.org/codelist/de.bund.balm.radnetz/Richtung/3"], "https://registry.gdi-de.org/up3/ontology/steigung": ["5.081537"], "https://registry.gdi-de.org/up3/ontology/strecken-ID": ["Section_Wuppertal_1224765_429_left"]}, "geometry": {"type": "LineString", "coordinates": [[7.2290843431, 51.2435828949, 259.5], [7.2292747788, 51.2434831309, 260.38]]}}, {"type": "Feature", "id": "https://registry.gdi-de.org/de.nw/radnetz/instances/Section_Wuppertal_976_25_right", "name": "", "dateprops": [], "properties": {"http://rdfs.org/ns/void#inDataset": ["https://registry.gdi-de.org/de.nw/radnetz/instances/exnw_dataset"], "http://www.opengis.net/ont/geosparql#hasGeometry": ["https://registry.gdi-de.org/de.nw/radnetz/instances/Section_Wuppertal_976_25_right_geometry"], "http://www.w3.org/1999/02/22-rdf-syntax-ns#type": ["https://registry.gdi-de.org/up3/ontology/Streckenabschnitt_optional"], "https://registry.gdi-de.org/up3/ontology/beginntBeiKnoten": ["https://registry.gdi-de.org/de.nw/radnetz/instances/Knoten_Wuppertal_9545"], "https://registry.gdi-de.org/up3/ontology/endetBeiKnoten": ["https://registry.gdi-de.org/de.nw/radnetz/instances/Knoten_Wuppertal_9558"], "https://registry.gdi-de.org/up3/ontology/fuehrung": ["https://registry.gdi-de.org/codelist/de.bund.balm.radnetz/Fuehrung/401"], "https://registry.gdi-de.org/up3/ontology/geometrieAbschnitt": ["https://registry.gdi-de.org/de.nw/radnetz/instances/Section_Wuppertal_976_25_right_geometry"], "https://registry.gdi-de.org/up3/ontology/licht": ["https://registry.gdi-de.org/codelist/de.bund.balm.radnetz/Licht/0"], "https://registry.gdi-de.org/up3/ontology/quell-ID": ["976"], "https://registry.gdi-de.org/up3/ontology/richtung": ["https://registry.gdi-de.org/codelist/de.bund.balm.radnetz/Richtung/2"], "https://registry.gdi-de.org/up3/ontology/steigung": ["0.845634"], "https://registry.gdi-de.org/up3/ontology/strecken-ID": ["Section_Wuppertal_976_25_right"]}, "geometry": {"type": "LineString", "coordinates": [[7.2596697315, 51.2837584563, 182.72], [7.2606005578, 51.2840869027, 183.35]]}}, {"type": "Feature", "id": "https://registry.gdi-de.org/de.nw/radnetz/instances/Section_Wuppertal_1222533_287", "name": "", "dateprops": [], "properties": {"http://rdfs.org/ns/void#inDataset": ["https://registry.gdi-de.org/de.nw/radnetz/instances/exnw_dataset"], "http://www.opengis.net/ont/geosparql#hasGeometry": ["https://registry.gdi-de.org/de.nw/radnetz/instances/Section_Wuppertal_1222533_287_geometry"], "http://www.w3.org/1999/02/22-rdf-syntax-ns#type": ["https://registry.gdi-de.org/up3/ontology/Streckenabschnitt_optional"], "https://registry.gdi-de.org/up3/ontology/beginntBeiKnoten": ["https://registry.gdi-de.org/de.nw/radnetz/instances/Knoten_Wuppertal_8653"], "https://registry.gdi-de.org/up3/ontology/endetBeiKnoten": ["https://registry.gdi-de.org/de.nw/radnetz/instances/Knoten_Wuppertal_60096"], "https://registry.gdi-de.org/up3/ontology/fuehrung": ["https://registry.gdi-de.org/codelist/de.bund.balm.radnetz/Fuehrung/401"], "https://registry.gdi-de.org/up3/ontology/geometrieAbschnitt": ["https://registry.gdi-de.org/de.nw/radnetz/instances/Section_Wuppertal_1222533_287_geometry"], "https://registry.gdi-de.org/up3/ontology/licht": ["https://registry.gdi-de.org/codelist/de.bund.balm.radnetz/Licht/0"], "https://registry.gdi-de.org/up3/ontology/quell-ID": ["1222533"], "https://registry.gdi-de.org/up3/ontology/steigung": ["2.766817"], "https://registry.gdi-de.org/up3/ontology/strecken-ID": ["Section_Wuppertal_1222533_287"]}, "geometry": {"type": "LineString", "coordinates": [[7.2271319056, 51.2388832513, 296.11], [7.2259512709, 51.2386463303, 0.0], [7.2249741106, 51.2383391034, 0.0], [7.2213779163, 51.2368917251, 0.0], [7.2190571895, 51.2364005846, 313.6]]}}, {"type": "Feature", "id": "https://registry.gdi-de.org/de.nw/radnetz/instances/Section_Wuppertal_1229869_789", "name": "", "dateprops": [], "properties": {"http://rdfs.org/ns/void#inDataset": ["https://registry.gdi-de.org/de.nw/radnetz/instances/exnw_dataset"], "http://www.opengis.net/ont/geosparql#hasGeometry": ["https://registry.gdi-de.org/de.nw/radnetz/instances/Section_Wuppertal_1229869_789_geometry"], "http://www.w3.org/1999/02/22-rdf-syntax-ns#type": ["https://registry.gdi-de.org/up3/ontology/Streckenabschnitt_optional"], "https://registry.gdi-de.org/up3/ontology/beginntBeiKnoten": ["https://registry.gdi-de.org/de.nw/radnetz/instances/Knoten_Wuppertal_1189691277"], "https://registry.gdi-de.org/up3/ontology/endetBeiKnoten": ["https://registry.gdi-de.org/de.nw/radnetz/instances/Knoten_Wuppertal_9111"], "https://registry.gdi-de.org/up3/ontology/fuehrung": ["https://registry.gdi-de.org/codelist/de.bund.balm.radnetz/Fuehrung/401"], "https://registry.gdi-de.org/up3/ontology/geometrieAbschnitt": ["https://registry.gdi-de.org/de.nw/radnetz/instances/Section_Wuppertal_1229869_789_geometry"], "https://registry.gdi-de.org/up3/ontology/licht": ["https://registry.gdi-de.org/codelist/de.bund.balm.radnetz/Licht/0"], "https://registry.gdi-de.org/up3/ontology/quell-ID": ["1229869"], "https://registry.gdi-de.org/up3/ontology/steigung": ["2.634806"], "https://registry.gdi-de.org/up3/ontology/strecken-ID": ["Section_Wuppertal_1229869_789"]}, "geometry": {"type": "LineString", "coordinates": [[7.2407891256, 51.3027329138, 244.1], [7.2404656207, 51.3027610286, 249.09]]}}, {"type": "Feature", "id": "https://registry.gdi-de.org/de.nw/radnetz/instances/Section_Wuppertal_1229779_766", "name": "", "dateprops": [], "properties": {"http://rdfs.org/ns/void#inDataset": ["https://registry.gdi-de.org/de.nw/radnetz/instances/exnw_dataset"], "http://www.opengis.net/ont/geosparql#hasGeometry": ["https://registry.gdi-de.org/de.nw/radnetz/instances/Section_Wuppertal_1229779_766_geometry"], "http://www.w3.org/1999/02/22-rdf-syntax-ns#type": ["https://registry.gdi-de.org/up3/ontology/Streckenabschnitt_optional"], "https://registry.gdi-de.org/up3/ontology/beginntBeiKnoten": ["https://registry.gdi-de.org/de.nw/radnetz/instances/Knoten_Wuppertal_5795"], "https://registry.gdi-de.org/up3/ontology/endetBeiKnoten": ["https://registry.gdi-de.org/de.nw/radnetz/instances/Knoten_Wuppertal_1189691232"], "https://registry.gdi-de.org/up3/ontology/fuehrung": ["https://registry.gdi-de.org/codelist/de.bund.balm.radnetz/Fuehrung/401"], "https://registry.gdi-de.org/up3/ontology/geometrieAbschnitt": ["https://registry.gdi-de.org/de.nw/radnetz/instances/Section_Wuppertal_1229779_766_geometry"], "https://registry.gdi-de.org/up3/ontology/licht": ["https://registry.gdi-de.org/codelist/de.bund.balm.radnetz/Licht/0"], "https://registry.gdi-de.org/up3/ontology/quell-ID": ["1229779"], "https://registry.gdi-de.org/up3/ontology/steigung": ["0.9869624"], "https://registry.gdi-de.org/up3/ontology/strecken-ID": ["Section_Wuppertal_1229779_766"]}, "geometry": {"type": "LineString", "coordinates": [[7.1583330387, 51.2370186248, 323.27], [7.1584629042, 51.2370262301, 0.0], [7.1585755532, 51.2370581146, 0.0], [7.1589659299, 51.2371922323, 0.0], [7.1597233223, 51.23744504, 0.0], [7.1600486919, 51.2375555472, 0.0], [7.1603144403, 51.2376575888, 0.0], [7.1607762835, 51.2378041158, 0.0], [7.1611557381, 51.2379117063, 0.0], [7.1612734843, 51.2379662528, 0.0], [7.1616225299, 51.2380846557, 0.0], [7.1618169777, 51.2381705174, 0.0], [7.1621173379, 51.2383069748, 0.0], [7.1623474415, 51.2384009238, 0.0], [7.1626072081, 51.2385028663, 0.0], [7.1629084721, 51.2386167514, 0.0], [7.1631623978, 51.2387148364, 0.0], [7.163398947, 51.2387975927, 0.0], [7.1634443719, 51.2388130921, 327.32]]}}, {"type": "Feature", "id": "https://registry.gdi-de.org/de.nw/radnetz/instances/Section_Wuppertal_1229950_820", "name": "", "dateprops": [], "properties": {"http://rdfs.org/ns/void#inDataset": ["https://registry.gdi-de.org/de.nw/radnetz/instances/exnw_dataset"], "http://www.opengis.net/ont/geosparql#hasGeometry": ["https://registry.gdi-de.org/de.nw/radnetz/instances/Section_Wuppertal_1229950_820_geometry"], "http://www.w3.org/1999/02/22-rdf-syntax-ns#type": ["https://registry.gdi-de.org/up3/ontology/Streckenabschnitt_optional"], "https://registry.gdi-de.org/up3/ontology/beginntBeiKnoten": ["https://registry.gdi-de.org/de.nw/radnetz/instances/Knoten_Wuppertal_1189691310"], "https://registry.gdi-de.org/up3/ontology/endetBeiKnoten": ["https://registry.gdi-de.org/de.nw/radnetz/instances/Knoten_Wuppertal_1189691311"], "https://registry.gdi-de.org/up3/ontology/geometrieAbschnitt": ["https://registry.gdi-de.org/de.nw/radnetz/instances/Section_Wuppertal_1229950_820_geometry"], "https://registry.gdi-de.org/up3/ontology/licht": ["https://registry.gdi-de.org/codelist/de.bund.balm.radnetz/Licht/0"], "https://registry.gdi-de.org/up3/ontology/quell-ID": ["1229950"], "https://registry.gdi-de.org/up3/ontology/steigung": ["2.156302"], "https://registry.gdi-de.org/up3/ontology/strecken-ID": ["Section_Wuppertal_1229950_820"]}, "geometry": {"type": "LineString", "coordinates": [[7.215648133, 51.2081072377, 230.28], [7.2164797777, 51.2087479011, 0.0], [7.2162567499, 51.2090873208, 0.0], [7.2164860934, 51.2096709755, 0.0], [7.2162180472, 51.2100888222, 0.0], [7.2160933853, 51.2111417536, 0.0], [7.2166411067, 51.2121785657, 0.0], [7.2177814039, 51.2130925493, 0.0], [7.2189319171, 51.2137429694, 0.0], [7.2193670625, 51.2144352334, 0.0], [7.2198996459, 51.21586736, 0.0], [7.2205774669, 51.2168006488, 0.0], [7.2208058865, 51.2174106503, 0.0], [7.2213818349, 51.2176494076, 256.25]]}}, {"type": "Feature", "id": "https://registry.gdi-de.org/de.nw/radnetz/instances/Section_Wuppertal_138_5", "name": "", "dateprops": [], "properties": {"http://rdfs.org/ns/void#inDataset": ["https://registry.gdi-de.org/de.nw/radnetz/instances/exnw_dataset"], "http://www.opengis.net/ont/geosparql#hasGeometry": ["https://registry.gdi-de.org/de.nw/radnetz/instances/Section_Wuppertal_138_5_geometry"], "http://www.w3.org/1999/02/22-rdf-syntax-ns#type": ["https://registry.gdi-de.org/up3/ontology/Streckenabschnitt_optional"], "https://registry.gdi-de.org/up3/ontology/beginntBeiKnoten": ["https://registry.gdi-de.org/de.nw/radnetz/instances/Knoten_Wuppertal_3168"], "https://registry.gdi-de.org/up3/ontology/endetBeiKnoten": ["https://registry.gdi-de.org/de.nw/radnetz/instances/Knoten_Wuppertal_3105"], "https://registry.gdi-de.org/up3/ontology/fuehrung": ["https://registry.gdi-de.org/codelist/de.bund.balm.radnetz/Fuehrung/401"], "https://registry.gdi-de.org/up3/ontology/geometrieAbschnitt": ["https://registry.gdi-de.org/de.nw/radnetz/instances/Section_Wuppertal_138_5_geometry"], "https://registry.gdi-de.org/up3/ontology/licht": ["https://registry.gdi-de.org/codelist/de.bund.balm.radnetz/Licht/0"], "https://registry.gdi-de.org/up3/ontology/quell-ID": ["138"], "https://registry.gdi-de.org/up3/ontology/steigung": ["1.225638"], "https://registry.gdi-de.org/up3/ontology/strecken-ID": ["Section_Wuppertal_138_5"]}, "geometry": {"type": "LineString", "coordinates": [[7.0958555493, 51.2922970675, 206.58], [7.0936469179, 51.2925094548, 208.49]]}}, {"type": "Feature", "id": "https://registry.gdi-de.org/de.nw/radnetz/instances/Section_Wuppertal_12114_255", "name": "", "dateprops": [], "properties": {"http://rdfs.org/ns/void#inDataset": ["https://registry.gdi-de.org/de.nw/radnetz/instances/exnw_dataset"], "http://www.opengis.net/ont/geosparql#hasGeometry": ["https://registry.gdi-de.org/de.nw/radnetz/instances/Section_Wuppertal_12114_255_geometry"], "http://www.w3.org/1999/02/22-rdf-syntax-ns#type": ["https://registry.gdi-de.org/up3/ontology/Streckenabschnitt_optional"], "https://registry.gdi-de.org/up3/ontology/beginntBeiKnoten": ["https://registry.gdi-de.org/de.nw/radnetz/instances/Knoten_Wuppertal_10099"], "https://registry.gdi-de.org/up3/ontology/endetBeiKnoten": ["https://registry.gdi-de.org/de.nw/radnetz/instances/Knoten_Wuppertal_10102"], "https://registry.gdi-de.org/up3/ontology/fuehrung": ["https://registry.gdi-de.org/codelist/de.bund.balm.radnetz/Fuehrung/401"], "https://registry.gdi-de.org/up3/ontology/geometrieAbschnitt": ["https://registry.gdi-de.org/de.nw/radnetz/instances/Section_Wuppertal_12114_255_geometry"], "https://registry.gdi-de.org/up3/ontology/licht": ["https://registry.gdi-de.org/codelist/de.bund.balm.radnetz/Licht/0"], "https://registry.gdi-de.org/up3/ontology/quell-ID": ["12114"], "https://registry.gdi-de.org/up3/ontology/steigung": ["2.899827"], "https://registry.gdi-de.org/up3/ontology/strecken-ID": ["Section_Wuppertal_12114_255"]}, "geometry": {"type": "LineString", "coordinates": [[7.3057530631, 51.2413721378, 198.55], [7.3053688185, 51.2416497655, 0.0], [7.3054845299, 51.2416490202, 0.0], [7.3057184389, 51.2415797942, 0.0], [7.3058876301, 51.2414878462, 0.0], [7.3059906787, 51.2414118842, 0.0], [7.3061255702, 51.2414138368, 0.0], [7.3063529929, 51.2414726088, 202.04]]}}, {"type": "Feature", "id": "https://registry.gdi-de.org/de.nw/radnetz/instances/Section_Wuppertal_1225724_499_left", "name": "", "dateprops": [], "properties": {"http://rdfs.org/ns/void#inDataset": ["https://registry.gdi-de.org/de.nw/radnetz/instances/exnw_dataset"], "http://www.opengis.net/ont/geosparql#hasGeometry": ["https://registry.gdi-de.org/de.nw/radnetz/instances/Section_Wuppertal_1225724_499_left_geometry"], "http://www.w3.org/1999/02/22-rdf-syntax-ns#type": ["https://registry.gdi-de.org/up3/ontology/Streckenabschnitt_optional"], "https://registry.gdi-de.org/up3/ontology/beginntBeiKnoten": ["https://registry.gdi-de.org/de.nw/radnetz/instances/Knoten_Wuppertal_118160101"], "https://registry.gdi-de.org/up3/ontology/endetBeiKnoten": ["https://registry.gdi-de.org/de.nw/radnetz/instances/Knoten_Wuppertal_118160102"], "https://registry.gdi-de.org/up3/ontology/geometrieAbschnitt": ["https://registry.gdi-de.org/de.nw/radnetz/instances/Section_Wuppertal_1225724_499_left_geometry"], "https://registry.gdi-de.org/up3/ontology/licht": ["https://registry.gdi-de.org/codelist/de.bund.balm.radnetz/Licht/0"], "https://registry.gdi-de.org/up3/ontology/quell-ID": ["1225724"], "https://registry.gdi-de.org/up3/ontology/richtung": ["https://registry.gdi-de.org/codelist/de.bund.balm.radnetz/Richtung/3"], "https://registry.gdi-de.org/up3/ontology/steigung": ["6.20441"], "https://registry.gdi-de.org/up3/ontology/strecken-ID": ["Section_Wuppertal_1225724_499_left"]}, "geometry": {"type": "LineString", "coordinates": [[7.1325283639, 51.306250657, 244.91], [7.1330530362, 51.3064544325, 247.58]]}}, {"type": "Feature", "id": "https://registry.gdi-de.org/de.nw/radnetz/instances/Section_Wuppertal_1230033_837", "name": "", "dateprops": [], "properties": {"http://rdfs.org/ns/void#inDataset": ["https://registry.gdi-de.org/de.nw/radnetz/instances/exnw_dataset"], "http://www.opengis.net/ont/geosparql#hasGeometry": ["https://registry.gdi-de.org/de.nw/radnetz/instances/Section_Wuppertal_1230033_837_geometry"], "http://www.w3.org/1999/02/22-rdf-syntax-ns#type": ["https://registry.gdi-de.org/up3/ontology/Streckenabschnitt_optional"], "https://registry.gdi-de.org/up3/ontology/beginntBeiKnoten": ["https://registry.gdi-de.org/de.nw/radnetz/instances/Knoten_Wuppertal_1189691348"], "https://registry.gdi-de.org/up3/ontology/endetBeiKnoten": ["https://registry.gdi-de.org/de.nw/radnetz/instances/Knoten_Wuppertal_137520102"], "https://registry.gdi-de.org/up3/ontology/geometrieAbschnitt": ["https://registry.gdi-de.org/de.nw/radnetz/instances/Section_Wuppertal_1230033_837_geometry"], "https://registry.gdi-de.org/up3/ontology/licht": ["https://registry.gdi-de.org/codelist/de.bund.balm.radnetz/Licht/0"], "https://registry.gdi-de.org/up3/ontology/quell-ID": ["1230033"], "https://registry.gdi-de.org/up3/ontology/steigung": ["0.2004518"], "https://registry.gdi-de.org/up3/ontology/strecken-ID": ["Section_Wuppertal_1230033_837"]}, "geometry": {"type": "LineString", "coordinates": [[7.0564889913, 51.1860412972, 0.0], [7.0545689656, 51.1866330591, 0.0], [7.0537500516, 51.1872096073, 0.0], [7.0535239267, 51.1874328339, 0.0], [7.0530601988, 51.1881514818, 0.0], [7.0498602596, 51.1903680668, 0.0], [7.0500404482, 51.1912336308, 0.0], [7.0507030409, 51.1926520086, 0.0], [7.0513714144, 51.1939342854, 0.0], [7.0521445578, 51.1944465391, 0.0], [7.0536359, 51.1950615361, 0.0], [7.0569399706, 51.1955250492, 0.0], [7.0603353674, 51.1955360048, 0.0], [7.0651881194, 51.1952531936, 0.0], [7.0672819722, 51.1952878094, 0.0], [7.0684220228, 51.1956698226, 0.0], [7.0709074202, 51.1967095888, 0.0], [7.0725397155, 51.1974174624, 0.0], [7.0732239104, 51.1983366882, 0.0], [7.0742445752, 51.1998516199, 0.01]]}}, {"type": "Feature", "id": "https://registry.gdi-de.org/de.nw/radnetz/instances/Section_Wuppertal_1226145_540", "name": "", "dateprops": [], "properties": {"http://rdfs.org/ns/void#inDataset": ["https://registry.gdi-de.org/de.nw/radnetz/instances/exnw_dataset"], "http://www.opengis.net/ont/geosparql#hasGeometry": ["https://registry.gdi-de.org/de.nw/radnetz/instances/Section_Wuppertal_1226145_540_geometry"], "http://www.w3.org/1999/02/22-rdf-syntax-ns#type": ["https://registry.gdi-de.org/up3/ontology/Streckenabschnitt_optional"], "https://registry.gdi-de.org/up3/ontology/beginntBeiKnoten": ["https://registry.gdi-de.org/de.nw/radnetz/instances/Knoten_Wuppertal_3251"], "https://registry.gdi-de.org/up3/ontology/endetBeiKnoten": ["https://registry.gdi-de.org/de.nw/radnetz/instances/Knoten_Wuppertal_118340102"], "https://registry.gdi-de.org/up3/ontology/fuehrung": ["https://registry.gdi-de.org/codelist/de.bund.balm.radnetz/Fuehrung/401"], "https://registry.gdi-de.org/up3/ontology/geometrieAbschnitt": ["https://registry.gdi-de.org/de.nw/radnetz/instances/Section_Wuppertal_1226145_540_geometry"], "https://registry.gdi-de.org/up3/ontology/licht": ["https://registry.gdi-de.org/codelist/de.bund.balm.radnetz/Licht/0"], "https://registry.gdi-de.org/up3/ontology/quell-ID": ["1226145"], "https://registry.gdi-de.org/up3/ontology/steigung": ["3.749094"], "https://registry.gdi-de.org/up3/ontology/strecken-ID": ["Section_Wuppertal_1226145_540"]}, "geometry": {"type": "LineString", "coordinates": [[7.100188116, 51.2917562168, 220.7], [7.1012107872, 51.2915680335, 0.0], [7.1019568724, 51.2913277286, 225.68]]}}, {"type": "Feature", "id": "https://registry.gdi-de.org/de.nw/radnetz/instances/Section_Wuppertal_4698_105", "name": "", "dateprops": [], "properties": {"http://rdfs.org/ns/void#inDataset": ["https://registry.gdi-de.org/de.nw/radnetz/instances/exnw_dataset"], "http://www.opengis.net/ont/geosparql#hasGeometry": ["https://registry.gdi-de.org/de.nw/radnetz/instances/Section_Wuppertal_4698_105_geometry"], "http://www.w3.org/1999/02/22-rdf-syntax-ns#type": ["https://registry.gdi-de.org/up3/ontology/Streckenabschnitt_optional"], "https://registry.gdi-de.org/up3/ontology/beginntBeiKnoten": ["https://registry.gdi-de.org/de.nw/radnetz/instances/Knoten_Wuppertal_3419"], "https://registry.gdi-de.org/up3/ontology/endetBeiKnoten": ["https://registry.gdi-de.org/de.nw/radnetz/instances/Knoten_Wuppertal_3752"], "https://registry.gdi-de.org/up3/ontology/fuehrung": ["https://registry.gdi-de.org/codelist/de.bund.balm.radnetz/Fuehrung/401"], "https://registry.gdi-de.org/up3/ontology/geometrieAbschnitt": ["https://registry.gdi-de.org/de.nw/radnetz/instances/Section_Wuppertal_4698_105_geometry"], "https://registry.gdi-de.org/up3/ontology/licht": ["https://registry.gdi-de.org/codelist/de.bund.balm.radnetz/Licht/0"], "https://registry.gdi-de.org/up3/ontology/quell-ID": ["4698"], "https://registry.gdi-de.org/up3/ontology/steigung": ["5.991015"], "https://registry.gdi-de.org/up3/ontology/strecken-ID": ["Section_Wuppertal_4698_105"]}, "geometry": {"type": "LineString", "coordinates": [[7.1090158304, 51.2359249105, 229.3], [7.1097784373, 51.2360794688, 0.0], [7.1110522843, 51.2360583954, 0.0], [7.1118571962, 51.2361855714, 0.0], [7.1139244544, 51.2358153499, 0.0], [7.1147159247, 51.2359785906, 0.0], [7.1158603288, 51.2365249569, 0.0], [7.1163509676, 51.2366820667, 0.0], [7.1168377048, 51.2366774196, 0.0], [7.117666045, 51.236588607, 0.0], [7.1194358187, 51.2369402103, 275.57]]}}, {"type": "Feature", "id": "https://registry.gdi-de.org/de.nw/radnetz/instances/Section_Wuppertal_1223066_319", "name": "", "dateprops": [], "properties": {"http://rdfs.org/ns/void#inDataset": ["https://registry.gdi-de.org/de.nw/radnetz/instances/exnw_dataset"], "http://www.opengis.net/ont/geosparql#hasGeometry": ["https://registry.gdi-de.org/de.nw/radnetz/instances/Section_Wuppertal_1223066_319_geometry"], "http://www.w3.org/1999/02/22-rdf-syntax-ns#type": ["https://registry.gdi-de.org/up3/ontology/Streckenabschnitt_optional"], "https://registry.gdi-de.org/up3/ontology/beginntBeiKnoten": ["https://registry.gdi-de.org/de.nw/radnetz/instances/Knoten_Wuppertal_60252"], "https://registry.gdi-de.org/up3/ontology/endetBeiKnoten": ["https://registry.gdi-de.org/de.nw/radnetz/instances/Knoten_Wuppertal_6208"], "https://registry.gdi-de.org/up3/ontology/fuehrung": ["https://registry.gdi-de.org/codelist/de.bund.balm.radnetz/Fuehrung/401"], "https://registry.gdi-de.org/up3/ontology/geometrieAbschnitt": ["https://registry.gdi-de.org/de.nw/radnetz/instances/Section_Wuppertal_1223066_319_geometry"], "https://registry.gdi-de.org/up3/ontology/licht": ["https://registry.gdi-de.org/codelist/de.bund.balm.radnetz/Licht/0"], "https://registry.gdi-de.org/up3/ontology/quell-ID": ["1223066"], "https://registry.gdi-de.org/up3/ontology/steigung": ["4.076302"], "https://registry.gdi-de.org/up3/ontology/strecken-ID": ["Section_Wuppertal_1223066_319"]}, "geometry": {"type": "LineString", "coordinates": [[7.1659073001, 51.268851762, 181.05], [7.1659143029, 51.2689077134, 0.0], [7.1660132811, 51.2689390459, 0.0], [7.1661442839, 51.2689609535, 0.0], [7.1661852728, 51.2689913781, 0.0], [7.1661727547, 51.2690408183, 0.0], [7.1661876484, 51.2690642152, 0.0], [7.1662499872, 51.2690883563, 0.0], [7.1667290586, 51.2691124066, 0.0], [7.1668434199, 51.2691588008, 184.49]]}}, {"type": "Feature", "id": "https://registry.gdi-de.org/de.nw/radnetz/instances/Section_Wuppertal_1226911_647_left", "name": "", "dateprops": [], "properties": {"http://rdfs.org/ns/void#inDataset": ["https://registry.gdi-de.org/de.nw/radnetz/instances/exnw_dataset"], "http://www.opengis.net/ont/geosparql#hasGeometry": ["https://registry.gdi-de.org/de.nw/radnetz/instances/Section_Wuppertal_1226911_647_left_geometry"], "http://www.w3.org/1999/02/22-rdf-syntax-ns#type": ["https://registry.gdi-de.org/up3/ontology/Streckenabschnitt_optional"], "https://registry.gdi-de.org/up3/ontology/beginntBeiKnoten": ["https://registry.gdi-de.org/de.nw/radnetz/instances/Knoten_Wuppertal_115540101"], "https://registry.gdi-de.org/up3/ontology/endetBeiKnoten": ["https://registry.gdi-de.org/de.nw/radnetz/instances/Knoten_Wuppertal_8819"], "https://registry.gdi-de.org/up3/ontology/geometrieAbschnitt": ["https://registry.gdi-de.org/de.nw/radnetz/instances/Section_Wuppertal_1226911_647_left_geometry"], "https://registry.gdi-de.org/up3/ontology/licht": ["https://registry.gdi-de.org/codelist/de.bund.balm.radnetz/Licht/0"], "https://registry.gdi-de.org/up3/ontology/quell-ID": ["1226911"], "https://registry.gdi-de.org/up3/ontology/richtung": ["https://registry.gdi-de.org/codelist/de.bund.balm.radnetz/Richtung/3"], "https://registry.gdi-de.org/up3/ontology/steigung": ["3.22672"], "https://registry.gdi-de.org/up3/ontology/strecken-ID": ["Section_Wuppertal_1226911_647_left"]}, "geometry": {"type": "LineString", "coordinates": [[7.2328373141, 51.241006637, 288.37], [7.2328382721, 51.2409868757, 0.0], [7.2330674183, 51.2403040278, 0.0], [7.2333291823, 51.2399032874, 292.5]]}}, {"type": "Feature", "id": "https://registry.gdi-de.org/de.nw/radnetz/instances/Section_Wuppertal_1224290_412_right", "name": "", "dateprops": [], "properties": {"http://rdfs.org/ns/void#inDataset": ["https://registry.gdi-de.org/de.nw/radnetz/instances/exnw_dataset"], "http://www.opengis.net/ont/geosparql#hasGeometry": ["https://registry.gdi-de.org/de.nw/radnetz/instances/Section_Wuppertal_1224290_412_right_geometry"], "http://www.w3.org/1999/02/22-rdf-syntax-ns#type": ["https://registry.gdi-de.org/up3/ontology/Streckenabschnitt_optional"], "https://registry.gdi-de.org/up3/ontology/beginntBeiKnoten": ["https://registry.gdi-de.org/de.nw/radnetz/instances/Knoten_Wuppertal_82080101"], "https://registry.gdi-de.org/up3/ontology/endetBeiKnoten": ["https://registry.gdi-de.org/de.nw/radnetz/instances/Knoten_Wuppertal_9779"], "https://registry.gdi-de.org/up3/ontology/fuehrung": ["https://registry.gdi-de.org/codelist/de.bund.balm.radnetz/Fuehrung/401"], "https://registry.gdi-de.org/up3/ontology/geometrieAbschnitt": ["https://registry.gdi-de.org/de.nw/radnetz/instances/Section_Wuppertal_1224290_412_right_geometry"], "https://registry.gdi-de.org/up3/ontology/licht": ["https://registry.gdi-de.org/codelist/de.bund.balm.radnetz/Licht/0"], "https://registry.gdi-de.org/up3/ontology/quell-ID": ["1224290"], "https://registry.gdi-de.org/up3/ontology/richtung": ["https://registry.gdi-de.org/codelist/de.bund.balm.radnetz/Richtung/2"], "https://registry.gdi-de.org/up3/ontology/steigung": ["1.722743"], "https://registry.gdi-de.org/up3/ontology/strecken-ID": ["Section_Wuppertal_1224290_412_right"]}, "geometry": {"type": "LineString", "coordinates": [[7.2754875664, 51.2597933536, 185.55], [7.2760302158, 51.2596460825, 0.0], [7.2767032125, 51.2591984572, 187.44]]}}, {"type": "Feature", "id": "https://registry.gdi-de.org/de.nw/radnetz/instances/Section_Wuppertal_1229873_793", "name": "", "dateprops": [], "properties": {"http://rdfs.org/ns/void#inDataset": ["https://registry.gdi-de.org/de.nw/radnetz/instances/exnw_dataset"], "http://www.opengis.net/ont/geosparql#hasGeometry": ["https://registry.gdi-de.org/de.nw/radnetz/instances/Section_Wuppertal_1229873_793_geometry"], "http://www.w3.org/1999/02/22-rdf-syntax-ns#type": ["https://registry.gdi-de.org/up3/ontology/Streckenabschnitt_optional"], "https://registry.gdi-de.org/up3/ontology/beginntBeiKnoten": ["https://registry.gdi-de.org/de.nw/radnetz/instances/Knoten_Wuppertal_1189691281"], "https://registry.gdi-de.org/up3/ontology/endetBeiKnoten": ["https://registry.gdi-de.org/de.nw/radnetz/instances/Knoten_Wuppertal_1189691282"], "https://registry.gdi-de.org/up3/ontology/fuehrung": ["https://registry.gdi-de.org/codelist/de.bund.balm.radnetz/Fuehrung/401"], "https://registry.gdi-de.org/up3/ontology/geometrieAbschnitt": ["https://registry.gdi-de.org/de.nw/radnetz/instances/Section_Wuppertal_1229873_793_geometry"], "https://registry.gdi-de.org/up3/ontology/licht": ["https://registry.gdi-de.org/codelist/de.bund.balm.radnetz/Licht/0"], "https://registry.gdi-de.org/up3/ontology/quell-ID": ["1229873"], "https://registry.gdi-de.org/up3/ontology/steigung": ["3.097892"], "https://registry.gdi-de.org/up3/ontology/strecken-ID": ["Section_Wuppertal_1229873_793"]}, "geometry": {"type": "LineString", "coordinates": [[7.1265961864, 51.1754623386, 127.01], [7.126257628, 51.1755859404, 0.0], [7.1258534967, 51.1757447782, 0.0], [7.1255248146, 51.1759411134, 0.0], [7.1252666419, 51.1761385771, 0.0], [7.1251470072, 51.1762414928, 0.0], [7.1249682074, 51.1763797477, 0.0], [7.1246206456, 51.1767249623, 0.0], [7.1244701327, 51.1769564075, 0.0], [7.1243773124, 51.1771887769, 0.0], [7.124327891, 51.1774581308, 0.0], [7.1243011363, 51.1776431759, 0.0], [7.1242955753, 51.1777801763, 0.0], [7.1243475457, 51.177922131, 137.45]]}}, {"type": "Feature", "id": "https://registry.gdi-de.org/de.nw/radnetz/instances/Section_Wuppertal_1230089_856", "name": "", "dateprops": [], "properties": {"http://rdfs.org/ns/void#inDataset": ["https://registry.gdi-de.org/de.nw/radnetz/instances/exnw_dataset"], "http://www.opengis.net/ont/geosparql#hasGeometry": ["https://registry.gdi-de.org/de.nw/radnetz/instances/Section_Wuppertal_1230089_856_geometry"], "http://www.w3.org/1999/02/22-rdf-syntax-ns#type": ["https://registry.gdi-de.org/up3/ontology/Streckenabschnitt_optional"], "https://registry.gdi-de.org/up3/ontology/beginntBeiKnoten": ["https://registry.gdi-de.org/de.nw/radnetz/instances/Knoten_Wuppertal_1189691370"], "https://registry.gdi-de.org/up3/ontology/endetBeiKnoten": ["https://registry.gdi-de.org/de.nw/radnetz/instances/Knoten_Wuppertal_1189691369"], "https://registry.gdi-de.org/up3/ontology/geometrieAbschnitt": ["https://registry.gdi-de.org/de.nw/radnetz/instances/Section_Wuppertal_1230089_856_geometry"], "https://registry.gdi-de.org/up3/ontology/licht": ["https://registry.gdi-de.org/codelist/de.bund.balm.radnetz/Licht/0"], "https://registry.gdi-de.org/up3/ontology/quell-ID": ["1230089"], "https://registry.gdi-de.org/up3/ontology/steigung": ["0.8862095"], "https://registry.gdi-de.org/up3/ontology/strecken-ID": ["Section_Wuppertal_1230089_856"]}, "geometry": {"type": "LineString", "coordinates": [[7.2392871426, 51.2950387737, 0.0], [7.2391854826, 51.2950983303, 0.0], [7.2390229707, 51.2952241031, 222.64], [7.2387880683, 51.2954361129, 0.0]]}}, {"type": "Feature", "id": "https://registry.gdi-de.org/de.nw/radnetz/instances/Section_Wuppertal_3572_87", "name": "", "dateprops": [], "properties": {"http://rdfs.org/ns/void#inDataset": ["https://registry.gdi-de.org/de.nw/radnetz/instances/exnw_dataset"], "http://www.opengis.net/ont/geosparql#hasGeometry": ["https://registry.gdi-de.org/de.nw/radnetz/instances/Section_Wuppertal_3572_87_geometry"], "http://www.w3.org/1999/02/22-rdf-syntax-ns#type": ["https://registry.gdi-de.org/up3/ontology/Streckenabschnitt_optional"], "https://registry.gdi-de.org/up3/ontology/beginntBeiKnoten": ["https://registry.gdi-de.org/de.nw/radnetz/instances/Knoten_Wuppertal_9585"], "https://registry.gdi-de.org/up3/ontology/endetBeiKnoten": ["https://registry.gdi-de.org/de.nw/radnetz/instances/Knoten_Wuppertal_9768"], "https://registry.gdi-de.org/up3/ontology/geometrieAbschnitt": ["https://registry.gdi-de.org/de.nw/radnetz/instances/Section_Wuppertal_3572_87_geometry"], "https://registry.gdi-de.org/up3/ontology/licht": ["https://registry.gdi-de.org/codelist/de.bund.balm.radnetz/Licht/0"], "https://registry.gdi-de.org/up3/ontology/quell-ID": ["3572"], "https://registry.gdi-de.org/up3/ontology/steigung": ["3.352946"], "https://registry.gdi-de.org/up3/ontology/strecken-ID": ["Section_Wuppertal_3572_87"]}, "geometry": {"type": "LineString", "coordinates": [[7.2647706715, 51.209906914, 288.22], [7.2648665104, 51.2099470478, 0.0], [7.2655300438, 51.2101376375, 0.0], [7.2661213074, 51.2103020303, 0.0], [7.2669108978, 51.2103923677, 0.0], [7.2675172179, 51.2105835571, 0.0], [7.2685194438, 51.2105996569, 0.0], [7.2692036889, 51.2105023506, 0.0], [7.2698970582, 51.2102161611, 0.0], [7.2712500128, 51.2099767338, 0.0], [7.2716856546, 51.2102057142, 0.0], [7.2721348636, 51.2104075778, 0.0], [7.2727020014, 51.2107340025, 0.0], [7.2739312273, 51.2111970314, 0.0], [7.2749544792, 51.2114555527, 0.0], [7.2753201071, 51.2117392169, 0.0], [7.2756691959, 51.2119421501, 0.0], [7.2762449676, 51.212061715, 0.0], [7.2766177047, 51.2120846141, 0.0], [7.2779646736, 51.2120473482, 322.71]]}}, {"type": "Feature", "id": "https://registry.gdi-de.org/de.nw/radnetz/instances/Section_Wuppertal_1229870_790", "name": "", "dateprops": [], "properties": {"http://rdfs.org/ns/void#inDataset": ["https://registry.gdi-de.org/de.nw/radnetz/instances/exnw_dataset"], "http://www.opengis.net/ont/geosparql#hasGeometry": ["https://registry.gdi-de.org/de.nw/radnetz/instances/Section_Wuppertal_1229870_790_geometry"], "http://www.w3.org/1999/02/22-rdf-syntax-ns#type": ["https://registry.gdi-de.org/up3/ontology/Streckenabschnitt_optional"], "https://registry.gdi-de.org/up3/ontology/beginntBeiKnoten": ["https://registry.gdi-de.org/de.nw/radnetz/instances/Knoten_Wuppertal_4418"], "https://registry.gdi-de.org/up3/ontology/endetBeiKnoten": ["https://registry.gdi-de.org/de.nw/radnetz/instances/Knoten_Wuppertal_1189691279"], "https://registry.gdi-de.org/up3/ontology/fuehrung": ["https://registry.gdi-de.org/codelist/de.bund.balm.radnetz/Fuehrung/401"], "https://registry.gdi-de.org/up3/ontology/geometrieAbschnitt": ["https://registry.gdi-de.org/de.nw/radnetz/instances/Section_Wuppertal_1229870_790_geometry"], "https://registry.gdi-de.org/up3/ontology/licht": ["https://registry.gdi-de.org/codelist/de.bund.balm.radnetz/Licht/0"], "https://registry.gdi-de.org/up3/ontology/quell-ID": ["1229870"], "https://registry.gdi-de.org/up3/ontology/steigung": ["2.157086"], "https://registry.gdi-de.org/up3/ontology/strecken-ID": ["Section_Wuppertal_1229870_790"]}, "geometry": {"type": "LineString", "coordinates": [[7.1357435355, 51.1665005542, 106.32], [7.1357782484, 51.1663837527, 0.0], [7.1357454784, 51.1663058146, 0.0], [7.1355440327, 51.1662122857, 0.0], [7.1353761372, 51.1661773527, 0.0], [7.1351395078, 51.1661929331, 0.0], [7.1346431413, 51.166288237, 0.0], [7.1341807098, 51.1664324648, 0.0], [7.133886693, 51.1665987327, 0.0], [7.1335506652, 51.1669159333, 0.0], [7.1334658172, 51.1671113435, 0.0], [7.133321835, 51.1673735469, 0.0], [7.1331679877, 51.167625916, 0.0], [7.1330688468, 51.167921092, 0.0], [7.1330299882, 51.1683115794, 0.0], [7.1329720022, 51.168794499, 0.0], [7.1329778227, 51.1689679702, 0.0], [7.1329645768, 51.1691371044, 0.0], [7.1328958262, 51.1694101851, 0.0], [7.1327577705, 51.1698111854, 0.0], [7.1325538269, 51.1702554856, 0.0], [7.1324626895, 51.1704475678, 119.56]]}}, {"type": "Feature", "id": "https://registry.gdi-de.org/de.nw/radnetz/instances/Section_Wuppertal_1227315_679_left", "name": "", "dateprops": [], "properties": {"http://rdfs.org/ns/void#inDataset": ["https://registry.gdi-de.org/de.nw/radnetz/instances/exnw_dataset"], "http://www.opengis.net/ont/geosparql#hasGeometry": ["https://registry.gdi-de.org/de.nw/radnetz/instances/Section_Wuppertal_1227315_679_left_geometry"], "http://www.w3.org/1999/02/22-rdf-syntax-ns#type": ["https://registry.gdi-de.org/up3/ontology/Streckenabschnitt_optional"], "https://registry.gdi-de.org/up3/ontology/beginntBeiKnoten": ["https://registry.gdi-de.org/de.nw/radnetz/instances/Knoten_Wuppertal_2692"], "https://registry.gdi-de.org/up3/ontology/endetBeiKnoten": ["https://registry.gdi-de.org/de.nw/radnetz/instances/Knoten_Wuppertal_117250102"], "https://registry.gdi-de.org/up3/ontology/geometrieAbschnitt": ["https://registry.gdi-de.org/de.nw/radnetz/instances/Section_Wuppertal_1227315_679_left_geometry"], "https://registry.gdi-de.org/up3/ontology/licht": ["https://registry.gdi-de.org/codelist/de.bund.balm.radnetz/Licht/0"], "https://registry.gdi-de.org/up3/ontology/quell-ID": ["1227315"], "https://registry.gdi-de.org/up3/ontology/richtung": ["https://registry.gdi-de.org/codelist/de.bund.balm.radnetz/Richtung/3"], "https://registry.gdi-de.org/up3/ontology/steigung": ["1.454413"], "https://registry.gdi-de.org/up3/ontology/strecken-ID": ["Section_Wuppertal_1227315_679_left"]}, "geometry": {"type": "LineString", "coordinates": [[7.0724257853, 51.2719068599, 160.63], [7.0720261978, 51.2721729426, 0.0], [7.0708353134, 51.272399936, 0.0], [7.0702981385, 51.272662743, 0.0], [7.0703060611, 51.2730034563, 0.0], [7.0710704013, 51.2737774732, 161.46]]}}, {"type": "Feature", "id": "https://registry.gdi-de.org/de.nw/radnetz/instances/Section_Wuppertal_1223217_370", "name": "", "dateprops": [], "properties": {"http://rdfs.org/ns/void#inDataset": ["https://registry.gdi-de.org/de.nw/radnetz/instances/exnw_dataset"], "http://www.opengis.net/ont/geosparql#hasGeometry": ["https://registry.gdi-de.org/de.nw/radnetz/instances/Section_Wuppertal_1223217_370_geometry"], "http://www.w3.org/1999/02/22-rdf-syntax-ns#type": ["https://registry.gdi-de.org/up3/ontology/Streckenabschnitt_optional"], "https://registry.gdi-de.org/up3/ontology/beginntBeiKnoten": ["https://registry.gdi-de.org/de.nw/radnetz/instances/Knoten_Wuppertal_4548"], "https://registry.gdi-de.org/up3/ontology/endetBeiKnoten": ["https://registry.gdi-de.org/de.nw/radnetz/instances/Knoten_Wuppertal_60318"], "https://registry.gdi-de.org/up3/ontology/geometrieAbschnitt": ["https://registry.gdi-de.org/de.nw/radnetz/instances/Section_Wuppertal_1223217_370_geometry"], "https://registry.gdi-de.org/up3/ontology/licht": ["https://registry.gdi-de.org/codelist/de.bund.balm.radnetz/Licht/0"], "https://registry.gdi-de.org/up3/ontology/quell-ID": ["1223217"], "https://registry.gdi-de.org/up3/ontology/steigung": ["0.1360799"], "https://registry.gdi-de.org/up3/ontology/strecken-ID": ["Section_Wuppertal_1223217_370"]}, "geometry": {"type": "LineString", "coordinates": [[7.1366432944, 51.206608697, 297.99], [7.1367843268, 51.2067387772, 0.0], [7.1376134537, 51.2072018178, 0.0], [7.1376401024, 51.2073573585, 0.0], [7.1376854981, 51.207456322, 0.0], [7.1382185076, 51.2079146438, 0.0], [7.1382404761, 51.2079822104, 0.0], [7.1383272112, 51.2080766604, 0.0], [7.1387182057, 51.2083827735, 0.0], [7.1387570445, 51.208440268, 0.0], [7.138841698, 51.2085863899, 0.0], [7.1389356208, 51.2087068066, 0.0], [7.1391468963, 51.2089790361, 0.0], [7.1394054488, 51.2093037225, 0.0], [7.1395563343, 51.209440556, 0.0], [7.139715863, 51.2095671864, 0.0], [7.1400205522, 51.2097685116, 0.0], [7.1402767187, 51.209948383, 0.0], [7.1404603057, 51.2100909062, 0.0], [7.1409458477, 51.210430854, 298.71]]}}, {"type": "Feature", "id": "https://registry.gdi-de.org/de.nw/radnetz/instances/Section_Wuppertal_1229875_795", "name": "", "dateprops": [], "properties": {"http://rdfs.org/ns/void#inDataset": ["https://registry.gdi-de.org/de.nw/radnetz/instances/exnw_dataset"], "http://www.opengis.net/ont/geosparql#hasGeometry": ["https://registry.gdi-de.org/de.nw/radnetz/instances/Section_Wuppertal_1229875_795_geometry"], "http://www.w3.org/1999/02/22-rdf-syntax-ns#type": ["https://registry.gdi-de.org/up3/ontology/Streckenabschnitt_optional"], "https://registry.gdi-de.org/up3/ontology/beginntBeiKnoten": ["https://registry.gdi-de.org/de.nw/radnetz/instances/Knoten_Wuppertal_1189691284"], "https://registry.gdi-de.org/up3/ontology/endetBeiKnoten": ["https://registry.gdi-de.org/de.nw/radnetz/instances/Knoten_Wuppertal_1189691283"], "https://registry.gdi-de.org/up3/ontology/fuehrung": ["https://registry.gdi-de.org/codelist/de.bund.balm.radnetz/Fuehrung/401"], "https://registry.gdi-de.org/up3/ontology/geometrieAbschnitt": ["https://registry.gdi-de.org/de.nw/radnetz/instances/Section_Wuppertal_1229875_795_geometry"], "https://registry.gdi-de.org/up3/ontology/licht": ["https://registry.gdi-de.org/codelist/de.bund.balm.radnetz/Licht/0"], "https://registry.gdi-de.org/up3/ontology/quell-ID": ["1229875"], "https://registry.gdi-de.org/up3/ontology/steigung": ["4.307989"], "https://registry.gdi-de.org/up3/ontology/strecken-ID": ["Section_Wuppertal_1229875_795"]}, "geometry": {"type": "LineString", "coordinates": [[7.1260705559, 51.183046246, 125.1], [7.1264010468, 51.1826483375, 0.0], [7.1265226565, 51.1824970676, 0.0], [7.1266125364, 51.182337226, 0.0], [7.126678406, 51.1821366795, 0.0], [7.126749993, 51.1817951025, 0.0], [7.1267375813, 51.1814683087, 0.0], [7.1266931149, 51.1811410023, 0.0], [7.1265718828, 51.1808084328, 0.0], [7.126410389, 51.1805195711, 137.75]]}}, {"type": "Feature", "id": "https://registry.gdi-de.org/de.nw/radnetz/instances/Section_Wuppertal_1225203_457_left", "name": "", "dateprops": [], "properties": {"http://rdfs.org/ns/void#inDataset": ["https://registry.gdi-de.org/de.nw/radnetz/instances/exnw_dataset"], "http://www.opengis.net/ont/geosparql#hasGeometry": ["https://registry.gdi-de.org/de.nw/radnetz/instances/Section_Wuppertal_1225203_457_left_geometry"], "http://www.w3.org/1999/02/22-rdf-syntax-ns#type": ["https://registry.gdi-de.org/up3/ontology/Streckenabschnitt_optional"], "https://registry.gdi-de.org/up3/ontology/beginntBeiKnoten": ["https://registry.gdi-de.org/de.nw/radnetz/instances/Knoten_Wuppertal_122750101"], "https://registry.gdi-de.org/up3/ontology/endetBeiKnoten": ["https://registry.gdi-de.org/de.nw/radnetz/instances/Knoten_Wuppertal_10102"], "https://registry.gdi-de.org/up3/ontology/geometrieAbschnitt": ["https://registry.gdi-de.org/de.nw/radnetz/instances/Section_Wuppertal_1225203_457_left_geometry"], "https://registry.gdi-de.org/up3/ontology/licht": ["https://registry.gdi-de.org/codelist/de.bund.balm.radnetz/Licht/0"], "https://registry.gdi-de.org/up3/ontology/quell-ID": ["1225203"], "https://registry.gdi-de.org/up3/ontology/richtung": ["https://registry.gdi-de.org/codelist/de.bund.balm.radnetz/Richtung/3"], "https://registry.gdi-de.org/up3/ontology/steigung": ["1.228121"], "https://registry.gdi-de.org/up3/ontology/strecken-ID": ["Section_Wuppertal_1225203_457_left"]}, "geometry": {"type": "LineString", "coordinates": [[7.3073569459, 51.2404191327, 200.35], [7.3071007094, 51.2408316011, 0.0], [7.3063529929, 51.2414726088, 202.04]]}}, {"type": "Feature", "id": "https://registry.gdi-de.org/de.nw/radnetz/instances/Section_Wuppertal_1229931_816", "name": "", "dateprops": [], "properties": {"http://rdfs.org/ns/void#inDataset": ["https://registry.gdi-de.org/de.nw/radnetz/instances/exnw_dataset"], "http://www.opengis.net/ont/geosparql#hasGeometry": ["https://registry.gdi-de.org/de.nw/radnetz/instances/Section_Wuppertal_1229931_816_geometry"], "http://www.w3.org/1999/02/22-rdf-syntax-ns#type": ["https://registry.gdi-de.org/up3/ontology/Streckenabschnitt_optional"], "https://registry.gdi-de.org/up3/ontology/beginntBeiKnoten": ["https://registry.gdi-de.org/de.nw/radnetz/instances/Knoten_Wuppertal_6072"], "https://registry.gdi-de.org/up3/ontology/endetBeiKnoten": ["https://registry.gdi-de.org/de.nw/radnetz/instances/Knoten_Wuppertal_1189691304"], "https://registry.gdi-de.org/up3/ontology/geometrieAbschnitt": ["https://registry.gdi-de.org/de.nw/radnetz/instances/Section_Wuppertal_1229931_816_geometry"], "https://registry.gdi-de.org/up3/ontology/licht": ["https://registry.gdi-de.org/codelist/de.bund.balm.radnetz/Licht/0"], "https://registry.gdi-de.org/up3/ontology/quell-ID": ["1229931"], "https://registry.gdi-de.org/up3/ontology/steigung": ["2.275329"], "https://registry.gdi-de.org/up3/ontology/strecken-ID": ["Section_Wuppertal_1229931_816"]}, "geometry": {"type": "LineString", "coordinates": [[7.1655169168, 51.2115187302, 184.15], [7.1662351328, 51.2117756986, 0.0], [7.1657897032, 51.2119221158, 0.0], [7.1654581749, 51.2120703174, 0.0], [7.1650391885, 51.2123705454, 0.0], [7.1647178295, 51.2126723035, 0.0], [7.1646755314, 51.2129170795, 0.0], [7.164734931, 51.2130611842, 0.0], [7.1648122265, 51.2131646634, 0.0], [7.1650058675, 51.2132086071, 0.0], [7.1654077986, 51.2133376304, 0.0], [7.165789397, 51.2135686002, 0.0], [7.1661339858, 51.2139114812, 0.0], [7.1662719113, 51.2141284024, 0.0], [7.1663553332, 51.2144876421, 0.0], [7.1664590904, 51.2147449347, 0.0], [7.1664965396, 51.2150318672, 0.0], [7.1665437848, 51.2153378299, 196.73]]}}, {"type": "Feature", "id": "https://registry.gdi-de.org/de.nw/radnetz/instances/Section_Wuppertal_1230069_848", "name": "", "dateprops": [], "properties": {"http://rdfs.org/ns/void#inDataset": ["https://registry.gdi-de.org/de.nw/radnetz/instances/exnw_dataset"], "http://www.opengis.net/ont/geosparql#hasGeometry": ["https://registry.gdi-de.org/de.nw/radnetz/instances/Section_Wuppertal_1230069_848_geometry"], "http://www.w3.org/1999/02/22-rdf-syntax-ns#type": ["https://registry.gdi-de.org/up3/ontology/Streckenabschnitt_optional"], "https://registry.gdi-de.org/up3/ontology/beginntBeiKnoten": ["https://registry.gdi-de.org/de.nw/radnetz/instances/Knoten_Wuppertal_1189691361"], "https://registry.gdi-de.org/up3/ontology/endetBeiKnoten": ["https://registry.gdi-de.org/de.nw/radnetz/instances/Knoten_Wuppertal_2563"], "https://registry.gdi-de.org/up3/ontology/geometrieAbschnitt": ["https://registry.gdi-de.org/de.nw/radnetz/instances/Section_Wuppertal_1230069_848_geometry"], "https://registry.gdi-de.org/up3/ontology/licht": ["https://registry.gdi-de.org/codelist/de.bund.balm.radnetz/Licht/0"], "https://registry.gdi-de.org/up3/ontology/quell-ID": ["1230069"], "https://registry.gdi-de.org/up3/ontology/steigung": ["0.04199003"], "https://registry.gdi-de.org/up3/ontology/strecken-ID": ["Section_Wuppertal_1230069_848"]}, "geometry": {"type": "LineString", "coordinates": [[7.0637966004, 51.3022607622, 0.0], [7.0642613086, 51.3026200262, 0.0], [7.0645037827, 51.3034666042, 0.0], [7.066132029, 51.3066313524, 0.0], [7.0672278299, 51.3081312055, 0.0], [7.0682249735, 51.3086706356, 0.0], [7.0693001618, 51.3095599934, 0.0], [7.0698268045, 51.3102659741, 0.0], [7.0697573261, 51.3108168549, 0.0], [7.069318459, 51.3113325915, 0.0], [7.0664299981, 51.3133230854, 0.01]]}}, {"type": "Feature", "id": "https://registry.gdi-de.org/de.nw/radnetz/instances/Section_Wuppertal_1293_28", "name": "", "dateprops": [], "properties": {"http://rdfs.org/ns/void#inDataset": ["https://registry.gdi-de.org/de.nw/radnetz/instances/exnw_dataset"], "http://www.opengis.net/ont/geosparql#hasGeometry": ["https://registry.gdi-de.org/de.nw/radnetz/instances/Section_Wuppertal_1293_28_geometry"], "http://www.w3.org/1999/02/22-rdf-syntax-ns#type": ["https://registry.gdi-de.org/up3/ontology/Streckenabschnitt_optional"], "https://registry.gdi-de.org/up3/ontology/beginntBeiKnoten": ["https://registry.gdi-de.org/de.nw/radnetz/instances/Knoten_Wuppertal_2270"], "https://registry.gdi-de.org/up3/ontology/endetBeiKnoten": ["https://registry.gdi-de.org/de.nw/radnetz/instances/Knoten_Wuppertal_2222"], "https://registry.gdi-de.org/up3/ontology/fuehrung": ["https://registry.gdi-de.org/codelist/de.bund.balm.radnetz/Fuehrung/401"], "https://registry.gdi-de.org/up3/ontology/geometrieAbschnitt": ["https://registry.gdi-de.org/de.nw/radnetz/instances/Section_Wuppertal_1293_28_geometry"], "https://registry.gdi-de.org/up3/ontology/licht": ["https://registry.gdi-de.org/codelist/de.bund.balm.radnetz/Licht/0"], "https://registry.gdi-de.org/up3/ontology/quell-ID": ["1293"], "https://registry.gdi-de.org/up3/ontology/steigung": ["1.398311"], "https://registry.gdi-de.org/up3/ontology/strecken-ID": ["Section_Wuppertal_1293_28"]}, "geometry": {"type": "LineString", "coordinates": [[7.0573384547, 51.2107957456, 224.4], [7.0566530731, 51.2107514412, 0.0], [7.0558959924, 51.210750217, 0.0], [7.0549137057, 51.2108074519, 0.0], [7.0540002989, 51.2108359856, 227.67]]}}, {"type": "Feature", "id": "https://registry.gdi-de.org/de.nw/radnetz/instances/Section_Wuppertal_6448_135_right", "name": "", "dateprops": [], "properties": {"http://rdfs.org/ns/void#inDataset": ["https://registry.gdi-de.org/de.nw/radnetz/instances/exnw_dataset"], "http://www.opengis.net/ont/geosparql#hasGeometry": ["https://registry.gdi-de.org/de.nw/radnetz/instances/Section_Wuppertal_6448_135_right_geometry"], "http://www.w3.org/1999/02/22-rdf-syntax-ns#type": ["https://registry.gdi-de.org/up3/ontology/Streckenabschnitt_optional"], "https://registry.gdi-de.org/up3/ontology/beginntBeiKnoten": ["https://registry.gdi-de.org/de.nw/radnetz/instances/Knoten_Wuppertal_4418"], "https://registry.gdi-de.org/up3/ontology/endetBeiKnoten": ["https://registry.gdi-de.org/de.nw/radnetz/instances/Knoten_Wuppertal_4484"], "https://registry.gdi-de.org/up3/ontology/fuehrung": ["https://registry.gdi-de.org/codelist/de.bund.balm.radnetz/Fuehrung/401"], "https://registry.gdi-de.org/up3/ontology/geometrieAbschnitt": ["https://registry.gdi-de.org/de.nw/radnetz/instances/Section_Wuppertal_6448_135_right_geometry"], "https://registry.gdi-de.org/up3/ontology/licht": ["https://registry.gdi-de.org/codelist/de.bund.balm.radnetz/Licht/0"], "https://registry.gdi-de.org/up3/ontology/quell-ID": ["6448"], "https://registry.gdi-de.org/up3/ontology/richtung": ["https://registry.gdi-de.org/codelist/de.bund.balm.radnetz/Richtung/2"], "https://registry.gdi-de.org/up3/ontology/steigung": ["2.198516"], "https://registry.gdi-de.org/up3/ontology/strecken-ID": ["Section_Wuppertal_6448_135_right"]}, "geometry": {"type": "LineString", "coordinates": [[7.1357435355, 51.1665005542, 106.32], [7.1364886243, 51.1664635545, 107.4691], [7.1368803295, 51.1663522717, 108.13]]}}, {"type": "Feature", "id": "https://registry.gdi-de.org/de.nw/radnetz/instances/Section_Wuppertal_1229895_805", "name": "", "dateprops": [], "properties": {"http://rdfs.org/ns/void#inDataset": ["https://registry.gdi-de.org/de.nw/radnetz/instances/exnw_dataset"], "http://www.opengis.net/ont/geosparql#hasGeometry": ["https://registry.gdi-de.org/de.nw/radnetz/instances/Section_Wuppertal_1229895_805_geometry"], "http://www.w3.org/1999/02/22-rdf-syntax-ns#type": ["https://registry.gdi-de.org/up3/ontology/Streckenabschnitt_optional"], "https://registry.gdi-de.org/up3/ontology/beginntBeiKnoten": ["https://registry.gdi-de.org/de.nw/radnetz/instances/Knoten_Wuppertal_1189691289"], "https://registry.gdi-de.org/up3/ontology/endetBeiKnoten": ["https://registry.gdi-de.org/de.nw/radnetz/instances/Knoten_Wuppertal_1189691293"], "https://registry.gdi-de.org/up3/ontology/fuehrung": ["https://registry.gdi-de.org/codelist/de.bund.balm.radnetz/Fuehrung/405"], "https://registry.gdi-de.org/up3/ontology/geometrieAbschnitt": ["https://registry.gdi-de.org/de.nw/radnetz/instances/Section_Wuppertal_1229895_805_geometry"], "https://registry.gdi-de.org/up3/ontology/licht": ["https://registry.gdi-de.org/codelist/de.bund.balm.radnetz/Licht/0"], "https://registry.gdi-de.org/up3/ontology/quell-ID": ["1229895"], "https://registry.gdi-de.org/up3/ontology/steigung": ["1.479734"], "https://registry.gdi-de.org/up3/ontology/strecken-ID": ["Section_Wuppertal_1229895_805"]}, "geometry": {"type": "LineString", "coordinates": [[7.0472385156, 51.2178629887, 187.6], [7.0463103443, 51.2173369218, 0.0], [7.0450932966, 51.2165861041, 0.0], [7.0436854214, 51.2157167417, 0.0], [7.0431354721, 51.21534676, 193.53]]}}, {"type": "Feature", "id": "https://registry.gdi-de.org/de.nw/radnetz/instances/Section_Wuppertal_1229929_815", "name": "", "dateprops": [], "properties": {"http://rdfs.org/ns/void#inDataset": ["https://registry.gdi-de.org/de.nw/radnetz/instances/exnw_dataset"], "http://www.opengis.net/ont/geosparql#hasGeometry": ["https://registry.gdi-de.org/de.nw/radnetz/instances/Section_Wuppertal_1229929_815_geometry"], "http://www.w3.org/1999/02/22-rdf-syntax-ns#type": ["https://registry.gdi-de.org/up3/ontology/Streckenabschnitt_optional"], "https://registry.gdi-de.org/up3/ontology/beginntBeiKnoten": ["https://registry.gdi-de.org/de.nw/radnetz/instances/Knoten_Wuppertal_1189691304"], "https://registry.gdi-de.org/up3/ontology/endetBeiKnoten": ["https://registry.gdi-de.org/de.nw/radnetz/instances/Knoten_Wuppertal_6090"], "https://registry.gdi-de.org/up3/ontology/geometrieAbschnitt": ["https://registry.gdi-de.org/de.nw/radnetz/instances/Section_Wuppertal_1229929_815_geometry"], "https://registry.gdi-de.org/up3/ontology/licht": ["https://registry.gdi-de.org/codelist/de.bund.balm.radnetz/Licht/0"], "https://registry.gdi-de.org/up3/ontology/quell-ID": ["1229929"], "https://registry.gdi-de.org/up3/ontology/steigung": ["2.720765"], "https://registry.gdi-de.org/up3/ontology/strecken-ID": ["Section_Wuppertal_1229929_815"]}, "geometry": {"type": "LineString", "coordinates": [[7.1665437848, 51.2153378299, 196.73], [7.1665437848, 51.2153378299, 0.0], [7.166386841, 51.2153573729, 0.0], [7.1656997836, 51.2153552263, 198.34]]}}, {"type": "Feature", "id": "https://registry.gdi-de.org/de.nw/radnetz/instances/Section_Wuppertal_1230071_849", "name": "", "dateprops": [], "properties": {"http://rdfs.org/ns/void#inDataset": ["https://registry.gdi-de.org/de.nw/radnetz/instances/exnw_dataset"], "http://www.opengis.net/ont/geosparql#hasGeometry": ["https://registry.gdi-de.org/de.nw/radnetz/instances/Section_Wuppertal_1230071_849_geometry"], "http://www.w3.org/1999/02/22-rdf-syntax-ns#type": ["https://registry.gdi-de.org/up3/ontology/Streckenabschnitt_optional"], "https://registry.gdi-de.org/up3/ontology/beginntBeiKnoten": ["https://registry.gdi-de.org/de.nw/radnetz/instances/Knoten_Wuppertal_1189691362"], "https://registry.gdi-de.org/up3/ontology/endetBeiKnoten": ["https://registry.gdi-de.org/de.nw/radnetz/instances/Knoten_Wuppertal_1189691360"], "https://registry.gdi-de.org/up3/ontology/geometrieAbschnitt": ["https://registry.gdi-de.org/de.nw/radnetz/instances/Section_Wuppertal_1230071_849_geometry"], "https://registry.gdi-de.org/up3/ontology/licht": ["https://registry.gdi-de.org/codelist/de.bund.balm.radnetz/Licht/0"], "https://registry.gdi-de.org/up3/ontology/quell-ID": ["1230071"], "https://registry.gdi-de.org/up3/ontology/steigung": ["2.037833"], "https://registry.gdi-de.org/up3/ontology/strecken-ID": ["Section_Wuppertal_1230071_849"]}, "geometry": {"type": "LineString", "coordinates": [[7.0217047775, 51.2931051622, 0.0], [7.0234004808, 51.292465559, 0.0], [7.0244441312, 51.2919020917, 0.0], [7.0258193579, 51.2911698817, 0.0], [7.0266852037, 51.2904290696, 0.0], [7.0283478371, 51.2883942323, 0.0], [7.02959021, 51.2875144688, 0.0], [7.0334848694, 51.2852846771, 0.0], [7.0358104905, 51.2839872289, 0.0], [7.0370204119, 51.2838622543, 0.0], [7.0386420524, 51.2838603844, 0.0], [7.040122329, 51.2839142337, 0.0], [7.0412686447, 51.28419491, 0.0], [7.042451395, 51.2847086189, 0.0], [7.0436841727, 51.2851359889, 0.0], [7.0450120369, 51.2855068252, 0.0], [7.0466214184, 51.2857951817, 0.0], [7.0475375543, 51.2860429002, 0.0], [7.0484487762, 51.2864067467, 0.0], [7.0490408325, 51.2866490506, 0.0], [7.0507381282, 51.2868596429, 0.0]]}}, {"type": "Feature", "id": "https://registry.gdi-de.org/de.nw/radnetz/instances/Section_Wuppertal_1223141_1099", "name": "", "dateprops": [], "properties": {"http://rdfs.org/ns/void#inDataset": ["https://registry.gdi-de.org/de.nw/radnetz/instances/exnw_dataset"], "http://www.opengis.net/ont/geosparql#hasGeometry": ["https://registry.gdi-de.org/de.nw/radnetz/instances/Section_Wuppertal_1223141_1099_geometry"], "http://www.w3.org/1999/02/22-rdf-syntax-ns#type": ["https://registry.gdi-de.org/up3/ontology/Streckenabschnitt_optional"], "https://registry.gdi-de.org/up3/ontology/beginntBeiKnoten": ["https://registry.gdi-de.org/de.nw/radnetz/instances/Knoten_Wuppertal_60287"], "https://registry.gdi-de.org/up3/ontology/endetBeiKnoten": ["https://registry.gdi-de.org/de.nw/radnetz/instances/Knoten_Wuppertal_60288"], "https://registry.gdi-de.org/up3/ontology/fuehrung": ["https://registry.gdi-de.org/codelist/de.bund.balm.radnetz/Fuehrung/401"], "https://registry.gdi-de.org/up3/ontology/geometrieAbschnitt": ["https://registry.gdi-de.org/de.nw/radnetz/instances/Section_Wuppertal_1223141_1099_geometry"], "https://registry.gdi-de.org/up3/ontology/licht": ["https://registry.gdi-de.org/codelist/de.bund.balm.radnetz/Licht/0"], "https://registry.gdi-de.org/up3/ontology/quell-ID": ["1223141"], "https://registry.gdi-de.org/up3/ontology/steigung": ["0.0"], "https://registry.gdi-de.org/up3/ontology/strecken-ID": ["Section_Wuppertal_1223141_1099"]}, "geometry": {"type": "LineString", "coordinates": [[7.2403824867, 51.2847989427, 196.61], [7.2404760843, 51.2848696846, 0.0], [7.2404908946, 51.2848963798, 0.0], [7.2404519546, 51.2849487398, 0.0], [7.2403763528, 51.2849939307, 0.0], [7.2403798559, 51.2850403098, 0.0], [7.2404693529, 51.2850822656, 196.61]]}}, {"type": "Feature", "id": "https://registry.gdi-de.org/de.nw/radnetz/instances/Section_Wuppertal_1229866_788", "name": "", "dateprops": [], "properties": {"http://rdfs.org/ns/void#inDataset": ["https://registry.gdi-de.org/de.nw/radnetz/instances/exnw_dataset"], "http://www.opengis.net/ont/geosparql#hasGeometry": ["https://registry.gdi-de.org/de.nw/radnetz/instances/Section_Wuppertal_1229866_788_geometry"], "http://www.w3.org/1999/02/22-rdf-syntax-ns#type": ["https://registry.gdi-de.org/up3/ontology/Streckenabschnitt_optional"], "https://registry.gdi-de.org/up3/ontology/beginntBeiKnoten": ["https://registry.gdi-de.org/de.nw/radnetz/instances/Knoten_Wuppertal_9036"], "https://registry.gdi-de.org/up3/ontology/endetBeiKnoten": ["https://registry.gdi-de.org/de.nw/radnetz/instances/Knoten_Wuppertal_1189691277"], "https://registry.gdi-de.org/up3/ontology/geometrieAbschnitt": ["https://registry.gdi-de.org/de.nw/radnetz/instances/Section_Wuppertal_1229866_788_geometry"], "https://registry.gdi-de.org/up3/ontology/licht": ["https://registry.gdi-de.org/codelist/de.bund.balm.radnetz/Licht/0"], "https://registry.gdi-de.org/up3/ontology/quell-ID": ["1229866"], "https://registry.gdi-de.org/up3/ontology/steigung": ["1.39455"], "https://registry.gdi-de.org/up3/ontology/strecken-ID": ["Section_Wuppertal_1229866_788"]}, "geometry": {"type": "LineString", "coordinates": [[7.2378868545, 51.2980480396, 235.33], [7.2379973843, 51.2984527678, 0.0], [7.238153066, 51.2987621044, 0.0], [7.2383860251, 51.2990726028, 0.0], [7.2386352676, 51.2992944799, 0.0], [7.238943347, 51.2996626594, 0.0], [7.239287598, 51.3000960119, 0.0], [7.2397091346, 51.3005305253, 0.0], [7.2399424218, 51.3008329478, 0.0], [7.2402958657, 51.3013633802, 0.0], [7.240485889, 51.3017863323, 0.0], [7.2406363491, 51.3022329254, 0.0], [7.2407891256, 51.3027329138, 244.1]]}}, {"type": "Feature", "id": "https://registry.gdi-de.org/de.nw/radnetz/instances/Section_Wuppertal_1229960_826", "name": "", "dateprops": [], "properties": {"http://rdfs.org/ns/void#inDataset": ["https://registry.gdi-de.org/de.nw/radnetz/instances/exnw_dataset"], "http://www.opengis.net/ont/geosparql#hasGeometry": ["https://registry.gdi-de.org/de.nw/radnetz/instances/Section_Wuppertal_1229960_826_geometry"], "http://www.w3.org/1999/02/22-rdf-syntax-ns#type": ["https://registry.gdi-de.org/up3/ontology/Streckenabschnitt_optional"], "https://registry.gdi-de.org/up3/ontology/beginntBeiKnoten": ["https://registry.gdi-de.org/de.nw/radnetz/instances/Knoten_Wuppertal_1189691314"], "https://registry.gdi-de.org/up3/ontology/endetBeiKnoten": ["https://registry.gdi-de.org/de.nw/radnetz/instances/Knoten_Wuppertal_60298"], "https://registry.gdi-de.org/up3/ontology/geometrieAbschnitt": ["https://registry.gdi-de.org/de.nw/radnetz/instances/Section_Wuppertal_1229960_826_geometry"], "https://registry.gdi-de.org/up3/ontology/licht": ["https://registry.gdi-de.org/codelist/de.bund.balm.radnetz/Licht/0"], "https://registry.gdi-de.org/up3/ontology/quell-ID": ["1229960"], "https://registry.gdi-de.org/up3/ontology/steigung": ["1.892409"], "https://registry.gdi-de.org/up3/ontology/strecken-ID": ["Section_Wuppertal_1229960_826"]}, "geometry": {"type": "LineString", "coordinates": [[7.237466168, 51.3172081542, 241.53], [7.2376488359, 51.3165928245, 0.0], [7.2387301728, 51.3132630895, 255.47]]}}, {"type": "Feature", "id": "https://registry.gdi-de.org/de.nw/radnetz/instances/Section_Wuppertal_1225812_507", "name": "", "dateprops": [], "properties": {"http://rdfs.org/ns/void#inDataset": ["https://registry.gdi-de.org/de.nw/radnetz/instances/exnw_dataset"], "http://www.opengis.net/ont/geosparql#hasGeometry": ["https://registry.gdi-de.org/de.nw/radnetz/instances/Section_Wuppertal_1225812_507_geometry"], "http://www.w3.org/1999/02/22-rdf-syntax-ns#type": ["https://registry.gdi-de.org/up3/ontology/Streckenabschnitt_optional"], "https://registry.gdi-de.org/up3/ontology/beginntBeiKnoten": ["https://registry.gdi-de.org/de.nw/radnetz/instances/Knoten_Wuppertal_3529"], "https://registry.gdi-de.org/up3/ontology/endetBeiKnoten": ["https://registry.gdi-de.org/de.nw/radnetz/instances/Knoten_Wuppertal_118350101"], "https://registry.gdi-de.org/up3/ontology/fuehrung": ["https://registry.gdi-de.org/codelist/de.bund.balm.radnetz/Fuehrung/401"], "https://registry.gdi-de.org/up3/ontology/geometrieAbschnitt": ["https://registry.gdi-de.org/de.nw/radnetz/instances/Section_Wuppertal_1225812_507_geometry"], "https://registry.gdi-de.org/up3/ontology/licht": ["https://registry.gdi-de.org/codelist/de.bund.balm.radnetz/Licht/0"], "https://registry.gdi-de.org/up3/ontology/quell-ID": ["1225812"], "https://registry.gdi-de.org/up3/ontology/steigung": ["0.3998199"], "https://registry.gdi-de.org/up3/ontology/strecken-ID": ["Section_Wuppertal_1225812_507"]}, "geometry": {"type": "LineString", "coordinates": [[7.1105023964, 51.2865400091, 251.17], [7.1104104764, 51.286680524, 0.0], [7.1103933635, 51.2867063925, 251.25]]}}, {"type": "Feature", "id": "https://registry.gdi-de.org/de.nw/radnetz/instances/Section_Wuppertal_8122_1011", "name": "", "dateprops": [], "properties": {"http://rdfs.org/ns/void#inDataset": ["https://registry.gdi-de.org/de.nw/radnetz/instances/exnw_dataset"], "http://www.opengis.net/ont/geosparql#hasGeometry": ["https://registry.gdi-de.org/de.nw/radnetz/instances/Section_Wuppertal_8122_1011_geometry"], "http://www.w3.org/1999/02/22-rdf-syntax-ns#type": ["https://registry.gdi-de.org/up3/ontology/Streckenabschnitt_optional"], "https://registry.gdi-de.org/up3/ontology/beginntBeiKnoten": ["https://registry.gdi-de.org/de.nw/radnetz/instances/Knoten_Wuppertal_7554"], "https://registry.gdi-de.org/up3/ontology/endetBeiKnoten": ["https://registry.gdi-de.org/de.nw/radnetz/instances/Knoten_Wuppertal_7504"], "https://registry.gdi-de.org/up3/ontology/geometrieAbschnitt": ["https://registry.gdi-de.org/de.nw/radnetz/instances/Section_Wuppertal_8122_1011_geometry"], "https://registry.gdi-de.org/up3/ontology/licht": ["https://registry.gdi-de.org/codelist/de.bund.balm.radnetz/Licht/0"], "https://registry.gdi-de.org/up3/ontology/quell-ID": ["8122"], "https://registry.gdi-de.org/up3/ontology/steigung": ["4.322991"], "https://registry.gdi-de.org/up3/ontology/strecken-ID": ["Section_Wuppertal_8122_1011"]}, "geometry": {"type": "LineString", "coordinates": [[7.2018865539, 51.2276186691, 0.0], [7.2017539161, 51.2285729047, 0.0], [7.2016928996, 51.2287646378, 0.0], [7.2015622014, 51.2289074683, 0.0], [7.201420522, 51.2289920811, 0.0], [7.2008131263, 51.2292194485, 0.0], [7.2006850869, 51.2293056191, 0.0]]}}, {"type": "Feature", "id": "https://registry.gdi-de.org/de.nw/radnetz/instances/Section_Wuppertal_1223419_908_left", "name": "", "dateprops": [], "properties": {"http://rdfs.org/ns/void#inDataset": ["https://registry.gdi-de.org/de.nw/radnetz/instances/exnw_dataset"], "http://www.opengis.net/ont/geosparql#hasGeometry": ["https://registry.gdi-de.org/de.nw/radnetz/instances/Section_Wuppertal_1223419_908_left_geometry"], "http://www.w3.org/1999/02/22-rdf-syntax-ns#type": ["https://registry.gdi-de.org/up3/ontology/Streckenabschnitt_optional"], "https://registry.gdi-de.org/up3/ontology/beginntBeiKnoten": ["https://registry.gdi-de.org/de.nw/radnetz/instances/Knoten_Wuppertal_2922"], "https://registry.gdi-de.org/up3/ontology/endetBeiKnoten": ["https://registry.gdi-de.org/de.nw/radnetz/instances/Knoten_Wuppertal_117080101"], "https://registry.gdi-de.org/up3/ontology/geometrieAbschnitt": ["https://registry.gdi-de.org/de.nw/radnetz/instances/Section_Wuppertal_1223419_908_left_geometry"], "https://registry.gdi-de.org/up3/ontology/licht": ["https://registry.gdi-de.org/codelist/de.bund.balm.radnetz/Licht/0"], "https://registry.gdi-de.org/up3/ontology/quell-ID": ["1223419"], "https://registry.gdi-de.org/up3/ontology/richtung": ["https://registry.gdi-de.org/codelist/de.bund.balm.radnetz/Richtung/3"], "https://registry.gdi-de.org/up3/ontology/steigung": ["0.3737037"], "https://registry.gdi-de.org/up3/ontology/strecken-ID": ["Section_Wuppertal_1223419_908_left"]}, "geometry": {"type": "LineString", "coordinates": [[7.0845275665, 51.2815982804, 193.72], [7.0880959683, 51.2833447648, 194.9]]}}, {"type": "Feature", "id": "https://registry.gdi-de.org/de.nw/radnetz/instances/Section_Wuppertal_1229865_787", "name": "", "dateprops": [], "properties": {"http://rdfs.org/ns/void#inDataset": ["https://registry.gdi-de.org/de.nw/radnetz/instances/exnw_dataset"], "http://www.opengis.net/ont/geosparql#hasGeometry": ["https://registry.gdi-de.org/de.nw/radnetz/instances/Section_Wuppertal_1229865_787_geometry"], "http://www.w3.org/1999/02/22-rdf-syntax-ns#type": ["https://registry.gdi-de.org/up3/ontology/Streckenabschnitt_optional"], "https://registry.gdi-de.org/up3/ontology/beginntBeiKnoten": ["https://registry.gdi-de.org/de.nw/radnetz/instances/Knoten_Wuppertal_1189691277"], "https://registry.gdi-de.org/up3/ontology/endetBeiKnoten": ["https://registry.gdi-de.org/de.nw/radnetz/instances/Knoten_Wuppertal_60296"], "https://registry.gdi-de.org/up3/ontology/geometrieAbschnitt": ["https://registry.gdi-de.org/de.nw/radnetz/instances/Section_Wuppertal_1229865_787_geometry"], "https://registry.gdi-de.org/up3/ontology/licht": ["https://registry.gdi-de.org/codelist/de.bund.balm.radnetz/Licht/0"], "https://registry.gdi-de.org/up3/ontology/quell-ID": ["1229865"], "https://registry.gdi-de.org/up3/ontology/steigung": ["1.397004"], "https://registry.gdi-de.org/up3/ontology/strecken-ID": ["Section_Wuppertal_1229865_787"]}, "geometry": {"type": "LineString", "coordinates": [[7.2407891256, 51.3027329138, 244.1], [7.2410416172, 51.3036876502, 0.0], [7.2410776432, 51.304039779, 0.0], [7.2411372167, 51.3044232845, 0.0], [7.2411514213, 51.3049146866, 0.0], [7.241177625, 51.3053080308, 0.0], [7.2411746078, 51.3056026989, 0.0], [7.241154508, 51.3059126213, 0.0], [7.2411483292, 51.3062899679, 0.0], [7.2411415559, 51.3066828175, 0.0], [7.2411012977, 51.3068592605, 249.64]]}}, {"type": "Feature", "id": "https://registry.gdi-de.org/de.nw/radnetz/instances/Section_Wuppertal_1229797_769", "name": "", "dateprops": [], "properties": {"http://rdfs.org/ns/void#inDataset": ["https://registry.gdi-de.org/de.nw/radnetz/instances/exnw_dataset"], "http://www.opengis.net/ont/geosparql#hasGeometry": ["https://registry.gdi-de.org/de.nw/radnetz/instances/Section_Wuppertal_1229797_769_geometry"], "http://www.w3.org/1999/02/22-rdf-syntax-ns#type": ["https://registry.gdi-de.org/up3/ontology/Streckenabschnitt_optional"], "https://registry.gdi-de.org/up3/ontology/beginntBeiKnoten": ["https://registry.gdi-de.org/de.nw/radnetz/instances/Knoten_Wuppertal_1189691242"], "https://registry.gdi-de.org/up3/ontology/endetBeiKnoten": ["https://registry.gdi-de.org/de.nw/radnetz/instances/Knoten_Wuppertal_1189691241"], "https://registry.gdi-de.org/up3/ontology/fuehrung": ["https://registry.gdi-de.org/codelist/de.bund.balm.radnetz/Fuehrung/401"], "https://registry.gdi-de.org/up3/ontology/geometrieAbschnitt": ["https://registry.gdi-de.org/de.nw/radnetz/instances/Section_Wuppertal_1229797_769_geometry"], "https://registry.gdi-de.org/up3/ontology/licht": ["https://registry.gdi-de.org/codelist/de.bund.balm.radnetz/Licht/0"], "https://registry.gdi-de.org/up3/ontology/quell-ID": ["1229797"], "https://registry.gdi-de.org/up3/ontology/steigung": ["1.705976"], "https://registry.gdi-de.org/up3/ontology/strecken-ID": ["Section_Wuppertal_1229797_769"]}, "geometry": {"type": "LineString", "coordinates": [[7.1057470294, 51.2153404859, 131.54], [7.1060283854, 51.2156691011, 0.0], [7.106284876, 51.2160050274, 0.0], [7.1066848986, 51.2164358658, 0.0], [7.1069555727, 51.2167257266, 0.0], [7.1071160698, 51.217006089, 0.0], [7.1073319454, 51.2174339454, 0.0], [7.1073240387, 51.2176267094, 0.0], [7.1072789832, 51.2178265886, 0.0], [7.1072232303, 51.2179877164, 0.0], [7.1071274813, 51.2182253536, 0.0], [7.1069958459, 51.2184392633, 0.0], [7.1068761715, 51.2186610825, 0.0], [7.1067306744, 51.2189133458, 0.0], [7.1066109975, 51.2191351647, 0.0], [7.1065788475, 51.219319821, 0.0], [7.1065208752, 51.2195349223, 0.0], [7.1065101166, 51.2197970821, 0.0], [7.1065226488, 51.2200904808, 0.0], [7.1065238512, 51.2203605502, 0.0], [7.1066166377, 51.2207941308, 0.0], [7.106724999, 51.2211835207, 143.23]]}}, {"type": "Feature", "id": "https://registry.gdi-de.org/de.nw/radnetz/instances/Section_Wuppertal_1223213_368", "name": "", "dateprops": [], "properties": {"http://rdfs.org/ns/void#inDataset": ["https://registry.gdi-de.org/de.nw/radnetz/instances/exnw_dataset"], "http://www.opengis.net/ont/geosparql#hasGeometry": ["https://registry.gdi-de.org/de.nw/radnetz/instances/Section_Wuppertal_1223213_368_geometry"], "http://www.w3.org/1999/02/22-rdf-syntax-ns#type": ["https://registry.gdi-de.org/up3/ontology/Streckenabschnitt_optional"], "https://registry.gdi-de.org/up3/ontology/beginntBeiKnoten": ["https://registry.gdi-de.org/de.nw/radnetz/instances/Knoten_Wuppertal_60316"], "https://registry.gdi-de.org/up3/ontology/endetBeiKnoten": ["https://registry.gdi-de.org/de.nw/radnetz/instances/Knoten_Wuppertal_60317"], "https://registry.gdi-de.org/up3/ontology/geometrieAbschnitt": ["https://registry.gdi-de.org/de.nw/radnetz/instances/Section_Wuppertal_1223213_368_geometry"], "https://registry.gdi-de.org/up3/ontology/licht": ["https://registry.gdi-de.org/codelist/de.bund.balm.radnetz/Licht/0"], "https://registry.gdi-de.org/up3/ontology/quell-ID": ["1223213"], "https://registry.gdi-de.org/up3/ontology/steigung": ["0.05884195"], "https://registry.gdi-de.org/up3/ontology/strecken-ID": ["Section_Wuppertal_1223213_368"]}, "geometry": {"type": "LineString", "coordinates": [[7.1469277245, 51.2154708569, 299.14], [7.146759079, 51.2153837747, 0.0], [7.1466346975, 51.2153321674, 0.0], [7.1464218654, 51.2152526845, 0.0], [7.1461467766, 51.2151490519, 0.0], [7.1458512921, 51.2150285488, 0.0], [7.1455344805, 51.2149143259, 0.0], [7.1451972739, 51.2147832332, 0.0], [7.1448134784, 51.2146315446, 0.0], [7.1444711428, 51.2144970589, 0.0], [7.1441292083, 51.214352651, 0.0], [7.1438558607, 51.2142060216, 0.0], [7.1436088403, 51.2140598085, 0.0], [7.1433839481, 51.2138874737, 0.0], [7.1432069773, 51.2137026619, 0.0], [7.1430451402, 51.2135346358, 0.0], [7.1430224065, 51.2134449285, 0.0], [7.1427805256, 51.2133021047, 0.0], [7.1428283156, 51.2132545565, 299.37]]}}, {"type": "Feature", "id": "https://registry.gdi-de.org/de.nw/radnetz/instances/Section_Wuppertal_1225723_498_left", "name": "", "dateprops": [], "properties": {"http://rdfs.org/ns/void#inDataset": ["https://registry.gdi-de.org/de.nw/radnetz/instances/exnw_dataset"], "http://www.opengis.net/ont/geosparql#hasGeometry": ["https://registry.gdi-de.org/de.nw/radnetz/instances/Section_Wuppertal_1225723_498_left_geometry"], "http://www.w3.org/1999/02/22-rdf-syntax-ns#type": ["https://registry.gdi-de.org/up3/ontology/Streckenabschnitt_optional"], "https://registry.gdi-de.org/up3/ontology/beginntBeiKnoten": ["https://registry.gdi-de.org/de.nw/radnetz/instances/Knoten_Wuppertal_118160102"], "https://registry.gdi-de.org/up3/ontology/endetBeiKnoten": ["https://registry.gdi-de.org/de.nw/radnetz/instances/Knoten_Wuppertal_5217"], "https://registry.gdi-de.org/up3/ontology/geometrieAbschnitt": ["https://registry.gdi-de.org/de.nw/radnetz/instances/Section_Wuppertal_1225723_498_left_geometry"], "https://registry.gdi-de.org/up3/ontology/licht": ["https://registry.gdi-de.org/codelist/de.bund.balm.radnetz/Licht/0"], "https://registry.gdi-de.org/up3/ontology/quell-ID": ["1225723"], "https://registry.gdi-de.org/up3/ontology/richtung": ["https://registry.gdi-de.org/codelist/de.bund.balm.radnetz/Richtung/3"], "https://registry.gdi-de.org/up3/ontology/steigung": ["6.042022"], "https://registry.gdi-de.org/up3/ontology/strecken-ID": ["Section_Wuppertal_1225723_498_left"]}, "geometry": {"type": "LineString", "coordinates": [[7.1330530362, 51.3064544325, 247.58], [7.1337546108, 51.3067269089, 0.0], [7.1340117991, 51.3066884711, 0.0], [7.1342867492, 51.3061824571, 0.0], [7.136126447, 51.3057602652, 0.0], [7.1370750798, 51.3058768417, 0.0], [7.1373129327, 51.3059069714, 0.0], [7.1391184689, 51.3061357228, 0.0], [7.140371739, 51.3063752047, 0.0], [7.1419514666, 51.3058925412, 0.0], [7.1441960822, 51.305627971, 0.0], [7.1452452349, 51.3054199351, 304.05]]}}, {"type": "Feature", "id": "https://registry.gdi-de.org/de.nw/radnetz/instances/Section_Wuppertal_1229958_824", "name": "", "dateprops": [], "properties": {"http://rdfs.org/ns/void#inDataset": ["https://registry.gdi-de.org/de.nw/radnetz/instances/exnw_dataset"], "http://www.opengis.net/ont/geosparql#hasGeometry": ["https://registry.gdi-de.org/de.nw/radnetz/instances/Section_Wuppertal_1229958_824_geometry"], "http://www.w3.org/1999/02/22-rdf-syntax-ns#type": ["https://registry.gdi-de.org/up3/ontology/Streckenabschnitt_optional"], "https://registry.gdi-de.org/up3/ontology/beginntBeiKnoten": ["https://registry.gdi-de.org/de.nw/radnetz/instances/Knoten_Wuppertal_118430102"], "https://registry.gdi-de.org/up3/ontology/endetBeiKnoten": ["https://registry.gdi-de.org/de.nw/radnetz/instances/Knoten_Wuppertal_1189691313"], "https://registry.gdi-de.org/up3/ontology/fuehrung": ["https://registry.gdi-de.org/codelist/de.bund.balm.radnetz/Fuehrung/401"], "https://registry.gdi-de.org/up3/ontology/geometrieAbschnitt": ["https://registry.gdi-de.org/de.nw/radnetz/instances/Section_Wuppertal_1229958_824_geometry"], "https://registry.gdi-de.org/up3/ontology/licht": ["https://registry.gdi-de.org/codelist/de.bund.balm.radnetz/Licht/0"], "https://registry.gdi-de.org/up3/ontology/quell-ID": ["1229958"], "https://registry.gdi-de.org/up3/ontology/steigung": ["0.574645"], "https://registry.gdi-de.org/up3/ontology/strecken-ID": ["Section_Wuppertal_1229958_824"]}, "geometry": {"type": "LineString", "coordinates": [[7.1123466655, 51.2450066407, 191.25], [7.1120998023, 51.2450282932, 187.74]]}}, {"type": "Feature", "id": "https://registry.gdi-de.org/de.nw/radnetz/instances/Section_Wuppertal_1226075_534_right", "name": "", "dateprops": [], "properties": {"http://rdfs.org/ns/void#inDataset": ["https://registry.gdi-de.org/de.nw/radnetz/instances/exnw_dataset"], "http://www.opengis.net/ont/geosparql#hasGeometry": ["https://registry.gdi-de.org/de.nw/radnetz/instances/Section_Wuppertal_1226075_534_right_geometry"], "http://www.w3.org/1999/02/22-rdf-syntax-ns#type": ["https://registry.gdi-de.org/up3/ontology/Streckenabschnitt_optional"], "https://registry.gdi-de.org/up3/ontology/beginntBeiKnoten": ["https://registry.gdi-de.org/de.nw/radnetz/instances/Knoten_Wuppertal_9672"], "https://registry.gdi-de.org/up3/ontology/endetBeiKnoten": ["https://registry.gdi-de.org/de.nw/radnetz/instances/Knoten_Wuppertal_116480101"], "https://registry.gdi-de.org/up3/ontology/fuehrung": ["https://registry.gdi-de.org/codelist/de.bund.balm.radnetz/Fuehrung/401"], "https://registry.gdi-de.org/up3/ontology/geometrieAbschnitt": ["https://registry.gdi-de.org/de.nw/radnetz/instances/Section_Wuppertal_1226075_534_right_geometry"], "https://registry.gdi-de.org/up3/ontology/licht": ["https://registry.gdi-de.org/codelist/de.bund.balm.radnetz/Licht/0"], "https://registry.gdi-de.org/up3/ontology/quell-ID": ["1226075"], "https://registry.gdi-de.org/up3/ontology/richtung": ["https://registry.gdi-de.org/codelist/de.bund.balm.radnetz/Richtung/2"], "https://registry.gdi-de.org/up3/ontology/steigung": ["0.05732792"], "https://registry.gdi-de.org/up3/ontology/strecken-ID": ["Section_Wuppertal_1226075_534_right"]}, "geometry": {"type": "LineString", "coordinates": [[7.2687265697, 51.2540237266, 180.64], [7.2689644712, 51.2540717619, 180.65]]}}, {"type": "Feature", "id": "https://registry.gdi-de.org/de.nw/radnetz/instances/Section_Wuppertal_1230064_845", "name": "", "dateprops": [], "properties": {"http://rdfs.org/ns/void#inDataset": ["https://registry.gdi-de.org/de.nw/radnetz/instances/exnw_dataset"], "http://www.opengis.net/ont/geosparql#hasGeometry": ["https://registry.gdi-de.org/de.nw/radnetz/instances/Section_Wuppertal_1230064_845_geometry"], "http://www.w3.org/1999/02/22-rdf-syntax-ns#type": ["https://registry.gdi-de.org/up3/ontology/Streckenabschnitt_optional"], "https://registry.gdi-de.org/up3/ontology/beginntBeiKnoten": ["https://registry.gdi-de.org/de.nw/radnetz/instances/Knoten_Wuppertal_1189691357"], "https://registry.gdi-de.org/up3/ontology/endetBeiKnoten": ["https://registry.gdi-de.org/de.nw/radnetz/instances/Knoten_Wuppertal_1189691359"], "https://registry.gdi-de.org/up3/ontology/geometrieAbschnitt": ["https://registry.gdi-de.org/de.nw/radnetz/instances/Section_Wuppertal_1230064_845_geometry"], "https://registry.gdi-de.org/up3/ontology/licht": ["https://registry.gdi-de.org/codelist/de.bund.balm.radnetz/Licht/0"], "https://registry.gdi-de.org/up3/ontology/quell-ID": ["1230064"], "https://registry.gdi-de.org/up3/ontology/steigung": ["0.9939004"], "https://registry.gdi-de.org/up3/ontology/strecken-ID": ["Section_Wuppertal_1230064_845"]}, "geometry": {"type": "LineString", "coordinates": [[7.0791723048, 51.2805236684, 0.0], [7.0789258592, 51.281119689, 0.0], [7.0780936025, 51.2815244065, 0.0], [7.0759943049, 51.2820942443, 0.0], [7.075355933, 51.2822929384, 0.0], [7.0738491725, 51.2828724795, 0.0], [7.0718804031, 51.283862772, 0.0], [7.0711835398, 51.2845718332, 0.0], [7.0711300079, 51.285849334, 0.0]]}}, {"type": "Feature", "id": "https://registry.gdi-de.org/de.nw/radnetz/instances/Section_Wuppertal_415_10", "name": "", "dateprops": [], "properties": {"http://rdfs.org/ns/void#inDataset": ["https://registry.gdi-de.org/de.nw/radnetz/instances/exnw_dataset"], "http://www.opengis.net/ont/geosparql#hasGeometry": ["https://registry.gdi-de.org/de.nw/radnetz/instances/Section_Wuppertal_415_10_geometry"], "http://www.w3.org/1999/02/22-rdf-syntax-ns#type": ["https://registry.gdi-de.org/up3/ontology/Streckenabschnitt_optional"], "https://registry.gdi-de.org/up3/ontology/beginntBeiKnoten": ["https://registry.gdi-de.org/de.nw/radnetz/instances/Knoten_Wuppertal_3371"], "https://registry.gdi-de.org/up3/ontology/endetBeiKnoten": ["https://registry.gdi-de.org/de.nw/radnetz/instances/Knoten_Wuppertal_3501"], "https://registry.gdi-de.org/up3/ontology/fuehrung": ["https://registry.gdi-de.org/codelist/de.bund.balm.radnetz/Fuehrung/401"], "https://registry.gdi-de.org/up3/ontology/geometrieAbschnitt": ["https://registry.gdi-de.org/de.nw/radnetz/instances/Section_Wuppertal_415_10_geometry"], "https://registry.gdi-de.org/up3/ontology/licht": ["https://registry.gdi-de.org/codelist/de.bund.balm.radnetz/Licht/0"], "https://registry.gdi-de.org/up3/ontology/quell-ID": ["415"], "https://registry.gdi-de.org/up3/ontology/steigung": ["4.820451"], "https://registry.gdi-de.org/up3/ontology/strecken-ID": ["Section_Wuppertal_415_10"]}, "geometry": {"type": "LineString", "coordinates": [[7.1052272774, 51.2901925313, 234.38], [7.1080928181, 51.2892199717, 0.0], [7.1090124931, 51.2887168807, 0.0], [7.1096027653, 51.2880774434, 253.4]]}}, {"type": "Feature", "id": "https://registry.gdi-de.org/de.nw/radnetz/instances/Section_Wuppertal_1230088_855", "name": "", "dateprops": [], "properties": {"http://rdfs.org/ns/void#inDataset": ["https://registry.gdi-de.org/de.nw/radnetz/instances/exnw_dataset"], "http://www.opengis.net/ont/geosparql#hasGeometry": ["https://registry.gdi-de.org/de.nw/radnetz/instances/Section_Wuppertal_1230088_855_geometry"], "http://www.w3.org/1999/02/22-rdf-syntax-ns#type": ["https://registry.gdi-de.org/up3/ontology/Streckenabschnitt_optional"], "https://registry.gdi-de.org/up3/ontology/beginntBeiKnoten": ["https://registry.gdi-de.org/de.nw/radnetz/instances/Knoten_Wuppertal_9154"], "https://registry.gdi-de.org/up3/ontology/endetBeiKnoten": ["https://registry.gdi-de.org/de.nw/radnetz/instances/Knoten_Wuppertal_1189691370"], "https://registry.gdi-de.org/up3/ontology/geometrieAbschnitt": ["https://registry.gdi-de.org/de.nw/radnetz/instances/Section_Wuppertal_1230088_855_geometry"], "https://registry.gdi-de.org/up3/ontology/licht": ["https://registry.gdi-de.org/codelist/de.bund.balm.radnetz/Licht/0"], "https://registry.gdi-de.org/up3/ontology/quell-ID": ["1230088"], "https://registry.gdi-de.org/up3/ontology/steigung": ["1.292537"], "https://registry.gdi-de.org/up3/ontology/strecken-ID": ["Section_Wuppertal_1230088_855"]}, "geometry": {"type": "LineString", "coordinates": [[7.242368266, 51.2939308638, 227.24], [7.2416799085, 51.294047139, 0.0], [7.2409121159, 51.2942506938, 0.0], [7.2405749953, 51.2943713727, 0.0], [7.2401574855, 51.2945239319, 0.0], [7.2398075345, 51.2947039789, 0.0], [7.2394608304, 51.2949370179, 0.0], [7.2392871426, 51.2950387737, 0.0]]}}, {"type": "Feature", "id": "https://registry.gdi-de.org/de.nw/radnetz/instances/Section_Wuppertal_1223122_340", "name": "", "dateprops": [], "properties": {"http://rdfs.org/ns/void#inDataset": ["https://registry.gdi-de.org/de.nw/radnetz/instances/exnw_dataset"], "http://www.opengis.net/ont/geosparql#hasGeometry": ["https://registry.gdi-de.org/de.nw/radnetz/instances/Section_Wuppertal_1223122_340_geometry"], "http://www.w3.org/1999/02/22-rdf-syntax-ns#type": ["https://registry.gdi-de.org/up3/ontology/Streckenabschnitt_optional"], "https://registry.gdi-de.org/up3/ontology/beginntBeiKnoten": ["https://registry.gdi-de.org/de.nw/radnetz/instances/Knoten_Wuppertal_60277"], "https://registry.gdi-de.org/up3/ontology/endetBeiKnoten": ["https://registry.gdi-de.org/de.nw/radnetz/instances/Knoten_Wuppertal_60278"], "https://registry.gdi-de.org/up3/ontology/fuehrung": ["https://registry.gdi-de.org/codelist/de.bund.balm.radnetz/Fuehrung/401"], "https://registry.gdi-de.org/up3/ontology/geometrieAbschnitt": ["https://registry.gdi-de.org/de.nw/radnetz/instances/Section_Wuppertal_1223122_340_geometry"], "https://registry.gdi-de.org/up3/ontology/licht": ["https://registry.gdi-de.org/codelist/de.bund.balm.radnetz/Licht/0"], "https://registry.gdi-de.org/up3/ontology/quell-ID": ["1223122"], "https://registry.gdi-de.org/up3/ontology/steigung": ["8.298946"], "https://registry.gdi-de.org/up3/ontology/strecken-ID": ["Section_Wuppertal_1223122_340"]}, "geometry": {"type": "LineString", "coordinates": [[7.2238874251, 51.2789999184, 183.11], [7.2237091524, 51.2795928757, 188.68]]}}, {"type": "Feature", "id": "https://registry.gdi-de.org/de.nw/radnetz/instances/Section_Wuppertal_1058_26", "name": "", "dateprops": [], "properties": {"http://rdfs.org/ns/void#inDataset": ["https://registry.gdi-de.org/de.nw/radnetz/instances/exnw_dataset"], "http://www.opengis.net/ont/geosparql#hasGeometry": ["https://registry.gdi-de.org/de.nw/radnetz/instances/Section_Wuppertal_1058_26_geometry"], "http://www.w3.org/1999/02/22-rdf-syntax-ns#type": ["https://registry.gdi-de.org/up3/ontology/Streckenabschnitt_optional"], "https://registry.gdi-de.org/up3/ontology/beginntBeiKnoten": ["https://registry.gdi-de.org/de.nw/radnetz/instances/Knoten_Wuppertal_9163"], "https://registry.gdi-de.org/up3/ontology/endetBeiKnoten": ["https://registry.gdi-de.org/de.nw/radnetz/instances/Knoten_Wuppertal_9128"], "https://registry.gdi-de.org/up3/ontology/geometrieAbschnitt": ["https://registry.gdi-de.org/de.nw/radnetz/instances/Section_Wuppertal_1058_26_geometry"], "https://registry.gdi-de.org/up3/ontology/licht": ["https://registry.gdi-de.org/codelist/de.bund.balm.radnetz/Licht/0"], "https://registry.gdi-de.org/up3/ontology/quell-ID": ["1058"], "https://registry.gdi-de.org/up3/ontology/steigung": ["4.235378"], "https://registry.gdi-de.org/up3/ontology/strecken-ID": ["Section_Wuppertal_1058_26"]}, "geometry": {"type": "LineString", "coordinates": [[7.2452086515, 51.2313453104, 247.11], [7.2450332588, 51.2312116314, 0.0], [7.2446098299, 51.2308283578, 0.0], [7.2445909332, 51.2307067769, 0.0], [7.2445552213, 51.230362373, 0.0], [7.2446445015, 51.229877057, 0.0], [7.2445226123, 51.2296046652, 0.0], [7.2442565005, 51.22930915, 0.0], [7.2438039954, 51.2289380857, 259.76]]}}, {"type": "Feature", "id": "https://registry.gdi-de.org/de.nw/radnetz/instances/Section_Wuppertal_1594_1017_left", "name": "", "dateprops": [], "properties": {"http://rdfs.org/ns/void#inDataset": ["https://registry.gdi-de.org/de.nw/radnetz/instances/exnw_dataset"], "http://www.opengis.net/ont/geosparql#hasGeometry": ["https://registry.gdi-de.org/de.nw/radnetz/instances/Section_Wuppertal_1594_1017_left_geometry"], "http://www.w3.org/1999/02/22-rdf-syntax-ns#type": ["https://registry.gdi-de.org/up3/ontology/Streckenabschnitt_optional"], "https://registry.gdi-de.org/up3/ontology/beginntBeiKnoten": ["https://registry.gdi-de.org/de.nw/radnetz/instances/Knoten_Wuppertal_3210"], "https://registry.gdi-de.org/up3/ontology/endetBeiKnoten": ["https://registry.gdi-de.org/de.nw/radnetz/instances/Knoten_Wuppertal_3239"], "https://registry.gdi-de.org/up3/ontology/geometrieAbschnitt": ["https://registry.gdi-de.org/de.nw/radnetz/instances/Section_Wuppertal_1594_1017_left_geometry"], "https://registry.gdi-de.org/up3/ontology/licht": ["https://registry.gdi-de.org/codelist/de.bund.balm.radnetz/Licht/0"], "https://registry.gdi-de.org/up3/ontology/quell-ID": ["1594"], "https://registry.gdi-de.org/up3/ontology/richtung": ["https://registry.gdi-de.org/codelist/de.bund.balm.radnetz/Richtung/3"], "https://registry.gdi-de.org/up3/ontology/steigung": ["5.189962"], "https://registry.gdi-de.org/up3/ontology/strecken-ID": ["Section_Wuppertal_1594_1017_left"]}, "geometry": {"type": "LineString", "coordinates": [[7.0977898186, 51.2952671445, 0.0], [7.0994506161, 51.2934901502, 0.0]]}}, {"type": "Feature", "id": "https://registry.gdi-de.org/de.nw/radnetz/instances/Section_Wuppertal_5961_128", "name": "", "dateprops": [], "properties": {"http://rdfs.org/ns/void#inDataset": ["https://registry.gdi-de.org/de.nw/radnetz/instances/exnw_dataset"], "http://www.opengis.net/ont/geosparql#hasGeometry": ["https://registry.gdi-de.org/de.nw/radnetz/instances/Section_Wuppertal_5961_128_geometry"], "http://www.w3.org/1999/02/22-rdf-syntax-ns#type": ["https://registry.gdi-de.org/up3/ontology/Streckenabschnitt_optional"], "https://registry.gdi-de.org/up3/ontology/beginntBeiKnoten": ["https://registry.gdi-de.org/de.nw/radnetz/instances/Knoten_Wuppertal_5986"], "https://registry.gdi-de.org/up3/ontology/endetBeiKnoten": ["https://registry.gdi-de.org/de.nw/radnetz/instances/Knoten_Wuppertal_6023"], "https://registry.gdi-de.org/up3/ontology/geometrieAbschnitt": ["https://registry.gdi-de.org/de.nw/radnetz/instances/Section_Wuppertal_5961_128_geometry"], "https://registry.gdi-de.org/up3/ontology/licht": ["https://registry.gdi-de.org/codelist/de.bund.balm.radnetz/Licht/0"], "https://registry.gdi-de.org/up3/ontology/quell-ID": ["5961"], "https://registry.gdi-de.org/up3/ontology/steigung": ["2.499579"], "https://registry.gdi-de.org/up3/ontology/strecken-ID": ["Section_Wuppertal_5961_128"]}, "geometry": {"type": "LineString", "coordinates": [[7.1628653617, 51.2230819084, 221.56], [7.1625571746, 51.2235486245, 0.0], [7.1625378403, 51.2239173745, 0.0], [7.1628253975, 51.2245347659, 0.0], [7.1637563128, 51.225685122, 0.0], [7.1637358397, 51.2260089297, 0.0], [7.1635295318, 51.2263435848, 0.0], [7.1634915435, 51.227108036, 0.0], [7.163713718, 51.227402471, 0.0], [7.1638052647, 51.2276262937, 234.94]]}}, {"type": "Feature", "id": "https://registry.gdi-de.org/de.nw/radnetz/instances/Section_Wuppertal_11254_1019_left", "name": "", "dateprops": [], "properties": {"http://rdfs.org/ns/void#inDataset": ["https://registry.gdi-de.org/de.nw/radnetz/instances/exnw_dataset"], "http://www.opengis.net/ont/geosparql#hasGeometry": ["https://registry.gdi-de.org/de.nw/radnetz/instances/Section_Wuppertal_11254_1019_left_geometry"], "http://www.w3.org/1999/02/22-rdf-syntax-ns#type": ["https://registry.gdi-de.org/up3/ontology/Streckenabschnitt_optional"], "https://registry.gdi-de.org/up3/ontology/beginntBeiKnoten": ["https://registry.gdi-de.org/de.nw/radnetz/instances/Knoten_Wuppertal_3239"], "https://registry.gdi-de.org/up3/ontology/endetBeiKnoten": ["https://registry.gdi-de.org/de.nw/radnetz/instances/Knoten_Wuppertal_3251"], "https://registry.gdi-de.org/up3/ontology/geometrieAbschnitt": ["https://registry.gdi-de.org/de.nw/radnetz/instances/Section_Wuppertal_11254_1019_left_geometry"], "https://registry.gdi-de.org/up3/ontology/licht": ["https://registry.gdi-de.org/codelist/de.bund.balm.radnetz/Licht/0"], "https://registry.gdi-de.org/up3/ontology/quell-ID": ["11254"], "https://registry.gdi-de.org/up3/ontology/richtung": ["https://registry.gdi-de.org/codelist/de.bund.balm.radnetz/Richtung/3"], "https://registry.gdi-de.org/up3/ontology/steigung": ["4.243236"], "https://registry.gdi-de.org/up3/ontology/strecken-ID": ["Section_Wuppertal_11254_1019_left"]}, "geometry": {"type": "LineString", "coordinates": [[7.0994506161, 51.2934901502, 0.0], [7.100188116, 51.2917562168, 0.0]]}}, {"type": "Feature", "id": "https://registry.gdi-de.org/de.nw/radnetz/instances/Section_Wuppertal_1229959_825", "name": "", "dateprops": [], "properties": {"http://rdfs.org/ns/void#inDataset": ["https://registry.gdi-de.org/de.nw/radnetz/instances/exnw_dataset"], "http://www.opengis.net/ont/geosparql#hasGeometry": ["https://registry.gdi-de.org/de.nw/radnetz/instances/Section_Wuppertal_1229959_825_geometry"], "http://www.w3.org/1999/02/22-rdf-syntax-ns#type": ["https://registry.gdi-de.org/up3/ontology/Streckenabschnitt_optional"], "https://registry.gdi-de.org/up3/ontology/beginntBeiKnoten": ["https://registry.gdi-de.org/de.nw/radnetz/instances/Knoten_Wuppertal_1189691314"], "https://registry.gdi-de.org/up3/ontology/endetBeiKnoten": ["https://registry.gdi-de.org/de.nw/radnetz/instances/Knoten_Wuppertal_1189691216"], "https://registry.gdi-de.org/up3/ontology/geometrieAbschnitt": ["https://registry.gdi-de.org/de.nw/radnetz/instances/Section_Wuppertal_1229959_825_geometry"], "https://registry.gdi-de.org/up3/ontology/licht": ["https://registry.gdi-de.org/codelist/de.bund.balm.radnetz/Licht/0"], "https://registry.gdi-de.org/up3/ontology/quell-ID": ["1229959"], "https://registry.gdi-de.org/up3/ontology/steigung": ["0.2509974"], "https://registry.gdi-de.org/up3/ontology/strecken-ID": ["Section_Wuppertal_1229959_825"]}, "geometry": {"type": "LineString", "coordinates": [[7.237466168, 51.3172081542, 241.53], [7.2373837867, 51.3174856547, 0.0], [7.2369359596, 51.3195329206, 0.0], [7.236229425, 51.3198983656, 0.0], [7.2352733035, 51.3207518506, 0.0], [7.2353706689, 51.3218237163, 0.0], [7.2352923403, 51.3226614964, 0.0], [7.2353941486, 51.3236177095, 0.0], [7.2358245306, 51.3244342254, 0.0], [7.236813171, 51.3252735319, 243.97]]}}, {"type": "Feature", "id": "https://registry.gdi-de.org/de.nw/radnetz/instances/Section_Wuppertal_1229780_767", "name": "", "dateprops": [], "properties": {"http://rdfs.org/ns/void#inDataset": ["https://registry.gdi-de.org/de.nw/radnetz/instances/exnw_dataset"], "http://www.opengis.net/ont/geosparql#hasGeometry": ["https://registry.gdi-de.org/de.nw/radnetz/instances/Section_Wuppertal_1229780_767_geometry"], "http://www.w3.org/1999/02/22-rdf-syntax-ns#type": ["https://registry.gdi-de.org/up3/ontology/Streckenabschnitt_optional"], "https://registry.gdi-de.org/up3/ontology/beginntBeiKnoten": ["https://registry.gdi-de.org/de.nw/radnetz/instances/Knoten_Wuppertal_1189691226"], "https://registry.gdi-de.org/up3/ontology/endetBeiKnoten": ["https://registry.gdi-de.org/de.nw/radnetz/instances/Knoten_Wuppertal_1189691232"], "https://registry.gdi-de.org/up3/ontology/fuehrung": ["https://registry.gdi-de.org/codelist/de.bund.balm.radnetz/Fuehrung/401"], "https://registry.gdi-de.org/up3/ontology/geometrieAbschnitt": ["https://registry.gdi-de.org/de.nw/radnetz/instances/Section_Wuppertal_1229780_767_geometry"], "https://registry.gdi-de.org/up3/ontology/licht": ["https://registry.gdi-de.org/codelist/de.bund.balm.radnetz/Licht/0"], "https://registry.gdi-de.org/up3/ontology/quell-ID": ["1229780"], "https://registry.gdi-de.org/up3/ontology/steigung": ["0.9103971"], "https://registry.gdi-de.org/up3/ontology/strecken-ID": ["Section_Wuppertal_1229780_767"]}, "geometry": {"type": "LineString", "coordinates": [[7.1663880031, 51.239809925, 325.08], [7.1661499707, 51.2398833567, 0.0], [7.1660083938, 51.2398246781, 0.0], [7.1659244972, 51.2398233632, 0.0], [7.1658799984, 51.2397360952, 0.0], [7.1657336276, 51.2396472295, 0.0], [7.1654259074, 51.2395445423, 0.0], [7.1652663552, 51.239485581, 0.0], [7.1650894249, 51.2394112915, 0.0], [7.1648602089, 51.2392947784, 0.0], [7.1645120442, 51.2391538146, 0.0], [7.1641692745, 51.2390279907, 0.0], [7.163896168, 51.2389597187, 0.0], [7.1636533256, 51.2388843919, 0.0], [7.1634443719, 51.2388130921, 327.32]]}}, {"type": "Feature", "id": "https://registry.gdi-de.org/de.nw/radnetz/instances/Section_Wuppertal_7420_154_left", "name": "", "dateprops": [], "properties": {"http://rdfs.org/ns/void#inDataset": ["https://registry.gdi-de.org/de.nw/radnetz/instances/exnw_dataset"], "http://www.opengis.net/ont/geosparql#hasGeometry": ["https://registry.gdi-de.org/de.nw/radnetz/instances/Section_Wuppertal_7420_154_left_geometry"], "http://www.w3.org/1999/02/22-rdf-syntax-ns#type": ["https://registry.gdi-de.org/up3/ontology/Streckenabschnitt_optional"], "https://registry.gdi-de.org/up3/ontology/beginntBeiKnoten": ["https://registry.gdi-de.org/de.nw/radnetz/instances/Knoten_Wuppertal_8732"], "https://registry.gdi-de.org/up3/ontology/endetBeiKnoten": ["https://registry.gdi-de.org/de.nw/radnetz/instances/Knoten_Wuppertal_8782"], "https://registry.gdi-de.org/up3/ontology/geometrieAbschnitt": ["https://registry.gdi-de.org/de.nw/radnetz/instances/Section_Wuppertal_7420_154_left_geometry"], "https://registry.gdi-de.org/up3/ontology/licht": ["https://registry.gdi-de.org/codelist/de.bund.balm.radnetz/Licht/0"], "https://registry.gdi-de.org/up3/ontology/quell-ID": ["7420"], "https://registry.gdi-de.org/up3/ontology/richtung": ["https://registry.gdi-de.org/codelist/de.bund.balm.radnetz/Richtung/3"], "https://registry.gdi-de.org/up3/ontology/steigung": ["5.587338"], "https://registry.gdi-de.org/up3/ontology/strecken-ID": ["Section_Wuppertal_7420_154_left"]}, "geometry": {"type": "LineString", "coordinates": [[7.2301068598, 51.2432185628, 264.03], [7.2307993623, 51.2432592341, 0.0], [7.2320663516, 51.243397936, 271.76]]}}, {"type": "Feature", "id": "https://registry.gdi-de.org/de.nw/radnetz/instances/Section_Wuppertal_1223145_349", "name": "", "dateprops": [], "properties": {"http://rdfs.org/ns/void#inDataset": ["https://registry.gdi-de.org/de.nw/radnetz/instances/exnw_dataset"], "http://www.opengis.net/ont/geosparql#hasGeometry": ["https://registry.gdi-de.org/de.nw/radnetz/instances/Section_Wuppertal_1223145_349_geometry"], "http://www.w3.org/1999/02/22-rdf-syntax-ns#type": ["https://registry.gdi-de.org/up3/ontology/Streckenabschnitt_optional"], "https://registry.gdi-de.org/up3/ontology/beginntBeiKnoten": ["https://registry.gdi-de.org/de.nw/radnetz/instances/Knoten_Wuppertal_60289"], "https://registry.gdi-de.org/up3/ontology/endetBeiKnoten": ["https://registry.gdi-de.org/de.nw/radnetz/instances/Knoten_Wuppertal_60290"], "https://registry.gdi-de.org/up3/ontology/fuehrung": ["https://registry.gdi-de.org/codelist/de.bund.balm.radnetz/Fuehrung/401"], "https://registry.gdi-de.org/up3/ontology/geometrieAbschnitt": ["https://registry.gdi-de.org/de.nw/radnetz/instances/Section_Wuppertal_1223145_349_geometry"], "https://registry.gdi-de.org/up3/ontology/licht": ["https://registry.gdi-de.org/codelist/de.bund.balm.radnetz/Licht/0"], "https://registry.gdi-de.org/up3/ontology/quell-ID": ["1223145"], "https://registry.gdi-de.org/up3/ontology/steigung": ["0.6193354"], "https://registry.gdi-de.org/up3/ontology/strecken-ID": ["Section_Wuppertal_1223145_349"]}, "geometry": {"type": "LineString", "coordinates": [[7.2405907064, 51.2835279353, 196.67], [7.2410977716, 51.2837903428, 0.0], [7.2413306644, 51.2839096599, 0.0], [7.2415105692, 51.2840347984, 197.2]]}}, {"type": "Feature", "id": "https://registry.gdi-de.org/de.nw/radnetz/instances/Section_Wuppertal_1223196_362", "name": "", "dateprops": [], "properties": {"http://rdfs.org/ns/void#inDataset": ["https://registry.gdi-de.org/de.nw/radnetz/instances/exnw_dataset"], "http://www.opengis.net/ont/geosparql#hasGeometry": ["https://registry.gdi-de.org/de.nw/radnetz/instances/Section_Wuppertal_1223196_362_geometry"], "http://www.w3.org/1999/02/22-rdf-syntax-ns#type": ["https://registry.gdi-de.org/up3/ontology/Streckenabschnitt_optional"], "https://registry.gdi-de.org/up3/ontology/beginntBeiKnoten": ["https://registry.gdi-de.org/de.nw/radnetz/instances/Knoten_Wuppertal_60310"], "https://registry.gdi-de.org/up3/ontology/endetBeiKnoten": ["https://registry.gdi-de.org/de.nw/radnetz/instances/Knoten_Wuppertal_60311"], "https://registry.gdi-de.org/up3/ontology/geometrieAbschnitt": ["https://registry.gdi-de.org/de.nw/radnetz/instances/Section_Wuppertal_1223196_362_geometry"], "https://registry.gdi-de.org/up3/ontology/licht": ["https://registry.gdi-de.org/codelist/de.bund.balm.radnetz/Licht/0"], "https://registry.gdi-de.org/up3/ontology/quell-ID": ["1223196"], "https://registry.gdi-de.org/up3/ontology/steigung": ["2.55043"], "https://registry.gdi-de.org/up3/ontology/strecken-ID": ["Section_Wuppertal_1223196_362"]}, "geometry": {"type": "LineString", "coordinates": [[7.1242616957, 51.2276598372, 267.81], [7.124428568, 51.2275563028, 0.0], [7.1246218378, 51.2274611602, 0.0], [7.1247733308, 51.22738086, 0.0], [7.1249822182, 51.2273066496, 0.0], [7.1252499701, 51.2272023583, 0.0], [7.1257179583, 51.2270340582, 0.0], [7.1259447713, 51.2269239393, 0.0], [7.1261563836, 51.2267825536, 0.0], [7.1263772728, 51.2266154625, 0.0], [7.1266356949, 51.2263352207, 0.0], [7.1267346114, 51.2261299829, 0.0], [7.1268360435, 51.2258627385, 0.0], [7.126808536, 51.2255262129, 0.0], [7.1267888377, 51.2252001536, 0.0], [7.1267839209, 51.2249156951, 277.64]]}}, {"type": "Feature", "id": "https://registry.gdi-de.org/de.nw/radnetz/instances/Section_Wuppertal_1230085_853", "name": "", "dateprops": [], "properties": {"http://rdfs.org/ns/void#inDataset": ["https://registry.gdi-de.org/de.nw/radnetz/instances/exnw_dataset"], "http://www.opengis.net/ont/geosparql#hasGeometry": ["https://registry.gdi-de.org/de.nw/radnetz/instances/Section_Wuppertal_1230085_853_geometry"], "http://www.w3.org/1999/02/22-rdf-syntax-ns#type": ["https://registry.gdi-de.org/up3/ontology/Streckenabschnitt_optional"], "https://registry.gdi-de.org/up3/ontology/beginntBeiKnoten": ["https://registry.gdi-de.org/de.nw/radnetz/instances/Knoten_Wuppertal_1189691368"], "https://registry.gdi-de.org/up3/ontology/endetBeiKnoten": ["https://registry.gdi-de.org/de.nw/radnetz/instances/Knoten_Wuppertal_1189691367"], "https://registry.gdi-de.org/up3/ontology/fuehrung": ["https://registry.gdi-de.org/codelist/de.bund.balm.radnetz/Fuehrung/401"], "https://registry.gdi-de.org/up3/ontology/geometrieAbschnitt": ["https://registry.gdi-de.org/de.nw/radnetz/instances/Section_Wuppertal_1230085_853_geometry"], "https://registry.gdi-de.org/up3/ontology/licht": ["https://registry.gdi-de.org/codelist/de.bund.balm.radnetz/Licht/0"], "https://registry.gdi-de.org/up3/ontology/quell-ID": ["1230085"], "https://registry.gdi-de.org/up3/ontology/steigung": ["1.19002"], "https://registry.gdi-de.org/up3/ontology/strecken-ID": ["Section_Wuppertal_1230085_853"]}, "geometry": {"type": "LineString", "coordinates": [[7.2321916615, 51.2397160857, 0.0], [7.2277095677, 51.2389783468, 0.0]]}}, {"type": "Feature", "id": "https://registry.gdi-de.org/de.nw/radnetz/instances/Section_Wuppertal_1226629_606", "name": "", "dateprops": [], "properties": {"http://rdfs.org/ns/void#inDataset": ["https://registry.gdi-de.org/de.nw/radnetz/instances/exnw_dataset"], "http://www.opengis.net/ont/geosparql#hasGeometry": ["https://registry.gdi-de.org/de.nw/radnetz/instances/Section_Wuppertal_1226629_606_geometry"], "http://www.w3.org/1999/02/22-rdf-syntax-ns#type": ["https://registry.gdi-de.org/up3/ontology/Streckenabschnitt_optional"], "https://registry.gdi-de.org/up3/ontology/beginntBeiKnoten": ["https://registry.gdi-de.org/de.nw/radnetz/instances/Knoten_Wuppertal_118350102"], "https://registry.gdi-de.org/up3/ontology/endetBeiKnoten": ["https://registry.gdi-de.org/de.nw/radnetz/instances/Knoten_Wuppertal_3511"], "https://registry.gdi-de.org/up3/ontology/fuehrung": ["https://registry.gdi-de.org/codelist/de.bund.balm.radnetz/Fuehrung/401"], "https://registry.gdi-de.org/up3/ontology/geometrieAbschnitt": ["https://registry.gdi-de.org/de.nw/radnetz/instances/Section_Wuppertal_1226629_606_geometry"], "https://registry.gdi-de.org/up3/ontology/licht": ["https://registry.gdi-de.org/codelist/de.bund.balm.radnetz/Licht/0"], "https://registry.gdi-de.org/up3/ontology/quell-ID": ["1226629"], "https://registry.gdi-de.org/up3/ontology/steigung": ["1.475192"], "https://registry.gdi-de.org/up3/ontology/strecken-ID": ["Section_Wuppertal_1226629_606"]}, "geometry": {"type": "LineString", "coordinates": [[7.1099484457, 51.287488638, 252.46], [7.1097991701, 51.2877464084, 252.91]]}}, {"type": "Feature", "id": "https://registry.gdi-de.org/de.nw/radnetz/instances/Section_Wuppertal_9291_190_right", "name": "", "dateprops": [], "properties": {"http://rdfs.org/ns/void#inDataset": ["https://registry.gdi-de.org/de.nw/radnetz/instances/exnw_dataset"], "http://www.opengis.net/ont/geosparql#hasGeometry": ["https://registry.gdi-de.org/de.nw/radnetz/instances/Section_Wuppertal_9291_190_right_geometry"], "http://www.w3.org/1999/02/22-rdf-syntax-ns#type": ["https://registry.gdi-de.org/up3/ontology/Streckenabschnitt_optional"], "https://registry.gdi-de.org/up3/ontology/beginntBeiKnoten": ["https://registry.gdi-de.org/de.nw/radnetz/instances/Knoten_Wuppertal_9224"], "https://registry.gdi-de.org/up3/ontology/endetBeiKnoten": ["https://registry.gdi-de.org/de.nw/radnetz/instances/Knoten_Wuppertal_9266"], "https://registry.gdi-de.org/up3/ontology/fuehrung": ["https://registry.gdi-de.org/codelist/de.bund.balm.radnetz/Fuehrung/401"], "https://registry.gdi-de.org/up3/ontology/geometrieAbschnitt": ["https://registry.gdi-de.org/de.nw/radnetz/instances/Section_Wuppertal_9291_190_right_geometry"], "https://registry.gdi-de.org/up3/ontology/licht": ["https://registry.gdi-de.org/codelist/de.bund.balm.radnetz/Licht/0"], "https://registry.gdi-de.org/up3/ontology/quell-ID": ["9291"], "https://registry.gdi-de.org/up3/ontology/richtung": ["https://registry.gdi-de.org/codelist/de.bund.balm.radnetz/Richtung/2"], "https://registry.gdi-de.org/up3/ontology/steigung": ["1.75704"], "https://registry.gdi-de.org/up3/ontology/strecken-ID": ["Section_Wuppertal_9291_190_right"]}, "geometry": {"type": "LineString", "coordinates": [[7.2452448793, 51.2872658074, 203.79], [7.2452448985, 51.2877961565, 0.0], [7.2453097485, 51.2880741237, 0.0], [7.2456082917, 51.2885114056, 0.0], [7.2463561839, 51.2891326775, 0.0], [7.2473526494, 51.2899310928, 0.0], [7.2484089163, 51.2908187608, 0.0], [7.2487660701, 51.2913003625, 0.0], [7.2489325199, 51.2916221978, 0.0], [7.2490143341, 51.2920280454, 0.0], [7.2490100994, 51.2923674618, 0.0], [7.2489631454, 51.2927076232, 0.0], [7.2488269969, 51.2930166307, 0.0], [7.2485799721, 51.2934237696, 0.0], [7.2482741613, 51.2937776103, 0.0], [7.2468808099, 51.2952666815, 221.44]]}}, {"type": "Feature", "id": "https://registry.gdi-de.org/de.nw/radnetz/instances/Section_Wuppertal_1229877_797", "name": "", "dateprops": [], "properties": {"http://rdfs.org/ns/void#inDataset": ["https://registry.gdi-de.org/de.nw/radnetz/instances/exnw_dataset"], "http://www.opengis.net/ont/geosparql#hasGeometry": ["https://registry.gdi-de.org/de.nw/radnetz/instances/Section_Wuppertal_1229877_797_geometry"], "http://www.w3.org/1999/02/22-rdf-syntax-ns#type": ["https://registry.gdi-de.org/up3/ontology/Streckenabschnitt_optional"], "https://registry.gdi-de.org/up3/ontology/beginntBeiKnoten": ["https://registry.gdi-de.org/de.nw/radnetz/instances/Knoten_Wuppertal_1189691286"], "https://registry.gdi-de.org/up3/ontology/endetBeiKnoten": ["https://registry.gdi-de.org/de.nw/radnetz/instances/Knoten_Wuppertal_1189691287"], "https://registry.gdi-de.org/up3/ontology/fuehrung": ["https://registry.gdi-de.org/codelist/de.bund.balm.radnetz/Fuehrung/401"], "https://registry.gdi-de.org/up3/ontology/geometrieAbschnitt": ["https://registry.gdi-de.org/de.nw/radnetz/instances/Section_Wuppertal_1229877_797_geometry"], "https://registry.gdi-de.org/up3/ontology/licht": ["https://registry.gdi-de.org/codelist/de.bund.balm.radnetz/Licht/0"], "https://registry.gdi-de.org/up3/ontology/quell-ID": ["1229877"], "https://registry.gdi-de.org/up3/ontology/steigung": ["0.06051362"], "https://registry.gdi-de.org/up3/ontology/strecken-ID": ["Section_Wuppertal_1229877_797"]}, "geometry": {"type": "LineString", "coordinates": [[7.1120803276, 51.1868735681, 129.69], [7.1107922981, 51.1873062765, 0.0], [7.1099658084, 51.1876905933, 0.0], [7.1087100665, 51.1884159241, 0.0], [7.1080329914, 51.1890139048, 0.0], [7.1076498741, 51.1891941148, 0.0], [7.1073153565, 51.1896360799, 129.97]]}}, {"type": "Feature", "id": "https://registry.gdi-de.org/de.nw/radnetz/instances/Section_Wuppertal_1223592_377_left", "name": "", "dateprops": [], "properties": {"http://rdfs.org/ns/void#inDataset": ["https://registry.gdi-de.org/de.nw/radnetz/instances/exnw_dataset"], "http://www.opengis.net/ont/geosparql#hasGeometry": ["https://registry.gdi-de.org/de.nw/radnetz/instances/Section_Wuppertal_1223592_377_left_geometry"], "http://www.w3.org/1999/02/22-rdf-syntax-ns#type": ["https://registry.gdi-de.org/up3/ontology/Streckenabschnitt_optional"], "https://registry.gdi-de.org/up3/ontology/beginntBeiKnoten": ["https://registry.gdi-de.org/de.nw/radnetz/instances/Knoten_Wuppertal_10102"], "https://registry.gdi-de.org/up3/ontology/endetBeiKnoten": ["https://registry.gdi-de.org/de.nw/radnetz/instances/Knoten_Wuppertal_122800101"], "https://registry.gdi-de.org/up3/ontology/geometrieAbschnitt": ["https://registry.gdi-de.org/de.nw/radnetz/instances/Section_Wuppertal_1223592_377_left_geometry"], "https://registry.gdi-de.org/up3/ontology/licht": ["https://registry.gdi-de.org/codelist/de.bund.balm.radnetz/Licht/0"], "https://registry.gdi-de.org/up3/ontology/quell-ID": ["1223592"], "https://registry.gdi-de.org/up3/ontology/richtung": ["https://registry.gdi-de.org/codelist/de.bund.balm.radnetz/Richtung/3"], "https://registry.gdi-de.org/up3/ontology/steigung": ["0.5730724"], "https://registry.gdi-de.org/up3/ontology/strecken-ID": ["Section_Wuppertal_1223592_377_left"]}, "geometry": {"type": "LineString", "coordinates": [[7.3063529929, 51.2414726088, 202.04], [7.3021667099, 51.2450775676, 0.0], [7.2994136398, 51.2466901554, 206.39]]}}, {"type": "Feature", "id": "https://registry.gdi-de.org/de.nw/radnetz/instances/Section_Wuppertal_11261_236", "name": "", "dateprops": [], "properties": {"http://rdfs.org/ns/void#inDataset": ["https://registry.gdi-de.org/de.nw/radnetz/instances/exnw_dataset"], "http://www.opengis.net/ont/geosparql#hasGeometry": ["https://registry.gdi-de.org/de.nw/radnetz/instances/Section_Wuppertal_11261_236_geometry"], "http://www.w3.org/1999/02/22-rdf-syntax-ns#type": ["https://registry.gdi-de.org/up3/ontology/Streckenabschnitt_optional"], "https://registry.gdi-de.org/up3/ontology/beginntBeiKnoten": ["https://registry.gdi-de.org/de.nw/radnetz/instances/Knoten_Wuppertal_9397"], "https://registry.gdi-de.org/up3/ontology/endetBeiKnoten": ["https://registry.gdi-de.org/de.nw/radnetz/instances/Knoten_Wuppertal_9158"], "https://registry.gdi-de.org/up3/ontology/geometrieAbschnitt": ["https://registry.gdi-de.org/de.nw/radnetz/instances/Section_Wuppertal_11261_236_geometry"], "https://registry.gdi-de.org/up3/ontology/licht": ["https://registry.gdi-de.org/codelist/de.bund.balm.radnetz/Licht/0"], "https://registry.gdi-de.org/up3/ontology/quell-ID": ["11261"], "https://registry.gdi-de.org/up3/ontology/steigung": ["1.945962"], "https://registry.gdi-de.org/up3/ontology/strecken-ID": ["Section_Wuppertal_11261_236"]}, "geometry": {"type": "LineString", "coordinates": [[7.2536214565, 51.2530903656, 192.15], [7.2538682018, 51.2529301345, 0.0], [7.2541128444, 51.252836408, 0.0], [7.2549250627, 51.2526430273, 0.0], [7.2552289527, 51.2525100461, 0.0], [7.2560363233, 51.2517656917, 0.0], [7.256092538, 51.2516346568, 0.0], [7.256036255, 51.2514458893, 0.0], [7.2559289124, 51.2511863513, 0.0], [7.255310354, 51.2495120257, 0.0], [7.2551603095, 51.249261943, 0.0], [7.2548485957, 51.2488607804, 0.0], [7.2547548517, 51.2485741285, 0.0], [7.254519619, 51.2483519253, 0.0], [7.2542651791, 51.2479501477, 0.0], [7.2539694835, 51.2476117266, 0.0], [7.2536698396, 51.2471295213, 0.0], [7.2530849424, 51.2466863101, 0.0], [7.2524620173, 51.2464233021, 0.0], [7.2518575691, 51.2463129328, 0.0], [7.2517435131, 51.2463321314, 0.0], [7.2512824621, 51.2462292144, 0.0], [7.2508043704, 51.2460275978, 0.0], [7.2504709107, 51.2458783676, 0.0], [7.2501643689, 51.2456659161, 0.0], [7.2494959984, 51.2453135233, 0.0], [7.2486572873, 51.2450168712, 0.0], [7.2480044717, 51.2447092397, 0.0], [7.2473936462, 51.2443651919, 0.0], [7.2470318316, 51.2442252252, 0.0], [7.2467408773, 51.2440575449, 0.0], [7.2463203247, 51.2438642674, 0.0], [7.2460400321, 51.2435616176, 0.0], [7.2455731208, 51.2432429677, 0.0], [7.2456803708, 51.242972164, 0.0], [7.2459951105, 51.2418991263, 0.0], [7.2459295837, 51.2415941967, 0.0], [7.2454847546, 51.2410326434, 0.0], [7.2449571458, 51.2400584559, 0.0], [7.2448328786, 51.2397002079, 0.0], [7.2447279586, 51.2380104788, 233.12]]}}, {"type": "Feature", "id": "https://registry.gdi-de.org/de.nw/radnetz/instances/Section_Wuppertal_1223041_312", "name": "", "dateprops": [], "properties": {"http://rdfs.org/ns/void#inDataset": ["https://registry.gdi-de.org/de.nw/radnetz/instances/exnw_dataset"], "http://www.opengis.net/ont/geosparql#hasGeometry": ["https://registry.gdi-de.org/de.nw/radnetz/instances/Section_Wuppertal_1223041_312_geometry"], "http://www.w3.org/1999/02/22-rdf-syntax-ns#type": ["https://registry.gdi-de.org/up3/ontology/Streckenabschnitt_optional"], "https://registry.gdi-de.org/up3/ontology/beginntBeiKnoten": ["https://registry.gdi-de.org/de.nw/radnetz/instances/Knoten_Wuppertal_60241"], "https://registry.gdi-de.org/up3/ontology/endetBeiKnoten": ["https://registry.gdi-de.org/de.nw/radnetz/instances/Knoten_Wuppertal_60240"], "https://registry.gdi-de.org/up3/ontology/fuehrung": ["https://registry.gdi-de.org/codelist/de.bund.balm.radnetz/Fuehrung/401"], "https://registry.gdi-de.org/up3/ontology/geometrieAbschnitt": ["https://registry.gdi-de.org/de.nw/radnetz/instances/Section_Wuppertal_1223041_312_geometry"], "https://registry.gdi-de.org/up3/ontology/licht": ["https://registry.gdi-de.org/codelist/de.bund.balm.radnetz/Licht/0"], "https://registry.gdi-de.org/up3/ontology/quell-ID": ["1223041"], "https://registry.gdi-de.org/up3/ontology/steigung": ["4.161831"], "https://registry.gdi-de.org/up3/ontology/strecken-ID": ["Section_Wuppertal_1223041_312"]}, "geometry": {"type": "LineString", "coordinates": [[7.1454034232, 51.2667229944, 174.87], [7.1451566421, 51.2670512224, 176.55]]}}, {"type": "Feature", "id": "https://registry.gdi-de.org/de.nw/radnetz/instances/Section_Wuppertal_1223203_364", "name": "", "dateprops": [], "properties": {"http://rdfs.org/ns/void#inDataset": ["https://registry.gdi-de.org/de.nw/radnetz/instances/exnw_dataset"], "http://www.opengis.net/ont/geosparql#hasGeometry": ["https://registry.gdi-de.org/de.nw/radnetz/instances/Section_Wuppertal_1223203_364_geometry"], "http://www.w3.org/1999/02/22-rdf-syntax-ns#type": ["https://registry.gdi-de.org/up3/ontology/Streckenabschnitt_optional"], "https://registry.gdi-de.org/up3/ontology/beginntBeiKnoten": ["https://registry.gdi-de.org/de.nw/radnetz/instances/Knoten_Wuppertal_60313"], "https://registry.gdi-de.org/up3/ontology/endetBeiKnoten": ["https://registry.gdi-de.org/de.nw/radnetz/instances/Knoten_Wuppertal_4922"], "https://registry.gdi-de.org/up3/ontology/geometrieAbschnitt": ["https://registry.gdi-de.org/de.nw/radnetz/instances/Section_Wuppertal_1223203_364_geometry"], "https://registry.gdi-de.org/up3/ontology/licht": ["https://registry.gdi-de.org/codelist/de.bund.balm.radnetz/Licht/0"], "https://registry.gdi-de.org/up3/ontology/quell-ID": ["1223203"], "https://registry.gdi-de.org/up3/ontology/steigung": ["1.061548"], "https://registry.gdi-de.org/up3/ontology/strecken-ID": ["Section_Wuppertal_1223203_364"]}, "geometry": {"type": "LineString", "coordinates": [[7.1354920238, 51.2270339944, 298.92], [7.1360764333, 51.2270146456, 0.0], [7.1368209984, 51.2269295573, 0.0], [7.1376599677, 51.2268007251, 0.0], [7.1378778158, 51.2267589496, 0.0], [7.1381982698, 51.2267252707, 0.0], [7.1385297925, 51.2266723769, 0.0], [7.138809359, 51.2266315825, 0.0], [7.1390462161, 51.2266288866, 0.0], [7.1394510466, 51.226544841, 0.0], [7.1399890825, 51.2264758376, 0.0], [7.1405687845, 51.2263945671, 0.0], [7.1411803854, 51.2262879487, 0.0], [7.1418004492, 51.2262267026, 0.0], [7.1420177707, 51.2261978387, 0.0], [7.142604632, 51.2261942298, 0.0], [7.1431200055, 51.2261765575, 0.0], [7.1434602462, 51.2261625676, 0.0], [7.1436456671, 51.2261590462, 0.0], [7.14399618, 51.2260956015, 305.35]]}}, {"type": "Feature", "id": "https://registry.gdi-de.org/de.nw/radnetz/instances/Section_Wuppertal_1230037_841", "name": "", "dateprops": [], "properties": {"http://rdfs.org/ns/void#inDataset": ["https://registry.gdi-de.org/de.nw/radnetz/instances/exnw_dataset"], "http://www.opengis.net/ont/geosparql#hasGeometry": ["https://registry.gdi-de.org/de.nw/radnetz/instances/Section_Wuppertal_1230037_841_geometry"], "http://www.w3.org/1999/02/22-rdf-syntax-ns#type": ["https://registry.gdi-de.org/up3/ontology/Streckenabschnitt_optional"], "https://registry.gdi-de.org/up3/ontology/beginntBeiKnoten": ["https://registry.gdi-de.org/de.nw/radnetz/instances/Knoten_Wuppertal_138860101"], "https://registry.gdi-de.org/up3/ontology/endetBeiKnoten": ["https://registry.gdi-de.org/de.nw/radnetz/instances/Knoten_Wuppertal_1189691290"], "https://registry.gdi-de.org/up3/ontology/fuehrung": ["https://registry.gdi-de.org/codelist/de.bund.balm.radnetz/Fuehrung/401"], "https://registry.gdi-de.org/up3/ontology/geometrieAbschnitt": ["https://registry.gdi-de.org/de.nw/radnetz/instances/Section_Wuppertal_1230037_841_geometry"], "https://registry.gdi-de.org/up3/ontology/licht": ["https://registry.gdi-de.org/codelist/de.bund.balm.radnetz/Licht/0"], "https://registry.gdi-de.org/up3/ontology/quell-ID": ["1230037"], "https://registry.gdi-de.org/up3/ontology/steigung": ["3.214387"], "https://registry.gdi-de.org/up3/ontology/strecken-ID": ["Section_Wuppertal_1230037_841"]}, "geometry": {"type": "LineString", "coordinates": [[7.0279798282, 51.2058374511, 175.94], [7.0290651236, 51.2060707625, 0.0], [7.0320974285, 51.2069818302, 0.0], [7.0344460894, 51.2074397043, 0.0], [7.0349420053, 51.2079593974, 0.0], [7.0348862393, 51.2084000907, 0.0], [7.0344834693, 51.2089743657, 197.58]]}}, {"type": "Feature", "id": "https://registry.gdi-de.org/de.nw/radnetz/instances/Section_Wuppertal_4263_100", "name": "", "dateprops": [], "properties": {"http://rdfs.org/ns/void#inDataset": ["https://registry.gdi-de.org/de.nw/radnetz/instances/exnw_dataset"], "http://www.opengis.net/ont/geosparql#hasGeometry": ["https://registry.gdi-de.org/de.nw/radnetz/instances/Section_Wuppertal_4263_100_geometry"], "http://www.w3.org/1999/02/22-rdf-syntax-ns#type": ["https://registry.gdi-de.org/up3/ontology/Streckenabschnitt_optional"], "https://registry.gdi-de.org/up3/ontology/beginntBeiKnoten": ["https://registry.gdi-de.org/de.nw/radnetz/instances/Knoten_Wuppertal_9128"], "https://registry.gdi-de.org/up3/ontology/endetBeiKnoten": ["https://registry.gdi-de.org/de.nw/radnetz/instances/Knoten_Wuppertal_9129"], "https://registry.gdi-de.org/up3/ontology/geometrieAbschnitt": ["https://registry.gdi-de.org/de.nw/radnetz/instances/Section_Wuppertal_4263_100_geometry"], "https://registry.gdi-de.org/up3/ontology/licht": ["https://registry.gdi-de.org/codelist/de.bund.balm.radnetz/Licht/0"], "https://registry.gdi-de.org/up3/ontology/quell-ID": ["4263"], "https://registry.gdi-de.org/up3/ontology/steigung": ["0.1947942"], "https://registry.gdi-de.org/up3/ontology/strecken-ID": ["Section_Wuppertal_4263_100"]}, "geometry": {"type": "LineString", "coordinates": [[7.2438039954, 51.2289380857, 259.76], [7.2438441881, 51.2286623153, 259.82]]}}, {"type": "Feature", "id": "https://registry.gdi-de.org/de.nw/radnetz/instances/Section_Wuppertal_4575_104", "name": "", "dateprops": [], "properties": {"http://rdfs.org/ns/void#inDataset": ["https://registry.gdi-de.org/de.nw/radnetz/instances/exnw_dataset"], "http://www.opengis.net/ont/geosparql#hasGeometry": ["https://registry.gdi-de.org/de.nw/radnetz/instances/Section_Wuppertal_4575_104_geometry"], "http://www.w3.org/1999/02/22-rdf-syntax-ns#type": ["https://registry.gdi-de.org/up3/ontology/Streckenabschnitt_optional"], "https://registry.gdi-de.org/up3/ontology/beginntBeiKnoten": ["https://registry.gdi-de.org/de.nw/radnetz/instances/Knoten_Wuppertal_2193"], "https://registry.gdi-de.org/up3/ontology/endetBeiKnoten": ["https://registry.gdi-de.org/de.nw/radnetz/instances/Knoten_Wuppertal_2222"], "https://registry.gdi-de.org/up3/ontology/fuehrung": ["https://registry.gdi-de.org/codelist/de.bund.balm.radnetz/Fuehrung/401"], "https://registry.gdi-de.org/up3/ontology/geometrieAbschnitt": ["https://registry.gdi-de.org/de.nw/radnetz/instances/Section_Wuppertal_4575_104_geometry"], "https://registry.gdi-de.org/up3/ontology/licht": ["https://registry.gdi-de.org/codelist/de.bund.balm.radnetz/Licht/0"], "https://registry.gdi-de.org/up3/ontology/quell-ID": ["4575"], "https://registry.gdi-de.org/up3/ontology/steigung": ["2.606501"], "https://registry.gdi-de.org/up3/ontology/strecken-ID": ["Section_Wuppertal_4575_104"]}, "geometry": {"type": "LineString", "coordinates": [[7.051329871, 51.2102149175, 222.45], [7.05299703, 51.2107077187, 0.0], [7.0539876559, 51.2108338525, 0.0], [7.0540002989, 51.2108359856, 227.67]]}}, {"type": "Feature", "id": "https://registry.gdi-de.org/de.nw/radnetz/instances/Section_Wuppertal_1230108_871", "name": "", "dateprops": [], "properties": {"http://rdfs.org/ns/void#inDataset": ["https://registry.gdi-de.org/de.nw/radnetz/instances/exnw_dataset"], "http://www.opengis.net/ont/geosparql#hasGeometry": ["https://registry.gdi-de.org/de.nw/radnetz/instances/Section_Wuppertal_1230108_871_geometry"], "http://www.w3.org/1999/02/22-rdf-syntax-ns#type": ["https://registry.gdi-de.org/up3/ontology/Streckenabschnitt_optional"], "https://registry.gdi-de.org/up3/ontology/beginntBeiKnoten": ["https://registry.gdi-de.org/de.nw/radnetz/instances/Knoten_Wuppertal_1189691380"], "https://registry.gdi-de.org/up3/ontology/endetBeiKnoten": ["https://registry.gdi-de.org/de.nw/radnetz/instances/Knoten_Wuppertal_1189691381"], "https://registry.gdi-de.org/up3/ontology/fuehrung": ["https://registry.gdi-de.org/codelist/de.bund.balm.radnetz/Fuehrung/401"], "https://registry.gdi-de.org/up3/ontology/geometrieAbschnitt": ["https://registry.gdi-de.org/de.nw/radnetz/instances/Section_Wuppertal_1230108_871_geometry"], "https://registry.gdi-de.org/up3/ontology/licht": ["https://registry.gdi-de.org/codelist/de.bund.balm.radnetz/Licht/0"], "https://registry.gdi-de.org/up3/ontology/quell-ID": ["1230108"], "https://registry.gdi-de.org/up3/ontology/steigung": ["7.06496"], "https://registry.gdi-de.org/up3/ontology/strecken-ID": ["Section_Wuppertal_1230108_871"]}, "geometry": {"type": "LineString", "coordinates": [[7.2080421997, 51.2786473154, 187.46], [7.2077751429, 51.2786760225, 187.3691], [7.2074822734, 51.2786791245, 187.2938], [7.207190301, 51.2786352842, 187.2332], [7.2068645786, 51.2785740669, 187.1626], [7.2067981923, 51.278515401, 187.05]]}}, {"type": "Feature", "id": "https://registry.gdi-de.org/de.nw/radnetz/instances/Section_Wuppertal_7914_165_right", "name": "", "dateprops": [], "properties": {"http://rdfs.org/ns/void#inDataset": ["https://registry.gdi-de.org/de.nw/radnetz/instances/exnw_dataset"], "http://www.opengis.net/ont/geosparql#hasGeometry": ["https://registry.gdi-de.org/de.nw/radnetz/instances/Section_Wuppertal_7914_165_right_geometry"], "http://www.w3.org/1999/02/22-rdf-syntax-ns#type": ["https://registry.gdi-de.org/up3/ontology/Streckenabschnitt_optional"], "https://registry.gdi-de.org/up3/ontology/beginntBeiKnoten": ["https://registry.gdi-de.org/de.nw/radnetz/instances/Knoten_Wuppertal_10020"], "https://registry.gdi-de.org/up3/ontology/endetBeiKnoten": ["https://registry.gdi-de.org/de.nw/radnetz/instances/Knoten_Wuppertal_10025"], "https://registry.gdi-de.org/up3/ontology/fuehrung": ["https://registry.gdi-de.org/codelist/de.bund.balm.radnetz/Fuehrung/401"], "https://registry.gdi-de.org/up3/ontology/geometrieAbschnitt": ["https://registry.gdi-de.org/de.nw/radnetz/instances/Section_Wuppertal_7914_165_right_geometry"], "https://registry.gdi-de.org/up3/ontology/licht": ["https://registry.gdi-de.org/codelist/de.bund.balm.radnetz/Licht/0"], "https://registry.gdi-de.org/up3/ontology/quell-ID": ["7914"], "https://registry.gdi-de.org/up3/ontology/richtung": ["https://registry.gdi-de.org/codelist/de.bund.balm.radnetz/Richtung/2"], "https://registry.gdi-de.org/up3/ontology/steigung": ["2.714735"], "https://registry.gdi-de.org/up3/ontology/strecken-ID": ["Section_Wuppertal_7914_165_right"]}, "geometry": {"type": "LineString", "coordinates": [[7.295905197, 51.2488776922, 199.05], [7.2964255167, 51.2484902522, 200.58]]}}, {"type": "Feature", "id": "https://registry.gdi-de.org/de.nw/radnetz/instances/Section_Wuppertal_9997_208", "name": "", "dateprops": [], "properties": {"http://rdfs.org/ns/void#inDataset": ["https://registry.gdi-de.org/de.nw/radnetz/instances/exnw_dataset"], "http://www.opengis.net/ont/geosparql#hasGeometry": ["https://registry.gdi-de.org/de.nw/radnetz/instances/Section_Wuppertal_9997_208_geometry"], "http://www.w3.org/1999/02/22-rdf-syntax-ns#type": ["https://registry.gdi-de.org/up3/ontology/Streckenabschnitt_optional"], "https://registry.gdi-de.org/up3/ontology/beginntBeiKnoten": ["https://registry.gdi-de.org/de.nw/radnetz/instances/Knoten_Wuppertal_6072"], "https://registry.gdi-de.org/up3/ontology/endetBeiKnoten": ["https://registry.gdi-de.org/de.nw/radnetz/instances/Knoten_Wuppertal_6057"], "https://registry.gdi-de.org/up3/ontology/geometrieAbschnitt": ["https://registry.gdi-de.org/de.nw/radnetz/instances/Section_Wuppertal_9997_208_geometry"], "https://registry.gdi-de.org/up3/ontology/licht": ["https://registry.gdi-de.org/codelist/de.bund.balm.radnetz/Licht/0"], "https://registry.gdi-de.org/up3/ontology/quell-ID": ["9997"], "https://registry.gdi-de.org/up3/ontology/steigung": ["0.4217657"], "https://registry.gdi-de.org/up3/ontology/strecken-ID": ["Section_Wuppertal_9997_208"]}, "geometry": {"type": "LineString", "coordinates": [[7.1655169168, 51.2115187302, 184.15], [7.1654299348, 51.2114746523, 0.0], [7.1653209146, 51.2111251753, 184.35]]}}, {"type": "Feature", "id": "https://registry.gdi-de.org/de.nw/radnetz/instances/Section_Wuppertal_1229796_768", "name": "", "dateprops": [], "properties": {"http://rdfs.org/ns/void#inDataset": ["https://registry.gdi-de.org/de.nw/radnetz/instances/exnw_dataset"], "http://www.opengis.net/ont/geosparql#hasGeometry": ["https://registry.gdi-de.org/de.nw/radnetz/instances/Section_Wuppertal_1229796_768_geometry"], "http://www.w3.org/1999/02/22-rdf-syntax-ns#type": ["https://registry.gdi-de.org/up3/ontology/Streckenabschnitt_optional"], "https://registry.gdi-de.org/up3/ontology/beginntBeiKnoten": ["https://registry.gdi-de.org/de.nw/radnetz/instances/Knoten_Wuppertal_3395"], "https://registry.gdi-de.org/up3/ontology/endetBeiKnoten": ["https://registry.gdi-de.org/de.nw/radnetz/instances/Knoten_Wuppertal_1189691241"], "https://registry.gdi-de.org/up3/ontology/fuehrung": ["https://registry.gdi-de.org/codelist/de.bund.balm.radnetz/Fuehrung/401"], "https://registry.gdi-de.org/up3/ontology/geometrieAbschnitt": ["https://registry.gdi-de.org/de.nw/radnetz/instances/Section_Wuppertal_1229796_768_geometry"], "https://registry.gdi-de.org/up3/ontology/licht": ["https://registry.gdi-de.org/codelist/de.bund.balm.radnetz/Licht/0"], "https://registry.gdi-de.org/up3/ontology/quell-ID": ["1229796"], "https://registry.gdi-de.org/up3/ontology/steigung": ["0.7264856"], "https://registry.gdi-de.org/up3/ontology/strecken-ID": ["Section_Wuppertal_1229796_768"]}, "geometry": {"type": "LineString", "coordinates": [[7.1084917725, 51.2286653338, 135.63], [7.1087083041, 51.2286226595, 0.0], [7.108890895, 51.2285811682, 0.0], [7.1092486206, 51.228488189, 0.0], [7.1095281535, 51.2283840689, 0.0], [7.1098889081, 51.228217066, 0.0], [7.110163409, 51.2280437306, 0.0], [7.110453627, 51.2278706494, 0.0], [7.1106739164, 51.2276766846, 0.0], [7.1108226623, 51.227501317, 0.0], [7.110888771, 51.2274233765, 0.0], [7.1109413835, 51.2272908982, 0.0], [7.1109549017, 51.2271528514, 0.0], [7.1110159794, 51.227005697, 0.0], [7.1111177671, 51.2268246327, 0.0], [7.1111947648, 51.2266727962, 0.0], [7.1113378671, 51.2264430188, 0.0], [7.1114207224, 51.2261480743, 0.0], [7.1114795948, 51.2258626182, 0.0], [7.1114844632, 51.2255516004, 0.0], [7.1114639372, 51.2252846152, 0.0], [7.1113495071, 51.2250062379, 0.0], [7.111270535, 51.2248222554, 0.0], [7.1111220442, 51.2246075224, 0.0], [7.1108800589, 51.2243715279, 0.0], [7.1106983178, 51.2242007, 0.0], [7.1105320953, 51.2240350598, 0.0], [7.1103723166, 51.2239040905, 0.0], [7.1101506796, 51.223747431, 0.0], [7.1098510632, 51.2235746977, 0.0], [7.1093511704, 51.2232999667, 0.0], [7.1088117874, 51.2230295334, 0.0], [7.1085182185, 51.2229013361, 0.0], [7.1081412432, 51.2226977195, 0.0], [7.1078571561, 51.2225301703, 0.0], [7.1075513183, 51.2223178259, 0.0], [7.1073460231, 51.2221466108, 0.0], [7.1071886895, 51.2219564203, 0.0], [7.1070170574, 51.2217314311, 0.0], [7.1068170316, 51.2214319123, 0.0], [7.106724999, 51.2211835207, 143.23]]}}, {"type": "Feature", "id": "https://registry.gdi-de.org/de.nw/radnetz/instances/Section_Wuppertal_1229881_799", "name": "", "dateprops": [], "properties": {"http://rdfs.org/ns/void#inDataset": ["https://registry.gdi-de.org/de.nw/radnetz/instances/exnw_dataset"], "http://www.opengis.net/ont/geosparql#hasGeometry": ["https://registry.gdi-de.org/de.nw/radnetz/instances/Section_Wuppertal_1229881_799_geometry"], "http://www.w3.org/1999/02/22-rdf-syntax-ns#type": ["https://registry.gdi-de.org/up3/ontology/Streckenabschnitt_optional"], "https://registry.gdi-de.org/up3/ontology/beginntBeiKnoten": ["https://registry.gdi-de.org/de.nw/radnetz/instances/Knoten_Wuppertal_1189691288"], "https://registry.gdi-de.org/up3/ontology/endetBeiKnoten": ["https://registry.gdi-de.org/de.nw/radnetz/instances/Knoten_Wuppertal_1189691287"], "https://registry.gdi-de.org/up3/ontology/fuehrung": ["https://registry.gdi-de.org/codelist/de.bund.balm.radnetz/Fuehrung/401"], "https://registry.gdi-de.org/up3/ontology/geometrieAbschnitt": ["https://registry.gdi-de.org/de.nw/radnetz/instances/Section_Wuppertal_1229881_799_geometry"], "https://registry.gdi-de.org/up3/ontology/licht": ["https://registry.gdi-de.org/codelist/de.bund.balm.radnetz/Licht/0"], "https://registry.gdi-de.org/up3/ontology/quell-ID": ["1229881"], "https://registry.gdi-de.org/up3/ontology/steigung": ["1.713179"], "https://registry.gdi-de.org/up3/ontology/strecken-ID": ["Section_Wuppertal_1229881_799"]}, "geometry": {"type": "LineString", "coordinates": [[7.1069495085, 51.1957331651, 115.23], [7.1066824556, 51.1949446577, 0.0], [7.1065356318, 51.1941842248, 0.0], [7.1065423448, 51.1935381217, 0.0], [7.1065096224, 51.1924067221, 0.0], [7.106472734, 51.1918593298, 0.0], [7.1061728121, 51.1914568051, 0.0], [7.1055323363, 51.1911606089, 0.0], [7.1048264642, 51.1910124758, 0.0], [7.1046659222, 51.1905873515, 0.0], [7.1049137795, 51.1903303967, 0.0], [7.1056405249, 51.1899693545, 0.0], [7.1064594527, 51.1897713532, 0.0], [7.1073153565, 51.1896360799, 129.97]]}}, {"type": "Feature", "id": "https://registry.gdi-de.org/de.nw/radnetz/instances/Section_Wuppertal_1229892_802", "name": "", "dateprops": [], "properties": {"http://rdfs.org/ns/void#inDataset": ["https://registry.gdi-de.org/de.nw/radnetz/instances/exnw_dataset"], "http://www.opengis.net/ont/geosparql#hasGeometry": ["https://registry.gdi-de.org/de.nw/radnetz/instances/Section_Wuppertal_1229892_802_geometry"], "http://www.w3.org/1999/02/22-rdf-syntax-ns#type": ["https://registry.gdi-de.org/up3/ontology/Streckenabschnitt_optional"], "https://registry.gdi-de.org/up3/ontology/beginntBeiKnoten": ["https://registry.gdi-de.org/de.nw/radnetz/instances/Knoten_Wuppertal_1189691292"], "https://registry.gdi-de.org/up3/ontology/endetBeiKnoten": ["https://registry.gdi-de.org/de.nw/radnetz/instances/Knoten_Wuppertal_1189691291"], "https://registry.gdi-de.org/up3/ontology/fuehrung": ["https://registry.gdi-de.org/codelist/de.bund.balm.radnetz/Fuehrung/401"], "https://registry.gdi-de.org/up3/ontology/geometrieAbschnitt": ["https://registry.gdi-de.org/de.nw/radnetz/instances/Section_Wuppertal_1229892_802_geometry"], "https://registry.gdi-de.org/up3/ontology/licht": ["https://registry.gdi-de.org/codelist/de.bund.balm.radnetz/Licht/0"], "https://registry.gdi-de.org/up3/ontology/quell-ID": ["1229892"], "https://registry.gdi-de.org/up3/ontology/steigung": ["1.448417"], "https://registry.gdi-de.org/up3/ontology/strecken-ID": ["Section_Wuppertal_1229892_802"]}, "geometry": {"type": "LineString", "coordinates": [[7.0415622667, 51.2137757628, 197.05], [7.0415368917, 51.21340487, 0.0], [7.0415374135, 51.2130817253, 0.0], [7.0416757372, 51.2126200254, 0.0], [7.0419413212, 51.2122681727, 0.0], [7.0422712391, 51.2119837216, 200.12]]}}, {"type": "Feature", "id": "https://registry.gdi-de.org/de.nw/radnetz/instances/Section_Wuppertal_3067_72", "name": "", "dateprops": [], "properties": {"http://rdfs.org/ns/void#inDataset": ["https://registry.gdi-de.org/de.nw/radnetz/instances/exnw_dataset"], "http://www.opengis.net/ont/geosparql#hasGeometry": ["https://registry.gdi-de.org/de.nw/radnetz/instances/Section_Wuppertal_3067_72_geometry"], "http://www.w3.org/1999/02/22-rdf-syntax-ns#type": ["https://registry.gdi-de.org/up3/ontology/Streckenabschnitt_optional"], "https://registry.gdi-de.org/up3/ontology/beginntBeiKnoten": ["https://registry.gdi-de.org/de.nw/radnetz/instances/Knoten_Wuppertal_9672"], "https://registry.gdi-de.org/up3/ontology/endetBeiKnoten": ["https://registry.gdi-de.org/de.nw/radnetz/instances/Knoten_Wuppertal_9705"], "https://registry.gdi-de.org/up3/ontology/geometrieAbschnitt": ["https://registry.gdi-de.org/de.nw/radnetz/instances/Section_Wuppertal_3067_72_geometry"], "https://registry.gdi-de.org/up3/ontology/licht": ["https://registry.gdi-de.org/codelist/de.bund.balm.radnetz/Licht/0"], "https://registry.gdi-de.org/up3/ontology/quell-ID": ["3067"], "https://registry.gdi-de.org/up3/ontology/steigung": ["1.535519"], "https://registry.gdi-de.org/up3/ontology/strecken-ID": ["Section_Wuppertal_3067_72"]}, "geometry": {"type": "LineString", "coordinates": [[7.2687265697, 51.2540237266, 180.64], [7.268853472, 51.2539504386, 0.0], [7.269161834, 51.2538218132, 0.0], [7.2697712622, 51.253707565, 0.0], [7.2699626779, 51.25363886, 0.0], [7.2703363656, 51.2532628908, 0.0], [7.270594213, 51.2529957137, 183.43]]}}, {"type": "Feature", "id": "https://registry.gdi-de.org/de.nw/radnetz/instances/Section_Wuppertal_5868_127_right", "name": "", "dateprops": [], "properties": {"http://rdfs.org/ns/void#inDataset": ["https://registry.gdi-de.org/de.nw/radnetz/instances/exnw_dataset"], "http://www.opengis.net/ont/geosparql#hasGeometry": ["https://registry.gdi-de.org/de.nw/radnetz/instances/Section_Wuppertal_5868_127_right_geometry"], "http://www.w3.org/1999/02/22-rdf-syntax-ns#type": ["https://registry.gdi-de.org/up3/ontology/Streckenabschnitt_optional"], "https://registry.gdi-de.org/up3/ontology/beginntBeiKnoten": ["https://registry.gdi-de.org/de.nw/radnetz/instances/Knoten_Wuppertal_10011"], "https://registry.gdi-de.org/up3/ontology/endetBeiKnoten": ["https://registry.gdi-de.org/de.nw/radnetz/instances/Knoten_Wuppertal_10020"], "https://registry.gdi-de.org/up3/ontology/fuehrung": ["https://registry.gdi-de.org/codelist/de.bund.balm.radnetz/Fuehrung/401"], "https://registry.gdi-de.org/up3/ontology/geometrieAbschnitt": ["https://registry.gdi-de.org/de.nw/radnetz/instances/Section_Wuppertal_5868_127_right_geometry"], "https://registry.gdi-de.org/up3/ontology/licht": ["https://registry.gdi-de.org/codelist/de.bund.balm.radnetz/Licht/0"], "https://registry.gdi-de.org/up3/ontology/quell-ID": ["5868"], "https://registry.gdi-de.org/up3/ontology/richtung": ["https://registry.gdi-de.org/codelist/de.bund.balm.radnetz/Richtung/2"], "https://registry.gdi-de.org/up3/ontology/steigung": ["3.154314"], "https://registry.gdi-de.org/up3/ontology/strecken-ID": ["Section_Wuppertal_5868_127_right"]}, "geometry": {"type": "LineString", "coordinates": [[7.2955335944, 51.2491184875, 197.87], [7.2957581307, 51.2489541978, 0.0], [7.295905197, 51.2488776922, 199.05]]}}, {"type": "Feature", "id": "https://registry.gdi-de.org/de.nw/radnetz/instances/Section_Wuppertal_12157_259_right", "name": "", "dateprops": [], "properties": {"http://rdfs.org/ns/void#inDataset": ["https://registry.gdi-de.org/de.nw/radnetz/instances/exnw_dataset"], "http://www.opengis.net/ont/geosparql#hasGeometry": ["https://registry.gdi-de.org/de.nw/radnetz/instances/Section_Wuppertal_12157_259_right_geometry"], "http://www.w3.org/1999/02/22-rdf-syntax-ns#type": ["https://registry.gdi-de.org/up3/ontology/Streckenabschnitt_optional"], "https://registry.gdi-de.org/up3/ontology/beginntBeiKnoten": ["https://registry.gdi-de.org/de.nw/radnetz/instances/Knoten_Wuppertal_4138"], "https://registry.gdi-de.org/up3/ontology/endetBeiKnoten": ["https://registry.gdi-de.org/de.nw/radnetz/instances/Knoten_Wuppertal_4055"], "https://registry.gdi-de.org/up3/ontology/fuehrung": ["https://registry.gdi-de.org/codelist/de.bund.balm.radnetz/Fuehrung/401"], "https://registry.gdi-de.org/up3/ontology/geometrieAbschnitt": ["https://registry.gdi-de.org/de.nw/radnetz/instances/Section_Wuppertal_12157_259_right_geometry"], "https://registry.gdi-de.org/up3/ontology/licht": ["https://registry.gdi-de.org/codelist/de.bund.balm.radnetz/Licht/0"], "https://registry.gdi-de.org/up3/ontology/quell-ID": ["12157"], "https://registry.gdi-de.org/up3/ontology/richtung": ["https://registry.gdi-de.org/codelist/de.bund.balm.radnetz/Richtung/2"], "https://registry.gdi-de.org/up3/ontology/steigung": ["1.577387"], "https://registry.gdi-de.org/up3/ontology/strecken-ID": ["Section_Wuppertal_12157_259_right"]}, "geometry": {"type": "LineString", "coordinates": [[7.1257491443, 51.3017773837, 194.2], [7.1258073996, 51.3013653757, 0.0], [7.1256359932, 51.3008096883, 0.0], [7.1247345251, 51.2997127903, 0.0], [7.1243929763, 51.2992307185, 0.0], [7.1243611086, 51.2985119517, 0.0], [7.1245745057, 51.2977895251, 201.56]]}}, {"type": "Feature", "id": "https://registry.gdi-de.org/de.nw/radnetz/instances/Section_Wuppertal_1223031_306", "name": "", "dateprops": [], "properties": {"http://rdfs.org/ns/void#inDataset": ["https://registry.gdi-de.org/de.nw/radnetz/instances/exnw_dataset"], "http://www.opengis.net/ont/geosparql#hasGeometry": ["https://registry.gdi-de.org/de.nw/radnetz/instances/Section_Wuppertal_1223031_306_geometry"], "http://www.w3.org/1999/02/22-rdf-syntax-ns#type": ["https://registry.gdi-de.org/up3/ontology/Streckenabschnitt_optional"], "https://registry.gdi-de.org/up3/ontology/beginntBeiKnoten": ["https://registry.gdi-de.org/de.nw/radnetz/instances/Knoten_Wuppertal_60233"], "https://registry.gdi-de.org/up3/ontology/endetBeiKnoten": ["https://registry.gdi-de.org/de.nw/radnetz/instances/Knoten_Wuppertal_60235"], "https://registry.gdi-de.org/up3/ontology/fuehrung": ["https://registry.gdi-de.org/codelist/de.bund.balm.radnetz/Fuehrung/401"], "https://registry.gdi-de.org/up3/ontology/geometrieAbschnitt": ["https://registry.gdi-de.org/de.nw/radnetz/instances/Section_Wuppertal_1223031_306_geometry"], "https://registry.gdi-de.org/up3/ontology/licht": ["https://registry.gdi-de.org/codelist/de.bund.balm.radnetz/Licht/0"], "https://registry.gdi-de.org/up3/ontology/quell-ID": ["1223031"], "https://registry.gdi-de.org/up3/ontology/steigung": ["3.742827"], "https://registry.gdi-de.org/up3/ontology/strecken-ID": ["Section_Wuppertal_1223031_306"]}, "geometry": {"type": "LineString", "coordinates": [[7.1296499168, 51.2638962191, 176.52], [7.1297841442, 51.2638547402, 0.0], [7.1298307708, 51.2638703105, 0.0], [7.1301226766, 51.2640804055, 0.0], [7.1303209637, 51.2641852299, 0.0], [7.1304534982, 51.264246646, 0.0], [7.1305983009, 51.2642553126, 0.0], [7.1307480232, 51.2642259367, 0.0], [7.130850773, 51.2641894568, 0.0], [7.1311613416, 51.2642683947, 181.29]]}}, {"type": "Feature", "id": "https://registry.gdi-de.org/de.nw/radnetz/instances/Section_Wuppertal_1230074_850", "name": "", "dateprops": [], "properties": {"http://rdfs.org/ns/void#inDataset": ["https://registry.gdi-de.org/de.nw/radnetz/instances/exnw_dataset"], "http://www.opengis.net/ont/geosparql#hasGeometry": ["https://registry.gdi-de.org/de.nw/radnetz/instances/Section_Wuppertal_1230074_850_geometry"], "http://www.w3.org/1999/02/22-rdf-syntax-ns#type": ["https://registry.gdi-de.org/up3/ontology/Streckenabschnitt_optional"], "https://registry.gdi-de.org/up3/ontology/beginntBeiKnoten": ["https://registry.gdi-de.org/de.nw/radnetz/instances/Knoten_Wuppertal_1189691363"], "https://registry.gdi-de.org/up3/ontology/endetBeiKnoten": ["https://registry.gdi-de.org/de.nw/radnetz/instances/Knoten_Wuppertal_1189691362"], "https://registry.gdi-de.org/up3/ontology/fuehrung": ["https://registry.gdi-de.org/codelist/de.bund.balm.radnetz/Fuehrung/401"], "https://registry.gdi-de.org/up3/ontology/geometrieAbschnitt": ["https://registry.gdi-de.org/de.nw/radnetz/instances/Section_Wuppertal_1230074_850_geometry"], "https://registry.gdi-de.org/up3/ontology/licht": ["https://registry.gdi-de.org/codelist/de.bund.balm.radnetz/Licht/0"], "https://registry.gdi-de.org/up3/ontology/quell-ID": ["1230074"], "https://registry.gdi-de.org/up3/ontology/steigung": ["0.5725041"], "https://registry.gdi-de.org/up3/ontology/strecken-ID": ["Section_Wuppertal_1230074_850"]}, "geometry": {"type": "LineString", "coordinates": [[7.0064267036, 51.3038009491, 0.0], [7.0075140974, 51.3023484451, 0.0], [7.0084334165, 51.3020236081, 0.0], [7.0108049533, 51.3016099559, 0.0], [7.0129979838, 51.3011364798, 0.0], [7.0143939969, 51.3002522204, 0.0], [7.0159464103, 51.2999380624, 0.0], [7.017850846, 51.2998568308, 0.0], [7.0186086748, 51.2990752065, 0.0], [7.0186526323, 51.298054511, 0.0], [7.0188041279, 51.2966384089, 0.0], [7.0190974459, 51.2961326529, 0.0], [7.020666763, 51.2954214918, 0.0], [7.0217764964, 51.2948727846, 0.0], [7.0217047775, 51.2931051622, 0.0]]}}, {"type": "Feature", "id": "https://registry.gdi-de.org/de.nw/radnetz/instances/Section_Wuppertal_1225999_530_right", "name": "", "dateprops": [], "properties": {"http://rdfs.org/ns/void#inDataset": ["https://registry.gdi-de.org/de.nw/radnetz/instances/exnw_dataset"], "http://www.opengis.net/ont/geosparql#hasGeometry": ["https://registry.gdi-de.org/de.nw/radnetz/instances/Section_Wuppertal_1225999_530_right_geometry"], "http://www.w3.org/1999/02/22-rdf-syntax-ns#type": ["https://registry.gdi-de.org/up3/ontology/Streckenabschnitt_optional"], "https://registry.gdi-de.org/up3/ontology/beginntBeiKnoten": ["https://registry.gdi-de.org/de.nw/radnetz/instances/Knoten_Wuppertal_9341"], "https://registry.gdi-de.org/up3/ontology/endetBeiKnoten": ["https://registry.gdi-de.org/de.nw/radnetz/instances/Knoten_Wuppertal_116460102"], "https://registry.gdi-de.org/up3/ontology/fuehrung": ["https://registry.gdi-de.org/codelist/de.bund.balm.radnetz/Fuehrung/401"], "https://registry.gdi-de.org/up3/ontology/geometrieAbschnitt": ["https://registry.gdi-de.org/de.nw/radnetz/instances/Section_Wuppertal_1225999_530_right_geometry"], "https://registry.gdi-de.org/up3/ontology/licht": ["https://registry.gdi-de.org/codelist/de.bund.balm.radnetz/Licht/0"], "https://registry.gdi-de.org/up3/ontology/quell-ID": ["1225999"], "https://registry.gdi-de.org/up3/ontology/richtung": ["https://registry.gdi-de.org/codelist/de.bund.balm.radnetz/Richtung/2"], "https://registry.gdi-de.org/up3/ontology/steigung": ["0.4143509"], "https://registry.gdi-de.org/up3/ontology/strecken-ID": ["Section_Wuppertal_1225999_530_right"]}, "geometry": {"type": "LineString", "coordinates": [[7.2516023874, 51.2556333504, 176.6], [7.2525783044, 51.2556592471, 0.0], [7.2535286563, 51.2556257772, 0.0], [7.2548326128, 51.2556387555, 0.0], [7.2553339299, 51.2556506571, 177.68]]}}, {"type": "Feature", "id": "https://registry.gdi-de.org/de.nw/radnetz/instances/Section_Wuppertal_2896_65", "name": "", "dateprops": [], "properties": {"http://rdfs.org/ns/void#inDataset": ["https://registry.gdi-de.org/de.nw/radnetz/instances/exnw_dataset"], "http://www.opengis.net/ont/geosparql#hasGeometry": ["https://registry.gdi-de.org/de.nw/radnetz/instances/Section_Wuppertal_2896_65_geometry"], "http://www.w3.org/1999/02/22-rdf-syntax-ns#type": ["https://registry.gdi-de.org/up3/ontology/Streckenabschnitt_optional"], "https://registry.gdi-de.org/up3/ontology/beginntBeiKnoten": ["https://registry.gdi-de.org/de.nw/radnetz/instances/Knoten_Wuppertal_6090"], "https://registry.gdi-de.org/up3/ontology/endetBeiKnoten": ["https://registry.gdi-de.org/de.nw/radnetz/instances/Knoten_Wuppertal_5989"], "https://registry.gdi-de.org/up3/ontology/geometrieAbschnitt": ["https://registry.gdi-de.org/de.nw/radnetz/instances/Section_Wuppertal_2896_65_geometry"], "https://registry.gdi-de.org/up3/ontology/licht": ["https://registry.gdi-de.org/codelist/de.bund.balm.radnetz/Licht/0"], "https://registry.gdi-de.org/up3/ontology/quell-ID": ["2896"], "https://registry.gdi-de.org/up3/ontology/steigung": ["3.390097"], "https://registry.gdi-de.org/up3/ontology/strecken-ID": ["Section_Wuppertal_2896_65"]}, "geometry": {"type": "LineString", "coordinates": [[7.1656997836, 51.2153552263, 198.34], [7.1660758809, 51.2160795865, 0.0], [7.1661092698, 51.2162680227, 0.0], [7.1658218601, 51.2168464633, 0.0], [7.1657039574, 51.2169305624, 0.0], [7.1652940288, 51.2171024068, 0.0], [7.1648738246, 51.217312912, 0.0], [7.1641247494, 51.2179714719, 0.0], [7.1639033393, 51.218166112, 0.0], [7.1635264372, 51.2184618844, 0.0], [7.163183749, 51.2186935013, 213.65]]}}, {"type": "Feature", "id": "https://registry.gdi-de.org/de.nw/radnetz/instances/Section_Wuppertal_1230068_847", "name": "", "dateprops": [], "properties": {"http://rdfs.org/ns/void#inDataset": ["https://registry.gdi-de.org/de.nw/radnetz/instances/exnw_dataset"], "http://www.opengis.net/ont/geosparql#hasGeometry": ["https://registry.gdi-de.org/de.nw/radnetz/instances/Section_Wuppertal_1230068_847_geometry"], "http://www.w3.org/1999/02/22-rdf-syntax-ns#type": ["https://registry.gdi-de.org/up3/ontology/Streckenabschnitt_optional"], "https://registry.gdi-de.org/up3/ontology/beginntBeiKnoten": ["https://registry.gdi-de.org/de.nw/radnetz/instances/Knoten_Wuppertal_1189691360"], "https://registry.gdi-de.org/up3/ontology/endetBeiKnoten": ["https://registry.gdi-de.org/de.nw/radnetz/instances/Knoten_Wuppertal_1189691361"], "https://registry.gdi-de.org/up3/ontology/geometrieAbschnitt": ["https://registry.gdi-de.org/de.nw/radnetz/instances/Section_Wuppertal_1230068_847_geometry"], "https://registry.gdi-de.org/up3/ontology/licht": ["https://registry.gdi-de.org/codelist/de.bund.balm.radnetz/Licht/0"], "https://registry.gdi-de.org/up3/ontology/quell-ID": ["1230068"], "https://registry.gdi-de.org/up3/ontology/steigung": ["2.05649"], "https://registry.gdi-de.org/up3/ontology/strecken-ID": ["Section_Wuppertal_1230068_847"]}, "geometry": {"type": "LineString", "coordinates": [[7.0507381282, 51.2868596429, 0.0], [7.0506130816, 51.2878156224, 0.0], [7.0539653474, 51.2879803553, 0.0], [7.055051213, 51.2883252626, 0.0], [7.0561187011, 51.2891056675, 0.0], [7.0565618098, 51.2895851552, 0.0], [7.0566377236, 51.2905306764, 0.0], [7.0560800069, 51.2913930407, 0.0], [7.0547836014, 51.2919162708, 0.0], [7.0519729951, 51.2926322044, 0.0], [7.0510832309, 51.2931258422, 0.0], [7.0506303849, 51.2942441514, 0.0], [7.0505309869, 51.2952230742, 0.0], [7.0514172073, 51.2961820902, 0.0], [7.0528382863, 51.2968231373, 0.0], [7.0587364924, 51.2984464383, 0.0], [7.0597570971, 51.2989718055, 0.0], [7.0637966004, 51.3022607622, 0.0]]}}, {"type": "Feature", "id": "https://registry.gdi-de.org/de.nw/radnetz/instances/Section_Wuppertal_2145_44", "name": "", "dateprops": [], "properties": {"http://rdfs.org/ns/void#inDataset": ["https://registry.gdi-de.org/de.nw/radnetz/instances/exnw_dataset"], "http://www.opengis.net/ont/geosparql#hasGeometry": ["https://registry.gdi-de.org/de.nw/radnetz/instances/Section_Wuppertal_2145_44_geometry"], "http://www.w3.org/1999/02/22-rdf-syntax-ns#type": ["https://registry.gdi-de.org/up3/ontology/Streckenabschnitt_optional"], "https://registry.gdi-de.org/up3/ontology/beginntBeiKnoten": ["https://registry.gdi-de.org/de.nw/radnetz/instances/Knoten_Wuppertal_9464"], "https://registry.gdi-de.org/up3/ontology/endetBeiKnoten": ["https://registry.gdi-de.org/de.nw/radnetz/instances/Knoten_Wuppertal_9452"], "https://registry.gdi-de.org/up3/ontology/geometrieAbschnitt": ["https://registry.gdi-de.org/de.nw/radnetz/instances/Section_Wuppertal_2145_44_geometry"], "https://registry.gdi-de.org/up3/ontology/licht": ["https://registry.gdi-de.org/codelist/de.bund.balm.radnetz/Licht/0"], "https://registry.gdi-de.org/up3/ontology/quell-ID": ["2145"], "https://registry.gdi-de.org/up3/ontology/steigung": ["6.972373"], "https://registry.gdi-de.org/up3/ontology/strecken-ID": ["Section_Wuppertal_2145_44"]}, "geometry": {"type": "LineString", "coordinates": [[7.2553971094, 51.2850130871, 186.12], [7.2546860833, 51.2848037824, 189.94]]}}, {"type": "Feature", "id": "https://registry.gdi-de.org/de.nw/radnetz/instances/Section_Wuppertal_1223184_358", "name": "", "dateprops": [], "properties": {"http://rdfs.org/ns/void#inDataset": ["https://registry.gdi-de.org/de.nw/radnetz/instances/exnw_dataset"], "http://www.opengis.net/ont/geosparql#hasGeometry": ["https://registry.gdi-de.org/de.nw/radnetz/instances/Section_Wuppertal_1223184_358_geometry"], "http://www.w3.org/1999/02/22-rdf-syntax-ns#type": ["https://registry.gdi-de.org/up3/ontology/Streckenabschnitt_optional"], "https://registry.gdi-de.org/up3/ontology/beginntBeiKnoten": ["https://registry.gdi-de.org/de.nw/radnetz/instances/Knoten_Wuppertal_60303"], "https://registry.gdi-de.org/up3/ontology/endetBeiKnoten": ["https://registry.gdi-de.org/de.nw/radnetz/instances/Knoten_Wuppertal_60305"], "https://registry.gdi-de.org/up3/ontology/geometrieAbschnitt": ["https://registry.gdi-de.org/de.nw/radnetz/instances/Section_Wuppertal_1223184_358_geometry"], "https://registry.gdi-de.org/up3/ontology/licht": ["https://registry.gdi-de.org/codelist/de.bund.balm.radnetz/Licht/0"], "https://registry.gdi-de.org/up3/ontology/quell-ID": ["1223184"], "https://registry.gdi-de.org/up3/ontology/steigung": ["1.53802"], "https://registry.gdi-de.org/up3/ontology/strecken-ID": ["Section_Wuppertal_1223184_358"]}, "geometry": {"type": "LineString", "coordinates": [[7.1139932034, 51.2417674539, 198.41], [7.1141875938, 51.241485415, 0.0], [7.1143303437, 51.2412679673, 0.0], [7.114424814, 51.2409721842, 0.0], [7.1145324787, 51.2406055181, 0.0], [7.1145316976, 51.2403728313, 0.0], [7.1144934444, 51.2403011202, 0.0], [7.1144317189, 51.2400480621, 0.0], [7.1143911008, 51.2397824173, 0.0], [7.1143702823, 51.2392844173, 0.0], [7.1143687109, 51.2390711071, 0.0], [7.1142571255, 51.2387784658, 0.0], [7.1140534662, 51.2384714145, 0.0], [7.1135640908, 51.2381015882, 0.0], [7.1130491238, 51.2378541471, 0.0], [7.1123384049, 51.2376100094, 0.0], [7.1114372017, 51.2374920566, 0.0], [7.1107069467, 51.2374738045, 0.0], [7.1103323869, 51.2374826354, 208.78]]}}, {"type": "Feature", "id": "https://registry.gdi-de.org/de.nw/radnetz/instances/Section_Wuppertal_10210_215", "name": "", "dateprops": [], "properties": {"http://rdfs.org/ns/void#inDataset": ["https://registry.gdi-de.org/de.nw/radnetz/instances/exnw_dataset"], "http://www.opengis.net/ont/geosparql#hasGeometry": ["https://registry.gdi-de.org/de.nw/radnetz/instances/Section_Wuppertal_10210_215_geometry"], "http://www.w3.org/1999/02/22-rdf-syntax-ns#type": ["https://registry.gdi-de.org/up3/ontology/Streckenabschnitt_optional"], "https://registry.gdi-de.org/up3/ontology/beginntBeiKnoten": ["https://registry.gdi-de.org/de.nw/radnetz/instances/Knoten_Wuppertal_4031"], "https://registry.gdi-de.org/up3/ontology/endetBeiKnoten": ["https://registry.gdi-de.org/de.nw/radnetz/instances/Knoten_Wuppertal_4138"], "https://registry.gdi-de.org/up3/ontology/fuehrung": ["https://registry.gdi-de.org/codelist/de.bund.balm.radnetz/Fuehrung/401"], "https://registry.gdi-de.org/up3/ontology/geometrieAbschnitt": ["https://registry.gdi-de.org/de.nw/radnetz/instances/Section_Wuppertal_10210_215_geometry"], "https://registry.gdi-de.org/up3/ontology/licht": ["https://registry.gdi-de.org/codelist/de.bund.balm.radnetz/Licht/0"], "https://registry.gdi-de.org/up3/ontology/quell-ID": ["10210"], "https://registry.gdi-de.org/up3/ontology/steigung": ["1.631242"], "https://registry.gdi-de.org/up3/ontology/strecken-ID": ["Section_Wuppertal_10210_215"]}, "geometry": {"type": "LineString", "coordinates": [[7.1237629342, 51.3030826715, 190.84], [7.1245655611, 51.3027648816, 0.0], [7.1250711206, 51.3025087564, 0.0], [7.1252997085, 51.3023230066, 0.0], [7.1254158257, 51.3022056996, 0.0], [7.1257491443, 51.3017773837, 194.2]]}}, {"type": "Feature", "id": "https://registry.gdi-de.org/de.nw/radnetz/instances/Section_Wuppertal_1229968_828", "name": "", "dateprops": [], "properties": {"http://rdfs.org/ns/void#inDataset": ["https://registry.gdi-de.org/de.nw/radnetz/instances/exnw_dataset"], "http://www.opengis.net/ont/geosparql#hasGeometry": ["https://registry.gdi-de.org/de.nw/radnetz/instances/Section_Wuppertal_1229968_828_geometry"], "http://www.w3.org/1999/02/22-rdf-syntax-ns#type": ["https://registry.gdi-de.org/up3/ontology/Streckenabschnitt_optional"], "https://registry.gdi-de.org/up3/ontology/beginntBeiKnoten": ["https://registry.gdi-de.org/de.nw/radnetz/instances/Knoten_Wuppertal_2524"], "https://registry.gdi-de.org/up3/ontology/endetBeiKnoten": ["https://registry.gdi-de.org/de.nw/radnetz/instances/Knoten_Wuppertal_1189691315"], "https://registry.gdi-de.org/up3/ontology/fuehrung": ["https://registry.gdi-de.org/codelist/de.bund.balm.radnetz/Fuehrung/401"], "https://registry.gdi-de.org/up3/ontology/geometrieAbschnitt": ["https://registry.gdi-de.org/de.nw/radnetz/instances/Section_Wuppertal_1229968_828_geometry"], "https://registry.gdi-de.org/up3/ontology/licht": ["https://registry.gdi-de.org/codelist/de.bund.balm.radnetz/Licht/0"], "https://registry.gdi-de.org/up3/ontology/quell-ID": ["1229968"], "https://registry.gdi-de.org/up3/ontology/steigung": ["1.355524"], "https://registry.gdi-de.org/up3/ontology/strecken-ID": ["Section_Wuppertal_1229968_828"]}, "geometry": {"type": "LineString", "coordinates": [[7.0687786509, 51.2077750126, 207.69], [7.0681852589, 51.2078026854, 0.0], [7.0673892056, 51.2083145345, 0.0], [7.0672688, 51.2084295244, 0.0]]}}, {"type": "Feature", "id": "https://registry.gdi-de.org/de.nw/radnetz/instances/Section_Wuppertal_1229894_804", "name": "", "dateprops": [], "properties": {"http://rdfs.org/ns/void#inDataset": ["https://registry.gdi-de.org/de.nw/radnetz/instances/exnw_dataset"], "http://www.opengis.net/ont/geosparql#hasGeometry": ["https://registry.gdi-de.org/de.nw/radnetz/instances/Section_Wuppertal_1229894_804_geometry"], "http://www.w3.org/1999/02/22-rdf-syntax-ns#type": ["https://registry.gdi-de.org/up3/ontology/Streckenabschnitt_optional"], "https://registry.gdi-de.org/up3/ontology/beginntBeiKnoten": ["https://registry.gdi-de.org/de.nw/radnetz/instances/Knoten_Wuppertal_1189691293"], "https://registry.gdi-de.org/up3/ontology/endetBeiKnoten": ["https://registry.gdi-de.org/de.nw/radnetz/instances/Knoten_Wuppertal_2095"], "https://registry.gdi-de.org/up3/ontology/fuehrung": ["https://registry.gdi-de.org/codelist/de.bund.balm.radnetz/Fuehrung/405"], "https://registry.gdi-de.org/up3/ontology/geometrieAbschnitt": ["https://registry.gdi-de.org/de.nw/radnetz/instances/Section_Wuppertal_1229894_804_geometry"], "https://registry.gdi-de.org/up3/ontology/licht": ["https://registry.gdi-de.org/codelist/de.bund.balm.radnetz/Licht/0"], "https://registry.gdi-de.org/up3/ontology/quell-ID": ["1229894"], "https://registry.gdi-de.org/up3/ontology/steigung": ["1.510959"], "https://registry.gdi-de.org/up3/ontology/strecken-ID": ["Section_Wuppertal_1229894_804"]}, "geometry": {"type": "LineString", "coordinates": [[7.0431354721, 51.21534676, 193.53], [7.0425786874, 51.2149880414, 0.0], [7.042144061, 51.2147051824, 0.0], [7.0420285047, 51.2144739212, 195.44]]}}, {"type": "Feature", "id": "https://registry.gdi-de.org/de.nw/radnetz/instances/Section_Wuppertal_1230028_834", "name": "", "dateprops": [], "properties": {"http://rdfs.org/ns/void#inDataset": ["https://registry.gdi-de.org/de.nw/radnetz/instances/exnw_dataset"], "http://www.opengis.net/ont/geosparql#hasGeometry": ["https://registry.gdi-de.org/de.nw/radnetz/instances/Section_Wuppertal_1230028_834_geometry"], "http://www.w3.org/1999/02/22-rdf-syntax-ns#type": ["https://registry.gdi-de.org/up3/ontology/Streckenabschnitt_optional"], "https://registry.gdi-de.org/up3/ontology/beginntBeiKnoten": ["https://registry.gdi-de.org/de.nw/radnetz/instances/Knoten_Wuppertal_1189691345"], "https://registry.gdi-de.org/up3/ontology/endetBeiKnoten": ["https://registry.gdi-de.org/de.nw/radnetz/instances/Knoten_Wuppertal_1189691347"], "https://registry.gdi-de.org/up3/ontology/geometrieAbschnitt": ["https://registry.gdi-de.org/de.nw/radnetz/instances/Section_Wuppertal_1230028_834_geometry"], "https://registry.gdi-de.org/up3/ontology/licht": ["https://registry.gdi-de.org/codelist/de.bund.balm.radnetz/Licht/0"], "https://registry.gdi-de.org/up3/ontology/quell-ID": ["1230028"], "https://registry.gdi-de.org/up3/ontology/steigung": ["0.297012"], "https://registry.gdi-de.org/up3/ontology/strecken-ID": ["Section_Wuppertal_1230028_834"]}, "geometry": {"type": "LineString", "coordinates": [[7.0926089073, 51.1716870844, 0.0], [7.0924001156, 51.1704750086, 0.0], [7.0911735855, 51.1679446802, 0.0], [7.0909552531, 51.1669648815, 0.0], [7.0900925612, 51.1663697038, 0.0], [7.088049596, 51.1657087408, 0.0], [7.0870617146, 51.1654601489, 0.0], [7.0849559118, 51.1654256837, 0.0], [7.0823987473, 51.164686469, 0.0]]}}, {"type": "Feature", "id": "https://registry.gdi-de.org/de.nw/radnetz/instances/Section_Wuppertal_4480_103", "name": "", "dateprops": [], "properties": {"http://rdfs.org/ns/void#inDataset": ["https://registry.gdi-de.org/de.nw/radnetz/instances/exnw_dataset"], "http://www.opengis.net/ont/geosparql#hasGeometry": ["https://registry.gdi-de.org/de.nw/radnetz/instances/Section_Wuppertal_4480_103_geometry"], "http://www.w3.org/1999/02/22-rdf-syntax-ns#type": ["https://registry.gdi-de.org/up3/ontology/Streckenabschnitt_optional"], "https://registry.gdi-de.org/up3/ontology/beginntBeiKnoten": ["https://registry.gdi-de.org/de.nw/radnetz/instances/Knoten_Wuppertal_8847"], "https://registry.gdi-de.org/up3/ontology/endetBeiKnoten": ["https://registry.gdi-de.org/de.nw/radnetz/instances/Knoten_Wuppertal_8840"], "https://registry.gdi-de.org/up3/ontology/fuehrung": ["https://registry.gdi-de.org/codelist/de.bund.balm.radnetz/Fuehrung/401"], "https://registry.gdi-de.org/up3/ontology/geometrieAbschnitt": ["https://registry.gdi-de.org/de.nw/radnetz/instances/Section_Wuppertal_4480_103_geometry"], "https://registry.gdi-de.org/up3/ontology/licht": ["https://registry.gdi-de.org/codelist/de.bund.balm.radnetz/Licht/0"], "https://registry.gdi-de.org/up3/ontology/quell-ID": ["4480"], "https://registry.gdi-de.org/up3/ontology/steigung": ["0.8371248"], "https://registry.gdi-de.org/up3/ontology/strecken-ID": ["Section_Wuppertal_4480_103"]}, "geometry": {"type": "LineString", "coordinates": [[7.2347020183, 51.225839256, 300.91], [7.2344234138, 51.2263241718, 301.39]]}}, {"type": "Feature", "id": "https://registry.gdi-de.org/de.nw/radnetz/instances/Section_Wuppertal_1223064_318", "name": "", "dateprops": [], "properties": {"http://rdfs.org/ns/void#inDataset": ["https://registry.gdi-de.org/de.nw/radnetz/instances/exnw_dataset"], "http://www.opengis.net/ont/geosparql#hasGeometry": ["https://registry.gdi-de.org/de.nw/radnetz/instances/Section_Wuppertal_1223064_318_geometry"], "http://www.w3.org/1999/02/22-rdf-syntax-ns#type": ["https://registry.gdi-de.org/up3/ontology/Streckenabschnitt_optional"], "https://registry.gdi-de.org/up3/ontology/beginntBeiKnoten": ["https://registry.gdi-de.org/de.nw/radnetz/instances/Knoten_Wuppertal_60253"], "https://registry.gdi-de.org/up3/ontology/endetBeiKnoten": ["https://registry.gdi-de.org/de.nw/radnetz/instances/Knoten_Wuppertal_60251"], "https://registry.gdi-de.org/up3/ontology/fuehrung": ["https://registry.gdi-de.org/codelist/de.bund.balm.radnetz/Fuehrung/401"], "https://registry.gdi-de.org/up3/ontology/geometrieAbschnitt": ["https://registry.gdi-de.org/de.nw/radnetz/instances/Section_Wuppertal_1223064_318_geometry"], "https://registry.gdi-de.org/up3/ontology/licht": ["https://registry.gdi-de.org/codelist/de.bund.balm.radnetz/Licht/0"], "https://registry.gdi-de.org/up3/ontology/quell-ID": ["1223064"], "https://registry.gdi-de.org/up3/ontology/steigung": ["0.8869812"], "https://registry.gdi-de.org/up3/ontology/strecken-ID": ["Section_Wuppertal_1223064_318"]}, "geometry": {"type": "LineString", "coordinates": [[7.1653050453, 51.268521135, 180.81], [7.165178087, 51.2687509873, 181.05]]}}, {"type": "Feature", "id": "https://registry.gdi-de.org/de.nw/radnetz/instances/Section_Wuppertal_7705_159", "name": "", "dateprops": [], "properties": {"http://rdfs.org/ns/void#inDataset": ["https://registry.gdi-de.org/de.nw/radnetz/instances/exnw_dataset"], "http://www.opengis.net/ont/geosparql#hasGeometry": ["https://registry.gdi-de.org/de.nw/radnetz/instances/Section_Wuppertal_7705_159_geometry"], "http://www.w3.org/1999/02/22-rdf-syntax-ns#type": ["https://registry.gdi-de.org/up3/ontology/Streckenabschnitt_optional"], "https://registry.gdi-de.org/up3/ontology/beginntBeiKnoten": ["https://registry.gdi-de.org/de.nw/radnetz/instances/Knoten_Wuppertal_6190"], "https://registry.gdi-de.org/up3/ontology/endetBeiKnoten": ["https://registry.gdi-de.org/de.nw/radnetz/instances/Knoten_Wuppertal_6180"], "https://registry.gdi-de.org/up3/ontology/fuehrung": ["https://registry.gdi-de.org/codelist/de.bund.balm.radnetz/Fuehrung/401"], "https://registry.gdi-de.org/up3/ontology/geometrieAbschnitt": ["https://registry.gdi-de.org/de.nw/radnetz/instances/Section_Wuppertal_7705_159_geometry"], "https://registry.gdi-de.org/up3/ontology/licht": ["https://registry.gdi-de.org/codelist/de.bund.balm.radnetz/Licht/0"], "https://registry.gdi-de.org/up3/ontology/quell-ID": ["7705"], "https://registry.gdi-de.org/up3/ontology/steigung": ["5.524785"], "https://registry.gdi-de.org/up3/ontology/strecken-ID": ["Section_Wuppertal_7705_159"]}, "geometry": {"type": "LineString", "coordinates": [[7.1674946453, 51.2391790779, 323.26], [7.1672194192, 51.2393199767, 324.63]]}}, {"type": "Feature", "id": "https://registry.gdi-de.org/de.nw/radnetz/instances/Section_Wuppertal_9488_192_right", "name": "", "dateprops": [], "properties": {"http://rdfs.org/ns/void#inDataset": ["https://registry.gdi-de.org/de.nw/radnetz/instances/exnw_dataset"], "http://www.opengis.net/ont/geosparql#hasGeometry": ["https://registry.gdi-de.org/de.nw/radnetz/instances/Section_Wuppertal_9488_192_right_geometry"], "http://www.w3.org/1999/02/22-rdf-syntax-ns#type": ["https://registry.gdi-de.org/up3/ontology/Streckenabschnitt_optional"], "https://registry.gdi-de.org/up3/ontology/beginntBeiKnoten": ["https://registry.gdi-de.org/de.nw/radnetz/instances/Knoten_Wuppertal_9577"], "https://registry.gdi-de.org/up3/ontology/endetBeiKnoten": ["https://registry.gdi-de.org/de.nw/radnetz/instances/Knoten_Wuppertal_9612"], "https://registry.gdi-de.org/up3/ontology/fuehrung": ["https://registry.gdi-de.org/codelist/de.bund.balm.radnetz/Fuehrung/401"], "https://registry.gdi-de.org/up3/ontology/geometrieAbschnitt": ["https://registry.gdi-de.org/de.nw/radnetz/instances/Section_Wuppertal_9488_192_right_geometry"], "https://registry.gdi-de.org/up3/ontology/licht": ["https://registry.gdi-de.org/codelist/de.bund.balm.radnetz/Licht/0"], "https://registry.gdi-de.org/up3/ontology/quell-ID": ["9488"], "https://registry.gdi-de.org/up3/ontology/richtung": ["https://registry.gdi-de.org/codelist/de.bund.balm.radnetz/Richtung/2"], "https://registry.gdi-de.org/up3/ontology/steigung": ["0.9072079"], "https://registry.gdi-de.org/up3/ontology/strecken-ID": ["Section_Wuppertal_9488_192_right"]}, "geometry": {"type": "LineString", "coordinates": [[7.2614058771, 51.2844699004, 183.93], [7.2622187396, 51.2850886639, 0.0], [7.2626774762, 51.2854369185, 0.0], [7.2629905249, 51.2856911824, 0.0], [7.2635657091, 51.2862261714, 186.17]]}}, {"type": "Feature", "id": "https://registry.gdi-de.org/de.nw/radnetz/instances/Section_Wuppertal_7639_157", "name": "", "dateprops": [], "properties": {"http://rdfs.org/ns/void#inDataset": ["https://registry.gdi-de.org/de.nw/radnetz/instances/exnw_dataset"], "http://www.opengis.net/ont/geosparql#hasGeometry": ["https://registry.gdi-de.org/de.nw/radnetz/instances/Section_Wuppertal_7639_157_geometry"], "http://www.w3.org/1999/02/22-rdf-syntax-ns#type": ["https://registry.gdi-de.org/up3/ontology/Streckenabschnitt_optional"], "https://registry.gdi-de.org/up3/ontology/beginntBeiKnoten": ["https://registry.gdi-de.org/de.nw/radnetz/instances/Knoten_Wuppertal_3511"], "https://registry.gdi-de.org/up3/ontology/endetBeiKnoten": ["https://registry.gdi-de.org/de.nw/radnetz/instances/Knoten_Wuppertal_3501"], "https://registry.gdi-de.org/up3/ontology/fuehrung": ["https://registry.gdi-de.org/codelist/de.bund.balm.radnetz/Fuehrung/401"], "https://registry.gdi-de.org/up3/ontology/geometrieAbschnitt": ["https://registry.gdi-de.org/de.nw/radnetz/instances/Section_Wuppertal_7639_157_geometry"], "https://registry.gdi-de.org/up3/ontology/licht": ["https://registry.gdi-de.org/codelist/de.bund.balm.radnetz/Licht/0"], "https://registry.gdi-de.org/up3/ontology/quell-ID": ["7639"], "https://registry.gdi-de.org/up3/ontology/steigung": ["1.247208"], "https://registry.gdi-de.org/up3/ontology/strecken-ID": ["Section_Wuppertal_7639_157"]}, "geometry": {"type": "LineString", "coordinates": [[7.1097991701, 51.2877464084, 252.91], [7.1096027653, 51.2880774434, 253.4]]}}, {"type": "Feature", "id": "https://registry.gdi-de.org/de.nw/radnetz/instances/Section_Wuppertal_1229903_810", "name": "", "dateprops": [], "properties": {"http://rdfs.org/ns/void#inDataset": ["https://registry.gdi-de.org/de.nw/radnetz/instances/exnw_dataset"], "http://www.opengis.net/ont/geosparql#hasGeometry": ["https://registry.gdi-de.org/de.nw/radnetz/instances/Section_Wuppertal_1229903_810_geometry"], "http://www.w3.org/1999/02/22-rdf-syntax-ns#type": ["https://registry.gdi-de.org/up3/ontology/Streckenabschnitt_optional"], "https://registry.gdi-de.org/up3/ontology/beginntBeiKnoten": ["https://registry.gdi-de.org/de.nw/radnetz/instances/Knoten_Wuppertal_1189691295"], "https://registry.gdi-de.org/up3/ontology/endetBeiKnoten": ["https://registry.gdi-de.org/de.nw/radnetz/instances/Knoten_Wuppertal_2615"], "https://registry.gdi-de.org/up3/ontology/geometrieAbschnitt": ["https://registry.gdi-de.org/de.nw/radnetz/instances/Section_Wuppertal_1229903_810_geometry"], "https://registry.gdi-de.org/up3/ontology/licht": ["https://registry.gdi-de.org/codelist/de.bund.balm.radnetz/Licht/0"], "https://registry.gdi-de.org/up3/ontology/quell-ID": ["1229903"], "https://registry.gdi-de.org/up3/ontology/steigung": ["2.958047"], "https://registry.gdi-de.org/up3/ontology/strecken-ID": ["Section_Wuppertal_1229903_810"]}, "geometry": {"type": "LineString", "coordinates": [[7.0583973593, 51.2422625582, 170.55], [7.0585929074, 51.2426972813, 0.0], [7.0587279938, 51.2429860317, 0.0], [7.0588437641, 51.243034164, 0.0], [7.0599605018, 51.243089653, 0.0], [7.0602977681, 51.2431229713, 0.0], [7.0605916682, 51.2431370852, 0.0], [7.0610060017, 51.2430884985, 0.0], [7.061168249, 51.2430819446, 0.0], [7.0614098934, 51.2429380725, 0.0], [7.0616383766, 51.2427570125, 0.0], [7.0619648086, 51.2426977239, 0.0], [7.0624906418, 51.2427988535, 0.0], [7.063557778, 51.2433340842, 0.0], [7.063536468, 51.2434908496, 0.0], [7.0635449753, 51.243638866, 0.0], [7.0635999535, 51.2437321984, 0.0], [7.063830346, 51.2438561603, 0.0], [7.0639585114, 51.2439599458, 0.0], [7.0640084484, 51.2441733432, 0.0], [7.0642973149, 51.2443075131, 0.0], [7.0644692399, 51.2444212642, 0.0], [7.06463845, 51.2445996656, 0.0], [7.0647964373, 51.244694701, 0.0], [7.0649850186, 51.2447625151, 0.0], [7.0652518264, 51.2447207161, 0.0], [7.0659233003, 51.2445100021, 0.0], [7.0662675541, 51.2443770582, 0.0], [7.0666664051, 51.2443466794, 0.0], [7.0671918806, 51.244457025, 0.0], [7.067689477, 51.2445299385, 0.0], [7.0683787572, 51.2445967728, 0.0], [7.0689235979, 51.2445965231, 0.0], [7.069379761, 51.2446040502, 0.0], [7.0696585721, 51.2446271346, 0.0], [7.0701457126, 51.2445982004, 0.0], [7.0705588919, 51.2445772869, 0.0], [7.0708260805, 51.2445262391, 0.0], [7.0709851244, 51.2443963199, 203.25]]}}, {"type": "Feature", "id": "https://registry.gdi-de.org/de.nw/radnetz/instances/Section_Wuppertal_1227316_1102_left", "name": "", "dateprops": [], "properties": {"http://rdfs.org/ns/void#inDataset": ["https://registry.gdi-de.org/de.nw/radnetz/instances/exnw_dataset"], "http://www.opengis.net/ont/geosparql#hasGeometry": ["https://registry.gdi-de.org/de.nw/radnetz/instances/Section_Wuppertal_1227316_1102_left_geometry"], "http://www.w3.org/1999/02/22-rdf-syntax-ns#type": ["https://registry.gdi-de.org/up3/ontology/Streckenabschnitt_optional"], "https://registry.gdi-de.org/up3/ontology/beginntBeiKnoten": ["https://registry.gdi-de.org/de.nw/radnetz/instances/Knoten_Wuppertal_117250101"], "https://registry.gdi-de.org/up3/ontology/endetBeiKnoten": ["https://registry.gdi-de.org/de.nw/radnetz/instances/Knoten_Wuppertal_117250102"], "https://registry.gdi-de.org/up3/ontology/geometrieAbschnitt": ["https://registry.gdi-de.org/de.nw/radnetz/instances/Section_Wuppertal_1227316_1102_left_geometry"], "https://registry.gdi-de.org/up3/ontology/licht": ["https://registry.gdi-de.org/codelist/de.bund.balm.radnetz/Licht/0"], "https://registry.gdi-de.org/up3/ontology/quell-ID": ["1227316"], "https://registry.gdi-de.org/up3/ontology/richtung": ["https://registry.gdi-de.org/codelist/de.bund.balm.radnetz/Richtung/3"], "https://registry.gdi-de.org/up3/ontology/steigung": ["0.0"], "https://registry.gdi-de.org/up3/ontology/strecken-ID": ["Section_Wuppertal_1227316_1102_left"]}, "geometry": {"type": "LineString", "coordinates": [[7.0711398525, 51.2738478023, 158.93], [7.0710704013, 51.2737774732, 161.46]]}}, {"type": "Feature", "id": "https://registry.gdi-de.org/de.nw/radnetz/instances/Section_Wuppertal_1229587_878_right", "name": "", "dateprops": [], "properties": {"http://rdfs.org/ns/void#inDataset": ["https://registry.gdi-de.org/de.nw/radnetz/instances/exnw_dataset"], "http://www.opengis.net/ont/geosparql#hasGeometry": ["https://registry.gdi-de.org/de.nw/radnetz/instances/Section_Wuppertal_1229587_878_right_geometry"], "http://www.w3.org/1999/02/22-rdf-syntax-ns#type": ["https://registry.gdi-de.org/up3/ontology/Streckenabschnitt_optional"], "https://registry.gdi-de.org/up3/ontology/beginntBeiKnoten": ["https://registry.gdi-de.org/de.nw/radnetz/instances/Knoten_Wuppertal_1189691145"], "https://registry.gdi-de.org/up3/ontology/endetBeiKnoten": ["https://registry.gdi-de.org/de.nw/radnetz/instances/Knoten_Wuppertal_2175"], "https://registry.gdi-de.org/up3/ontology/fuehrung": ["https://registry.gdi-de.org/codelist/de.bund.balm.radnetz/Fuehrung/401"], "https://registry.gdi-de.org/up3/ontology/geometrieAbschnitt": ["https://registry.gdi-de.org/de.nw/radnetz/instances/Section_Wuppertal_1229587_878_right_geometry"], "https://registry.gdi-de.org/up3/ontology/licht": ["https://registry.gdi-de.org/codelist/de.bund.balm.radnetz/Licht/0"], "https://registry.gdi-de.org/up3/ontology/quell-ID": ["1229587"], "https://registry.gdi-de.org/up3/ontology/richtung": ["https://registry.gdi-de.org/codelist/de.bund.balm.radnetz/Richtung/2"], "https://registry.gdi-de.org/up3/ontology/steigung": ["0.5039775"], "https://registry.gdi-de.org/up3/ontology/strecken-ID": ["Section_Wuppertal_1229587_878_right"]}, "geometry": {"type": "LineString", "coordinates": [[7.0489744235, 51.219385987, 174.8], [7.049113616, 51.2194987888, 174.89]]}}, {"type": "Feature", "id": "https://registry.gdi-de.org/de.nw/radnetz/instances/Section_Wuppertal_1225204_458_right", "name": "", "dateprops": [], "properties": {"http://rdfs.org/ns/void#inDataset": ["https://registry.gdi-de.org/de.nw/radnetz/instances/exnw_dataset"], "http://www.opengis.net/ont/geosparql#hasGeometry": ["https://registry.gdi-de.org/de.nw/radnetz/instances/Section_Wuppertal_1225204_458_right_geometry"], "http://www.w3.org/1999/02/22-rdf-syntax-ns#type": ["https://registry.gdi-de.org/up3/ontology/Streckenabschnitt_optional"], "https://registry.gdi-de.org/up3/ontology/beginntBeiKnoten": ["https://registry.gdi-de.org/de.nw/radnetz/instances/Knoten_Wuppertal_122750101"], "https://registry.gdi-de.org/up3/ontology/endetBeiKnoten": ["https://registry.gdi-de.org/de.nw/radnetz/instances/Knoten_Wuppertal_122700101"], "https://registry.gdi-de.org/up3/ontology/fuehrung": ["https://registry.gdi-de.org/codelist/de.bund.balm.radnetz/Fuehrung/401"], "https://registry.gdi-de.org/up3/ontology/geometrieAbschnitt": ["https://registry.gdi-de.org/de.nw/radnetz/instances/Section_Wuppertal_1225204_458_right_geometry"], "https://registry.gdi-de.org/up3/ontology/licht": ["https://registry.gdi-de.org/codelist/de.bund.balm.radnetz/Licht/0"], "https://registry.gdi-de.org/up3/ontology/quell-ID": ["1225204"], "https://registry.gdi-de.org/up3/ontology/richtung": ["https://registry.gdi-de.org/codelist/de.bund.balm.radnetz/Richtung/2"], "https://registry.gdi-de.org/up3/ontology/steigung": ["1.132216"], "https://registry.gdi-de.org/up3/ontology/strecken-ID": ["Section_Wuppertal_1225204_458_right"]}, "geometry": {"type": "LineString", "coordinates": [[7.3073569459, 51.2404191327, 200.35], [7.3075233367, 51.2401512878, 0.0], [7.3077864597, 51.2393022597, 0.0], [7.3084131151, 51.2384792872, 0.0], [7.3090621932, 51.2379478469, 0.0], [7.3099986522, 51.2377117651, 0.0], [7.3112986399, 51.2375017242, 0.0], [7.3134220044, 51.2374283425, 0.0], [7.3147798464, 51.237447905, 0.0], [7.3170862451, 51.2368986748, 0.0], [7.3193114224, 51.2358490143, 0.0], [7.3204052421, 51.2349286836, 0.0], [7.3212694784, 51.2339426463, 0.0], [7.3217054513, 51.2328880597, 0.0], [7.3216274618, 51.2313892832, 0.0], [7.3213861837, 51.2298257608, 0.0], [7.3216151188, 51.2289970129, 0.0], [7.3219840555, 51.227962263, 0.0], [7.3227442555, 51.227099528, 0.0], [7.3231040823, 51.2263142547, 0.0], [7.3231380885, 51.2253787043, 0.0], [7.3226115086, 51.2243727173, 0.0], [7.3215274059, 51.223213125, 0.0], [7.3204289794, 51.2224485331, 0.0], [7.3190549612, 51.2214386511, 0.01]]}}, {"type": "Feature", "id": "https://registry.gdi-de.org/de.nw/radnetz/instances/Section_Wuppertal_1230036_840", "name": "", "dateprops": [], "properties": {"http://rdfs.org/ns/void#inDataset": ["https://registry.gdi-de.org/de.nw/radnetz/instances/exnw_dataset"], "http://www.opengis.net/ont/geosparql#hasGeometry": ["https://registry.gdi-de.org/de.nw/radnetz/instances/Section_Wuppertal_1230036_840_geometry"], "http://www.w3.org/1999/02/22-rdf-syntax-ns#type": ["https://registry.gdi-de.org/up3/ontology/Streckenabschnitt_optional"], "https://registry.gdi-de.org/up3/ontology/beginntBeiKnoten": ["https://registry.gdi-de.org/de.nw/radnetz/instances/Knoten_Wuppertal_1189691349"], "https://registry.gdi-de.org/up3/ontology/endetBeiKnoten": ["https://registry.gdi-de.org/de.nw/radnetz/instances/Knoten_Wuppertal_2193"], "https://registry.gdi-de.org/up3/ontology/fuehrung": ["https://registry.gdi-de.org/codelist/de.bund.balm.radnetz/Fuehrung/401"], "https://registry.gdi-de.org/up3/ontology/geometrieAbschnitt": ["https://registry.gdi-de.org/de.nw/radnetz/instances/Section_Wuppertal_1230036_840_geometry"], "https://registry.gdi-de.org/up3/ontology/licht": ["https://registry.gdi-de.org/codelist/de.bund.balm.radnetz/Licht/0"], "https://registry.gdi-de.org/up3/ontology/quell-ID": ["1230036"], "https://registry.gdi-de.org/up3/ontology/steigung": ["6.339017"], "https://registry.gdi-de.org/up3/ontology/strecken-ID": ["Section_Wuppertal_1230036_840"]}, "geometry": {"type": "LineString", "coordinates": [[7.0494561104, 51.2088309754, 0.0], [7.051329871, 51.2102149175, 222.45]]}}, {"type": "Feature", "id": "https://registry.gdi-de.org/de.nw/radnetz/instances/Section_Wuppertal_1230026_833", "name": "", "dateprops": [], "properties": {"http://rdfs.org/ns/void#inDataset": ["https://registry.gdi-de.org/de.nw/radnetz/instances/exnw_dataset"], "http://www.opengis.net/ont/geosparql#hasGeometry": ["https://registry.gdi-de.org/de.nw/radnetz/instances/Section_Wuppertal_1230026_833_geometry"], "http://www.w3.org/1999/02/22-rdf-syntax-ns#type": ["https://registry.gdi-de.org/up3/ontology/Streckenabschnitt_optional"], "https://registry.gdi-de.org/up3/ontology/beginntBeiKnoten": ["https://registry.gdi-de.org/de.nw/radnetz/instances/Knoten_Wuppertal_1189691344"], "https://registry.gdi-de.org/up3/ontology/endetBeiKnoten": ["https://registry.gdi-de.org/de.nw/radnetz/instances/Knoten_Wuppertal_1189691346"], "https://registry.gdi-de.org/up3/ontology/geometrieAbschnitt": ["https://registry.gdi-de.org/de.nw/radnetz/instances/Section_Wuppertal_1230026_833_geometry"], "https://registry.gdi-de.org/up3/ontology/licht": ["https://registry.gdi-de.org/codelist/de.bund.balm.radnetz/Licht/0"], "https://registry.gdi-de.org/up3/ontology/quell-ID": ["1230026"], "https://registry.gdi-de.org/up3/ontology/steigung": ["3.432877"], "https://registry.gdi-de.org/up3/ontology/strecken-ID": ["Section_Wuppertal_1230026_833"]}, "geometry": {"type": "LineString", "coordinates": [[7.1241141936, 51.1743758013, 0.0], [7.1228567662, 51.1743381475, 0.0], [7.1222730883, 51.1741428287, 0.0], [7.1206129865, 51.173139934, 0.0], [7.1198777513, 51.1730351425, 0.0], [7.1189473652, 51.1731828872, 0.0], [7.1177924875, 51.1743032415, 0.0], [7.117193691, 51.1744795515, 0.0], [7.1163115816, 51.1743491291, 0.0], [7.1156947682, 51.1740602703, 0.0], [7.1148562557, 51.1728613349, 0.0], [7.1148373078, 51.1724194015, 0.0], [7.1140092394, 51.1727779477, 0.0], [7.1128921527, 51.1738756206, 0.0], [7.1094815604, 51.1713799605, 0.0], [7.1094551852, 51.1712754927, 0.0]]}}, {"type": "Feature", "id": "https://registry.gdi-de.org/de.nw/radnetz/instances/Section_Wuppertal_1223093_331", "name": "", "dateprops": [], "properties": {"http://rdfs.org/ns/void#inDataset": ["https://registry.gdi-de.org/de.nw/radnetz/instances/exnw_dataset"], "http://www.opengis.net/ont/geosparql#hasGeometry": ["https://registry.gdi-de.org/de.nw/radnetz/instances/Section_Wuppertal_1223093_331_geometry"], "http://www.w3.org/1999/02/22-rdf-syntax-ns#type": ["https://registry.gdi-de.org/up3/ontology/Streckenabschnitt_optional"], "https://registry.gdi-de.org/up3/ontology/beginntBeiKnoten": ["https://registry.gdi-de.org/de.nw/radnetz/instances/Knoten_Wuppertal_60266"], "https://registry.gdi-de.org/up3/ontology/endetBeiKnoten": ["https://registry.gdi-de.org/de.nw/radnetz/instances/Knoten_Wuppertal_60267"], "https://registry.gdi-de.org/up3/ontology/fuehrung": ["https://registry.gdi-de.org/codelist/de.bund.balm.radnetz/Fuehrung/401"], "https://registry.gdi-de.org/up3/ontology/geometrieAbschnitt": ["https://registry.gdi-de.org/de.nw/radnetz/instances/Section_Wuppertal_1223093_331_geometry"], "https://registry.gdi-de.org/up3/ontology/licht": ["https://registry.gdi-de.org/codelist/de.bund.balm.radnetz/Licht/0"], "https://registry.gdi-de.org/up3/ontology/quell-ID": ["1223093"], "https://registry.gdi-de.org/up3/ontology/steigung": ["0.7125816"], "https://registry.gdi-de.org/up3/ontology/strecken-ID": ["Section_Wuppertal_1223093_331"]}, "geometry": {"type": "LineString", "coordinates": [[7.2131338529, 51.2775402407, 187.05], [7.213101617, 51.2774542699, 187.46]]}}, {"type": "Feature", "id": "https://registry.gdi-de.org/de.nw/radnetz/instances/Section_Wuppertal_1226858_911_left", "name": "", "dateprops": [], "properties": {"http://rdfs.org/ns/void#inDataset": ["https://registry.gdi-de.org/de.nw/radnetz/instances/exnw_dataset"], "http://www.opengis.net/ont/geosparql#hasGeometry": ["https://registry.gdi-de.org/de.nw/radnetz/instances/Section_Wuppertal_1226858_911_left_geometry"], "http://www.w3.org/1999/02/22-rdf-syntax-ns#type": ["https://registry.gdi-de.org/up3/ontology/Streckenabschnitt_optional"], "https://registry.gdi-de.org/up3/ontology/beginntBeiKnoten": ["https://registry.gdi-de.org/de.nw/radnetz/instances/Knoten_Wuppertal_117070101"], "https://registry.gdi-de.org/up3/ontology/endetBeiKnoten": ["https://registry.gdi-de.org/de.nw/radnetz/instances/Knoten_Wuppertal_117070102"], "https://registry.gdi-de.org/up3/ontology/geometrieAbschnitt": ["https://registry.gdi-de.org/de.nw/radnetz/instances/Section_Wuppertal_1226858_911_left_geometry"], "https://registry.gdi-de.org/up3/ontology/licht": ["https://registry.gdi-de.org/codelist/de.bund.balm.radnetz/Licht/0"], "https://registry.gdi-de.org/up3/ontology/quell-ID": ["1226858"], "https://registry.gdi-de.org/up3/ontology/richtung": ["https://registry.gdi-de.org/codelist/de.bund.balm.radnetz/Richtung/3"], "https://registry.gdi-de.org/up3/ontology/steigung": ["0.240163"], "https://registry.gdi-de.org/up3/ontology/strecken-ID": ["Section_Wuppertal_1226858_911_left"]}, "geometry": {"type": "LineString", "coordinates": [[7.0836333993, 51.2812726151, 193.29], [7.0842527858, 51.2814982041, 193.41]]}}, {"type": "Feature", "id": "https://registry.gdi-de.org/de.nw/radnetz/instances/Section_Wuppertal_1223207_366", "name": "", "dateprops": [], "properties": {"http://rdfs.org/ns/void#inDataset": ["https://registry.gdi-de.org/de.nw/radnetz/instances/exnw_dataset"], "http://www.opengis.net/ont/geosparql#hasGeometry": ["https://registry.gdi-de.org/de.nw/radnetz/instances/Section_Wuppertal_1223207_366_geometry"], "http://www.w3.org/1999/02/22-rdf-syntax-ns#type": ["https://registry.gdi-de.org/up3/ontology/Streckenabschnitt_optional"], "https://registry.gdi-de.org/up3/ontology/beginntBeiKnoten": ["https://registry.gdi-de.org/de.nw/radnetz/instances/Knoten_Wuppertal_60314"], "https://registry.gdi-de.org/up3/ontology/endetBeiKnoten": ["https://registry.gdi-de.org/de.nw/radnetz/instances/Knoten_Wuppertal_60315"], "https://registry.gdi-de.org/up3/ontology/geometrieAbschnitt": ["https://registry.gdi-de.org/de.nw/radnetz/instances/Section_Wuppertal_1223207_366_geometry"], "https://registry.gdi-de.org/up3/ontology/licht": ["https://registry.gdi-de.org/codelist/de.bund.balm.radnetz/Licht/0"], "https://registry.gdi-de.org/up3/ontology/quell-ID": ["1223207"], "https://registry.gdi-de.org/up3/ontology/steigung": ["0.02317721"], "https://registry.gdi-de.org/up3/ontology/strecken-ID": ["Section_Wuppertal_1223207_366"]}, "geometry": {"type": "LineString", "coordinates": [[7.1463316758, 51.2252305617, 299.09], [7.146583776, 51.2251075397, 0.0], [7.1467432622, 51.2249808028, 0.0], [7.1468705914, 51.2248858724, 0.0], [7.1469989579, 51.2247651047, 0.0], [7.1471378698, 51.2246380414, 0.0], [7.1472472179, 51.2244781947, 0.0], [7.1473589012, 51.2242602152, 0.0], [7.1474099028, 51.2240154222, 0.0], [7.1474063601, 51.2238473244, 0.0], [7.1474020393, 51.2236986034, 0.0], [7.1473563146, 51.2235556894, 0.0], [7.1472607172, 51.2233732071, 0.0], [7.1471543154, 51.2232034803, 0.0], [7.1470463563, 51.2230725073, 0.0], [7.146886969, 51.2229407197, 0.0], [7.1466861794, 51.2228147385, 0.0], [7.1464553119, 51.222668892, 0.0], [7.1461113002, 51.2225212515, 0.0], [7.145703759, 51.2224178459, 0.0], [7.1451944008, 51.2222869721, 0.0], [7.1448177209, 51.2221840517, 0.0], [7.1443687828, 51.2220864484, 0.0], [7.1440018729, 51.2219966071, 0.0], [7.1436048872, 51.2218868981, 0.0], [7.1433210458, 51.2217789834, 0.0], [7.1430179336, 51.2216384461, 0.0], [7.1427163847, 51.2214591542, 0.0], [7.1424788914, 51.2212227098, 0.0], [7.1422524651, 51.2209670514, 299.25]]}}, {"type": "Feature", "id": "https://registry.gdi-de.org/de.nw/radnetz/instances/Section_Wuppertal_1229741_756", "name": "", "dateprops": [], "properties": {"http://rdfs.org/ns/void#inDataset": ["https://registry.gdi-de.org/de.nw/radnetz/instances/exnw_dataset"], "http://www.opengis.net/ont/geosparql#hasGeometry": ["https://registry.gdi-de.org/de.nw/radnetz/instances/Section_Wuppertal_1229741_756_geometry"], "http://www.w3.org/1999/02/22-rdf-syntax-ns#type": ["https://registry.gdi-de.org/up3/ontology/Streckenabschnitt_optional"], "https://registry.gdi-de.org/up3/ontology/beginntBeiKnoten": ["https://registry.gdi-de.org/de.nw/radnetz/instances/Knoten_Wuppertal_1189691218"], "https://registry.gdi-de.org/up3/ontology/endetBeiKnoten": ["https://registry.gdi-de.org/de.nw/radnetz/instances/Knoten_Wuppertal_6470"], "https://registry.gdi-de.org/up3/ontology/fuehrung": ["https://registry.gdi-de.org/codelist/de.bund.balm.radnetz/Fuehrung/401"], "https://registry.gdi-de.org/up3/ontology/geometrieAbschnitt": ["https://registry.gdi-de.org/de.nw/radnetz/instances/Section_Wuppertal_1229741_756_geometry"], "https://registry.gdi-de.org/up3/ontology/licht": ["https://registry.gdi-de.org/codelist/de.bund.balm.radnetz/Licht/0"], "https://registry.gdi-de.org/up3/ontology/quell-ID": ["1229741"], "https://registry.gdi-de.org/up3/ontology/steigung": ["1.34826"], "https://registry.gdi-de.org/up3/ontology/strecken-ID": ["Section_Wuppertal_1229741_756"]}, "geometry": {"type": "LineString", "coordinates": [[7.1679769052, 51.2390286139, 320.63], [7.1680250186, 51.2391851586, 0.0], [7.1680210956, 51.2392838929, 0.0], [7.1681087721, 51.2394073076, 0.0], [7.1681904286, 51.2394492663, 0.0], [7.1683007646, 51.2394684285, 0.0], [7.1683840365, 51.2394697319, 0.0], [7.1695630669, 51.2398543063, 0.0], [7.1698078115, 51.2399859878, 0.0], [7.1702535774, 51.240184739, 0.0], [7.1707814673, 51.24041383, 0.0], [7.173279905, 51.2416151615, 0.0], [7.1740345486, 51.2419640068, 0.0], [7.1744639165, 51.2421101818, 0.0], [7.1749390908, 51.2422686933, 0.0], [7.1753231173, 51.2423909127, 0.0], [7.1755886973, 51.2424647916, 0.0], [7.1758834138, 51.242504255, 0.0], [7.1761910611, 51.2424509351, 0.0], [7.1764792834, 51.2424205579, 0.0], [7.176740894, 51.2423607078, 0.0], [7.1770302839, 51.2422765021, 331.09]]}}, {"type": "Feature", "id": "https://registry.gdi-de.org/de.nw/radnetz/instances/Section_Wuppertal_1229759_765", "name": "", "dateprops": [], "properties": {"http://rdfs.org/ns/void#inDataset": ["https://registry.gdi-de.org/de.nw/radnetz/instances/exnw_dataset"], "http://www.opengis.net/ont/geosparql#hasGeometry": ["https://registry.gdi-de.org/de.nw/radnetz/instances/Section_Wuppertal_1229759_765_geometry"], "http://www.w3.org/1999/02/22-rdf-syntax-ns#type": ["https://registry.gdi-de.org/up3/ontology/Streckenabschnitt_optional"], "https://registry.gdi-de.org/up3/ontology/beginntBeiKnoten": ["https://registry.gdi-de.org/de.nw/radnetz/instances/Knoten_Wuppertal_1189691226"], "https://registry.gdi-de.org/up3/ontology/endetBeiKnoten": ["https://registry.gdi-de.org/de.nw/radnetz/instances/Knoten_Wuppertal_6159"], "https://registry.gdi-de.org/up3/ontology/fuehrung": ["https://registry.gdi-de.org/codelist/de.bund.balm.radnetz/Fuehrung/401"], "https://registry.gdi-de.org/up3/ontology/geometrieAbschnitt": ["https://registry.gdi-de.org/de.nw/radnetz/instances/Section_Wuppertal_1229759_765_geometry"], "https://registry.gdi-de.org/up3/ontology/licht": ["https://registry.gdi-de.org/codelist/de.bund.balm.radnetz/Licht/0"], "https://registry.gdi-de.org/up3/ontology/quell-ID": ["1229759"], "https://registry.gdi-de.org/up3/ontology/steigung": ["1.60529"], "https://registry.gdi-de.org/up3/ontology/strecken-ID": ["Section_Wuppertal_1229759_765"]}, "geometry": {"type": "LineString", "coordinates": [[7.1663880031, 51.239809925, 325.08], [7.1664683417, 51.2397655024, 325.2]]}}, {"type": "Feature", "id": "https://registry.gdi-de.org/de.nw/radnetz/instances/Section_Wuppertal_1229876_796", "name": "", "dateprops": [], "properties": {"http://rdfs.org/ns/void#inDataset": ["https://registry.gdi-de.org/de.nw/radnetz/instances/exnw_dataset"], "http://www.opengis.net/ont/geosparql#hasGeometry": ["https://registry.gdi-de.org/de.nw/radnetz/instances/Section_Wuppertal_1229876_796_geometry"], "http://www.w3.org/1999/02/22-rdf-syntax-ns#type": ["https://registry.gdi-de.org/up3/ontology/Streckenabschnitt_optional"], "https://registry.gdi-de.org/up3/ontology/beginntBeiKnoten": ["https://registry.gdi-de.org/de.nw/radnetz/instances/Knoten_Wuppertal_1189691284"], "https://registry.gdi-de.org/up3/ontology/endetBeiKnoten": ["https://registry.gdi-de.org/de.nw/radnetz/instances/Knoten_Wuppertal_1189691286"], "https://registry.gdi-de.org/up3/ontology/fuehrung": ["https://registry.gdi-de.org/codelist/de.bund.balm.radnetz/Fuehrung/401"], "https://registry.gdi-de.org/up3/ontology/geometrieAbschnitt": ["https://registry.gdi-de.org/de.nw/radnetz/instances/Section_Wuppertal_1229876_796_geometry"], "https://registry.gdi-de.org/up3/ontology/licht": ["https://registry.gdi-de.org/codelist/de.bund.balm.radnetz/Licht/0"], "https://registry.gdi-de.org/up3/ontology/quell-ID": ["1229876"], "https://registry.gdi-de.org/up3/ontology/steigung": ["0.418486"], "https://registry.gdi-de.org/up3/ontology/strecken-ID": ["Section_Wuppertal_1229876_796"]}, "geometry": {"type": "LineString", "coordinates": [[7.1260705559, 51.183046246, 125.1], [7.1256623064, 51.1834630686, 0.0], [7.1253311151, 51.1837198427, 0.0], [7.1248676032, 51.1840752963, 0.0], [7.1242018654, 51.1843549278, 0.0], [7.1235319987, 51.1845780414, 0.0], [7.1226969022, 51.1847622106, 0.0], [7.1218377909, 51.1849056671, 0.0], [7.1209674902, 51.1850086181, 0.0], [7.1193886411, 51.1851808129, 0.0], [7.1187391621, 51.185261005, 0.0], [7.1178681246, 51.1853691561, 0.0], [7.117370654, 51.1854527723, 0.0], [7.1168082213, 51.1855404315, 0.0], [7.1164232354, 51.1856462163, 0.0], [7.1159324028, 51.1857655645, 0.0], [7.1150987059, 51.1859506484, 0.0], [7.1143781141, 51.18614264, 0.0], [7.1138860235, 51.1862925013, 0.0], [7.1134341933, 51.1864480993, 0.0], [7.112982985, 51.1865884351, 0.0], [7.1120803276, 51.1868735681, 129.69]]}}, {"type": "Feature", "id": "https://registry.gdi-de.org/de.nw/radnetz/instances/Section_Wuppertal_2154_45", "name": "", "dateprops": [], "properties": {"http://rdfs.org/ns/void#inDataset": ["https://registry.gdi-de.org/de.nw/radnetz/instances/exnw_dataset"], "http://www.opengis.net/ont/geosparql#hasGeometry": ["https://registry.gdi-de.org/de.nw/radnetz/instances/Section_Wuppertal_2154_45_geometry"], "http://www.w3.org/1999/02/22-rdf-syntax-ns#type": ["https://registry.gdi-de.org/up3/ontology/Streckenabschnitt_optional"], "https://registry.gdi-de.org/up3/ontology/beginntBeiKnoten": ["https://registry.gdi-de.org/de.nw/radnetz/instances/Knoten_Wuppertal_8842"], "https://registry.gdi-de.org/up3/ontology/endetBeiKnoten": ["https://registry.gdi-de.org/de.nw/radnetz/instances/Knoten_Wuppertal_8850"], "https://registry.gdi-de.org/up3/ontology/fuehrung": ["https://registry.gdi-de.org/codelist/de.bund.balm.radnetz/Fuehrung/401"], "https://registry.gdi-de.org/up3/ontology/geometrieAbschnitt": ["https://registry.gdi-de.org/de.nw/radnetz/instances/Section_Wuppertal_2154_45_geometry"], "https://registry.gdi-de.org/up3/ontology/licht": ["https://registry.gdi-de.org/codelist/de.bund.balm.radnetz/Licht/0"], "https://registry.gdi-de.org/up3/ontology/quell-ID": ["2154"], "https://registry.gdi-de.org/up3/ontology/steigung": ["4.470679"], "https://registry.gdi-de.org/up3/ontology/strecken-ID": ["Section_Wuppertal_2154_45"]}, "geometry": {"type": "LineString", "coordinates": [[7.2345540186, 51.2278332473, 299.65], [7.2346399828, 51.2281279827, 301.14]]}}, {"type": "Feature", "id": "https://registry.gdi-de.org/de.nw/radnetz/instances/Section_Wuppertal_6222_1000_right", "name": "", "dateprops": [], "properties": {"http://rdfs.org/ns/void#inDataset": ["https://registry.gdi-de.org/de.nw/radnetz/instances/exnw_dataset"], "http://www.opengis.net/ont/geosparql#hasGeometry": ["https://registry.gdi-de.org/de.nw/radnetz/instances/Section_Wuppertal_6222_1000_right_geometry"], "http://www.w3.org/1999/02/22-rdf-syntax-ns#type": ["https://registry.gdi-de.org/up3/ontology/Streckenabschnitt_optional"], "https://registry.gdi-de.org/up3/ontology/beginntBeiKnoten": ["https://registry.gdi-de.org/de.nw/radnetz/instances/Knoten_Wuppertal_3460"], "https://registry.gdi-de.org/up3/ontology/endetBeiKnoten": ["https://registry.gdi-de.org/de.nw/radnetz/instances/Knoten_Wuppertal_3505"], "https://registry.gdi-de.org/up3/ontology/fuehrung": ["https://registry.gdi-de.org/codelist/de.bund.balm.radnetz/Fuehrung/405"], "https://registry.gdi-de.org/up3/ontology/geometrieAbschnitt": ["https://registry.gdi-de.org/de.nw/radnetz/instances/Section_Wuppertal_6222_1000_right_geometry"], "https://registry.gdi-de.org/up3/ontology/licht": ["https://registry.gdi-de.org/codelist/de.bund.balm.radnetz/Licht/0"], "https://registry.gdi-de.org/up3/ontology/quell-ID": ["6222"], "https://registry.gdi-de.org/up3/ontology/richtung": ["https://registry.gdi-de.org/codelist/de.bund.balm.radnetz/Richtung/2"], "https://registry.gdi-de.org/up3/ontology/steigung": ["8.469089"], "https://registry.gdi-de.org/up3/ontology/strecken-ID": ["Section_Wuppertal_6222_1000_right"]}, "geometry": {"type": "LineString", "coordinates": [[7.1119904129, 51.1941973427, 0.0], [7.1122019549, 51.1941300979, 0.0], [7.1123316564, 51.1940800537, 0.0], [7.1125264546, 51.1939989745, 0.0], [7.1126861678, 51.1939173299, 0.0], [7.1128985489, 51.1937964285, 0.0], [7.1130799352, 51.193652968, 0.0], [7.1132309843, 51.1934709181, 0.0], [7.1133258507, 51.1933360891, 0.0], [7.1134243958, 51.1931892873, 0.0], [7.1134876929, 51.1931241332, 0.0], [7.1135473911, 51.1930689476, 0.0], [7.1136388983, 51.1930162814, 0.0], [7.1137350657, 51.1930058001, 0.0], [7.1138337677, 51.1930114028, 0.0], [7.1139138229, 51.1930828787, 0.0], [7.1139202816, 51.1931591835, 0.0], [7.1139012253, 51.1932350769, 0.0], [7.1138618873, 51.1933387174, 0.0], [7.1137315296, 51.1935612081, 0.0], [7.1136652855, 51.1936985044, 0.0], [7.1136347786, 51.193820335, 0.0], [7.1136277391, 51.1939926767, 0.0]]}}], "numberMatched": 234, "numberReturned": 234, "bbox": [7.0064267036, 51.1641436011, 7.3231380885, 51.3252735319], "crs": "http://www.opengis.net/def/crs/EPSG/0/4326"}