{"type": "FeatureCollection", "id": "https://registry.gdi-de.org/codelist/de.bund.balm.radnetz/Fuehrung/405", "name": "405", "features": [{"type": "Feature", "id": "https://registry.gdi-de.org/de.nw/radnetz/instances/Section_Wuppertal_6222_1000_right", "name": "", "dateprops": [], "properties": {"http://rdfs.org/ns/void#inDataset": ["https://registry.gdi-de.org/de.nw/radnetz/instances/exnw_dataset"], "http://www.opengis.net/ont/geosparql#hasGeometry": ["https://registry.gdi-de.org/de.nw/radnetz/instances/Section_Wuppertal_6222_1000_right_geometry"], "http://www.w3.org/1999/02/22-rdf-syntax-ns#type": ["https://registry.gdi-de.org/up3/ontology/Streckenabschnitt_optional"], "https://registry.gdi-de.org/up3/ontology/beginntBeiKnoten": ["https://registry.gdi-de.org/de.nw/radnetz/instances/Knoten_Wuppertal_3460"], "https://registry.gdi-de.org/up3/ontology/endetBeiKnoten": ["https://registry.gdi-de.org/de.nw/radnetz/instances/Knoten_Wuppertal_3505"], "https://registry.gdi-de.org/up3/ontology/fuehrung": ["https://registry.gdi-de.org/codelist/de.bund.balm.radnetz/Fuehrung/405"], "https://registry.gdi-de.org/up3/ontology/geometrieAbschnitt": ["https://registry.gdi-de.org/de.nw/radnetz/instances/Section_Wuppertal_6222_1000_right_geometry"], "https://registry.gdi-de.org/up3/ontology/licht": ["https://registry.gdi-de.org/codelist/de.bund.balm.radnetz/Licht/0"], "https://registry.gdi-de.org/up3/ontology/quell-ID": ["6222"], "https://registry.gdi-de.org/up3/ontology/richtung": ["https://registry.gdi-de.org/codelist/de.bund.balm.radnetz/Richtung/2"], "https://registry.gdi-de.org/up3/ontology/steigung": ["8.469089"], "https://registry.gdi-de.org/up3/ontology/strecken-ID": ["Section_Wuppertal_6222_1000_right"]}, "geometry": {"type": "LineString", "coordinates": [[7.1119904129, 51.1941973427, 0.0], [7.1122019549, 51.1941300979, 0.0], [7.1123316564, 51.1940800537, 0.0], [7.1125264546, 51.1939989745, 0.0], [7.1126861678, 51.1939173299, 0.0], [7.1128985489, 51.1937964285, 0.0], [7.1130799352, 51.193652968, 0.0], [7.1132309843, 51.1934709181, 0.0], [7.1133258507, 51.1933360891, 0.0], [7.1134243958, 51.1931892873, 0.0], [7.1134876929, 51.1931241332, 0.0], [7.1135473911, 51.1930689476, 0.0], [7.1136388983, 51.1930162814, 0.0], [7.1137350657, 51.1930058001, 0.0], [7.1138337677, 51.1930114028, 0.0], [7.1139138229, 51.1930828787, 0.0], [7.1139202816, 51.1931591835, 0.0], [7.1139012253, 51.1932350769, 0.0], [7.1138618873, 51.1933387174, 0.0], [7.1137315296, 51.1935612081, 0.0], [7.1136652855, 51.1936985044, 0.0], [7.1136347786, 51.193820335, 0.0], [7.1136277391, 51.1939926767, 0.0]]}}, {"type": "Feature", "id": "https://registry.gdi-de.org/de.nw/radnetz/instances/Section_Wuppertal_10943_228_right", "name": "", "dateprops": [], "properties": {"http://rdfs.org/ns/void#inDataset": ["https://registry.gdi-de.org/de.nw/radnetz/instances/exnw_dataset"], "http://www.opengis.net/ont/geosparql#hasGeometry": ["https://registry.gdi-de.org/de.nw/radnetz/instances/Section_Wuppertal_10943_228_right_geometry"], "http://www.w3.org/1999/02/22-rdf-syntax-ns#type": ["https://registry.gdi-de.org/up3/ontology/Streckenabschnitt_optional"], "https://registry.gdi-de.org/up3/ontology/beginntBeiKnoten": ["https://registry.gdi-de.org/de.nw/radnetz/instances/Knoten_Wuppertal_6682"], "https://registry.gdi-de.org/up3/ontology/endetBeiKnoten": ["https://registry.gdi-de.org/de.nw/radnetz/instances/Knoten_Wuppertal_6659"], "https://registry.gdi-de.org/up3/ontology/fuehrung": ["https://registry.gdi-de.org/codelist/de.bund.balm.radnetz/Fuehrung/405"], "https://registry.gdi-de.org/up3/ontology/geometrieAbschnitt": ["https://registry.gdi-de.org/de.nw/radnetz/instances/Section_Wuppertal_10943_228_right_geometry"], "https://registry.gdi-de.org/up3/ontology/licht": ["https://registry.gdi-de.org/codelist/de.bund.balm.radnetz/Licht/1"], "https://registry.gdi-de.org/up3/ontology/quell-ID": ["10943"], "https://registry.gdi-de.org/up3/ontology/richtung": ["https://registry.gdi-de.org/codelist/de.bund.balm.radnetz/Richtung/2"], "https://registry.gdi-de.org/up3/ontology/steigung": ["4.629651"], "https://registry.gdi-de.org/up3/ontology/strecken-ID": ["Section_Wuppertal_10943_228_right"]}, "geometry": {"type": "LineString", "coordinates": [[7.1812077999, 51.2870512026, 264.45], [7.1808921604, 51.2882653845, 0.0], [7.180824424, 51.2884188799, 0.0], [7.1806654526, 51.2896391287, 277.91]]}}, {"type": "Feature", "id": "https://registry.gdi-de.org/de.nw/radnetz/instances/Section_Wuppertal_4699_106_right", "name": "", "dateprops": [], "properties": {"http://rdfs.org/ns/void#inDataset": ["https://registry.gdi-de.org/de.nw/radnetz/instances/exnw_dataset"], "http://www.opengis.net/ont/geosparql#hasGeometry": ["https://registry.gdi-de.org/de.nw/radnetz/instances/Section_Wuppertal_4699_106_right_geometry"], "http://www.w3.org/1999/02/22-rdf-syntax-ns#type": ["https://registry.gdi-de.org/up3/ontology/Streckenabschnitt_optional"], "https://registry.gdi-de.org/up3/ontology/beginntBeiKnoten": ["https://registry.gdi-de.org/de.nw/radnetz/instances/Knoten_Wuppertal_6052"], "https://registry.gdi-de.org/up3/ontology/endetBeiKnoten": ["https://registry.gdi-de.org/de.nw/radnetz/instances/Knoten_Wuppertal_6277"], "https://registry.gdi-de.org/up3/ontology/fuehrung": ["https://registry.gdi-de.org/codelist/de.bund.balm.radnetz/Fuehrung/405"], "https://registry.gdi-de.org/up3/ontology/geometrieAbschnitt": ["https://registry.gdi-de.org/de.nw/radnetz/instances/Section_Wuppertal_4699_106_right_geometry"], "https://registry.gdi-de.org/up3/ontology/licht": ["https://registry.gdi-de.org/codelist/de.bund.balm.radnetz/Licht/1"], "https://registry.gdi-de.org/up3/ontology/quell-ID": ["4699"], "https://registry.gdi-de.org/up3/ontology/richtung": ["https://registry.gdi-de.org/codelist/de.bund.balm.radnetz/Richtung/2"], "https://registry.gdi-de.org/up3/ontology/steigung": ["0.04974299"], "https://registry.gdi-de.org/up3/ontology/strecken-ID": ["Section_Wuppertal_4699_106_right"]}, "geometry": {"type": "LineString", "coordinates": [[7.163358056, 51.2587058184, 148.9], [7.1644517902, 51.2594679506, 0.0], [7.1650239841, 51.2600015716, 0.0], [7.1656396421, 51.2605527268, 0.0], [7.1664381032, 51.260967213, 0.0], [7.1695049334, 51.2621321051, 149.19]]}}, {"type": "Feature", "id": "https://registry.gdi-de.org/de.nw/radnetz/instances/Section_Wuppertal_1225917_983", "name": "", "dateprops": [], "properties": {"http://rdfs.org/ns/void#inDataset": ["https://registry.gdi-de.org/de.nw/radnetz/instances/exnw_dataset"], "http://www.opengis.net/ont/geosparql#hasGeometry": ["https://registry.gdi-de.org/de.nw/radnetz/instances/Section_Wuppertal_1225917_983_geometry"], "http://www.w3.org/1999/02/22-rdf-syntax-ns#type": ["https://registry.gdi-de.org/up3/ontology/Streckenabschnitt_optional"], "https://registry.gdi-de.org/up3/ontology/beginntBeiKnoten": ["https://registry.gdi-de.org/de.nw/radnetz/instances/Knoten_Wuppertal_114060102"], "https://registry.gdi-de.org/up3/ontology/endetBeiKnoten": ["https://registry.gdi-de.org/de.nw/radnetz/instances/Knoten_Wuppertal_5432"], "https://registry.gdi-de.org/up3/ontology/fuehrung": ["https://registry.gdi-de.org/codelist/de.bund.balm.radnetz/Fuehrung/405"], "https://registry.gdi-de.org/up3/ontology/geometrieAbschnitt": ["https://registry.gdi-de.org/de.nw/radnetz/instances/Section_Wuppertal_1225917_983_geometry"], "https://registry.gdi-de.org/up3/ontology/licht": ["https://registry.gdi-de.org/codelist/de.bund.balm.radnetz/Licht/1"], "https://registry.gdi-de.org/up3/ontology/quell-ID": ["1225917"], "https://registry.gdi-de.org/up3/ontology/steigung": ["0.44096"], "https://registry.gdi-de.org/up3/ontology/strecken-ID": ["Section_Wuppertal_1225917_983"]}, "geometry": {"type": "LineString", "coordinates": [[7.1521343026, 51.2213776272, 0.0], [7.1521174957, 51.221683266, 0.0]]}}, {"type": "Feature", "id": "https://registry.gdi-de.org/de.nw/radnetz/instances/Section_Wuppertal_1226470_584_right", "name": "", "dateprops": [], "properties": {"http://rdfs.org/ns/void#inDataset": ["https://registry.gdi-de.org/de.nw/radnetz/instances/exnw_dataset"], "http://www.opengis.net/ont/geosparql#hasGeometry": ["https://registry.gdi-de.org/de.nw/radnetz/instances/Section_Wuppertal_1226470_584_right_geometry"], "http://www.w3.org/1999/02/22-rdf-syntax-ns#type": ["https://registry.gdi-de.org/up3/ontology/Streckenabschnitt_optional"], "https://registry.gdi-de.org/up3/ontology/beginntBeiKnoten": ["https://registry.gdi-de.org/de.nw/radnetz/instances/Knoten_Wuppertal_4569"], "https://registry.gdi-de.org/up3/ontology/endetBeiKnoten": ["https://registry.gdi-de.org/de.nw/radnetz/instances/Knoten_Wuppertal_114010101"], "https://registry.gdi-de.org/up3/ontology/fuehrung": ["https://registry.gdi-de.org/codelist/de.bund.balm.radnetz/Fuehrung/405"], "https://registry.gdi-de.org/up3/ontology/geometrieAbschnitt": ["https://registry.gdi-de.org/de.nw/radnetz/instances/Section_Wuppertal_1226470_584_right_geometry"], "https://registry.gdi-de.org/up3/ontology/licht": ["https://registry.gdi-de.org/codelist/de.bund.balm.radnetz/Licht/1"], "https://registry.gdi-de.org/up3/ontology/quell-ID": ["1226470"], "https://registry.gdi-de.org/up3/ontology/richtung": ["https://registry.gdi-de.org/codelist/de.bund.balm.radnetz/Richtung/2"], "https://registry.gdi-de.org/up3/ontology/steigung": ["0.01577731"], "https://registry.gdi-de.org/up3/ontology/strecken-ID": ["Section_Wuppertal_1226470_584_right"]}, "geometry": {"type": "LineString", "coordinates": [[7.1372229664, 51.2091817274, 301.4], [7.1345022733, 51.207673567, 301.44]]}}, {"type": "Feature", "id": "https://registry.gdi-de.org/de.nw/radnetz/instances/Section_Wuppertal_1827_38_left", "name": "", "dateprops": [], "properties": {"http://rdfs.org/ns/void#inDataset": ["https://registry.gdi-de.org/de.nw/radnetz/instances/exnw_dataset"], "http://www.opengis.net/ont/geosparql#hasGeometry": ["https://registry.gdi-de.org/de.nw/radnetz/instances/Section_Wuppertal_1827_38_left_geometry"], "http://www.w3.org/1999/02/22-rdf-syntax-ns#type": ["https://registry.gdi-de.org/up3/ontology/Streckenabschnitt_optional"], "https://registry.gdi-de.org/up3/ontology/beginntBeiKnoten": ["https://registry.gdi-de.org/de.nw/radnetz/instances/Knoten_Wuppertal_2655"], "https://registry.gdi-de.org/up3/ontology/endetBeiKnoten": ["https://registry.gdi-de.org/de.nw/radnetz/instances/Knoten_Wuppertal_2609"], "https://registry.gdi-de.org/up3/ontology/fuehrung": ["https://registry.gdi-de.org/codelist/de.bund.balm.radnetz/Fuehrung/405"], "https://registry.gdi-de.org/up3/ontology/geometrieAbschnitt": ["https://registry.gdi-de.org/de.nw/radnetz/instances/Section_Wuppertal_1827_38_left_geometry"], "https://registry.gdi-de.org/up3/ontology/licht": ["https://registry.gdi-de.org/codelist/de.bund.balm.radnetz/Licht/1"], "https://registry.gdi-de.org/up3/ontology/quell-ID": ["1827"], "https://registry.gdi-de.org/up3/ontology/richtung": ["https://registry.gdi-de.org/codelist/de.bund.balm.radnetz/Richtung/3"], "https://registry.gdi-de.org/up3/ontology/steigung": ["3.555735"], "https://registry.gdi-de.org/up3/ontology/strecken-ID": ["Section_Wuppertal_1827_38_left"]}, "geometry": {"type": "LineString", "coordinates": [[7.072035535, 51.2510097473, 186.54], [7.0717240961, 51.2505263199, 0.0], [7.0714909326, 51.2501176994, 0.0], [7.0708773236, 51.2491625669, 0.0], [7.0708039135, 51.2489343185, 0.0], [7.0706493651, 51.248142087, 198.47]]}}, {"type": "Feature", "id": "https://registry.gdi-de.org/de.nw/radnetz/instances/Section_Wuppertal_1225718_1025_right", "name": "", "dateprops": [], "properties": {"http://rdfs.org/ns/void#inDataset": ["https://registry.gdi-de.org/de.nw/radnetz/instances/exnw_dataset"], "http://www.opengis.net/ont/geosparql#hasGeometry": ["https://registry.gdi-de.org/de.nw/radnetz/instances/Section_Wuppertal_1225718_1025_right_geometry"], "http://www.w3.org/1999/02/22-rdf-syntax-ns#type": ["https://registry.gdi-de.org/up3/ontology/Streckenabschnitt_optional"], "https://registry.gdi-de.org/up3/ontology/beginntBeiKnoten": ["https://registry.gdi-de.org/de.nw/radnetz/instances/Knoten_Wuppertal_112890101"], "https://registry.gdi-de.org/up3/ontology/endetBeiKnoten": ["https://registry.gdi-de.org/de.nw/radnetz/instances/Knoten_Wuppertal_5185"], "https://registry.gdi-de.org/up3/ontology/fuehrung": ["https://registry.gdi-de.org/codelist/de.bund.balm.radnetz/Fuehrung/405"], "https://registry.gdi-de.org/up3/ontology/geometrieAbschnitt": ["https://registry.gdi-de.org/de.nw/radnetz/instances/Section_Wuppertal_1225718_1025_right_geometry"], "https://registry.gdi-de.org/up3/ontology/licht": ["https://registry.gdi-de.org/codelist/de.bund.balm.radnetz/Licht/1"], "https://registry.gdi-de.org/up3/ontology/quell-ID": ["1225718"], "https://registry.gdi-de.org/up3/ontology/richtung": ["https://registry.gdi-de.org/codelist/de.bund.balm.radnetz/Richtung/2"], "https://registry.gdi-de.org/up3/ontology/steigung": ["2.001433"], "https://registry.gdi-de.org/up3/ontology/strecken-ID": ["Section_Wuppertal_1225718_1025_right"]}, "geometry": {"type": "LineString", "coordinates": [[7.1449270813, 51.2831406909, 0.0], [7.145617321, 51.2832765417, 0.0]]}}, {"type": "Feature", "id": "https://registry.gdi-de.org/de.nw/radnetz/instances/Section_Wuppertal_3391_82_right", "name": "", "dateprops": [], "properties": {"http://rdfs.org/ns/void#inDataset": ["https://registry.gdi-de.org/de.nw/radnetz/instances/exnw_dataset"], "http://www.opengis.net/ont/geosparql#hasGeometry": ["https://registry.gdi-de.org/de.nw/radnetz/instances/Section_Wuppertal_3391_82_right_geometry"], "http://www.w3.org/1999/02/22-rdf-syntax-ns#type": ["https://registry.gdi-de.org/up3/ontology/Streckenabschnitt_optional"], "https://registry.gdi-de.org/up3/ontology/beginntBeiKnoten": ["https://registry.gdi-de.org/de.nw/radnetz/instances/Knoten_Wuppertal_3276"], "https://registry.gdi-de.org/up3/ontology/endetBeiKnoten": ["https://registry.gdi-de.org/de.nw/radnetz/instances/Knoten_Wuppertal_3270"], "https://registry.gdi-de.org/up3/ontology/fuehrung": ["https://registry.gdi-de.org/codelist/de.bund.balm.radnetz/Fuehrung/405"], "https://registry.gdi-de.org/up3/ontology/geometrieAbschnitt": ["https://registry.gdi-de.org/de.nw/radnetz/instances/Section_Wuppertal_3391_82_right_geometry"], "https://registry.gdi-de.org/up3/ontology/licht": ["https://registry.gdi-de.org/codelist/de.bund.balm.radnetz/Licht/1"], "https://registry.gdi-de.org/up3/ontology/quell-ID": ["3391"], "https://registry.gdi-de.org/up3/ontology/richtung": ["https://registry.gdi-de.org/codelist/de.bund.balm.radnetz/Richtung/2"], "https://registry.gdi-de.org/up3/ontology/steigung": ["1.711931"], "https://registry.gdi-de.org/up3/ontology/strecken-ID": ["Section_Wuppertal_3391_82_right"]}, "geometry": {"type": "LineString", "coordinates": [[7.1033242072, 51.2485376254, 144.72], [7.1029849755, 51.2488111283, 145.38]]}}, {"type": "Feature", "id": "https://registry.gdi-de.org/de.nw/radnetz/instances/Section_Wuppertal_1223120_338", "name": "", "dateprops": [], "properties": {"http://rdfs.org/ns/void#inDataset": ["https://registry.gdi-de.org/de.nw/radnetz/instances/exnw_dataset"], "http://www.opengis.net/ont/geosparql#hasGeometry": ["https://registry.gdi-de.org/de.nw/radnetz/instances/Section_Wuppertal_1223120_338_geometry"], "http://www.w3.org/1999/02/22-rdf-syntax-ns#type": ["https://registry.gdi-de.org/up3/ontology/Streckenabschnitt_optional"], "https://registry.gdi-de.org/up3/ontology/beginntBeiKnoten": ["https://registry.gdi-de.org/de.nw/radnetz/instances/Knoten_Wuppertal_60276"], "https://registry.gdi-de.org/up3/ontology/endetBeiKnoten": ["https://registry.gdi-de.org/de.nw/radnetz/instances/Knoten_Wuppertal_60279"], "https://registry.gdi-de.org/up3/ontology/fuehrung": ["https://registry.gdi-de.org/codelist/de.bund.balm.radnetz/Fuehrung/405"], "https://registry.gdi-de.org/up3/ontology/geometrieAbschnitt": ["https://registry.gdi-de.org/de.nw/radnetz/instances/Section_Wuppertal_1223120_338_geometry"], "https://registry.gdi-de.org/up3/ontology/licht": ["https://registry.gdi-de.org/codelist/de.bund.balm.radnetz/Licht/1"], "https://registry.gdi-de.org/up3/ontology/quell-ID": ["1223120"], "https://registry.gdi-de.org/up3/ontology/steigung": ["0.06209271"], "https://registry.gdi-de.org/up3/ontology/strecken-ID": ["Section_Wuppertal_1223120_338"]}, "geometry": {"type": "LineString", "coordinates": [[7.2226869142, 51.2791783806, 188.8], [7.2229274489, 51.279298126, 0.0], [7.2231081772, 51.2794001425, 0.0], [7.2233144756, 51.279523228, 0.0], [7.2233552168, 51.2795724706, 188.84]]}}, {"type": "Feature", "id": "https://registry.gdi-de.org/de.nw/radnetz/instances/Section_Wuppertal_1225717_1024_right", "name": "", "dateprops": [], "properties": {"http://rdfs.org/ns/void#inDataset": ["https://registry.gdi-de.org/de.nw/radnetz/instances/exnw_dataset"], "http://www.opengis.net/ont/geosparql#hasGeometry": ["https://registry.gdi-de.org/de.nw/radnetz/instances/Section_Wuppertal_1225717_1024_right_geometry"], "http://www.w3.org/1999/02/22-rdf-syntax-ns#type": ["https://registry.gdi-de.org/up3/ontology/Streckenabschnitt_optional"], "https://registry.gdi-de.org/up3/ontology/beginntBeiKnoten": ["https://registry.gdi-de.org/de.nw/radnetz/instances/Knoten_Wuppertal_4937"], "https://registry.gdi-de.org/up3/ontology/endetBeiKnoten": ["https://registry.gdi-de.org/de.nw/radnetz/instances/Knoten_Wuppertal_112890101"], "https://registry.gdi-de.org/up3/ontology/fuehrung": ["https://registry.gdi-de.org/codelist/de.bund.balm.radnetz/Fuehrung/405"], "https://registry.gdi-de.org/up3/ontology/geometrieAbschnitt": ["https://registry.gdi-de.org/de.nw/radnetz/instances/Section_Wuppertal_1225717_1024_right_geometry"], "https://registry.gdi-de.org/up3/ontology/licht": ["https://registry.gdi-de.org/codelist/de.bund.balm.radnetz/Licht/1"], "https://registry.gdi-de.org/up3/ontology/quell-ID": ["1225717"], "https://registry.gdi-de.org/up3/ontology/richtung": ["https://registry.gdi-de.org/codelist/de.bund.balm.radnetz/Richtung/2"], "https://registry.gdi-de.org/up3/ontology/steigung": ["2.829348"], "https://registry.gdi-de.org/up3/ontology/strecken-ID": ["Section_Wuppertal_1225717_1024_right"]}, "geometry": {"type": "LineString", "coordinates": [[7.1419134296, 51.2825754799, 0.0], [7.1421173711, 51.2825826668, 0.0], [7.1434855895, 51.2828569659, 0.0], [7.1449270813, 51.2831406909, 0.0]]}}, {"type": "Feature", "id": "https://registry.gdi-de.org/de.nw/radnetz/instances/Section_Wuppertal_7708_975", "name": "", "dateprops": [], "properties": {"http://rdfs.org/ns/void#inDataset": ["https://registry.gdi-de.org/de.nw/radnetz/instances/exnw_dataset"], "http://www.opengis.net/ont/geosparql#hasGeometry": ["https://registry.gdi-de.org/de.nw/radnetz/instances/Section_Wuppertal_7708_975_geometry"], "http://www.w3.org/1999/02/22-rdf-syntax-ns#type": ["https://registry.gdi-de.org/up3/ontology/Streckenabschnitt_optional"], "https://registry.gdi-de.org/up3/ontology/beginntBeiKnoten": ["https://registry.gdi-de.org/de.nw/radnetz/instances/Knoten_Wuppertal_5432"], "https://registry.gdi-de.org/up3/ontology/endetBeiKnoten": ["https://registry.gdi-de.org/de.nw/radnetz/instances/Knoten_Wuppertal_5429"], "https://registry.gdi-de.org/up3/ontology/fuehrung": ["https://registry.gdi-de.org/codelist/de.bund.balm.radnetz/Fuehrung/405"], "https://registry.gdi-de.org/up3/ontology/geometrieAbschnitt": ["https://registry.gdi-de.org/de.nw/radnetz/instances/Section_Wuppertal_7708_975_geometry"], "https://registry.gdi-de.org/up3/ontology/licht": ["https://registry.gdi-de.org/codelist/de.bund.balm.radnetz/Licht/1"], "https://registry.gdi-de.org/up3/ontology/quell-ID": ["7708"], "https://registry.gdi-de.org/up3/ontology/steigung": ["0.6489392"], "https://registry.gdi-de.org/up3/ontology/strecken-ID": ["Section_Wuppertal_7708_975"]}, "geometry": {"type": "LineString", "coordinates": [[7.1521174957, 51.221683266, 0.0], [7.1520600693, 51.2222501287, 0.0]]}}, {"type": "Feature", "id": "https://registry.gdi-de.org/de.nw/radnetz/instances/Section_Wuppertal_3086_974", "name": "", "dateprops": [], "properties": {"http://rdfs.org/ns/void#inDataset": ["https://registry.gdi-de.org/de.nw/radnetz/instances/exnw_dataset"], "http://www.opengis.net/ont/geosparql#hasGeometry": ["https://registry.gdi-de.org/de.nw/radnetz/instances/Section_Wuppertal_3086_974_geometry"], "http://www.w3.org/1999/02/22-rdf-syntax-ns#type": ["https://registry.gdi-de.org/up3/ontology/Streckenabschnitt_optional"], "https://registry.gdi-de.org/up3/ontology/beginntBeiKnoten": ["https://registry.gdi-de.org/de.nw/radnetz/instances/Knoten_Wuppertal_5377"], "https://registry.gdi-de.org/up3/ontology/endetBeiKnoten": ["https://registry.gdi-de.org/de.nw/radnetz/instances/Knoten_Wuppertal_5371"], "https://registry.gdi-de.org/up3/ontology/fuehrung": ["https://registry.gdi-de.org/codelist/de.bund.balm.radnetz/Fuehrung/405"], "https://registry.gdi-de.org/up3/ontology/geometrieAbschnitt": ["https://registry.gdi-de.org/de.nw/radnetz/instances/Section_Wuppertal_3086_974_geometry"], "https://registry.gdi-de.org/up3/ontology/licht": ["https://registry.gdi-de.org/codelist/de.bund.balm.radnetz/Licht/1"], "https://registry.gdi-de.org/up3/ontology/quell-ID": ["3086"], "https://registry.gdi-de.org/up3/ontology/steigung": ["0.8294188"], "https://registry.gdi-de.org/up3/ontology/strecken-ID": ["Section_Wuppertal_3086_974"]}, "geometry": {"type": "LineString", "coordinates": [[7.1511098249, 51.2260438415, 0.0], [7.1509618114, 51.2264228267, 0.0]]}}, {"type": "Feature", "id": "https://registry.gdi-de.org/de.nw/radnetz/instances/Section_Wuppertal_1225029_978", "name": "", "dateprops": [], "properties": {"http://rdfs.org/ns/void#inDataset": ["https://registry.gdi-de.org/de.nw/radnetz/instances/exnw_dataset"], "http://www.opengis.net/ont/geosparql#hasGeometry": ["https://registry.gdi-de.org/de.nw/radnetz/instances/Section_Wuppertal_1225029_978_geometry"], "http://www.w3.org/1999/02/22-rdf-syntax-ns#type": ["https://registry.gdi-de.org/up3/ontology/Streckenabschnitt_optional"], "https://registry.gdi-de.org/up3/ontology/beginntBeiKnoten": ["https://registry.gdi-de.org/de.nw/radnetz/instances/Knoten_Wuppertal_5342"], "https://registry.gdi-de.org/up3/ontology/endetBeiKnoten": ["https://registry.gdi-de.org/de.nw/radnetz/instances/Knoten_Wuppertal_114080203"], "https://registry.gdi-de.org/up3/ontology/fuehrung": ["https://registry.gdi-de.org/codelist/de.bund.balm.radnetz/Fuehrung/405"], "https://registry.gdi-de.org/up3/ontology/geometrieAbschnitt": ["https://registry.gdi-de.org/de.nw/radnetz/instances/Section_Wuppertal_1225029_978_geometry"], "https://registry.gdi-de.org/up3/ontology/licht": ["https://registry.gdi-de.org/codelist/de.bund.balm.radnetz/Licht/1"], "https://registry.gdi-de.org/up3/ontology/quell-ID": ["1225029"], "https://registry.gdi-de.org/up3/ontology/steigung": ["2.578333"], "https://registry.gdi-de.org/up3/ontology/strecken-ID": ["Section_Wuppertal_1225029_978"]}, "geometry": {"type": "LineString", "coordinates": [[7.1503932623, 51.2280991091, 0.0], [7.1503769798, 51.2281360771, 0.0]]}}, {"type": "Feature", "id": "https://registry.gdi-de.org/de.nw/radnetz/instances/Section_Wuppertal_1226470_584_left", "name": "", "dateprops": [], "properties": {"http://rdfs.org/ns/void#inDataset": ["https://registry.gdi-de.org/de.nw/radnetz/instances/exnw_dataset"], "http://www.opengis.net/ont/geosparql#hasGeometry": ["https://registry.gdi-de.org/de.nw/radnetz/instances/Section_Wuppertal_1226470_584_left_geometry"], "http://www.w3.org/1999/02/22-rdf-syntax-ns#type": ["https://registry.gdi-de.org/up3/ontology/Streckenabschnitt_optional"], "https://registry.gdi-de.org/up3/ontology/beginntBeiKnoten": ["https://registry.gdi-de.org/de.nw/radnetz/instances/Knoten_Wuppertal_4569"], "https://registry.gdi-de.org/up3/ontology/endetBeiKnoten": ["https://registry.gdi-de.org/de.nw/radnetz/instances/Knoten_Wuppertal_114010101"], "https://registry.gdi-de.org/up3/ontology/fuehrung": ["https://registry.gdi-de.org/codelist/de.bund.balm.radnetz/Fuehrung/405"], "https://registry.gdi-de.org/up3/ontology/geometrieAbschnitt": ["https://registry.gdi-de.org/de.nw/radnetz/instances/Section_Wuppertal_1226470_584_left_geometry"], "https://registry.gdi-de.org/up3/ontology/licht": ["https://registry.gdi-de.org/codelist/de.bund.balm.radnetz/Licht/1"], "https://registry.gdi-de.org/up3/ontology/quell-ID": ["1226470"], "https://registry.gdi-de.org/up3/ontology/richtung": ["https://registry.gdi-de.org/codelist/de.bund.balm.radnetz/Richtung/3"], "https://registry.gdi-de.org/up3/ontology/steigung": ["0.01577731"], "https://registry.gdi-de.org/up3/ontology/strecken-ID": ["Section_Wuppertal_1226470_584_left"]}, "geometry": {"type": "LineString", "coordinates": [[7.1372229664, 51.2091817274, 301.4], [7.1345022733, 51.207673567, 301.44]]}}, {"type": "Feature", "id": "https://registry.gdi-de.org/de.nw/radnetz/instances/Section_Wuppertal_1226797_987", "name": "", "dateprops": [], "properties": {"http://rdfs.org/ns/void#inDataset": ["https://registry.gdi-de.org/de.nw/radnetz/instances/exnw_dataset"], "http://www.opengis.net/ont/geosparql#hasGeometry": ["https://registry.gdi-de.org/de.nw/radnetz/instances/Section_Wuppertal_1226797_987_geometry"], "http://www.w3.org/1999/02/22-rdf-syntax-ns#type": ["https://registry.gdi-de.org/up3/ontology/Streckenabschnitt_optional"], "https://registry.gdi-de.org/up3/ontology/beginntBeiKnoten": ["https://registry.gdi-de.org/de.nw/radnetz/instances/Knoten_Wuppertal_5094"], "https://registry.gdi-de.org/up3/ontology/endetBeiKnoten": ["https://registry.gdi-de.org/de.nw/radnetz/instances/Knoten_Wuppertal_114040201"], "https://registry.gdi-de.org/up3/ontology/fuehrung": ["https://registry.gdi-de.org/codelist/de.bund.balm.radnetz/Fuehrung/405"], "https://registry.gdi-de.org/up3/ontology/geometrieAbschnitt": ["https://registry.gdi-de.org/de.nw/radnetz/instances/Section_Wuppertal_1226797_987_geometry"], "https://registry.gdi-de.org/up3/ontology/licht": ["https://registry.gdi-de.org/codelist/de.bund.balm.radnetz/Licht/1"], "https://registry.gdi-de.org/up3/ontology/quell-ID": ["1226797"], "https://registry.gdi-de.org/up3/ontology/steigung": ["0.7624054"], "https://registry.gdi-de.org/up3/ontology/strecken-ID": ["Section_Wuppertal_1226797_987"]}, "geometry": {"type": "LineString", "coordinates": [[7.1469917673, 51.2153631582, 0.0], [7.1470496057, 51.2153932463, 0.0]]}}, {"type": "Feature", "id": "https://registry.gdi-de.org/de.nw/radnetz/instances/Section_Wuppertal_1229589_996", "name": "", "dateprops": [], "properties": {"http://rdfs.org/ns/void#inDataset": ["https://registry.gdi-de.org/de.nw/radnetz/instances/exnw_dataset"], "http://www.opengis.net/ont/geosparql#hasGeometry": ["https://registry.gdi-de.org/de.nw/radnetz/instances/Section_Wuppertal_1229589_996_geometry"], "http://www.w3.org/1999/02/22-rdf-syntax-ns#type": ["https://registry.gdi-de.org/up3/ontology/Streckenabschnitt_optional"], "https://registry.gdi-de.org/up3/ontology/beginntBeiKnoten": ["https://registry.gdi-de.org/de.nw/radnetz/instances/Knoten_Wuppertal_1189691146"], "https://registry.gdi-de.org/up3/ontology/endetBeiKnoten": ["https://registry.gdi-de.org/de.nw/radnetz/instances/Knoten_Wuppertal_5428"], "https://registry.gdi-de.org/up3/ontology/fuehrung": ["https://registry.gdi-de.org/codelist/de.bund.balm.radnetz/Fuehrung/405"], "https://registry.gdi-de.org/up3/ontology/geometrieAbschnitt": ["https://registry.gdi-de.org/de.nw/radnetz/instances/Section_Wuppertal_1229589_996_geometry"], "https://registry.gdi-de.org/up3/ontology/licht": ["https://registry.gdi-de.org/codelist/de.bund.balm.radnetz/Licht/1"], "https://registry.gdi-de.org/up3/ontology/quell-ID": ["1229589"], "https://registry.gdi-de.org/up3/ontology/steigung": ["0.9319752"], "https://registry.gdi-de.org/up3/ontology/strecken-ID": ["Section_Wuppertal_1229589_996"]}, "geometry": {"type": "LineString", "coordinates": [[7.1520192039, 51.2230774242, 0.0], [7.1520125351, 51.2232124105, 0.0]]}}, {"type": "Feature", "id": "https://registry.gdi-de.org/de.nw/radnetz/instances/Section_Wuppertal_8911_180", "name": "", "dateprops": [], "properties": {"http://rdfs.org/ns/void#inDataset": ["https://registry.gdi-de.org/de.nw/radnetz/instances/exnw_dataset"], "http://www.opengis.net/ont/geosparql#hasGeometry": ["https://registry.gdi-de.org/de.nw/radnetz/instances/Section_Wuppertal_8911_180_geometry"], "http://www.w3.org/1999/02/22-rdf-syntax-ns#type": ["https://registry.gdi-de.org/up3/ontology/Streckenabschnitt_optional"], "https://registry.gdi-de.org/up3/ontology/beginntBeiKnoten": ["https://registry.gdi-de.org/de.nw/radnetz/instances/Knoten_Wuppertal_5659"], "https://registry.gdi-de.org/up3/ontology/endetBeiKnoten": ["https://registry.gdi-de.org/de.nw/radnetz/instances/Knoten_Wuppertal_5624"], "https://registry.gdi-de.org/up3/ontology/fuehrung": ["https://registry.gdi-de.org/codelist/de.bund.balm.radnetz/Fuehrung/405"], "https://registry.gdi-de.org/up3/ontology/geometrieAbschnitt": ["https://registry.gdi-de.org/de.nw/radnetz/instances/Section_Wuppertal_8911_180_geometry"], "https://registry.gdi-de.org/up3/ontology/licht": ["https://registry.gdi-de.org/codelist/de.bund.balm.radnetz/Licht/1"], "https://registry.gdi-de.org/up3/ontology/quell-ID": ["8911"], "https://registry.gdi-de.org/up3/ontology/steigung": ["0.3368462"], "https://registry.gdi-de.org/up3/ontology/strecken-ID": ["Section_Wuppertal_8911_180"]}, "geometry": {"type": "LineString", "coordinates": [[7.156015219, 51.2355510876, 325.01], [7.1555314719, 51.235449341, 325.13]]}}, {"type": "Feature", "id": "https://registry.gdi-de.org/de.nw/radnetz/instances/Section_Wuppertal_11231_233_right", "name": "", "dateprops": [], "properties": {"http://rdfs.org/ns/void#inDataset": ["https://registry.gdi-de.org/de.nw/radnetz/instances/exnw_dataset"], "http://www.opengis.net/ont/geosparql#hasGeometry": ["https://registry.gdi-de.org/de.nw/radnetz/instances/Section_Wuppertal_11231_233_right_geometry"], "http://www.w3.org/1999/02/22-rdf-syntax-ns#type": ["https://registry.gdi-de.org/up3/ontology/Streckenabschnitt_optional"], "https://registry.gdi-de.org/up3/ontology/beginntBeiKnoten": ["https://registry.gdi-de.org/de.nw/radnetz/instances/Knoten_Wuppertal_2987"], "https://registry.gdi-de.org/up3/ontology/endetBeiKnoten": ["https://registry.gdi-de.org/de.nw/radnetz/instances/Knoten_Wuppertal_3003"], "https://registry.gdi-de.org/up3/ontology/fuehrung": ["https://registry.gdi-de.org/codelist/de.bund.balm.radnetz/Fuehrung/405"], "https://registry.gdi-de.org/up3/ontology/geometrieAbschnitt": ["https://registry.gdi-de.org/de.nw/radnetz/instances/Section_Wuppertal_11231_233_right_geometry"], "https://registry.gdi-de.org/up3/ontology/licht": ["https://registry.gdi-de.org/codelist/de.bund.balm.radnetz/Licht/1"], "https://registry.gdi-de.org/up3/ontology/quell-ID": ["11231"], "https://registry.gdi-de.org/up3/ontology/richtung": ["https://registry.gdi-de.org/codelist/de.bund.balm.radnetz/Richtung/2"], "https://registry.gdi-de.org/up3/ontology/steigung": ["3.250721"], "https://registry.gdi-de.org/up3/ontology/strecken-ID": ["Section_Wuppertal_11231_233_right"]}, "geometry": {"type": "LineString", "coordinates": [[7.089953447, 51.2364139932, 136.93], [7.0906386913, 51.2367889785, 0.0], [7.0908071019, 51.2369790883, 139.78]]}}, {"type": "Feature", "id": "https://registry.gdi-de.org/de.nw/radnetz/instances/Section_Wuppertal_1225064_446", "name": "", "dateprops": [], "properties": {"http://rdfs.org/ns/void#inDataset": ["https://registry.gdi-de.org/de.nw/radnetz/instances/exnw_dataset"], "http://www.opengis.net/ont/geosparql#hasGeometry": ["https://registry.gdi-de.org/de.nw/radnetz/instances/Section_Wuppertal_1225064_446_geometry"], "http://www.w3.org/1999/02/22-rdf-syntax-ns#type": ["https://registry.gdi-de.org/up3/ontology/Streckenabschnitt_optional"], "https://registry.gdi-de.org/up3/ontology/beginntBeiKnoten": ["https://registry.gdi-de.org/de.nw/radnetz/instances/Knoten_Wuppertal_5624"], "https://registry.gdi-de.org/up3/ontology/endetBeiKnoten": ["https://registry.gdi-de.org/de.nw/radnetz/instances/Knoten_Wuppertal_112480104"], "https://registry.gdi-de.org/up3/ontology/fuehrung": ["https://registry.gdi-de.org/codelist/de.bund.balm.radnetz/Fuehrung/405"], "https://registry.gdi-de.org/up3/ontology/geometrieAbschnitt": ["https://registry.gdi-de.org/de.nw/radnetz/instances/Section_Wuppertal_1225064_446_geometry"], "https://registry.gdi-de.org/up3/ontology/licht": ["https://registry.gdi-de.org/codelist/de.bund.balm.radnetz/Licht/1"], "https://registry.gdi-de.org/up3/ontology/quell-ID": ["1225064"], "https://registry.gdi-de.org/up3/ontology/steigung": ["0.8207757"], "https://registry.gdi-de.org/up3/ontology/strecken-ID": ["Section_Wuppertal_1225064_446"]}, "geometry": {"type": "LineString", "coordinates": [[7.1555314719, 51.235449341, 325.13], [7.1538278344, 51.2348710737, 326.24]]}}, {"type": "Feature", "id": "https://registry.gdi-de.org/de.nw/radnetz/instances/Section_Wuppertal_1225537_982", "name": "", "dateprops": [], "properties": {"http://rdfs.org/ns/void#inDataset": ["https://registry.gdi-de.org/de.nw/radnetz/instances/exnw_dataset"], "http://www.opengis.net/ont/geosparql#hasGeometry": ["https://registry.gdi-de.org/de.nw/radnetz/instances/Section_Wuppertal_1225537_982_geometry"], "http://www.w3.org/1999/02/22-rdf-syntax-ns#type": ["https://registry.gdi-de.org/up3/ontology/Streckenabschnitt_optional"], "https://registry.gdi-de.org/up3/ontology/beginntBeiKnoten": ["https://registry.gdi-de.org/de.nw/radnetz/instances/Knoten_Wuppertal_114080102"], "https://registry.gdi-de.org/up3/ontology/endetBeiKnoten": ["https://registry.gdi-de.org/de.nw/radnetz/instances/Knoten_Wuppertal_5342"], "https://registry.gdi-de.org/up3/ontology/fuehrung": ["https://registry.gdi-de.org/codelist/de.bund.balm.radnetz/Fuehrung/405"], "https://registry.gdi-de.org/up3/ontology/geometrieAbschnitt": ["https://registry.gdi-de.org/de.nw/radnetz/instances/Section_Wuppertal_1225537_982_geometry"], "https://registry.gdi-de.org/up3/ontology/licht": ["https://registry.gdi-de.org/codelist/de.bund.balm.radnetz/Licht/1"], "https://registry.gdi-de.org/up3/ontology/quell-ID": ["1225537"], "https://registry.gdi-de.org/up3/ontology/steigung": ["2.247364"], "https://registry.gdi-de.org/up3/ontology/strecken-ID": ["Section_Wuppertal_1225537_982"]}, "geometry": {"type": "LineString", "coordinates": [[7.1505604753, 51.227606117, 0.0], [7.1503932623, 51.2280991091, 0.0]]}}, {"type": "Feature", "id": "https://registry.gdi-de.org/de.nw/radnetz/instances/Section_Wuppertal_1224519_966_right", "name": "", "dateprops": [], "properties": {"http://rdfs.org/ns/void#inDataset": ["https://registry.gdi-de.org/de.nw/radnetz/instances/exnw_dataset"], "http://www.opengis.net/ont/geosparql#hasGeometry": ["https://registry.gdi-de.org/de.nw/radnetz/instances/Section_Wuppertal_1224519_966_right_geometry"], "http://www.w3.org/1999/02/22-rdf-syntax-ns#type": ["https://registry.gdi-de.org/up3/ontology/Streckenabschnitt_optional"], "https://registry.gdi-de.org/up3/ontology/beginntBeiKnoten": ["https://registry.gdi-de.org/de.nw/radnetz/instances/Knoten_Wuppertal_7142"], "https://registry.gdi-de.org/up3/ontology/endetBeiKnoten": ["https://registry.gdi-de.org/de.nw/radnetz/instances/Knoten_Wuppertal_115050101"], "https://registry.gdi-de.org/up3/ontology/fuehrung": ["https://registry.gdi-de.org/codelist/de.bund.balm.radnetz/Fuehrung/405"], "https://registry.gdi-de.org/up3/ontology/geometrieAbschnitt": ["https://registry.gdi-de.org/de.nw/radnetz/instances/Section_Wuppertal_1224519_966_right_geometry"], "https://registry.gdi-de.org/up3/ontology/licht": ["https://registry.gdi-de.org/codelist/de.bund.balm.radnetz/Licht/1"], "https://registry.gdi-de.org/up3/ontology/quell-ID": ["1224519"], "https://registry.gdi-de.org/up3/ontology/richtung": ["https://registry.gdi-de.org/codelist/de.bund.balm.radnetz/Richtung/2"], "https://registry.gdi-de.org/up3/ontology/steigung": ["4.488812"], "https://registry.gdi-de.org/up3/ontology/strecken-ID": ["Section_Wuppertal_1224519_966_right"]}, "geometry": {"type": "LineString", "coordinates": [[7.1945587084, 51.2360526867, 0.0], [7.19490098, 51.2367115179, 0.0]]}}, {"type": "Feature", "id": "https://registry.gdi-de.org/de.nw/radnetz/instances/Section_Wuppertal_1229795_1004_right", "name": "", "dateprops": [], "properties": {"http://rdfs.org/ns/void#inDataset": ["https://registry.gdi-de.org/de.nw/radnetz/instances/exnw_dataset"], "http://www.opengis.net/ont/geosparql#hasGeometry": ["https://registry.gdi-de.org/de.nw/radnetz/instances/Section_Wuppertal_1229795_1004_right_geometry"], "http://www.w3.org/1999/02/22-rdf-syntax-ns#type": ["https://registry.gdi-de.org/up3/ontology/Streckenabschnitt_optional"], "https://registry.gdi-de.org/up3/ontology/beginntBeiKnoten": ["https://registry.gdi-de.org/de.nw/radnetz/instances/Knoten_Wuppertal_3505"], "https://registry.gdi-de.org/up3/ontology/endetBeiKnoten": ["https://registry.gdi-de.org/de.nw/radnetz/instances/Knoten_Wuppertal_114310101"], "https://registry.gdi-de.org/up3/ontology/fuehrung": ["https://registry.gdi-de.org/codelist/de.bund.balm.radnetz/Fuehrung/405"], "https://registry.gdi-de.org/up3/ontology/geometrieAbschnitt": ["https://registry.gdi-de.org/de.nw/radnetz/instances/Section_Wuppertal_1229795_1004_right_geometry"], "https://registry.gdi-de.org/up3/ontology/licht": ["https://registry.gdi-de.org/codelist/de.bund.balm.radnetz/Licht/0"], "https://registry.gdi-de.org/up3/ontology/quell-ID": ["1229795"], "https://registry.gdi-de.org/up3/ontology/richtung": ["https://registry.gdi-de.org/codelist/de.bund.balm.radnetz/Richtung/2"], "https://registry.gdi-de.org/up3/ontology/steigung": ["8.755484"], "https://registry.gdi-de.org/up3/ontology/strecken-ID": ["Section_Wuppertal_1229795_1004_right"]}, "geometry": {"type": "LineString", "coordinates": [[7.1136277391, 51.1939926767, 0.0], [7.1138837398, 51.1944040369, 0.0], [7.1143746045, 51.1951813945, 0.0], [7.1143876363, 51.1957205919, 0.0], [7.1143826625, 51.1961071581, 0.0], [7.1144862742, 51.1968432511, 0.0], [7.114188665, 51.1973764236, 0.0], [7.113846343, 51.1975954277, 0.0], [7.1131977679, 51.197988686, 0.0], [7.1129043188, 51.1981577736, 0.0], [7.112570357, 51.198351038, 0.0], [7.1122569023, 51.1985260092, 0.0], [7.1121529596, 51.1986515933, 0.0], [7.1120935791, 51.1987747929, 0.0], [7.1120371041, 51.1989477027, 0.0], [7.1120467165, 51.1990751193, 0.0], [7.1120830426, 51.1991533046, 0.0], [7.1121816507, 51.199279054, 0.0], [7.1123444437, 51.199405839, 0.0], [7.1127062385, 51.1996196409, 0.0], [7.1138414382, 51.200275464, 0.0]]}}, {"type": "Feature", "id": "https://registry.gdi-de.org/de.nw/radnetz/instances/Section_Wuppertal_284_1005_right", "name": "", "dateprops": [], "properties": {"http://rdfs.org/ns/void#inDataset": ["https://registry.gdi-de.org/de.nw/radnetz/instances/exnw_dataset"], "http://www.opengis.net/ont/geosparql#hasGeometry": ["https://registry.gdi-de.org/de.nw/radnetz/instances/Section_Wuppertal_284_1005_right_geometry"], "http://www.w3.org/1999/02/22-rdf-syntax-ns#type": ["https://registry.gdi-de.org/up3/ontology/Streckenabschnitt_optional"], "https://registry.gdi-de.org/up3/ontology/beginntBeiKnoten": ["https://registry.gdi-de.org/de.nw/radnetz/instances/Knoten_Wuppertal_3640"], "https://registry.gdi-de.org/up3/ontology/endetBeiKnoten": ["https://registry.gdi-de.org/de.nw/radnetz/instances/Knoten_Wuppertal_3739"], "https://registry.gdi-de.org/up3/ontology/fuehrung": ["https://registry.gdi-de.org/codelist/de.bund.balm.radnetz/Fuehrung/405"], "https://registry.gdi-de.org/up3/ontology/geometrieAbschnitt": ["https://registry.gdi-de.org/de.nw/radnetz/instances/Section_Wuppertal_284_1005_right_geometry"], "https://registry.gdi-de.org/up3/ontology/licht": ["https://registry.gdi-de.org/codelist/de.bund.balm.radnetz/Licht/1"], "https://registry.gdi-de.org/up3/ontology/quell-ID": ["284"], "https://registry.gdi-de.org/up3/ontology/richtung": ["https://registry.gdi-de.org/codelist/de.bund.balm.radnetz/Richtung/2"], "https://registry.gdi-de.org/up3/ontology/steigung": ["6.618547"], "https://registry.gdi-de.org/up3/ontology/strecken-ID": ["Section_Wuppertal_284_1005_right"]}, "geometry": {"type": "LineString", "coordinates": [[7.1175174465, 51.2024349906, 0.0], [7.1177448971, 51.2026099805, 0.0], [7.1196317742, 51.2037155352, 0.0], [7.1198474332, 51.2037584153, 0.0], [7.1202625629, 51.2038427017, 0.0]]}}, {"type": "Feature", "id": "https://registry.gdi-de.org/de.nw/radnetz/instances/Section_Wuppertal_1226428_1003_right", "name": "", "dateprops": [], "properties": {"http://rdfs.org/ns/void#inDataset": ["https://registry.gdi-de.org/de.nw/radnetz/instances/exnw_dataset"], "http://www.opengis.net/ont/geosparql#hasGeometry": ["https://registry.gdi-de.org/de.nw/radnetz/instances/Section_Wuppertal_1226428_1003_right_geometry"], "http://www.w3.org/1999/02/22-rdf-syntax-ns#type": ["https://registry.gdi-de.org/up3/ontology/Streckenabschnitt_optional"], "https://registry.gdi-de.org/up3/ontology/beginntBeiKnoten": ["https://registry.gdi-de.org/de.nw/radnetz/instances/Knoten_Wuppertal_114310101"], "https://registry.gdi-de.org/up3/ontology/endetBeiKnoten": ["https://registry.gdi-de.org/de.nw/radnetz/instances/Knoten_Wuppertal_114310102"], "https://registry.gdi-de.org/up3/ontology/fuehrung": ["https://registry.gdi-de.org/codelist/de.bund.balm.radnetz/Fuehrung/405"], "https://registry.gdi-de.org/up3/ontology/geometrieAbschnitt": ["https://registry.gdi-de.org/de.nw/radnetz/instances/Section_Wuppertal_1226428_1003_right_geometry"], "https://registry.gdi-de.org/up3/ontology/licht": ["https://registry.gdi-de.org/codelist/de.bund.balm.radnetz/Licht/0"], "https://registry.gdi-de.org/up3/ontology/quell-ID": ["1226428"], "https://registry.gdi-de.org/up3/ontology/richtung": ["https://registry.gdi-de.org/codelist/de.bund.balm.radnetz/Richtung/2"], "https://registry.gdi-de.org/up3/ontology/steigung": ["8.946798"], "https://registry.gdi-de.org/up3/ontology/strecken-ID": ["Section_Wuppertal_1226428_1003_right"]}, "geometry": {"type": "LineString", "coordinates": [[7.1138414382, 51.200275464, 0.0], [7.1165910096, 51.2019104959, 0.0]]}}, {"type": "Feature", "id": "https://registry.gdi-de.org/de.nw/radnetz/instances/Section_Wuppertal_1225561_486_right", "name": "", "dateprops": [], "properties": {"http://rdfs.org/ns/void#inDataset": ["https://registry.gdi-de.org/de.nw/radnetz/instances/exnw_dataset"], "http://www.opengis.net/ont/geosparql#hasGeometry": ["https://registry.gdi-de.org/de.nw/radnetz/instances/Section_Wuppertal_1225561_486_right_geometry"], "http://www.w3.org/1999/02/22-rdf-syntax-ns#type": ["https://registry.gdi-de.org/up3/ontology/Streckenabschnitt_optional"], "https://registry.gdi-de.org/up3/ontology/beginntBeiKnoten": ["https://registry.gdi-de.org/de.nw/radnetz/instances/Knoten_Wuppertal_6679"], "https://registry.gdi-de.org/up3/ontology/endetBeiKnoten": ["https://registry.gdi-de.org/de.nw/radnetz/instances/Knoten_Wuppertal_111550102"], "https://registry.gdi-de.org/up3/ontology/fuehrung": ["https://registry.gdi-de.org/codelist/de.bund.balm.radnetz/Fuehrung/405"], "https://registry.gdi-de.org/up3/ontology/geometrieAbschnitt": ["https://registry.gdi-de.org/de.nw/radnetz/instances/Section_Wuppertal_1225561_486_right_geometry"], "https://registry.gdi-de.org/up3/ontology/licht": ["https://registry.gdi-de.org/codelist/de.bund.balm.radnetz/Licht/1"], "https://registry.gdi-de.org/up3/ontology/quell-ID": ["1225561"], "https://registry.gdi-de.org/up3/ontology/richtung": ["https://registry.gdi-de.org/codelist/de.bund.balm.radnetz/Richtung/2"], "https://registry.gdi-de.org/up3/ontology/steigung": ["1.425001"], "https://registry.gdi-de.org/up3/ontology/strecken-ID": ["Section_Wuppertal_1225561_486_right"]}, "geometry": {"type": "LineString", "coordinates": [[7.1810193724, 51.2898731345, 279.13], [7.1814081676, 51.289941121, 0.0], [7.1816463133, 51.2900215616, 279.8]]}}, {"type": "Feature", "id": "https://registry.gdi-de.org/de.nw/radnetz/instances/Section_Wuppertal_7594_155_left", "name": "", "dateprops": [], "properties": {"http://rdfs.org/ns/void#inDataset": ["https://registry.gdi-de.org/de.nw/radnetz/instances/exnw_dataset"], "http://www.opengis.net/ont/geosparql#hasGeometry": ["https://registry.gdi-de.org/de.nw/radnetz/instances/Section_Wuppertal_7594_155_left_geometry"], "http://www.w3.org/1999/02/22-rdf-syntax-ns#type": ["https://registry.gdi-de.org/up3/ontology/Streckenabschnitt_optional"], "https://registry.gdi-de.org/up3/ontology/beginntBeiKnoten": ["https://registry.gdi-de.org/de.nw/radnetz/instances/Knoten_Wuppertal_4690"], "https://registry.gdi-de.org/up3/ontology/endetBeiKnoten": ["https://registry.gdi-de.org/de.nw/radnetz/instances/Knoten_Wuppertal_4662"], "https://registry.gdi-de.org/up3/ontology/fuehrung": ["https://registry.gdi-de.org/codelist/de.bund.balm.radnetz/Fuehrung/405"], "https://registry.gdi-de.org/up3/ontology/geometrieAbschnitt": ["https://registry.gdi-de.org/de.nw/radnetz/instances/Section_Wuppertal_7594_155_left_geometry"], "https://registry.gdi-de.org/up3/ontology/licht": ["https://registry.gdi-de.org/codelist/de.bund.balm.radnetz/Licht/1"], "https://registry.gdi-de.org/up3/ontology/quell-ID": ["7594"], "https://registry.gdi-de.org/up3/ontology/richtung": ["https://registry.gdi-de.org/codelist/de.bund.balm.radnetz/Richtung/3"], "https://registry.gdi-de.org/up3/ontology/steigung": ["0.08396329"], "https://registry.gdi-de.org/up3/ontology/strecken-ID": ["Section_Wuppertal_7594_155_left"]}, "geometry": {"type": "LineString", "coordinates": [[7.1402142949, 51.2109413738, 298.14], [7.1400229783, 51.2107275031, 0.0], [7.1395492266, 51.2104645175, 298.2]]}}, {"type": "Feature", "id": "https://registry.gdi-de.org/de.nw/radnetz/instances/Section_Wuppertal_7594_155_right", "name": "", "dateprops": [], "properties": {"http://rdfs.org/ns/void#inDataset": ["https://registry.gdi-de.org/de.nw/radnetz/instances/exnw_dataset"], "http://www.opengis.net/ont/geosparql#hasGeometry": ["https://registry.gdi-de.org/de.nw/radnetz/instances/Section_Wuppertal_7594_155_right_geometry"], "http://www.w3.org/1999/02/22-rdf-syntax-ns#type": ["https://registry.gdi-de.org/up3/ontology/Streckenabschnitt_optional"], "https://registry.gdi-de.org/up3/ontology/beginntBeiKnoten": ["https://registry.gdi-de.org/de.nw/radnetz/instances/Knoten_Wuppertal_4690"], "https://registry.gdi-de.org/up3/ontology/endetBeiKnoten": ["https://registry.gdi-de.org/de.nw/radnetz/instances/Knoten_Wuppertal_4662"], "https://registry.gdi-de.org/up3/ontology/fuehrung": ["https://registry.gdi-de.org/codelist/de.bund.balm.radnetz/Fuehrung/405"], "https://registry.gdi-de.org/up3/ontology/geometrieAbschnitt": ["https://registry.gdi-de.org/de.nw/radnetz/instances/Section_Wuppertal_7594_155_right_geometry"], "https://registry.gdi-de.org/up3/ontology/licht": ["https://registry.gdi-de.org/codelist/de.bund.balm.radnetz/Licht/1"], "https://registry.gdi-de.org/up3/ontology/quell-ID": ["7594"], "https://registry.gdi-de.org/up3/ontology/richtung": ["https://registry.gdi-de.org/codelist/de.bund.balm.radnetz/Richtung/2"], "https://registry.gdi-de.org/up3/ontology/steigung": ["0.08396329"], "https://registry.gdi-de.org/up3/ontology/strecken-ID": ["Section_Wuppertal_7594_155_right"]}, "geometry": {"type": "LineString", "coordinates": [[7.1402142949, 51.2109413738, 298.14], [7.1400229783, 51.2107275031, 0.0], [7.1395492266, 51.2104645175, 298.2]]}}, {"type": "Feature", "id": "https://registry.gdi-de.org/de.nw/radnetz/instances/Section_Wuppertal_5547_121", "name": "", "dateprops": [], "properties": {"http://rdfs.org/ns/void#inDataset": ["https://registry.gdi-de.org/de.nw/radnetz/instances/exnw_dataset"], "http://www.opengis.net/ont/geosparql#hasGeometry": ["https://registry.gdi-de.org/de.nw/radnetz/instances/Section_Wuppertal_5547_121_geometry"], "http://www.w3.org/1999/02/22-rdf-syntax-ns#type": ["https://registry.gdi-de.org/up3/ontology/Streckenabschnitt_optional"], "https://registry.gdi-de.org/up3/ontology/beginntBeiKnoten": ["https://registry.gdi-de.org/de.nw/radnetz/instances/Knoten_Wuppertal_7127"], "https://registry.gdi-de.org/up3/ontology/endetBeiKnoten": ["https://registry.gdi-de.org/de.nw/radnetz/instances/Knoten_Wuppertal_7229"], "https://registry.gdi-de.org/up3/ontology/fuehrung": ["https://registry.gdi-de.org/codelist/de.bund.balm.radnetz/Fuehrung/405"], "https://registry.gdi-de.org/up3/ontology/geometrieAbschnitt": ["https://registry.gdi-de.org/de.nw/radnetz/instances/Section_Wuppertal_5547_121_geometry"], "https://registry.gdi-de.org/up3/ontology/licht": ["https://registry.gdi-de.org/codelist/de.bund.balm.radnetz/Licht/1"], "https://registry.gdi-de.org/up3/ontology/quell-ID": ["5547"], "https://registry.gdi-de.org/up3/ontology/steigung": ["0.1019668"], "https://registry.gdi-de.org/up3/ontology/strecken-ID": ["Section_Wuppertal_5547_121"]}, "geometry": {"type": "LineString", "coordinates": [[7.1929898166, 51.2684964335, 153.12], [7.1943711797, 51.2690900823, 0.0], [7.1946809077, 51.2692806322, 153.27]]}}, {"type": "Feature", "id": "https://registry.gdi-de.org/de.nw/radnetz/instances/Section_Wuppertal_1226895_991", "name": "", "dateprops": [], "properties": {"http://rdfs.org/ns/void#inDataset": ["https://registry.gdi-de.org/de.nw/radnetz/instances/exnw_dataset"], "http://www.opengis.net/ont/geosparql#hasGeometry": ["https://registry.gdi-de.org/de.nw/radnetz/instances/Section_Wuppertal_1226895_991_geometry"], "http://www.w3.org/1999/02/22-rdf-syntax-ns#type": ["https://registry.gdi-de.org/up3/ontology/Streckenabschnitt_optional"], "https://registry.gdi-de.org/up3/ontology/beginntBeiKnoten": ["https://registry.gdi-de.org/de.nw/radnetz/instances/Knoten_Wuppertal_5428"], "https://registry.gdi-de.org/up3/ontology/endetBeiKnoten": ["https://registry.gdi-de.org/de.nw/radnetz/instances/Knoten_Wuppertal_114070102"], "https://registry.gdi-de.org/up3/ontology/fuehrung": ["https://registry.gdi-de.org/codelist/de.bund.balm.radnetz/Fuehrung/405"], "https://registry.gdi-de.org/up3/ontology/geometrieAbschnitt": ["https://registry.gdi-de.org/de.nw/radnetz/instances/Section_Wuppertal_1226895_991_geometry"], "https://registry.gdi-de.org/up3/ontology/licht": ["https://registry.gdi-de.org/codelist/de.bund.balm.radnetz/Licht/1"], "https://registry.gdi-de.org/up3/ontology/quell-ID": ["1226895"], "https://registry.gdi-de.org/up3/ontology/steigung": ["1.000851"], "https://registry.gdi-de.org/up3/ontology/strecken-ID": ["Section_Wuppertal_1226895_991"]}, "geometry": {"type": "LineString", "coordinates": [[7.1520125351, 51.2232124105, 0.0], [7.1520090037, 51.2233381483, 0.0]]}}, {"type": "Feature", "id": "https://registry.gdi-de.org/de.nw/radnetz/instances/Section_Wuppertal_1230024_1009_right", "name": "", "dateprops": [], "properties": {"http://rdfs.org/ns/void#inDataset": ["https://registry.gdi-de.org/de.nw/radnetz/instances/exnw_dataset"], "http://www.opengis.net/ont/geosparql#hasGeometry": ["https://registry.gdi-de.org/de.nw/radnetz/instances/Section_Wuppertal_1230024_1009_right_geometry"], "http://www.w3.org/1999/02/22-rdf-syntax-ns#type": ["https://registry.gdi-de.org/up3/ontology/Streckenabschnitt_optional"], "https://registry.gdi-de.org/up3/ontology/beginntBeiKnoten": ["https://registry.gdi-de.org/de.nw/radnetz/instances/Knoten_Wuppertal_4484"], "https://registry.gdi-de.org/up3/ontology/endetBeiKnoten": ["https://registry.gdi-de.org/de.nw/radnetz/instances/Knoten_Wuppertal_1189691383"], "https://registry.gdi-de.org/up3/ontology/fuehrung": ["https://registry.gdi-de.org/codelist/de.bund.balm.radnetz/Fuehrung/405"], "https://registry.gdi-de.org/up3/ontology/geometrieAbschnitt": ["https://registry.gdi-de.org/de.nw/radnetz/instances/Section_Wuppertal_1230024_1009_right_geometry"], "https://registry.gdi-de.org/up3/ontology/licht": ["https://registry.gdi-de.org/codelist/de.bund.balm.radnetz/Licht/0"], "https://registry.gdi-de.org/up3/ontology/quell-ID": ["1230024"], "https://registry.gdi-de.org/up3/ontology/richtung": ["https://registry.gdi-de.org/codelist/de.bund.balm.radnetz/Richtung/2"], "https://registry.gdi-de.org/up3/ontology/steigung": ["4.884734"], "https://registry.gdi-de.org/up3/ontology/strecken-ID": ["Section_Wuppertal_1230024_1009_right"]}, "geometry": {"type": "LineString", "coordinates": [[7.1368803295, 51.1663522717, 108.13], [7.1363060056, 51.1660468476, 0.0], [7.1358869887, 51.1658765352, 0.0], [7.1348750522, 51.1657413938, 0.0], [7.134116614, 51.1657739226, 0.0], [7.1333291277, 51.1659398664, 0.0], [7.1324445808, 51.1663416869, 0.0]]}}, {"type": "Feature", "id": "https://registry.gdi-de.org/de.nw/radnetz/instances/Section_Wuppertal_1225918_984", "name": "", "dateprops": [], "properties": {"http://rdfs.org/ns/void#inDataset": ["https://registry.gdi-de.org/de.nw/radnetz/instances/exnw_dataset"], "http://www.opengis.net/ont/geosparql#hasGeometry": ["https://registry.gdi-de.org/de.nw/radnetz/instances/Section_Wuppertal_1225918_984_geometry"], "http://www.w3.org/1999/02/22-rdf-syntax-ns#type": ["https://registry.gdi-de.org/up3/ontology/Streckenabschnitt_optional"], "https://registry.gdi-de.org/up3/ontology/beginntBeiKnoten": ["https://registry.gdi-de.org/de.nw/radnetz/instances/Knoten_Wuppertal_114060101"], "https://registry.gdi-de.org/up3/ontology/endetBeiKnoten": ["https://registry.gdi-de.org/de.nw/radnetz/instances/Knoten_Wuppertal_114060102"], "https://registry.gdi-de.org/up3/ontology/fuehrung": ["https://registry.gdi-de.org/codelist/de.bund.balm.radnetz/Fuehrung/405"], "https://registry.gdi-de.org/up3/ontology/geometrieAbschnitt": ["https://registry.gdi-de.org/de.nw/radnetz/instances/Section_Wuppertal_1225918_984_geometry"], "https://registry.gdi-de.org/up3/ontology/licht": ["https://registry.gdi-de.org/codelist/de.bund.balm.radnetz/Licht/1"], "https://registry.gdi-de.org/up3/ontology/quell-ID": ["1225918"], "https://registry.gdi-de.org/up3/ontology/steigung": ["0.6721264"], "https://registry.gdi-de.org/up3/ontology/strecken-ID": ["Section_Wuppertal_1225918_984"]}, "geometry": {"type": "LineString", "coordinates": [[7.1521813475, 51.2205220773, 0.0], [7.1521343026, 51.2213776272, 0.0]]}}, {"type": "Feature", "id": "https://registry.gdi-de.org/de.nw/radnetz/instances/Section_Wuppertal_1226266_550_right", "name": "", "dateprops": [], "properties": {"http://rdfs.org/ns/void#inDataset": ["https://registry.gdi-de.org/de.nw/radnetz/instances/exnw_dataset"], "http://www.opengis.net/ont/geosparql#hasGeometry": ["https://registry.gdi-de.org/de.nw/radnetz/instances/Section_Wuppertal_1226266_550_right_geometry"], "http://www.w3.org/1999/02/22-rdf-syntax-ns#type": ["https://registry.gdi-de.org/up3/ontology/Streckenabschnitt_optional"], "https://registry.gdi-de.org/up3/ontology/beginntBeiKnoten": ["https://registry.gdi-de.org/de.nw/radnetz/instances/Knoten_Wuppertal_113850102"], "https://registry.gdi-de.org/up3/ontology/endetBeiKnoten": ["https://registry.gdi-de.org/de.nw/radnetz/instances/Knoten_Wuppertal_113850101"], "https://registry.gdi-de.org/up3/ontology/fuehrung": ["https://registry.gdi-de.org/codelist/de.bund.balm.radnetz/Fuehrung/405"], "https://registry.gdi-de.org/up3/ontology/geometrieAbschnitt": ["https://registry.gdi-de.org/de.nw/radnetz/instances/Section_Wuppertal_1226266_550_right_geometry"], "https://registry.gdi-de.org/up3/ontology/licht": ["https://registry.gdi-de.org/codelist/de.bund.balm.radnetz/Licht/1"], "https://registry.gdi-de.org/up3/ontology/quell-ID": ["1226266"], "https://registry.gdi-de.org/up3/ontology/richtung": ["https://registry.gdi-de.org/codelist/de.bund.balm.radnetz/Richtung/2"], "https://registry.gdi-de.org/up3/ontology/steigung": ["1.57686"], "https://registry.gdi-de.org/up3/ontology/strecken-ID": ["Section_Wuppertal_1226266_550_right"]}, "geometry": {"type": "LineString", "coordinates": [[7.1035968156, 51.248318492, 144.29], [7.1035241386, 51.248376912, 144.42]]}}, {"type": "Feature", "id": "https://registry.gdi-de.org/de.nw/radnetz/instances/Section_Wuppertal_2271_48_right", "name": "", "dateprops": [], "properties": {"http://rdfs.org/ns/void#inDataset": ["https://registry.gdi-de.org/de.nw/radnetz/instances/exnw_dataset"], "http://www.opengis.net/ont/geosparql#hasGeometry": ["https://registry.gdi-de.org/de.nw/radnetz/instances/Section_Wuppertal_2271_48_right_geometry"], "http://www.w3.org/1999/02/22-rdf-syntax-ns#type": ["https://registry.gdi-de.org/up3/ontology/Streckenabschnitt_optional"], "https://registry.gdi-de.org/up3/ontology/beginntBeiKnoten": ["https://registry.gdi-de.org/de.nw/radnetz/instances/Knoten_Wuppertal_6659"], "https://registry.gdi-de.org/up3/ontology/endetBeiKnoten": ["https://registry.gdi-de.org/de.nw/radnetz/instances/Knoten_Wuppertal_6679"], "https://registry.gdi-de.org/up3/ontology/fuehrung": ["https://registry.gdi-de.org/codelist/de.bund.balm.radnetz/Fuehrung/405"], "https://registry.gdi-de.org/up3/ontology/geometrieAbschnitt": ["https://registry.gdi-de.org/de.nw/radnetz/instances/Section_Wuppertal_2271_48_right_geometry"], "https://registry.gdi-de.org/up3/ontology/licht": ["https://registry.gdi-de.org/codelist/de.bund.balm.radnetz/Licht/1"], "https://registry.gdi-de.org/up3/ontology/quell-ID": ["2271"], "https://registry.gdi-de.org/up3/ontology/richtung": ["https://registry.gdi-de.org/codelist/de.bund.balm.radnetz/Richtung/2"], "https://registry.gdi-de.org/up3/ontology/steigung": ["3.400967"], "https://registry.gdi-de.org/up3/ontology/strecken-ID": ["Section_Wuppertal_2271_48_right"]}, "geometry": {"type": "LineString", "coordinates": [[7.1806654526, 51.2896391287, 277.91], [7.1810193724, 51.2898731345, 279.13]]}}, {"type": "Feature", "id": "https://registry.gdi-de.org/de.nw/radnetz/instances/Section_Wuppertal_12793_1001_right", "name": "", "dateprops": [], "properties": {"http://rdfs.org/ns/void#inDataset": ["https://registry.gdi-de.org/de.nw/radnetz/instances/exnw_dataset"], "http://www.opengis.net/ont/geosparql#hasGeometry": ["https://registry.gdi-de.org/de.nw/radnetz/instances/Section_Wuppertal_12793_1001_right_geometry"], "http://www.w3.org/1999/02/22-rdf-syntax-ns#type": ["https://registry.gdi-de.org/up3/ontology/Streckenabschnitt_optional"], "https://registry.gdi-de.org/up3/ontology/beginntBeiKnoten": ["https://registry.gdi-de.org/de.nw/radnetz/instances/Knoten_Wuppertal_3398"], "https://registry.gdi-de.org/up3/ontology/endetBeiKnoten": ["https://registry.gdi-de.org/de.nw/radnetz/instances/Knoten_Wuppertal_3460"], "https://registry.gdi-de.org/up3/ontology/fuehrung": ["https://registry.gdi-de.org/codelist/de.bund.balm.radnetz/Fuehrung/405"], "https://registry.gdi-de.org/up3/ontology/geometrieAbschnitt": ["https://registry.gdi-de.org/de.nw/radnetz/instances/Section_Wuppertal_12793_1001_right_geometry"], "https://registry.gdi-de.org/up3/ontology/licht": ["https://registry.gdi-de.org/codelist/de.bund.balm.radnetz/Licht/1"], "https://registry.gdi-de.org/up3/ontology/quell-ID": ["12793"], "https://registry.gdi-de.org/up3/ontology/richtung": ["https://registry.gdi-de.org/codelist/de.bund.balm.radnetz/Richtung/2"], "https://registry.gdi-de.org/up3/ontology/steigung": ["6.455975"], "https://registry.gdi-de.org/up3/ontology/strecken-ID": ["Section_Wuppertal_12793_1001_right"]}, "geometry": {"type": "LineString", "coordinates": [[7.1101983093, 51.1934413179, 0.0], [7.1107389607, 51.1939126092, 0.0], [7.1116326299, 51.1941917552, 0.0], [7.1119904129, 51.1941973427, 0.0]]}}, {"type": "Feature", "id": "https://registry.gdi-de.org/de.nw/radnetz/instances/Section_Wuppertal_681_17", "name": "", "dateprops": [], "properties": {"http://rdfs.org/ns/void#inDataset": ["https://registry.gdi-de.org/de.nw/radnetz/instances/exnw_dataset"], "http://www.opengis.net/ont/geosparql#hasGeometry": ["https://registry.gdi-de.org/de.nw/radnetz/instances/Section_Wuppertal_681_17_geometry"], "http://www.w3.org/1999/02/22-rdf-syntax-ns#type": ["https://registry.gdi-de.org/up3/ontology/Streckenabschnitt_optional"], "https://registry.gdi-de.org/up3/ontology/beginntBeiKnoten": ["https://registry.gdi-de.org/de.nw/radnetz/instances/Knoten_Wuppertal_2945"], "https://registry.gdi-de.org/up3/ontology/endetBeiKnoten": ["https://registry.gdi-de.org/de.nw/radnetz/instances/Knoten_Wuppertal_2917"], "https://registry.gdi-de.org/up3/ontology/fuehrung": ["https://registry.gdi-de.org/codelist/de.bund.balm.radnetz/Fuehrung/405"], "https://registry.gdi-de.org/up3/ontology/geometrieAbschnitt": ["https://registry.gdi-de.org/de.nw/radnetz/instances/Section_Wuppertal_681_17_geometry"], "https://registry.gdi-de.org/up3/ontology/licht": ["https://registry.gdi-de.org/codelist/de.bund.balm.radnetz/Licht/1"], "https://registry.gdi-de.org/up3/ontology/quell-ID": ["681"], "https://registry.gdi-de.org/up3/ontology/steigung": ["4.664107"], "https://registry.gdi-de.org/up3/ontology/strecken-ID": ["Section_Wuppertal_681_17"]}, "geometry": {"type": "LineString", "coordinates": [[7.0878076915, 51.2352589459, 143.01], [7.0862595985, 51.2344500471, 149.57]]}}, {"type": "Feature", "id": "https://registry.gdi-de.org/de.nw/radnetz/instances/Section_Wuppertal_1223121_339", "name": "", "dateprops": [], "properties": {"http://rdfs.org/ns/void#inDataset": ["https://registry.gdi-de.org/de.nw/radnetz/instances/exnw_dataset"], "http://www.opengis.net/ont/geosparql#hasGeometry": ["https://registry.gdi-de.org/de.nw/radnetz/instances/Section_Wuppertal_1223121_339_geometry"], "http://www.w3.org/1999/02/22-rdf-syntax-ns#type": ["https://registry.gdi-de.org/up3/ontology/Streckenabschnitt_optional"], "https://registry.gdi-de.org/up3/ontology/beginntBeiKnoten": ["https://registry.gdi-de.org/de.nw/radnetz/instances/Knoten_Wuppertal_60279"], "https://registry.gdi-de.org/up3/ontology/endetBeiKnoten": ["https://registry.gdi-de.org/de.nw/radnetz/instances/Knoten_Wuppertal_60274"], "https://registry.gdi-de.org/up3/ontology/fuehrung": ["https://registry.gdi-de.org/codelist/de.bund.balm.radnetz/Fuehrung/405"], "https://registry.gdi-de.org/up3/ontology/geometrieAbschnitt": ["https://registry.gdi-de.org/de.nw/radnetz/instances/Section_Wuppertal_1223121_339_geometry"], "https://registry.gdi-de.org/up3/ontology/licht": ["https://registry.gdi-de.org/codelist/de.bund.balm.radnetz/Licht/1"], "https://registry.gdi-de.org/up3/ontology/quell-ID": ["1223121"], "https://registry.gdi-de.org/up3/ontology/steigung": ["0.05916589"], "https://registry.gdi-de.org/up3/ontology/strecken-ID": ["Section_Wuppertal_1223121_339"]}, "geometry": {"type": "LineString", "coordinates": [[7.2233552168, 51.2795724706, 188.84], [7.223383791, 51.2796070067, 0.0], [7.2234381679, 51.2797360588, 0.0], [7.2234737286, 51.2798400072, 0.0], [7.2234709097, 51.2800840094, 0.0], [7.2234744712, 51.2801626542, 0.0], [7.223514071, 51.2803328453, 0.0], [7.2236112407, 51.2805494101, 0.0], [7.2237728929, 51.2808041807, 0.0], [7.2238323947, 51.2808915522, 188.93]]}}, {"type": "Feature", "id": "https://registry.gdi-de.org/de.nw/radnetz/instances/Section_Wuppertal_1225538_0", "name": "", "dateprops": [], "properties": {"http://rdfs.org/ns/void#inDataset": ["https://registry.gdi-de.org/de.nw/radnetz/instances/exnw_dataset"], "http://www.opengis.net/ont/geosparql#hasGeometry": ["https://registry.gdi-de.org/de.nw/radnetz/instances/Section_Wuppertal_1225538_0_geometry"], "http://www.w3.org/1999/02/22-rdf-syntax-ns#type": ["https://registry.gdi-de.org/up3/ontology/Streckenabschnitt_optional"], "https://registry.gdi-de.org/up3/ontology/beginntBeiKnoten": ["https://registry.gdi-de.org/de.nw/radnetz/instances/Knoten_Wuppertal_5371"], "https://registry.gdi-de.org/up3/ontology/endetBeiKnoten": ["https://registry.gdi-de.org/de.nw/radnetz/instances/Knoten_Wuppertal_114080102"], "https://registry.gdi-de.org/up3/ontology/fuehrung": ["https://registry.gdi-de.org/codelist/de.bund.balm.radnetz/Fuehrung/405"], "https://registry.gdi-de.org/up3/ontology/geometrieAbschnitt": ["https://registry.gdi-de.org/de.nw/radnetz/instances/Section_Wuppertal_1225538_0_geometry"], "https://registry.gdi-de.org/up3/ontology/licht": ["https://registry.gdi-de.org/codelist/de.bund.balm.radnetz/Licht/1"], "https://registry.gdi-de.org/up3/ontology/quell-ID": ["1225538"], "https://registry.gdi-de.org/up3/ontology/steigung": ["1.084937"], "https://registry.gdi-de.org/up3/ontology/strecken-ID": ["Section_Wuppertal_1225538_0"]}, "geometry": {"type": "LineString", "coordinates": [[7.1509618114, 51.2264228267, 0.0], [7.1505604753, 51.227606117, 0.0]]}}, {"type": "Feature", "id": "https://registry.gdi-de.org/de.nw/radnetz/instances/Section_Wuppertal_3002_67_right", "name": "", "dateprops": [], "properties": {"http://rdfs.org/ns/void#inDataset": ["https://registry.gdi-de.org/de.nw/radnetz/instances/exnw_dataset"], "http://www.opengis.net/ont/geosparql#hasGeometry": ["https://registry.gdi-de.org/de.nw/radnetz/instances/Section_Wuppertal_3002_67_right_geometry"], "http://www.w3.org/1999/02/22-rdf-syntax-ns#type": ["https://registry.gdi-de.org/up3/ontology/Streckenabschnitt_optional"], "https://registry.gdi-de.org/up3/ontology/beginntBeiKnoten": ["https://registry.gdi-de.org/de.nw/radnetz/instances/Knoten_Wuppertal_3161"], "https://registry.gdi-de.org/up3/ontology/endetBeiKnoten": ["https://registry.gdi-de.org/de.nw/radnetz/instances/Knoten_Wuppertal_3157"], "https://registry.gdi-de.org/up3/ontology/fuehrung": ["https://registry.gdi-de.org/codelist/de.bund.balm.radnetz/Fuehrung/405"], "https://registry.gdi-de.org/up3/ontology/geometrieAbschnitt": ["https://registry.gdi-de.org/de.nw/radnetz/instances/Section_Wuppertal_3002_67_right_geometry"], "https://registry.gdi-de.org/up3/ontology/licht": ["https://registry.gdi-de.org/codelist/de.bund.balm.radnetz/Licht/1"], "https://registry.gdi-de.org/up3/ontology/quell-ID": ["3002"], "https://registry.gdi-de.org/up3/ontology/richtung": ["https://registry.gdi-de.org/codelist/de.bund.balm.radnetz/Richtung/2"], "https://registry.gdi-de.org/up3/ontology/steigung": ["1.179316"], "https://registry.gdi-de.org/up3/ontology/strecken-ID": ["Section_Wuppertal_3002_67_right"]}, "geometry": {"type": "LineString", "coordinates": [[7.0977772699, 51.2372083965, 136.03], [7.0975331396, 51.2367211751, 136.7]]}}, {"type": "Feature", "id": "https://registry.gdi-de.org/de.nw/radnetz/instances/Section_Wuppertal_1226798_988", "name": "", "dateprops": [], "properties": {"http://rdfs.org/ns/void#inDataset": ["https://registry.gdi-de.org/de.nw/radnetz/instances/exnw_dataset"], "http://www.opengis.net/ont/geosparql#hasGeometry": ["https://registry.gdi-de.org/de.nw/radnetz/instances/Section_Wuppertal_1226798_988_geometry"], "http://www.w3.org/1999/02/22-rdf-syntax-ns#type": ["https://registry.gdi-de.org/up3/ontology/Streckenabschnitt_optional"], "https://registry.gdi-de.org/up3/ontology/beginntBeiKnoten": ["https://registry.gdi-de.org/de.nw/radnetz/instances/Knoten_Wuppertal_114040201"], "https://registry.gdi-de.org/up3/ontology/endetBeiKnoten": ["https://registry.gdi-de.org/de.nw/radnetz/instances/Knoten_Wuppertal_5276"], "https://registry.gdi-de.org/up3/ontology/fuehrung": ["https://registry.gdi-de.org/codelist/de.bund.balm.radnetz/Fuehrung/405"], "https://registry.gdi-de.org/up3/ontology/geometrieAbschnitt": ["https://registry.gdi-de.org/de.nw/radnetz/instances/Section_Wuppertal_1226798_988_geometry"], "https://registry.gdi-de.org/up3/ontology/licht": ["https://registry.gdi-de.org/codelist/de.bund.balm.radnetz/Licht/1"], "https://registry.gdi-de.org/up3/ontology/quell-ID": ["1226798"], "https://registry.gdi-de.org/up3/ontology/steigung": ["1.54685"], "https://registry.gdi-de.org/up3/ontology/strecken-ID": ["Section_Wuppertal_1226798_988"]}, "geometry": {"type": "LineString", "coordinates": [[7.1470496057, 51.2153932463, 0.0], [7.1491567128, 51.2164893496, 0.0], [7.1498666731, 51.2169503293, 0.0]]}}, {"type": "Feature", "id": "https://registry.gdi-de.org/de.nw/radnetz/instances/Section_Wuppertal_3702_964_right", "name": "", "dateprops": [], "properties": {"http://rdfs.org/ns/void#inDataset": ["https://registry.gdi-de.org/de.nw/radnetz/instances/exnw_dataset"], "http://www.opengis.net/ont/geosparql#hasGeometry": ["https://registry.gdi-de.org/de.nw/radnetz/instances/Section_Wuppertal_3702_964_right_geometry"], "http://www.w3.org/1999/02/22-rdf-syntax-ns#type": ["https://registry.gdi-de.org/up3/ontology/Streckenabschnitt_optional"], "https://registry.gdi-de.org/up3/ontology/beginntBeiKnoten": ["https://registry.gdi-de.org/de.nw/radnetz/instances/Knoten_Wuppertal_7126"], "https://registry.gdi-de.org/up3/ontology/endetBeiKnoten": ["https://registry.gdi-de.org/de.nw/radnetz/instances/Knoten_Wuppertal_7142"], "https://registry.gdi-de.org/up3/ontology/fuehrung": ["https://registry.gdi-de.org/codelist/de.bund.balm.radnetz/Fuehrung/405"], "https://registry.gdi-de.org/up3/ontology/geometrieAbschnitt": ["https://registry.gdi-de.org/de.nw/radnetz/instances/Section_Wuppertal_3702_964_right_geometry"], "https://registry.gdi-de.org/up3/ontology/licht": ["https://registry.gdi-de.org/codelist/de.bund.balm.radnetz/Licht/1"], "https://registry.gdi-de.org/up3/ontology/quell-ID": ["3702"], "https://registry.gdi-de.org/up3/ontology/richtung": ["https://registry.gdi-de.org/codelist/de.bund.balm.radnetz/Richtung/2"], "https://registry.gdi-de.org/up3/ontology/steigung": ["4.981066"], "https://registry.gdi-de.org/up3/ontology/strecken-ID": ["Section_Wuppertal_3702_964_right"]}, "geometry": {"type": "LineString", "coordinates": [[7.194275296, 51.2355355487, 0.0], [7.1945587084, 51.2360526867, 0.0]]}}, {"type": "Feature", "id": "https://registry.gdi-de.org/de.nw/radnetz/instances/Section_Wuppertal_4265_965_right", "name": "", "dateprops": [], "properties": {"http://rdfs.org/ns/void#inDataset": ["https://registry.gdi-de.org/de.nw/radnetz/instances/exnw_dataset"], "http://www.opengis.net/ont/geosparql#hasGeometry": ["https://registry.gdi-de.org/de.nw/radnetz/instances/Section_Wuppertal_4265_965_right_geometry"], "http://www.w3.org/1999/02/22-rdf-syntax-ns#type": ["https://registry.gdi-de.org/up3/ontology/Streckenabschnitt_optional"], "https://registry.gdi-de.org/up3/ontology/beginntBeiKnoten": ["https://registry.gdi-de.org/de.nw/radnetz/instances/Knoten_Wuppertal_7010"], "https://registry.gdi-de.org/up3/ontology/endetBeiKnoten": ["https://registry.gdi-de.org/de.nw/radnetz/instances/Knoten_Wuppertal_7126"], "https://registry.gdi-de.org/up3/ontology/fuehrung": ["https://registry.gdi-de.org/codelist/de.bund.balm.radnetz/Fuehrung/405"], "https://registry.gdi-de.org/up3/ontology/geometrieAbschnitt": ["https://registry.gdi-de.org/de.nw/radnetz/instances/Section_Wuppertal_4265_965_right_geometry"], "https://registry.gdi-de.org/up3/ontology/licht": ["https://registry.gdi-de.org/codelist/de.bund.balm.radnetz/Licht/1"], "https://registry.gdi-de.org/up3/ontology/quell-ID": ["4265"], "https://registry.gdi-de.org/up3/ontology/richtung": ["https://registry.gdi-de.org/codelist/de.bund.balm.radnetz/Richtung/2"], "https://registry.gdi-de.org/up3/ontology/steigung": ["5.066603"], "https://registry.gdi-de.org/up3/ontology/strecken-ID": ["Section_Wuppertal_4265_965_right"]}, "geometry": {"type": "LineString", "coordinates": [[7.1921362095, 51.234405197, 0.0], [7.1936284451, 51.2347692506, 0.0], [7.1938458173, 51.2348588993, 0.0], [7.1939593409, 51.234963011, 0.0], [7.194275296, 51.2355355487, 0.0]]}}, {"type": "Feature", "id": "https://registry.gdi-de.org/de.nw/radnetz/instances/Section_Wuppertal_1223125_342", "name": "", "dateprops": [], "properties": {"http://rdfs.org/ns/void#inDataset": ["https://registry.gdi-de.org/de.nw/radnetz/instances/exnw_dataset"], "http://www.opengis.net/ont/geosparql#hasGeometry": ["https://registry.gdi-de.org/de.nw/radnetz/instances/Section_Wuppertal_1223125_342_geometry"], "http://www.w3.org/1999/02/22-rdf-syntax-ns#type": ["https://registry.gdi-de.org/up3/ontology/Streckenabschnitt_optional"], "https://registry.gdi-de.org/up3/ontology/beginntBeiKnoten": ["https://registry.gdi-de.org/de.nw/radnetz/instances/Knoten_Wuppertal_60274"], "https://registry.gdi-de.org/up3/ontology/endetBeiKnoten": ["https://registry.gdi-de.org/de.nw/radnetz/instances/Knoten_Wuppertal_60280"], "https://registry.gdi-de.org/up3/ontology/fuehrung": ["https://registry.gdi-de.org/codelist/de.bund.balm.radnetz/Fuehrung/405"], "https://registry.gdi-de.org/up3/ontology/geometrieAbschnitt": ["https://registry.gdi-de.org/de.nw/radnetz/instances/Section_Wuppertal_1223125_342_geometry"], "https://registry.gdi-de.org/up3/ontology/licht": ["https://registry.gdi-de.org/codelist/de.bund.balm.radnetz/Licht/1"], "https://registry.gdi-de.org/up3/ontology/quell-ID": ["1223125"], "https://registry.gdi-de.org/up3/ontology/steigung": ["0.3148302"], "https://registry.gdi-de.org/up3/ontology/strecken-ID": ["Section_Wuppertal_1223125_342"]}, "geometry": {"type": "LineString", "coordinates": [[7.2238323947, 51.2808915522, 188.93], [7.2249088313, 51.2825591341, 189.56]]}}, {"type": "Feature", "id": "https://registry.gdi-de.org/de.nw/radnetz/instances/Section_Wuppertal_11224_969_right", "name": "", "dateprops": [], "properties": {"http://rdfs.org/ns/void#inDataset": ["https://registry.gdi-de.org/de.nw/radnetz/instances/exnw_dataset"], "http://www.opengis.net/ont/geosparql#hasGeometry": ["https://registry.gdi-de.org/de.nw/radnetz/instances/Section_Wuppertal_11224_969_right_geometry"], "http://www.w3.org/1999/02/22-rdf-syntax-ns#type": ["https://registry.gdi-de.org/up3/ontology/Streckenabschnitt_optional"], "https://registry.gdi-de.org/up3/ontology/beginntBeiKnoten": ["https://registry.gdi-de.org/de.nw/radnetz/instances/Knoten_Wuppertal_5601"], "https://registry.gdi-de.org/up3/ontology/endetBeiKnoten": ["https://registry.gdi-de.org/de.nw/radnetz/instances/Knoten_Wuppertal_5553"], "https://registry.gdi-de.org/up3/ontology/fuehrung": ["https://registry.gdi-de.org/codelist/de.bund.balm.radnetz/Fuehrung/405"], "https://registry.gdi-de.org/up3/ontology/geometrieAbschnitt": ["https://registry.gdi-de.org/de.nw/radnetz/instances/Section_Wuppertal_11224_969_right_geometry"], "https://registry.gdi-de.org/up3/ontology/licht": ["https://registry.gdi-de.org/codelist/de.bund.balm.radnetz/Licht/1"], "https://registry.gdi-de.org/up3/ontology/quell-ID": ["11224"], "https://registry.gdi-de.org/up3/ontology/richtung": ["https://registry.gdi-de.org/codelist/de.bund.balm.radnetz/Richtung/2"], "https://registry.gdi-de.org/up3/ontology/steigung": ["3.206544"], "https://registry.gdi-de.org/up3/ontology/strecken-ID": ["Section_Wuppertal_11224_969_right"]}, "geometry": {"type": "LineString", "coordinates": [[7.1546753568, 51.2432137286, 0.0], [7.1542261597, 51.2430919844, 0.0], [7.1538403824, 51.2429063392, 0.0], [7.1537123638, 51.2427192021, 0.0]]}}, {"type": "Feature", "id": "https://registry.gdi-de.org/de.nw/radnetz/instances/Section_Wuppertal_1227985_971_right", "name": "", "dateprops": [], "properties": {"http://rdfs.org/ns/void#inDataset": ["https://registry.gdi-de.org/de.nw/radnetz/instances/exnw_dataset"], "http://www.opengis.net/ont/geosparql#hasGeometry": ["https://registry.gdi-de.org/de.nw/radnetz/instances/Section_Wuppertal_1227985_971_right_geometry"], "http://www.w3.org/1999/02/22-rdf-syntax-ns#type": ["https://registry.gdi-de.org/up3/ontology/Streckenabschnitt_optional"], "https://registry.gdi-de.org/up3/ontology/beginntBeiKnoten": ["https://registry.gdi-de.org/de.nw/radnetz/instances/Knoten_Wuppertal_5553"], "https://registry.gdi-de.org/up3/ontology/endetBeiKnoten": ["https://registry.gdi-de.org/de.nw/radnetz/instances/Knoten_Wuppertal_1189690368"], "https://registry.gdi-de.org/up3/ontology/fuehrung": ["https://registry.gdi-de.org/codelist/de.bund.balm.radnetz/Fuehrung/405"], "https://registry.gdi-de.org/up3/ontology/geometrieAbschnitt": ["https://registry.gdi-de.org/de.nw/radnetz/instances/Section_Wuppertal_1227985_971_right_geometry"], "https://registry.gdi-de.org/up3/ontology/licht": ["https://registry.gdi-de.org/codelist/de.bund.balm.radnetz/Licht/1"], "https://registry.gdi-de.org/up3/ontology/quell-ID": ["1227985"], "https://registry.gdi-de.org/up3/ontology/richtung": ["https://registry.gdi-de.org/codelist/de.bund.balm.radnetz/Richtung/2"], "https://registry.gdi-de.org/up3/ontology/steigung": ["0.7192899"], "https://registry.gdi-de.org/up3/ontology/strecken-ID": ["Section_Wuppertal_1227985_971_right"]}, "geometry": {"type": "LineString", "coordinates": [[7.1537123638, 51.2427192021, 0.0], [7.1535824953, 51.2424695289, 0.0], [7.1536464181, 51.2421632827, 0.0], [7.1538555242, 51.2419364962, 0.0], [7.1550288604, 51.2413316258, 0.0], [7.1550396915, 51.2413202467, 0.0]]}}, {"type": "Feature", "id": "https://registry.gdi-de.org/de.nw/radnetz/instances/Section_Wuppertal_1878_41", "name": "", "dateprops": [], "properties": {"http://rdfs.org/ns/void#inDataset": ["https://registry.gdi-de.org/de.nw/radnetz/instances/exnw_dataset"], "http://www.opengis.net/ont/geosparql#hasGeometry": ["https://registry.gdi-de.org/de.nw/radnetz/instances/Section_Wuppertal_1878_41_geometry"], "http://www.w3.org/1999/02/22-rdf-syntax-ns#type": ["https://registry.gdi-de.org/up3/ontology/Streckenabschnitt_optional"], "https://registry.gdi-de.org/up3/ontology/beginntBeiKnoten": ["https://registry.gdi-de.org/de.nw/radnetz/instances/Knoten_Wuppertal_5489"], "https://registry.gdi-de.org/up3/ontology/endetBeiKnoten": ["https://registry.gdi-de.org/de.nw/radnetz/instances/Knoten_Wuppertal_5348"], "https://registry.gdi-de.org/up3/ontology/fuehrung": ["https://registry.gdi-de.org/codelist/de.bund.balm.radnetz/Fuehrung/405"], "https://registry.gdi-de.org/up3/ontology/geometrieAbschnitt": ["https://registry.gdi-de.org/de.nw/radnetz/instances/Section_Wuppertal_1878_41_geometry"], "https://registry.gdi-de.org/up3/ontology/licht": ["https://registry.gdi-de.org/codelist/de.bund.balm.radnetz/Licht/1"], "https://registry.gdi-de.org/up3/ontology/quell-ID": ["1878"], "https://registry.gdi-de.org/up3/ontology/steigung": ["2.228427"], "https://registry.gdi-de.org/up3/ontology/strecken-ID": ["Section_Wuppertal_1878_41"]}, "geometry": {"type": "LineString", "coordinates": [[7.152772332, 51.2347022019, 328.59], [7.1504790936, 51.2334660288, 0.0], [7.1503371651, 51.233264373, 333.84]]}}, {"type": "Feature", "id": "https://registry.gdi-de.org/de.nw/radnetz/instances/Section_Wuppertal_1225890_970_right", "name": "", "dateprops": [], "properties": {"http://rdfs.org/ns/void#inDataset": ["https://registry.gdi-de.org/de.nw/radnetz/instances/exnw_dataset"], "http://www.opengis.net/ont/geosparql#hasGeometry": ["https://registry.gdi-de.org/de.nw/radnetz/instances/Section_Wuppertal_1225890_970_right_geometry"], "http://www.w3.org/1999/02/22-rdf-syntax-ns#type": ["https://registry.gdi-de.org/up3/ontology/Streckenabschnitt_optional"], "https://registry.gdi-de.org/up3/ontology/beginntBeiKnoten": ["https://registry.gdi-de.org/de.nw/radnetz/instances/Knoten_Wuppertal_114550103"], "https://registry.gdi-de.org/up3/ontology/endetBeiKnoten": ["https://registry.gdi-de.org/de.nw/radnetz/instances/Knoten_Wuppertal_5596"], "https://registry.gdi-de.org/up3/ontology/fuehrung": ["https://registry.gdi-de.org/codelist/de.bund.balm.radnetz/Fuehrung/405"], "https://registry.gdi-de.org/up3/ontology/geometrieAbschnitt": ["https://registry.gdi-de.org/de.nw/radnetz/instances/Section_Wuppertal_1225890_970_right_geometry"], "https://registry.gdi-de.org/up3/ontology/licht": ["https://registry.gdi-de.org/codelist/de.bund.balm.radnetz/Licht/1"], "https://registry.gdi-de.org/up3/ontology/quell-ID": ["1225890"], "https://registry.gdi-de.org/up3/ontology/richtung": ["https://registry.gdi-de.org/codelist/de.bund.balm.radnetz/Richtung/2"], "https://registry.gdi-de.org/up3/ontology/steigung": ["1.800217"], "https://registry.gdi-de.org/up3/ontology/strecken-ID": ["Section_Wuppertal_1225890_970_right"]}, "geometry": {"type": "LineString", "coordinates": [[7.1554569987, 51.2395601616, 0.0], [7.155209079, 51.2393792846, 0.0], [7.1547620885, 51.2392578531, 0.0]]}}, {"type": "Feature", "id": "https://registry.gdi-de.org/de.nw/radnetz/instances/Section_Wuppertal_1226511_588_right", "name": "", "dateprops": [], "properties": {"http://rdfs.org/ns/void#inDataset": ["https://registry.gdi-de.org/de.nw/radnetz/instances/exnw_dataset"], "http://www.opengis.net/ont/geosparql#hasGeometry": ["https://registry.gdi-de.org/de.nw/radnetz/instances/Section_Wuppertal_1226511_588_right_geometry"], "http://www.w3.org/1999/02/22-rdf-syntax-ns#type": ["https://registry.gdi-de.org/up3/ontology/Streckenabschnitt_optional"], "https://registry.gdi-de.org/up3/ontology/beginntBeiKnoten": ["https://registry.gdi-de.org/de.nw/radnetz/instances/Knoten_Wuppertal_114570101"], "https://registry.gdi-de.org/up3/ontology/endetBeiKnoten": ["https://registry.gdi-de.org/de.nw/radnetz/instances/Knoten_Wuppertal_2604"], "https://registry.gdi-de.org/up3/ontology/fuehrung": ["https://registry.gdi-de.org/codelist/de.bund.balm.radnetz/Fuehrung/405"], "https://registry.gdi-de.org/up3/ontology/geometrieAbschnitt": ["https://registry.gdi-de.org/de.nw/radnetz/instances/Section_Wuppertal_1226511_588_right_geometry"], "https://registry.gdi-de.org/up3/ontology/licht": ["https://registry.gdi-de.org/codelist/de.bund.balm.radnetz/Licht/1"], "https://registry.gdi-de.org/up3/ontology/quell-ID": ["1226511"], "https://registry.gdi-de.org/up3/ontology/richtung": ["https://registry.gdi-de.org/codelist/de.bund.balm.radnetz/Richtung/2"], "https://registry.gdi-de.org/up3/ontology/steigung": ["0.5116599"], "https://registry.gdi-de.org/up3/ontology/strecken-ID": ["Section_Wuppertal_1226511_588_right"]}, "geometry": {"type": "LineString", "coordinates": [[7.0705662165, 51.2476785322, 198.63], [7.0704886165, 51.2472326667, 0.0], [7.070604115, 51.2468266504, 199.12]]}}, {"type": "Feature", "id": "https://registry.gdi-de.org/de.nw/radnetz/instances/Section_Wuppertal_1228472_713_left", "name": "", "dateprops": [], "properties": {"http://rdfs.org/ns/void#inDataset": ["https://registry.gdi-de.org/de.nw/radnetz/instances/exnw_dataset"], "http://www.opengis.net/ont/geosparql#hasGeometry": ["https://registry.gdi-de.org/de.nw/radnetz/instances/Section_Wuppertal_1228472_713_left_geometry"], "http://www.w3.org/1999/02/22-rdf-syntax-ns#type": ["https://registry.gdi-de.org/up3/ontology/Streckenabschnitt_optional"], "https://registry.gdi-de.org/up3/ontology/beginntBeiKnoten": ["https://registry.gdi-de.org/de.nw/radnetz/instances/Knoten_Wuppertal_1189690604"], "https://registry.gdi-de.org/up3/ontology/endetBeiKnoten": ["https://registry.gdi-de.org/de.nw/radnetz/instances/Knoten_Wuppertal_4569"], "https://registry.gdi-de.org/up3/ontology/fuehrung": ["https://registry.gdi-de.org/codelist/de.bund.balm.radnetz/Fuehrung/405"], "https://registry.gdi-de.org/up3/ontology/geometrieAbschnitt": ["https://registry.gdi-de.org/de.nw/radnetz/instances/Section_Wuppertal_1228472_713_left_geometry"], "https://registry.gdi-de.org/up3/ontology/licht": ["https://registry.gdi-de.org/codelist/de.bund.balm.radnetz/Licht/1"], "https://registry.gdi-de.org/up3/ontology/quell-ID": ["1228472"], "https://registry.gdi-de.org/up3/ontology/richtung": ["https://registry.gdi-de.org/codelist/de.bund.balm.radnetz/Richtung/3"], "https://registry.gdi-de.org/up3/ontology/steigung": ["2.198445"], "https://registry.gdi-de.org/up3/ontology/strecken-ID": ["Section_Wuppertal_1228472_713_left"]}, "geometry": {"type": "LineString", "coordinates": [[7.1384656676, 51.2098670056, 298.86], [7.1372229664, 51.2091817274, 301.4]]}}, {"type": "Feature", "id": "https://registry.gdi-de.org/de.nw/radnetz/instances/Section_Wuppertal_1225756_1002_right", "name": "", "dateprops": [], "properties": {"http://rdfs.org/ns/void#inDataset": ["https://registry.gdi-de.org/de.nw/radnetz/instances/exnw_dataset"], "http://www.opengis.net/ont/geosparql#hasGeometry": ["https://registry.gdi-de.org/de.nw/radnetz/instances/Section_Wuppertal_1225756_1002_right_geometry"], "http://www.w3.org/1999/02/22-rdf-syntax-ns#type": ["https://registry.gdi-de.org/up3/ontology/Streckenabschnitt_optional"], "https://registry.gdi-de.org/up3/ontology/beginntBeiKnoten": ["https://registry.gdi-de.org/de.nw/radnetz/instances/Knoten_Wuppertal_114310102"], "https://registry.gdi-de.org/up3/ontology/endetBeiKnoten": ["https://registry.gdi-de.org/de.nw/radnetz/instances/Knoten_Wuppertal_3640"], "https://registry.gdi-de.org/up3/ontology/fuehrung": ["https://registry.gdi-de.org/codelist/de.bund.balm.radnetz/Fuehrung/405"], "https://registry.gdi-de.org/up3/ontology/geometrieAbschnitt": ["https://registry.gdi-de.org/de.nw/radnetz/instances/Section_Wuppertal_1225756_1002_right_geometry"], "https://registry.gdi-de.org/up3/ontology/licht": ["https://registry.gdi-de.org/codelist/de.bund.balm.radnetz/Licht/1"], "https://registry.gdi-de.org/up3/ontology/quell-ID": ["1225756"], "https://registry.gdi-de.org/up3/ontology/richtung": ["https://registry.gdi-de.org/codelist/de.bund.balm.radnetz/Richtung/2"], "https://registry.gdi-de.org/up3/ontology/steigung": ["7.974485"], "https://registry.gdi-de.org/up3/ontology/strecken-ID": ["Section_Wuppertal_1225756_1002_right"]}, "geometry": {"type": "LineString", "coordinates": [[7.1165910096, 51.2019104959, 0.0], [7.1167515918, 51.2020059812, 0.0], [7.1175174465, 51.2024349906, 0.0]]}}, {"type": "Feature", "id": "https://registry.gdi-de.org/de.nw/radnetz/instances/Section_Wuppertal_1228468_994", "name": "", "dateprops": [], "properties": {"http://rdfs.org/ns/void#inDataset": ["https://registry.gdi-de.org/de.nw/radnetz/instances/exnw_dataset"], "http://www.opengis.net/ont/geosparql#hasGeometry": ["https://registry.gdi-de.org/de.nw/radnetz/instances/Section_Wuppertal_1228468_994_geometry"], "http://www.w3.org/1999/02/22-rdf-syntax-ns#type": ["https://registry.gdi-de.org/up3/ontology/Streckenabschnitt_optional"], "https://registry.gdi-de.org/up3/ontology/beginntBeiKnoten": ["https://registry.gdi-de.org/de.nw/radnetz/instances/Knoten_Wuppertal_1189690602"], "https://registry.gdi-de.org/up3/ontology/endetBeiKnoten": ["https://registry.gdi-de.org/de.nw/radnetz/instances/Knoten_Wuppertal_5377"], "https://registry.gdi-de.org/up3/ontology/fuehrung": ["https://registry.gdi-de.org/codelist/de.bund.balm.radnetz/Fuehrung/405"], "https://registry.gdi-de.org/up3/ontology/geometrieAbschnitt": ["https://registry.gdi-de.org/de.nw/radnetz/instances/Section_Wuppertal_1228468_994_geometry"], "https://registry.gdi-de.org/up3/ontology/licht": ["https://registry.gdi-de.org/codelist/de.bund.balm.radnetz/Licht/1"], "https://registry.gdi-de.org/up3/ontology/quell-ID": ["1228468"], "https://registry.gdi-de.org/up3/ontology/steigung": ["0.7543248"], "https://registry.gdi-de.org/up3/ontology/strecken-ID": ["Section_Wuppertal_1228468_994"]}, "geometry": {"type": "LineString", "coordinates": [[7.1513722803, 51.2253602423, 0.0], [7.1511098249, 51.2260438415, 0.0]]}}, {"type": "Feature", "id": "https://registry.gdi-de.org/de.nw/radnetz/instances/Section_Wuppertal_1827_38_right", "name": "", "dateprops": [], "properties": {"http://rdfs.org/ns/void#inDataset": ["https://registry.gdi-de.org/de.nw/radnetz/instances/exnw_dataset"], "http://www.opengis.net/ont/geosparql#hasGeometry": ["https://registry.gdi-de.org/de.nw/radnetz/instances/Section_Wuppertal_1827_38_right_geometry"], "http://www.w3.org/1999/02/22-rdf-syntax-ns#type": ["https://registry.gdi-de.org/up3/ontology/Streckenabschnitt_optional"], "https://registry.gdi-de.org/up3/ontology/beginntBeiKnoten": ["https://registry.gdi-de.org/de.nw/radnetz/instances/Knoten_Wuppertal_2655"], "https://registry.gdi-de.org/up3/ontology/endetBeiKnoten": ["https://registry.gdi-de.org/de.nw/radnetz/instances/Knoten_Wuppertal_2609"], "https://registry.gdi-de.org/up3/ontology/fuehrung": ["https://registry.gdi-de.org/codelist/de.bund.balm.radnetz/Fuehrung/405"], "https://registry.gdi-de.org/up3/ontology/geometrieAbschnitt": ["https://registry.gdi-de.org/de.nw/radnetz/instances/Section_Wuppertal_1827_38_right_geometry"], "https://registry.gdi-de.org/up3/ontology/licht": ["https://registry.gdi-de.org/codelist/de.bund.balm.radnetz/Licht/1"], "https://registry.gdi-de.org/up3/ontology/quell-ID": ["1827"], "https://registry.gdi-de.org/up3/ontology/richtung": ["https://registry.gdi-de.org/codelist/de.bund.balm.radnetz/Richtung/2"], "https://registry.gdi-de.org/up3/ontology/steigung": ["3.555735"], "https://registry.gdi-de.org/up3/ontology/strecken-ID": ["Section_Wuppertal_1827_38_right"]}, "geometry": {"type": "LineString", "coordinates": [[7.072035535, 51.2510097473, 186.54], [7.0717240961, 51.2505263199, 0.0], [7.0714909326, 51.2501176994, 0.0], [7.0708773236, 51.2491625669, 0.0], [7.0708039135, 51.2489343185, 0.0], [7.0706493651, 51.248142087, 198.47]]}}, {"type": "Feature", "id": "https://registry.gdi-de.org/de.nw/radnetz/instances/Section_Wuppertal_3381_81", "name": "", "dateprops": [], "properties": {"http://rdfs.org/ns/void#inDataset": ["https://registry.gdi-de.org/de.nw/radnetz/instances/exnw_dataset"], "http://www.opengis.net/ont/geosparql#hasGeometry": ["https://registry.gdi-de.org/de.nw/radnetz/instances/Section_Wuppertal_3381_81_geometry"], "http://www.w3.org/1999/02/22-rdf-syntax-ns#type": ["https://registry.gdi-de.org/up3/ontology/Streckenabschnitt_optional"], "https://registry.gdi-de.org/up3/ontology/beginntBeiKnoten": ["https://registry.gdi-de.org/de.nw/radnetz/instances/Knoten_Wuppertal_2855"], "https://registry.gdi-de.org/up3/ontology/endetBeiKnoten": ["https://registry.gdi-de.org/de.nw/radnetz/instances/Knoten_Wuppertal_2779"], "https://registry.gdi-de.org/up3/ontology/fuehrung": ["https://registry.gdi-de.org/codelist/de.bund.balm.radnetz/Fuehrung/405"], "https://registry.gdi-de.org/up3/ontology/geometrieAbschnitt": ["https://registry.gdi-de.org/de.nw/radnetz/instances/Section_Wuppertal_3381_81_geometry"], "https://registry.gdi-de.org/up3/ontology/licht": ["https://registry.gdi-de.org/codelist/de.bund.balm.radnetz/Licht/1"], "https://registry.gdi-de.org/up3/ontology/quell-ID": ["3381"], "https://registry.gdi-de.org/up3/ontology/steigung": ["2.94323"], "https://registry.gdi-de.org/up3/ontology/strecken-ID": ["Section_Wuppertal_3381_81"]}, "geometry": {"type": "LineString", "coordinates": [[7.0830832228, 51.2328242298, 156.7], [7.0782287765, 51.2316955168, 167.34]]}}, {"type": "Feature", "id": "https://registry.gdi-de.org/de.nw/radnetz/instances/Section_Wuppertal_1226959_655_right", "name": "", "dateprops": [], "properties": {"http://rdfs.org/ns/void#inDataset": ["https://registry.gdi-de.org/de.nw/radnetz/instances/exnw_dataset"], "http://www.opengis.net/ont/geosparql#hasGeometry": ["https://registry.gdi-de.org/de.nw/radnetz/instances/Section_Wuppertal_1226959_655_right_geometry"], "http://www.w3.org/1999/02/22-rdf-syntax-ns#type": ["https://registry.gdi-de.org/up3/ontology/Streckenabschnitt_optional"], "https://registry.gdi-de.org/up3/ontology/beginntBeiKnoten": ["https://registry.gdi-de.org/de.nw/radnetz/instances/Knoten_Wuppertal_2609"], "https://registry.gdi-de.org/up3/ontology/endetBeiKnoten": ["https://registry.gdi-de.org/de.nw/radnetz/instances/Knoten_Wuppertal_114570102"], "https://registry.gdi-de.org/up3/ontology/fuehrung": ["https://registry.gdi-de.org/codelist/de.bund.balm.radnetz/Fuehrung/405"], "https://registry.gdi-de.org/up3/ontology/geometrieAbschnitt": ["https://registry.gdi-de.org/de.nw/radnetz/instances/Section_Wuppertal_1226959_655_right_geometry"], "https://registry.gdi-de.org/up3/ontology/licht": ["https://registry.gdi-de.org/codelist/de.bund.balm.radnetz/Licht/1"], "https://registry.gdi-de.org/up3/ontology/quell-ID": ["1226959"], "https://registry.gdi-de.org/up3/ontology/richtung": ["https://registry.gdi-de.org/codelist/de.bund.balm.radnetz/Richtung/2"], "https://registry.gdi-de.org/up3/ontology/steigung": ["0.2565498"], "https://registry.gdi-de.org/up3/ontology/strecken-ID": ["Section_Wuppertal_1226959_655_right"]}, "geometry": {"type": "LineString", "coordinates": [[7.0706493651, 51.248142087, 198.47], [7.0706295613, 51.2480424808, 0.0], [7.0706105501, 51.247933255, 198.53]]}}, {"type": "Feature", "id": "https://registry.gdi-de.org/de.nw/radnetz/instances/Section_Wuppertal_1226822_990", "name": "", "dateprops": [], "properties": {"http://rdfs.org/ns/void#inDataset": ["https://registry.gdi-de.org/de.nw/radnetz/instances/exnw_dataset"], "http://www.opengis.net/ont/geosparql#hasGeometry": ["https://registry.gdi-de.org/de.nw/radnetz/instances/Section_Wuppertal_1226822_990_geometry"], "http://www.w3.org/1999/02/22-rdf-syntax-ns#type": ["https://registry.gdi-de.org/up3/ontology/Streckenabschnitt_optional"], "https://registry.gdi-de.org/up3/ontology/beginntBeiKnoten": ["https://registry.gdi-de.org/de.nw/radnetz/instances/Knoten_Wuppertal_114050102"], "https://registry.gdi-de.org/up3/ontology/endetBeiKnoten": ["https://registry.gdi-de.org/de.nw/radnetz/instances/Knoten_Wuppertal_5315"], "https://registry.gdi-de.org/up3/ontology/fuehrung": ["https://registry.gdi-de.org/codelist/de.bund.balm.radnetz/Fuehrung/405"], "https://registry.gdi-de.org/up3/ontology/geometrieAbschnitt": ["https://registry.gdi-de.org/de.nw/radnetz/instances/Section_Wuppertal_1226822_990_geometry"], "https://registry.gdi-de.org/up3/ontology/licht": ["https://registry.gdi-de.org/codelist/de.bund.balm.radnetz/Licht/1"], "https://registry.gdi-de.org/up3/ontology/quell-ID": ["1226822"], "https://registry.gdi-de.org/up3/ontology/steigung": ["6.339643"], "https://registry.gdi-de.org/up3/ontology/strecken-ID": ["Section_Wuppertal_1226822_990"]}, "geometry": {"type": "LineString", "coordinates": [[7.150317048, 51.2174862922, 0.0], [7.1504298371, 51.2176316127, 0.0]]}}, {"type": "Feature", "id": "https://registry.gdi-de.org/de.nw/radnetz/instances/Section_Wuppertal_1225223_462", "name": "", "dateprops": [], "properties": {"http://rdfs.org/ns/void#inDataset": ["https://registry.gdi-de.org/de.nw/radnetz/instances/exnw_dataset"], "http://www.opengis.net/ont/geosparql#hasGeometry": ["https://registry.gdi-de.org/de.nw/radnetz/instances/Section_Wuppertal_1225223_462_geometry"], "http://www.w3.org/1999/02/22-rdf-syntax-ns#type": ["https://registry.gdi-de.org/up3/ontology/Streckenabschnitt_optional"], "https://registry.gdi-de.org/up3/ontology/beginntBeiKnoten": ["https://registry.gdi-de.org/de.nw/radnetz/instances/Knoten_Wuppertal_113420102"], "https://registry.gdi-de.org/up3/ontology/endetBeiKnoten": ["https://registry.gdi-de.org/de.nw/radnetz/instances/Knoten_Wuppertal_2887"], "https://registry.gdi-de.org/up3/ontology/fuehrung": ["https://registry.gdi-de.org/codelist/de.bund.balm.radnetz/Fuehrung/405"], "https://registry.gdi-de.org/up3/ontology/geometrieAbschnitt": ["https://registry.gdi-de.org/de.nw/radnetz/instances/Section_Wuppertal_1225223_462_geometry"], "https://registry.gdi-de.org/up3/ontology/licht": ["https://registry.gdi-de.org/codelist/de.bund.balm.radnetz/Licht/1"], "https://registry.gdi-de.org/up3/ontology/quell-ID": ["1225223"], "https://registry.gdi-de.org/up3/ontology/steigung": ["1.250149"], "https://registry.gdi-de.org/up3/ontology/strecken-ID": ["Section_Wuppertal_1225223_462"]}, "geometry": {"type": "LineString", "coordinates": [[7.0853242583, 51.2339786729, 149.94], [7.0846632108, 51.2336455673, 150.68]]}}, {"type": "Feature", "id": "https://registry.gdi-de.org/de.nw/radnetz/instances/Section_Wuppertal_1225883_516_right", "name": "", "dateprops": [], "properties": {"http://rdfs.org/ns/void#inDataset": ["https://registry.gdi-de.org/de.nw/radnetz/instances/exnw_dataset"], "http://www.opengis.net/ont/geosparql#hasGeometry": ["https://registry.gdi-de.org/de.nw/radnetz/instances/Section_Wuppertal_1225883_516_right_geometry"], "http://www.w3.org/1999/02/22-rdf-syntax-ns#type": ["https://registry.gdi-de.org/up3/ontology/Streckenabschnitt_optional"], "https://registry.gdi-de.org/up3/ontology/beginntBeiKnoten": ["https://registry.gdi-de.org/de.nw/radnetz/instances/Knoten_Wuppertal_119610301"], "https://registry.gdi-de.org/up3/ontology/endetBeiKnoten": ["https://registry.gdi-de.org/de.nw/radnetz/instances/Knoten_Wuppertal_3318"], "https://registry.gdi-de.org/up3/ontology/fuehrung": ["https://registry.gdi-de.org/codelist/de.bund.balm.radnetz/Fuehrung/405"], "https://registry.gdi-de.org/up3/ontology/geometrieAbschnitt": ["https://registry.gdi-de.org/de.nw/radnetz/instances/Section_Wuppertal_1225883_516_right_geometry"], "https://registry.gdi-de.org/up3/ontology/licht": ["https://registry.gdi-de.org/codelist/de.bund.balm.radnetz/Licht/1"], "https://registry.gdi-de.org/up3/ontology/quell-ID": ["1225883"], "https://registry.gdi-de.org/up3/ontology/richtung": ["https://registry.gdi-de.org/codelist/de.bund.balm.radnetz/Richtung/2"], "https://registry.gdi-de.org/up3/ontology/steigung": ["3.554213"], "https://registry.gdi-de.org/up3/ontology/strecken-ID": ["Section_Wuppertal_1225883_516_right"]}, "geometry": {"type": "LineString", "coordinates": [[7.1051006312, 51.2466573658, 139.85], [7.1048202795, 51.2472726508, 142.38]]}}, {"type": "Feature", "id": "https://registry.gdi-de.org/de.nw/radnetz/instances/Section_Wuppertal_1226960_656_left", "name": "", "dateprops": [], "properties": {"http://rdfs.org/ns/void#inDataset": ["https://registry.gdi-de.org/de.nw/radnetz/instances/exnw_dataset"], "http://www.opengis.net/ont/geosparql#hasGeometry": ["https://registry.gdi-de.org/de.nw/radnetz/instances/Section_Wuppertal_1226960_656_left_geometry"], "http://www.w3.org/1999/02/22-rdf-syntax-ns#type": ["https://registry.gdi-de.org/up3/ontology/Streckenabschnitt_optional"], "https://registry.gdi-de.org/up3/ontology/beginntBeiKnoten": ["https://registry.gdi-de.org/de.nw/radnetz/instances/Knoten_Wuppertal_114570102"], "https://registry.gdi-de.org/up3/ontology/endetBeiKnoten": ["https://registry.gdi-de.org/de.nw/radnetz/instances/Knoten_Wuppertal_114570101"], "https://registry.gdi-de.org/up3/ontology/fuehrung": ["https://registry.gdi-de.org/codelist/de.bund.balm.radnetz/Fuehrung/405"], "https://registry.gdi-de.org/up3/ontology/geometrieAbschnitt": ["https://registry.gdi-de.org/de.nw/radnetz/instances/Section_Wuppertal_1226960_656_left_geometry"], "https://registry.gdi-de.org/up3/ontology/licht": ["https://registry.gdi-de.org/codelist/de.bund.balm.radnetz/Licht/1"], "https://registry.gdi-de.org/up3/ontology/quell-ID": ["1226960"], "https://registry.gdi-de.org/up3/ontology/richtung": ["https://registry.gdi-de.org/codelist/de.bund.balm.radnetz/Richtung/3"], "https://registry.gdi-de.org/up3/ontology/steigung": ["0.3508503"], "https://registry.gdi-de.org/up3/ontology/strecken-ID": ["Section_Wuppertal_1226960_656_left"]}, "geometry": {"type": "LineString", "coordinates": [[7.0706105501, 51.247933255, 198.53], [7.0705662165, 51.2476785322, 198.63]]}}, {"type": "Feature", "id": "https://registry.gdi-de.org/de.nw/radnetz/instances/Section_Wuppertal_1229894_804", "name": "", "dateprops": [], "properties": {"http://rdfs.org/ns/void#inDataset": ["https://registry.gdi-de.org/de.nw/radnetz/instances/exnw_dataset"], "http://www.opengis.net/ont/geosparql#hasGeometry": ["https://registry.gdi-de.org/de.nw/radnetz/instances/Section_Wuppertal_1229894_804_geometry"], "http://www.w3.org/1999/02/22-rdf-syntax-ns#type": ["https://registry.gdi-de.org/up3/ontology/Streckenabschnitt_optional"], "https://registry.gdi-de.org/up3/ontology/beginntBeiKnoten": ["https://registry.gdi-de.org/de.nw/radnetz/instances/Knoten_Wuppertal_1189691293"], "https://registry.gdi-de.org/up3/ontology/endetBeiKnoten": ["https://registry.gdi-de.org/de.nw/radnetz/instances/Knoten_Wuppertal_2095"], "https://registry.gdi-de.org/up3/ontology/fuehrung": ["https://registry.gdi-de.org/codelist/de.bund.balm.radnetz/Fuehrung/405"], "https://registry.gdi-de.org/up3/ontology/geometrieAbschnitt": ["https://registry.gdi-de.org/de.nw/radnetz/instances/Section_Wuppertal_1229894_804_geometry"], "https://registry.gdi-de.org/up3/ontology/licht": ["https://registry.gdi-de.org/codelist/de.bund.balm.radnetz/Licht/0"], "https://registry.gdi-de.org/up3/ontology/quell-ID": ["1229894"], "https://registry.gdi-de.org/up3/ontology/steigung": ["1.510959"], "https://registry.gdi-de.org/up3/ontology/strecken-ID": ["Section_Wuppertal_1229894_804"]}, "geometry": {"type": "LineString", "coordinates": [[7.0431354721, 51.21534676, 193.53], [7.0425786874, 51.2149880414, 0.0], [7.042144061, 51.2147051824, 0.0], [7.0420285047, 51.2144739212, 195.44]]}}, {"type": "Feature", "id": "https://registry.gdi-de.org/de.nw/radnetz/instances/Section_Wuppertal_1225434_1007_right", "name": "", "dateprops": [], "properties": {"http://rdfs.org/ns/void#inDataset": ["https://registry.gdi-de.org/de.nw/radnetz/instances/exnw_dataset"], "http://www.opengis.net/ont/geosparql#hasGeometry": ["https://registry.gdi-de.org/de.nw/radnetz/instances/Section_Wuppertal_1225434_1007_right_geometry"], "http://www.w3.org/1999/02/22-rdf-syntax-ns#type": ["https://registry.gdi-de.org/up3/ontology/Streckenabschnitt_optional"], "https://registry.gdi-de.org/up3/ontology/beginntBeiKnoten": ["https://registry.gdi-de.org/de.nw/radnetz/instances/Knoten_Wuppertal_114320101"], "https://registry.gdi-de.org/up3/ontology/endetBeiKnoten": ["https://registry.gdi-de.org/de.nw/radnetz/instances/Knoten_Wuppertal_114320102"], "https://registry.gdi-de.org/up3/ontology/fuehrung": ["https://registry.gdi-de.org/codelist/de.bund.balm.radnetz/Fuehrung/405"], "https://registry.gdi-de.org/up3/ontology/geometrieAbschnitt": ["https://registry.gdi-de.org/de.nw/radnetz/instances/Section_Wuppertal_1225434_1007_right_geometry"], "https://registry.gdi-de.org/up3/ontology/licht": ["https://registry.gdi-de.org/codelist/de.bund.balm.radnetz/Licht/1"], "https://registry.gdi-de.org/up3/ontology/quell-ID": ["1225434"], "https://registry.gdi-de.org/up3/ontology/richtung": ["https://registry.gdi-de.org/codelist/de.bund.balm.radnetz/Richtung/2"], "https://registry.gdi-de.org/up3/ontology/steigung": ["0.7614854"], "https://registry.gdi-de.org/up3/ontology/strecken-ID": ["Section_Wuppertal_1225434_1007_right"]}, "geometry": {"type": "LineString", "coordinates": [[7.109545362, 51.1939388161, 0.0], [7.109813482, 51.1936407529, 0.0]]}}, {"type": "Feature", "id": "https://registry.gdi-de.org/de.nw/radnetz/instances/Section_Wuppertal_1226442_986", "name": "", "dateprops": [], "properties": {"http://rdfs.org/ns/void#inDataset": ["https://registry.gdi-de.org/de.nw/radnetz/instances/exnw_dataset"], "http://www.opengis.net/ont/geosparql#hasGeometry": ["https://registry.gdi-de.org/de.nw/radnetz/instances/Section_Wuppertal_1226442_986_geometry"], "http://www.w3.org/1999/02/22-rdf-syntax-ns#type": ["https://registry.gdi-de.org/up3/ontology/Streckenabschnitt_optional"], "https://registry.gdi-de.org/up3/ontology/beginntBeiKnoten": ["https://registry.gdi-de.org/de.nw/radnetz/instances/Knoten_Wuppertal_114050101"], "https://registry.gdi-de.org/up3/ontology/endetBeiKnoten": ["https://registry.gdi-de.org/de.nw/radnetz/instances/Knoten_Wuppertal_5418"], "https://registry.gdi-de.org/up3/ontology/fuehrung": ["https://registry.gdi-de.org/codelist/de.bund.balm.radnetz/Fuehrung/405"], "https://registry.gdi-de.org/up3/ontology/geometrieAbschnitt": ["https://registry.gdi-de.org/de.nw/radnetz/instances/Section_Wuppertal_1226442_986_geometry"], "https://registry.gdi-de.org/up3/ontology/licht": ["https://registry.gdi-de.org/codelist/de.bund.balm.radnetz/Licht/1"], "https://registry.gdi-de.org/up3/ontology/quell-ID": ["1226442"], "https://registry.gdi-de.org/up3/ontology/steigung": ["6.239342"], "https://registry.gdi-de.org/up3/ontology/strecken-ID": ["Section_Wuppertal_1226442_986"]}, "geometry": {"type": "LineString", "coordinates": [[7.1505553569, 51.2177898784, 0.0], [7.1517427158, 51.2192869406, 0.0], [7.1520125802, 51.2196327765, 0.0]]}}, {"type": "Feature", "id": "https://registry.gdi-de.org/de.nw/radnetz/instances/Section_Wuppertal_1226896_992", "name": "", "dateprops": [], "properties": {"http://rdfs.org/ns/void#inDataset": ["https://registry.gdi-de.org/de.nw/radnetz/instances/exnw_dataset"], "http://www.opengis.net/ont/geosparql#hasGeometry": ["https://registry.gdi-de.org/de.nw/radnetz/instances/Section_Wuppertal_1226896_992_geometry"], "http://www.w3.org/1999/02/22-rdf-syntax-ns#type": ["https://registry.gdi-de.org/up3/ontology/Streckenabschnitt_optional"], "https://registry.gdi-de.org/up3/ontology/beginntBeiKnoten": ["https://registry.gdi-de.org/de.nw/radnetz/instances/Knoten_Wuppertal_114070102"], "https://registry.gdi-de.org/up3/ontology/endetBeiKnoten": ["https://registry.gdi-de.org/de.nw/radnetz/instances/Knoten_Wuppertal_114070101"], "https://registry.gdi-de.org/up3/ontology/fuehrung": ["https://registry.gdi-de.org/codelist/de.bund.balm.radnetz/Fuehrung/405"], "https://registry.gdi-de.org/up3/ontology/geometrieAbschnitt": ["https://registry.gdi-de.org/de.nw/radnetz/instances/Section_Wuppertal_1226896_992_geometry"], "https://registry.gdi-de.org/up3/ontology/licht": ["https://registry.gdi-de.org/codelist/de.bund.balm.radnetz/Licht/1"], "https://registry.gdi-de.org/up3/ontology/quell-ID": ["1226896"], "https://registry.gdi-de.org/up3/ontology/steigung": ["1.356144"], "https://registry.gdi-de.org/up3/ontology/strecken-ID": ["Section_Wuppertal_1226896_992"]}, "geometry": {"type": "LineString", "coordinates": [[7.1520090037, 51.2233381483, 0.0], [7.1520063965, 51.2234309444, 0.0]]}}, {"type": "Feature", "id": "https://registry.gdi-de.org/de.nw/radnetz/instances/Section_Wuppertal_12750_976", "name": "", "dateprops": [], "properties": {"http://rdfs.org/ns/void#inDataset": ["https://registry.gdi-de.org/de.nw/radnetz/instances/exnw_dataset"], "http://www.opengis.net/ont/geosparql#hasGeometry": ["https://registry.gdi-de.org/de.nw/radnetz/instances/Section_Wuppertal_12750_976_geometry"], "http://www.w3.org/1999/02/22-rdf-syntax-ns#type": ["https://registry.gdi-de.org/up3/ontology/Streckenabschnitt_optional"], "https://registry.gdi-de.org/up3/ontology/beginntBeiKnoten": ["https://registry.gdi-de.org/de.nw/radnetz/instances/Knoten_Wuppertal_5276"], "https://registry.gdi-de.org/up3/ontology/endetBeiKnoten": ["https://registry.gdi-de.org/de.nw/radnetz/instances/Knoten_Wuppertal_5295"], "https://registry.gdi-de.org/up3/ontology/fuehrung": ["https://registry.gdi-de.org/codelist/de.bund.balm.radnetz/Fuehrung/405"], "https://registry.gdi-de.org/up3/ontology/geometrieAbschnitt": ["https://registry.gdi-de.org/de.nw/radnetz/instances/Section_Wuppertal_12750_976_geometry"], "https://registry.gdi-de.org/up3/ontology/licht": ["https://registry.gdi-de.org/codelist/de.bund.balm.radnetz/Licht/1"], "https://registry.gdi-de.org/up3/ontology/quell-ID": ["12750"], "https://registry.gdi-de.org/up3/ontology/steigung": ["4.053144"], "https://registry.gdi-de.org/up3/ontology/strecken-ID": ["Section_Wuppertal_12750_976"]}, "geometry": {"type": "LineString", "coordinates": [[7.1498666731, 51.2169503293, 0.0], [7.1500677551, 51.2171781198, 0.0], [7.1501370418, 51.2172543659, 0.0]]}}, {"type": "Feature", "id": "https://registry.gdi-de.org/de.nw/radnetz/instances/Section_Wuppertal_1224087_977", "name": "", "dateprops": [], "properties": {"http://rdfs.org/ns/void#inDataset": ["https://registry.gdi-de.org/de.nw/radnetz/instances/exnw_dataset"], "http://www.opengis.net/ont/geosparql#hasGeometry": ["https://registry.gdi-de.org/de.nw/radnetz/instances/Section_Wuppertal_1224087_977_geometry"], "http://www.w3.org/1999/02/22-rdf-syntax-ns#type": ["https://registry.gdi-de.org/up3/ontology/Streckenabschnitt_optional"], "https://registry.gdi-de.org/up3/ontology/beginntBeiKnoten": ["https://registry.gdi-de.org/de.nw/radnetz/instances/Knoten_Wuppertal_114080101"], "https://registry.gdi-de.org/up3/ontology/endetBeiKnoten": ["https://registry.gdi-de.org/de.nw/radnetz/instances/Knoten_Wuppertal_5321"], "https://registry.gdi-de.org/up3/ontology/fuehrung": ["https://registry.gdi-de.org/codelist/de.bund.balm.radnetz/Fuehrung/405"], "https://registry.gdi-de.org/up3/ontology/geometrieAbschnitt": ["https://registry.gdi-de.org/de.nw/radnetz/instances/Section_Wuppertal_1224087_977_geometry"], "https://registry.gdi-de.org/up3/ontology/licht": ["https://registry.gdi-de.org/codelist/de.bund.balm.radnetz/Licht/1"], "https://registry.gdi-de.org/up3/ontology/quell-ID": ["1224087"], "https://registry.gdi-de.org/up3/ontology/steigung": ["2.799578"], "https://registry.gdi-de.org/up3/ontology/strecken-ID": ["Section_Wuppertal_1224087_977"]}, "geometry": {"type": "LineString", "coordinates": [[7.1503473616, 51.228203321, 0.0], [7.1502257104, 51.228479521, 0.0], [7.1500441385, 51.2286610954, 0.0]]}}, {"type": "Feature", "id": "https://registry.gdi-de.org/de.nw/radnetz/instances/Section_Wuppertal_1226821_989", "name": "", "dateprops": [], "properties": {"http://rdfs.org/ns/void#inDataset": ["https://registry.gdi-de.org/de.nw/radnetz/instances/exnw_dataset"], "http://www.opengis.net/ont/geosparql#hasGeometry": ["https://registry.gdi-de.org/de.nw/radnetz/instances/Section_Wuppertal_1226821_989_geometry"], "http://www.w3.org/1999/02/22-rdf-syntax-ns#type": ["https://registry.gdi-de.org/up3/ontology/Streckenabschnitt_optional"], "https://registry.gdi-de.org/up3/ontology/beginntBeiKnoten": ["https://registry.gdi-de.org/de.nw/radnetz/instances/Knoten_Wuppertal_5295"], "https://registry.gdi-de.org/up3/ontology/endetBeiKnoten": ["https://registry.gdi-de.org/de.nw/radnetz/instances/Knoten_Wuppertal_114050102"], "https://registry.gdi-de.org/up3/ontology/fuehrung": ["https://registry.gdi-de.org/codelist/de.bund.balm.radnetz/Fuehrung/405"], "https://registry.gdi-de.org/up3/ontology/geometrieAbschnitt": ["https://registry.gdi-de.org/de.nw/radnetz/instances/Section_Wuppertal_1226821_989_geometry"], "https://registry.gdi-de.org/up3/ontology/licht": ["https://registry.gdi-de.org/codelist/de.bund.balm.radnetz/Licht/1"], "https://registry.gdi-de.org/up3/ontology/quell-ID": ["1226821"], "https://registry.gdi-de.org/up3/ontology/steigung": ["5.958445"], "https://registry.gdi-de.org/up3/ontology/strecken-ID": ["Section_Wuppertal_1226821_989"]}, "geometry": {"type": "LineString", "coordinates": [[7.1501370418, 51.2172543659, 0.0], [7.150317048, 51.2174862922, 0.0]]}}, {"type": "Feature", "id": "https://registry.gdi-de.org/de.nw/radnetz/instances/Section_Wuppertal_1226960_656_right", "name": "", "dateprops": [], "properties": {"http://rdfs.org/ns/void#inDataset": ["https://registry.gdi-de.org/de.nw/radnetz/instances/exnw_dataset"], "http://www.opengis.net/ont/geosparql#hasGeometry": ["https://registry.gdi-de.org/de.nw/radnetz/instances/Section_Wuppertal_1226960_656_right_geometry"], "http://www.w3.org/1999/02/22-rdf-syntax-ns#type": ["https://registry.gdi-de.org/up3/ontology/Streckenabschnitt_optional"], "https://registry.gdi-de.org/up3/ontology/beginntBeiKnoten": ["https://registry.gdi-de.org/de.nw/radnetz/instances/Knoten_Wuppertal_114570102"], "https://registry.gdi-de.org/up3/ontology/endetBeiKnoten": ["https://registry.gdi-de.org/de.nw/radnetz/instances/Knoten_Wuppertal_114570101"], "https://registry.gdi-de.org/up3/ontology/fuehrung": ["https://registry.gdi-de.org/codelist/de.bund.balm.radnetz/Fuehrung/405"], "https://registry.gdi-de.org/up3/ontology/geometrieAbschnitt": ["https://registry.gdi-de.org/de.nw/radnetz/instances/Section_Wuppertal_1226960_656_right_geometry"], "https://registry.gdi-de.org/up3/ontology/licht": ["https://registry.gdi-de.org/codelist/de.bund.balm.radnetz/Licht/1"], "https://registry.gdi-de.org/up3/ontology/quell-ID": ["1226960"], "https://registry.gdi-de.org/up3/ontology/richtung": ["https://registry.gdi-de.org/codelist/de.bund.balm.radnetz/Richtung/2"], "https://registry.gdi-de.org/up3/ontology/steigung": ["0.3508503"], "https://registry.gdi-de.org/up3/ontology/strecken-ID": ["Section_Wuppertal_1226960_656_right"]}, "geometry": {"type": "LineString", "coordinates": [[7.0706105501, 51.247933255, 198.53], [7.0705662165, 51.2476785322, 198.63]]}}, {"type": "Feature", "id": "https://registry.gdi-de.org/de.nw/radnetz/instances/Section_Wuppertal_1225030_979", "name": "", "dateprops": [], "properties": {"http://rdfs.org/ns/void#inDataset": ["https://registry.gdi-de.org/de.nw/radnetz/instances/exnw_dataset"], "http://www.opengis.net/ont/geosparql#hasGeometry": ["https://registry.gdi-de.org/de.nw/radnetz/instances/Section_Wuppertal_1225030_979_geometry"], "http://www.w3.org/1999/02/22-rdf-syntax-ns#type": ["https://registry.gdi-de.org/up3/ontology/Streckenabschnitt_optional"], "https://registry.gdi-de.org/up3/ontology/beginntBeiKnoten": ["https://registry.gdi-de.org/de.nw/radnetz/instances/Knoten_Wuppertal_114080203"], "https://registry.gdi-de.org/up3/ontology/endetBeiKnoten": ["https://registry.gdi-de.org/de.nw/radnetz/instances/Knoten_Wuppertal_114080101"], "https://registry.gdi-de.org/up3/ontology/fuehrung": ["https://registry.gdi-de.org/codelist/de.bund.balm.radnetz/Fuehrung/405"], "https://registry.gdi-de.org/up3/ontology/geometrieAbschnitt": ["https://registry.gdi-de.org/de.nw/radnetz/instances/Section_Wuppertal_1225030_979_geometry"], "https://registry.gdi-de.org/up3/ontology/licht": ["https://registry.gdi-de.org/codelist/de.bund.balm.radnetz/Licht/1"], "https://registry.gdi-de.org/up3/ontology/quell-ID": ["1225030"], "https://registry.gdi-de.org/up3/ontology/steigung": ["2.834918"], "https://registry.gdi-de.org/up3/ontology/strecken-ID": ["Section_Wuppertal_1225030_979"]}, "geometry": {"type": "LineString", "coordinates": [[7.1503769798, 51.2281360771, 0.0], [7.1503473616, 51.228203321, 0.0]]}}, {"type": "Feature", "id": "https://registry.gdi-de.org/de.nw/radnetz/instances/Section_Wuppertal_1225224_463", "name": "", "dateprops": [], "properties": {"http://rdfs.org/ns/void#inDataset": ["https://registry.gdi-de.org/de.nw/radnetz/instances/exnw_dataset"], "http://www.opengis.net/ont/geosparql#hasGeometry": ["https://registry.gdi-de.org/de.nw/radnetz/instances/Section_Wuppertal_1225224_463_geometry"], "http://www.w3.org/1999/02/22-rdf-syntax-ns#type": ["https://registry.gdi-de.org/up3/ontology/Streckenabschnitt_optional"], "https://registry.gdi-de.org/up3/ontology/beginntBeiKnoten": ["https://registry.gdi-de.org/de.nw/radnetz/instances/Knoten_Wuppertal_2916"], "https://registry.gdi-de.org/up3/ontology/endetBeiKnoten": ["https://registry.gdi-de.org/de.nw/radnetz/instances/Knoten_Wuppertal_113420102"], "https://registry.gdi-de.org/up3/ontology/fuehrung": ["https://registry.gdi-de.org/codelist/de.bund.balm.radnetz/Fuehrung/405"], "https://registry.gdi-de.org/up3/ontology/geometrieAbschnitt": ["https://registry.gdi-de.org/de.nw/radnetz/instances/Section_Wuppertal_1225224_463_geometry"], "https://registry.gdi-de.org/up3/ontology/licht": ["https://registry.gdi-de.org/codelist/de.bund.balm.radnetz/Licht/1"], "https://registry.gdi-de.org/up3/ontology/quell-ID": ["1225224"], "https://registry.gdi-de.org/up3/ontology/steigung": ["0.4439855"], "https://registry.gdi-de.org/up3/ontology/strecken-ID": ["Section_Wuppertal_1225224_463"]}, "geometry": {"type": "LineString", "coordinates": [[7.0862549454, 51.2344476364, 149.57], [7.0853242583, 51.2339786729, 149.94]]}}, {"type": "Feature", "id": "https://registry.gdi-de.org/de.nw/radnetz/instances/Section_Wuppertal_1990_43_right", "name": "", "dateprops": [], "properties": {"http://rdfs.org/ns/void#inDataset": ["https://registry.gdi-de.org/de.nw/radnetz/instances/exnw_dataset"], "http://www.opengis.net/ont/geosparql#hasGeometry": ["https://registry.gdi-de.org/de.nw/radnetz/instances/Section_Wuppertal_1990_43_right_geometry"], "http://www.w3.org/1999/02/22-rdf-syntax-ns#type": ["https://registry.gdi-de.org/up3/ontology/Streckenabschnitt_optional"], "https://registry.gdi-de.org/up3/ontology/beginntBeiKnoten": ["https://registry.gdi-de.org/de.nw/radnetz/instances/Knoten_Wuppertal_3318"], "https://registry.gdi-de.org/up3/ontology/endetBeiKnoten": ["https://registry.gdi-de.org/de.nw/radnetz/instances/Knoten_Wuppertal_3292"], "https://registry.gdi-de.org/up3/ontology/fuehrung": ["https://registry.gdi-de.org/codelist/de.bund.balm.radnetz/Fuehrung/405"], "https://registry.gdi-de.org/up3/ontology/geometrieAbschnitt": ["https://registry.gdi-de.org/de.nw/radnetz/instances/Section_Wuppertal_1990_43_right_geometry"], "https://registry.gdi-de.org/up3/ontology/licht": ["https://registry.gdi-de.org/codelist/de.bund.balm.radnetz/Licht/1"], "https://registry.gdi-de.org/up3/ontology/quell-ID": ["1990"], "https://registry.gdi-de.org/up3/ontology/richtung": ["https://registry.gdi-de.org/codelist/de.bund.balm.radnetz/Richtung/2"], "https://registry.gdi-de.org/up3/ontology/steigung": ["1.400018"], "https://registry.gdi-de.org/up3/ontology/strecken-ID": ["Section_Wuppertal_1990_43_right"]}, "geometry": {"type": "LineString", "coordinates": [[7.1048202795, 51.2472726508, 142.38], [7.1038623294, 51.2480899252, 143.96]]}}, {"type": "Feature", "id": "https://registry.gdi-de.org/de.nw/radnetz/instances/Section_Wuppertal_1226699_617_right", "name": "", "dateprops": [], "properties": {"http://rdfs.org/ns/void#inDataset": ["https://registry.gdi-de.org/de.nw/radnetz/instances/exnw_dataset"], "http://www.opengis.net/ont/geosparql#hasGeometry": ["https://registry.gdi-de.org/de.nw/radnetz/instances/Section_Wuppertal_1226699_617_right_geometry"], "http://www.w3.org/1999/02/22-rdf-syntax-ns#type": ["https://registry.gdi-de.org/up3/ontology/Streckenabschnitt_optional"], "https://registry.gdi-de.org/up3/ontology/beginntBeiKnoten": ["https://registry.gdi-de.org/de.nw/radnetz/instances/Knoten_Wuppertal_111550102"], "https://registry.gdi-de.org/up3/ontology/endetBeiKnoten": ["https://registry.gdi-de.org/de.nw/radnetz/instances/Knoten_Wuppertal_111550101"], "https://registry.gdi-de.org/up3/ontology/fuehrung": ["https://registry.gdi-de.org/codelist/de.bund.balm.radnetz/Fuehrung/405"], "https://registry.gdi-de.org/up3/ontology/geometrieAbschnitt": ["https://registry.gdi-de.org/de.nw/radnetz/instances/Section_Wuppertal_1226699_617_right_geometry"], "https://registry.gdi-de.org/up3/ontology/licht": ["https://registry.gdi-de.org/codelist/de.bund.balm.radnetz/Licht/1"], "https://registry.gdi-de.org/up3/ontology/quell-ID": ["1226699"], "https://registry.gdi-de.org/up3/ontology/richtung": ["https://registry.gdi-de.org/codelist/de.bund.balm.radnetz/Richtung/2"], "https://registry.gdi-de.org/up3/ontology/steigung": ["1.826443"], "https://registry.gdi-de.org/up3/ontology/strecken-ID": ["Section_Wuppertal_1226699_617_right"]}, "geometry": {"type": "LineString", "coordinates": [[7.1816463133, 51.2900215616, 279.8], [7.1817334308, 51.2900509884, 0.0], [7.1818978454, 51.2901022987, 280.16]]}}, {"type": "Feature", "id": "https://registry.gdi-de.org/de.nw/radnetz/instances/Section_Wuppertal_1226959_655_left", "name": "", "dateprops": [], "properties": {"http://rdfs.org/ns/void#inDataset": ["https://registry.gdi-de.org/de.nw/radnetz/instances/exnw_dataset"], "http://www.opengis.net/ont/geosparql#hasGeometry": ["https://registry.gdi-de.org/de.nw/radnetz/instances/Section_Wuppertal_1226959_655_left_geometry"], "http://www.w3.org/1999/02/22-rdf-syntax-ns#type": ["https://registry.gdi-de.org/up3/ontology/Streckenabschnitt_optional"], "https://registry.gdi-de.org/up3/ontology/beginntBeiKnoten": ["https://registry.gdi-de.org/de.nw/radnetz/instances/Knoten_Wuppertal_2609"], "https://registry.gdi-de.org/up3/ontology/endetBeiKnoten": ["https://registry.gdi-de.org/de.nw/radnetz/instances/Knoten_Wuppertal_114570102"], "https://registry.gdi-de.org/up3/ontology/fuehrung": ["https://registry.gdi-de.org/codelist/de.bund.balm.radnetz/Fuehrung/405"], "https://registry.gdi-de.org/up3/ontology/geometrieAbschnitt": ["https://registry.gdi-de.org/de.nw/radnetz/instances/Section_Wuppertal_1226959_655_left_geometry"], "https://registry.gdi-de.org/up3/ontology/licht": ["https://registry.gdi-de.org/codelist/de.bund.balm.radnetz/Licht/1"], "https://registry.gdi-de.org/up3/ontology/quell-ID": ["1226959"], "https://registry.gdi-de.org/up3/ontology/richtung": ["https://registry.gdi-de.org/codelist/de.bund.balm.radnetz/Richtung/3"], "https://registry.gdi-de.org/up3/ontology/steigung": ["0.2565498"], "https://registry.gdi-de.org/up3/ontology/strecken-ID": ["Section_Wuppertal_1226959_655_left"]}, "geometry": {"type": "LineString", "coordinates": [[7.0706493651, 51.248142087, 198.47], [7.0706295613, 51.2480424808, 0.0], [7.0706105501, 51.247933255, 198.53]]}}, {"type": "Feature", "id": "https://registry.gdi-de.org/de.nw/radnetz/instances/Section_Wuppertal_1228471_712_left", "name": "", "dateprops": [], "properties": {"http://rdfs.org/ns/void#inDataset": ["https://registry.gdi-de.org/de.nw/radnetz/instances/exnw_dataset"], "http://www.opengis.net/ont/geosparql#hasGeometry": ["https://registry.gdi-de.org/de.nw/radnetz/instances/Section_Wuppertal_1228471_712_left_geometry"], "http://www.w3.org/1999/02/22-rdf-syntax-ns#type": ["https://registry.gdi-de.org/up3/ontology/Streckenabschnitt_optional"], "https://registry.gdi-de.org/up3/ontology/beginntBeiKnoten": ["https://registry.gdi-de.org/de.nw/radnetz/instances/Knoten_Wuppertal_4662"], "https://registry.gdi-de.org/up3/ontology/endetBeiKnoten": ["https://registry.gdi-de.org/de.nw/radnetz/instances/Knoten_Wuppertal_1189690604"], "https://registry.gdi-de.org/up3/ontology/fuehrung": ["https://registry.gdi-de.org/codelist/de.bund.balm.radnetz/Fuehrung/405"], "https://registry.gdi-de.org/up3/ontology/geometrieAbschnitt": ["https://registry.gdi-de.org/de.nw/radnetz/instances/Section_Wuppertal_1228471_712_left_geometry"], "https://registry.gdi-de.org/up3/ontology/licht": ["https://registry.gdi-de.org/codelist/de.bund.balm.radnetz/Licht/1"], "https://registry.gdi-de.org/up3/ontology/quell-ID": ["1228471"], "https://registry.gdi-de.org/up3/ontology/richtung": ["https://registry.gdi-de.org/codelist/de.bund.balm.radnetz/Richtung/3"], "https://registry.gdi-de.org/up3/ontology/steigung": ["0.6551581"], "https://registry.gdi-de.org/up3/ontology/strecken-ID": ["Section_Wuppertal_1228471_712_left"]}, "geometry": {"type": "LineString", "coordinates": [[7.1395492266, 51.2104645175, 298.2], [7.1384656676, 51.2098670056, 298.86]]}}, {"type": "Feature", "id": "https://registry.gdi-de.org/de.nw/radnetz/instances/Section_Wuppertal_1226441_985", "name": "", "dateprops": [], "properties": {"http://rdfs.org/ns/void#inDataset": ["https://registry.gdi-de.org/de.nw/radnetz/instances/exnw_dataset"], "http://www.opengis.net/ont/geosparql#hasGeometry": ["https://registry.gdi-de.org/de.nw/radnetz/instances/Section_Wuppertal_1226441_985_geometry"], "http://www.w3.org/1999/02/22-rdf-syntax-ns#type": ["https://registry.gdi-de.org/up3/ontology/Streckenabschnitt_optional"], "https://registry.gdi-de.org/up3/ontology/beginntBeiKnoten": ["https://registry.gdi-de.org/de.nw/radnetz/instances/Knoten_Wuppertal_5315"], "https://registry.gdi-de.org/up3/ontology/endetBeiKnoten": ["https://registry.gdi-de.org/de.nw/radnetz/instances/Knoten_Wuppertal_114050101"], "https://registry.gdi-de.org/up3/ontology/fuehrung": ["https://registry.gdi-de.org/codelist/de.bund.balm.radnetz/Fuehrung/405"], "https://registry.gdi-de.org/up3/ontology/geometrieAbschnitt": ["https://registry.gdi-de.org/de.nw/radnetz/instances/Section_Wuppertal_1226441_985_geometry"], "https://registry.gdi-de.org/up3/ontology/licht": ["https://registry.gdi-de.org/codelist/de.bund.balm.radnetz/Licht/1"], "https://registry.gdi-de.org/up3/ontology/quell-ID": ["1226441"], "https://registry.gdi-de.org/up3/ontology/steigung": ["6.76267"], "https://registry.gdi-de.org/up3/ontology/strecken-ID": ["Section_Wuppertal_1226441_985"]}, "geometry": {"type": "LineString", "coordinates": [[7.1504298371, 51.2176316127, 0.0], [7.1505553569, 51.2177898784, 0.0]]}}, {"type": "Feature", "id": "https://registry.gdi-de.org/de.nw/radnetz/instances/Section_Wuppertal_1226511_588_left", "name": "", "dateprops": [], "properties": {"http://rdfs.org/ns/void#inDataset": ["https://registry.gdi-de.org/de.nw/radnetz/instances/exnw_dataset"], "http://www.opengis.net/ont/geosparql#hasGeometry": ["https://registry.gdi-de.org/de.nw/radnetz/instances/Section_Wuppertal_1226511_588_left_geometry"], "http://www.w3.org/1999/02/22-rdf-syntax-ns#type": ["https://registry.gdi-de.org/up3/ontology/Streckenabschnitt_optional"], "https://registry.gdi-de.org/up3/ontology/beginntBeiKnoten": ["https://registry.gdi-de.org/de.nw/radnetz/instances/Knoten_Wuppertal_114570101"], "https://registry.gdi-de.org/up3/ontology/endetBeiKnoten": ["https://registry.gdi-de.org/de.nw/radnetz/instances/Knoten_Wuppertal_2604"], "https://registry.gdi-de.org/up3/ontology/fuehrung": ["https://registry.gdi-de.org/codelist/de.bund.balm.radnetz/Fuehrung/405"], "https://registry.gdi-de.org/up3/ontology/geometrieAbschnitt": ["https://registry.gdi-de.org/de.nw/radnetz/instances/Section_Wuppertal_1226511_588_left_geometry"], "https://registry.gdi-de.org/up3/ontology/licht": ["https://registry.gdi-de.org/codelist/de.bund.balm.radnetz/Licht/1"], "https://registry.gdi-de.org/up3/ontology/quell-ID": ["1226511"], "https://registry.gdi-de.org/up3/ontology/richtung": ["https://registry.gdi-de.org/codelist/de.bund.balm.radnetz/Richtung/3"], "https://registry.gdi-de.org/up3/ontology/steigung": ["0.5116599"], "https://registry.gdi-de.org/up3/ontology/strecken-ID": ["Section_Wuppertal_1226511_588_left"]}, "geometry": {"type": "LineString", "coordinates": [[7.0705662165, 51.2476785322, 198.63], [7.0704886165, 51.2472326667, 0.0], [7.070604115, 51.2468266504, 199.12]]}}, {"type": "Feature", "id": "https://registry.gdi-de.org/de.nw/radnetz/instances/Section_Wuppertal_1229652_740", "name": "", "dateprops": [], "properties": {"http://rdfs.org/ns/void#inDataset": ["https://registry.gdi-de.org/de.nw/radnetz/instances/exnw_dataset"], "http://www.opengis.net/ont/geosparql#hasGeometry": ["https://registry.gdi-de.org/de.nw/radnetz/instances/Section_Wuppertal_1229652_740_geometry"], "http://www.w3.org/1999/02/22-rdf-syntax-ns#type": ["https://registry.gdi-de.org/up3/ontology/Streckenabschnitt_optional"], "https://registry.gdi-de.org/up3/ontology/beginntBeiKnoten": ["https://registry.gdi-de.org/de.nw/radnetz/instances/Knoten_Wuppertal_7280"], "https://registry.gdi-de.org/up3/ontology/endetBeiKnoten": ["https://registry.gdi-de.org/de.nw/radnetz/instances/Knoten_Wuppertal_110711010"], "https://registry.gdi-de.org/up3/ontology/fuehrung": ["https://registry.gdi-de.org/codelist/de.bund.balm.radnetz/Fuehrung/405"], "https://registry.gdi-de.org/up3/ontology/geometrieAbschnitt": ["https://registry.gdi-de.org/de.nw/radnetz/instances/Section_Wuppertal_1229652_740_geometry"], "https://registry.gdi-de.org/up3/ontology/licht": ["https://registry.gdi-de.org/codelist/de.bund.balm.radnetz/Licht/1"], "https://registry.gdi-de.org/up3/ontology/quell-ID": ["1229652"], "https://registry.gdi-de.org/up3/ontology/steigung": ["0.01487092"], "https://registry.gdi-de.org/up3/ontology/strecken-ID": ["Section_Wuppertal_1229652_740"]}, "geometry": {"type": "LineString", "coordinates": [[7.1954590926, 51.2701575552, 154.42], [7.1954959291, 51.2701950297, 154.4207], [7.1957768435, 51.2703091609, 154.4243], [7.1960726919, 51.2704306819, 154.4279], [7.1961690765, 51.2705443547, 154.43]]}}, {"type": "Feature", "id": "https://registry.gdi-de.org/de.nw/radnetz/instances/Section_Wuppertal_1224270_410_right", "name": "", "dateprops": [], "properties": {"http://rdfs.org/ns/void#inDataset": ["https://registry.gdi-de.org/de.nw/radnetz/instances/exnw_dataset"], "http://www.opengis.net/ont/geosparql#hasGeometry": ["https://registry.gdi-de.org/de.nw/radnetz/instances/Section_Wuppertal_1224270_410_right_geometry"], "http://www.w3.org/1999/02/22-rdf-syntax-ns#type": ["https://registry.gdi-de.org/up3/ontology/Streckenabschnitt_optional"], "https://registry.gdi-de.org/up3/ontology/beginntBeiKnoten": ["https://registry.gdi-de.org/de.nw/radnetz/instances/Knoten_Wuppertal_3292"], "https://registry.gdi-de.org/up3/ontology/endetBeiKnoten": ["https://registry.gdi-de.org/de.nw/radnetz/instances/Knoten_Wuppertal_113850102"], "https://registry.gdi-de.org/up3/ontology/fuehrung": ["https://registry.gdi-de.org/codelist/de.bund.balm.radnetz/Fuehrung/405"], "https://registry.gdi-de.org/up3/ontology/geometrieAbschnitt": ["https://registry.gdi-de.org/de.nw/radnetz/instances/Section_Wuppertal_1224270_410_right_geometry"], "https://registry.gdi-de.org/up3/ontology/licht": ["https://registry.gdi-de.org/codelist/de.bund.balm.radnetz/Licht/1"], "https://registry.gdi-de.org/up3/ontology/quell-ID": ["1224270"], "https://registry.gdi-de.org/up3/ontology/richtung": ["https://registry.gdi-de.org/codelist/de.bund.balm.radnetz/Richtung/2"], "https://registry.gdi-de.org/up3/ontology/steigung": ["1.048726"], "https://registry.gdi-de.org/up3/ontology/strecken-ID": ["Section_Wuppertal_1224270_410_right"]}, "geometry": {"type": "LineString", "coordinates": [[7.1038623294, 51.2480899252, 143.96], [7.1036426289, 51.2482816645, 0.0], [7.1035968156, 51.248318492, 144.29]]}}, {"type": "Feature", "id": "https://registry.gdi-de.org/de.nw/radnetz/instances/Section_Wuppertal_1861_40", "name": "", "dateprops": [], "properties": {"http://rdfs.org/ns/void#inDataset": ["https://registry.gdi-de.org/de.nw/radnetz/instances/exnw_dataset"], "http://www.opengis.net/ont/geosparql#hasGeometry": ["https://registry.gdi-de.org/de.nw/radnetz/instances/Section_Wuppertal_1861_40_geometry"], "http://www.w3.org/1999/02/22-rdf-syntax-ns#type": ["https://registry.gdi-de.org/up3/ontology/Streckenabschnitt_optional"], "https://registry.gdi-de.org/up3/ontology/beginntBeiKnoten": ["https://registry.gdi-de.org/de.nw/radnetz/instances/Knoten_Wuppertal_5534"], "https://registry.gdi-de.org/up3/ontology/endetBeiKnoten": ["https://registry.gdi-de.org/de.nw/radnetz/instances/Knoten_Wuppertal_5525"], "https://registry.gdi-de.org/up3/ontology/fuehrung": ["https://registry.gdi-de.org/codelist/de.bund.balm.radnetz/Fuehrung/405"], "https://registry.gdi-de.org/up3/ontology/geometrieAbschnitt": ["https://registry.gdi-de.org/de.nw/radnetz/instances/Section_Wuppertal_1861_40_geometry"], "https://registry.gdi-de.org/up3/ontology/licht": ["https://registry.gdi-de.org/codelist/de.bund.balm.radnetz/Licht/1"], "https://registry.gdi-de.org/up3/ontology/quell-ID": ["1861"], "https://registry.gdi-de.org/up3/ontology/steigung": ["0.5152984"], "https://registry.gdi-de.org/up3/ontology/strecken-ID": ["Section_Wuppertal_1861_40"]}, "geometry": {"type": "LineString", "coordinates": [[7.1536233093, 51.2348017245, 326.4], [7.1535560672, 51.2347461524, 326.44]]}}, {"type": "Feature", "id": "https://registry.gdi-de.org/de.nw/radnetz/instances/Section_Wuppertal_1225063_445", "name": "", "dateprops": [], "properties": {"http://rdfs.org/ns/void#inDataset": ["https://registry.gdi-de.org/de.nw/radnetz/instances/exnw_dataset"], "http://www.opengis.net/ont/geosparql#hasGeometry": ["https://registry.gdi-de.org/de.nw/radnetz/instances/Section_Wuppertal_1225063_445_geometry"], "http://www.w3.org/1999/02/22-rdf-syntax-ns#type": ["https://registry.gdi-de.org/up3/ontology/Streckenabschnitt_optional"], "https://registry.gdi-de.org/up3/ontology/beginntBeiKnoten": ["https://registry.gdi-de.org/de.nw/radnetz/instances/Knoten_Wuppertal_112480104"], "https://registry.gdi-de.org/up3/ontology/endetBeiKnoten": ["https://registry.gdi-de.org/de.nw/radnetz/instances/Knoten_Wuppertal_5534"], "https://registry.gdi-de.org/up3/ontology/fuehrung": ["https://registry.gdi-de.org/codelist/de.bund.balm.radnetz/Fuehrung/405"], "https://registry.gdi-de.org/up3/ontology/geometrieAbschnitt": ["https://registry.gdi-de.org/de.nw/radnetz/instances/Section_Wuppertal_1225063_445_geometry"], "https://registry.gdi-de.org/up3/ontology/licht": ["https://registry.gdi-de.org/codelist/de.bund.balm.radnetz/Licht/1"], "https://registry.gdi-de.org/up3/ontology/quell-ID": ["1225063"], "https://registry.gdi-de.org/up3/ontology/steigung": ["0.9857182"], "https://registry.gdi-de.org/up3/ontology/strecken-ID": ["Section_Wuppertal_1225063_445"]}, "geometry": {"type": "LineString", "coordinates": [[7.1538278344, 51.2348710737, 326.24], [7.1536233093, 51.2348017245, 326.4]]}}, {"type": "Feature", "id": "https://registry.gdi-de.org/de.nw/radnetz/instances/Section_Wuppertal_32_1_right", "name": "", "dateprops": [], "properties": {"http://rdfs.org/ns/void#inDataset": ["https://registry.gdi-de.org/de.nw/radnetz/instances/exnw_dataset"], "http://www.opengis.net/ont/geosparql#hasGeometry": ["https://registry.gdi-de.org/de.nw/radnetz/instances/Section_Wuppertal_32_1_right_geometry"], "http://www.w3.org/1999/02/22-rdf-syntax-ns#type": ["https://registry.gdi-de.org/up3/ontology/Streckenabschnitt_optional"], "https://registry.gdi-de.org/up3/ontology/beginntBeiKnoten": ["https://registry.gdi-de.org/de.nw/radnetz/instances/Knoten_Wuppertal_2662"], "https://registry.gdi-de.org/up3/ontology/endetBeiKnoten": ["https://registry.gdi-de.org/de.nw/radnetz/instances/Knoten_Wuppertal_2655"], "https://registry.gdi-de.org/up3/ontology/fuehrung": ["https://registry.gdi-de.org/codelist/de.bund.balm.radnetz/Fuehrung/405"], "https://registry.gdi-de.org/up3/ontology/geometrieAbschnitt": ["https://registry.gdi-de.org/de.nw/radnetz/instances/Section_Wuppertal_32_1_right_geometry"], "https://registry.gdi-de.org/up3/ontology/licht": ["https://registry.gdi-de.org/codelist/de.bund.balm.radnetz/Licht/1"], "https://registry.gdi-de.org/up3/ontology/quell-ID": ["32"], "https://registry.gdi-de.org/up3/ontology/richtung": ["https://registry.gdi-de.org/codelist/de.bund.balm.radnetz/Richtung/2"], "https://registry.gdi-de.org/up3/ontology/steigung": ["3.148105"], "https://registry.gdi-de.org/up3/ontology/strecken-ID": ["Section_Wuppertal_32_1_right"]}, "geometry": {"type": "LineString", "coordinates": [[7.0723585824, 51.2515498054, 184.52], [7.072035535, 51.2510097473, 186.54]]}}, {"type": "Feature", "id": "https://registry.gdi-de.org/de.nw/radnetz/instances/Section_Wuppertal_1228467_993", "name": "", "dateprops": [], "properties": {"http://rdfs.org/ns/void#inDataset": ["https://registry.gdi-de.org/de.nw/radnetz/instances/exnw_dataset"], "http://www.opengis.net/ont/geosparql#hasGeometry": ["https://registry.gdi-de.org/de.nw/radnetz/instances/Section_Wuppertal_1228467_993_geometry"], "http://www.w3.org/1999/02/22-rdf-syntax-ns#type": ["https://registry.gdi-de.org/up3/ontology/Streckenabschnitt_optional"], "https://registry.gdi-de.org/up3/ontology/beginntBeiKnoten": ["https://registry.gdi-de.org/de.nw/radnetz/instances/Knoten_Wuppertal_5414"], "https://registry.gdi-de.org/up3/ontology/endetBeiKnoten": ["https://registry.gdi-de.org/de.nw/radnetz/instances/Knoten_Wuppertal_1189690602"], "https://registry.gdi-de.org/up3/ontology/fuehrung": ["https://registry.gdi-de.org/codelist/de.bund.balm.radnetz/Fuehrung/405"], "https://registry.gdi-de.org/up3/ontology/geometrieAbschnitt": ["https://registry.gdi-de.org/de.nw/radnetz/instances/Section_Wuppertal_1228467_993_geometry"], "https://registry.gdi-de.org/up3/ontology/licht": ["https://registry.gdi-de.org/codelist/de.bund.balm.radnetz/Licht/1"], "https://registry.gdi-de.org/up3/ontology/quell-ID": ["1228467"], "https://registry.gdi-de.org/up3/ontology/steigung": ["0.9011619"], "https://registry.gdi-de.org/up3/ontology/strecken-ID": ["Section_Wuppertal_1228467_993"]}, "geometry": {"type": "LineString", "coordinates": [[7.1517818646, 51.2242934057, 0.0], [7.1513722803, 51.2253602423, 0.0]]}}, {"type": "Feature", "id": "https://registry.gdi-de.org/de.nw/radnetz/instances/Section_Wuppertal_1229895_805", "name": "", "dateprops": [], "properties": {"http://rdfs.org/ns/void#inDataset": ["https://registry.gdi-de.org/de.nw/radnetz/instances/exnw_dataset"], "http://www.opengis.net/ont/geosparql#hasGeometry": ["https://registry.gdi-de.org/de.nw/radnetz/instances/Section_Wuppertal_1229895_805_geometry"], "http://www.w3.org/1999/02/22-rdf-syntax-ns#type": ["https://registry.gdi-de.org/up3/ontology/Streckenabschnitt_optional"], "https://registry.gdi-de.org/up3/ontology/beginntBeiKnoten": ["https://registry.gdi-de.org/de.nw/radnetz/instances/Knoten_Wuppertal_1189691289"], "https://registry.gdi-de.org/up3/ontology/endetBeiKnoten": ["https://registry.gdi-de.org/de.nw/radnetz/instances/Knoten_Wuppertal_1189691293"], "https://registry.gdi-de.org/up3/ontology/fuehrung": ["https://registry.gdi-de.org/codelist/de.bund.balm.radnetz/Fuehrung/405"], "https://registry.gdi-de.org/up3/ontology/geometrieAbschnitt": ["https://registry.gdi-de.org/de.nw/radnetz/instances/Section_Wuppertal_1229895_805_geometry"], "https://registry.gdi-de.org/up3/ontology/licht": ["https://registry.gdi-de.org/codelist/de.bund.balm.radnetz/Licht/0"], "https://registry.gdi-de.org/up3/ontology/quell-ID": ["1229895"], "https://registry.gdi-de.org/up3/ontology/steigung": ["1.479734"], "https://registry.gdi-de.org/up3/ontology/strecken-ID": ["Section_Wuppertal_1229895_805"]}, "geometry": {"type": "LineString", "coordinates": [[7.0472385156, 51.2178629887, 187.6], [7.0463103443, 51.2173369218, 0.0], [7.0450932966, 51.2165861041, 0.0], [7.0436854214, 51.2157167417, 0.0], [7.0431354721, 51.21534676, 193.53]]}}, {"type": "Feature", "id": "https://registry.gdi-de.org/de.nw/radnetz/instances/Section_Wuppertal_4699_106_left", "name": "", "dateprops": [], "properties": {"http://rdfs.org/ns/void#inDataset": ["https://registry.gdi-de.org/de.nw/radnetz/instances/exnw_dataset"], "http://www.opengis.net/ont/geosparql#hasGeometry": ["https://registry.gdi-de.org/de.nw/radnetz/instances/Section_Wuppertal_4699_106_left_geometry"], "http://www.w3.org/1999/02/22-rdf-syntax-ns#type": ["https://registry.gdi-de.org/up3/ontology/Streckenabschnitt_optional"], "https://registry.gdi-de.org/up3/ontology/beginntBeiKnoten": ["https://registry.gdi-de.org/de.nw/radnetz/instances/Knoten_Wuppertal_6052"], "https://registry.gdi-de.org/up3/ontology/endetBeiKnoten": ["https://registry.gdi-de.org/de.nw/radnetz/instances/Knoten_Wuppertal_6277"], "https://registry.gdi-de.org/up3/ontology/fuehrung": ["https://registry.gdi-de.org/codelist/de.bund.balm.radnetz/Fuehrung/405"], "https://registry.gdi-de.org/up3/ontology/geometrieAbschnitt": ["https://registry.gdi-de.org/de.nw/radnetz/instances/Section_Wuppertal_4699_106_left_geometry"], "https://registry.gdi-de.org/up3/ontology/licht": ["https://registry.gdi-de.org/codelist/de.bund.balm.radnetz/Licht/1"], "https://registry.gdi-de.org/up3/ontology/quell-ID": ["4699"], "https://registry.gdi-de.org/up3/ontology/richtung": ["https://registry.gdi-de.org/codelist/de.bund.balm.radnetz/Richtung/3"], "https://registry.gdi-de.org/up3/ontology/steigung": ["0.04974299"], "https://registry.gdi-de.org/up3/ontology/strecken-ID": ["Section_Wuppertal_4699_106_left"]}, "geometry": {"type": "LineString", "coordinates": [[7.163358056, 51.2587058184, 148.9], [7.1644517902, 51.2594679506, 0.0], [7.1650239841, 51.2600015716, 0.0], [7.1656396421, 51.2605527268, 0.0], [7.1664381032, 51.260967213, 0.0], [7.1695049334, 51.2621321051, 149.19]]}}, {"type": "Feature", "id": "https://registry.gdi-de.org/de.nw/radnetz/instances/Section_Wuppertal_1229588_995", "name": "", "dateprops": [], "properties": {"http://rdfs.org/ns/void#inDataset": ["https://registry.gdi-de.org/de.nw/radnetz/instances/exnw_dataset"], "http://www.opengis.net/ont/geosparql#hasGeometry": ["https://registry.gdi-de.org/de.nw/radnetz/instances/Section_Wuppertal_1229588_995_geometry"], "http://www.w3.org/1999/02/22-rdf-syntax-ns#type": ["https://registry.gdi-de.org/up3/ontology/Streckenabschnitt_optional"], "https://registry.gdi-de.org/up3/ontology/beginntBeiKnoten": ["https://registry.gdi-de.org/de.nw/radnetz/instances/Knoten_Wuppertal_5429"], "https://registry.gdi-de.org/up3/ontology/endetBeiKnoten": ["https://registry.gdi-de.org/de.nw/radnetz/instances/Knoten_Wuppertal_1189691146"], "https://registry.gdi-de.org/up3/ontology/fuehrung": ["https://registry.gdi-de.org/codelist/de.bund.balm.radnetz/Fuehrung/405"], "https://registry.gdi-de.org/up3/ontology/geometrieAbschnitt": ["https://registry.gdi-de.org/de.nw/radnetz/instances/Section_Wuppertal_1229588_995_geometry"], "https://registry.gdi-de.org/up3/ontology/licht": ["https://registry.gdi-de.org/codelist/de.bund.balm.radnetz/Licht/1"], "https://registry.gdi-de.org/up3/ontology/quell-ID": ["1229588"], "https://registry.gdi-de.org/up3/ontology/steigung": ["1.064466"], "https://registry.gdi-de.org/up3/ontology/strecken-ID": ["Section_Wuppertal_1229588_995"]}, "geometry": {"type": "LineString", "coordinates": [[7.1520600693, 51.2222501287, 0.0], [7.1520192039, 51.2230774242, 0.0]]}}, {"type": "Feature", "id": "https://registry.gdi-de.org/de.nw/radnetz/instances/Section_Wuppertal_1225509_981", "name": "", "dateprops": [], "properties": {"http://rdfs.org/ns/void#inDataset": ["https://registry.gdi-de.org/de.nw/radnetz/instances/exnw_dataset"], "http://www.opengis.net/ont/geosparql#hasGeometry": ["https://registry.gdi-de.org/de.nw/radnetz/instances/Section_Wuppertal_1225509_981_geometry"], "http://www.w3.org/1999/02/22-rdf-syntax-ns#type": ["https://registry.gdi-de.org/up3/ontology/Streckenabschnitt_optional"], "https://registry.gdi-de.org/up3/ontology/beginntBeiKnoten": ["https://registry.gdi-de.org/de.nw/radnetz/instances/Knoten_Wuppertal_5418"], "https://registry.gdi-de.org/up3/ontology/endetBeiKnoten": ["https://registry.gdi-de.org/de.nw/radnetz/instances/Knoten_Wuppertal_114060101"], "https://registry.gdi-de.org/up3/ontology/fuehrung": ["https://registry.gdi-de.org/codelist/de.bund.balm.radnetz/Fuehrung/405"], "https://registry.gdi-de.org/up3/ontology/geometrieAbschnitt": ["https://registry.gdi-de.org/de.nw/radnetz/instances/Section_Wuppertal_1225509_981_geometry"], "https://registry.gdi-de.org/up3/ontology/licht": ["https://registry.gdi-de.org/codelist/de.bund.balm.radnetz/Licht/1"], "https://registry.gdi-de.org/up3/ontology/quell-ID": ["1225509"], "https://registry.gdi-de.org/up3/ontology/steigung": ["1.711486"], "https://registry.gdi-de.org/up3/ontology/strecken-ID": ["Section_Wuppertal_1225509_981"]}, "geometry": {"type": "LineString", "coordinates": [[7.1520125802, 51.2196327765, 0.0], [7.1522159105, 51.2198935127, 0.0], [7.1521813475, 51.2205220773, 0.0]]}}, {"type": "Feature", "id": "https://registry.gdi-de.org/de.nw/radnetz/instances/Section_Wuppertal_1229893_803", "name": "", "dateprops": [], "properties": {"http://rdfs.org/ns/void#inDataset": ["https://registry.gdi-de.org/de.nw/radnetz/instances/exnw_dataset"], "http://www.opengis.net/ont/geosparql#hasGeometry": ["https://registry.gdi-de.org/de.nw/radnetz/instances/Section_Wuppertal_1229893_803_geometry"], "http://www.w3.org/1999/02/22-rdf-syntax-ns#type": ["https://registry.gdi-de.org/up3/ontology/Streckenabschnitt_optional"], "https://registry.gdi-de.org/up3/ontology/beginntBeiKnoten": ["https://registry.gdi-de.org/de.nw/radnetz/instances/Knoten_Wuppertal_2095"], "https://registry.gdi-de.org/up3/ontology/endetBeiKnoten": ["https://registry.gdi-de.org/de.nw/radnetz/instances/Knoten_Wuppertal_1189691292"], "https://registry.gdi-de.org/up3/ontology/fuehrung": ["https://registry.gdi-de.org/codelist/de.bund.balm.radnetz/Fuehrung/405"], "https://registry.gdi-de.org/up3/ontology/geometrieAbschnitt": ["https://registry.gdi-de.org/de.nw/radnetz/instances/Section_Wuppertal_1229893_803_geometry"], "https://registry.gdi-de.org/up3/ontology/licht": ["https://registry.gdi-de.org/codelist/de.bund.balm.radnetz/Licht/0"], "https://registry.gdi-de.org/up3/ontology/quell-ID": ["1229893"], "https://registry.gdi-de.org/up3/ontology/steigung": ["1.780558"], "https://registry.gdi-de.org/up3/ontology/strecken-ID": ["Section_Wuppertal_1229893_803"]}, "geometry": {"type": "LineString", "coordinates": [[7.0420285047, 51.2144739212, 195.44], [7.0419096572, 51.2144679957, 0.0], [7.0417897204, 51.2143400056, 0.0], [7.0416843151, 51.2141650159, 0.0], [7.0415673865, 51.2139662114, 0.0], [7.0415622667, 51.2137757628, 197.05]]}}, {"type": "Feature", "id": "https://registry.gdi-de.org/de.nw/radnetz/instances/Section_Wuppertal_1226265_549_right", "name": "", "dateprops": [], "properties": {"http://rdfs.org/ns/void#inDataset": ["https://registry.gdi-de.org/de.nw/radnetz/instances/exnw_dataset"], "http://www.opengis.net/ont/geosparql#hasGeometry": ["https://registry.gdi-de.org/de.nw/radnetz/instances/Section_Wuppertal_1226265_549_right_geometry"], "http://www.w3.org/1999/02/22-rdf-syntax-ns#type": ["https://registry.gdi-de.org/up3/ontology/Streckenabschnitt_optional"], "https://registry.gdi-de.org/up3/ontology/beginntBeiKnoten": ["https://registry.gdi-de.org/de.nw/radnetz/instances/Knoten_Wuppertal_113850101"], "https://registry.gdi-de.org/up3/ontology/endetBeiKnoten": ["https://registry.gdi-de.org/de.nw/radnetz/instances/Knoten_Wuppertal_3276"], "https://registry.gdi-de.org/up3/ontology/fuehrung": ["https://registry.gdi-de.org/codelist/de.bund.balm.radnetz/Fuehrung/405"], "https://registry.gdi-de.org/up3/ontology/geometrieAbschnitt": ["https://registry.gdi-de.org/de.nw/radnetz/instances/Section_Wuppertal_1226265_549_right_geometry"], "https://registry.gdi-de.org/up3/ontology/licht": ["https://registry.gdi-de.org/codelist/de.bund.balm.radnetz/Licht/1"], "https://registry.gdi-de.org/up3/ontology/quell-ID": ["1226265"], "https://registry.gdi-de.org/up3/ontology/richtung": ["https://registry.gdi-de.org/codelist/de.bund.balm.radnetz/Richtung/2"], "https://registry.gdi-de.org/up3/ontology/steigung": ["1.322767"], "https://registry.gdi-de.org/up3/ontology/strecken-ID": ["Section_Wuppertal_1226265_549_right"]}, "geometry": {"type": "LineString", "coordinates": [[7.1035241386, 51.248376912, 144.42], [7.1033242072, 51.2485376254, 144.72]]}}, {"type": "Feature", "id": "https://registry.gdi-de.org/de.nw/radnetz/instances/Section_Wuppertal_5095_112", "name": "", "dateprops": [], "properties": {"http://rdfs.org/ns/void#inDataset": ["https://registry.gdi-de.org/de.nw/radnetz/instances/exnw_dataset"], "http://www.opengis.net/ont/geosparql#hasGeometry": ["https://registry.gdi-de.org/de.nw/radnetz/instances/Section_Wuppertal_5095_112_geometry"], "http://www.w3.org/1999/02/22-rdf-syntax-ns#type": ["https://registry.gdi-de.org/up3/ontology/Streckenabschnitt_optional"], "https://registry.gdi-de.org/up3/ontology/beginntBeiKnoten": ["https://registry.gdi-de.org/de.nw/radnetz/instances/Knoten_Wuppertal_5525"], "https://registry.gdi-de.org/up3/ontology/endetBeiKnoten": ["https://registry.gdi-de.org/de.nw/radnetz/instances/Knoten_Wuppertal_5489"], "https://registry.gdi-de.org/up3/ontology/fuehrung": ["https://registry.gdi-de.org/codelist/de.bund.balm.radnetz/Fuehrung/405"], "https://registry.gdi-de.org/up3/ontology/geometrieAbschnitt": ["https://registry.gdi-de.org/de.nw/radnetz/instances/Section_Wuppertal_5095_112_geometry"], "https://registry.gdi-de.org/up3/ontology/licht": ["https://registry.gdi-de.org/codelist/de.bund.balm.radnetz/Licht/1"], "https://registry.gdi-de.org/up3/ontology/quell-ID": ["5095"], "https://registry.gdi-de.org/up3/ontology/steigung": ["3.912966"], "https://registry.gdi-de.org/up3/ontology/strecken-ID": ["Section_Wuppertal_5095_112"]}, "geometry": {"type": "LineString", "coordinates": [[7.1535560672, 51.2347461524, 326.44], [7.152772332, 51.2347022019, 328.59]]}}, {"type": "Feature", "id": "https://registry.gdi-de.org/de.nw/radnetz/instances/Section_Wuppertal_1224536_1006_right", "name": "", "dateprops": [], "properties": {"http://rdfs.org/ns/void#inDataset": ["https://registry.gdi-de.org/de.nw/radnetz/instances/exnw_dataset"], "http://www.opengis.net/ont/geosparql#hasGeometry": ["https://registry.gdi-de.org/de.nw/radnetz/instances/Section_Wuppertal_1224536_1006_right_geometry"], "http://www.w3.org/1999/02/22-rdf-syntax-ns#type": ["https://registry.gdi-de.org/up3/ontology/Streckenabschnitt_optional"], "https://registry.gdi-de.org/up3/ontology/beginntBeiKnoten": ["https://registry.gdi-de.org/de.nw/radnetz/instances/Knoten_Wuppertal_114320102"], "https://registry.gdi-de.org/up3/ontology/endetBeiKnoten": ["https://registry.gdi-de.org/de.nw/radnetz/instances/Knoten_Wuppertal_3398"], "https://registry.gdi-de.org/up3/ontology/fuehrung": ["https://registry.gdi-de.org/codelist/de.bund.balm.radnetz/Fuehrung/405"], "https://registry.gdi-de.org/up3/ontology/geometrieAbschnitt": ["https://registry.gdi-de.org/de.nw/radnetz/instances/Section_Wuppertal_1224536_1006_right_geometry"], "https://registry.gdi-de.org/up3/ontology/licht": ["https://registry.gdi-de.org/codelist/de.bund.balm.radnetz/Licht/1"], "https://registry.gdi-de.org/up3/ontology/quell-ID": ["1224536"], "https://registry.gdi-de.org/up3/ontology/richtung": ["https://registry.gdi-de.org/codelist/de.bund.balm.radnetz/Richtung/2"], "https://registry.gdi-de.org/up3/ontology/steigung": ["2.094089"], "https://registry.gdi-de.org/up3/ontology/strecken-ID": ["Section_Wuppertal_1224536_1006_right"]}, "geometry": {"type": "LineString", "coordinates": [[7.109813482, 51.1936407529, 0.0], [7.1099421771, 51.1934976842, 0.0], [7.1101983093, 51.1934413179, 0.0]]}}, {"type": "Feature", "id": "https://registry.gdi-de.org/de.nw/radnetz/instances/Section_Wuppertal_1228471_712_right", "name": "", "dateprops": [], "properties": {"http://rdfs.org/ns/void#inDataset": ["https://registry.gdi-de.org/de.nw/radnetz/instances/exnw_dataset"], "http://www.opengis.net/ont/geosparql#hasGeometry": ["https://registry.gdi-de.org/de.nw/radnetz/instances/Section_Wuppertal_1228471_712_right_geometry"], "http://www.w3.org/1999/02/22-rdf-syntax-ns#type": ["https://registry.gdi-de.org/up3/ontology/Streckenabschnitt_optional"], "https://registry.gdi-de.org/up3/ontology/beginntBeiKnoten": ["https://registry.gdi-de.org/de.nw/radnetz/instances/Knoten_Wuppertal_4662"], "https://registry.gdi-de.org/up3/ontology/endetBeiKnoten": ["https://registry.gdi-de.org/de.nw/radnetz/instances/Knoten_Wuppertal_1189690604"], "https://registry.gdi-de.org/up3/ontology/fuehrung": ["https://registry.gdi-de.org/codelist/de.bund.balm.radnetz/Fuehrung/405"], "https://registry.gdi-de.org/up3/ontology/geometrieAbschnitt": ["https://registry.gdi-de.org/de.nw/radnetz/instances/Section_Wuppertal_1228471_712_right_geometry"], "https://registry.gdi-de.org/up3/ontology/licht": ["https://registry.gdi-de.org/codelist/de.bund.balm.radnetz/Licht/1"], "https://registry.gdi-de.org/up3/ontology/quell-ID": ["1228471"], "https://registry.gdi-de.org/up3/ontology/richtung": ["https://registry.gdi-de.org/codelist/de.bund.balm.radnetz/Richtung/2"], "https://registry.gdi-de.org/up3/ontology/steigung": ["0.6551581"], "https://registry.gdi-de.org/up3/ontology/strecken-ID": ["Section_Wuppertal_1228471_712_right"]}, "geometry": {"type": "LineString", "coordinates": [[7.1395492266, 51.2104645175, 298.2], [7.1384656676, 51.2098670056, 298.86]]}}, {"type": "Feature", "id": "https://registry.gdi-de.org/de.nw/radnetz/instances/Section_Wuppertal_1228472_713_right", "name": "", "dateprops": [], "properties": {"http://rdfs.org/ns/void#inDataset": ["https://registry.gdi-de.org/de.nw/radnetz/instances/exnw_dataset"], "http://www.opengis.net/ont/geosparql#hasGeometry": ["https://registry.gdi-de.org/de.nw/radnetz/instances/Section_Wuppertal_1228472_713_right_geometry"], "http://www.w3.org/1999/02/22-rdf-syntax-ns#type": ["https://registry.gdi-de.org/up3/ontology/Streckenabschnitt_optional"], "https://registry.gdi-de.org/up3/ontology/beginntBeiKnoten": ["https://registry.gdi-de.org/de.nw/radnetz/instances/Knoten_Wuppertal_1189690604"], "https://registry.gdi-de.org/up3/ontology/endetBeiKnoten": ["https://registry.gdi-de.org/de.nw/radnetz/instances/Knoten_Wuppertal_4569"], "https://registry.gdi-de.org/up3/ontology/fuehrung": ["https://registry.gdi-de.org/codelist/de.bund.balm.radnetz/Fuehrung/405"], "https://registry.gdi-de.org/up3/ontology/geometrieAbschnitt": ["https://registry.gdi-de.org/de.nw/radnetz/instances/Section_Wuppertal_1228472_713_right_geometry"], "https://registry.gdi-de.org/up3/ontology/licht": ["https://registry.gdi-de.org/codelist/de.bund.balm.radnetz/Licht/1"], "https://registry.gdi-de.org/up3/ontology/quell-ID": ["1228472"], "https://registry.gdi-de.org/up3/ontology/richtung": ["https://registry.gdi-de.org/codelist/de.bund.balm.radnetz/Richtung/2"], "https://registry.gdi-de.org/up3/ontology/steigung": ["2.198445"], "https://registry.gdi-de.org/up3/ontology/strecken-ID": ["Section_Wuppertal_1228472_713_right"]}, "geometry": {"type": "LineString", "coordinates": [[7.1384656676, 51.2098670056, 298.86], [7.1372229664, 51.2091817274, 301.4]]}}, {"type": "Feature", "id": "https://registry.gdi-de.org/de.nw/radnetz/instances/Section_Wuppertal_1225339_980", "name": "", "dateprops": [], "properties": {"http://rdfs.org/ns/void#inDataset": ["https://registry.gdi-de.org/de.nw/radnetz/instances/exnw_dataset"], "http://www.opengis.net/ont/geosparql#hasGeometry": ["https://registry.gdi-de.org/de.nw/radnetz/instances/Section_Wuppertal_1225339_980_geometry"], "http://www.w3.org/1999/02/22-rdf-syntax-ns#type": ["https://registry.gdi-de.org/up3/ontology/Streckenabschnitt_optional"], "https://registry.gdi-de.org/up3/ontology/beginntBeiKnoten": ["https://registry.gdi-de.org/de.nw/radnetz/instances/Knoten_Wuppertal_114070101"], "https://registry.gdi-de.org/up3/ontology/endetBeiKnoten": ["https://registry.gdi-de.org/de.nw/radnetz/instances/Knoten_Wuppertal_5414"], "https://registry.gdi-de.org/up3/ontology/fuehrung": ["https://registry.gdi-de.org/codelist/de.bund.balm.radnetz/Fuehrung/405"], "https://registry.gdi-de.org/up3/ontology/geometrieAbschnitt": ["https://registry.gdi-de.org/de.nw/radnetz/instances/Section_Wuppertal_1225339_980_geometry"], "https://registry.gdi-de.org/up3/ontology/licht": ["https://registry.gdi-de.org/codelist/de.bund.balm.radnetz/Licht/1"], "https://registry.gdi-de.org/up3/ontology/quell-ID": ["1225339"], "https://registry.gdi-de.org/up3/ontology/steigung": ["1.053274"], "https://registry.gdi-de.org/up3/ontology/strecken-ID": ["Section_Wuppertal_1225339_980"]}, "geometry": {"type": "LineString", "coordinates": [[7.1520063965, 51.2234309444, 0.0], [7.1519973817, 51.2237519172, 0.0], [7.1517818646, 51.2242934057, 0.0]]}}, {"type": "Feature", "id": "https://registry.gdi-de.org/de.nw/radnetz/instances/Section_Wuppertal_1225183_453", "name": "", "dateprops": [], "properties": {"http://rdfs.org/ns/void#inDataset": ["https://registry.gdi-de.org/de.nw/radnetz/instances/exnw_dataset"], "http://www.opengis.net/ont/geosparql#hasGeometry": ["https://registry.gdi-de.org/de.nw/radnetz/instances/Section_Wuppertal_1225183_453_geometry"], "http://www.w3.org/1999/02/22-rdf-syntax-ns#type": ["https://registry.gdi-de.org/up3/ontology/Streckenabschnitt_optional"], "https://registry.gdi-de.org/up3/ontology/beginntBeiKnoten": ["https://registry.gdi-de.org/de.nw/radnetz/instances/Knoten_Wuppertal_113420101"], "https://registry.gdi-de.org/up3/ontology/endetBeiKnoten": ["https://registry.gdi-de.org/de.nw/radnetz/instances/Knoten_Wuppertal_2855"], "https://registry.gdi-de.org/up3/ontology/fuehrung": ["https://registry.gdi-de.org/codelist/de.bund.balm.radnetz/Fuehrung/405"], "https://registry.gdi-de.org/up3/ontology/geometrieAbschnitt": ["https://registry.gdi-de.org/de.nw/radnetz/instances/Section_Wuppertal_1225183_453_geometry"], "https://registry.gdi-de.org/up3/ontology/licht": ["https://registry.gdi-de.org/codelist/de.bund.balm.radnetz/Licht/1"], "https://registry.gdi-de.org/up3/ontology/quell-ID": ["1225183"], "https://registry.gdi-de.org/up3/ontology/steigung": ["4.537236"], "https://registry.gdi-de.org/up3/ontology/strecken-ID": ["Section_Wuppertal_1225183_453"]}, "geometry": {"type": "LineString", "coordinates": [[7.0836517764, 51.2331201428, 154.36], [7.0830832228, 51.2328242298, 156.7]]}}, {"type": "Feature", "id": "https://registry.gdi-de.org/de.nw/radnetz/instances/Section_Wuppertal_12994_280", "name": "", "dateprops": [], "properties": {"http://rdfs.org/ns/void#inDataset": ["https://registry.gdi-de.org/de.nw/radnetz/instances/exnw_dataset"], "http://www.opengis.net/ont/geosparql#hasGeometry": ["https://registry.gdi-de.org/de.nw/radnetz/instances/Section_Wuppertal_12994_280_geometry"], "http://www.w3.org/1999/02/22-rdf-syntax-ns#type": ["https://registry.gdi-de.org/up3/ontology/Streckenabschnitt_optional"], "https://registry.gdi-de.org/up3/ontology/beginntBeiKnoten": ["https://registry.gdi-de.org/de.nw/radnetz/instances/Knoten_Wuppertal_2779"], "https://registry.gdi-de.org/up3/ontology/endetBeiKnoten": ["https://registry.gdi-de.org/de.nw/radnetz/instances/Knoten_Wuppertal_2725"], "https://registry.gdi-de.org/up3/ontology/fuehrung": ["https://registry.gdi-de.org/codelist/de.bund.balm.radnetz/Fuehrung/405"], "https://registry.gdi-de.org/up3/ontology/geometrieAbschnitt": ["https://registry.gdi-de.org/de.nw/radnetz/instances/Section_Wuppertal_12994_280_geometry"], "https://registry.gdi-de.org/up3/ontology/licht": ["https://registry.gdi-de.org/codelist/de.bund.balm.radnetz/Licht/1"], "https://registry.gdi-de.org/up3/ontology/quell-ID": ["12994"], "https://registry.gdi-de.org/up3/ontology/steigung": ["3.226216"], "https://registry.gdi-de.org/up3/ontology/strecken-ID": ["Section_Wuppertal_12994_280"]}, "geometry": {"type": "LineString", "coordinates": [[7.0782287765, 51.2316955168, 167.34], [7.0766178008, 51.2313229079, 0.0], [7.0760082331, 51.2311172056, 0.0], [7.0755027593, 51.2308938059, 174.16]]}}, {"type": "Feature", "id": "https://registry.gdi-de.org/de.nw/radnetz/instances/Section_Wuppertal_1114_973", "name": "", "dateprops": [], "properties": {"http://rdfs.org/ns/void#inDataset": ["https://registry.gdi-de.org/de.nw/radnetz/instances/exnw_dataset"], "http://www.opengis.net/ont/geosparql#hasGeometry": ["https://registry.gdi-de.org/de.nw/radnetz/instances/Section_Wuppertal_1114_973_geometry"], "http://www.w3.org/1999/02/22-rdf-syntax-ns#type": ["https://registry.gdi-de.org/up3/ontology/Streckenabschnitt_optional"], "https://registry.gdi-de.org/up3/ontology/beginntBeiKnoten": ["https://registry.gdi-de.org/de.nw/radnetz/instances/Knoten_Wuppertal_5044"], "https://registry.gdi-de.org/up3/ontology/endetBeiKnoten": ["https://registry.gdi-de.org/de.nw/radnetz/instances/Knoten_Wuppertal_5094"], "https://registry.gdi-de.org/up3/ontology/fuehrung": ["https://registry.gdi-de.org/codelist/de.bund.balm.radnetz/Fuehrung/405"], "https://registry.gdi-de.org/up3/ontology/geometrieAbschnitt": ["https://registry.gdi-de.org/de.nw/radnetz/instances/Section_Wuppertal_1114_973_geometry"], "https://registry.gdi-de.org/up3/ontology/licht": ["https://registry.gdi-de.org/codelist/de.bund.balm.radnetz/Licht/1"], "https://registry.gdi-de.org/up3/ontology/quell-ID": ["1114"], "https://registry.gdi-de.org/up3/ontology/steigung": ["1.080986"], "https://registry.gdi-de.org/up3/ontology/strecken-ID": ["Section_Wuppertal_1114_973"]}, "geometry": {"type": "LineString", "coordinates": [[7.1461379728, 51.2149284608, 0.0], [7.1469917673, 51.2153631582, 0.0]]}}, {"type": "Feature", "id": "https://registry.gdi-de.org/de.nw/radnetz/instances/Section_Wuppertal_32_1_left", "name": "", "dateprops": [], "properties": {"http://rdfs.org/ns/void#inDataset": ["https://registry.gdi-de.org/de.nw/radnetz/instances/exnw_dataset"], "http://www.opengis.net/ont/geosparql#hasGeometry": ["https://registry.gdi-de.org/de.nw/radnetz/instances/Section_Wuppertal_32_1_left_geometry"], "http://www.w3.org/1999/02/22-rdf-syntax-ns#type": ["https://registry.gdi-de.org/up3/ontology/Streckenabschnitt_optional"], "https://registry.gdi-de.org/up3/ontology/beginntBeiKnoten": ["https://registry.gdi-de.org/de.nw/radnetz/instances/Knoten_Wuppertal_2662"], "https://registry.gdi-de.org/up3/ontology/endetBeiKnoten": ["https://registry.gdi-de.org/de.nw/radnetz/instances/Knoten_Wuppertal_2655"], "https://registry.gdi-de.org/up3/ontology/fuehrung": ["https://registry.gdi-de.org/codelist/de.bund.balm.radnetz/Fuehrung/405"], "https://registry.gdi-de.org/up3/ontology/geometrieAbschnitt": ["https://registry.gdi-de.org/de.nw/radnetz/instances/Section_Wuppertal_32_1_left_geometry"], "https://registry.gdi-de.org/up3/ontology/licht": ["https://registry.gdi-de.org/codelist/de.bund.balm.radnetz/Licht/1"], "https://registry.gdi-de.org/up3/ontology/quell-ID": ["32"], "https://registry.gdi-de.org/up3/ontology/richtung": ["https://registry.gdi-de.org/codelist/de.bund.balm.radnetz/Richtung/3"], "https://registry.gdi-de.org/up3/ontology/steigung": ["3.148105"], "https://registry.gdi-de.org/up3/ontology/strecken-ID": ["Section_Wuppertal_32_1_left"]}, "geometry": {"type": "LineString", "coordinates": [[7.0723585824, 51.2515498054, 184.52], [7.072035535, 51.2510097473, 186.54]]}}, {"type": "Feature", "id": "https://registry.gdi-de.org/de.nw/radnetz/instances/Section_Wuppertal_1225184_454", "name": "", "dateprops": [], "properties": {"http://rdfs.org/ns/void#inDataset": ["https://registry.gdi-de.org/de.nw/radnetz/instances/exnw_dataset"], "http://www.opengis.net/ont/geosparql#hasGeometry": ["https://registry.gdi-de.org/de.nw/radnetz/instances/Section_Wuppertal_1225184_454_geometry"], "http://www.w3.org/1999/02/22-rdf-syntax-ns#type": ["https://registry.gdi-de.org/up3/ontology/Streckenabschnitt_optional"], "https://registry.gdi-de.org/up3/ontology/beginntBeiKnoten": ["https://registry.gdi-de.org/de.nw/radnetz/instances/Knoten_Wuppertal_2887"], "https://registry.gdi-de.org/up3/ontology/endetBeiKnoten": ["https://registry.gdi-de.org/de.nw/radnetz/instances/Knoten_Wuppertal_113420101"], "https://registry.gdi-de.org/up3/ontology/fuehrung": ["https://registry.gdi-de.org/codelist/de.bund.balm.radnetz/Fuehrung/405"], "https://registry.gdi-de.org/up3/ontology/geometrieAbschnitt": ["https://registry.gdi-de.org/de.nw/radnetz/instances/Section_Wuppertal_1225184_454_geometry"], "https://registry.gdi-de.org/up3/ontology/licht": ["https://registry.gdi-de.org/codelist/de.bund.balm.radnetz/Licht/1"], "https://registry.gdi-de.org/up3/ontology/quell-ID": ["1225184"], "https://registry.gdi-de.org/up3/ontology/steigung": ["4.014139"], "https://registry.gdi-de.org/up3/ontology/strecken-ID": ["Section_Wuppertal_1225184_454"]}, "geometry": {"type": "LineString", "coordinates": [[7.0846632108, 51.2336455673, 150.68], [7.0844190425, 51.2335194692, 0.0], [7.0836517764, 51.2331201428, 154.36]]}}, {"type": "Feature", "id": "https://registry.gdi-de.org/de.nw/radnetz/instances/Section_Wuppertal_1227986_972_right", "name": "", "dateprops": [], "properties": {"http://rdfs.org/ns/void#inDataset": ["https://registry.gdi-de.org/de.nw/radnetz/instances/exnw_dataset"], "http://www.opengis.net/ont/geosparql#hasGeometry": ["https://registry.gdi-de.org/de.nw/radnetz/instances/Section_Wuppertal_1227986_972_right_geometry"], "http://www.w3.org/1999/02/22-rdf-syntax-ns#type": ["https://registry.gdi-de.org/up3/ontology/Streckenabschnitt_optional"], "https://registry.gdi-de.org/up3/ontology/beginntBeiKnoten": ["https://registry.gdi-de.org/de.nw/radnetz/instances/Knoten_Wuppertal_1189690368"], "https://registry.gdi-de.org/up3/ontology/endetBeiKnoten": ["https://registry.gdi-de.org/de.nw/radnetz/instances/Knoten_Wuppertal_114550103"], "https://registry.gdi-de.org/up3/ontology/fuehrung": ["https://registry.gdi-de.org/codelist/de.bund.balm.radnetz/Fuehrung/405"], "https://registry.gdi-de.org/up3/ontology/geometrieAbschnitt": ["https://registry.gdi-de.org/de.nw/radnetz/instances/Section_Wuppertal_1227986_972_right_geometry"], "https://registry.gdi-de.org/up3/ontology/licht": ["https://registry.gdi-de.org/codelist/de.bund.balm.radnetz/Licht/1"], "https://registry.gdi-de.org/up3/ontology/quell-ID": ["1227986"], "https://registry.gdi-de.org/up3/ontology/richtung": ["https://registry.gdi-de.org/codelist/de.bund.balm.radnetz/Richtung/2"], "https://registry.gdi-de.org/up3/ontology/steigung": ["0.8910553"], "https://registry.gdi-de.org/up3/ontology/strecken-ID": ["Section_Wuppertal_1227986_972_right"]}, "geometry": {"type": "LineString", "coordinates": [[7.1550396915, 51.2413202467, 0.0], [7.155573001, 51.2407599824, 0.0], [7.1556697903, 51.2400488976, 0.0], [7.1555737644, 51.2396453515, 0.0], [7.1554569987, 51.2395601616, 0.0]]}}], "numberMatched": 96, "numberReturned": 96, "bbox": [7.0415622667, 51.1657413938, 7.2249088313, 51.2901022987], "crs": "http://www.opengis.net/def/crs/EPSG/0/4326"}