{"type": "FeatureCollection", "id": "https://registry.gdi-de.org/codelist/de.bund.balm.radnetz/Richtung/2", "name": "2", "features": [{"type": "Feature", "id": "https://registry.gdi-de.org/de.nw/radnetz/instances/Section_Wuppertal_976_25_right", "name": "", "dateprops": [], "properties": {"http://rdfs.org/ns/void#inDataset": ["https://registry.gdi-de.org/de.nw/radnetz/instances/exnw_dataset"], "http://www.opengis.net/ont/geosparql#hasGeometry": ["https://registry.gdi-de.org/de.nw/radnetz/instances/Section_Wuppertal_976_25_right_geometry"], "http://www.w3.org/1999/02/22-rdf-syntax-ns#type": ["https://registry.gdi-de.org/up3/ontology/Streckenabschnitt_optional"], "https://registry.gdi-de.org/up3/ontology/beginntBeiKnoten": ["https://registry.gdi-de.org/de.nw/radnetz/instances/Knoten_Wuppertal_9545"], "https://registry.gdi-de.org/up3/ontology/endetBeiKnoten": ["https://registry.gdi-de.org/de.nw/radnetz/instances/Knoten_Wuppertal_9558"], "https://registry.gdi-de.org/up3/ontology/fuehrung": ["https://registry.gdi-de.org/codelist/de.bund.balm.radnetz/Fuehrung/401"], "https://registry.gdi-de.org/up3/ontology/geometrieAbschnitt": ["https://registry.gdi-de.org/de.nw/radnetz/instances/Section_Wuppertal_976_25_right_geometry"], "https://registry.gdi-de.org/up3/ontology/licht": ["https://registry.gdi-de.org/codelist/de.bund.balm.radnetz/Licht/0"], "https://registry.gdi-de.org/up3/ontology/quell-ID": ["976"], "https://registry.gdi-de.org/up3/ontology/richtung": ["https://registry.gdi-de.org/codelist/de.bund.balm.radnetz/Richtung/2"], "https://registry.gdi-de.org/up3/ontology/steigung": ["0.845634"], "https://registry.gdi-de.org/up3/ontology/strecken-ID": ["Section_Wuppertal_976_25_right"]}, "geometry": {"type": "LineString", "coordinates": [[7.2596697315, 51.2837584563, 182.72], [7.2606005578, 51.2840869027, 183.35]]}}, {"type": "Feature", "id": "https://registry.gdi-de.org/de.nw/radnetz/instances/Section_Wuppertal_4699_106_right", "name": "", "dateprops": [], "properties": {"http://rdfs.org/ns/void#inDataset": ["https://registry.gdi-de.org/de.nw/radnetz/instances/exnw_dataset"], "http://www.opengis.net/ont/geosparql#hasGeometry": ["https://registry.gdi-de.org/de.nw/radnetz/instances/Section_Wuppertal_4699_106_right_geometry"], "http://www.w3.org/1999/02/22-rdf-syntax-ns#type": ["https://registry.gdi-de.org/up3/ontology/Streckenabschnitt_optional"], "https://registry.gdi-de.org/up3/ontology/beginntBeiKnoten": ["https://registry.gdi-de.org/de.nw/radnetz/instances/Knoten_Wuppertal_6052"], "https://registry.gdi-de.org/up3/ontology/endetBeiKnoten": ["https://registry.gdi-de.org/de.nw/radnetz/instances/Knoten_Wuppertal_6277"], "https://registry.gdi-de.org/up3/ontology/fuehrung": ["https://registry.gdi-de.org/codelist/de.bund.balm.radnetz/Fuehrung/405"], "https://registry.gdi-de.org/up3/ontology/geometrieAbschnitt": ["https://registry.gdi-de.org/de.nw/radnetz/instances/Section_Wuppertal_4699_106_right_geometry"], "https://registry.gdi-de.org/up3/ontology/licht": ["https://registry.gdi-de.org/codelist/de.bund.balm.radnetz/Licht/1"], "https://registry.gdi-de.org/up3/ontology/quell-ID": ["4699"], "https://registry.gdi-de.org/up3/ontology/richtung": ["https://registry.gdi-de.org/codelist/de.bund.balm.radnetz/Richtung/2"], "https://registry.gdi-de.org/up3/ontology/steigung": ["0.04974299"], "https://registry.gdi-de.org/up3/ontology/strecken-ID": ["Section_Wuppertal_4699_106_right"]}, "geometry": {"type": "LineString", "coordinates": [[7.163358056, 51.2587058184, 148.9], [7.1644517902, 51.2594679506, 0.0], [7.1650239841, 51.2600015716, 0.0], [7.1656396421, 51.2605527268, 0.0], [7.1664381032, 51.260967213, 0.0], [7.1695049334, 51.2621321051, 149.19]]}}, {"type": "Feature", "id": "https://registry.gdi-de.org/de.nw/radnetz/instances/Section_Wuppertal_1225946_1046_right", "name": "", "dateprops": [], "properties": {"http://rdfs.org/ns/void#inDataset": ["https://registry.gdi-de.org/de.nw/radnetz/instances/exnw_dataset"], "http://www.opengis.net/ont/geosparql#hasGeometry": ["https://registry.gdi-de.org/de.nw/radnetz/instances/Section_Wuppertal_1225946_1046_right_geometry"], "http://www.w3.org/1999/02/22-rdf-syntax-ns#type": ["https://registry.gdi-de.org/up3/ontology/Streckenabschnitt_optional"], "https://registry.gdi-de.org/up3/ontology/beginntBeiKnoten": ["https://registry.gdi-de.org/de.nw/radnetz/instances/Knoten_Wuppertal_4322"], "https://registry.gdi-de.org/up3/ontology/endetBeiKnoten": ["https://registry.gdi-de.org/de.nw/radnetz/instances/Knoten_Wuppertal_112790101"], "https://registry.gdi-de.org/up3/ontology/geometrieAbschnitt": ["https://registry.gdi-de.org/de.nw/radnetz/instances/Section_Wuppertal_1225946_1046_right_geometry"], "https://registry.gdi-de.org/up3/ontology/licht": ["https://registry.gdi-de.org/codelist/de.bund.balm.radnetz/Licht/1"], "https://registry.gdi-de.org/up3/ontology/quell-ID": ["1225946"], "https://registry.gdi-de.org/up3/ontology/richtung": ["https://registry.gdi-de.org/codelist/de.bund.balm.radnetz/Richtung/2"], "https://registry.gdi-de.org/up3/ontology/steigung": ["1.712875"], "https://registry.gdi-de.org/up3/ontology/strecken-ID": ["Section_Wuppertal_1225946_1046_right"]}, "geometry": {"type": "LineString", "coordinates": [[7.1296805123, 51.2760965797, 0.0], [7.1295925875, 51.2762607694, 0.0]]}}, {"type": "Feature", "id": "https://registry.gdi-de.org/de.nw/radnetz/instances/Section_Wuppertal_12088_253_right", "name": "", "dateprops": [], "properties": {"http://rdfs.org/ns/void#inDataset": ["https://registry.gdi-de.org/de.nw/radnetz/instances/exnw_dataset"], "http://www.opengis.net/ont/geosparql#hasGeometry": ["https://registry.gdi-de.org/de.nw/radnetz/instances/Section_Wuppertal_12088_253_right_geometry"], "http://www.w3.org/1999/02/22-rdf-syntax-ns#type": ["https://registry.gdi-de.org/up3/ontology/Streckenabschnitt_optional"], "https://registry.gdi-de.org/up3/ontology/beginntBeiKnoten": ["https://registry.gdi-de.org/de.nw/radnetz/instances/Knoten_Wuppertal_2704"], "https://registry.gdi-de.org/up3/ontology/endetBeiKnoten": ["https://registry.gdi-de.org/de.nw/radnetz/instances/Knoten_Wuppertal_2701"], "https://registry.gdi-de.org/up3/ontology/fuehrung": ["https://registry.gdi-de.org/codelist/de.bund.balm.radnetz/Fuehrung/401"], "https://registry.gdi-de.org/up3/ontology/geometrieAbschnitt": ["https://registry.gdi-de.org/de.nw/radnetz/instances/Section_Wuppertal_12088_253_right_geometry"], "https://registry.gdi-de.org/up3/ontology/licht": ["https://registry.gdi-de.org/codelist/de.bund.balm.radnetz/Licht/1"], "https://registry.gdi-de.org/up3/ontology/quell-ID": ["12088"], "https://registry.gdi-de.org/up3/ontology/richtung": ["https://registry.gdi-de.org/codelist/de.bund.balm.radnetz/Richtung/2"], "https://registry.gdi-de.org/up3/ontology/steigung": ["2.946272"], "https://registry.gdi-de.org/up3/ontology/strecken-ID": ["Section_Wuppertal_12088_253_right"]}, "geometry": {"type": "LineString", "coordinates": [[7.0732338499, 51.2668019142, 183.0], [7.0731722225, 51.2665670704, 183.78]]}}, {"type": "Feature", "id": "https://registry.gdi-de.org/de.nw/radnetz/instances/Section_Wuppertal_1224980_1038_right", "name": "", "dateprops": [], "properties": {"http://rdfs.org/ns/void#inDataset": ["https://registry.gdi-de.org/de.nw/radnetz/instances/exnw_dataset"], "http://www.opengis.net/ont/geosparql#hasGeometry": ["https://registry.gdi-de.org/de.nw/radnetz/instances/Section_Wuppertal_1224980_1038_right_geometry"], "http://www.w3.org/1999/02/22-rdf-syntax-ns#type": ["https://registry.gdi-de.org/up3/ontology/Streckenabschnitt_optional"], "https://registry.gdi-de.org/up3/ontology/beginntBeiKnoten": ["https://registry.gdi-de.org/de.nw/radnetz/instances/Knoten_Wuppertal_4255"], "https://registry.gdi-de.org/up3/ontology/endetBeiKnoten": ["https://registry.gdi-de.org/de.nw/radnetz/instances/Knoten_Wuppertal_112800102"], "https://registry.gdi-de.org/up3/ontology/geometrieAbschnitt": ["https://registry.gdi-de.org/de.nw/radnetz/instances/Section_Wuppertal_1224980_1038_right_geometry"], "https://registry.gdi-de.org/up3/ontology/licht": ["https://registry.gdi-de.org/codelist/de.bund.balm.radnetz/Licht/1"], "https://registry.gdi-de.org/up3/ontology/quell-ID": ["1224980"], "https://registry.gdi-de.org/up3/ontology/richtung": ["https://registry.gdi-de.org/codelist/de.bund.balm.radnetz/Richtung/2"], "https://registry.gdi-de.org/up3/ontology/steigung": ["4.355839"], "https://registry.gdi-de.org/up3/ontology/strecken-ID": ["Section_Wuppertal_1224980_1038_right"]}, "geometry": {"type": "LineString", "coordinates": [[7.1284014219, 51.2776777728, 0.0], [7.1281989444, 51.27802694, 0.0], [7.1281751057, 51.2781456761, 0.0]]}}, {"type": "Feature", "id": "https://registry.gdi-de.org/de.nw/radnetz/instances/Section_Wuppertal_12157_259_right", "name": "", "dateprops": [], "properties": {"http://rdfs.org/ns/void#inDataset": ["https://registry.gdi-de.org/de.nw/radnetz/instances/exnw_dataset"], "http://www.opengis.net/ont/geosparql#hasGeometry": ["https://registry.gdi-de.org/de.nw/radnetz/instances/Section_Wuppertal_12157_259_right_geometry"], "http://www.w3.org/1999/02/22-rdf-syntax-ns#type": ["https://registry.gdi-de.org/up3/ontology/Streckenabschnitt_optional"], "https://registry.gdi-de.org/up3/ontology/beginntBeiKnoten": ["https://registry.gdi-de.org/de.nw/radnetz/instances/Knoten_Wuppertal_4138"], "https://registry.gdi-de.org/up3/ontology/endetBeiKnoten": ["https://registry.gdi-de.org/de.nw/radnetz/instances/Knoten_Wuppertal_4055"], "https://registry.gdi-de.org/up3/ontology/fuehrung": ["https://registry.gdi-de.org/codelist/de.bund.balm.radnetz/Fuehrung/401"], "https://registry.gdi-de.org/up3/ontology/geometrieAbschnitt": ["https://registry.gdi-de.org/de.nw/radnetz/instances/Section_Wuppertal_12157_259_right_geometry"], "https://registry.gdi-de.org/up3/ontology/licht": ["https://registry.gdi-de.org/codelist/de.bund.balm.radnetz/Licht/0"], "https://registry.gdi-de.org/up3/ontology/quell-ID": ["12157"], "https://registry.gdi-de.org/up3/ontology/richtung": ["https://registry.gdi-de.org/codelist/de.bund.balm.radnetz/Richtung/2"], "https://registry.gdi-de.org/up3/ontology/steigung": ["1.577387"], "https://registry.gdi-de.org/up3/ontology/strecken-ID": ["Section_Wuppertal_12157_259_right"]}, "geometry": {"type": "LineString", "coordinates": [[7.1257491443, 51.3017773837, 194.2], [7.1258073996, 51.3013653757, 0.0], [7.1256359932, 51.3008096883, 0.0], [7.1247345251, 51.2997127903, 0.0], [7.1243929763, 51.2992307185, 0.0], [7.1243611086, 51.2985119517, 0.0], [7.1245745057, 51.2977895251, 201.56]]}}, {"type": "Feature", "id": "https://registry.gdi-de.org/de.nw/radnetz/instances/Section_Wuppertal_1226331_1069_right", "name": "", "dateprops": [], "properties": {"http://rdfs.org/ns/void#inDataset": ["https://registry.gdi-de.org/de.nw/radnetz/instances/exnw_dataset"], "http://www.opengis.net/ont/geosparql#hasGeometry": ["https://registry.gdi-de.org/de.nw/radnetz/instances/Section_Wuppertal_1226331_1069_right_geometry"], "http://www.w3.org/1999/02/22-rdf-syntax-ns#type": ["https://registry.gdi-de.org/up3/ontology/Streckenabschnitt_optional"], "https://registry.gdi-de.org/up3/ontology/beginntBeiKnoten": ["https://registry.gdi-de.org/de.nw/radnetz/instances/Knoten_Wuppertal_112170101"], "https://registry.gdi-de.org/up3/ontology/endetBeiKnoten": ["https://registry.gdi-de.org/de.nw/radnetz/instances/Knoten_Wuppertal_6047"], "https://registry.gdi-de.org/up3/ontology/geometrieAbschnitt": ["https://registry.gdi-de.org/de.nw/radnetz/instances/Section_Wuppertal_1226331_1069_right_geometry"], "https://registry.gdi-de.org/up3/ontology/licht": ["https://registry.gdi-de.org/codelist/de.bund.balm.radnetz/Licht/1"], "https://registry.gdi-de.org/up3/ontology/quell-ID": ["1226331"], "https://registry.gdi-de.org/up3/ontology/richtung": ["https://registry.gdi-de.org/codelist/de.bund.balm.radnetz/Richtung/2"], "https://registry.gdi-de.org/up3/ontology/steigung": ["1.663091"], "https://registry.gdi-de.org/up3/ontology/strecken-ID": ["Section_Wuppertal_1226331_1069_right"]}, "geometry": {"type": "LineString", "coordinates": [[7.162572337, 51.278130267, 0.0], [7.1623535212, 51.2785002539, 0.0]]}}, {"type": "Feature", "id": "https://registry.gdi-de.org/de.nw/radnetz/instances/Section_Wuppertal_1227539_680_right", "name": "", "dateprops": [], "properties": {"http://rdfs.org/ns/void#inDataset": ["https://registry.gdi-de.org/de.nw/radnetz/instances/exnw_dataset"], "http://www.opengis.net/ont/geosparql#hasGeometry": ["https://registry.gdi-de.org/de.nw/radnetz/instances/Section_Wuppertal_1227539_680_right_geometry"], "http://www.w3.org/1999/02/22-rdf-syntax-ns#type": ["https://registry.gdi-de.org/up3/ontology/Streckenabschnitt_optional"], "https://registry.gdi-de.org/up3/ontology/beginntBeiKnoten": ["https://registry.gdi-de.org/de.nw/radnetz/instances/Knoten_Wuppertal_1189690152"], "https://registry.gdi-de.org/up3/ontology/endetBeiKnoten": ["https://registry.gdi-de.org/de.nw/radnetz/instances/Knoten_Wuppertal_110670101"], "https://registry.gdi-de.org/up3/ontology/fuehrung": ["https://registry.gdi-de.org/codelist/de.bund.balm.radnetz/Fuehrung/200"], "https://registry.gdi-de.org/up3/ontology/geometrieAbschnitt": ["https://registry.gdi-de.org/de.nw/radnetz/instances/Section_Wuppertal_1227539_680_right_geometry"], "https://registry.gdi-de.org/up3/ontology/licht": ["https://registry.gdi-de.org/codelist/de.bund.balm.radnetz/Licht/1"], "https://registry.gdi-de.org/up3/ontology/quell-ID": ["1227539"], "https://registry.gdi-de.org/up3/ontology/richtung": ["https://registry.gdi-de.org/codelist/de.bund.balm.radnetz/Richtung/2"], "https://registry.gdi-de.org/up3/ontology/steigung": ["2.596061"], "https://registry.gdi-de.org/up3/ontology/strecken-ID": ["Section_Wuppertal_1227539_680_right"]}, "geometry": {"type": "LineString", "coordinates": [[7.1060496938, 51.2555753373, 162.64], [7.1064119576, 51.2559190674, 163.83]]}}, {"type": "Feature", "id": "https://registry.gdi-de.org/de.nw/radnetz/instances/Section_Wuppertal_7419_1051_right", "name": "", "dateprops": [], "properties": {"http://rdfs.org/ns/void#inDataset": ["https://registry.gdi-de.org/de.nw/radnetz/instances/exnw_dataset"], "http://www.opengis.net/ont/geosparql#hasGeometry": ["https://registry.gdi-de.org/de.nw/radnetz/instances/Section_Wuppertal_7419_1051_right_geometry"], "http://www.w3.org/1999/02/22-rdf-syntax-ns#type": ["https://registry.gdi-de.org/up3/ontology/Streckenabschnitt_optional"], "https://registry.gdi-de.org/up3/ontology/beginntBeiKnoten": ["https://registry.gdi-de.org/de.nw/radnetz/instances/Knoten_Wuppertal_4207"], "https://registry.gdi-de.org/up3/ontology/endetBeiKnoten": ["https://registry.gdi-de.org/de.nw/radnetz/instances/Knoten_Wuppertal_4225"], "https://registry.gdi-de.org/up3/ontology/geometrieAbschnitt": ["https://registry.gdi-de.org/de.nw/radnetz/instances/Section_Wuppertal_7419_1051_right_geometry"], "https://registry.gdi-de.org/up3/ontology/licht": ["https://registry.gdi-de.org/codelist/de.bund.balm.radnetz/Licht/1"], "https://registry.gdi-de.org/up3/ontology/quell-ID": ["7419"], "https://registry.gdi-de.org/up3/ontology/richtung": ["https://registry.gdi-de.org/codelist/de.bund.balm.radnetz/Richtung/2"], "https://registry.gdi-de.org/up3/ontology/steigung": ["7.226274"], "https://registry.gdi-de.org/up3/ontology/strecken-ID": ["Section_Wuppertal_7419_1051_right"]}, "geometry": {"type": "LineString", "coordinates": [[7.1276880459, 51.2804213012, 0.0], [7.1279673499, 51.2790688192, 0.0], [7.1279745254, 51.2790195087, 0.0]]}}, {"type": "Feature", "id": "https://registry.gdi-de.org/de.nw/radnetz/instances/Section_Wuppertal_1223874_395_right", "name": "", "dateprops": [], "properties": {"http://rdfs.org/ns/void#inDataset": ["https://registry.gdi-de.org/de.nw/radnetz/instances/exnw_dataset"], "http://www.opengis.net/ont/geosparql#hasGeometry": ["https://registry.gdi-de.org/de.nw/radnetz/instances/Section_Wuppertal_1223874_395_right_geometry"], "http://www.w3.org/1999/02/22-rdf-syntax-ns#type": ["https://registry.gdi-de.org/up3/ontology/Streckenabschnitt_optional"], "https://registry.gdi-de.org/up3/ontology/beginntBeiKnoten": ["https://registry.gdi-de.org/de.nw/radnetz/instances/Knoten_Wuppertal_110600101"], "https://registry.gdi-de.org/up3/ontology/endetBeiKnoten": ["https://registry.gdi-de.org/de.nw/radnetz/instances/Knoten_Wuppertal_6915"], "https://registry.gdi-de.org/up3/ontology/fuehrung": ["https://registry.gdi-de.org/codelist/de.bund.balm.radnetz/Fuehrung/401"], "https://registry.gdi-de.org/up3/ontology/geometrieAbschnitt": ["https://registry.gdi-de.org/de.nw/radnetz/instances/Section_Wuppertal_1223874_395_right_geometry"], "https://registry.gdi-de.org/up3/ontology/licht": ["https://registry.gdi-de.org/codelist/de.bund.balm.radnetz/Licht/1"], "https://registry.gdi-de.org/up3/ontology/quell-ID": ["1223874"], "https://registry.gdi-de.org/up3/ontology/richtung": ["https://registry.gdi-de.org/codelist/de.bund.balm.radnetz/Richtung/2"], "https://registry.gdi-de.org/up3/ontology/steigung": ["3.27351"], "https://registry.gdi-de.org/up3/ontology/strecken-ID": ["Section_Wuppertal_1223874_395_right"]}, "geometry": {"type": "LineString", "coordinates": [[7.1905706165, 51.2249600269, 315.07], [7.1905715442, 51.2247705258, 315.76]]}}, {"type": "Feature", "id": "https://registry.gdi-de.org/de.nw/radnetz/instances/Section_Wuppertal_458_13_right", "name": "", "dateprops": [], "properties": {"http://rdfs.org/ns/void#inDataset": ["https://registry.gdi-de.org/de.nw/radnetz/instances/exnw_dataset"], "http://www.opengis.net/ont/geosparql#hasGeometry": ["https://registry.gdi-de.org/de.nw/radnetz/instances/Section_Wuppertal_458_13_right_geometry"], "http://www.w3.org/1999/02/22-rdf-syntax-ns#type": ["https://registry.gdi-de.org/up3/ontology/Streckenabschnitt_optional"], "https://registry.gdi-de.org/up3/ontology/beginntBeiKnoten": ["https://registry.gdi-de.org/de.nw/radnetz/instances/Knoten_Wuppertal_8973"], "https://registry.gdi-de.org/up3/ontology/endetBeiKnoten": ["https://registry.gdi-de.org/de.nw/radnetz/instances/Knoten_Wuppertal_8967"], "https://registry.gdi-de.org/up3/ontology/fuehrung": ["https://registry.gdi-de.org/codelist/de.bund.balm.radnetz/Fuehrung/401"], "https://registry.gdi-de.org/up3/ontology/geometrieAbschnitt": ["https://registry.gdi-de.org/de.nw/radnetz/instances/Section_Wuppertal_458_13_right_geometry"], "https://registry.gdi-de.org/up3/ontology/licht": ["https://registry.gdi-de.org/codelist/de.bund.balm.radnetz/Licht/1"], "https://registry.gdi-de.org/up3/ontology/quell-ID": ["458"], "https://registry.gdi-de.org/up3/ontology/richtung": ["https://registry.gdi-de.org/codelist/de.bund.balm.radnetz/Richtung/2"], "https://registry.gdi-de.org/up3/ontology/steigung": ["0.8996342"], "https://registry.gdi-de.org/up3/ontology/strecken-ID": ["Section_Wuppertal_458_13_right"]}, "geometry": {"type": "LineString", "coordinates": [[7.2371578018, 51.2655017349, 167.03], [7.237037858, 51.2643950209, 168.14]]}}, {"type": "Feature", "id": "https://registry.gdi-de.org/de.nw/radnetz/instances/Section_Wuppertal_402_1028_right", "name": "", "dateprops": [], "properties": {"http://rdfs.org/ns/void#inDataset": ["https://registry.gdi-de.org/de.nw/radnetz/instances/exnw_dataset"], "http://www.opengis.net/ont/geosparql#hasGeometry": ["https://registry.gdi-de.org/de.nw/radnetz/instances/Section_Wuppertal_402_1028_right_geometry"], "http://www.w3.org/1999/02/22-rdf-syntax-ns#type": ["https://registry.gdi-de.org/up3/ontology/Streckenabschnitt_optional"], "https://registry.gdi-de.org/up3/ontology/beginntBeiKnoten": ["https://registry.gdi-de.org/de.nw/radnetz/instances/Knoten_Wuppertal_4341"], "https://registry.gdi-de.org/up3/ontology/endetBeiKnoten": ["https://registry.gdi-de.org/de.nw/radnetz/instances/Knoten_Wuppertal_4340"], "https://registry.gdi-de.org/up3/ontology/geometrieAbschnitt": ["https://registry.gdi-de.org/de.nw/radnetz/instances/Section_Wuppertal_402_1028_right_geometry"], "https://registry.gdi-de.org/up3/ontology/licht": ["https://registry.gdi-de.org/codelist/de.bund.balm.radnetz/Licht/1"], "https://registry.gdi-de.org/up3/ontology/quell-ID": ["402"], "https://registry.gdi-de.org/up3/ontology/richtung": ["https://registry.gdi-de.org/codelist/de.bund.balm.radnetz/Richtung/2"], "https://registry.gdi-de.org/up3/ontology/steigung": ["1.344272"], "https://registry.gdi-de.org/up3/ontology/strecken-ID": ["Section_Wuppertal_402_1028_right"]}, "geometry": {"type": "LineString", "coordinates": [[7.1302414613, 51.2705720112, 0.0], [7.1301820585, 51.2709079346, 0.0], [7.130190513, 51.2712587526, 0.0]]}}, {"type": "Feature", "id": "https://registry.gdi-de.org/de.nw/radnetz/instances/Section_Wuppertal_6448_135_right", "name": "", "dateprops": [], "properties": {"http://rdfs.org/ns/void#inDataset": ["https://registry.gdi-de.org/de.nw/radnetz/instances/exnw_dataset"], "http://www.opengis.net/ont/geosparql#hasGeometry": ["https://registry.gdi-de.org/de.nw/radnetz/instances/Section_Wuppertal_6448_135_right_geometry"], "http://www.w3.org/1999/02/22-rdf-syntax-ns#type": ["https://registry.gdi-de.org/up3/ontology/Streckenabschnitt_optional"], "https://registry.gdi-de.org/up3/ontology/beginntBeiKnoten": ["https://registry.gdi-de.org/de.nw/radnetz/instances/Knoten_Wuppertal_4418"], "https://registry.gdi-de.org/up3/ontology/endetBeiKnoten": ["https://registry.gdi-de.org/de.nw/radnetz/instances/Knoten_Wuppertal_4484"], "https://registry.gdi-de.org/up3/ontology/fuehrung": ["https://registry.gdi-de.org/codelist/de.bund.balm.radnetz/Fuehrung/401"], "https://registry.gdi-de.org/up3/ontology/geometrieAbschnitt": ["https://registry.gdi-de.org/de.nw/radnetz/instances/Section_Wuppertal_6448_135_right_geometry"], "https://registry.gdi-de.org/up3/ontology/licht": ["https://registry.gdi-de.org/codelist/de.bund.balm.radnetz/Licht/0"], "https://registry.gdi-de.org/up3/ontology/quell-ID": ["6448"], "https://registry.gdi-de.org/up3/ontology/richtung": ["https://registry.gdi-de.org/codelist/de.bund.balm.radnetz/Richtung/2"], "https://registry.gdi-de.org/up3/ontology/steigung": ["2.198516"], "https://registry.gdi-de.org/up3/ontology/strecken-ID": ["Section_Wuppertal_6448_135_right"]}, "geometry": {"type": "LineString", "coordinates": [[7.1357435355, 51.1665005542, 106.32], [7.1364886243, 51.1664635545, 107.4691], [7.1368803295, 51.1663522717, 108.13]]}}, {"type": "Feature", "id": "https://registry.gdi-de.org/de.nw/radnetz/instances/Section_Wuppertal_1226258_1015_right", "name": "", "dateprops": [], "properties": {"http://rdfs.org/ns/void#inDataset": ["https://registry.gdi-de.org/de.nw/radnetz/instances/exnw_dataset"], "http://www.opengis.net/ont/geosparql#hasGeometry": ["https://registry.gdi-de.org/de.nw/radnetz/instances/Section_Wuppertal_1226258_1015_right_geometry"], "http://www.w3.org/1999/02/22-rdf-syntax-ns#type": ["https://registry.gdi-de.org/up3/ontology/Streckenabschnitt_optional"], "https://registry.gdi-de.org/up3/ontology/beginntBeiKnoten": ["https://registry.gdi-de.org/de.nw/radnetz/instances/Knoten_Wuppertal_2350"], "https://registry.gdi-de.org/up3/ontology/endetBeiKnoten": ["https://registry.gdi-de.org/de.nw/radnetz/instances/Knoten_Wuppertal_117200102"], "https://registry.gdi-de.org/up3/ontology/fuehrung": ["https://registry.gdi-de.org/codelist/de.bund.balm.radnetz/Fuehrung/401"], "https://registry.gdi-de.org/up3/ontology/geometrieAbschnitt": ["https://registry.gdi-de.org/de.nw/radnetz/instances/Section_Wuppertal_1226258_1015_right_geometry"], "https://registry.gdi-de.org/up3/ontology/licht": ["https://registry.gdi-de.org/codelist/de.bund.balm.radnetz/Licht/1"], "https://registry.gdi-de.org/up3/ontology/quell-ID": ["1226258"], "https://registry.gdi-de.org/up3/ontology/richtung": ["https://registry.gdi-de.org/codelist/de.bund.balm.radnetz/Richtung/2"], "https://registry.gdi-de.org/up3/ontology/steigung": ["3.121542"], "https://registry.gdi-de.org/up3/ontology/strecken-ID": ["Section_Wuppertal_1226258_1015_right"]}, "geometry": {"type": "LineString", "coordinates": [[7.0601470307, 51.2513605404, 0.0], [7.05984357, 51.2517284279, 0.0], [7.060317092, 51.2523013129, 0.0], [7.0604782083, 51.2528520042, 0.0], [7.0602502631, 51.2535282278, 0.0], [7.0599754248, 51.2537789893, 0.0]]}}, {"type": "Feature", "id": "https://registry.gdi-de.org/de.nw/radnetz/instances/Section_Wuppertal_6790_143_right", "name": "", "dateprops": [], "properties": {"http://rdfs.org/ns/void#inDataset": ["https://registry.gdi-de.org/de.nw/radnetz/instances/exnw_dataset"], "http://www.opengis.net/ont/geosparql#hasGeometry": ["https://registry.gdi-de.org/de.nw/radnetz/instances/Section_Wuppertal_6790_143_right_geometry"], "http://www.w3.org/1999/02/22-rdf-syntax-ns#type": ["https://registry.gdi-de.org/up3/ontology/Streckenabschnitt_optional"], "https://registry.gdi-de.org/up3/ontology/beginntBeiKnoten": ["https://registry.gdi-de.org/de.nw/radnetz/instances/Knoten_Wuppertal_5152"], "https://registry.gdi-de.org/up3/ontology/endetBeiKnoten": ["https://registry.gdi-de.org/de.nw/radnetz/instances/Knoten_Wuppertal_5159"], "https://registry.gdi-de.org/up3/ontology/fuehrung": ["https://registry.gdi-de.org/codelist/de.bund.balm.radnetz/Fuehrung/200"], "https://registry.gdi-de.org/up3/ontology/geometrieAbschnitt": ["https://registry.gdi-de.org/de.nw/radnetz/instances/Section_Wuppertal_6790_143_right_geometry"], "https://registry.gdi-de.org/up3/ontology/licht": ["https://registry.gdi-de.org/codelist/de.bund.balm.radnetz/Licht/1"], "https://registry.gdi-de.org/up3/ontology/quell-ID": ["6790"], "https://registry.gdi-de.org/up3/ontology/richtung": ["https://registry.gdi-de.org/codelist/de.bund.balm.radnetz/Richtung/2"], "https://registry.gdi-de.org/up3/ontology/steigung": ["0.3853157"], "https://registry.gdi-de.org/up3/ontology/strecken-ID": ["Section_Wuppertal_6790_143_right"]}, "geometry": {"type": "LineString", "coordinates": [[7.1462407896, 51.2565577428, 142.78], [7.146373373, 51.2563149467, 142.89]]}}, {"type": "Feature", "id": "https://registry.gdi-de.org/de.nw/radnetz/instances/Section_Wuppertal_1224290_412_right", "name": "", "dateprops": [], "properties": {"http://rdfs.org/ns/void#inDataset": ["https://registry.gdi-de.org/de.nw/radnetz/instances/exnw_dataset"], "http://www.opengis.net/ont/geosparql#hasGeometry": ["https://registry.gdi-de.org/de.nw/radnetz/instances/Section_Wuppertal_1224290_412_right_geometry"], "http://www.w3.org/1999/02/22-rdf-syntax-ns#type": ["https://registry.gdi-de.org/up3/ontology/Streckenabschnitt_optional"], "https://registry.gdi-de.org/up3/ontology/beginntBeiKnoten": ["https://registry.gdi-de.org/de.nw/radnetz/instances/Knoten_Wuppertal_82080101"], "https://registry.gdi-de.org/up3/ontology/endetBeiKnoten": ["https://registry.gdi-de.org/de.nw/radnetz/instances/Knoten_Wuppertal_9779"], "https://registry.gdi-de.org/up3/ontology/fuehrung": ["https://registry.gdi-de.org/codelist/de.bund.balm.radnetz/Fuehrung/401"], "https://registry.gdi-de.org/up3/ontology/geometrieAbschnitt": ["https://registry.gdi-de.org/de.nw/radnetz/instances/Section_Wuppertal_1224290_412_right_geometry"], "https://registry.gdi-de.org/up3/ontology/licht": ["https://registry.gdi-de.org/codelist/de.bund.balm.radnetz/Licht/0"], "https://registry.gdi-de.org/up3/ontology/quell-ID": ["1224290"], "https://registry.gdi-de.org/up3/ontology/richtung": ["https://registry.gdi-de.org/codelist/de.bund.balm.radnetz/Richtung/2"], "https://registry.gdi-de.org/up3/ontology/steigung": ["1.722743"], "https://registry.gdi-de.org/up3/ontology/strecken-ID": ["Section_Wuppertal_1224290_412_right"]}, "geometry": {"type": "LineString", "coordinates": [[7.2754875664, 51.2597933536, 185.55], [7.2760302158, 51.2596460825, 0.0], [7.2767032125, 51.2591984572, 187.44]]}}, {"type": "Feature", "id": "https://registry.gdi-de.org/de.nw/radnetz/instances/Section_Wuppertal_12170_260_right", "name": "", "dateprops": [], "properties": {"http://rdfs.org/ns/void#inDataset": ["https://registry.gdi-de.org/de.nw/radnetz/instances/exnw_dataset"], "http://www.opengis.net/ont/geosparql#hasGeometry": ["https://registry.gdi-de.org/de.nw/radnetz/instances/Section_Wuppertal_12170_260_right_geometry"], "http://www.w3.org/1999/02/22-rdf-syntax-ns#type": ["https://registry.gdi-de.org/up3/ontology/Streckenabschnitt_optional"], "https://registry.gdi-de.org/up3/ontology/beginntBeiKnoten": ["https://registry.gdi-de.org/de.nw/radnetz/instances/Knoten_Wuppertal_2346"], "https://registry.gdi-de.org/up3/ontology/endetBeiKnoten": ["https://registry.gdi-de.org/de.nw/radnetz/instances/Knoten_Wuppertal_2338"], "https://registry.gdi-de.org/up3/ontology/geometrieAbschnitt": ["https://registry.gdi-de.org/de.nw/radnetz/instances/Section_Wuppertal_12170_260_right_geometry"], "https://registry.gdi-de.org/up3/ontology/licht": ["https://registry.gdi-de.org/codelist/de.bund.balm.radnetz/Licht/1"], "https://registry.gdi-de.org/up3/ontology/quell-ID": ["12170"], "https://registry.gdi-de.org/up3/ontology/richtung": ["https://registry.gdi-de.org/codelist/de.bund.balm.radnetz/Richtung/2"], "https://registry.gdi-de.org/up3/ontology/steigung": ["5.540929"], "https://registry.gdi-de.org/up3/ontology/strecken-ID": ["Section_Wuppertal_12170_260_right"]}, "geometry": {"type": "LineString", "coordinates": [[7.0607592898, 51.2327146272, 201.56], [7.0605228898, 51.2330314818, 0.0], [7.060373293, 51.2334116404, 206.13]]}}, {"type": "Feature", "id": "https://registry.gdi-de.org/de.nw/radnetz/instances/Section_Wuppertal_1229785_1050_right", "name": "", "dateprops": [], "properties": {"http://rdfs.org/ns/void#inDataset": ["https://registry.gdi-de.org/de.nw/radnetz/instances/exnw_dataset"], "http://www.opengis.net/ont/geosparql#hasGeometry": ["https://registry.gdi-de.org/de.nw/radnetz/instances/Section_Wuppertal_1229785_1050_right_geometry"], "http://www.w3.org/1999/02/22-rdf-syntax-ns#type": ["https://registry.gdi-de.org/up3/ontology/Streckenabschnitt_optional"], "https://registry.gdi-de.org/up3/ontology/beginntBeiKnoten": ["https://registry.gdi-de.org/de.nw/radnetz/instances/Knoten_Wuppertal_112780102"], "https://registry.gdi-de.org/up3/ontology/endetBeiKnoten": ["https://registry.gdi-de.org/de.nw/radnetz/instances/Knoten_Wuppertal_1189691234"], "https://registry.gdi-de.org/up3/ontology/geometrieAbschnitt": ["https://registry.gdi-de.org/de.nw/radnetz/instances/Section_Wuppertal_1229785_1050_right_geometry"], "https://registry.gdi-de.org/up3/ontology/licht": ["https://registry.gdi-de.org/codelist/de.bund.balm.radnetz/Licht/1"], "https://registry.gdi-de.org/up3/ontology/quell-ID": ["1229785"], "https://registry.gdi-de.org/up3/ontology/richtung": ["https://registry.gdi-de.org/codelist/de.bund.balm.radnetz/Richtung/2"], "https://registry.gdi-de.org/up3/ontology/steigung": ["8.300814"], "https://registry.gdi-de.org/up3/ontology/strecken-ID": ["Section_Wuppertal_1229785_1050_right"]}, "geometry": {"type": "LineString", "coordinates": [[7.1309148567, 51.2738014639, 0.0], [7.1308128152, 51.2739867526, 0.0]]}}, {"type": "Feature", "id": "https://registry.gdi-de.org/de.nw/radnetz/instances/Section_Wuppertal_1224085_403_right", "name": "", "dateprops": [], "properties": {"http://rdfs.org/ns/void#inDataset": ["https://registry.gdi-de.org/de.nw/radnetz/instances/exnw_dataset"], "http://www.opengis.net/ont/geosparql#hasGeometry": ["https://registry.gdi-de.org/de.nw/radnetz/instances/Section_Wuppertal_1224085_403_right_geometry"], "http://www.w3.org/1999/02/22-rdf-syntax-ns#type": ["https://registry.gdi-de.org/up3/ontology/Streckenabschnitt_optional"], "https://registry.gdi-de.org/up3/ontology/beginntBeiKnoten": ["https://registry.gdi-de.org/de.nw/radnetz/instances/Knoten_Wuppertal_8822"], "https://registry.gdi-de.org/up3/ontology/endetBeiKnoten": ["https://registry.gdi-de.org/de.nw/radnetz/instances/Knoten_Wuppertal_116430102"], "https://registry.gdi-de.org/up3/ontology/fuehrung": ["https://registry.gdi-de.org/codelist/de.bund.balm.radnetz/Fuehrung/401"], "https://registry.gdi-de.org/up3/ontology/geometrieAbschnitt": ["https://registry.gdi-de.org/de.nw/radnetz/instances/Section_Wuppertal_1224085_403_right_geometry"], "https://registry.gdi-de.org/up3/ontology/licht": ["https://registry.gdi-de.org/codelist/de.bund.balm.radnetz/Licht/1"], "https://registry.gdi-de.org/up3/ontology/quell-ID": ["1224085"], "https://registry.gdi-de.org/up3/ontology/richtung": ["https://registry.gdi-de.org/codelist/de.bund.balm.radnetz/Richtung/2"], "https://registry.gdi-de.org/up3/ontology/steigung": ["0.5424662"], "https://registry.gdi-de.org/up3/ontology/strecken-ID": ["Section_Wuppertal_1224085_403_right"]}, "geometry": {"type": "LineString", "coordinates": [[7.2327460196, 51.2584352993, 169.82], [7.2326998274, 51.2580071822, 0.0], [7.2327700126, 51.2576768328, 170.28]]}}, {"type": "Feature", "id": "https://registry.gdi-de.org/de.nw/radnetz/instances/Section_Wuppertal_11020_229_right", "name": "", "dateprops": [], "properties": {"http://rdfs.org/ns/void#inDataset": ["https://registry.gdi-de.org/de.nw/radnetz/instances/exnw_dataset"], "http://www.opengis.net/ont/geosparql#hasGeometry": ["https://registry.gdi-de.org/de.nw/radnetz/instances/Section_Wuppertal_11020_229_right_geometry"], "http://www.w3.org/1999/02/22-rdf-syntax-ns#type": ["https://registry.gdi-de.org/up3/ontology/Streckenabschnitt_optional"], "https://registry.gdi-de.org/up3/ontology/beginntBeiKnoten": ["https://registry.gdi-de.org/de.nw/radnetz/instances/Knoten_Wuppertal_8769"], "https://registry.gdi-de.org/up3/ontology/endetBeiKnoten": ["https://registry.gdi-de.org/de.nw/radnetz/instances/Knoten_Wuppertal_8803"], "https://registry.gdi-de.org/up3/ontology/geometrieAbschnitt": ["https://registry.gdi-de.org/de.nw/radnetz/instances/Section_Wuppertal_11020_229_right_geometry"], "https://registry.gdi-de.org/up3/ontology/licht": ["https://registry.gdi-de.org/codelist/de.bund.balm.radnetz/Licht/1"], "https://registry.gdi-de.org/up3/ontology/quell-ID": ["11020"], "https://registry.gdi-de.org/up3/ontology/richtung": ["https://registry.gdi-de.org/codelist/de.bund.balm.radnetz/Richtung/2"], "https://registry.gdi-de.org/up3/ontology/steigung": ["0.1530462"], "https://registry.gdi-de.org/up3/ontology/strecken-ID": ["Section_Wuppertal_11020_229_right"]}, "geometry": {"type": "LineString", "coordinates": [[7.2306312334, 51.2698434564, 163.42], [7.2308725026, 51.2697877927, 0.0], [7.2309547267, 51.2697224683, 0.0], [7.2317610964, 51.2687382545, 163.65]]}}, {"type": "Feature", "id": "https://registry.gdi-de.org/de.nw/radnetz/instances/Section_Wuppertal_4116_99_right", "name": "", "dateprops": [], "properties": {"http://rdfs.org/ns/void#inDataset": ["https://registry.gdi-de.org/de.nw/radnetz/instances/exnw_dataset"], "http://www.opengis.net/ont/geosparql#hasGeometry": ["https://registry.gdi-de.org/de.nw/radnetz/instances/Section_Wuppertal_4116_99_right_geometry"], "http://www.w3.org/1999/02/22-rdf-syntax-ns#type": ["https://registry.gdi-de.org/up3/ontology/Streckenabschnitt_optional"], "https://registry.gdi-de.org/up3/ontology/beginntBeiKnoten": ["https://registry.gdi-de.org/de.nw/radnetz/instances/Knoten_Wuppertal_3740"], "https://registry.gdi-de.org/up3/ontology/endetBeiKnoten": ["https://registry.gdi-de.org/de.nw/radnetz/instances/Knoten_Wuppertal_3793"], "https://registry.gdi-de.org/up3/ontology/fuehrung": ["https://registry.gdi-de.org/codelist/de.bund.balm.radnetz/Fuehrung/401"], "https://registry.gdi-de.org/up3/ontology/geometrieAbschnitt": ["https://registry.gdi-de.org/de.nw/radnetz/instances/Section_Wuppertal_4116_99_right_geometry"], "https://registry.gdi-de.org/up3/ontology/licht": ["https://registry.gdi-de.org/codelist/de.bund.balm.radnetz/Licht/1"], "https://registry.gdi-de.org/up3/ontology/quell-ID": ["4116"], "https://registry.gdi-de.org/up3/ontology/richtung": ["https://registry.gdi-de.org/codelist/de.bund.balm.radnetz/Richtung/2"], "https://registry.gdi-de.org/up3/ontology/steigung": ["5.199655"], "https://registry.gdi-de.org/up3/ontology/strecken-ID": ["Section_Wuppertal_4116_99_right"]}, "geometry": {"type": "LineString", "coordinates": [[7.1170456461, 51.2827801855, 272.58], [7.1177456175, 51.2825062888, 0.0], [7.1180871155, 51.2823507544, 0.0], [7.1187247565, 51.2819543618, 280.36]]}}, {"type": "Feature", "id": "https://registry.gdi-de.org/de.nw/radnetz/instances/Section_Wuppertal_10512_219_right", "name": "", "dateprops": [], "properties": {"http://rdfs.org/ns/void#inDataset": ["https://registry.gdi-de.org/de.nw/radnetz/instances/exnw_dataset"], "http://www.opengis.net/ont/geosparql#hasGeometry": ["https://registry.gdi-de.org/de.nw/radnetz/instances/Section_Wuppertal_10512_219_right_geometry"], "http://www.w3.org/1999/02/22-rdf-syntax-ns#type": ["https://registry.gdi-de.org/up3/ontology/Streckenabschnitt_optional"], "https://registry.gdi-de.org/up3/ontology/beginntBeiKnoten": ["https://registry.gdi-de.org/de.nw/radnetz/instances/Knoten_Wuppertal_4820"], "https://registry.gdi-de.org/up3/ontology/endetBeiKnoten": ["https://registry.gdi-de.org/de.nw/radnetz/instances/Knoten_Wuppertal_4935"], "https://registry.gdi-de.org/up3/ontology/geometrieAbschnitt": ["https://registry.gdi-de.org/de.nw/radnetz/instances/Section_Wuppertal_10512_219_right_geometry"], "https://registry.gdi-de.org/up3/ontology/licht": ["https://registry.gdi-de.org/codelist/de.bund.balm.radnetz/Licht/1"], "https://registry.gdi-de.org/up3/ontology/quell-ID": ["10512"], "https://registry.gdi-de.org/up3/ontology/richtung": ["https://registry.gdi-de.org/codelist/de.bund.balm.radnetz/Richtung/2"], "https://registry.gdi-de.org/up3/ontology/steigung": ["0.7960092"], "https://registry.gdi-de.org/up3/ontology/strecken-ID": ["Section_Wuppertal_10512_219_right"]}, "geometry": {"type": "LineString", "coordinates": [[7.1411511517, 51.2546365675, 143.75], [7.142055222, 51.2546547597, 0.0], [7.1430018349, 51.2546994662, 144.78]]}}, {"type": "Feature", "id": "https://registry.gdi-de.org/de.nw/radnetz/instances/Section_Wuppertal_7594_155_right", "name": "", "dateprops": [], "properties": {"http://rdfs.org/ns/void#inDataset": ["https://registry.gdi-de.org/de.nw/radnetz/instances/exnw_dataset"], "http://www.opengis.net/ont/geosparql#hasGeometry": ["https://registry.gdi-de.org/de.nw/radnetz/instances/Section_Wuppertal_7594_155_right_geometry"], "http://www.w3.org/1999/02/22-rdf-syntax-ns#type": ["https://registry.gdi-de.org/up3/ontology/Streckenabschnitt_optional"], "https://registry.gdi-de.org/up3/ontology/beginntBeiKnoten": ["https://registry.gdi-de.org/de.nw/radnetz/instances/Knoten_Wuppertal_4690"], "https://registry.gdi-de.org/up3/ontology/endetBeiKnoten": ["https://registry.gdi-de.org/de.nw/radnetz/instances/Knoten_Wuppertal_4662"], "https://registry.gdi-de.org/up3/ontology/fuehrung": ["https://registry.gdi-de.org/codelist/de.bund.balm.radnetz/Fuehrung/405"], "https://registry.gdi-de.org/up3/ontology/geometrieAbschnitt": ["https://registry.gdi-de.org/de.nw/radnetz/instances/Section_Wuppertal_7594_155_right_geometry"], "https://registry.gdi-de.org/up3/ontology/licht": ["https://registry.gdi-de.org/codelist/de.bund.balm.radnetz/Licht/1"], "https://registry.gdi-de.org/up3/ontology/quell-ID": ["7594"], "https://registry.gdi-de.org/up3/ontology/richtung": ["https://registry.gdi-de.org/codelist/de.bund.balm.radnetz/Richtung/2"], "https://registry.gdi-de.org/up3/ontology/steigung": ["0.08396329"], "https://registry.gdi-de.org/up3/ontology/strecken-ID": ["Section_Wuppertal_7594_155_right"]}, "geometry": {"type": "LineString", "coordinates": [[7.1402142949, 51.2109413738, 298.14], [7.1400229783, 51.2107275031, 0.0], [7.1395492266, 51.2104645175, 298.2]]}}, {"type": "Feature", "id": "https://registry.gdi-de.org/de.nw/radnetz/instances/Section_Wuppertal_1225821_510_right", "name": "", "dateprops": [], "properties": {"http://rdfs.org/ns/void#inDataset": ["https://registry.gdi-de.org/de.nw/radnetz/instances/exnw_dataset"], "http://www.opengis.net/ont/geosparql#hasGeometry": ["https://registry.gdi-de.org/de.nw/radnetz/instances/Section_Wuppertal_1225821_510_right_geometry"], "http://www.w3.org/1999/02/22-rdf-syntax-ns#type": ["https://registry.gdi-de.org/up3/ontology/Streckenabschnitt_optional"], "https://registry.gdi-de.org/up3/ontology/beginntBeiKnoten": ["https://registry.gdi-de.org/de.nw/radnetz/instances/Knoten_Wuppertal_113970101"], "https://registry.gdi-de.org/up3/ontology/endetBeiKnoten": ["https://registry.gdi-de.org/de.nw/radnetz/instances/Knoten_Wuppertal_2346"], "https://registry.gdi-de.org/up3/ontology/geometrieAbschnitt": ["https://registry.gdi-de.org/de.nw/radnetz/instances/Section_Wuppertal_1225821_510_right_geometry"], "https://registry.gdi-de.org/up3/ontology/licht": ["https://registry.gdi-de.org/codelist/de.bund.balm.radnetz/Licht/1"], "https://registry.gdi-de.org/up3/ontology/quell-ID": ["1225821"], "https://registry.gdi-de.org/up3/ontology/richtung": ["https://registry.gdi-de.org/codelist/de.bund.balm.radnetz/Richtung/2"], "https://registry.gdi-de.org/up3/ontology/steigung": ["5.621165"], "https://registry.gdi-de.org/up3/ontology/strecken-ID": ["Section_Wuppertal_1225821_510_right"]}, "geometry": {"type": "LineString", "coordinates": [[7.0610963516, 51.2323829466, 199.1], [7.0607592898, 51.2327146272, 201.56]]}}, {"type": "Feature", "id": "https://registry.gdi-de.org/de.nw/radnetz/instances/Section_Wuppertal_1226266_550_right", "name": "", "dateprops": [], "properties": {"http://rdfs.org/ns/void#inDataset": ["https://registry.gdi-de.org/de.nw/radnetz/instances/exnw_dataset"], "http://www.opengis.net/ont/geosparql#hasGeometry": ["https://registry.gdi-de.org/de.nw/radnetz/instances/Section_Wuppertal_1226266_550_right_geometry"], "http://www.w3.org/1999/02/22-rdf-syntax-ns#type": ["https://registry.gdi-de.org/up3/ontology/Streckenabschnitt_optional"], "https://registry.gdi-de.org/up3/ontology/beginntBeiKnoten": ["https://registry.gdi-de.org/de.nw/radnetz/instances/Knoten_Wuppertal_113850102"], "https://registry.gdi-de.org/up3/ontology/endetBeiKnoten": ["https://registry.gdi-de.org/de.nw/radnetz/instances/Knoten_Wuppertal_113850101"], "https://registry.gdi-de.org/up3/ontology/fuehrung": ["https://registry.gdi-de.org/codelist/de.bund.balm.radnetz/Fuehrung/405"], "https://registry.gdi-de.org/up3/ontology/geometrieAbschnitt": ["https://registry.gdi-de.org/de.nw/radnetz/instances/Section_Wuppertal_1226266_550_right_geometry"], "https://registry.gdi-de.org/up3/ontology/licht": ["https://registry.gdi-de.org/codelist/de.bund.balm.radnetz/Licht/1"], "https://registry.gdi-de.org/up3/ontology/quell-ID": ["1226266"], "https://registry.gdi-de.org/up3/ontology/richtung": ["https://registry.gdi-de.org/codelist/de.bund.balm.radnetz/Richtung/2"], "https://registry.gdi-de.org/up3/ontology/steigung": ["1.57686"], "https://registry.gdi-de.org/up3/ontology/strecken-ID": ["Section_Wuppertal_1226266_550_right"]}, "geometry": {"type": "LineString", "coordinates": [[7.1035968156, 51.248318492, 144.29], [7.1035241386, 51.248376912, 144.42]]}}, {"type": "Feature", "id": "https://registry.gdi-de.org/de.nw/radnetz/instances/Section_Wuppertal_8401_1032_right", "name": "", "dateprops": [], "properties": {"http://rdfs.org/ns/void#inDataset": ["https://registry.gdi-de.org/de.nw/radnetz/instances/exnw_dataset"], "http://www.opengis.net/ont/geosparql#hasGeometry": ["https://registry.gdi-de.org/de.nw/radnetz/instances/Section_Wuppertal_8401_1032_right_geometry"], "http://www.w3.org/1999/02/22-rdf-syntax-ns#type": ["https://registry.gdi-de.org/up3/ontology/Streckenabschnitt_optional"], "https://registry.gdi-de.org/up3/ontology/beginntBeiKnoten": ["https://registry.gdi-de.org/de.nw/radnetz/instances/Knoten_Wuppertal_4312"], "https://registry.gdi-de.org/up3/ontology/endetBeiKnoten": ["https://registry.gdi-de.org/de.nw/radnetz/instances/Knoten_Wuppertal_4311"], "https://registry.gdi-de.org/up3/ontology/geometrieAbschnitt": ["https://registry.gdi-de.org/de.nw/radnetz/instances/Section_Wuppertal_8401_1032_right_geometry"], "https://registry.gdi-de.org/up3/ontology/licht": ["https://registry.gdi-de.org/codelist/de.bund.balm.radnetz/Licht/1"], "https://registry.gdi-de.org/up3/ontology/quell-ID": ["8401"], "https://registry.gdi-de.org/up3/ontology/richtung": ["https://registry.gdi-de.org/codelist/de.bund.balm.radnetz/Richtung/2"], "https://registry.gdi-de.org/up3/ontology/steigung": ["1.425759"], "https://registry.gdi-de.org/up3/ontology/strecken-ID": ["Section_Wuppertal_8401_1032_right"]}, "geometry": {"type": "LineString", "coordinates": [[7.1294805392, 51.2764700039, 0.0], [7.1294690645, 51.2764941775, 0.0]]}}, {"type": "Feature", "id": "https://registry.gdi-de.org/de.nw/radnetz/instances/Section_Wuppertal_1226793_893_right", "name": "", "dateprops": [], "properties": {"http://rdfs.org/ns/void#inDataset": ["https://registry.gdi-de.org/de.nw/radnetz/instances/exnw_dataset"], "http://www.opengis.net/ont/geosparql#hasGeometry": ["https://registry.gdi-de.org/de.nw/radnetz/instances/Section_Wuppertal_1226793_893_right_geometry"], "http://www.w3.org/1999/02/22-rdf-syntax-ns#type": ["https://registry.gdi-de.org/up3/ontology/Streckenabschnitt_optional"], "https://registry.gdi-de.org/up3/ontology/beginntBeiKnoten": ["https://registry.gdi-de.org/de.nw/radnetz/instances/Knoten_Wuppertal_112670102"], "https://registry.gdi-de.org/up3/ontology/endetBeiKnoten": ["https://registry.gdi-de.org/de.nw/radnetz/instances/Knoten_Wuppertal_3982"], "https://registry.gdi-de.org/up3/ontology/fuehrung": ["https://registry.gdi-de.org/codelist/de.bund.balm.radnetz/Fuehrung/200"], "https://registry.gdi-de.org/up3/ontology/geometrieAbschnitt": ["https://registry.gdi-de.org/de.nw/radnetz/instances/Section_Wuppertal_1226793_893_right_geometry"], "https://registry.gdi-de.org/up3/ontology/licht": ["https://registry.gdi-de.org/codelist/de.bund.balm.radnetz/Licht/1"], "https://registry.gdi-de.org/up3/ontology/quell-ID": ["1226793"], "https://registry.gdi-de.org/up3/ontology/richtung": ["https://registry.gdi-de.org/codelist/de.bund.balm.radnetz/Richtung/2"], "https://registry.gdi-de.org/up3/ontology/steigung": ["5.998031"], "https://registry.gdi-de.org/up3/ontology/strecken-ID": ["Section_Wuppertal_1226793_893_right"]}, "geometry": {"type": "LineString", "coordinates": [[7.124382851, 51.2805602896, 269.24], [7.124067954, 51.2806628458, 0.0], [7.1235832849, 51.2807418391, 272.82]]}}, {"type": "Feature", "id": "https://registry.gdi-de.org/de.nw/radnetz/instances/Section_Wuppertal_55_2_right", "name": "", "dateprops": [], "properties": {"http://rdfs.org/ns/void#inDataset": ["https://registry.gdi-de.org/de.nw/radnetz/instances/exnw_dataset"], "http://www.opengis.net/ont/geosparql#hasGeometry": ["https://registry.gdi-de.org/de.nw/radnetz/instances/Section_Wuppertal_55_2_right_geometry"], "http://www.w3.org/1999/02/22-rdf-syntax-ns#type": ["https://registry.gdi-de.org/up3/ontology/Streckenabschnitt_optional"], "https://registry.gdi-de.org/up3/ontology/beginntBeiKnoten": ["https://registry.gdi-de.org/de.nw/radnetz/instances/Knoten_Wuppertal_2608"], "https://registry.gdi-de.org/up3/ontology/endetBeiKnoten": ["https://registry.gdi-de.org/de.nw/radnetz/instances/Knoten_Wuppertal_2604"], "https://registry.gdi-de.org/up3/ontology/fuehrung": ["https://registry.gdi-de.org/codelist/de.bund.balm.radnetz/Fuehrung/401"], "https://registry.gdi-de.org/up3/ontology/geometrieAbschnitt": ["https://registry.gdi-de.org/de.nw/radnetz/instances/Section_Wuppertal_55_2_right_geometry"], "https://registry.gdi-de.org/up3/ontology/licht": ["https://registry.gdi-de.org/codelist/de.bund.balm.radnetz/Licht/1"], "https://registry.gdi-de.org/up3/ontology/quell-ID": ["55"], "https://registry.gdi-de.org/up3/ontology/richtung": ["https://registry.gdi-de.org/codelist/de.bund.balm.radnetz/Richtung/2"], "https://registry.gdi-de.org/up3/ontology/steigung": ["0.7778568"], "https://registry.gdi-de.org/up3/ontology/strecken-ID": ["Section_Wuppertal_55_2_right"]}, "geometry": {"type": "LineString", "coordinates": [[7.0707174733, 51.2463581624, 198.71], [7.070604115, 51.2468266504, 199.12]]}}, {"type": "Feature", "id": "https://registry.gdi-de.org/de.nw/radnetz/instances/Section_Wuppertal_1226794_894_right", "name": "", "dateprops": [], "properties": {"http://rdfs.org/ns/void#inDataset": ["https://registry.gdi-de.org/de.nw/radnetz/instances/exnw_dataset"], "http://www.opengis.net/ont/geosparql#hasGeometry": ["https://registry.gdi-de.org/de.nw/radnetz/instances/Section_Wuppertal_1226794_894_right_geometry"], "http://www.w3.org/1999/02/22-rdf-syntax-ns#type": ["https://registry.gdi-de.org/up3/ontology/Streckenabschnitt_optional"], "https://registry.gdi-de.org/up3/ontology/beginntBeiKnoten": ["https://registry.gdi-de.org/de.nw/radnetz/instances/Knoten_Wuppertal_4041"], "https://registry.gdi-de.org/up3/ontology/endetBeiKnoten": ["https://registry.gdi-de.org/de.nw/radnetz/instances/Knoten_Wuppertal_112670102"], "https://registry.gdi-de.org/up3/ontology/fuehrung": ["https://registry.gdi-de.org/codelist/de.bund.balm.radnetz/Fuehrung/200"], "https://registry.gdi-de.org/up3/ontology/geometrieAbschnitt": ["https://registry.gdi-de.org/de.nw/radnetz/instances/Section_Wuppertal_1226794_894_right_geometry"], "https://registry.gdi-de.org/up3/ontology/licht": ["https://registry.gdi-de.org/codelist/de.bund.balm.radnetz/Licht/1"], "https://registry.gdi-de.org/up3/ontology/quell-ID": ["1226794"], "https://registry.gdi-de.org/up3/ontology/richtung": ["https://registry.gdi-de.org/codelist/de.bund.balm.radnetz/Richtung/2"], "https://registry.gdi-de.org/up3/ontology/steigung": ["5.63768"], "https://registry.gdi-de.org/up3/ontology/strecken-ID": ["Section_Wuppertal_1226794_894_right"]}, "geometry": {"type": "LineString", "coordinates": [[7.125019521, 51.2797188548, 263.0], [7.1249595051, 51.2801958431, 0.0], [7.1244661037, 51.2805331757, 0.0], [7.124382851, 51.2805602896, 269.24]]}}, {"type": "Feature", "id": "https://registry.gdi-de.org/de.nw/radnetz/instances/Section_Wuppertal_12625_271_right", "name": "", "dateprops": [], "properties": {"http://rdfs.org/ns/void#inDataset": ["https://registry.gdi-de.org/de.nw/radnetz/instances/exnw_dataset"], "http://www.opengis.net/ont/geosparql#hasGeometry": ["https://registry.gdi-de.org/de.nw/radnetz/instances/Section_Wuppertal_12625_271_right_geometry"], "http://www.w3.org/1999/02/22-rdf-syntax-ns#type": ["https://registry.gdi-de.org/up3/ontology/Streckenabschnitt_optional"], "https://registry.gdi-de.org/up3/ontology/beginntBeiKnoten": ["https://registry.gdi-de.org/de.nw/radnetz/instances/Knoten_Wuppertal_2693"], "https://registry.gdi-de.org/up3/ontology/endetBeiKnoten": ["https://registry.gdi-de.org/de.nw/radnetz/instances/Knoten_Wuppertal_2696"], "https://registry.gdi-de.org/up3/ontology/fuehrung": ["https://registry.gdi-de.org/codelist/de.bund.balm.radnetz/Fuehrung/401"], "https://registry.gdi-de.org/up3/ontology/geometrieAbschnitt": ["https://registry.gdi-de.org/de.nw/radnetz/instances/Section_Wuppertal_12625_271_right_geometry"], "https://registry.gdi-de.org/up3/ontology/licht": ["https://registry.gdi-de.org/codelist/de.bund.balm.radnetz/Licht/0"], "https://registry.gdi-de.org/up3/ontology/quell-ID": ["12625"], "https://registry.gdi-de.org/up3/ontology/richtung": ["https://registry.gdi-de.org/codelist/de.bund.balm.radnetz/Richtung/2"], "https://registry.gdi-de.org/up3/ontology/steigung": ["4.945657"], "https://registry.gdi-de.org/up3/ontology/strecken-ID": ["Section_Wuppertal_12625_271_right"]}, "geometry": {"type": "LineString", "coordinates": [[7.0725390644, 51.2709511315, 162.87], [7.0727480261, 51.2695813342, 170.44]]}}, {"type": "Feature", "id": "https://registry.gdi-de.org/de.nw/radnetz/instances/Section_Wuppertal_12793_1001_right", "name": "", "dateprops": [], "properties": {"http://rdfs.org/ns/void#inDataset": ["https://registry.gdi-de.org/de.nw/radnetz/instances/exnw_dataset"], "http://www.opengis.net/ont/geosparql#hasGeometry": ["https://registry.gdi-de.org/de.nw/radnetz/instances/Section_Wuppertal_12793_1001_right_geometry"], "http://www.w3.org/1999/02/22-rdf-syntax-ns#type": ["https://registry.gdi-de.org/up3/ontology/Streckenabschnitt_optional"], "https://registry.gdi-de.org/up3/ontology/beginntBeiKnoten": ["https://registry.gdi-de.org/de.nw/radnetz/instances/Knoten_Wuppertal_3398"], "https://registry.gdi-de.org/up3/ontology/endetBeiKnoten": ["https://registry.gdi-de.org/de.nw/radnetz/instances/Knoten_Wuppertal_3460"], "https://registry.gdi-de.org/up3/ontology/fuehrung": ["https://registry.gdi-de.org/codelist/de.bund.balm.radnetz/Fuehrung/405"], "https://registry.gdi-de.org/up3/ontology/geometrieAbschnitt": ["https://registry.gdi-de.org/de.nw/radnetz/instances/Section_Wuppertal_12793_1001_right_geometry"], "https://registry.gdi-de.org/up3/ontology/licht": ["https://registry.gdi-de.org/codelist/de.bund.balm.radnetz/Licht/1"], "https://registry.gdi-de.org/up3/ontology/quell-ID": ["12793"], "https://registry.gdi-de.org/up3/ontology/richtung": ["https://registry.gdi-de.org/codelist/de.bund.balm.radnetz/Richtung/2"], "https://registry.gdi-de.org/up3/ontology/steigung": ["6.455975"], "https://registry.gdi-de.org/up3/ontology/strecken-ID": ["Section_Wuppertal_12793_1001_right"]}, "geometry": {"type": "LineString", "coordinates": [[7.1101983093, 51.1934413179, 0.0], [7.1107389607, 51.1939126092, 0.0], [7.1116326299, 51.1941917552, 0.0], [7.1119904129, 51.1941973427, 0.0]]}}, {"type": "Feature", "id": "https://registry.gdi-de.org/de.nw/radnetz/instances/Section_Wuppertal_1225530_485_right", "name": "", "dateprops": [], "properties": {"http://rdfs.org/ns/void#inDataset": ["https://registry.gdi-de.org/de.nw/radnetz/instances/exnw_dataset"], "http://www.opengis.net/ont/geosparql#hasGeometry": ["https://registry.gdi-de.org/de.nw/radnetz/instances/Section_Wuppertal_1225530_485_right_geometry"], "http://www.w3.org/1999/02/22-rdf-syntax-ns#type": ["https://registry.gdi-de.org/up3/ontology/Streckenabschnitt_optional"], "https://registry.gdi-de.org/up3/ontology/beginntBeiKnoten": ["https://registry.gdi-de.org/de.nw/radnetz/instances/Knoten_Wuppertal_8859"], "https://registry.gdi-de.org/up3/ontology/endetBeiKnoten": ["https://registry.gdi-de.org/de.nw/radnetz/instances/Knoten_Wuppertal_115500101"], "https://registry.gdi-de.org/up3/ontology/fuehrung": ["https://registry.gdi-de.org/codelist/de.bund.balm.radnetz/Fuehrung/401"], "https://registry.gdi-de.org/up3/ontology/geometrieAbschnitt": ["https://registry.gdi-de.org/de.nw/radnetz/instances/Section_Wuppertal_1225530_485_right_geometry"], "https://registry.gdi-de.org/up3/ontology/licht": ["https://registry.gdi-de.org/codelist/de.bund.balm.radnetz/Licht/1"], "https://registry.gdi-de.org/up3/ontology/quell-ID": ["1225530"], "https://registry.gdi-de.org/up3/ontology/richtung": ["https://registry.gdi-de.org/codelist/de.bund.balm.radnetz/Richtung/2"], "https://registry.gdi-de.org/up3/ontology/steigung": ["1.721745"], "https://registry.gdi-de.org/up3/ontology/strecken-ID": ["Section_Wuppertal_1225530_485_right"]}, "geometry": {"type": "LineString", "coordinates": [[7.2336602882, 51.2640673958, 172.71], [7.23239367, 51.2613246587, 0.0], [7.2318314009, 51.2606563969, 0.0], [7.231433636, 51.2602470642, 0.0], [7.2312482176, 51.2601227277, 180.87]]}}, {"type": "Feature", "id": "https://registry.gdi-de.org/de.nw/radnetz/instances/Section_Wuppertal_1226593_597_right", "name": "", "dateprops": [], "properties": {"http://rdfs.org/ns/void#inDataset": ["https://registry.gdi-de.org/de.nw/radnetz/instances/exnw_dataset"], "http://www.opengis.net/ont/geosparql#hasGeometry": ["https://registry.gdi-de.org/de.nw/radnetz/instances/Section_Wuppertal_1226593_597_right_geometry"], "http://www.w3.org/1999/02/22-rdf-syntax-ns#type": ["https://registry.gdi-de.org/up3/ontology/Streckenabschnitt_optional"], "https://registry.gdi-de.org/up3/ontology/beginntBeiKnoten": ["https://registry.gdi-de.org/de.nw/radnetz/instances/Knoten_Wuppertal_9222"], "https://registry.gdi-de.org/up3/ontology/endetBeiKnoten": ["https://registry.gdi-de.org/de.nw/radnetz/instances/Knoten_Wuppertal_116890102"], "https://registry.gdi-de.org/up3/ontology/geometrieAbschnitt": ["https://registry.gdi-de.org/de.nw/radnetz/instances/Section_Wuppertal_1226593_597_right_geometry"], "https://registry.gdi-de.org/up3/ontology/licht": ["https://registry.gdi-de.org/codelist/de.bund.balm.radnetz/Licht/1"], "https://registry.gdi-de.org/up3/ontology/quell-ID": ["1226593"], "https://registry.gdi-de.org/up3/ontology/richtung": ["https://registry.gdi-de.org/codelist/de.bund.balm.radnetz/Richtung/2"], "https://registry.gdi-de.org/up3/ontology/steigung": ["1.190755"], "https://registry.gdi-de.org/up3/ontology/strecken-ID": ["Section_Wuppertal_1226593_597_right"]}, "geometry": {"type": "LineString", "coordinates": [[7.2456885263, 51.2750719753, 200.36], [7.2471012804, 51.2753741371, 201.6]]}}, {"type": "Feature", "id": "https://registry.gdi-de.org/de.nw/radnetz/instances/Section_Wuppertal_3002_67_right", "name": "", "dateprops": [], "properties": {"http://rdfs.org/ns/void#inDataset": ["https://registry.gdi-de.org/de.nw/radnetz/instances/exnw_dataset"], "http://www.opengis.net/ont/geosparql#hasGeometry": ["https://registry.gdi-de.org/de.nw/radnetz/instances/Section_Wuppertal_3002_67_right_geometry"], "http://www.w3.org/1999/02/22-rdf-syntax-ns#type": ["https://registry.gdi-de.org/up3/ontology/Streckenabschnitt_optional"], "https://registry.gdi-de.org/up3/ontology/beginntBeiKnoten": ["https://registry.gdi-de.org/de.nw/radnetz/instances/Knoten_Wuppertal_3161"], "https://registry.gdi-de.org/up3/ontology/endetBeiKnoten": ["https://registry.gdi-de.org/de.nw/radnetz/instances/Knoten_Wuppertal_3157"], "https://registry.gdi-de.org/up3/ontology/fuehrung": ["https://registry.gdi-de.org/codelist/de.bund.balm.radnetz/Fuehrung/405"], "https://registry.gdi-de.org/up3/ontology/geometrieAbschnitt": ["https://registry.gdi-de.org/de.nw/radnetz/instances/Section_Wuppertal_3002_67_right_geometry"], "https://registry.gdi-de.org/up3/ontology/licht": ["https://registry.gdi-de.org/codelist/de.bund.balm.radnetz/Licht/1"], "https://registry.gdi-de.org/up3/ontology/quell-ID": ["3002"], "https://registry.gdi-de.org/up3/ontology/richtung": ["https://registry.gdi-de.org/codelist/de.bund.balm.radnetz/Richtung/2"], "https://registry.gdi-de.org/up3/ontology/steigung": ["1.179316"], "https://registry.gdi-de.org/up3/ontology/strecken-ID": ["Section_Wuppertal_3002_67_right"]}, "geometry": {"type": "LineString", "coordinates": [[7.0977772699, 51.2372083965, 136.03], [7.0975331396, 51.2367211751, 136.7]]}}, {"type": "Feature", "id": "https://registry.gdi-de.org/de.nw/radnetz/instances/Section_Wuppertal_1224289_411_right", "name": "", "dateprops": [], "properties": {"http://rdfs.org/ns/void#inDataset": ["https://registry.gdi-de.org/de.nw/radnetz/instances/exnw_dataset"], "http://www.opengis.net/ont/geosparql#hasGeometry": ["https://registry.gdi-de.org/de.nw/radnetz/instances/Section_Wuppertal_1224289_411_right_geometry"], "http://www.w3.org/1999/02/22-rdf-syntax-ns#type": ["https://registry.gdi-de.org/up3/ontology/Streckenabschnitt_optional"], "https://registry.gdi-de.org/up3/ontology/beginntBeiKnoten": ["https://registry.gdi-de.org/de.nw/radnetz/instances/Knoten_Wuppertal_9750"], "https://registry.gdi-de.org/up3/ontology/endetBeiKnoten": ["https://registry.gdi-de.org/de.nw/radnetz/instances/Knoten_Wuppertal_82080101"], "https://registry.gdi-de.org/up3/ontology/fuehrung": ["https://registry.gdi-de.org/codelist/de.bund.balm.radnetz/Fuehrung/401"], "https://registry.gdi-de.org/up3/ontology/geometrieAbschnitt": ["https://registry.gdi-de.org/de.nw/radnetz/instances/Section_Wuppertal_1224289_411_right_geometry"], "https://registry.gdi-de.org/up3/ontology/licht": ["https://registry.gdi-de.org/codelist/de.bund.balm.radnetz/Licht/0"], "https://registry.gdi-de.org/up3/ontology/quell-ID": ["1224289"], "https://registry.gdi-de.org/up3/ontology/richtung": ["https://registry.gdi-de.org/codelist/de.bund.balm.radnetz/Richtung/2"], "https://registry.gdi-de.org/up3/ontology/steigung": ["1.39675"], "https://registry.gdi-de.org/up3/ontology/strecken-ID": ["Section_Wuppertal_1224289_411_right"]}, "geometry": {"type": "LineString", "coordinates": [[7.2748567148, 51.2599645573, 184.88], [7.2754875664, 51.2597933536, 185.55]]}}, {"type": "Feature", "id": "https://registry.gdi-de.org/de.nw/radnetz/instances/Section_Wuppertal_1226652_614_right", "name": "", "dateprops": [], "properties": {"http://rdfs.org/ns/void#inDataset": ["https://registry.gdi-de.org/de.nw/radnetz/instances/exnw_dataset"], "http://www.opengis.net/ont/geosparql#hasGeometry": ["https://registry.gdi-de.org/de.nw/radnetz/instances/Section_Wuppertal_1226652_614_right_geometry"], "http://www.w3.org/1999/02/22-rdf-syntax-ns#type": ["https://registry.gdi-de.org/up3/ontology/Streckenabschnitt_optional"], "https://registry.gdi-de.org/up3/ontology/beginntBeiKnoten": ["https://registry.gdi-de.org/de.nw/radnetz/instances/Knoten_Wuppertal_117250101"], "https://registry.gdi-de.org/up3/ontology/endetBeiKnoten": ["https://registry.gdi-de.org/de.nw/radnetz/instances/Knoten_Wuppertal_2727"], "https://registry.gdi-de.org/up3/ontology/fuehrung": ["https://registry.gdi-de.org/codelist/de.bund.balm.radnetz/Fuehrung/401"], "https://registry.gdi-de.org/up3/ontology/geometrieAbschnitt": ["https://registry.gdi-de.org/de.nw/radnetz/instances/Section_Wuppertal_1226652_614_right_geometry"], "https://registry.gdi-de.org/up3/ontology/licht": ["https://registry.gdi-de.org/codelist/de.bund.balm.radnetz/Licht/0"], "https://registry.gdi-de.org/up3/ontology/quell-ID": ["1226652"], "https://registry.gdi-de.org/up3/ontology/richtung": ["https://registry.gdi-de.org/codelist/de.bund.balm.radnetz/Richtung/2"], "https://registry.gdi-de.org/up3/ontology/steigung": ["0.3202163"], "https://registry.gdi-de.org/up3/ontology/strecken-ID": ["Section_Wuppertal_1226652_614_right"]}, "geometry": {"type": "LineString", "coordinates": [[7.0711398525, 51.2738478023, 158.93], [7.0738443255, 51.2765862591, 0.0], [7.0734837163, 51.2797580245, 167.48]]}}, {"type": "Feature", "id": "https://registry.gdi-de.org/de.nw/radnetz/instances/Section_Wuppertal_1225173_451_right", "name": "", "dateprops": [], "properties": {"http://rdfs.org/ns/void#inDataset": ["https://registry.gdi-de.org/de.nw/radnetz/instances/exnw_dataset"], "http://www.opengis.net/ont/geosparql#hasGeometry": ["https://registry.gdi-de.org/de.nw/radnetz/instances/Section_Wuppertal_1225173_451_right_geometry"], "http://www.w3.org/1999/02/22-rdf-syntax-ns#type": ["https://registry.gdi-de.org/up3/ontology/Streckenabschnitt_optional"], "https://registry.gdi-de.org/up3/ontology/beginntBeiKnoten": ["https://registry.gdi-de.org/de.nw/radnetz/instances/Knoten_Wuppertal_9310"], "https://registry.gdi-de.org/up3/ontology/endetBeiKnoten": ["https://registry.gdi-de.org/de.nw/radnetz/instances/Knoten_Wuppertal_116450101"], "https://registry.gdi-de.org/up3/ontology/fuehrung": ["https://registry.gdi-de.org/codelist/de.bund.balm.radnetz/Fuehrung/401"], "https://registry.gdi-de.org/up3/ontology/geometrieAbschnitt": ["https://registry.gdi-de.org/de.nw/radnetz/instances/Section_Wuppertal_1225173_451_right_geometry"], "https://registry.gdi-de.org/up3/ontology/licht": ["https://registry.gdi-de.org/codelist/de.bund.balm.radnetz/Licht/1"], "https://registry.gdi-de.org/up3/ontology/quell-ID": ["1225173"], "https://registry.gdi-de.org/up3/ontology/richtung": ["https://registry.gdi-de.org/codelist/de.bund.balm.radnetz/Richtung/2"], "https://registry.gdi-de.org/up3/ontology/steigung": ["0.8542753"], "https://registry.gdi-de.org/up3/ontology/strecken-ID": ["Section_Wuppertal_1225173_451_right"]}, "geometry": {"type": "LineString", "coordinates": [[7.2506623866, 51.2555026032, 176.21], [7.2508370622, 51.2555398506, 176.32]]}}, {"type": "Feature", "id": "https://registry.gdi-de.org/de.nw/radnetz/instances/Section_Wuppertal_2373_50_right", "name": "", "dateprops": [], "properties": {"http://rdfs.org/ns/void#inDataset": ["https://registry.gdi-de.org/de.nw/radnetz/instances/exnw_dataset"], "http://www.opengis.net/ont/geosparql#hasGeometry": ["https://registry.gdi-de.org/de.nw/radnetz/instances/Section_Wuppertal_2373_50_right_geometry"], "http://www.w3.org/1999/02/22-rdf-syntax-ns#type": ["https://registry.gdi-de.org/up3/ontology/Streckenabschnitt_optional"], "https://registry.gdi-de.org/up3/ontology/beginntBeiKnoten": ["https://registry.gdi-de.org/de.nw/radnetz/instances/Knoten_Wuppertal_5166"], "https://registry.gdi-de.org/up3/ontology/endetBeiKnoten": ["https://registry.gdi-de.org/de.nw/radnetz/instances/Knoten_Wuppertal_5170"], "https://registry.gdi-de.org/up3/ontology/fuehrung": ["https://registry.gdi-de.org/codelist/de.bund.balm.radnetz/Fuehrung/200"], "https://registry.gdi-de.org/up3/ontology/geometrieAbschnitt": ["https://registry.gdi-de.org/de.nw/radnetz/instances/Section_Wuppertal_2373_50_right_geometry"], "https://registry.gdi-de.org/up3/ontology/licht": ["https://registry.gdi-de.org/codelist/de.bund.balm.radnetz/Licht/1"], "https://registry.gdi-de.org/up3/ontology/quell-ID": ["2373"], "https://registry.gdi-de.org/up3/ontology/richtung": ["https://registry.gdi-de.org/codelist/de.bund.balm.radnetz/Richtung/2"], "https://registry.gdi-de.org/up3/ontology/steigung": ["4.072183"], "https://registry.gdi-de.org/up3/ontology/strecken-ID": ["Section_Wuppertal_2373_50_right"]}, "geometry": {"type": "LineString", "coordinates": [[7.1464829855, 51.2561041781, 143.14], [7.1465219628, 51.2557208134, 144.88]]}}, {"type": "Feature", "id": "https://registry.gdi-de.org/de.nw/radnetz/instances/Section_Wuppertal_4265_965_right", "name": "", "dateprops": [], "properties": {"http://rdfs.org/ns/void#inDataset": ["https://registry.gdi-de.org/de.nw/radnetz/instances/exnw_dataset"], "http://www.opengis.net/ont/geosparql#hasGeometry": ["https://registry.gdi-de.org/de.nw/radnetz/instances/Section_Wuppertal_4265_965_right_geometry"], "http://www.w3.org/1999/02/22-rdf-syntax-ns#type": ["https://registry.gdi-de.org/up3/ontology/Streckenabschnitt_optional"], "https://registry.gdi-de.org/up3/ontology/beginntBeiKnoten": ["https://registry.gdi-de.org/de.nw/radnetz/instances/Knoten_Wuppertal_7010"], "https://registry.gdi-de.org/up3/ontology/endetBeiKnoten": ["https://registry.gdi-de.org/de.nw/radnetz/instances/Knoten_Wuppertal_7126"], "https://registry.gdi-de.org/up3/ontology/fuehrung": ["https://registry.gdi-de.org/codelist/de.bund.balm.radnetz/Fuehrung/405"], "https://registry.gdi-de.org/up3/ontology/geometrieAbschnitt": ["https://registry.gdi-de.org/de.nw/radnetz/instances/Section_Wuppertal_4265_965_right_geometry"], "https://registry.gdi-de.org/up3/ontology/licht": ["https://registry.gdi-de.org/codelist/de.bund.balm.radnetz/Licht/1"], "https://registry.gdi-de.org/up3/ontology/quell-ID": ["4265"], "https://registry.gdi-de.org/up3/ontology/richtung": ["https://registry.gdi-de.org/codelist/de.bund.balm.radnetz/Richtung/2"], "https://registry.gdi-de.org/up3/ontology/steigung": ["5.066603"], "https://registry.gdi-de.org/up3/ontology/strecken-ID": ["Section_Wuppertal_4265_965_right"]}, "geometry": {"type": "LineString", "coordinates": [[7.1921362095, 51.234405197, 0.0], [7.1936284451, 51.2347692506, 0.0], [7.1938458173, 51.2348588993, 0.0], [7.1939593409, 51.234963011, 0.0], [7.194275296, 51.2355355487, 0.0]]}}, {"type": "Feature", "id": "https://registry.gdi-de.org/de.nw/radnetz/instances/Section_Wuppertal_3630_88_right", "name": "", "dateprops": [], "properties": {"http://rdfs.org/ns/void#inDataset": ["https://registry.gdi-de.org/de.nw/radnetz/instances/exnw_dataset"], "http://www.opengis.net/ont/geosparql#hasGeometry": ["https://registry.gdi-de.org/de.nw/radnetz/instances/Section_Wuppertal_3630_88_right_geometry"], "http://www.w3.org/1999/02/22-rdf-syntax-ns#type": ["https://registry.gdi-de.org/up3/ontology/Streckenabschnitt_optional"], "https://registry.gdi-de.org/up3/ontology/beginntBeiKnoten": ["https://registry.gdi-de.org/de.nw/radnetz/instances/Knoten_Wuppertal_9203"], "https://registry.gdi-de.org/up3/ontology/endetBeiKnoten": ["https://registry.gdi-de.org/de.nw/radnetz/instances/Knoten_Wuppertal_9311"], "https://registry.gdi-de.org/up3/ontology/fuehrung": ["https://registry.gdi-de.org/codelist/de.bund.balm.radnetz/Fuehrung/401"], "https://registry.gdi-de.org/up3/ontology/geometrieAbschnitt": ["https://registry.gdi-de.org/de.nw/radnetz/instances/Section_Wuppertal_3630_88_right_geometry"], "https://registry.gdi-de.org/up3/ontology/licht": ["https://registry.gdi-de.org/codelist/de.bund.balm.radnetz/Licht/1"], "https://registry.gdi-de.org/up3/ontology/quell-ID": ["3630"], "https://registry.gdi-de.org/up3/ontology/richtung": ["https://registry.gdi-de.org/codelist/de.bund.balm.radnetz/Richtung/2"], "https://registry.gdi-de.org/up3/ontology/steigung": ["4.14835"], "https://registry.gdi-de.org/up3/ontology/strecken-ID": ["Section_Wuppertal_3630_88_right"]}, "geometry": {"type": "LineString", "coordinates": [[7.2444941282, 51.2833020113, 187.77], [7.2459599767, 51.2832625811, 0.0], [7.2473852971, 51.2832520875, 0.0], [7.2477325638, 51.2833621579, 0.0], [7.2492455037, 51.2842089024, 0.0], [7.2496202886, 51.2845976463, 205.23]]}}, {"type": "Feature", "id": "https://registry.gdi-de.org/de.nw/radnetz/instances/Section_Wuppertal_9291_190_right", "name": "", "dateprops": [], "properties": {"http://rdfs.org/ns/void#inDataset": ["https://registry.gdi-de.org/de.nw/radnetz/instances/exnw_dataset"], "http://www.opengis.net/ont/geosparql#hasGeometry": ["https://registry.gdi-de.org/de.nw/radnetz/instances/Section_Wuppertal_9291_190_right_geometry"], "http://www.w3.org/1999/02/22-rdf-syntax-ns#type": ["https://registry.gdi-de.org/up3/ontology/Streckenabschnitt_optional"], "https://registry.gdi-de.org/up3/ontology/beginntBeiKnoten": ["https://registry.gdi-de.org/de.nw/radnetz/instances/Knoten_Wuppertal_9224"], "https://registry.gdi-de.org/up3/ontology/endetBeiKnoten": ["https://registry.gdi-de.org/de.nw/radnetz/instances/Knoten_Wuppertal_9266"], "https://registry.gdi-de.org/up3/ontology/fuehrung": ["https://registry.gdi-de.org/codelist/de.bund.balm.radnetz/Fuehrung/401"], "https://registry.gdi-de.org/up3/ontology/geometrieAbschnitt": ["https://registry.gdi-de.org/de.nw/radnetz/instances/Section_Wuppertal_9291_190_right_geometry"], "https://registry.gdi-de.org/up3/ontology/licht": ["https://registry.gdi-de.org/codelist/de.bund.balm.radnetz/Licht/0"], "https://registry.gdi-de.org/up3/ontology/quell-ID": ["9291"], "https://registry.gdi-de.org/up3/ontology/richtung": ["https://registry.gdi-de.org/codelist/de.bund.balm.radnetz/Richtung/2"], "https://registry.gdi-de.org/up3/ontology/steigung": ["1.75704"], "https://registry.gdi-de.org/up3/ontology/strecken-ID": ["Section_Wuppertal_9291_190_right"]}, "geometry": {"type": "LineString", "coordinates": [[7.2452448793, 51.2872658074, 203.79], [7.2452448985, 51.2877961565, 0.0], [7.2453097485, 51.2880741237, 0.0], [7.2456082917, 51.2885114056, 0.0], [7.2463561839, 51.2891326775, 0.0], [7.2473526494, 51.2899310928, 0.0], [7.2484089163, 51.2908187608, 0.0], [7.2487660701, 51.2913003625, 0.0], [7.2489325199, 51.2916221978, 0.0], [7.2490143341, 51.2920280454, 0.0], [7.2490100994, 51.2923674618, 0.0], [7.2489631454, 51.2927076232, 0.0], [7.2488269969, 51.2930166307, 0.0], [7.2485799721, 51.2934237696, 0.0], [7.2482741613, 51.2937776103, 0.0], [7.2468808099, 51.2952666815, 221.44]]}}, {"type": "Feature", "id": "https://registry.gdi-de.org/de.nw/radnetz/instances/Section_Wuppertal_1224782_927_right", "name": "", "dateprops": [], "properties": {"http://rdfs.org/ns/void#inDataset": ["https://registry.gdi-de.org/de.nw/radnetz/instances/exnw_dataset"], "http://www.opengis.net/ont/geosparql#hasGeometry": ["https://registry.gdi-de.org/de.nw/radnetz/instances/Section_Wuppertal_1224782_927_right_geometry"], "http://www.w3.org/1999/02/22-rdf-syntax-ns#type": ["https://registry.gdi-de.org/up3/ontology/Streckenabschnitt_optional"], "https://registry.gdi-de.org/up3/ontology/beginntBeiKnoten": ["https://registry.gdi-de.org/de.nw/radnetz/instances/Knoten_Wuppertal_9426"], "https://registry.gdi-de.org/up3/ontology/endetBeiKnoten": ["https://registry.gdi-de.org/de.nw/radnetz/instances/Knoten_Wuppertal_116140102"], "https://registry.gdi-de.org/up3/ontology/fuehrung": ["https://registry.gdi-de.org/codelist/de.bund.balm.radnetz/Fuehrung/401"], "https://registry.gdi-de.org/up3/ontology/geometrieAbschnitt": ["https://registry.gdi-de.org/de.nw/radnetz/instances/Section_Wuppertal_1224782_927_right_geometry"], "https://registry.gdi-de.org/up3/ontology/licht": ["https://registry.gdi-de.org/codelist/de.bund.balm.radnetz/Licht/1"], "https://registry.gdi-de.org/up3/ontology/quell-ID": ["1224782"], "https://registry.gdi-de.org/up3/ontology/richtung": ["https://registry.gdi-de.org/codelist/de.bund.balm.radnetz/Richtung/2"], "https://registry.gdi-de.org/up3/ontology/steigung": ["5.126852"], "https://registry.gdi-de.org/up3/ontology/strecken-ID": ["Section_Wuppertal_1224782_927_right"]}, "geometry": {"type": "LineString", "coordinates": [[7.2524027698, 51.3072132971, 296.41], [7.252400564, 51.3073697286, 0.0], [7.2522986182, 51.307698137, 299.21]]}}, {"type": "Feature", "id": "https://registry.gdi-de.org/de.nw/radnetz/instances/Section_Wuppertal_1225820_509_right", "name": "", "dateprops": [], "properties": {"http://rdfs.org/ns/void#inDataset": ["https://registry.gdi-de.org/de.nw/radnetz/instances/exnw_dataset"], "http://www.opengis.net/ont/geosparql#hasGeometry": ["https://registry.gdi-de.org/de.nw/radnetz/instances/Section_Wuppertal_1225820_509_right_geometry"], "http://www.w3.org/1999/02/22-rdf-syntax-ns#type": ["https://registry.gdi-de.org/up3/ontology/Streckenabschnitt_optional"], "https://registry.gdi-de.org/up3/ontology/beginntBeiKnoten": ["https://registry.gdi-de.org/de.nw/radnetz/instances/Knoten_Wuppertal_116470102"], "https://registry.gdi-de.org/up3/ontology/endetBeiKnoten": ["https://registry.gdi-de.org/de.nw/radnetz/instances/Knoten_Wuppertal_116480102"], "https://registry.gdi-de.org/up3/ontology/fuehrung": ["https://registry.gdi-de.org/codelist/de.bund.balm.radnetz/Fuehrung/401"], "https://registry.gdi-de.org/up3/ontology/geometrieAbschnitt": ["https://registry.gdi-de.org/de.nw/radnetz/instances/Section_Wuppertal_1225820_509_right_geometry"], "https://registry.gdi-de.org/up3/ontology/licht": ["https://registry.gdi-de.org/codelist/de.bund.balm.radnetz/Licht/1"], "https://registry.gdi-de.org/up3/ontology/quell-ID": ["1225820"], "https://registry.gdi-de.org/up3/ontology/richtung": ["https://registry.gdi-de.org/codelist/de.bund.balm.radnetz/Richtung/2"], "https://registry.gdi-de.org/up3/ontology/steigung": ["0.4501667"], "https://registry.gdi-de.org/up3/ontology/strecken-ID": ["Section_Wuppertal_1225820_509_right"]}, "geometry": {"type": "LineString", "coordinates": [[7.2626750923, 51.2554559514, 178.59], [7.2646675563, 51.2548583988, 0.0], [7.2660251764, 51.254442075, 0.0], [7.2670910386, 51.2541446208, 0.0], [7.2676549866, 51.2540243592, 0.0], [7.2681557989, 51.2540042186, 180.47]]}}, {"type": "Feature", "id": "https://registry.gdi-de.org/de.nw/radnetz/instances/Section_Wuppertal_1225204_458_right", "name": "", "dateprops": [], "properties": {"http://rdfs.org/ns/void#inDataset": ["https://registry.gdi-de.org/de.nw/radnetz/instances/exnw_dataset"], "http://www.opengis.net/ont/geosparql#hasGeometry": ["https://registry.gdi-de.org/de.nw/radnetz/instances/Section_Wuppertal_1225204_458_right_geometry"], "http://www.w3.org/1999/02/22-rdf-syntax-ns#type": ["https://registry.gdi-de.org/up3/ontology/Streckenabschnitt_optional"], "https://registry.gdi-de.org/up3/ontology/beginntBeiKnoten": ["https://registry.gdi-de.org/de.nw/radnetz/instances/Knoten_Wuppertal_122750101"], "https://registry.gdi-de.org/up3/ontology/endetBeiKnoten": ["https://registry.gdi-de.org/de.nw/radnetz/instances/Knoten_Wuppertal_122700101"], "https://registry.gdi-de.org/up3/ontology/fuehrung": ["https://registry.gdi-de.org/codelist/de.bund.balm.radnetz/Fuehrung/401"], "https://registry.gdi-de.org/up3/ontology/geometrieAbschnitt": ["https://registry.gdi-de.org/de.nw/radnetz/instances/Section_Wuppertal_1225204_458_right_geometry"], "https://registry.gdi-de.org/up3/ontology/licht": ["https://registry.gdi-de.org/codelist/de.bund.balm.radnetz/Licht/0"], "https://registry.gdi-de.org/up3/ontology/quell-ID": ["1225204"], "https://registry.gdi-de.org/up3/ontology/richtung": ["https://registry.gdi-de.org/codelist/de.bund.balm.radnetz/Richtung/2"], "https://registry.gdi-de.org/up3/ontology/steigung": ["1.132216"], "https://registry.gdi-de.org/up3/ontology/strecken-ID": ["Section_Wuppertal_1225204_458_right"]}, "geometry": {"type": "LineString", "coordinates": [[7.3073569459, 51.2404191327, 200.35], [7.3075233367, 51.2401512878, 0.0], [7.3077864597, 51.2393022597, 0.0], [7.3084131151, 51.2384792872, 0.0], [7.3090621932, 51.2379478469, 0.0], [7.3099986522, 51.2377117651, 0.0], [7.3112986399, 51.2375017242, 0.0], [7.3134220044, 51.2374283425, 0.0], [7.3147798464, 51.237447905, 0.0], [7.3170862451, 51.2368986748, 0.0], [7.3193114224, 51.2358490143, 0.0], [7.3204052421, 51.2349286836, 0.0], [7.3212694784, 51.2339426463, 0.0], [7.3217054513, 51.2328880597, 0.0], [7.3216274618, 51.2313892832, 0.0], [7.3213861837, 51.2298257608, 0.0], [7.3216151188, 51.2289970129, 0.0], [7.3219840555, 51.227962263, 0.0], [7.3227442555, 51.227099528, 0.0], [7.3231040823, 51.2263142547, 0.0], [7.3231380885, 51.2253787043, 0.0], [7.3226115086, 51.2243727173, 0.0], [7.3215274059, 51.223213125, 0.0], [7.3204289794, 51.2224485331, 0.0], [7.3190549612, 51.2214386511, 0.01]]}}, {"type": "Feature", "id": "https://registry.gdi-de.org/de.nw/radnetz/instances/Section_Wuppertal_10076_209_right", "name": "", "dateprops": [], "properties": {"http://rdfs.org/ns/void#inDataset": ["https://registry.gdi-de.org/de.nw/radnetz/instances/exnw_dataset"], "http://www.opengis.net/ont/geosparql#hasGeometry": ["https://registry.gdi-de.org/de.nw/radnetz/instances/Section_Wuppertal_10076_209_right_geometry"], "http://www.w3.org/1999/02/22-rdf-syntax-ns#type": ["https://registry.gdi-de.org/up3/ontology/Streckenabschnitt_optional"], "https://registry.gdi-de.org/up3/ontology/beginntBeiKnoten": ["https://registry.gdi-de.org/de.nw/radnetz/instances/Knoten_Wuppertal_4743"], "https://registry.gdi-de.org/up3/ontology/endetBeiKnoten": ["https://registry.gdi-de.org/de.nw/radnetz/instances/Knoten_Wuppertal_4725"], "https://registry.gdi-de.org/up3/ontology/geometrieAbschnitt": ["https://registry.gdi-de.org/de.nw/radnetz/instances/Section_Wuppertal_10076_209_right_geometry"], "https://registry.gdi-de.org/up3/ontology/licht": ["https://registry.gdi-de.org/codelist/de.bund.balm.radnetz/Licht/1"], "https://registry.gdi-de.org/up3/ontology/quell-ID": ["10076"], "https://registry.gdi-de.org/up3/ontology/richtung": ["https://registry.gdi-de.org/codelist/de.bund.balm.radnetz/Richtung/2"], "https://registry.gdi-de.org/up3/ontology/steigung": ["0.7330241"], "https://registry.gdi-de.org/up3/ontology/strecken-ID": ["Section_Wuppertal_10076_209_right"]}, "geometry": {"type": "LineString", "coordinates": [[7.1395638907, 51.2572537481, 144.42], [7.139172913, 51.2571753343, 144.63]]}}, {"type": "Feature", "id": "https://registry.gdi-de.org/de.nw/radnetz/instances/Section_Wuppertal_3202_76_right", "name": "", "dateprops": [], "properties": {"http://rdfs.org/ns/void#inDataset": ["https://registry.gdi-de.org/de.nw/radnetz/instances/exnw_dataset"], "http://www.opengis.net/ont/geosparql#hasGeometry": ["https://registry.gdi-de.org/de.nw/radnetz/instances/Section_Wuppertal_3202_76_right_geometry"], "http://www.w3.org/1999/02/22-rdf-syntax-ns#type": ["https://registry.gdi-de.org/up3/ontology/Streckenabschnitt_optional"], "https://registry.gdi-de.org/up3/ontology/beginntBeiKnoten": ["https://registry.gdi-de.org/de.nw/radnetz/instances/Knoten_Wuppertal_2438"], "https://registry.gdi-de.org/up3/ontology/endetBeiKnoten": ["https://registry.gdi-de.org/de.nw/radnetz/instances/Knoten_Wuppertal_2382"], "https://registry.gdi-de.org/up3/ontology/fuehrung": ["https://registry.gdi-de.org/codelist/de.bund.balm.radnetz/Fuehrung/200"], "https://registry.gdi-de.org/up3/ontology/geometrieAbschnitt": ["https://registry.gdi-de.org/de.nw/radnetz/instances/Section_Wuppertal_3202_76_right_geometry"], "https://registry.gdi-de.org/up3/ontology/licht": ["https://registry.gdi-de.org/codelist/de.bund.balm.radnetz/Licht/1"], "https://registry.gdi-de.org/up3/ontology/quell-ID": ["3202"], "https://registry.gdi-de.org/up3/ontology/richtung": ["https://registry.gdi-de.org/codelist/de.bund.balm.radnetz/Richtung/2"], "https://registry.gdi-de.org/up3/ontology/steigung": ["0.4924588"], "https://registry.gdi-de.org/up3/ontology/strecken-ID": ["Section_Wuppertal_3202_76_right"]}, "geometry": {"type": "LineString", "coordinates": [[7.0648245905, 51.2255891953, 201.1], [7.0629259816, 51.2248794843, 201.86]]}}, {"type": "Feature", "id": "https://registry.gdi-de.org/de.nw/radnetz/instances/Section_Wuppertal_1222853_938_right", "name": "", "dateprops": [], "properties": {"http://rdfs.org/ns/void#inDataset": ["https://registry.gdi-de.org/de.nw/radnetz/instances/exnw_dataset"], "http://www.opengis.net/ont/geosparql#hasGeometry": ["https://registry.gdi-de.org/de.nw/radnetz/instances/Section_Wuppertal_1222853_938_right_geometry"], "http://www.w3.org/1999/02/22-rdf-syntax-ns#type": ["https://registry.gdi-de.org/up3/ontology/Streckenabschnitt_optional"], "https://registry.gdi-de.org/up3/ontology/beginntBeiKnoten": ["https://registry.gdi-de.org/de.nw/radnetz/instances/Knoten_Wuppertal_2725"], "https://registry.gdi-de.org/up3/ontology/endetBeiKnoten": ["https://registry.gdi-de.org/de.nw/radnetz/instances/Knoten_Wuppertal_10775"], "https://registry.gdi-de.org/up3/ontology/geometrieAbschnitt": ["https://registry.gdi-de.org/de.nw/radnetz/instances/Section_Wuppertal_1222853_938_right_geometry"], "https://registry.gdi-de.org/up3/ontology/licht": ["https://registry.gdi-de.org/codelist/de.bund.balm.radnetz/Licht/1"], "https://registry.gdi-de.org/up3/ontology/quell-ID": ["1222853"], "https://registry.gdi-de.org/up3/ontology/richtung": ["https://registry.gdi-de.org/codelist/de.bund.balm.radnetz/Richtung/2"], "https://registry.gdi-de.org/up3/ontology/steigung": ["4.615984"], "https://registry.gdi-de.org/up3/ontology/strecken-ID": ["Section_Wuppertal_1222853_938_right"]}, "geometry": {"type": "LineString", "coordinates": [[7.0755027593, 51.2308938059, 174.16], [7.0729487148, 51.2292231397, 186.05]]}}, {"type": "Feature", "id": "https://registry.gdi-de.org/de.nw/radnetz/instances/Section_Wuppertal_11675_1058_right", "name": "", "dateprops": [], "properties": {"http://rdfs.org/ns/void#inDataset": ["https://registry.gdi-de.org/de.nw/radnetz/instances/exnw_dataset"], "http://www.opengis.net/ont/geosparql#hasGeometry": ["https://registry.gdi-de.org/de.nw/radnetz/instances/Section_Wuppertal_11675_1058_right_geometry"], "http://www.w3.org/1999/02/22-rdf-syntax-ns#type": ["https://registry.gdi-de.org/up3/ontology/Streckenabschnitt_optional"], "https://registry.gdi-de.org/up3/ontology/beginntBeiKnoten": ["https://registry.gdi-de.org/de.nw/radnetz/instances/Knoten_Wuppertal_6258"], "https://registry.gdi-de.org/up3/ontology/endetBeiKnoten": ["https://registry.gdi-de.org/de.nw/radnetz/instances/Knoten_Wuppertal_6268"], "https://registry.gdi-de.org/up3/ontology/geometrieAbschnitt": ["https://registry.gdi-de.org/de.nw/radnetz/instances/Section_Wuppertal_11675_1058_right_geometry"], "https://registry.gdi-de.org/up3/ontology/licht": ["https://registry.gdi-de.org/codelist/de.bund.balm.radnetz/Licht/1"], "https://registry.gdi-de.org/up3/ontology/quell-ID": ["11675"], "https://registry.gdi-de.org/up3/ontology/richtung": ["https://registry.gdi-de.org/codelist/de.bund.balm.radnetz/Richtung/2"], "https://registry.gdi-de.org/up3/ontology/steigung": ["1.913507"], "https://registry.gdi-de.org/up3/ontology/strecken-ID": ["Section_Wuppertal_11675_1058_right"]}, "geometry": {"type": "LineString", "coordinates": [[7.1681870221, 51.2802041267, 0.0], [7.1684617975, 51.280300261, 0.0]]}}, {"type": "Feature", "id": "https://registry.gdi-de.org/de.nw/radnetz/instances/Section_Wuppertal_1225338_473_right", "name": "", "dateprops": [], "properties": {"http://rdfs.org/ns/void#inDataset": ["https://registry.gdi-de.org/de.nw/radnetz/instances/exnw_dataset"], "http://www.opengis.net/ont/geosparql#hasGeometry": ["https://registry.gdi-de.org/de.nw/radnetz/instances/Section_Wuppertal_1225338_473_right_geometry"], "http://www.w3.org/1999/02/22-rdf-syntax-ns#type": ["https://registry.gdi-de.org/up3/ontology/Streckenabschnitt_optional"], "https://registry.gdi-de.org/up3/ontology/beginntBeiKnoten": ["https://registry.gdi-de.org/de.nw/radnetz/instances/Knoten_Wuppertal_110620101"], "https://registry.gdi-de.org/up3/ontology/endetBeiKnoten": ["https://registry.gdi-de.org/de.nw/radnetz/instances/Knoten_Wuppertal_2706"], "https://registry.gdi-de.org/up3/ontology/fuehrung": ["https://registry.gdi-de.org/codelist/de.bund.balm.radnetz/Fuehrung/401"], "https://registry.gdi-de.org/up3/ontology/geometrieAbschnitt": ["https://registry.gdi-de.org/de.nw/radnetz/instances/Section_Wuppertal_1225338_473_right_geometry"], "https://registry.gdi-de.org/up3/ontology/licht": ["https://registry.gdi-de.org/codelist/de.bund.balm.radnetz/Licht/1"], "https://registry.gdi-de.org/up3/ontology/quell-ID": ["1225338"], "https://registry.gdi-de.org/up3/ontology/richtung": ["https://registry.gdi-de.org/codelist/de.bund.balm.radnetz/Richtung/2"], "https://registry.gdi-de.org/up3/ontology/steigung": ["3.803725"], "https://registry.gdi-de.org/up3/ontology/strecken-ID": ["Section_Wuppertal_1225338_473_right"]}, "geometry": {"type": "LineString", "coordinates": [[7.0732859113, 51.2657761197, 185.63], [7.0733146705, 51.2655760342, 186.48]]}}, {"type": "Feature", "id": "https://registry.gdi-de.org/de.nw/radnetz/instances/Section_Wuppertal_3214_77_right", "name": "", "dateprops": [], "properties": {"http://rdfs.org/ns/void#inDataset": ["https://registry.gdi-de.org/de.nw/radnetz/instances/exnw_dataset"], "http://www.opengis.net/ont/geosparql#hasGeometry": ["https://registry.gdi-de.org/de.nw/radnetz/instances/Section_Wuppertal_3214_77_right_geometry"], "http://www.w3.org/1999/02/22-rdf-syntax-ns#type": ["https://registry.gdi-de.org/up3/ontology/Streckenabschnitt_optional"], "https://registry.gdi-de.org/up3/ontology/beginntBeiKnoten": ["https://registry.gdi-de.org/de.nw/radnetz/instances/Knoten_Wuppertal_4207"], "https://registry.gdi-de.org/up3/ontology/endetBeiKnoten": ["https://registry.gdi-de.org/de.nw/radnetz/instances/Knoten_Wuppertal_4450"], "https://registry.gdi-de.org/up3/ontology/geometrieAbschnitt": ["https://registry.gdi-de.org/de.nw/radnetz/instances/Section_Wuppertal_3214_77_right_geometry"], "https://registry.gdi-de.org/up3/ontology/licht": ["https://registry.gdi-de.org/codelist/de.bund.balm.radnetz/Licht/1"], "https://registry.gdi-de.org/up3/ontology/quell-ID": ["3214"], "https://registry.gdi-de.org/up3/ontology/richtung": ["https://registry.gdi-de.org/codelist/de.bund.balm.radnetz/Richtung/2"], "https://registry.gdi-de.org/up3/ontology/steigung": ["5.365314"], "https://registry.gdi-de.org/up3/ontology/strecken-ID": ["Section_Wuppertal_3214_77_right"]}, "geometry": {"type": "LineString", "coordinates": [[7.1276880459, 51.2804213012, 278.7], [7.1285753277, 51.2803388938, 0.0], [7.1297588478, 51.2803078848, 0.0], [7.1305485862, 51.2801780346, 0.0], [7.131740049, 51.2798571175, 294.4]]}}, {"type": "Feature", "id": "https://registry.gdi-de.org/de.nw/radnetz/instances/Section_Wuppertal_1226161_541_right", "name": "", "dateprops": [], "properties": {"http://rdfs.org/ns/void#inDataset": ["https://registry.gdi-de.org/de.nw/radnetz/instances/exnw_dataset"], "http://www.opengis.net/ont/geosparql#hasGeometry": ["https://registry.gdi-de.org/de.nw/radnetz/instances/Section_Wuppertal_1226161_541_right_geometry"], "http://www.w3.org/1999/02/22-rdf-syntax-ns#type": ["https://registry.gdi-de.org/up3/ontology/Streckenabschnitt_optional"], "https://registry.gdi-de.org/up3/ontology/beginntBeiKnoten": ["https://registry.gdi-de.org/de.nw/radnetz/instances/Knoten_Wuppertal_2329"], "https://registry.gdi-de.org/up3/ontology/endetBeiKnoten": ["https://registry.gdi-de.org/de.nw/radnetz/instances/Knoten_Wuppertal_113280102"], "https://registry.gdi-de.org/up3/ontology/geometrieAbschnitt": ["https://registry.gdi-de.org/de.nw/radnetz/instances/Section_Wuppertal_1226161_541_right_geometry"], "https://registry.gdi-de.org/up3/ontology/licht": ["https://registry.gdi-de.org/codelist/de.bund.balm.radnetz/Licht/1"], "https://registry.gdi-de.org/up3/ontology/quell-ID": ["1226161"], "https://registry.gdi-de.org/up3/ontology/richtung": ["https://registry.gdi-de.org/codelist/de.bund.balm.radnetz/Richtung/2"], "https://registry.gdi-de.org/up3/ontology/steigung": ["1.817486"], "https://registry.gdi-de.org/up3/ontology/strecken-ID": ["Section_Wuppertal_1226161_541_right"]}, "geometry": {"type": "LineString", "coordinates": [[7.0600576615, 51.2340446512, 209.46], [7.0599112306, 51.2343268425, 210.06]]}}, {"type": "Feature", "id": "https://registry.gdi-de.org/de.nw/radnetz/instances/Section_Wuppertal_831_879_right", "name": "", "dateprops": [], "properties": {"http://rdfs.org/ns/void#inDataset": ["https://registry.gdi-de.org/de.nw/radnetz/instances/exnw_dataset"], "http://www.opengis.net/ont/geosparql#hasGeometry": ["https://registry.gdi-de.org/de.nw/radnetz/instances/Section_Wuppertal_831_879_right_geometry"], "http://www.w3.org/1999/02/22-rdf-syntax-ns#type": ["https://registry.gdi-de.org/up3/ontology/Streckenabschnitt_optional"], "https://registry.gdi-de.org/up3/ontology/beginntBeiKnoten": ["https://registry.gdi-de.org/de.nw/radnetz/instances/Knoten_Wuppertal_2175"], "https://registry.gdi-de.org/up3/ontology/endetBeiKnoten": ["https://registry.gdi-de.org/de.nw/radnetz/instances/Knoten_Wuppertal_2226"], "https://registry.gdi-de.org/up3/ontology/fuehrung": ["https://registry.gdi-de.org/codelist/de.bund.balm.radnetz/Fuehrung/401"], "https://registry.gdi-de.org/up3/ontology/geometrieAbschnitt": ["https://registry.gdi-de.org/de.nw/radnetz/instances/Section_Wuppertal_831_879_right_geometry"], "https://registry.gdi-de.org/up3/ontology/licht": ["https://registry.gdi-de.org/codelist/de.bund.balm.radnetz/Licht/0"], "https://registry.gdi-de.org/up3/ontology/quell-ID": ["831"], "https://registry.gdi-de.org/up3/ontology/richtung": ["https://registry.gdi-de.org/codelist/de.bund.balm.radnetz/Richtung/2"], "https://registry.gdi-de.org/up3/ontology/steigung": ["0.2643228"], "https://registry.gdi-de.org/up3/ontology/strecken-ID": ["Section_Wuppertal_831_879_right"]}, "geometry": {"type": "LineString", "coordinates": [[7.049113616, 51.2194987888, 174.89], [7.050049615, 51.2201063857, 0.0], [7.0527721674, 51.2213544527, 0.0], [7.0532405624, 51.2216685964, 0.0], [7.0536603156, 51.2220343318, 176.01]]}}, {"type": "Feature", "id": "https://registry.gdi-de.org/de.nw/radnetz/instances/Section_Wuppertal_1229587_878_right", "name": "", "dateprops": [], "properties": {"http://rdfs.org/ns/void#inDataset": ["https://registry.gdi-de.org/de.nw/radnetz/instances/exnw_dataset"], "http://www.opengis.net/ont/geosparql#hasGeometry": ["https://registry.gdi-de.org/de.nw/radnetz/instances/Section_Wuppertal_1229587_878_right_geometry"], "http://www.w3.org/1999/02/22-rdf-syntax-ns#type": ["https://registry.gdi-de.org/up3/ontology/Streckenabschnitt_optional"], "https://registry.gdi-de.org/up3/ontology/beginntBeiKnoten": ["https://registry.gdi-de.org/de.nw/radnetz/instances/Knoten_Wuppertal_1189691145"], "https://registry.gdi-de.org/up3/ontology/endetBeiKnoten": ["https://registry.gdi-de.org/de.nw/radnetz/instances/Knoten_Wuppertal_2175"], "https://registry.gdi-de.org/up3/ontology/fuehrung": ["https://registry.gdi-de.org/codelist/de.bund.balm.radnetz/Fuehrung/401"], "https://registry.gdi-de.org/up3/ontology/geometrieAbschnitt": ["https://registry.gdi-de.org/de.nw/radnetz/instances/Section_Wuppertal_1229587_878_right_geometry"], "https://registry.gdi-de.org/up3/ontology/licht": ["https://registry.gdi-de.org/codelist/de.bund.balm.radnetz/Licht/0"], "https://registry.gdi-de.org/up3/ontology/quell-ID": ["1229587"], "https://registry.gdi-de.org/up3/ontology/richtung": ["https://registry.gdi-de.org/codelist/de.bund.balm.radnetz/Richtung/2"], "https://registry.gdi-de.org/up3/ontology/steigung": ["0.5039775"], "https://registry.gdi-de.org/up3/ontology/strecken-ID": ["Section_Wuppertal_1229587_878_right"]}, "geometry": {"type": "LineString", "coordinates": [[7.0489744235, 51.219385987, 174.8], [7.049113616, 51.2194987888, 174.89]]}}, {"type": "Feature", "id": "https://registry.gdi-de.org/de.nw/radnetz/instances/Section_Wuppertal_1225945_1045_right", "name": "", "dateprops": [], "properties": {"http://rdfs.org/ns/void#inDataset": ["https://registry.gdi-de.org/de.nw/radnetz/instances/exnw_dataset"], "http://www.opengis.net/ont/geosparql#hasGeometry": ["https://registry.gdi-de.org/de.nw/radnetz/instances/Section_Wuppertal_1225945_1045_right_geometry"], "http://www.w3.org/1999/02/22-rdf-syntax-ns#type": ["https://registry.gdi-de.org/up3/ontology/Streckenabschnitt_optional"], "https://registry.gdi-de.org/up3/ontology/beginntBeiKnoten": ["https://registry.gdi-de.org/de.nw/radnetz/instances/Knoten_Wuppertal_112790101"], "https://registry.gdi-de.org/up3/ontology/endetBeiKnoten": ["https://registry.gdi-de.org/de.nw/radnetz/instances/Knoten_Wuppertal_4312"], "https://registry.gdi-de.org/up3/ontology/geometrieAbschnitt": ["https://registry.gdi-de.org/de.nw/radnetz/instances/Section_Wuppertal_1225945_1045_right_geometry"], "https://registry.gdi-de.org/up3/ontology/licht": ["https://registry.gdi-de.org/codelist/de.bund.balm.radnetz/Licht/1"], "https://registry.gdi-de.org/up3/ontology/quell-ID": ["1225945"], "https://registry.gdi-de.org/up3/ontology/richtung": ["https://registry.gdi-de.org/codelist/de.bund.balm.radnetz/Richtung/2"], "https://registry.gdi-de.org/up3/ontology/steigung": ["1.669966"], "https://registry.gdi-de.org/up3/ontology/strecken-ID": ["Section_Wuppertal_1225945_1045_right"]}, "geometry": {"type": "LineString", "coordinates": [[7.1295925875, 51.2762607694, 0.0], [7.1294805392, 51.2764700039, 0.0]]}}, {"type": "Feature", "id": "https://registry.gdi-de.org/de.nw/radnetz/instances/Section_Wuppertal_1223867_394_right", "name": "", "dateprops": [], "properties": {"http://rdfs.org/ns/void#inDataset": ["https://registry.gdi-de.org/de.nw/radnetz/instances/exnw_dataset"], "http://www.opengis.net/ont/geosparql#hasGeometry": ["https://registry.gdi-de.org/de.nw/radnetz/instances/Section_Wuppertal_1223867_394_right_geometry"], "http://www.w3.org/1999/02/22-rdf-syntax-ns#type": ["https://registry.gdi-de.org/up3/ontology/Streckenabschnitt_optional"], "https://registry.gdi-de.org/up3/ontology/beginntBeiKnoten": ["https://registry.gdi-de.org/de.nw/radnetz/instances/Knoten_Wuppertal_8803"], "https://registry.gdi-de.org/up3/ontology/endetBeiKnoten": ["https://registry.gdi-de.org/de.nw/radnetz/instances/Knoten_Wuppertal_116730102"], "https://registry.gdi-de.org/up3/ontology/geometrieAbschnitt": ["https://registry.gdi-de.org/de.nw/radnetz/instances/Section_Wuppertal_1223867_394_right_geometry"], "https://registry.gdi-de.org/up3/ontology/licht": ["https://registry.gdi-de.org/codelist/de.bund.balm.radnetz/Licht/1"], "https://registry.gdi-de.org/up3/ontology/quell-ID": ["1223867"], "https://registry.gdi-de.org/up3/ontology/richtung": ["https://registry.gdi-de.org/codelist/de.bund.balm.radnetz/Richtung/2"], "https://registry.gdi-de.org/up3/ontology/steigung": ["0.4124666"], "https://registry.gdi-de.org/up3/ontology/strecken-ID": ["Section_Wuppertal_1223867_394_right"]}, "geometry": {"type": "LineString", "coordinates": [[7.2317610964, 51.2687382545, 163.65], [7.2318733111, 51.2686028873, 163.72]]}}, {"type": "Feature", "id": "https://registry.gdi-de.org/de.nw/radnetz/instances/Section_Wuppertal_1222852_937_right", "name": "", "dateprops": [], "properties": {"http://rdfs.org/ns/void#inDataset": ["https://registry.gdi-de.org/de.nw/radnetz/instances/exnw_dataset"], "http://www.opengis.net/ont/geosparql#hasGeometry": ["https://registry.gdi-de.org/de.nw/radnetz/instances/Section_Wuppertal_1222852_937_right_geometry"], "http://www.w3.org/1999/02/22-rdf-syntax-ns#type": ["https://registry.gdi-de.org/up3/ontology/Streckenabschnitt_optional"], "https://registry.gdi-de.org/up3/ontology/beginntBeiKnoten": ["https://registry.gdi-de.org/de.nw/radnetz/instances/Knoten_Wuppertal_10775"], "https://registry.gdi-de.org/up3/ontology/endetBeiKnoten": ["https://registry.gdi-de.org/de.nw/radnetz/instances/Knoten_Wuppertal_2633"], "https://registry.gdi-de.org/up3/ontology/geometrieAbschnitt": ["https://registry.gdi-de.org/de.nw/radnetz/instances/Section_Wuppertal_1222852_937_right_geometry"], "https://registry.gdi-de.org/up3/ontology/licht": ["https://registry.gdi-de.org/codelist/de.bund.balm.radnetz/Licht/1"], "https://registry.gdi-de.org/up3/ontology/quell-ID": ["1222852"], "https://registry.gdi-de.org/up3/ontology/richtung": ["https://registry.gdi-de.org/codelist/de.bund.balm.radnetz/Richtung/2"], "https://registry.gdi-de.org/up3/ontology/steigung": ["3.885375"], "https://registry.gdi-de.org/up3/ontology/strecken-ID": ["Section_Wuppertal_1222852_937_right"]}, "geometry": {"type": "LineString", "coordinates": [[7.0729487148, 51.2292231397, 186.05], [7.0729389759, 51.2292167686, 0.0], [7.0726412408, 51.2289482113, 0.0], [7.0722709133, 51.2284114893, 0.0], [7.0723284746, 51.2275839794, 193.61]]}}, {"type": "Feature", "id": "https://registry.gdi-de.org/de.nw/radnetz/instances/Section_Wuppertal_1224792_432_right", "name": "", "dateprops": [], "properties": {"http://rdfs.org/ns/void#inDataset": ["https://registry.gdi-de.org/de.nw/radnetz/instances/exnw_dataset"], "http://www.opengis.net/ont/geosparql#hasGeometry": ["https://registry.gdi-de.org/de.nw/radnetz/instances/Section_Wuppertal_1224792_432_right_geometry"], "http://www.w3.org/1999/02/22-rdf-syntax-ns#type": ["https://registry.gdi-de.org/up3/ontology/Streckenabschnitt_optional"], "https://registry.gdi-de.org/up3/ontology/beginntBeiKnoten": ["https://registry.gdi-de.org/de.nw/radnetz/instances/Knoten_Wuppertal_114300101"], "https://registry.gdi-de.org/up3/ontology/endetBeiKnoten": ["https://registry.gdi-de.org/de.nw/radnetz/instances/Knoten_Wuppertal_3994"], "https://registry.gdi-de.org/up3/ontology/geometrieAbschnitt": ["https://registry.gdi-de.org/de.nw/radnetz/instances/Section_Wuppertal_1224792_432_right_geometry"], "https://registry.gdi-de.org/up3/ontology/licht": ["https://registry.gdi-de.org/codelist/de.bund.balm.radnetz/Licht/1"], "https://registry.gdi-de.org/up3/ontology/quell-ID": ["1224792"], "https://registry.gdi-de.org/up3/ontology/richtung": ["https://registry.gdi-de.org/codelist/de.bund.balm.radnetz/Richtung/2"], "https://registry.gdi-de.org/up3/ontology/steigung": ["2.969052"], "https://registry.gdi-de.org/up3/ontology/strecken-ID": ["Section_Wuppertal_1224792_432_right"]}, "geometry": {"type": "LineString", "coordinates": [[7.1234652765, 51.2045070563, 282.6], [7.1268367148, 51.2052103389, 289.97]]}}, {"type": "Feature", "id": "https://registry.gdi-de.org/de.nw/radnetz/instances/Section_Wuppertal_1225775_502_right", "name": "", "dateprops": [], "properties": {"http://rdfs.org/ns/void#inDataset": ["https://registry.gdi-de.org/de.nw/radnetz/instances/exnw_dataset"], "http://www.opengis.net/ont/geosparql#hasGeometry": ["https://registry.gdi-de.org/de.nw/radnetz/instances/Section_Wuppertal_1225775_502_right_geometry"], "http://www.w3.org/1999/02/22-rdf-syntax-ns#type": ["https://registry.gdi-de.org/up3/ontology/Streckenabschnitt_optional"], "https://registry.gdi-de.org/up3/ontology/beginntBeiKnoten": ["https://registry.gdi-de.org/de.nw/radnetz/instances/Knoten_Wuppertal_113280101"], "https://registry.gdi-de.org/up3/ontology/endetBeiKnoten": ["https://registry.gdi-de.org/de.nw/radnetz/instances/Knoten_Wuppertal_2320"], "https://registry.gdi-de.org/up3/ontology/geometrieAbschnitt": ["https://registry.gdi-de.org/de.nw/radnetz/instances/Section_Wuppertal_1225775_502_right_geometry"], "https://registry.gdi-de.org/up3/ontology/licht": ["https://registry.gdi-de.org/codelist/de.bund.balm.radnetz/Licht/1"], "https://registry.gdi-de.org/up3/ontology/quell-ID": ["1225775"], "https://registry.gdi-de.org/up3/ontology/richtung": ["https://registry.gdi-de.org/codelist/de.bund.balm.radnetz/Richtung/2"], "https://registry.gdi-de.org/up3/ontology/steigung": ["1.515493"], "https://registry.gdi-de.org/up3/ontology/strecken-ID": ["Section_Wuppertal_1225775_502_right"]}, "geometry": {"type": "LineString", "coordinates": [[7.0598345543, 51.2345105118, 210.3], [7.0597783932, 51.2346459614, 0.0], [7.0595683125, 51.2348875993, 211.0]]}}, {"type": "Feature", "id": "https://registry.gdi-de.org/de.nw/radnetz/instances/Section_Wuppertal_1224170_407_right", "name": "", "dateprops": [], "properties": {"http://rdfs.org/ns/void#inDataset": ["https://registry.gdi-de.org/de.nw/radnetz/instances/exnw_dataset"], "http://www.opengis.net/ont/geosparql#hasGeometry": ["https://registry.gdi-de.org/de.nw/radnetz/instances/Section_Wuppertal_1224170_407_right_geometry"], "http://www.w3.org/1999/02/22-rdf-syntax-ns#type": ["https://registry.gdi-de.org/up3/ontology/Streckenabschnitt_optional"], "https://registry.gdi-de.org/up3/ontology/beginntBeiKnoten": ["https://registry.gdi-de.org/de.nw/radnetz/instances/Knoten_Wuppertal_116410103"], "https://registry.gdi-de.org/up3/ontology/endetBeiKnoten": ["https://registry.gdi-de.org/de.nw/radnetz/instances/Knoten_Wuppertal_8973"], "https://registry.gdi-de.org/up3/ontology/fuehrung": ["https://registry.gdi-de.org/codelist/de.bund.balm.radnetz/Fuehrung/401"], "https://registry.gdi-de.org/up3/ontology/geometrieAbschnitt": ["https://registry.gdi-de.org/de.nw/radnetz/instances/Section_Wuppertal_1224170_407_right_geometry"], "https://registry.gdi-de.org/up3/ontology/licht": ["https://registry.gdi-de.org/codelist/de.bund.balm.radnetz/Licht/1"], "https://registry.gdi-de.org/up3/ontology/quell-ID": ["1224170"], "https://registry.gdi-de.org/up3/ontology/richtung": ["https://registry.gdi-de.org/codelist/de.bund.balm.radnetz/Richtung/2"], "https://registry.gdi-de.org/up3/ontology/steigung": ["0.6646533"], "https://registry.gdi-de.org/up3/ontology/strecken-ID": ["Section_Wuppertal_1224170_407_right"]}, "geometry": {"type": "LineString", "coordinates": [[7.2367555427, 51.266645037, 166.15], [7.2370528525, 51.266228346, 0.0], [7.2371827877, 51.2657325778, 0.0], [7.2371578018, 51.2655017349, 167.03]]}}, {"type": "Feature", "id": "https://registry.gdi-de.org/de.nw/radnetz/instances/Section_Wuppertal_1228327_699_right", "name": "", "dateprops": [], "properties": {"http://rdfs.org/ns/void#inDataset": ["https://registry.gdi-de.org/de.nw/radnetz/instances/exnw_dataset"], "http://www.opengis.net/ont/geosparql#hasGeometry": ["https://registry.gdi-de.org/de.nw/radnetz/instances/Section_Wuppertal_1228327_699_right_geometry"], "http://www.w3.org/1999/02/22-rdf-syntax-ns#type": ["https://registry.gdi-de.org/up3/ontology/Streckenabschnitt_optional"], "https://registry.gdi-de.org/up3/ontology/beginntBeiKnoten": ["https://registry.gdi-de.org/de.nw/radnetz/instances/Knoten_Wuppertal_2709"], "https://registry.gdi-de.org/up3/ontology/endetBeiKnoten": ["https://registry.gdi-de.org/de.nw/radnetz/instances/Knoten_Wuppertal_1189690538"], "https://registry.gdi-de.org/up3/ontology/fuehrung": ["https://registry.gdi-de.org/codelist/de.bund.balm.radnetz/Fuehrung/401"], "https://registry.gdi-de.org/up3/ontology/geometrieAbschnitt": ["https://registry.gdi-de.org/de.nw/radnetz/instances/Section_Wuppertal_1228327_699_right_geometry"], "https://registry.gdi-de.org/up3/ontology/licht": ["https://registry.gdi-de.org/codelist/de.bund.balm.radnetz/Licht/1"], "https://registry.gdi-de.org/up3/ontology/quell-ID": ["1228327"], "https://registry.gdi-de.org/up3/ontology/richtung": ["https://registry.gdi-de.org/codelist/de.bund.balm.radnetz/Richtung/2"], "https://registry.gdi-de.org/up3/ontology/steigung": ["2.957477"], "https://registry.gdi-de.org/up3/ontology/strecken-ID": ["Section_Wuppertal_1228327_699_right"]}, "geometry": {"type": "LineString", "coordinates": [[7.0737296429, 51.2530612012, 185.36], [7.0740948256, 51.2531329827, 186.15]]}}, {"type": "Feature", "id": "https://registry.gdi-de.org/de.nw/radnetz/instances/Section_Wuppertal_11247_235_right", "name": "", "dateprops": [], "properties": {"http://rdfs.org/ns/void#inDataset": ["https://registry.gdi-de.org/de.nw/radnetz/instances/exnw_dataset"], "http://www.opengis.net/ont/geosparql#hasGeometry": ["https://registry.gdi-de.org/de.nw/radnetz/instances/Section_Wuppertal_11247_235_right_geometry"], "http://www.w3.org/1999/02/22-rdf-syntax-ns#type": ["https://registry.gdi-de.org/up3/ontology/Streckenabschnitt_optional"], "https://registry.gdi-de.org/up3/ontology/beginntBeiKnoten": ["https://registry.gdi-de.org/de.nw/radnetz/instances/Knoten_Wuppertal_2301"], "https://registry.gdi-de.org/up3/ontology/endetBeiKnoten": ["https://registry.gdi-de.org/de.nw/radnetz/instances/Knoten_Wuppertal_2300"], "https://registry.gdi-de.org/up3/ontology/fuehrung": ["https://registry.gdi-de.org/codelist/de.bund.balm.radnetz/Fuehrung/401"], "https://registry.gdi-de.org/up3/ontology/geometrieAbschnitt": ["https://registry.gdi-de.org/de.nw/radnetz/instances/Section_Wuppertal_11247_235_right_geometry"], "https://registry.gdi-de.org/up3/ontology/licht": ["https://registry.gdi-de.org/codelist/de.bund.balm.radnetz/Licht/1"], "https://registry.gdi-de.org/up3/ontology/quell-ID": ["11247"], "https://registry.gdi-de.org/up3/ontology/richtung": ["https://registry.gdi-de.org/codelist/de.bund.balm.radnetz/Richtung/2"], "https://registry.gdi-de.org/up3/ontology/steigung": ["2.764105"], "https://registry.gdi-de.org/up3/ontology/strecken-ID": ["Section_Wuppertal_11247_235_right"]}, "geometry": {"type": "LineString", "coordinates": [[7.0593628424, 51.2177771328, 235.27], [7.0590625197, 51.2174397117, 0.0], [7.0586057042, 51.216868555, 0.0], [7.058522487, 51.2165921796, 0.0], [7.0584941597, 51.2162371748, 0.0], [7.0585827556, 51.2159191357, 0.0], [7.0587286032, 51.2156704394, 0.0], [7.059221383, 51.2150477984, 0.0], [7.0594065392, 51.2146525758, 0.0], [7.0594591704, 51.2142191015, 246.93]]}}, {"type": "Feature", "id": "https://registry.gdi-de.org/de.nw/radnetz/instances/Section_Wuppertal_3090_73_right", "name": "", "dateprops": [], "properties": {"http://rdfs.org/ns/void#inDataset": ["https://registry.gdi-de.org/de.nw/radnetz/instances/exnw_dataset"], "http://www.opengis.net/ont/geosparql#hasGeometry": ["https://registry.gdi-de.org/de.nw/radnetz/instances/Section_Wuppertal_3090_73_right_geometry"], "http://www.w3.org/1999/02/22-rdf-syntax-ns#type": ["https://registry.gdi-de.org/up3/ontology/Streckenabschnitt_optional"], "https://registry.gdi-de.org/up3/ontology/beginntBeiKnoten": ["https://registry.gdi-de.org/de.nw/radnetz/instances/Knoten_Wuppertal_4219"], "https://registry.gdi-de.org/up3/ontology/endetBeiKnoten": ["https://registry.gdi-de.org/de.nw/radnetz/instances/Knoten_Wuppertal_4221"], "https://registry.gdi-de.org/up3/ontology/geometrieAbschnitt": ["https://registry.gdi-de.org/de.nw/radnetz/instances/Section_Wuppertal_3090_73_right_geometry"], "https://registry.gdi-de.org/up3/ontology/licht": ["https://registry.gdi-de.org/codelist/de.bund.balm.radnetz/Licht/1"], "https://registry.gdi-de.org/up3/ontology/quell-ID": ["3090"], "https://registry.gdi-de.org/up3/ontology/richtung": ["https://registry.gdi-de.org/codelist/de.bund.balm.radnetz/Richtung/2"], "https://registry.gdi-de.org/up3/ontology/steigung": ["0.850223"], "https://registry.gdi-de.org/up3/ontology/strecken-ID": ["Section_Wuppertal_3090_73_right"]}, "geometry": {"type": "LineString", "coordinates": [[7.1311938991, 51.197914102, 259.87], [7.1311983035, 51.1980938398, 260.04]]}}, {"type": "Feature", "id": "https://registry.gdi-de.org/de.nw/radnetz/instances/Section_Wuppertal_1226265_549_right", "name": "", "dateprops": [], "properties": {"http://rdfs.org/ns/void#inDataset": ["https://registry.gdi-de.org/de.nw/radnetz/instances/exnw_dataset"], "http://www.opengis.net/ont/geosparql#hasGeometry": ["https://registry.gdi-de.org/de.nw/radnetz/instances/Section_Wuppertal_1226265_549_right_geometry"], "http://www.w3.org/1999/02/22-rdf-syntax-ns#type": ["https://registry.gdi-de.org/up3/ontology/Streckenabschnitt_optional"], "https://registry.gdi-de.org/up3/ontology/beginntBeiKnoten": ["https://registry.gdi-de.org/de.nw/radnetz/instances/Knoten_Wuppertal_113850101"], "https://registry.gdi-de.org/up3/ontology/endetBeiKnoten": ["https://registry.gdi-de.org/de.nw/radnetz/instances/Knoten_Wuppertal_3276"], "https://registry.gdi-de.org/up3/ontology/fuehrung": ["https://registry.gdi-de.org/codelist/de.bund.balm.radnetz/Fuehrung/405"], "https://registry.gdi-de.org/up3/ontology/geometrieAbschnitt": ["https://registry.gdi-de.org/de.nw/radnetz/instances/Section_Wuppertal_1226265_549_right_geometry"], "https://registry.gdi-de.org/up3/ontology/licht": ["https://registry.gdi-de.org/codelist/de.bund.balm.radnetz/Licht/1"], "https://registry.gdi-de.org/up3/ontology/quell-ID": ["1226265"], "https://registry.gdi-de.org/up3/ontology/richtung": ["https://registry.gdi-de.org/codelist/de.bund.balm.radnetz/Richtung/2"], "https://registry.gdi-de.org/up3/ontology/steigung": ["1.322767"], "https://registry.gdi-de.org/up3/ontology/strecken-ID": ["Section_Wuppertal_1226265_549_right"]}, "geometry": {"type": "LineString", "coordinates": [[7.1035241386, 51.248376912, 144.42], [7.1033242072, 51.2485376254, 144.72]]}}, {"type": "Feature", "id": "https://registry.gdi-de.org/de.nw/radnetz/instances/Section_Wuppertal_1226954_652_right", "name": "", "dateprops": [], "properties": {"http://rdfs.org/ns/void#inDataset": ["https://registry.gdi-de.org/de.nw/radnetz/instances/exnw_dataset"], "http://www.opengis.net/ont/geosparql#hasGeometry": ["https://registry.gdi-de.org/de.nw/radnetz/instances/Section_Wuppertal_1226954_652_right_geometry"], "http://www.w3.org/1999/02/22-rdf-syntax-ns#type": ["https://registry.gdi-de.org/up3/ontology/Streckenabschnitt_optional"], "https://registry.gdi-de.org/up3/ontology/beginntBeiKnoten": ["https://registry.gdi-de.org/de.nw/radnetz/instances/Knoten_Wuppertal_116410101"], "https://registry.gdi-de.org/up3/ontology/endetBeiKnoten": ["https://registry.gdi-de.org/de.nw/radnetz/instances/Knoten_Wuppertal_8960"], "https://registry.gdi-de.org/up3/ontology/fuehrung": ["https://registry.gdi-de.org/codelist/de.bund.balm.radnetz/Fuehrung/401"], "https://registry.gdi-de.org/up3/ontology/geometrieAbschnitt": ["https://registry.gdi-de.org/de.nw/radnetz/instances/Section_Wuppertal_1226954_652_right_geometry"], "https://registry.gdi-de.org/up3/ontology/licht": ["https://registry.gdi-de.org/codelist/de.bund.balm.radnetz/Licht/1"], "https://registry.gdi-de.org/up3/ontology/quell-ID": ["1226954"], "https://registry.gdi-de.org/up3/ontology/richtung": ["https://registry.gdi-de.org/codelist/de.bund.balm.radnetz/Richtung/2"], "https://registry.gdi-de.org/up3/ontology/steigung": ["0.6828446"], "https://registry.gdi-de.org/up3/ontology/strecken-ID": ["Section_Wuppertal_1226954_652_right"]}, "geometry": {"type": "LineString", "coordinates": [[7.2364353813, 51.2670911283, 165.77], [7.2366598731, 51.2667791213, 166.03]]}}, {"type": "Feature", "id": "https://registry.gdi-de.org/de.nw/radnetz/instances/Section_Wuppertal_1229926_814_right", "name": "", "dateprops": [], "properties": {"http://rdfs.org/ns/void#inDataset": ["https://registry.gdi-de.org/de.nw/radnetz/instances/exnw_dataset"], "http://www.opengis.net/ont/geosparql#hasGeometry": ["https://registry.gdi-de.org/de.nw/radnetz/instances/Section_Wuppertal_1229926_814_right_geometry"], "http://www.w3.org/1999/02/22-rdf-syntax-ns#type": ["https://registry.gdi-de.org/up3/ontology/Streckenabschnitt_optional"], "https://registry.gdi-de.org/up3/ontology/beginntBeiKnoten": ["https://registry.gdi-de.org/de.nw/radnetz/instances/Knoten_Wuppertal_1189691303"], "https://registry.gdi-de.org/up3/ontology/endetBeiKnoten": ["https://registry.gdi-de.org/de.nw/radnetz/instances/Knoten_Wuppertal_122700101"], "https://registry.gdi-de.org/up3/ontology/fuehrung": ["https://registry.gdi-de.org/codelist/de.bund.balm.radnetz/Fuehrung/401"], "https://registry.gdi-de.org/up3/ontology/geometrieAbschnitt": ["https://registry.gdi-de.org/de.nw/radnetz/instances/Section_Wuppertal_1229926_814_right_geometry"], "https://registry.gdi-de.org/up3/ontology/licht": ["https://registry.gdi-de.org/codelist/de.bund.balm.radnetz/Licht/0"], "https://registry.gdi-de.org/up3/ontology/quell-ID": ["1229926"], "https://registry.gdi-de.org/up3/ontology/richtung": ["https://registry.gdi-de.org/codelist/de.bund.balm.radnetz/Richtung/2"], "https://registry.gdi-de.org/up3/ontology/steigung": ["1.592161"], "https://registry.gdi-de.org/up3/ontology/strecken-ID": ["Section_Wuppertal_1229926_814_right"]}, "geometry": {"type": "LineString", "coordinates": [[7.3113295501, 51.2205226401, 0.0], [7.3126136384, 51.2196735755, 0.0], [7.3132803063, 51.2195583824, 0.0], [7.3153990455, 51.219588907, 0.0], [7.3159911492, 51.2197014355, 0.0], [7.3171000525, 51.2201750088, 0.0], [7.3187836803, 51.2212392558, 0.0], [7.3190549612, 51.2214386511, 0.01]]}}, {"type": "Feature", "id": "https://registry.gdi-de.org/de.nw/radnetz/instances/Section_Wuppertal_5698_888_right", "name": "", "dateprops": [], "properties": {"http://rdfs.org/ns/void#inDataset": ["https://registry.gdi-de.org/de.nw/radnetz/instances/exnw_dataset"], "http://www.opengis.net/ont/geosparql#hasGeometry": ["https://registry.gdi-de.org/de.nw/radnetz/instances/Section_Wuppertal_5698_888_right_geometry"], "http://www.w3.org/1999/02/22-rdf-syntax-ns#type": ["https://registry.gdi-de.org/up3/ontology/Streckenabschnitt_optional"], "https://registry.gdi-de.org/up3/ontology/beginntBeiKnoten": ["https://registry.gdi-de.org/de.nw/radnetz/instances/Knoten_Wuppertal_3915"], "https://registry.gdi-de.org/up3/ontology/endetBeiKnoten": ["https://registry.gdi-de.org/de.nw/radnetz/instances/Knoten_Wuppertal_3938"], "https://registry.gdi-de.org/up3/ontology/fuehrung": ["https://registry.gdi-de.org/codelist/de.bund.balm.radnetz/Fuehrung/200"], "https://registry.gdi-de.org/up3/ontology/geometrieAbschnitt": ["https://registry.gdi-de.org/de.nw/radnetz/instances/Section_Wuppertal_5698_888_right_geometry"], "https://registry.gdi-de.org/up3/ontology/licht": ["https://registry.gdi-de.org/codelist/de.bund.balm.radnetz/Licht/1"], "https://registry.gdi-de.org/up3/ontology/quell-ID": ["5698"], "https://registry.gdi-de.org/up3/ontology/richtung": ["https://registry.gdi-de.org/codelist/de.bund.balm.radnetz/Richtung/2"], "https://registry.gdi-de.org/up3/ontology/steigung": ["5.745101"], "https://registry.gdi-de.org/up3/ontology/strecken-ID": ["Section_Wuppertal_5698_888_right"]}, "geometry": {"type": "LineString", "coordinates": [[7.1220850153, 51.2754029376, 233.32], [7.1220969977, 51.2756481213, 0.0], [7.1226371543, 51.2772338925, 245.25]]}}, {"type": "Feature", "id": "https://registry.gdi-de.org/de.nw/radnetz/instances/Section_Wuppertal_1228472_713_right", "name": "", "dateprops": [], "properties": {"http://rdfs.org/ns/void#inDataset": ["https://registry.gdi-de.org/de.nw/radnetz/instances/exnw_dataset"], "http://www.opengis.net/ont/geosparql#hasGeometry": ["https://registry.gdi-de.org/de.nw/radnetz/instances/Section_Wuppertal_1228472_713_right_geometry"], "http://www.w3.org/1999/02/22-rdf-syntax-ns#type": ["https://registry.gdi-de.org/up3/ontology/Streckenabschnitt_optional"], "https://registry.gdi-de.org/up3/ontology/beginntBeiKnoten": ["https://registry.gdi-de.org/de.nw/radnetz/instances/Knoten_Wuppertal_1189690604"], "https://registry.gdi-de.org/up3/ontology/endetBeiKnoten": ["https://registry.gdi-de.org/de.nw/radnetz/instances/Knoten_Wuppertal_4569"], "https://registry.gdi-de.org/up3/ontology/fuehrung": ["https://registry.gdi-de.org/codelist/de.bund.balm.radnetz/Fuehrung/405"], "https://registry.gdi-de.org/up3/ontology/geometrieAbschnitt": ["https://registry.gdi-de.org/de.nw/radnetz/instances/Section_Wuppertal_1228472_713_right_geometry"], "https://registry.gdi-de.org/up3/ontology/licht": ["https://registry.gdi-de.org/codelist/de.bund.balm.radnetz/Licht/1"], "https://registry.gdi-de.org/up3/ontology/quell-ID": ["1228472"], "https://registry.gdi-de.org/up3/ontology/richtung": ["https://registry.gdi-de.org/codelist/de.bund.balm.radnetz/Richtung/2"], "https://registry.gdi-de.org/up3/ontology/steigung": ["2.198445"], "https://registry.gdi-de.org/up3/ontology/strecken-ID": ["Section_Wuppertal_1228472_713_right"]}, "geometry": {"type": "LineString", "coordinates": [[7.1384656676, 51.2098670056, 298.86], [7.1372229664, 51.2091817274, 301.4]]}}, {"type": "Feature", "id": "https://registry.gdi-de.org/de.nw/radnetz/instances/Section_Wuppertal_3764_92_right", "name": "", "dateprops": [], "properties": {"http://rdfs.org/ns/void#inDataset": ["https://registry.gdi-de.org/de.nw/radnetz/instances/exnw_dataset"], "http://www.opengis.net/ont/geosparql#hasGeometry": ["https://registry.gdi-de.org/de.nw/radnetz/instances/Section_Wuppertal_3764_92_right_geometry"], "http://www.w3.org/1999/02/22-rdf-syntax-ns#type": ["https://registry.gdi-de.org/up3/ontology/Streckenabschnitt_optional"], "https://registry.gdi-de.org/up3/ontology/beginntBeiKnoten": ["https://registry.gdi-de.org/de.nw/radnetz/instances/Knoten_Wuppertal_4496"], "https://registry.gdi-de.org/up3/ontology/endetBeiKnoten": ["https://registry.gdi-de.org/de.nw/radnetz/instances/Knoten_Wuppertal_4517"], "https://registry.gdi-de.org/up3/ontology/geometrieAbschnitt": ["https://registry.gdi-de.org/de.nw/radnetz/instances/Section_Wuppertal_3764_92_right_geometry"], "https://registry.gdi-de.org/up3/ontology/licht": ["https://registry.gdi-de.org/codelist/de.bund.balm.radnetz/Licht/1"], "https://registry.gdi-de.org/up3/ontology/quell-ID": ["3764"], "https://registry.gdi-de.org/up3/ontology/richtung": ["https://registry.gdi-de.org/codelist/de.bund.balm.radnetz/Richtung/2"], "https://registry.gdi-de.org/up3/ontology/steigung": ["1.288055"], "https://registry.gdi-de.org/up3/ontology/strecken-ID": ["Section_Wuppertal_3764_92_right"]}, "geometry": {"type": "LineString", "coordinates": [[7.1338773416, 51.2529724208, 141.95], [7.1342185532, 51.2530572951, 142.28]]}}, {"type": "Feature", "id": "https://registry.gdi-de.org/de.nw/radnetz/instances/Section_Wuppertal_1226805_634_right", "name": "", "dateprops": [], "properties": {"http://rdfs.org/ns/void#inDataset": ["https://registry.gdi-de.org/de.nw/radnetz/instances/exnw_dataset"], "http://www.opengis.net/ont/geosparql#hasGeometry": ["https://registry.gdi-de.org/de.nw/radnetz/instances/Section_Wuppertal_1226805_634_right_geometry"], "http://www.w3.org/1999/02/22-rdf-syntax-ns#type": ["https://registry.gdi-de.org/up3/ontology/Streckenabschnitt_optional"], "https://registry.gdi-de.org/up3/ontology/beginntBeiKnoten": ["https://registry.gdi-de.org/de.nw/radnetz/instances/Knoten_Wuppertal_114140101"], "https://registry.gdi-de.org/up3/ontology/endetBeiKnoten": ["https://registry.gdi-de.org/de.nw/radnetz/instances/Knoten_Wuppertal_5371"], "https://registry.gdi-de.org/up3/ontology/geometrieAbschnitt": ["https://registry.gdi-de.org/de.nw/radnetz/instances/Section_Wuppertal_1226805_634_right_geometry"], "https://registry.gdi-de.org/up3/ontology/licht": ["https://registry.gdi-de.org/codelist/de.bund.balm.radnetz/Licht/1"], "https://registry.gdi-de.org/up3/ontology/quell-ID": ["1226805"], "https://registry.gdi-de.org/up3/ontology/richtung": ["https://registry.gdi-de.org/codelist/de.bund.balm.radnetz/Richtung/2"], "https://registry.gdi-de.org/up3/ontology/steigung": ["2.156263"], "https://registry.gdi-de.org/up3/ontology/strecken-ID": ["Section_Wuppertal_1226805_634_right"]}, "geometry": {"type": "LineString", "coordinates": [[7.1502043023, 51.2262970535, 329.89], [7.1509618114, 51.2264228267, 331.07]]}}, {"type": "Feature", "id": "https://registry.gdi-de.org/de.nw/radnetz/instances/Section_Wuppertal_12324_263_right", "name": "", "dateprops": [], "properties": {"http://rdfs.org/ns/void#inDataset": ["https://registry.gdi-de.org/de.nw/radnetz/instances/exnw_dataset"], "http://www.opengis.net/ont/geosparql#hasGeometry": ["https://registry.gdi-de.org/de.nw/radnetz/instances/Section_Wuppertal_12324_263_right_geometry"], "http://www.w3.org/1999/02/22-rdf-syntax-ns#type": ["https://registry.gdi-de.org/up3/ontology/Streckenabschnitt_optional"], "https://registry.gdi-de.org/up3/ontology/beginntBeiKnoten": ["https://registry.gdi-de.org/de.nw/radnetz/instances/Knoten_Wuppertal_2467"], "https://registry.gdi-de.org/up3/ontology/endetBeiKnoten": ["https://registry.gdi-de.org/de.nw/radnetz/instances/Knoten_Wuppertal_2438"], "https://registry.gdi-de.org/up3/ontology/fuehrung": ["https://registry.gdi-de.org/codelist/de.bund.balm.radnetz/Fuehrung/200"], "https://registry.gdi-de.org/up3/ontology/geometrieAbschnitt": ["https://registry.gdi-de.org/de.nw/radnetz/instances/Section_Wuppertal_12324_263_right_geometry"], "https://registry.gdi-de.org/up3/ontology/licht": ["https://registry.gdi-de.org/codelist/de.bund.balm.radnetz/Licht/1"], "https://registry.gdi-de.org/up3/ontology/quell-ID": ["12324"], "https://registry.gdi-de.org/up3/ontology/richtung": ["https://registry.gdi-de.org/codelist/de.bund.balm.radnetz/Richtung/2"], "https://registry.gdi-de.org/up3/ontology/steigung": ["0.159042"], "https://registry.gdi-de.org/up3/ontology/strecken-ID": ["Section_Wuppertal_12324_263_right"]}, "geometry": {"type": "LineString", "coordinates": [[7.0659193506, 51.2259812813, 200.96], [7.0653295991, 51.2257720595, 0.0], [7.0648245905, 51.2255891953, 201.1]]}}, {"type": "Feature", "id": "https://registry.gdi-de.org/de.nw/radnetz/instances/Section_Wuppertal_1225882_1044_right", "name": "", "dateprops": [], "properties": {"http://rdfs.org/ns/void#inDataset": ["https://registry.gdi-de.org/de.nw/radnetz/instances/exnw_dataset"], "http://www.opengis.net/ont/geosparql#hasGeometry": ["https://registry.gdi-de.org/de.nw/radnetz/instances/Section_Wuppertal_1225882_1044_right_geometry"], "http://www.w3.org/1999/02/22-rdf-syntax-ns#type": ["https://registry.gdi-de.org/up3/ontology/Streckenabschnitt_optional"], "https://registry.gdi-de.org/up3/ontology/beginntBeiKnoten": ["https://registry.gdi-de.org/de.nw/radnetz/instances/Knoten_Wuppertal_112780101"], "https://registry.gdi-de.org/up3/ontology/endetBeiKnoten": ["https://registry.gdi-de.org/de.nw/radnetz/instances/Knoten_Wuppertal_112780102"], "https://registry.gdi-de.org/up3/ontology/geometrieAbschnitt": ["https://registry.gdi-de.org/de.nw/radnetz/instances/Section_Wuppertal_1225882_1044_right_geometry"], "https://registry.gdi-de.org/up3/ontology/licht": ["https://registry.gdi-de.org/codelist/de.bund.balm.radnetz/Licht/1"], "https://registry.gdi-de.org/up3/ontology/quell-ID": ["1225882"], "https://registry.gdi-de.org/up3/ontology/richtung": ["https://registry.gdi-de.org/codelist/de.bund.balm.radnetz/Richtung/2"], "https://registry.gdi-de.org/up3/ontology/steigung": ["8.263931"], "https://registry.gdi-de.org/up3/ontology/strecken-ID": ["Section_Wuppertal_1225882_1044_right"]}, "geometry": {"type": "LineString", "coordinates": [[7.1309731828, 51.2736955526, 0.0], [7.1309148567, 51.2738014639, 0.0]]}}, {"type": "Feature", "id": "https://registry.gdi-de.org/de.nw/radnetz/instances/Section_Wuppertal_1224242_1071_right", "name": "", "dateprops": [], "properties": {"http://rdfs.org/ns/void#inDataset": ["https://registry.gdi-de.org/de.nw/radnetz/instances/exnw_dataset"], "http://www.opengis.net/ont/geosparql#hasGeometry": ["https://registry.gdi-de.org/de.nw/radnetz/instances/Section_Wuppertal_1224242_1071_right_geometry"], "http://www.w3.org/1999/02/22-rdf-syntax-ns#type": ["https://registry.gdi-de.org/up3/ontology/Streckenabschnitt_optional"], "https://registry.gdi-de.org/up3/ontology/beginntBeiKnoten": ["https://registry.gdi-de.org/de.nw/radnetz/instances/Knoten_Wuppertal_6080"], "https://registry.gdi-de.org/up3/ontology/endetBeiKnoten": ["https://registry.gdi-de.org/de.nw/radnetz/instances/Knoten_Wuppertal_112170102"], "https://registry.gdi-de.org/up3/ontology/geometrieAbschnitt": ["https://registry.gdi-de.org/de.nw/radnetz/instances/Section_Wuppertal_1224242_1071_right_geometry"], "https://registry.gdi-de.org/up3/ontology/licht": ["https://registry.gdi-de.org/codelist/de.bund.balm.radnetz/Licht/1"], "https://registry.gdi-de.org/up3/ontology/quell-ID": ["1224242"], "https://registry.gdi-de.org/up3/ontology/richtung": ["https://registry.gdi-de.org/codelist/de.bund.balm.radnetz/Richtung/2"], "https://registry.gdi-de.org/up3/ontology/steigung": ["2.543676"], "https://registry.gdi-de.org/up3/ontology/strecken-ID": ["Section_Wuppertal_1224242_1071_right"]}, "geometry": {"type": "LineString", "coordinates": [[7.1631227723, 51.2771635797, 0.0], [7.1627876821, 51.2769588075, 0.0], [7.162573435, 51.2768335469, 0.0]]}}, {"type": "Feature", "id": "https://registry.gdi-de.org/de.nw/radnetz/instances/Section_Wuppertal_1226612_602_right", "name": "", "dateprops": [], "properties": {"http://rdfs.org/ns/void#inDataset": ["https://registry.gdi-de.org/de.nw/radnetz/instances/exnw_dataset"], "http://www.opengis.net/ont/geosparql#hasGeometry": ["https://registry.gdi-de.org/de.nw/radnetz/instances/Section_Wuppertal_1226612_602_right_geometry"], "http://www.w3.org/1999/02/22-rdf-syntax-ns#type": ["https://registry.gdi-de.org/up3/ontology/Streckenabschnitt_optional"], "https://registry.gdi-de.org/up3/ontology/beginntBeiKnoten": ["https://registry.gdi-de.org/de.nw/radnetz/instances/Knoten_Wuppertal_112680101"], "https://registry.gdi-de.org/up3/ontology/endetBeiKnoten": ["https://registry.gdi-de.org/de.nw/radnetz/instances/Knoten_Wuppertal_3827"], "https://registry.gdi-de.org/up3/ontology/fuehrung": ["https://registry.gdi-de.org/codelist/de.bund.balm.radnetz/Fuehrung/401"], "https://registry.gdi-de.org/up3/ontology/geometrieAbschnitt": ["https://registry.gdi-de.org/de.nw/radnetz/instances/Section_Wuppertal_1226612_602_right_geometry"], "https://registry.gdi-de.org/up3/ontology/licht": ["https://registry.gdi-de.org/codelist/de.bund.balm.radnetz/Licht/1"], "https://registry.gdi-de.org/up3/ontology/quell-ID": ["1226612"], "https://registry.gdi-de.org/up3/ontology/richtung": ["https://registry.gdi-de.org/codelist/de.bund.balm.radnetz/Richtung/2"], "https://registry.gdi-de.org/up3/ontology/steigung": ["4.35605"], "https://registry.gdi-de.org/up3/ontology/strecken-ID": ["Section_Wuppertal_1226612_602_right"]}, "geometry": {"type": "LineString", "coordinates": [[7.1190283965, 51.28171485, 282.09], [7.1197513319, 51.2811445845, 285.62]]}}, {"type": "Feature", "id": "https://registry.gdi-de.org/de.nw/radnetz/instances/Section_Wuppertal_1225330_471_right", "name": "", "dateprops": [], "properties": {"http://rdfs.org/ns/void#inDataset": ["https://registry.gdi-de.org/de.nw/radnetz/instances/exnw_dataset"], "http://www.opengis.net/ont/geosparql#hasGeometry": ["https://registry.gdi-de.org/de.nw/radnetz/instances/Section_Wuppertal_1225330_471_right_geometry"], "http://www.w3.org/1999/02/22-rdf-syntax-ns#type": ["https://registry.gdi-de.org/up3/ontology/Streckenabschnitt_optional"], "https://registry.gdi-de.org/up3/ontology/beginntBeiKnoten": ["https://registry.gdi-de.org/de.nw/radnetz/instances/Knoten_Wuppertal_114210102"], "https://registry.gdi-de.org/up3/ontology/endetBeiKnoten": ["https://registry.gdi-de.org/de.nw/radnetz/instances/Knoten_Wuppertal_4256"], "https://registry.gdi-de.org/up3/ontology/geometrieAbschnitt": ["https://registry.gdi-de.org/de.nw/radnetz/instances/Section_Wuppertal_1225330_471_right_geometry"], "https://registry.gdi-de.org/up3/ontology/licht": ["https://registry.gdi-de.org/codelist/de.bund.balm.radnetz/Licht/1"], "https://registry.gdi-de.org/up3/ontology/quell-ID": ["1225330"], "https://registry.gdi-de.org/up3/ontology/richtung": ["https://registry.gdi-de.org/codelist/de.bund.balm.radnetz/Richtung/2"], "https://registry.gdi-de.org/up3/ontology/steigung": ["3.099943"], "https://registry.gdi-de.org/up3/ontology/strecken-ID": ["Section_Wuppertal_1225330_471_right"]}, "geometry": {"type": "LineString", "coordinates": [[7.1314453087, 51.1996529312, 263.63], [7.1315656016, 51.2002386598, 0.0], [7.1315215766, 51.2007784271, 267.53]]}}, {"type": "Feature", "id": "https://registry.gdi-de.org/de.nw/radnetz/instances/Section_Wuppertal_8166_1022_right", "name": "", "dateprops": [], "properties": {"http://rdfs.org/ns/void#inDataset": ["https://registry.gdi-de.org/de.nw/radnetz/instances/exnw_dataset"], "http://www.opengis.net/ont/geosparql#hasGeometry": ["https://registry.gdi-de.org/de.nw/radnetz/instances/Section_Wuppertal_8166_1022_right_geometry"], "http://www.w3.org/1999/02/22-rdf-syntax-ns#type": ["https://registry.gdi-de.org/up3/ontology/Streckenabschnitt_optional"], "https://registry.gdi-de.org/up3/ontology/beginntBeiKnoten": ["https://registry.gdi-de.org/de.nw/radnetz/instances/Knoten_Wuppertal_4868"], "https://registry.gdi-de.org/up3/ontology/endetBeiKnoten": ["https://registry.gdi-de.org/de.nw/radnetz/instances/Knoten_Wuppertal_4937"], "https://registry.gdi-de.org/up3/ontology/fuehrung": ["https://registry.gdi-de.org/codelist/de.bund.balm.radnetz/Fuehrung/401"], "https://registry.gdi-de.org/up3/ontology/geometrieAbschnitt": ["https://registry.gdi-de.org/de.nw/radnetz/instances/Section_Wuppertal_8166_1022_right_geometry"], "https://registry.gdi-de.org/up3/ontology/licht": ["https://registry.gdi-de.org/codelist/de.bund.balm.radnetz/Licht/1"], "https://registry.gdi-de.org/up3/ontology/quell-ID": ["8166"], "https://registry.gdi-de.org/up3/ontology/richtung": ["https://registry.gdi-de.org/codelist/de.bund.balm.radnetz/Richtung/2"], "https://registry.gdi-de.org/up3/ontology/steigung": ["1.21746"], "https://registry.gdi-de.org/up3/ontology/strecken-ID": ["Section_Wuppertal_8166_1022_right"]}, "geometry": {"type": "LineString", "coordinates": [[7.1408932744, 51.2822533637, 0.0], [7.1419134296, 51.2825754799, 0.0]]}}, {"type": "Feature", "id": "https://registry.gdi-de.org/de.nw/radnetz/instances/Section_Wuppertal_1226589_595_right", "name": "", "dateprops": [], "properties": {"http://rdfs.org/ns/void#inDataset": ["https://registry.gdi-de.org/de.nw/radnetz/instances/exnw_dataset"], "http://www.opengis.net/ont/geosparql#hasGeometry": ["https://registry.gdi-de.org/de.nw/radnetz/instances/Section_Wuppertal_1226589_595_right_geometry"], "http://www.w3.org/1999/02/22-rdf-syntax-ns#type": ["https://registry.gdi-de.org/up3/ontology/Streckenabschnitt_optional"], "https://registry.gdi-de.org/up3/ontology/beginntBeiKnoten": ["https://registry.gdi-de.org/de.nw/radnetz/instances/Knoten_Wuppertal_9946"], "https://registry.gdi-de.org/up3/ontology/endetBeiKnoten": ["https://registry.gdi-de.org/de.nw/radnetz/instances/Knoten_Wuppertal_116510102"], "https://registry.gdi-de.org/up3/ontology/fuehrung": ["https://registry.gdi-de.org/codelist/de.bund.balm.radnetz/Fuehrung/401"], "https://registry.gdi-de.org/up3/ontology/geometrieAbschnitt": ["https://registry.gdi-de.org/de.nw/radnetz/instances/Section_Wuppertal_1226589_595_right_geometry"], "https://registry.gdi-de.org/up3/ontology/licht": ["https://registry.gdi-de.org/codelist/de.bund.balm.radnetz/Licht/1"], "https://registry.gdi-de.org/up3/ontology/quell-ID": ["1226589"], "https://registry.gdi-de.org/up3/ontology/richtung": ["https://registry.gdi-de.org/codelist/de.bund.balm.radnetz/Richtung/2"], "https://registry.gdi-de.org/up3/ontology/steigung": ["0.6087349"], "https://registry.gdi-de.org/up3/ontology/strecken-ID": ["Section_Wuppertal_1226589_595_right"]}, "geometry": {"type": "LineString", "coordinates": [[7.2891624348, 51.2501269555, 189.2], [7.2899116698, 51.2500792475, 189.52]]}}, {"type": "Feature", "id": "https://registry.gdi-de.org/de.nw/radnetz/instances/Section_Wuppertal_3478_84_right", "name": "", "dateprops": [], "properties": {"http://rdfs.org/ns/void#inDataset": ["https://registry.gdi-de.org/de.nw/radnetz/instances/exnw_dataset"], "http://www.opengis.net/ont/geosparql#hasGeometry": ["https://registry.gdi-de.org/de.nw/radnetz/instances/Section_Wuppertal_3478_84_right_geometry"], "http://www.w3.org/1999/02/22-rdf-syntax-ns#type": ["https://registry.gdi-de.org/up3/ontology/Streckenabschnitt_optional"], "https://registry.gdi-de.org/up3/ontology/beginntBeiKnoten": ["https://registry.gdi-de.org/de.nw/radnetz/instances/Knoten_Wuppertal_8867"], "https://registry.gdi-de.org/up3/ontology/endetBeiKnoten": ["https://registry.gdi-de.org/de.nw/radnetz/instances/Knoten_Wuppertal_8839"], "https://registry.gdi-de.org/up3/ontology/fuehrung": ["https://registry.gdi-de.org/codelist/de.bund.balm.radnetz/Fuehrung/401"], "https://registry.gdi-de.org/up3/ontology/geometrieAbschnitt": ["https://registry.gdi-de.org/de.nw/radnetz/instances/Section_Wuppertal_3478_84_right_geometry"], "https://registry.gdi-de.org/up3/ontology/licht": ["https://registry.gdi-de.org/codelist/de.bund.balm.radnetz/Licht/1"], "https://registry.gdi-de.org/up3/ontology/quell-ID": ["3478"], "https://registry.gdi-de.org/up3/ontology/richtung": ["https://registry.gdi-de.org/codelist/de.bund.balm.radnetz/Richtung/2"], "https://registry.gdi-de.org/up3/ontology/steigung": ["0.5669668"], "https://registry.gdi-de.org/up3/ontology/strecken-ID": ["Section_Wuppertal_3478_84_right"]}, "geometry": {"type": "LineString", "coordinates": [[7.2340490174, 51.2607345285, 168.18], [7.233582713, 51.2601628027, 0.0], [7.23312816, 51.2593302614, 169.14]]}}, {"type": "Feature", "id": "https://registry.gdi-de.org/de.nw/radnetz/instances/Section_Wuppertal_1227986_972_right", "name": "", "dateprops": [], "properties": {"http://rdfs.org/ns/void#inDataset": ["https://registry.gdi-de.org/de.nw/radnetz/instances/exnw_dataset"], "http://www.opengis.net/ont/geosparql#hasGeometry": ["https://registry.gdi-de.org/de.nw/radnetz/instances/Section_Wuppertal_1227986_972_right_geometry"], "http://www.w3.org/1999/02/22-rdf-syntax-ns#type": ["https://registry.gdi-de.org/up3/ontology/Streckenabschnitt_optional"], "https://registry.gdi-de.org/up3/ontology/beginntBeiKnoten": ["https://registry.gdi-de.org/de.nw/radnetz/instances/Knoten_Wuppertal_1189690368"], "https://registry.gdi-de.org/up3/ontology/endetBeiKnoten": ["https://registry.gdi-de.org/de.nw/radnetz/instances/Knoten_Wuppertal_114550103"], "https://registry.gdi-de.org/up3/ontology/fuehrung": ["https://registry.gdi-de.org/codelist/de.bund.balm.radnetz/Fuehrung/405"], "https://registry.gdi-de.org/up3/ontology/geometrieAbschnitt": ["https://registry.gdi-de.org/de.nw/radnetz/instances/Section_Wuppertal_1227986_972_right_geometry"], "https://registry.gdi-de.org/up3/ontology/licht": ["https://registry.gdi-de.org/codelist/de.bund.balm.radnetz/Licht/1"], "https://registry.gdi-de.org/up3/ontology/quell-ID": ["1227986"], "https://registry.gdi-de.org/up3/ontology/richtung": ["https://registry.gdi-de.org/codelist/de.bund.balm.radnetz/Richtung/2"], "https://registry.gdi-de.org/up3/ontology/steigung": ["0.8910553"], "https://registry.gdi-de.org/up3/ontology/strecken-ID": ["Section_Wuppertal_1227986_972_right"]}, "geometry": {"type": "LineString", "coordinates": [[7.1550396915, 51.2413202467, 0.0], [7.155573001, 51.2407599824, 0.0], [7.1556697903, 51.2400488976, 0.0], [7.1555737644, 51.2396453515, 0.0], [7.1554569987, 51.2395601616, 0.0]]}}, {"type": "Feature", "id": "https://registry.gdi-de.org/de.nw/radnetz/instances/Section_Wuppertal_2607_1029_right", "name": "", "dateprops": [], "properties": {"http://rdfs.org/ns/void#inDataset": ["https://registry.gdi-de.org/de.nw/radnetz/instances/exnw_dataset"], "http://www.opengis.net/ont/geosparql#hasGeometry": ["https://registry.gdi-de.org/de.nw/radnetz/instances/Section_Wuppertal_2607_1029_right_geometry"], "http://www.w3.org/1999/02/22-rdf-syntax-ns#type": ["https://registry.gdi-de.org/up3/ontology/Streckenabschnitt_optional"], "https://registry.gdi-de.org/up3/ontology/beginntBeiKnoten": ["https://registry.gdi-de.org/de.nw/radnetz/instances/Knoten_Wuppertal_4291"], "https://registry.gdi-de.org/up3/ontology/endetBeiKnoten": ["https://registry.gdi-de.org/de.nw/radnetz/instances/Knoten_Wuppertal_4288"], "https://registry.gdi-de.org/up3/ontology/geometrieAbschnitt": ["https://registry.gdi-de.org/de.nw/radnetz/instances/Section_Wuppertal_2607_1029_right_geometry"], "https://registry.gdi-de.org/up3/ontology/licht": ["https://registry.gdi-de.org/codelist/de.bund.balm.radnetz/Licht/1"], "https://registry.gdi-de.org/up3/ontology/quell-ID": ["2607"], "https://registry.gdi-de.org/up3/ontology/richtung": ["https://registry.gdi-de.org/codelist/de.bund.balm.radnetz/Richtung/2"], "https://registry.gdi-de.org/up3/ontology/steigung": ["6.295177"], "https://registry.gdi-de.org/up3/ontology/strecken-ID": ["Section_Wuppertal_2607_1029_right"]}, "geometry": {"type": "LineString", "coordinates": [[7.1291094602, 51.276913664, 0.0], [7.1290984526, 51.2769428487, 0.0]]}}, {"type": "Feature", "id": "https://registry.gdi-de.org/de.nw/radnetz/instances/Section_Wuppertal_1223618_380_right", "name": "", "dateprops": [], "properties": {"http://rdfs.org/ns/void#inDataset": ["https://registry.gdi-de.org/de.nw/radnetz/instances/exnw_dataset"], "http://www.opengis.net/ont/geosparql#hasGeometry": ["https://registry.gdi-de.org/de.nw/radnetz/instances/Section_Wuppertal_1223618_380_right_geometry"], "http://www.w3.org/1999/02/22-rdf-syntax-ns#type": ["https://registry.gdi-de.org/up3/ontology/Streckenabschnitt_optional"], "https://registry.gdi-de.org/up3/ontology/beginntBeiKnoten": ["https://registry.gdi-de.org/de.nw/radnetz/instances/Knoten_Wuppertal_2399"], "https://registry.gdi-de.org/up3/ontology/endetBeiKnoten": ["https://registry.gdi-de.org/de.nw/radnetz/instances/Knoten_Wuppertal_113370102"], "https://registry.gdi-de.org/up3/ontology/geometrieAbschnitt": ["https://registry.gdi-de.org/de.nw/radnetz/instances/Section_Wuppertal_1223618_380_right_geometry"], "https://registry.gdi-de.org/up3/ontology/licht": ["https://registry.gdi-de.org/codelist/de.bund.balm.radnetz/Licht/1"], "https://registry.gdi-de.org/up3/ontology/quell-ID": ["1223618"], "https://registry.gdi-de.org/up3/ontology/richtung": ["https://registry.gdi-de.org/codelist/de.bund.balm.radnetz/Richtung/2"], "https://registry.gdi-de.org/up3/ontology/steigung": ["3.654552"], "https://registry.gdi-de.org/up3/ontology/strecken-ID": ["Section_Wuppertal_1223618_380_right"]}, "geometry": {"type": "LineString", "coordinates": [[7.0634092182, 51.2309016953, 184.45], [7.0630023523, 51.2312693878, 186.27]]}}, {"type": "Feature", "id": "https://registry.gdi-de.org/de.nw/radnetz/instances/Section_Wuppertal_1223591_376_right", "name": "", "dateprops": [], "properties": {"http://rdfs.org/ns/void#inDataset": ["https://registry.gdi-de.org/de.nw/radnetz/instances/exnw_dataset"], "http://www.opengis.net/ont/geosparql#hasGeometry": ["https://registry.gdi-de.org/de.nw/radnetz/instances/Section_Wuppertal_1223591_376_right_geometry"], "http://www.w3.org/1999/02/22-rdf-syntax-ns#type": ["https://registry.gdi-de.org/up3/ontology/Streckenabschnitt_optional"], "https://registry.gdi-de.org/up3/ontology/beginntBeiKnoten": ["https://registry.gdi-de.org/de.nw/radnetz/instances/Knoten_Wuppertal_10046"], "https://registry.gdi-de.org/up3/ontology/endetBeiKnoten": ["https://registry.gdi-de.org/de.nw/radnetz/instances/Knoten_Wuppertal_122800101"], "https://registry.gdi-de.org/up3/ontology/fuehrung": ["https://registry.gdi-de.org/codelist/de.bund.balm.radnetz/Fuehrung/401"], "https://registry.gdi-de.org/up3/ontology/geometrieAbschnitt": ["https://registry.gdi-de.org/de.nw/radnetz/instances/Section_Wuppertal_1223591_376_right_geometry"], "https://registry.gdi-de.org/up3/ontology/licht": ["https://registry.gdi-de.org/codelist/de.bund.balm.radnetz/Licht/0"], "https://registry.gdi-de.org/up3/ontology/quell-ID": ["1223591"], "https://registry.gdi-de.org/up3/ontology/richtung": ["https://registry.gdi-de.org/codelist/de.bund.balm.radnetz/Richtung/2"], "https://registry.gdi-de.org/up3/ontology/steigung": ["1.823637"], "https://registry.gdi-de.org/up3/ontology/strecken-ID": ["Section_Wuppertal_1223591_376_right"]}, "geometry": {"type": "LineString", "coordinates": [[7.2972533057, 51.2478807302, 202.73], [7.2994136398, 51.2466901554, 206.39]]}}, {"type": "Feature", "id": "https://registry.gdi-de.org/de.nw/radnetz/instances/Section_Wuppertal_1226420_571_right", "name": "", "dateprops": [], "properties": {"http://rdfs.org/ns/void#inDataset": ["https://registry.gdi-de.org/de.nw/radnetz/instances/exnw_dataset"], "http://www.opengis.net/ont/geosparql#hasGeometry": ["https://registry.gdi-de.org/de.nw/radnetz/instances/Section_Wuppertal_1226420_571_right_geometry"], "http://www.w3.org/1999/02/22-rdf-syntax-ns#type": ["https://registry.gdi-de.org/up3/ontology/Streckenabschnitt_optional"], "https://registry.gdi-de.org/up3/ontology/beginntBeiKnoten": ["https://registry.gdi-de.org/de.nw/radnetz/instances/Knoten_Wuppertal_2374"], "https://registry.gdi-de.org/up3/ontology/endetBeiKnoten": ["https://registry.gdi-de.org/de.nw/radnetz/instances/Knoten_Wuppertal_113370101"], "https://registry.gdi-de.org/up3/ontology/geometrieAbschnitt": ["https://registry.gdi-de.org/de.nw/radnetz/instances/Section_Wuppertal_1226420_571_right_geometry"], "https://registry.gdi-de.org/up3/ontology/licht": ["https://registry.gdi-de.org/codelist/de.bund.balm.radnetz/Licht/1"], "https://registry.gdi-de.org/up3/ontology/quell-ID": ["1226420"], "https://registry.gdi-de.org/up3/ontology/richtung": ["https://registry.gdi-de.org/codelist/de.bund.balm.radnetz/Richtung/2"], "https://registry.gdi-de.org/up3/ontology/steigung": ["7.597497"], "https://registry.gdi-de.org/up3/ontology/strecken-ID": ["Section_Wuppertal_1226420_571_right"]}, "geometry": {"type": "LineString", "coordinates": [[7.0622950452, 51.231727853, 191.65], [7.0618400044, 51.2319304938, 194.61]]}}, {"type": "Feature", "id": "https://registry.gdi-de.org/de.nw/radnetz/instances/Section_Wuppertal_3531_85_right", "name": "", "dateprops": [], "properties": {"http://rdfs.org/ns/void#inDataset": ["https://registry.gdi-de.org/de.nw/radnetz/instances/exnw_dataset"], "http://www.opengis.net/ont/geosparql#hasGeometry": ["https://registry.gdi-de.org/de.nw/radnetz/instances/Section_Wuppertal_3531_85_right_geometry"], "http://www.w3.org/1999/02/22-rdf-syntax-ns#type": ["https://registry.gdi-de.org/up3/ontology/Streckenabschnitt_optional"], "https://registry.gdi-de.org/up3/ontology/beginntBeiKnoten": ["https://registry.gdi-de.org/de.nw/radnetz/instances/Knoten_Wuppertal_2584"], "https://registry.gdi-de.org/up3/ontology/endetBeiKnoten": ["https://registry.gdi-de.org/de.nw/radnetz/instances/Knoten_Wuppertal_2590"], "https://registry.gdi-de.org/up3/ontology/fuehrung": ["https://registry.gdi-de.org/codelist/de.bund.balm.radnetz/Fuehrung/401"], "https://registry.gdi-de.org/up3/ontology/geometrieAbschnitt": ["https://registry.gdi-de.org/de.nw/radnetz/instances/Section_Wuppertal_3531_85_right_geometry"], "https://registry.gdi-de.org/up3/ontology/licht": ["https://registry.gdi-de.org/codelist/de.bund.balm.radnetz/Licht/1"], "https://registry.gdi-de.org/up3/ontology/quell-ID": ["3531"], "https://registry.gdi-de.org/up3/ontology/richtung": ["https://registry.gdi-de.org/codelist/de.bund.balm.radnetz/Richtung/2"], "https://registry.gdi-de.org/up3/ontology/steigung": ["0.1787246"], "https://registry.gdi-de.org/up3/ontology/strecken-ID": ["Section_Wuppertal_3531_85_right"]}, "geometry": {"type": "LineString", "coordinates": [[7.0702095686, 51.2407542266, 208.45], [7.0704123925, 51.2417014384, 208.64]]}}, {"type": "Feature", "id": "https://registry.gdi-de.org/de.nw/radnetz/instances/Section_Wuppertal_1225750_501_right", "name": "", "dateprops": [], "properties": {"http://rdfs.org/ns/void#inDataset": ["https://registry.gdi-de.org/de.nw/radnetz/instances/exnw_dataset"], "http://www.opengis.net/ont/geosparql#hasGeometry": ["https://registry.gdi-de.org/de.nw/radnetz/instances/Section_Wuppertal_1225750_501_right_geometry"], "http://www.w3.org/1999/02/22-rdf-syntax-ns#type": ["https://registry.gdi-de.org/up3/ontology/Streckenabschnitt_optional"], "https://registry.gdi-de.org/up3/ontology/beginntBeiKnoten": ["https://registry.gdi-de.org/de.nw/radnetz/instances/Knoten_Wuppertal_110600202"], "https://registry.gdi-de.org/up3/ontology/endetBeiKnoten": ["https://registry.gdi-de.org/de.nw/radnetz/instances/Knoten_Wuppertal_110600101"], "https://registry.gdi-de.org/up3/ontology/fuehrung": ["https://registry.gdi-de.org/codelist/de.bund.balm.radnetz/Fuehrung/401"], "https://registry.gdi-de.org/up3/ontology/geometrieAbschnitt": ["https://registry.gdi-de.org/de.nw/radnetz/instances/Section_Wuppertal_1225750_501_right_geometry"], "https://registry.gdi-de.org/up3/ontology/licht": ["https://registry.gdi-de.org/codelist/de.bund.balm.radnetz/Licht/1"], "https://registry.gdi-de.org/up3/ontology/quell-ID": ["1225750"], "https://registry.gdi-de.org/up3/ontology/richtung": ["https://registry.gdi-de.org/codelist/de.bund.balm.radnetz/Richtung/2"], "https://registry.gdi-de.org/up3/ontology/steigung": ["2.774425"], "https://registry.gdi-de.org/up3/ontology/strecken-ID": ["Section_Wuppertal_1225750_501_right"]}, "geometry": {"type": "LineString", "coordinates": [[7.1905694435, 51.2251998192, 314.33], [7.1905706165, 51.2249600269, 315.07]]}}, {"type": "Feature", "id": "https://registry.gdi-de.org/de.nw/radnetz/instances/Section_Wuppertal_1225718_1025_right", "name": "", "dateprops": [], "properties": {"http://rdfs.org/ns/void#inDataset": ["https://registry.gdi-de.org/de.nw/radnetz/instances/exnw_dataset"], "http://www.opengis.net/ont/geosparql#hasGeometry": ["https://registry.gdi-de.org/de.nw/radnetz/instances/Section_Wuppertal_1225718_1025_right_geometry"], "http://www.w3.org/1999/02/22-rdf-syntax-ns#type": ["https://registry.gdi-de.org/up3/ontology/Streckenabschnitt_optional"], "https://registry.gdi-de.org/up3/ontology/beginntBeiKnoten": ["https://registry.gdi-de.org/de.nw/radnetz/instances/Knoten_Wuppertal_112890101"], "https://registry.gdi-de.org/up3/ontology/endetBeiKnoten": ["https://registry.gdi-de.org/de.nw/radnetz/instances/Knoten_Wuppertal_5185"], "https://registry.gdi-de.org/up3/ontology/fuehrung": ["https://registry.gdi-de.org/codelist/de.bund.balm.radnetz/Fuehrung/405"], "https://registry.gdi-de.org/up3/ontology/geometrieAbschnitt": ["https://registry.gdi-de.org/de.nw/radnetz/instances/Section_Wuppertal_1225718_1025_right_geometry"], "https://registry.gdi-de.org/up3/ontology/licht": ["https://registry.gdi-de.org/codelist/de.bund.balm.radnetz/Licht/1"], "https://registry.gdi-de.org/up3/ontology/quell-ID": ["1225718"], "https://registry.gdi-de.org/up3/ontology/richtung": ["https://registry.gdi-de.org/codelist/de.bund.balm.radnetz/Richtung/2"], "https://registry.gdi-de.org/up3/ontology/steigung": ["2.001433"], "https://registry.gdi-de.org/up3/ontology/strecken-ID": ["Section_Wuppertal_1225718_1025_right"]}, "geometry": {"type": "LineString", "coordinates": [[7.1449270813, 51.2831406909, 0.0], [7.145617321, 51.2832765417, 0.0]]}}, {"type": "Feature", "id": "https://registry.gdi-de.org/de.nw/radnetz/instances/Section_Wuppertal_1226238_1048_right", "name": "", "dateprops": [], "properties": {"http://rdfs.org/ns/void#inDataset": ["https://registry.gdi-de.org/de.nw/radnetz/instances/exnw_dataset"], "http://www.opengis.net/ont/geosparql#hasGeometry": ["https://registry.gdi-de.org/de.nw/radnetz/instances/Section_Wuppertal_1226238_1048_right_geometry"], "http://www.w3.org/1999/02/22-rdf-syntax-ns#type": ["https://registry.gdi-de.org/up3/ontology/Streckenabschnitt_optional"], "https://registry.gdi-de.org/up3/ontology/beginntBeiKnoten": ["https://registry.gdi-de.org/de.nw/radnetz/instances/Knoten_Wuppertal_4311"], "https://registry.gdi-de.org/up3/ontology/endetBeiKnoten": ["https://registry.gdi-de.org/de.nw/radnetz/instances/Knoten_Wuppertal_112790102"], "https://registry.gdi-de.org/up3/ontology/geometrieAbschnitt": ["https://registry.gdi-de.org/de.nw/radnetz/instances/Section_Wuppertal_1226238_1048_right_geometry"], "https://registry.gdi-de.org/up3/ontology/licht": ["https://registry.gdi-de.org/codelist/de.bund.balm.radnetz/Licht/1"], "https://registry.gdi-de.org/up3/ontology/quell-ID": ["1226238"], "https://registry.gdi-de.org/up3/ontology/richtung": ["https://registry.gdi-de.org/codelist/de.bund.balm.radnetz/Richtung/2"], "https://registry.gdi-de.org/up3/ontology/steigung": ["2.435641"], "https://registry.gdi-de.org/up3/ontology/strecken-ID": ["Section_Wuppertal_1226238_1048_right"]}, "geometry": {"type": "LineString", "coordinates": [[7.1294690645, 51.2764941775, 0.0], [7.1292126713, 51.2767932672, 0.0]]}}, {"type": "Feature", "id": "https://registry.gdi-de.org/de.nw/radnetz/instances/Section_Wuppertal_1225188_456_right", "name": "", "dateprops": [], "properties": {"http://rdfs.org/ns/void#inDataset": ["https://registry.gdi-de.org/de.nw/radnetz/instances/exnw_dataset"], "http://www.opengis.net/ont/geosparql#hasGeometry": ["https://registry.gdi-de.org/de.nw/radnetz/instances/Section_Wuppertal_1225188_456_right_geometry"], "http://www.w3.org/1999/02/22-rdf-syntax-ns#type": ["https://registry.gdi-de.org/up3/ontology/Streckenabschnitt_optional"], "https://registry.gdi-de.org/up3/ontology/beginntBeiKnoten": ["https://registry.gdi-de.org/de.nw/radnetz/instances/Knoten_Wuppertal_8967"], "https://registry.gdi-de.org/up3/ontology/endetBeiKnoten": ["https://registry.gdi-de.org/de.nw/radnetz/instances/Knoten_Wuppertal_116420101"], "https://registry.gdi-de.org/up3/ontology/fuehrung": ["https://registry.gdi-de.org/codelist/de.bund.balm.radnetz/Fuehrung/401"], "https://registry.gdi-de.org/up3/ontology/geometrieAbschnitt": ["https://registry.gdi-de.org/de.nw/radnetz/instances/Section_Wuppertal_1225188_456_right_geometry"], "https://registry.gdi-de.org/up3/ontology/licht": ["https://registry.gdi-de.org/codelist/de.bund.balm.radnetz/Licht/1"], "https://registry.gdi-de.org/up3/ontology/quell-ID": ["1225188"], "https://registry.gdi-de.org/up3/ontology/richtung": ["https://registry.gdi-de.org/codelist/de.bund.balm.radnetz/Richtung/2"], "https://registry.gdi-de.org/up3/ontology/steigung": ["0.9348412"], "https://registry.gdi-de.org/up3/ontology/strecken-ID": ["Section_Wuppertal_1225188_456_right"]}, "geometry": {"type": "LineString", "coordinates": [[7.237037858, 51.2643950209, 168.14], [7.2369920855, 51.2639727526, 0.0], [7.2367780363, 51.2636747245, 168.92]]}}, {"type": "Feature", "id": "https://registry.gdi-de.org/de.nw/radnetz/instances/Section_Wuppertal_1226066_892_right", "name": "", "dateprops": [], "properties": {"http://rdfs.org/ns/void#inDataset": ["https://registry.gdi-de.org/de.nw/radnetz/instances/exnw_dataset"], "http://www.opengis.net/ont/geosparql#hasGeometry": ["https://registry.gdi-de.org/de.nw/radnetz/instances/Section_Wuppertal_1226066_892_right_geometry"], "http://www.w3.org/1999/02/22-rdf-syntax-ns#type": ["https://registry.gdi-de.org/up3/ontology/Streckenabschnitt_optional"], "https://registry.gdi-de.org/up3/ontology/beginntBeiKnoten": ["https://registry.gdi-de.org/de.nw/radnetz/instances/Knoten_Wuppertal_112660102"], "https://registry.gdi-de.org/up3/ontology/endetBeiKnoten": ["https://registry.gdi-de.org/de.nw/radnetz/instances/Knoten_Wuppertal_112660101"], "https://registry.gdi-de.org/up3/ontology/fuehrung": ["https://registry.gdi-de.org/codelist/de.bund.balm.radnetz/Fuehrung/200"], "https://registry.gdi-de.org/up3/ontology/geometrieAbschnitt": ["https://registry.gdi-de.org/de.nw/radnetz/instances/Section_Wuppertal_1226066_892_right_geometry"], "https://registry.gdi-de.org/up3/ontology/licht": ["https://registry.gdi-de.org/codelist/de.bund.balm.radnetz/Licht/1"], "https://registry.gdi-de.org/up3/ontology/quell-ID": ["1226066"], "https://registry.gdi-de.org/up3/ontology/richtung": ["https://registry.gdi-de.org/codelist/de.bund.balm.radnetz/Richtung/2"], "https://registry.gdi-de.org/up3/ontology/steigung": ["5.541268"], "https://registry.gdi-de.org/up3/ontology/strecken-ID": ["Section_Wuppertal_1226066_892_right"]}, "geometry": {"type": "LineString", "coordinates": [[7.1232247589, 51.2777873723, 249.17], [7.1235045212, 51.2780208144, 250.97]]}}, {"type": "Feature", "id": "https://registry.gdi-de.org/de.nw/radnetz/instances/Section_Wuppertal_12945_278_right", "name": "", "dateprops": [], "properties": {"http://rdfs.org/ns/void#inDataset": ["https://registry.gdi-de.org/de.nw/radnetz/instances/exnw_dataset"], "http://www.opengis.net/ont/geosparql#hasGeometry": ["https://registry.gdi-de.org/de.nw/radnetz/instances/Section_Wuppertal_12945_278_right_geometry"], "http://www.w3.org/1999/02/22-rdf-syntax-ns#type": ["https://registry.gdi-de.org/up3/ontology/Streckenabschnitt_optional"], "https://registry.gdi-de.org/up3/ontology/beginntBeiKnoten": ["https://registry.gdi-de.org/de.nw/radnetz/instances/Knoten_Wuppertal_3463"], "https://registry.gdi-de.org/up3/ontology/endetBeiKnoten": ["https://registry.gdi-de.org/de.nw/radnetz/instances/Knoten_Wuppertal_3490"], "https://registry.gdi-de.org/up3/ontology/geometrieAbschnitt": ["https://registry.gdi-de.org/de.nw/radnetz/instances/Section_Wuppertal_12945_278_right_geometry"], "https://registry.gdi-de.org/up3/ontology/licht": ["https://registry.gdi-de.org/codelist/de.bund.balm.radnetz/Licht/1"], "https://registry.gdi-de.org/up3/ontology/quell-ID": ["12945"], "https://registry.gdi-de.org/up3/ontology/richtung": ["https://registry.gdi-de.org/codelist/de.bund.balm.radnetz/Richtung/2"], "https://registry.gdi-de.org/up3/ontology/steigung": ["4.179354"], "https://registry.gdi-de.org/up3/ontology/strecken-ID": ["Section_Wuppertal_12945_278_right"]}, "geometry": {"type": "LineString", "coordinates": [[7.1092503355, 51.2626210689, 199.12], [7.1097950937, 51.2623361404, 0.0], [7.1100798774, 51.2622614641, 0.0], [7.1103129205, 51.2622519362, 202.77]]}}, {"type": "Feature", "id": "https://registry.gdi-de.org/de.nw/radnetz/instances/Section_Wuppertal_1225948_1053_right", "name": "", "dateprops": [], "properties": {"http://rdfs.org/ns/void#inDataset": ["https://registry.gdi-de.org/de.nw/radnetz/instances/exnw_dataset"], "http://www.opengis.net/ont/geosparql#hasGeometry": ["https://registry.gdi-de.org/de.nw/radnetz/instances/Section_Wuppertal_1225948_1053_right_geometry"], "http://www.w3.org/1999/02/22-rdf-syntax-ns#type": ["https://registry.gdi-de.org/up3/ontology/Streckenabschnitt_optional"], "https://registry.gdi-de.org/up3/ontology/beginntBeiKnoten": ["https://registry.gdi-de.org/de.nw/radnetz/instances/Knoten_Wuppertal_112800101"], "https://registry.gdi-de.org/up3/ontology/endetBeiKnoten": ["https://registry.gdi-de.org/de.nw/radnetz/instances/Knoten_Wuppertal_4237"], "https://registry.gdi-de.org/up3/ontology/geometrieAbschnitt": ["https://registry.gdi-de.org/de.nw/radnetz/instances/Section_Wuppertal_1225948_1053_right_geometry"], "https://registry.gdi-de.org/up3/ontology/licht": ["https://registry.gdi-de.org/codelist/de.bund.balm.radnetz/Licht/1"], "https://registry.gdi-de.org/up3/ontology/quell-ID": ["1225948"], "https://registry.gdi-de.org/up3/ontology/richtung": ["https://registry.gdi-de.org/codelist/de.bund.balm.radnetz/Richtung/2"], "https://registry.gdi-de.org/up3/ontology/steigung": ["6.23034"], "https://registry.gdi-de.org/up3/ontology/strecken-ID": ["Section_Wuppertal_1225948_1053_right"]}, "geometry": {"type": "LineString", "coordinates": [[7.1280039254, 51.2788973974, 0.0], [7.128125873, 51.2783908854, 0.0]]}}, {"type": "Feature", "id": "https://registry.gdi-de.org/de.nw/radnetz/instances/Section_Wuppertal_1226808_636_right", "name": "", "dateprops": [], "properties": {"http://rdfs.org/ns/void#inDataset": ["https://registry.gdi-de.org/de.nw/radnetz/instances/exnw_dataset"], "http://www.opengis.net/ont/geosparql#hasGeometry": ["https://registry.gdi-de.org/de.nw/radnetz/instances/Section_Wuppertal_1226808_636_right_geometry"], "http://www.w3.org/1999/02/22-rdf-syntax-ns#type": ["https://registry.gdi-de.org/up3/ontology/Streckenabschnitt_optional"], "https://registry.gdi-de.org/up3/ontology/beginntBeiKnoten": ["https://registry.gdi-de.org/de.nw/radnetz/instances/Knoten_Wuppertal_113780101"], "https://registry.gdi-de.org/up3/ontology/endetBeiKnoten": ["https://registry.gdi-de.org/de.nw/radnetz/instances/Knoten_Wuppertal_113780102"], "https://registry.gdi-de.org/up3/ontology/fuehrung": ["https://registry.gdi-de.org/codelist/de.bund.balm.radnetz/Fuehrung/200"], "https://registry.gdi-de.org/up3/ontology/geometrieAbschnitt": ["https://registry.gdi-de.org/de.nw/radnetz/instances/Section_Wuppertal_1226808_636_right_geometry"], "https://registry.gdi-de.org/up3/ontology/licht": ["https://registry.gdi-de.org/codelist/de.bund.balm.radnetz/Licht/1"], "https://registry.gdi-de.org/up3/ontology/quell-ID": ["1226808"], "https://registry.gdi-de.org/up3/ontology/richtung": ["https://registry.gdi-de.org/codelist/de.bund.balm.radnetz/Richtung/2"], "https://registry.gdi-de.org/up3/ontology/steigung": ["5.802412"], "https://registry.gdi-de.org/up3/ontology/strecken-ID": ["Section_Wuppertal_1226808_636_right"]}, "geometry": {"type": "LineString", "coordinates": [[7.1125087145, 51.2599916705, 188.03], [7.1127799008, 51.2601544942, 189.55]]}}, {"type": "Feature", "id": "https://registry.gdi-de.org/de.nw/radnetz/instances/Section_Wuppertal_86_4_right", "name": "", "dateprops": [], "properties": {"http://rdfs.org/ns/void#inDataset": ["https://registry.gdi-de.org/de.nw/radnetz/instances/exnw_dataset"], "http://www.opengis.net/ont/geosparql#hasGeometry": ["https://registry.gdi-de.org/de.nw/radnetz/instances/Section_Wuppertal_86_4_right_geometry"], "http://www.w3.org/1999/02/22-rdf-syntax-ns#type": ["https://registry.gdi-de.org/up3/ontology/Streckenabschnitt_optional"], "https://registry.gdi-de.org/up3/ontology/beginntBeiKnoten": ["https://registry.gdi-de.org/de.nw/radnetz/instances/Knoten_Wuppertal_6148"], "https://registry.gdi-de.org/up3/ontology/endetBeiKnoten": ["https://registry.gdi-de.org/de.nw/radnetz/instances/Knoten_Wuppertal_6121"], "https://registry.gdi-de.org/up3/ontology/fuehrung": ["https://registry.gdi-de.org/codelist/de.bund.balm.radnetz/Fuehrung/200"], "https://registry.gdi-de.org/up3/ontology/geometrieAbschnitt": ["https://registry.gdi-de.org/de.nw/radnetz/instances/Section_Wuppertal_86_4_right_geometry"], "https://registry.gdi-de.org/up3/ontology/licht": ["https://registry.gdi-de.org/codelist/de.bund.balm.radnetz/Licht/1"], "https://registry.gdi-de.org/up3/ontology/quell-ID": ["86"], "https://registry.gdi-de.org/up3/ontology/richtung": ["https://registry.gdi-de.org/codelist/de.bund.balm.radnetz/Richtung/2"], "https://registry.gdi-de.org/up3/ontology/steigung": ["0.6489224"], "https://registry.gdi-de.org/up3/ontology/strecken-ID": ["Section_Wuppertal_86_4_right"]}, "geometry": {"type": "LineString", "coordinates": [[7.1637921855, 51.2995746096, 303.17], [7.16303781, 51.2999136197, 303.59]]}}, {"type": "Feature", "id": "https://registry.gdi-de.org/de.nw/radnetz/instances/Section_Wuppertal_10886_924_right", "name": "", "dateprops": [], "properties": {"http://rdfs.org/ns/void#inDataset": ["https://registry.gdi-de.org/de.nw/radnetz/instances/exnw_dataset"], "http://www.opengis.net/ont/geosparql#hasGeometry": ["https://registry.gdi-de.org/de.nw/radnetz/instances/Section_Wuppertal_10886_924_right_geometry"], "http://www.w3.org/1999/02/22-rdf-syntax-ns#type": ["https://registry.gdi-de.org/up3/ontology/Streckenabschnitt_optional"], "https://registry.gdi-de.org/up3/ontology/beginntBeiKnoten": ["https://registry.gdi-de.org/de.nw/radnetz/instances/Knoten_Wuppertal_9370"], "https://registry.gdi-de.org/up3/ontology/endetBeiKnoten": ["https://registry.gdi-de.org/de.nw/radnetz/instances/Knoten_Wuppertal_9353"], "https://registry.gdi-de.org/up3/ontology/fuehrung": ["https://registry.gdi-de.org/codelist/de.bund.balm.radnetz/Fuehrung/401"], "https://registry.gdi-de.org/up3/ontology/geometrieAbschnitt": ["https://registry.gdi-de.org/de.nw/radnetz/instances/Section_Wuppertal_10886_924_right_geometry"], "https://registry.gdi-de.org/up3/ontology/licht": ["https://registry.gdi-de.org/codelist/de.bund.balm.radnetz/Licht/1"], "https://registry.gdi-de.org/up3/ontology/quell-ID": ["10886"], "https://registry.gdi-de.org/up3/ontology/richtung": ["https://registry.gdi-de.org/codelist/de.bund.balm.radnetz/Richtung/2"], "https://registry.gdi-de.org/up3/ontology/steigung": ["4.578309"], "https://registry.gdi-de.org/up3/ontology/strecken-ID": ["Section_Wuppertal_10886_924_right"]}, "geometry": {"type": "LineString", "coordinates": [[7.2504599713, 51.3095377747, 311.2], [7.2500471406, 51.3098289683, 0.0], [7.2497580262, 51.3101014178, 314.85]]}}, {"type": "Feature", "id": "https://registry.gdi-de.org/de.nw/radnetz/instances/Section_Wuppertal_1937_42_right", "name": "", "dateprops": [], "properties": {"http://rdfs.org/ns/void#inDataset": ["https://registry.gdi-de.org/de.nw/radnetz/instances/exnw_dataset"], "http://www.opengis.net/ont/geosparql#hasGeometry": ["https://registry.gdi-de.org/de.nw/radnetz/instances/Section_Wuppertal_1937_42_right_geometry"], "http://www.w3.org/1999/02/22-rdf-syntax-ns#type": ["https://registry.gdi-de.org/up3/ontology/Streckenabschnitt_optional"], "https://registry.gdi-de.org/up3/ontology/beginntBeiKnoten": ["https://registry.gdi-de.org/de.nw/radnetz/instances/Knoten_Wuppertal_2318"], "https://registry.gdi-de.org/up3/ontology/endetBeiKnoten": ["https://registry.gdi-de.org/de.nw/radnetz/instances/Knoten_Wuppertal_2301"], "https://registry.gdi-de.org/up3/ontology/fuehrung": ["https://registry.gdi-de.org/codelist/de.bund.balm.radnetz/Fuehrung/401"], "https://registry.gdi-de.org/up3/ontology/geometrieAbschnitt": ["https://registry.gdi-de.org/de.nw/radnetz/instances/Section_Wuppertal_1937_42_right_geometry"], "https://registry.gdi-de.org/up3/ontology/licht": ["https://registry.gdi-de.org/codelist/de.bund.balm.radnetz/Licht/1"], "https://registry.gdi-de.org/up3/ontology/quell-ID": ["1937"], "https://registry.gdi-de.org/up3/ontology/richtung": ["https://registry.gdi-de.org/codelist/de.bund.balm.radnetz/Richtung/2"], "https://registry.gdi-de.org/up3/ontology/steigung": ["5.833115"], "https://registry.gdi-de.org/up3/ontology/strecken-ID": ["Section_Wuppertal_1937_42_right"]}, "geometry": {"type": "LineString", "coordinates": [[7.0601713095, 51.2195960168, 222.91], [7.0599444203, 51.2186201255, 0.0], [7.0593628424, 51.2177771328, 235.27]]}}, {"type": "Feature", "id": "https://registry.gdi-de.org/de.nw/radnetz/instances/Section_Wuppertal_1225877_514_right", "name": "", "dateprops": [], "properties": {"http://rdfs.org/ns/void#inDataset": ["https://registry.gdi-de.org/de.nw/radnetz/instances/exnw_dataset"], "http://www.opengis.net/ont/geosparql#hasGeometry": ["https://registry.gdi-de.org/de.nw/radnetz/instances/Section_Wuppertal_1225877_514_right_geometry"], "http://www.w3.org/1999/02/22-rdf-syntax-ns#type": ["https://registry.gdi-de.org/up3/ontology/Streckenabschnitt_optional"], "https://registry.gdi-de.org/up3/ontology/beginntBeiKnoten": ["https://registry.gdi-de.org/de.nw/radnetz/instances/Knoten_Wuppertal_115510102"], "https://registry.gdi-de.org/up3/ontology/endetBeiKnoten": ["https://registry.gdi-de.org/de.nw/radnetz/instances/Knoten_Wuppertal_8759"], "https://registry.gdi-de.org/up3/ontology/geometrieAbschnitt": ["https://registry.gdi-de.org/de.nw/radnetz/instances/Section_Wuppertal_1225877_514_right_geometry"], "https://registry.gdi-de.org/up3/ontology/licht": ["https://registry.gdi-de.org/codelist/de.bund.balm.radnetz/Licht/1"], "https://registry.gdi-de.org/up3/ontology/quell-ID": ["1225877"], "https://registry.gdi-de.org/up3/ontology/richtung": ["https://registry.gdi-de.org/codelist/de.bund.balm.radnetz/Richtung/2"], "https://registry.gdi-de.org/up3/ontology/steigung": ["4.275359"], "https://registry.gdi-de.org/up3/ontology/strecken-ID": ["Section_Wuppertal_1225877_514_right"]}, "geometry": {"type": "LineString", "coordinates": [[7.2310781383, 51.2565748455, 174.05], [7.2306793006, 51.2569589251, 176.23]]}}, {"type": "Feature", "id": "https://registry.gdi-de.org/de.nw/radnetz/instances/Section_Wuppertal_11231_233_right", "name": "", "dateprops": [], "properties": {"http://rdfs.org/ns/void#inDataset": ["https://registry.gdi-de.org/de.nw/radnetz/instances/exnw_dataset"], "http://www.opengis.net/ont/geosparql#hasGeometry": ["https://registry.gdi-de.org/de.nw/radnetz/instances/Section_Wuppertal_11231_233_right_geometry"], "http://www.w3.org/1999/02/22-rdf-syntax-ns#type": ["https://registry.gdi-de.org/up3/ontology/Streckenabschnitt_optional"], "https://registry.gdi-de.org/up3/ontology/beginntBeiKnoten": ["https://registry.gdi-de.org/de.nw/radnetz/instances/Knoten_Wuppertal_2987"], "https://registry.gdi-de.org/up3/ontology/endetBeiKnoten": ["https://registry.gdi-de.org/de.nw/radnetz/instances/Knoten_Wuppertal_3003"], "https://registry.gdi-de.org/up3/ontology/fuehrung": ["https://registry.gdi-de.org/codelist/de.bund.balm.radnetz/Fuehrung/405"], "https://registry.gdi-de.org/up3/ontology/geometrieAbschnitt": ["https://registry.gdi-de.org/de.nw/radnetz/instances/Section_Wuppertal_11231_233_right_geometry"], "https://registry.gdi-de.org/up3/ontology/licht": ["https://registry.gdi-de.org/codelist/de.bund.balm.radnetz/Licht/1"], "https://registry.gdi-de.org/up3/ontology/quell-ID": ["11231"], "https://registry.gdi-de.org/up3/ontology/richtung": ["https://registry.gdi-de.org/codelist/de.bund.balm.radnetz/Richtung/2"], "https://registry.gdi-de.org/up3/ontology/steigung": ["3.250721"], "https://registry.gdi-de.org/up3/ontology/strecken-ID": ["Section_Wuppertal_11231_233_right"]}, "geometry": {"type": "LineString", "coordinates": [[7.089953447, 51.2364139932, 136.93], [7.0906386913, 51.2367889785, 0.0], [7.0908071019, 51.2369790883, 139.78]]}}, {"type": "Feature", "id": "https://registry.gdi-de.org/de.nw/radnetz/instances/Section_Wuppertal_1226613_603_right", "name": "", "dateprops": [], "properties": {"http://rdfs.org/ns/void#inDataset": ["https://registry.gdi-de.org/de.nw/radnetz/instances/exnw_dataset"], "http://www.opengis.net/ont/geosparql#hasGeometry": ["https://registry.gdi-de.org/de.nw/radnetz/instances/Section_Wuppertal_1226613_603_right_geometry"], "http://www.w3.org/1999/02/22-rdf-syntax-ns#type": ["https://registry.gdi-de.org/up3/ontology/Streckenabschnitt_optional"], "https://registry.gdi-de.org/up3/ontology/beginntBeiKnoten": ["https://registry.gdi-de.org/de.nw/radnetz/instances/Knoten_Wuppertal_111480101"], "https://registry.gdi-de.org/up3/ontology/endetBeiKnoten": ["https://registry.gdi-de.org/de.nw/radnetz/instances/Knoten_Wuppertal_6768"], "https://registry.gdi-de.org/up3/ontology/geometrieAbschnitt": ["https://registry.gdi-de.org/de.nw/radnetz/instances/Section_Wuppertal_1226613_603_right_geometry"], "https://registry.gdi-de.org/up3/ontology/licht": ["https://registry.gdi-de.org/codelist/de.bund.balm.radnetz/Licht/1"], "https://registry.gdi-de.org/up3/ontology/quell-ID": ["1226613"], "https://registry.gdi-de.org/up3/ontology/richtung": ["https://registry.gdi-de.org/codelist/de.bund.balm.radnetz/Richtung/2"], "https://registry.gdi-de.org/up3/ontology/steigung": ["3.609968"], "https://registry.gdi-de.org/up3/ontology/strecken-ID": ["Section_Wuppertal_1226613_603_right"]}, "geometry": {"type": "LineString", "coordinates": [[7.1853147656, 51.2789358884, 196.14], [7.1842732434, 51.2784249609, 199.47]]}}, {"type": "Feature", "id": "https://registry.gdi-de.org/de.nw/radnetz/instances/Section_Wuppertal_1225947_1052_right", "name": "", "dateprops": [], "properties": {"http://rdfs.org/ns/void#inDataset": ["https://registry.gdi-de.org/de.nw/radnetz/instances/exnw_dataset"], "http://www.opengis.net/ont/geosparql#hasGeometry": ["https://registry.gdi-de.org/de.nw/radnetz/instances/Section_Wuppertal_1225947_1052_right_geometry"], "http://www.w3.org/1999/02/22-rdf-syntax-ns#type": ["https://registry.gdi-de.org/up3/ontology/Streckenabschnitt_optional"], "https://registry.gdi-de.org/up3/ontology/beginntBeiKnoten": ["https://registry.gdi-de.org/de.nw/radnetz/instances/Knoten_Wuppertal_4225"], "https://registry.gdi-de.org/up3/ontology/endetBeiKnoten": ["https://registry.gdi-de.org/de.nw/radnetz/instances/Knoten_Wuppertal_112800101"], "https://registry.gdi-de.org/up3/ontology/geometrieAbschnitt": ["https://registry.gdi-de.org/de.nw/radnetz/instances/Section_Wuppertal_1225947_1052_right_geometry"], "https://registry.gdi-de.org/up3/ontology/licht": ["https://registry.gdi-de.org/codelist/de.bund.balm.radnetz/Licht/1"], "https://registry.gdi-de.org/up3/ontology/quell-ID": ["1225947"], "https://registry.gdi-de.org/up3/ontology/richtung": ["https://registry.gdi-de.org/codelist/de.bund.balm.radnetz/Richtung/2"], "https://registry.gdi-de.org/up3/ontology/steigung": ["8.735716"], "https://registry.gdi-de.org/up3/ontology/strecken-ID": ["Section_Wuppertal_1225947_1052_right"]}, "geometry": {"type": "LineString", "coordinates": [[7.1279745254, 51.2790195087, 0.0], [7.1280039254, 51.2788973974, 0.0]]}}, {"type": "Feature", "id": "https://registry.gdi-de.org/de.nw/radnetz/instances/Section_Wuppertal_1228151_1073_right", "name": "", "dateprops": [], "properties": {"http://rdfs.org/ns/void#inDataset": ["https://registry.gdi-de.org/de.nw/radnetz/instances/exnw_dataset"], "http://www.opengis.net/ont/geosparql#hasGeometry": ["https://registry.gdi-de.org/de.nw/radnetz/instances/Section_Wuppertal_1228151_1073_right_geometry"], "http://www.w3.org/1999/02/22-rdf-syntax-ns#type": ["https://registry.gdi-de.org/up3/ontology/Streckenabschnitt_optional"], "https://registry.gdi-de.org/up3/ontology/beginntBeiKnoten": ["https://registry.gdi-de.org/de.nw/radnetz/instances/Knoten_Wuppertal_6008"], "https://registry.gdi-de.org/up3/ontology/endetBeiKnoten": ["https://registry.gdi-de.org/de.nw/radnetz/instances/Knoten_Wuppertal_1189690451"], "https://registry.gdi-de.org/up3/ontology/geometrieAbschnitt": ["https://registry.gdi-de.org/de.nw/radnetz/instances/Section_Wuppertal_1228151_1073_right_geometry"], "https://registry.gdi-de.org/up3/ontology/licht": ["https://registry.gdi-de.org/codelist/de.bund.balm.radnetz/Licht/1"], "https://registry.gdi-de.org/up3/ontology/quell-ID": ["1228151"], "https://registry.gdi-de.org/up3/ontology/richtung": ["https://registry.gdi-de.org/codelist/de.bund.balm.radnetz/Richtung/2"], "https://registry.gdi-de.org/up3/ontology/steigung": ["6.404252"], "https://registry.gdi-de.org/up3/ontology/strecken-ID": ["Section_Wuppertal_1228151_1073_right"]}, "geometry": {"type": "LineString", "coordinates": [[7.161399078, 51.2761469323, 0.0], [7.1605471643, 51.2756326886, 0.0], [7.15992905, 51.2752506785, 0.0]]}}, {"type": "Feature", "id": "https://registry.gdi-de.org/de.nw/radnetz/instances/Section_Wuppertal_2534_54_right", "name": "", "dateprops": [], "properties": {"http://rdfs.org/ns/void#inDataset": ["https://registry.gdi-de.org/de.nw/radnetz/instances/exnw_dataset"], "http://www.opengis.net/ont/geosparql#hasGeometry": ["https://registry.gdi-de.org/de.nw/radnetz/instances/Section_Wuppertal_2534_54_right_geometry"], "http://www.w3.org/1999/02/22-rdf-syntax-ns#type": ["https://registry.gdi-de.org/up3/ontology/Streckenabschnitt_optional"], "https://registry.gdi-de.org/up3/ontology/beginntBeiKnoten": ["https://registry.gdi-de.org/de.nw/radnetz/instances/Knoten_Wuppertal_2696"], "https://registry.gdi-de.org/up3/ontology/endetBeiKnoten": ["https://registry.gdi-de.org/de.nw/radnetz/instances/Knoten_Wuppertal_2704"], "https://registry.gdi-de.org/up3/ontology/fuehrung": ["https://registry.gdi-de.org/codelist/de.bund.balm.radnetz/Fuehrung/401"], "https://registry.gdi-de.org/up3/ontology/geometrieAbschnitt": ["https://registry.gdi-de.org/de.nw/radnetz/instances/Section_Wuppertal_2534_54_right_geometry"], "https://registry.gdi-de.org/up3/ontology/licht": ["https://registry.gdi-de.org/codelist/de.bund.balm.radnetz/Licht/1"], "https://registry.gdi-de.org/up3/ontology/quell-ID": ["2534"], "https://registry.gdi-de.org/up3/ontology/richtung": ["https://registry.gdi-de.org/codelist/de.bund.balm.radnetz/Richtung/2"], "https://registry.gdi-de.org/up3/ontology/steigung": ["4.021255"], "https://registry.gdi-de.org/up3/ontology/strecken-ID": ["Section_Wuppertal_2534_54_right"]}, "geometry": {"type": "LineString", "coordinates": [[7.0727480261, 51.2695813342, 170.44], [7.0728766945, 51.2685952709, 0.0], [7.0732077524, 51.2677489069, 0.0], [7.0732338499, 51.2668019142, 183.0]]}}, {"type": "Feature", "id": "https://registry.gdi-de.org/de.nw/radnetz/instances/Section_Wuppertal_12758_274_right", "name": "", "dateprops": [], "properties": {"http://rdfs.org/ns/void#inDataset": ["https://registry.gdi-de.org/de.nw/radnetz/instances/exnw_dataset"], "http://www.opengis.net/ont/geosparql#hasGeometry": ["https://registry.gdi-de.org/de.nw/radnetz/instances/Section_Wuppertal_12758_274_right_geometry"], "http://www.w3.org/1999/02/22-rdf-syntax-ns#type": ["https://registry.gdi-de.org/up3/ontology/Streckenabschnitt_optional"], "https://registry.gdi-de.org/up3/ontology/beginntBeiKnoten": ["https://registry.gdi-de.org/de.nw/radnetz/instances/Knoten_Wuppertal_2692"], "https://registry.gdi-de.org/up3/ontology/endetBeiKnoten": ["https://registry.gdi-de.org/de.nw/radnetz/instances/Knoten_Wuppertal_2693"], "https://registry.gdi-de.org/up3/ontology/fuehrung": ["https://registry.gdi-de.org/codelist/de.bund.balm.radnetz/Fuehrung/401"], "https://registry.gdi-de.org/up3/ontology/geometrieAbschnitt": ["https://registry.gdi-de.org/de.nw/radnetz/instances/Section_Wuppertal_12758_274_right_geometry"], "https://registry.gdi-de.org/up3/ontology/licht": ["https://registry.gdi-de.org/codelist/de.bund.balm.radnetz/Licht/0"], "https://registry.gdi-de.org/up3/ontology/quell-ID": ["12758"], "https://registry.gdi-de.org/up3/ontology/richtung": ["https://registry.gdi-de.org/codelist/de.bund.balm.radnetz/Richtung/2"], "https://registry.gdi-de.org/up3/ontology/steigung": ["2.101262"], "https://registry.gdi-de.org/up3/ontology/strecken-ID": ["Section_Wuppertal_12758_274_right"]}, "geometry": {"type": "LineString", "coordinates": [[7.0724257853, 51.2719068599, 160.63], [7.0725390644, 51.2709511315, 162.87]]}}, {"type": "Feature", "id": "https://registry.gdi-de.org/de.nw/radnetz/instances/Section_Wuppertal_1225878_515_right", "name": "", "dateprops": [], "properties": {"http://rdfs.org/ns/void#inDataset": ["https://registry.gdi-de.org/de.nw/radnetz/instances/exnw_dataset"], "http://www.opengis.net/ont/geosparql#hasGeometry": ["https://registry.gdi-de.org/de.nw/radnetz/instances/Section_Wuppertal_1225878_515_right_geometry"], "http://www.w3.org/1999/02/22-rdf-syntax-ns#type": ["https://registry.gdi-de.org/up3/ontology/Streckenabschnitt_optional"], "https://registry.gdi-de.org/up3/ontology/beginntBeiKnoten": ["https://registry.gdi-de.org/de.nw/radnetz/instances/Knoten_Wuppertal_8780"], "https://registry.gdi-de.org/up3/ontology/endetBeiKnoten": ["https://registry.gdi-de.org/de.nw/radnetz/instances/Knoten_Wuppertal_115510102"], "https://registry.gdi-de.org/up3/ontology/geometrieAbschnitt": ["https://registry.gdi-de.org/de.nw/radnetz/instances/Section_Wuppertal_1225878_515_right_geometry"], "https://registry.gdi-de.org/up3/ontology/licht": ["https://registry.gdi-de.org/codelist/de.bund.balm.radnetz/Licht/1"], "https://registry.gdi-de.org/up3/ontology/quell-ID": ["1225878"], "https://registry.gdi-de.org/up3/ontology/richtung": ["https://registry.gdi-de.org/codelist/de.bund.balm.radnetz/Richtung/2"], "https://registry.gdi-de.org/up3/ontology/steigung": ["2.704847"], "https://registry.gdi-de.org/up3/ontology/strecken-ID": ["Section_Wuppertal_1225878_515_right"]}, "geometry": {"type": "LineString", "coordinates": [[7.2313326131, 51.2563297815, 173.17], [7.2310781383, 51.2565748455, 174.05]]}}, {"type": "Feature", "id": "https://registry.gdi-de.org/de.nw/radnetz/instances/Section_Wuppertal_7193_147_right", "name": "", "dateprops": [], "properties": {"http://rdfs.org/ns/void#inDataset": ["https://registry.gdi-de.org/de.nw/radnetz/instances/exnw_dataset"], "http://www.opengis.net/ont/geosparql#hasGeometry": ["https://registry.gdi-de.org/de.nw/radnetz/instances/Section_Wuppertal_7193_147_right_geometry"], "http://www.w3.org/1999/02/22-rdf-syntax-ns#type": ["https://registry.gdi-de.org/up3/ontology/Streckenabschnitt_optional"], "https://registry.gdi-de.org/up3/ontology/beginntBeiKnoten": ["https://registry.gdi-de.org/de.nw/radnetz/instances/Knoten_Wuppertal_10025"], "https://registry.gdi-de.org/up3/ontology/endetBeiKnoten": ["https://registry.gdi-de.org/de.nw/radnetz/instances/Knoten_Wuppertal_10046"], "https://registry.gdi-de.org/up3/ontology/fuehrung": ["https://registry.gdi-de.org/codelist/de.bund.balm.radnetz/Fuehrung/401"], "https://registry.gdi-de.org/up3/ontology/geometrieAbschnitt": ["https://registry.gdi-de.org/de.nw/radnetz/instances/Section_Wuppertal_7193_147_right_geometry"], "https://registry.gdi-de.org/up3/ontology/licht": ["https://registry.gdi-de.org/codelist/de.bund.balm.radnetz/Licht/0"], "https://registry.gdi-de.org/up3/ontology/quell-ID": ["7193"], "https://registry.gdi-de.org/up3/ontology/richtung": ["https://registry.gdi-de.org/codelist/de.bund.balm.radnetz/Richtung/2"], "https://registry.gdi-de.org/up3/ontology/steigung": ["2.410806"], "https://registry.gdi-de.org/up3/ontology/strecken-ID": ["Section_Wuppertal_7193_147_right"]}, "geometry": {"type": "LineString", "coordinates": [[7.2964255167, 51.2484902522, 200.58], [7.2965579955, 51.2483700263, 0.0], [7.2972533057, 51.2478807302, 202.73]]}}, {"type": "Feature", "id": "https://registry.gdi-de.org/de.nw/radnetz/instances/Section_Wuppertal_1226428_1003_right", "name": "", "dateprops": [], "properties": {"http://rdfs.org/ns/void#inDataset": ["https://registry.gdi-de.org/de.nw/radnetz/instances/exnw_dataset"], "http://www.opengis.net/ont/geosparql#hasGeometry": ["https://registry.gdi-de.org/de.nw/radnetz/instances/Section_Wuppertal_1226428_1003_right_geometry"], "http://www.w3.org/1999/02/22-rdf-syntax-ns#type": ["https://registry.gdi-de.org/up3/ontology/Streckenabschnitt_optional"], "https://registry.gdi-de.org/up3/ontology/beginntBeiKnoten": ["https://registry.gdi-de.org/de.nw/radnetz/instances/Knoten_Wuppertal_114310101"], "https://registry.gdi-de.org/up3/ontology/endetBeiKnoten": ["https://registry.gdi-de.org/de.nw/radnetz/instances/Knoten_Wuppertal_114310102"], "https://registry.gdi-de.org/up3/ontology/fuehrung": ["https://registry.gdi-de.org/codelist/de.bund.balm.radnetz/Fuehrung/405"], "https://registry.gdi-de.org/up3/ontology/geometrieAbschnitt": ["https://registry.gdi-de.org/de.nw/radnetz/instances/Section_Wuppertal_1226428_1003_right_geometry"], "https://registry.gdi-de.org/up3/ontology/licht": ["https://registry.gdi-de.org/codelist/de.bund.balm.radnetz/Licht/0"], "https://registry.gdi-de.org/up3/ontology/quell-ID": ["1226428"], "https://registry.gdi-de.org/up3/ontology/richtung": ["https://registry.gdi-de.org/codelist/de.bund.balm.radnetz/Richtung/2"], "https://registry.gdi-de.org/up3/ontology/steigung": ["8.946798"], "https://registry.gdi-de.org/up3/ontology/strecken-ID": ["Section_Wuppertal_1226428_1003_right"]}, "geometry": {"type": "LineString", "coordinates": [[7.1138414382, 51.200275464, 0.0], [7.1165910096, 51.2019104959, 0.0]]}}, {"type": "Feature", "id": "https://registry.gdi-de.org/de.nw/radnetz/instances/Section_Wuppertal_7441_889_right", "name": "", "dateprops": [], "properties": {"http://rdfs.org/ns/void#inDataset": ["https://registry.gdi-de.org/de.nw/radnetz/instances/exnw_dataset"], "http://www.opengis.net/ont/geosparql#hasGeometry": ["https://registry.gdi-de.org/de.nw/radnetz/instances/Section_Wuppertal_7441_889_right_geometry"], "http://www.w3.org/1999/02/22-rdf-syntax-ns#type": ["https://registry.gdi-de.org/up3/ontology/Streckenabschnitt_optional"], "https://registry.gdi-de.org/up3/ontology/beginntBeiKnoten": ["https://registry.gdi-de.org/de.nw/radnetz/instances/Knoten_Wuppertal_4003"], "https://registry.gdi-de.org/up3/ontology/endetBeiKnoten": ["https://registry.gdi-de.org/de.nw/radnetz/instances/Knoten_Wuppertal_4041"], "https://registry.gdi-de.org/up3/ontology/fuehrung": ["https://registry.gdi-de.org/codelist/de.bund.balm.radnetz/Fuehrung/200"], "https://registry.gdi-de.org/up3/ontology/geometrieAbschnitt": ["https://registry.gdi-de.org/de.nw/radnetz/instances/Section_Wuppertal_7441_889_right_geometry"], "https://registry.gdi-de.org/up3/ontology/licht": ["https://registry.gdi-de.org/codelist/de.bund.balm.radnetz/Licht/1"], "https://registry.gdi-de.org/up3/ontology/quell-ID": ["7441"], "https://registry.gdi-de.org/up3/ontology/richtung": ["https://registry.gdi-de.org/codelist/de.bund.balm.radnetz/Richtung/2"], "https://registry.gdi-de.org/up3/ontology/steigung": ["5.518818"], "https://registry.gdi-de.org/up3/ontology/strecken-ID": ["Section_Wuppertal_7441_889_right"]}, "geometry": {"type": "LineString", "coordinates": [[7.1240880308, 51.2785502907, 254.98], [7.125019521, 51.2797188548, 263.0]]}}, {"type": "Feature", "id": "https://registry.gdi-de.org/de.nw/radnetz/instances/Section_Wuppertal_1343_29_right", "name": "", "dateprops": [], "properties": {"http://rdfs.org/ns/void#inDataset": ["https://registry.gdi-de.org/de.nw/radnetz/instances/exnw_dataset"], "http://www.opengis.net/ont/geosparql#hasGeometry": ["https://registry.gdi-de.org/de.nw/radnetz/instances/Section_Wuppertal_1343_29_right_geometry"], "http://www.w3.org/1999/02/22-rdf-syntax-ns#type": ["https://registry.gdi-de.org/up3/ontology/Streckenabschnitt_optional"], "https://registry.gdi-de.org/up3/ontology/beginntBeiKnoten": ["https://registry.gdi-de.org/de.nw/radnetz/instances/Knoten_Wuppertal_9481"], "https://registry.gdi-de.org/up3/ontology/endetBeiKnoten": ["https://registry.gdi-de.org/de.nw/radnetz/instances/Knoten_Wuppertal_9500"], "https://registry.gdi-de.org/up3/ontology/fuehrung": ["https://registry.gdi-de.org/codelist/de.bund.balm.radnetz/Fuehrung/401"], "https://registry.gdi-de.org/up3/ontology/geometrieAbschnitt": ["https://registry.gdi-de.org/de.nw/radnetz/instances/Section_Wuppertal_1343_29_right_geometry"], "https://registry.gdi-de.org/up3/ontology/licht": ["https://registry.gdi-de.org/codelist/de.bund.balm.radnetz/Licht/1"], "https://registry.gdi-de.org/up3/ontology/quell-ID": ["1343"], "https://registry.gdi-de.org/up3/ontology/richtung": ["https://registry.gdi-de.org/codelist/de.bund.balm.radnetz/Richtung/2"], "https://registry.gdi-de.org/up3/ontology/steigung": ["0.6436478"], "https://registry.gdi-de.org/up3/ontology/strecken-ID": ["Section_Wuppertal_1343_29_right"]}, "geometry": {"type": "LineString", "coordinates": [[7.2562621959, 51.2831706446, 180.74], [7.2573887427, 51.2832620162, 181.25]]}}, {"type": "Feature", "id": "https://registry.gdi-de.org/de.nw/radnetz/instances/Section_Wuppertal_1225024_1040_right", "name": "", "dateprops": [], "properties": {"http://rdfs.org/ns/void#inDataset": ["https://registry.gdi-de.org/de.nw/radnetz/instances/exnw_dataset"], "http://www.opengis.net/ont/geosparql#hasGeometry": ["https://registry.gdi-de.org/de.nw/radnetz/instances/Section_Wuppertal_1225024_1040_right_geometry"], "http://www.w3.org/1999/02/22-rdf-syntax-ns#type": ["https://registry.gdi-de.org/up3/ontology/Streckenabschnitt_optional"], "https://registry.gdi-de.org/up3/ontology/beginntBeiKnoten": ["https://registry.gdi-de.org/de.nw/radnetz/instances/Knoten_Wuppertal_112760102"], "https://registry.gdi-de.org/up3/ontology/endetBeiKnoten": ["https://registry.gdi-de.org/de.nw/radnetz/instances/Knoten_Wuppertal_112760101"], "https://registry.gdi-de.org/up3/ontology/geometrieAbschnitt": ["https://registry.gdi-de.org/de.nw/radnetz/instances/Section_Wuppertal_1225024_1040_right_geometry"], "https://registry.gdi-de.org/up3/ontology/licht": ["https://registry.gdi-de.org/codelist/de.bund.balm.radnetz/Licht/1"], "https://registry.gdi-de.org/up3/ontology/quell-ID": ["1225024"], "https://registry.gdi-de.org/up3/ontology/richtung": ["https://registry.gdi-de.org/codelist/de.bund.balm.radnetz/Richtung/2"], "https://registry.gdi-de.org/up3/ontology/steigung": ["6.081487"], "https://registry.gdi-de.org/up3/ontology/strecken-ID": ["Section_Wuppertal_1225024_1040_right"]}, "geometry": {"type": "LineString", "coordinates": [[7.130304144, 51.2700220977, 0.0], [7.130253554, 51.27046593, 0.0]]}}, {"type": "Feature", "id": "https://registry.gdi-de.org/de.nw/radnetz/instances/Section_Wuppertal_8413_174_right", "name": "", "dateprops": [], "properties": {"http://rdfs.org/ns/void#inDataset": ["https://registry.gdi-de.org/de.nw/radnetz/instances/exnw_dataset"], "http://www.opengis.net/ont/geosparql#hasGeometry": ["https://registry.gdi-de.org/de.nw/radnetz/instances/Section_Wuppertal_8413_174_right_geometry"], "http://www.w3.org/1999/02/22-rdf-syntax-ns#type": ["https://registry.gdi-de.org/up3/ontology/Streckenabschnitt_optional"], "https://registry.gdi-de.org/up3/ontology/beginntBeiKnoten": ["https://registry.gdi-de.org/de.nw/radnetz/instances/Knoten_Wuppertal_7860"], "https://registry.gdi-de.org/up3/ontology/endetBeiKnoten": ["https://registry.gdi-de.org/de.nw/radnetz/instances/Knoten_Wuppertal_7848"], "https://registry.gdi-de.org/up3/ontology/geometrieAbschnitt": ["https://registry.gdi-de.org/de.nw/radnetz/instances/Section_Wuppertal_8413_174_right_geometry"], "https://registry.gdi-de.org/up3/ontology/licht": ["https://registry.gdi-de.org/codelist/de.bund.balm.radnetz/Licht/1"], "https://registry.gdi-de.org/up3/ontology/quell-ID": ["8413"], "https://registry.gdi-de.org/up3/ontology/richtung": ["https://registry.gdi-de.org/codelist/de.bund.balm.radnetz/Richtung/2"], "https://registry.gdi-de.org/up3/ontology/steigung": ["0.2670431"], "https://registry.gdi-de.org/up3/ontology/strecken-ID": ["Section_Wuppertal_8413_174_right"]}, "geometry": {"type": "LineString", "coordinates": [[7.206825821, 51.2730163271, 157.18], [7.2067364587, 51.2729278812, 0.0], [7.2066494263, 51.2728473569, 157.24]]}}, {"type": "Feature", "id": "https://registry.gdi-de.org/de.nw/radnetz/instances/Section_Wuppertal_1226712_619_right", "name": "", "dateprops": [], "properties": {"http://rdfs.org/ns/void#inDataset": ["https://registry.gdi-de.org/de.nw/radnetz/instances/exnw_dataset"], "http://www.opengis.net/ont/geosparql#hasGeometry": ["https://registry.gdi-de.org/de.nw/radnetz/instances/Section_Wuppertal_1226712_619_right_geometry"], "http://www.w3.org/1999/02/22-rdf-syntax-ns#type": ["https://registry.gdi-de.org/up3/ontology/Streckenabschnitt_optional"], "https://registry.gdi-de.org/up3/ontology/beginntBeiKnoten": ["https://registry.gdi-de.org/de.nw/radnetz/instances/Knoten_Wuppertal_111480102"], "https://registry.gdi-de.org/up3/ontology/endetBeiKnoten": ["https://registry.gdi-de.org/de.nw/radnetz/instances/Knoten_Wuppertal_111480101"], "https://registry.gdi-de.org/up3/ontology/geometrieAbschnitt": ["https://registry.gdi-de.org/de.nw/radnetz/instances/Section_Wuppertal_1226712_619_right_geometry"], "https://registry.gdi-de.org/up3/ontology/licht": ["https://registry.gdi-de.org/codelist/de.bund.balm.radnetz/Licht/1"], "https://registry.gdi-de.org/up3/ontology/quell-ID": ["1226712"], "https://registry.gdi-de.org/up3/ontology/richtung": ["https://registry.gdi-de.org/codelist/de.bund.balm.radnetz/Richtung/2"], "https://registry.gdi-de.org/up3/ontology/steigung": ["1.010472"], "https://registry.gdi-de.org/up3/ontology/strecken-ID": ["Section_Wuppertal_1226712_619_right"]}, "geometry": {"type": "LineString", "coordinates": [[7.1858314786, 51.2791313481, 195.71], [7.1856006947, 51.27907615, 0.0], [7.1853147656, 51.2789358884, 196.14]]}}, {"type": "Feature", "id": "https://registry.gdi-de.org/de.nw/radnetz/instances/Section_Wuppertal_420_11_right", "name": "", "dateprops": [], "properties": {"http://rdfs.org/ns/void#inDataset": ["https://registry.gdi-de.org/de.nw/radnetz/instances/exnw_dataset"], "http://www.opengis.net/ont/geosparql#hasGeometry": ["https://registry.gdi-de.org/de.nw/radnetz/instances/Section_Wuppertal_420_11_right_geometry"], "http://www.w3.org/1999/02/22-rdf-syntax-ns#type": ["https://registry.gdi-de.org/up3/ontology/Streckenabschnitt_optional"], "https://registry.gdi-de.org/up3/ontology/beginntBeiKnoten": ["https://registry.gdi-de.org/de.nw/radnetz/instances/Knoten_Wuppertal_8825"], "https://registry.gdi-de.org/up3/ontology/endetBeiKnoten": ["https://registry.gdi-de.org/de.nw/radnetz/instances/Knoten_Wuppertal_8822"], "https://registry.gdi-de.org/up3/ontology/fuehrung": ["https://registry.gdi-de.org/codelist/de.bund.balm.radnetz/Fuehrung/401"], "https://registry.gdi-de.org/up3/ontology/geometrieAbschnitt": ["https://registry.gdi-de.org/de.nw/radnetz/instances/Section_Wuppertal_420_11_right_geometry"], "https://registry.gdi-de.org/up3/ontology/licht": ["https://registry.gdi-de.org/codelist/de.bund.balm.radnetz/Licht/1"], "https://registry.gdi-de.org/up3/ontology/quell-ID": ["420"], "https://registry.gdi-de.org/up3/ontology/richtung": ["https://registry.gdi-de.org/codelist/de.bund.balm.radnetz/Richtung/2"], "https://registry.gdi-de.org/up3/ontology/steigung": ["0.6335149"], "https://registry.gdi-de.org/up3/ontology/strecken-ID": ["Section_Wuppertal_420_11_right"]}, "geometry": {"type": "LineString", "coordinates": [[7.2328127772, 51.2586872855, 169.64], [7.2327460196, 51.2584352993, 169.82]]}}, {"type": "Feature", "id": "https://registry.gdi-de.org/de.nw/radnetz/instances/Section_Wuppertal_11224_969_right", "name": "", "dateprops": [], "properties": {"http://rdfs.org/ns/void#inDataset": ["https://registry.gdi-de.org/de.nw/radnetz/instances/exnw_dataset"], "http://www.opengis.net/ont/geosparql#hasGeometry": ["https://registry.gdi-de.org/de.nw/radnetz/instances/Section_Wuppertal_11224_969_right_geometry"], "http://www.w3.org/1999/02/22-rdf-syntax-ns#type": ["https://registry.gdi-de.org/up3/ontology/Streckenabschnitt_optional"], "https://registry.gdi-de.org/up3/ontology/beginntBeiKnoten": ["https://registry.gdi-de.org/de.nw/radnetz/instances/Knoten_Wuppertal_5601"], "https://registry.gdi-de.org/up3/ontology/endetBeiKnoten": ["https://registry.gdi-de.org/de.nw/radnetz/instances/Knoten_Wuppertal_5553"], "https://registry.gdi-de.org/up3/ontology/fuehrung": ["https://registry.gdi-de.org/codelist/de.bund.balm.radnetz/Fuehrung/405"], "https://registry.gdi-de.org/up3/ontology/geometrieAbschnitt": ["https://registry.gdi-de.org/de.nw/radnetz/instances/Section_Wuppertal_11224_969_right_geometry"], "https://registry.gdi-de.org/up3/ontology/licht": ["https://registry.gdi-de.org/codelist/de.bund.balm.radnetz/Licht/1"], "https://registry.gdi-de.org/up3/ontology/quell-ID": ["11224"], "https://registry.gdi-de.org/up3/ontology/richtung": ["https://registry.gdi-de.org/codelist/de.bund.balm.radnetz/Richtung/2"], "https://registry.gdi-de.org/up3/ontology/steigung": ["3.206544"], "https://registry.gdi-de.org/up3/ontology/strecken-ID": ["Section_Wuppertal_11224_969_right"]}, "geometry": {"type": "LineString", "coordinates": [[7.1546753568, 51.2432137286, 0.0], [7.1542261597, 51.2430919844, 0.0], [7.1538403824, 51.2429063392, 0.0], [7.1537123638, 51.2427192021, 0.0]]}}, {"type": "Feature", "id": "https://registry.gdi-de.org/de.nw/radnetz/instances/Section_Wuppertal_1226412_569_right", "name": "", "dateprops": [], "properties": {"http://rdfs.org/ns/void#inDataset": ["https://registry.gdi-de.org/de.nw/radnetz/instances/exnw_dataset"], "http://www.opengis.net/ont/geosparql#hasGeometry": ["https://registry.gdi-de.org/de.nw/radnetz/instances/Section_Wuppertal_1226412_569_right_geometry"], "http://www.w3.org/1999/02/22-rdf-syntax-ns#type": ["https://registry.gdi-de.org/up3/ontology/Streckenabschnitt_optional"], "https://registry.gdi-de.org/up3/ontology/beginntBeiKnoten": ["https://registry.gdi-de.org/de.nw/radnetz/instances/Knoten_Wuppertal_116440101"], "https://registry.gdi-de.org/up3/ontology/endetBeiKnoten": ["https://registry.gdi-de.org/de.nw/radnetz/instances/Knoten_Wuppertal_116440102"], "https://registry.gdi-de.org/up3/ontology/fuehrung": ["https://registry.gdi-de.org/codelist/de.bund.balm.radnetz/Fuehrung/401"], "https://registry.gdi-de.org/up3/ontology/geometrieAbschnitt": ["https://registry.gdi-de.org/de.nw/radnetz/instances/Section_Wuppertal_1226412_569_right_geometry"], "https://registry.gdi-de.org/up3/ontology/licht": ["https://registry.gdi-de.org/codelist/de.bund.balm.radnetz/Licht/1"], "https://registry.gdi-de.org/up3/ontology/quell-ID": ["1226412"], "https://registry.gdi-de.org/up3/ontology/richtung": ["https://registry.gdi-de.org/codelist/de.bund.balm.radnetz/Richtung/2"], "https://registry.gdi-de.org/up3/ontology/steigung": ["0.5903401"], "https://registry.gdi-de.org/up3/ontology/strecken-ID": ["Section_Wuppertal_1226412_569_right"]}, "geometry": {"type": "LineString", "coordinates": [[7.2432828435, 51.2544072717, 172.88], [7.243944679, 51.2544316373, 0.0], [7.2448087002, 51.2544682008, 173.51]]}}, {"type": "Feature", "id": "https://registry.gdi-de.org/de.nw/radnetz/instances/Section_Wuppertal_1225890_970_right", "name": "", "dateprops": [], "properties": {"http://rdfs.org/ns/void#inDataset": ["https://registry.gdi-de.org/de.nw/radnetz/instances/exnw_dataset"], "http://www.opengis.net/ont/geosparql#hasGeometry": ["https://registry.gdi-de.org/de.nw/radnetz/instances/Section_Wuppertal_1225890_970_right_geometry"], "http://www.w3.org/1999/02/22-rdf-syntax-ns#type": ["https://registry.gdi-de.org/up3/ontology/Streckenabschnitt_optional"], "https://registry.gdi-de.org/up3/ontology/beginntBeiKnoten": ["https://registry.gdi-de.org/de.nw/radnetz/instances/Knoten_Wuppertal_114550103"], "https://registry.gdi-de.org/up3/ontology/endetBeiKnoten": ["https://registry.gdi-de.org/de.nw/radnetz/instances/Knoten_Wuppertal_5596"], "https://registry.gdi-de.org/up3/ontology/fuehrung": ["https://registry.gdi-de.org/codelist/de.bund.balm.radnetz/Fuehrung/405"], "https://registry.gdi-de.org/up3/ontology/geometrieAbschnitt": ["https://registry.gdi-de.org/de.nw/radnetz/instances/Section_Wuppertal_1225890_970_right_geometry"], "https://registry.gdi-de.org/up3/ontology/licht": ["https://registry.gdi-de.org/codelist/de.bund.balm.radnetz/Licht/1"], "https://registry.gdi-de.org/up3/ontology/quell-ID": ["1225890"], "https://registry.gdi-de.org/up3/ontology/richtung": ["https://registry.gdi-de.org/codelist/de.bund.balm.radnetz/Richtung/2"], "https://registry.gdi-de.org/up3/ontology/steigung": ["1.800217"], "https://registry.gdi-de.org/up3/ontology/strecken-ID": ["Section_Wuppertal_1225890_970_right"]}, "geometry": {"type": "LineString", "coordinates": [[7.1554569987, 51.2395601616, 0.0], [7.155209079, 51.2393792846, 0.0], [7.1547620885, 51.2392578531, 0.0]]}}, {"type": "Feature", "id": "https://registry.gdi-de.org/de.nw/radnetz/instances/Section_Wuppertal_3744_91_right", "name": "", "dateprops": [], "properties": {"http://rdfs.org/ns/void#inDataset": ["https://registry.gdi-de.org/de.nw/radnetz/instances/exnw_dataset"], "http://www.opengis.net/ont/geosparql#hasGeometry": ["https://registry.gdi-de.org/de.nw/radnetz/instances/Section_Wuppertal_3744_91_right_geometry"], "http://www.w3.org/1999/02/22-rdf-syntax-ns#type": ["https://registry.gdi-de.org/up3/ontology/Streckenabschnitt_optional"], "https://registry.gdi-de.org/up3/ontology/beginntBeiKnoten": ["https://registry.gdi-de.org/de.nw/radnetz/instances/Knoten_Wuppertal_3316"], "https://registry.gdi-de.org/up3/ontology/endetBeiKnoten": ["https://registry.gdi-de.org/de.nw/radnetz/instances/Knoten_Wuppertal_3348"], "https://registry.gdi-de.org/up3/ontology/fuehrung": ["https://registry.gdi-de.org/codelist/de.bund.balm.radnetz/Fuehrung/200"], "https://registry.gdi-de.org/up3/ontology/geometrieAbschnitt": ["https://registry.gdi-de.org/de.nw/radnetz/instances/Section_Wuppertal_3744_91_right_geometry"], "https://registry.gdi-de.org/up3/ontology/licht": ["https://registry.gdi-de.org/codelist/de.bund.balm.radnetz/Licht/1"], "https://registry.gdi-de.org/up3/ontology/quell-ID": ["3744"], "https://registry.gdi-de.org/up3/ontology/richtung": ["https://registry.gdi-de.org/codelist/de.bund.balm.radnetz/Richtung/2"], "https://registry.gdi-de.org/up3/ontology/steigung": ["2.084047"], "https://registry.gdi-de.org/up3/ontology/strecken-ID": ["Section_Wuppertal_3744_91_right"]}, "geometry": {"type": "LineString", "coordinates": [[7.1045265199, 51.2535499518, 157.2], [7.1048831873, 51.2540858819, 0.0], [7.1055793788, 51.2550410283, 0.0], [7.1057516758, 51.2552068454, 161.44]]}}, {"type": "Feature", "id": "https://registry.gdi-de.org/de.nw/radnetz/instances/Section_Wuppertal_1225756_1002_right", "name": "", "dateprops": [], "properties": {"http://rdfs.org/ns/void#inDataset": ["https://registry.gdi-de.org/de.nw/radnetz/instances/exnw_dataset"], "http://www.opengis.net/ont/geosparql#hasGeometry": ["https://registry.gdi-de.org/de.nw/radnetz/instances/Section_Wuppertal_1225756_1002_right_geometry"], "http://www.w3.org/1999/02/22-rdf-syntax-ns#type": ["https://registry.gdi-de.org/up3/ontology/Streckenabschnitt_optional"], "https://registry.gdi-de.org/up3/ontology/beginntBeiKnoten": ["https://registry.gdi-de.org/de.nw/radnetz/instances/Knoten_Wuppertal_114310102"], "https://registry.gdi-de.org/up3/ontology/endetBeiKnoten": ["https://registry.gdi-de.org/de.nw/radnetz/instances/Knoten_Wuppertal_3640"], "https://registry.gdi-de.org/up3/ontology/fuehrung": ["https://registry.gdi-de.org/codelist/de.bund.balm.radnetz/Fuehrung/405"], "https://registry.gdi-de.org/up3/ontology/geometrieAbschnitt": ["https://registry.gdi-de.org/de.nw/radnetz/instances/Section_Wuppertal_1225756_1002_right_geometry"], "https://registry.gdi-de.org/up3/ontology/licht": ["https://registry.gdi-de.org/codelist/de.bund.balm.radnetz/Licht/1"], "https://registry.gdi-de.org/up3/ontology/quell-ID": ["1225756"], "https://registry.gdi-de.org/up3/ontology/richtung": ["https://registry.gdi-de.org/codelist/de.bund.balm.radnetz/Richtung/2"], "https://registry.gdi-de.org/up3/ontology/steigung": ["7.974485"], "https://registry.gdi-de.org/up3/ontology/strecken-ID": ["Section_Wuppertal_1225756_1002_right"]}, "geometry": {"type": "LineString", "coordinates": [[7.1165910096, 51.2019104959, 0.0], [7.1167515918, 51.2020059812, 0.0], [7.1175174465, 51.2024349906, 0.0]]}}, {"type": "Feature", "id": "https://registry.gdi-de.org/de.nw/radnetz/instances/Section_Wuppertal_12612_1014_right", "name": "", "dateprops": [], "properties": {"http://rdfs.org/ns/void#inDataset": ["https://registry.gdi-de.org/de.nw/radnetz/instances/exnw_dataset"], "http://www.opengis.net/ont/geosparql#hasGeometry": ["https://registry.gdi-de.org/de.nw/radnetz/instances/Section_Wuppertal_12612_1014_right_geometry"], "http://www.w3.org/1999/02/22-rdf-syntax-ns#type": ["https://registry.gdi-de.org/up3/ontology/Streckenabschnitt_optional"], "https://registry.gdi-de.org/up3/ontology/beginntBeiKnoten": ["https://registry.gdi-de.org/de.nw/radnetz/instances/Knoten_Wuppertal_2399"], "https://registry.gdi-de.org/up3/ontology/endetBeiKnoten": ["https://registry.gdi-de.org/de.nw/radnetz/instances/Knoten_Wuppertal_2368"], "https://registry.gdi-de.org/up3/ontology/fuehrung": ["https://registry.gdi-de.org/codelist/de.bund.balm.radnetz/Fuehrung/200"], "https://registry.gdi-de.org/up3/ontology/geometrieAbschnitt": ["https://registry.gdi-de.org/de.nw/radnetz/instances/Section_Wuppertal_12612_1014_right_geometry"], "https://registry.gdi-de.org/up3/ontology/licht": ["https://registry.gdi-de.org/codelist/de.bund.balm.radnetz/Licht/1"], "https://registry.gdi-de.org/up3/ontology/quell-ID": ["12612"], "https://registry.gdi-de.org/up3/ontology/richtung": ["https://registry.gdi-de.org/codelist/de.bund.balm.radnetz/Richtung/2"], "https://registry.gdi-de.org/up3/ontology/steigung": ["1.052474"], "https://registry.gdi-de.org/up3/ontology/strecken-ID": ["Section_Wuppertal_12612_1014_right"]}, "geometry": {"type": "LineString", "coordinates": [[7.0634092182, 51.2309016953, 0.0], [7.0618508439, 51.2303765283, 0.0]]}}, {"type": "Feature", "id": "https://registry.gdi-de.org/de.nw/radnetz/instances/Section_Wuppertal_3000_66_right", "name": "", "dateprops": [], "properties": {"http://rdfs.org/ns/void#inDataset": ["https://registry.gdi-de.org/de.nw/radnetz/instances/exnw_dataset"], "http://www.opengis.net/ont/geosparql#hasGeometry": ["https://registry.gdi-de.org/de.nw/radnetz/instances/Section_Wuppertal_3000_66_right_geometry"], "http://www.w3.org/1999/02/22-rdf-syntax-ns#type": ["https://registry.gdi-de.org/up3/ontology/Streckenabschnitt_optional"], "https://registry.gdi-de.org/up3/ontology/beginntBeiKnoten": ["https://registry.gdi-de.org/de.nw/radnetz/instances/Knoten_Wuppertal_4055"], "https://registry.gdi-de.org/up3/ontology/endetBeiKnoten": ["https://registry.gdi-de.org/de.nw/radnetz/instances/Knoten_Wuppertal_4184"], "https://registry.gdi-de.org/up3/ontology/fuehrung": ["https://registry.gdi-de.org/codelist/de.bund.balm.radnetz/Fuehrung/401"], "https://registry.gdi-de.org/up3/ontology/geometrieAbschnitt": ["https://registry.gdi-de.org/de.nw/radnetz/instances/Section_Wuppertal_3000_66_right_geometry"], "https://registry.gdi-de.org/up3/ontology/licht": ["https://registry.gdi-de.org/codelist/de.bund.balm.radnetz/Licht/0"], "https://registry.gdi-de.org/up3/ontology/quell-ID": ["3000"], "https://registry.gdi-de.org/up3/ontology/richtung": ["https://registry.gdi-de.org/codelist/de.bund.balm.radnetz/Richtung/2"], "https://registry.gdi-de.org/up3/ontology/steigung": ["2.459127"], "https://registry.gdi-de.org/up3/ontology/strecken-ID": ["Section_Wuppertal_3000_66_right"]}, "geometry": {"type": "LineString", "coordinates": [[7.1245745057, 51.2977895251, 201.56], [7.1249755343, 51.2972475253, 0.0], [7.1252419831, 51.2970022372, 0.0], [7.1266459556, 51.2960766004, 207.5]]}}, {"type": "Feature", "id": "https://registry.gdi-de.org/de.nw/radnetz/instances/Section_Wuppertal_1228297_697_right", "name": "", "dateprops": [], "properties": {"http://rdfs.org/ns/void#inDataset": ["https://registry.gdi-de.org/de.nw/radnetz/instances/exnw_dataset"], "http://www.opengis.net/ont/geosparql#hasGeometry": ["https://registry.gdi-de.org/de.nw/radnetz/instances/Section_Wuppertal_1228297_697_right_geometry"], "http://www.w3.org/1999/02/22-rdf-syntax-ns#type": ["https://registry.gdi-de.org/up3/ontology/Streckenabschnitt_optional"], "https://registry.gdi-de.org/up3/ontology/beginntBeiKnoten": ["https://registry.gdi-de.org/de.nw/radnetz/instances/Knoten_Wuppertal_1189690523"], "https://registry.gdi-de.org/up3/ontology/endetBeiKnoten": ["https://registry.gdi-de.org/de.nw/radnetz/instances/Knoten_Wuppertal_2467"], "https://registry.gdi-de.org/up3/ontology/fuehrung": ["https://registry.gdi-de.org/codelist/de.bund.balm.radnetz/Fuehrung/200"], "https://registry.gdi-de.org/up3/ontology/geometrieAbschnitt": ["https://registry.gdi-de.org/de.nw/radnetz/instances/Section_Wuppertal_1228297_697_right_geometry"], "https://registry.gdi-de.org/up3/ontology/licht": ["https://registry.gdi-de.org/codelist/de.bund.balm.radnetz/Licht/1"], "https://registry.gdi-de.org/up3/ontology/quell-ID": ["1228297"], "https://registry.gdi-de.org/up3/ontology/richtung": ["https://registry.gdi-de.org/codelist/de.bund.balm.radnetz/Richtung/2"], "https://registry.gdi-de.org/up3/ontology/steigung": ["0.7470102"], "https://registry.gdi-de.org/up3/ontology/strecken-ID": ["Section_Wuppertal_1228297_697_right"]}, "geometry": {"type": "LineString", "coordinates": [[7.0677144265, 51.2266168403, 199.88], [7.0672473528, 51.2265114453, 0.0], [7.0659193506, 51.2259812813, 200.96]]}}, {"type": "Feature", "id": "https://registry.gdi-de.org/de.nw/radnetz/instances/Section_Wuppertal_1225644_491_right", "name": "", "dateprops": [], "properties": {"http://rdfs.org/ns/void#inDataset": ["https://registry.gdi-de.org/de.nw/radnetz/instances/exnw_dataset"], "http://www.opengis.net/ont/geosparql#hasGeometry": ["https://registry.gdi-de.org/de.nw/radnetz/instances/Section_Wuppertal_1225644_491_right_geometry"], "http://www.w3.org/1999/02/22-rdf-syntax-ns#type": ["https://registry.gdi-de.org/up3/ontology/Streckenabschnitt_optional"], "https://registry.gdi-de.org/up3/ontology/beginntBeiKnoten": ["https://registry.gdi-de.org/de.nw/radnetz/instances/Knoten_Wuppertal_113540101"], "https://registry.gdi-de.org/up3/ontology/endetBeiKnoten": ["https://registry.gdi-de.org/de.nw/radnetz/instances/Knoten_Wuppertal_2318"], "https://registry.gdi-de.org/up3/ontology/fuehrung": ["https://registry.gdi-de.org/codelist/de.bund.balm.radnetz/Fuehrung/401"], "https://registry.gdi-de.org/up3/ontology/geometrieAbschnitt": ["https://registry.gdi-de.org/de.nw/radnetz/instances/Section_Wuppertal_1225644_491_right_geometry"], "https://registry.gdi-de.org/up3/ontology/licht": ["https://registry.gdi-de.org/codelist/de.bund.balm.radnetz/Licht/1"], "https://registry.gdi-de.org/up3/ontology/quell-ID": ["1225644"], "https://registry.gdi-de.org/up3/ontology/richtung": ["https://registry.gdi-de.org/codelist/de.bund.balm.radnetz/Richtung/2"], "https://registry.gdi-de.org/up3/ontology/steigung": ["5.304149"], "https://registry.gdi-de.org/up3/ontology/strecken-ID": ["Section_Wuppertal_1225644_491_right"]}, "geometry": {"type": "LineString", "coordinates": [[7.0601661962, 51.2199502416, 220.82], [7.0601713095, 51.2195960168, 222.91]]}}, {"type": "Feature", "id": "https://registry.gdi-de.org/de.nw/radnetz/instances/Section_Wuppertal_2252_47_right", "name": "", "dateprops": [], "properties": {"http://rdfs.org/ns/void#inDataset": ["https://registry.gdi-de.org/de.nw/radnetz/instances/exnw_dataset"], "http://www.opengis.net/ont/geosparql#hasGeometry": ["https://registry.gdi-de.org/de.nw/radnetz/instances/Section_Wuppertal_2252_47_right_geometry"], "http://www.w3.org/1999/02/22-rdf-syntax-ns#type": ["https://registry.gdi-de.org/up3/ontology/Streckenabschnitt_optional"], "https://registry.gdi-de.org/up3/ontology/beginntBeiKnoten": ["https://registry.gdi-de.org/de.nw/radnetz/instances/Knoten_Wuppertal_2685"], "https://registry.gdi-de.org/up3/ontology/endetBeiKnoten": ["https://registry.gdi-de.org/de.nw/radnetz/instances/Knoten_Wuppertal_2709"], "https://registry.gdi-de.org/up3/ontology/fuehrung": ["https://registry.gdi-de.org/codelist/de.bund.balm.radnetz/Fuehrung/401"], "https://registry.gdi-de.org/up3/ontology/geometrieAbschnitt": ["https://registry.gdi-de.org/de.nw/radnetz/instances/Section_Wuppertal_2252_47_right_geometry"], "https://registry.gdi-de.org/up3/ontology/licht": ["https://registry.gdi-de.org/codelist/de.bund.balm.radnetz/Licht/1"], "https://registry.gdi-de.org/up3/ontology/quell-ID": ["2252"], "https://registry.gdi-de.org/up3/ontology/richtung": ["https://registry.gdi-de.org/codelist/de.bund.balm.radnetz/Richtung/2"], "https://registry.gdi-de.org/up3/ontology/steigung": ["1.190931"], "https://registry.gdi-de.org/up3/ontology/strecken-ID": ["Section_Wuppertal_2252_47_right"]}, "geometry": {"type": "LineString", "coordinates": [[7.0731091648, 51.2529692262, 184.83], [7.0737296429, 51.2530612012, 185.36]]}}, {"type": "Feature", "id": "https://registry.gdi-de.org/de.nw/radnetz/instances/Section_Wuppertal_8928_181_right", "name": "", "dateprops": [], "properties": {"http://rdfs.org/ns/void#inDataset": ["https://registry.gdi-de.org/de.nw/radnetz/instances/exnw_dataset"], "http://www.opengis.net/ont/geosparql#hasGeometry": ["https://registry.gdi-de.org/de.nw/radnetz/instances/Section_Wuppertal_8928_181_right_geometry"], "http://www.w3.org/1999/02/22-rdf-syntax-ns#type": ["https://registry.gdi-de.org/up3/ontology/Streckenabschnitt_optional"], "https://registry.gdi-de.org/up3/ontology/beginntBeiKnoten": ["https://registry.gdi-de.org/de.nw/radnetz/instances/Knoten_Wuppertal_9558"], "https://registry.gdi-de.org/up3/ontology/endetBeiKnoten": ["https://registry.gdi-de.org/de.nw/radnetz/instances/Knoten_Wuppertal_9577"], "https://registry.gdi-de.org/up3/ontology/fuehrung": ["https://registry.gdi-de.org/codelist/de.bund.balm.radnetz/Fuehrung/401"], "https://registry.gdi-de.org/up3/ontology/geometrieAbschnitt": ["https://registry.gdi-de.org/de.nw/radnetz/instances/Section_Wuppertal_8928_181_right_geometry"], "https://registry.gdi-de.org/up3/ontology/licht": ["https://registry.gdi-de.org/codelist/de.bund.balm.radnetz/Licht/0"], "https://registry.gdi-de.org/up3/ontology/quell-ID": ["8928"], "https://registry.gdi-de.org/up3/ontology/richtung": ["https://registry.gdi-de.org/codelist/de.bund.balm.radnetz/Richtung/2"], "https://registry.gdi-de.org/up3/ontology/steigung": ["0.8226974"], "https://registry.gdi-de.org/up3/ontology/strecken-ID": ["Section_Wuppertal_8928_181_right"]}, "geometry": {"type": "LineString", "coordinates": [[7.2606005578, 51.2840869027, 183.35], [7.2614058771, 51.2844699004, 183.93]]}}, {"type": "Feature", "id": "https://registry.gdi-de.org/de.nw/radnetz/instances/Section_Wuppertal_9638_197_right", "name": "", "dateprops": [], "properties": {"http://rdfs.org/ns/void#inDataset": ["https://registry.gdi-de.org/de.nw/radnetz/instances/exnw_dataset"], "http://www.opengis.net/ont/geosparql#hasGeometry": ["https://registry.gdi-de.org/de.nw/radnetz/instances/Section_Wuppertal_9638_197_right_geometry"], "http://www.w3.org/1999/02/22-rdf-syntax-ns#type": ["https://registry.gdi-de.org/up3/ontology/Streckenabschnitt_optional"], "https://registry.gdi-de.org/up3/ontology/beginntBeiKnoten": ["https://registry.gdi-de.org/de.nw/radnetz/instances/Knoten_Wuppertal_3257"], "https://registry.gdi-de.org/up3/ontology/endetBeiKnoten": ["https://registry.gdi-de.org/de.nw/radnetz/instances/Knoten_Wuppertal_3192"], "https://registry.gdi-de.org/up3/ontology/geometrieAbschnitt": ["https://registry.gdi-de.org/de.nw/radnetz/instances/Section_Wuppertal_9638_197_right_geometry"], "https://registry.gdi-de.org/up3/ontology/licht": ["https://registry.gdi-de.org/codelist/de.bund.balm.radnetz/Licht/1"], "https://registry.gdi-de.org/up3/ontology/quell-ID": ["9638"], "https://registry.gdi-de.org/up3/ontology/richtung": ["https://registry.gdi-de.org/codelist/de.bund.balm.radnetz/Richtung/2"], "https://registry.gdi-de.org/up3/ontology/steigung": ["4.834876"], "https://registry.gdi-de.org/up3/ontology/strecken-ID": ["Section_Wuppertal_9638_197_right"]}, "geometry": {"type": "LineString", "coordinates": [[7.1020672007, 51.2542791566, 161.94], [7.1012829875, 51.253877042, 0.0], [7.09964266, 51.2535688814, 0.0], [7.0988295723, 51.2531091079, 174.83]]}}, {"type": "Feature", "id": "https://registry.gdi-de.org/de.nw/radnetz/instances/Section_Wuppertal_12798_275_right", "name": "", "dateprops": [], "properties": {"http://rdfs.org/ns/void#inDataset": ["https://registry.gdi-de.org/de.nw/radnetz/instances/exnw_dataset"], "http://www.opengis.net/ont/geosparql#hasGeometry": ["https://registry.gdi-de.org/de.nw/radnetz/instances/Section_Wuppertal_12798_275_right_geometry"], "http://www.w3.org/1999/02/22-rdf-syntax-ns#type": ["https://registry.gdi-de.org/up3/ontology/Streckenabschnitt_optional"], "https://registry.gdi-de.org/up3/ontology/beginntBeiKnoten": ["https://registry.gdi-de.org/de.nw/radnetz/instances/Knoten_Wuppertal_3348"], "https://registry.gdi-de.org/up3/ontology/endetBeiKnoten": ["https://registry.gdi-de.org/de.nw/radnetz/instances/Knoten_Wuppertal_3357"], "https://registry.gdi-de.org/up3/ontology/fuehrung": ["https://registry.gdi-de.org/codelist/de.bund.balm.radnetz/Fuehrung/200"], "https://registry.gdi-de.org/up3/ontology/geometrieAbschnitt": ["https://registry.gdi-de.org/de.nw/radnetz/instances/Section_Wuppertal_12798_275_right_geometry"], "https://registry.gdi-de.org/up3/ontology/licht": ["https://registry.gdi-de.org/codelist/de.bund.balm.radnetz/Licht/1"], "https://registry.gdi-de.org/up3/ontology/quell-ID": ["12798"], "https://registry.gdi-de.org/up3/ontology/richtung": ["https://registry.gdi-de.org/codelist/de.bund.balm.radnetz/Richtung/2"], "https://registry.gdi-de.org/up3/ontology/steigung": ["2.728999"], "https://registry.gdi-de.org/up3/ontology/strecken-ID": ["Section_Wuppertal_12798_275_right"]}, "geometry": {"type": "LineString", "coordinates": [[7.1057516758, 51.2552068454, 161.44], [7.1059724914, 51.255502084, 162.43]]}}, {"type": "Feature", "id": "https://registry.gdi-de.org/de.nw/radnetz/instances/Section_Wuppertal_1226960_656_right", "name": "", "dateprops": [], "properties": {"http://rdfs.org/ns/void#inDataset": ["https://registry.gdi-de.org/de.nw/radnetz/instances/exnw_dataset"], "http://www.opengis.net/ont/geosparql#hasGeometry": ["https://registry.gdi-de.org/de.nw/radnetz/instances/Section_Wuppertal_1226960_656_right_geometry"], "http://www.w3.org/1999/02/22-rdf-syntax-ns#type": ["https://registry.gdi-de.org/up3/ontology/Streckenabschnitt_optional"], "https://registry.gdi-de.org/up3/ontology/beginntBeiKnoten": ["https://registry.gdi-de.org/de.nw/radnetz/instances/Knoten_Wuppertal_114570102"], "https://registry.gdi-de.org/up3/ontology/endetBeiKnoten": ["https://registry.gdi-de.org/de.nw/radnetz/instances/Knoten_Wuppertal_114570101"], "https://registry.gdi-de.org/up3/ontology/fuehrung": ["https://registry.gdi-de.org/codelist/de.bund.balm.radnetz/Fuehrung/405"], "https://registry.gdi-de.org/up3/ontology/geometrieAbschnitt": ["https://registry.gdi-de.org/de.nw/radnetz/instances/Section_Wuppertal_1226960_656_right_geometry"], "https://registry.gdi-de.org/up3/ontology/licht": ["https://registry.gdi-de.org/codelist/de.bund.balm.radnetz/Licht/1"], "https://registry.gdi-de.org/up3/ontology/quell-ID": ["1226960"], "https://registry.gdi-de.org/up3/ontology/richtung": ["https://registry.gdi-de.org/codelist/de.bund.balm.radnetz/Richtung/2"], "https://registry.gdi-de.org/up3/ontology/steigung": ["0.3508503"], "https://registry.gdi-de.org/up3/ontology/strecken-ID": ["Section_Wuppertal_1226960_656_right"]}, "geometry": {"type": "LineString", "coordinates": [[7.0706105501, 51.247933255, 198.53], [7.0705662165, 51.2476785322, 198.63]]}}, {"type": "Feature", "id": "https://registry.gdi-de.org/de.nw/radnetz/instances/Section_Wuppertal_1838_39_right", "name": "", "dateprops": [], "properties": {"http://rdfs.org/ns/void#inDataset": ["https://registry.gdi-de.org/de.nw/radnetz/instances/exnw_dataset"], "http://www.opengis.net/ont/geosparql#hasGeometry": ["https://registry.gdi-de.org/de.nw/radnetz/instances/Section_Wuppertal_1838_39_right_geometry"], "http://www.w3.org/1999/02/22-rdf-syntax-ns#type": ["https://registry.gdi-de.org/up3/ontology/Streckenabschnitt_optional"], "https://registry.gdi-de.org/up3/ontology/beginntBeiKnoten": ["https://registry.gdi-de.org/de.nw/radnetz/instances/Knoten_Wuppertal_5130"], "https://registry.gdi-de.org/up3/ontology/endetBeiKnoten": ["https://registry.gdi-de.org/de.nw/radnetz/instances/Knoten_Wuppertal_5176"], "https://registry.gdi-de.org/up3/ontology/geometrieAbschnitt": ["https://registry.gdi-de.org/de.nw/radnetz/instances/Section_Wuppertal_1838_39_right_geometry"], "https://registry.gdi-de.org/up3/ontology/licht": ["https://registry.gdi-de.org/codelist/de.bund.balm.radnetz/Licht/1"], "https://registry.gdi-de.org/up3/ontology/quell-ID": ["1838"], "https://registry.gdi-de.org/up3/ontology/richtung": ["https://registry.gdi-de.org/codelist/de.bund.balm.radnetz/Richtung/2"], "https://registry.gdi-de.org/up3/ontology/steigung": ["2.854649"], "https://registry.gdi-de.org/up3/ontology/strecken-ID": ["Section_Wuppertal_1838_39_right"]}, "geometry": {"type": "LineString", "coordinates": [[7.1470843527, 51.2265006211, 321.46], [7.1473765971, 51.2263447857, 0.0], [7.1477949631, 51.2262113319, 323.16]]}}, {"type": "Feature", "id": "https://registry.gdi-de.org/de.nw/radnetz/instances/Section_Wuppertal_1761_35_right", "name": "", "dateprops": [], "properties": {"http://rdfs.org/ns/void#inDataset": ["https://registry.gdi-de.org/de.nw/radnetz/instances/exnw_dataset"], "http://www.opengis.net/ont/geosparql#hasGeometry": ["https://registry.gdi-de.org/de.nw/radnetz/instances/Section_Wuppertal_1761_35_right_geometry"], "http://www.w3.org/1999/02/22-rdf-syntax-ns#type": ["https://registry.gdi-de.org/up3/ontology/Streckenabschnitt_optional"], "https://registry.gdi-de.org/up3/ontology/beginntBeiKnoten": ["https://registry.gdi-de.org/de.nw/radnetz/instances/Knoten_Wuppertal_2580"], "https://registry.gdi-de.org/up3/ontology/endetBeiKnoten": ["https://registry.gdi-de.org/de.nw/radnetz/instances/Knoten_Wuppertal_2584"], "https://registry.gdi-de.org/up3/ontology/fuehrung": ["https://registry.gdi-de.org/codelist/de.bund.balm.radnetz/Fuehrung/401"], "https://registry.gdi-de.org/up3/ontology/geometrieAbschnitt": ["https://registry.gdi-de.org/de.nw/radnetz/instances/Section_Wuppertal_1761_35_right_geometry"], "https://registry.gdi-de.org/up3/ontology/licht": ["https://registry.gdi-de.org/codelist/de.bund.balm.radnetz/Licht/1"], "https://registry.gdi-de.org/up3/ontology/quell-ID": ["1761"], "https://registry.gdi-de.org/up3/ontology/richtung": ["https://registry.gdi-de.org/codelist/de.bund.balm.radnetz/Richtung/2"], "https://registry.gdi-de.org/up3/ontology/steigung": ["1.643402"], "https://registry.gdi-de.org/up3/ontology/strecken-ID": ["Section_Wuppertal_1761_35_right"]}, "geometry": {"type": "LineString", "coordinates": [[7.0701059114, 51.2401175017, 207.28], [7.0702095686, 51.2407542266, 208.45]]}}, {"type": "Feature", "id": "https://registry.gdi-de.org/de.nw/radnetz/instances/Section_Wuppertal_1226780_627_right", "name": "", "dateprops": [], "properties": {"http://rdfs.org/ns/void#inDataset": ["https://registry.gdi-de.org/de.nw/radnetz/instances/exnw_dataset"], "http://www.opengis.net/ont/geosparql#hasGeometry": ["https://registry.gdi-de.org/de.nw/radnetz/instances/Section_Wuppertal_1226780_627_right_geometry"], "http://www.w3.org/1999/02/22-rdf-syntax-ns#type": ["https://registry.gdi-de.org/up3/ontology/Streckenabschnitt_optional"], "https://registry.gdi-de.org/up3/ontology/beginntBeiKnoten": ["https://registry.gdi-de.org/de.nw/radnetz/instances/Knoten_Wuppertal_110680101"], "https://registry.gdi-de.org/up3/ontology/endetBeiKnoten": ["https://registry.gdi-de.org/de.nw/radnetz/instances/Knoten_Wuppertal_3312"], "https://registry.gdi-de.org/up3/ontology/fuehrung": ["https://registry.gdi-de.org/codelist/de.bund.balm.radnetz/Fuehrung/200"], "https://registry.gdi-de.org/up3/ontology/geometrieAbschnitt": ["https://registry.gdi-de.org/de.nw/radnetz/instances/Section_Wuppertal_1226780_627_right_geometry"], "https://registry.gdi-de.org/up3/ontology/licht": ["https://registry.gdi-de.org/codelist/de.bund.balm.radnetz/Licht/1"], "https://registry.gdi-de.org/up3/ontology/quell-ID": ["1226780"], "https://registry.gdi-de.org/up3/ontology/richtung": ["https://registry.gdi-de.org/codelist/de.bund.balm.radnetz/Richtung/2"], "https://registry.gdi-de.org/up3/ontology/steigung": ["1.291357"], "https://registry.gdi-de.org/up3/ontology/strecken-ID": ["Section_Wuppertal_1226780_627_right"]}, "geometry": {"type": "LineString", "coordinates": [[7.1042320948, 51.252708726, 155.82], [7.1044024698, 51.2531555929, 156.48]]}}, {"type": "Feature", "id": "https://registry.gdi-de.org/de.nw/radnetz/instances/Section_Wuppertal_1225337_472_right", "name": "", "dateprops": [], "properties": {"http://rdfs.org/ns/void#inDataset": ["https://registry.gdi-de.org/de.nw/radnetz/instances/exnw_dataset"], "http://www.opengis.net/ont/geosparql#hasGeometry": ["https://registry.gdi-de.org/de.nw/radnetz/instances/Section_Wuppertal_1225337_472_right_geometry"], "http://www.w3.org/1999/02/22-rdf-syntax-ns#type": ["https://registry.gdi-de.org/up3/ontology/Streckenabschnitt_optional"], "https://registry.gdi-de.org/up3/ontology/beginntBeiKnoten": ["https://registry.gdi-de.org/de.nw/radnetz/instances/Knoten_Wuppertal_2701"], "https://registry.gdi-de.org/up3/ontology/endetBeiKnoten": ["https://registry.gdi-de.org/de.nw/radnetz/instances/Knoten_Wuppertal_110620101"], "https://registry.gdi-de.org/up3/ontology/fuehrung": ["https://registry.gdi-de.org/codelist/de.bund.balm.radnetz/Fuehrung/401"], "https://registry.gdi-de.org/up3/ontology/geometrieAbschnitt": ["https://registry.gdi-de.org/de.nw/radnetz/instances/Section_Wuppertal_1225337_472_right_geometry"], "https://registry.gdi-de.org/up3/ontology/licht": ["https://registry.gdi-de.org/codelist/de.bund.balm.radnetz/Licht/1"], "https://registry.gdi-de.org/up3/ontology/quell-ID": ["1225337"], "https://registry.gdi-de.org/up3/ontology/richtung": ["https://registry.gdi-de.org/codelist/de.bund.balm.radnetz/Richtung/2"], "https://registry.gdi-de.org/up3/ontology/steigung": ["2.094247"], "https://registry.gdi-de.org/up3/ontology/strecken-ID": ["Section_Wuppertal_1225337_472_right"]}, "geometry": {"type": "LineString", "coordinates": [[7.0731722225, 51.2665670704, 183.78], [7.0732859113, 51.2657761197, 185.63]]}}, {"type": "Feature", "id": "https://registry.gdi-de.org/de.nw/radnetz/instances/Section_Wuppertal_9125_1033_right", "name": "", "dateprops": [], "properties": {"http://rdfs.org/ns/void#inDataset": ["https://registry.gdi-de.org/de.nw/radnetz/instances/exnw_dataset"], "http://www.opengis.net/ont/geosparql#hasGeometry": ["https://registry.gdi-de.org/de.nw/radnetz/instances/Section_Wuppertal_9125_1033_right_geometry"], "http://www.w3.org/1999/02/22-rdf-syntax-ns#type": ["https://registry.gdi-de.org/up3/ontology/Streckenabschnitt_optional"], "https://registry.gdi-de.org/up3/ontology/beginntBeiKnoten": ["https://registry.gdi-de.org/de.nw/radnetz/instances/Knoten_Wuppertal_4389"], "https://registry.gdi-de.org/up3/ontology/endetBeiKnoten": ["https://registry.gdi-de.org/de.nw/radnetz/instances/Knoten_Wuppertal_4404"], "https://registry.gdi-de.org/up3/ontology/geometrieAbschnitt": ["https://registry.gdi-de.org/de.nw/radnetz/instances/Section_Wuppertal_9125_1033_right_geometry"], "https://registry.gdi-de.org/up3/ontology/licht": ["https://registry.gdi-de.org/codelist/de.bund.balm.radnetz/Licht/1"], "https://registry.gdi-de.org/up3/ontology/quell-ID": ["9125"], "https://registry.gdi-de.org/up3/ontology/richtung": ["https://registry.gdi-de.org/codelist/de.bund.balm.radnetz/Richtung/2"], "https://registry.gdi-de.org/up3/ontology/steigung": ["6.943265"], "https://registry.gdi-de.org/up3/ontology/strecken-ID": ["Section_Wuppertal_9125_1033_right"]}, "geometry": {"type": "LineString", "coordinates": [[7.1308761776, 51.2730825465, 0.0], [7.1310434961, 51.2733139483, 0.0], [7.1310594271, 51.2734420578, 0.0], [7.1310598602, 51.2735139466, 0.0]]}}, {"type": "Feature", "id": "https://registry.gdi-de.org/de.nw/radnetz/instances/Section_Wuppertal_1225819_508_right", "name": "", "dateprops": [], "properties": {"http://rdfs.org/ns/void#inDataset": ["https://registry.gdi-de.org/de.nw/radnetz/instances/exnw_dataset"], "http://www.opengis.net/ont/geosparql#hasGeometry": ["https://registry.gdi-de.org/de.nw/radnetz/instances/Section_Wuppertal_1225819_508_right_geometry"], "http://www.w3.org/1999/02/22-rdf-syntax-ns#type": ["https://registry.gdi-de.org/up3/ontology/Streckenabschnitt_optional"], "https://registry.gdi-de.org/up3/ontology/beginntBeiKnoten": ["https://registry.gdi-de.org/de.nw/radnetz/instances/Knoten_Wuppertal_116480102"], "https://registry.gdi-de.org/up3/ontology/endetBeiKnoten": ["https://registry.gdi-de.org/de.nw/radnetz/instances/Knoten_Wuppertal_9672"], "https://registry.gdi-de.org/up3/ontology/fuehrung": ["https://registry.gdi-de.org/codelist/de.bund.balm.radnetz/Fuehrung/401"], "https://registry.gdi-de.org/up3/ontology/geometrieAbschnitt": ["https://registry.gdi-de.org/de.nw/radnetz/instances/Section_Wuppertal_1225819_508_right_geometry"], "https://registry.gdi-de.org/up3/ontology/licht": ["https://registry.gdi-de.org/codelist/de.bund.balm.radnetz/Licht/1"], "https://registry.gdi-de.org/up3/ontology/quell-ID": ["1225819"], "https://registry.gdi-de.org/up3/ontology/richtung": ["https://registry.gdi-de.org/codelist/de.bund.balm.radnetz/Richtung/2"], "https://registry.gdi-de.org/up3/ontology/steigung": ["0.4258602"], "https://registry.gdi-de.org/up3/ontology/strecken-ID": ["Section_Wuppertal_1225819_508_right"]}, "geometry": {"type": "LineString", "coordinates": [[7.2681557989, 51.2540042186, 180.47], [7.2681962762, 51.2540025909, 0.0], [7.2687265697, 51.2540237266, 180.64]]}}, {"type": "Feature", "id": "https://registry.gdi-de.org/de.nw/radnetz/instances/Section_Wuppertal_7817_161_right", "name": "", "dateprops": [], "properties": {"http://rdfs.org/ns/void#inDataset": ["https://registry.gdi-de.org/de.nw/radnetz/instances/exnw_dataset"], "http://www.opengis.net/ont/geosparql#hasGeometry": ["https://registry.gdi-de.org/de.nw/radnetz/instances/Section_Wuppertal_7817_161_right_geometry"], "http://www.w3.org/1999/02/22-rdf-syntax-ns#type": ["https://registry.gdi-de.org/up3/ontology/Streckenabschnitt_optional"], "https://registry.gdi-de.org/up3/ontology/beginntBeiKnoten": ["https://registry.gdi-de.org/de.nw/radnetz/instances/Knoten_Wuppertal_9266"], "https://registry.gdi-de.org/up3/ontology/endetBeiKnoten": ["https://registry.gdi-de.org/de.nw/radnetz/instances/Knoten_Wuppertal_9264"], "https://registry.gdi-de.org/up3/ontology/fuehrung": ["https://registry.gdi-de.org/codelist/de.bund.balm.radnetz/Fuehrung/401"], "https://registry.gdi-de.org/up3/ontology/geometrieAbschnitt": ["https://registry.gdi-de.org/de.nw/radnetz/instances/Section_Wuppertal_7817_161_right_geometry"], "https://registry.gdi-de.org/up3/ontology/licht": ["https://registry.gdi-de.org/codelist/de.bund.balm.radnetz/Licht/1"], "https://registry.gdi-de.org/up3/ontology/quell-ID": ["7817"], "https://registry.gdi-de.org/up3/ontology/richtung": ["https://registry.gdi-de.org/codelist/de.bund.balm.radnetz/Richtung/2"], "https://registry.gdi-de.org/up3/ontology/steigung": ["5.509711"], "https://registry.gdi-de.org/up3/ontology/strecken-ID": ["Section_Wuppertal_7817_161_right"]}, "geometry": {"type": "LineString", "coordinates": [[7.2468808099, 51.2952666815, 221.44], [7.2464901629, 51.2956663747, 0.0], [7.2464651134, 51.2963318507, 0.0], [7.2466050625, 51.2967348717, 230.92]]}}, {"type": "Feature", "id": "https://registry.gdi-de.org/de.nw/radnetz/instances/Section_Wuppertal_1226354_565_right", "name": "", "dateprops": [], "properties": {"http://rdfs.org/ns/void#inDataset": ["https://registry.gdi-de.org/de.nw/radnetz/instances/exnw_dataset"], "http://www.opengis.net/ont/geosparql#hasGeometry": ["https://registry.gdi-de.org/de.nw/radnetz/instances/Section_Wuppertal_1226354_565_right_geometry"], "http://www.w3.org/1999/02/22-rdf-syntax-ns#type": ["https://registry.gdi-de.org/up3/ontology/Streckenabschnitt_optional"], "https://registry.gdi-de.org/up3/ontology/beginntBeiKnoten": ["https://registry.gdi-de.org/de.nw/radnetz/instances/Knoten_Wuppertal_5657"], "https://registry.gdi-de.org/up3/ontology/endetBeiKnoten": ["https://registry.gdi-de.org/de.nw/radnetz/instances/Knoten_Wuppertal_118230101"], "https://registry.gdi-de.org/up3/ontology/fuehrung": ["https://registry.gdi-de.org/codelist/de.bund.balm.radnetz/Fuehrung/401"], "https://registry.gdi-de.org/up3/ontology/geometrieAbschnitt": ["https://registry.gdi-de.org/de.nw/radnetz/instances/Section_Wuppertal_1226354_565_right_geometry"], "https://registry.gdi-de.org/up3/ontology/licht": ["https://registry.gdi-de.org/codelist/de.bund.balm.radnetz/Licht/1"], "https://registry.gdi-de.org/up3/ontology/quell-ID": ["1226354"], "https://registry.gdi-de.org/up3/ontology/richtung": ["https://registry.gdi-de.org/codelist/de.bund.balm.radnetz/Richtung/2"], "https://registry.gdi-de.org/up3/ontology/steigung": ["2.854499"], "https://registry.gdi-de.org/up3/ontology/strecken-ID": ["Section_Wuppertal_1226354_565_right"]}, "geometry": {"type": "LineString", "coordinates": [[7.1532635779, 51.303946863, 289.47], [7.1511783357, 51.3044447932, 0.0], [7.150300217, 51.3045292761, 0.0], [7.1485499155, 51.3046015248, 0.0], [7.1476331783, 51.3047472124, 0.0], [7.1460554964, 51.3051876983, 304.49]]}}, {"type": "Feature", "id": "https://registry.gdi-de.org/de.nw/radnetz/instances/Section_Wuppertal_1226322_560_right", "name": "", "dateprops": [], "properties": {"http://rdfs.org/ns/void#inDataset": ["https://registry.gdi-de.org/de.nw/radnetz/instances/exnw_dataset"], "http://www.opengis.net/ont/geosparql#hasGeometry": ["https://registry.gdi-de.org/de.nw/radnetz/instances/Section_Wuppertal_1226322_560_right_geometry"], "http://www.w3.org/1999/02/22-rdf-syntax-ns#type": ["https://registry.gdi-de.org/up3/ontology/Streckenabschnitt_optional"], "https://registry.gdi-de.org/up3/ontology/beginntBeiKnoten": ["https://registry.gdi-de.org/de.nw/radnetz/instances/Knoten_Wuppertal_114200101"], "https://registry.gdi-de.org/up3/ontology/endetBeiKnoten": ["https://registry.gdi-de.org/de.nw/radnetz/instances/Knoten_Wuppertal_114200102"], "https://registry.gdi-de.org/up3/ontology/geometrieAbschnitt": ["https://registry.gdi-de.org/de.nw/radnetz/instances/Section_Wuppertal_1226322_560_right_geometry"], "https://registry.gdi-de.org/up3/ontology/licht": ["https://registry.gdi-de.org/codelist/de.bund.balm.radnetz/Licht/1"], "https://registry.gdi-de.org/up3/ontology/quell-ID": ["1226322"], "https://registry.gdi-de.org/up3/ontology/richtung": ["https://registry.gdi-de.org/codelist/de.bund.balm.radnetz/Richtung/2"], "https://registry.gdi-de.org/up3/ontology/steigung": ["4.861471"], "https://registry.gdi-de.org/up3/ontology/strecken-ID": ["Section_Wuppertal_1226322_560_right"]}, "geometry": {"type": "LineString", "coordinates": [[7.1313840993, 51.2024846941, 276.83], [7.1313749493, 51.2025843906, 277.37]]}}, {"type": "Feature", "id": "https://registry.gdi-de.org/de.nw/radnetz/instances/Section_Wuppertal_1224536_1006_right", "name": "", "dateprops": [], "properties": {"http://rdfs.org/ns/void#inDataset": ["https://registry.gdi-de.org/de.nw/radnetz/instances/exnw_dataset"], "http://www.opengis.net/ont/geosparql#hasGeometry": ["https://registry.gdi-de.org/de.nw/radnetz/instances/Section_Wuppertal_1224536_1006_right_geometry"], "http://www.w3.org/1999/02/22-rdf-syntax-ns#type": ["https://registry.gdi-de.org/up3/ontology/Streckenabschnitt_optional"], "https://registry.gdi-de.org/up3/ontology/beginntBeiKnoten": ["https://registry.gdi-de.org/de.nw/radnetz/instances/Knoten_Wuppertal_114320102"], "https://registry.gdi-de.org/up3/ontology/endetBeiKnoten": ["https://registry.gdi-de.org/de.nw/radnetz/instances/Knoten_Wuppertal_3398"], "https://registry.gdi-de.org/up3/ontology/fuehrung": ["https://registry.gdi-de.org/codelist/de.bund.balm.radnetz/Fuehrung/405"], "https://registry.gdi-de.org/up3/ontology/geometrieAbschnitt": ["https://registry.gdi-de.org/de.nw/radnetz/instances/Section_Wuppertal_1224536_1006_right_geometry"], "https://registry.gdi-de.org/up3/ontology/licht": ["https://registry.gdi-de.org/codelist/de.bund.balm.radnetz/Licht/1"], "https://registry.gdi-de.org/up3/ontology/quell-ID": ["1224536"], "https://registry.gdi-de.org/up3/ontology/richtung": ["https://registry.gdi-de.org/codelist/de.bund.balm.radnetz/Richtung/2"], "https://registry.gdi-de.org/up3/ontology/steigung": ["2.094089"], "https://registry.gdi-de.org/up3/ontology/strecken-ID": ["Section_Wuppertal_1224536_1006_right"]}, "geometry": {"type": "LineString", "coordinates": [[7.109813482, 51.1936407529, 0.0], [7.1099421771, 51.1934976842, 0.0], [7.1101983093, 51.1934413179, 0.0]]}}, {"type": "Feature", "id": "https://registry.gdi-de.org/de.nw/radnetz/instances/Section_Wuppertal_1226270_552_right", "name": "", "dateprops": [], "properties": {"http://rdfs.org/ns/void#inDataset": ["https://registry.gdi-de.org/de.nw/radnetz/instances/exnw_dataset"], "http://www.opengis.net/ont/geosparql#hasGeometry": ["https://registry.gdi-de.org/de.nw/radnetz/instances/Section_Wuppertal_1226270_552_right_geometry"], "http://www.w3.org/1999/02/22-rdf-syntax-ns#type": ["https://registry.gdi-de.org/up3/ontology/Streckenabschnitt_optional"], "https://registry.gdi-de.org/up3/ontology/beginntBeiKnoten": ["https://registry.gdi-de.org/de.nw/radnetz/instances/Knoten_Wuppertal_113700101"], "https://registry.gdi-de.org/up3/ontology/endetBeiKnoten": ["https://registry.gdi-de.org/de.nw/radnetz/instances/Knoten_Wuppertal_113700102"], "https://registry.gdi-de.org/up3/ontology/geometrieAbschnitt": ["https://registry.gdi-de.org/de.nw/radnetz/instances/Section_Wuppertal_1226270_552_right_geometry"], "https://registry.gdi-de.org/up3/ontology/licht": ["https://registry.gdi-de.org/codelist/de.bund.balm.radnetz/Licht/1"], "https://registry.gdi-de.org/up3/ontology/quell-ID": ["1226270"], "https://registry.gdi-de.org/up3/ontology/richtung": ["https://registry.gdi-de.org/codelist/de.bund.balm.radnetz/Richtung/2"], "https://registry.gdi-de.org/up3/ontology/steigung": ["4.967416"], "https://registry.gdi-de.org/up3/ontology/strecken-ID": ["Section_Wuppertal_1226270_552_right"]}, "geometry": {"type": "LineString", "coordinates": [[7.1090491463, 51.2627262767, 198.52], [7.1091510769, 51.2626729745, 198.98]]}}, {"type": "Feature", "id": "https://registry.gdi-de.org/de.nw/radnetz/instances/Section_Wuppertal_1228471_712_right", "name": "", "dateprops": [], "properties": {"http://rdfs.org/ns/void#inDataset": ["https://registry.gdi-de.org/de.nw/radnetz/instances/exnw_dataset"], "http://www.opengis.net/ont/geosparql#hasGeometry": ["https://registry.gdi-de.org/de.nw/radnetz/instances/Section_Wuppertal_1228471_712_right_geometry"], "http://www.w3.org/1999/02/22-rdf-syntax-ns#type": ["https://registry.gdi-de.org/up3/ontology/Streckenabschnitt_optional"], "https://registry.gdi-de.org/up3/ontology/beginntBeiKnoten": ["https://registry.gdi-de.org/de.nw/radnetz/instances/Knoten_Wuppertal_4662"], "https://registry.gdi-de.org/up3/ontology/endetBeiKnoten": ["https://registry.gdi-de.org/de.nw/radnetz/instances/Knoten_Wuppertal_1189690604"], "https://registry.gdi-de.org/up3/ontology/fuehrung": ["https://registry.gdi-de.org/codelist/de.bund.balm.radnetz/Fuehrung/405"], "https://registry.gdi-de.org/up3/ontology/geometrieAbschnitt": ["https://registry.gdi-de.org/de.nw/radnetz/instances/Section_Wuppertal_1228471_712_right_geometry"], "https://registry.gdi-de.org/up3/ontology/licht": ["https://registry.gdi-de.org/codelist/de.bund.balm.radnetz/Licht/1"], "https://registry.gdi-de.org/up3/ontology/quell-ID": ["1228471"], "https://registry.gdi-de.org/up3/ontology/richtung": ["https://registry.gdi-de.org/codelist/de.bund.balm.radnetz/Richtung/2"], "https://registry.gdi-de.org/up3/ontology/steigung": ["0.6551581"], "https://registry.gdi-de.org/up3/ontology/strecken-ID": ["Section_Wuppertal_1228471_712_right"]}, "geometry": {"type": "LineString", "coordinates": [[7.1395492266, 51.2104645175, 298.2], [7.1384656676, 51.2098670056, 298.86]]}}, {"type": "Feature", "id": "https://registry.gdi-de.org/de.nw/radnetz/instances/Section_Wuppertal_1225649_492_right", "name": "", "dateprops": [], "properties": {"http://rdfs.org/ns/void#inDataset": ["https://registry.gdi-de.org/de.nw/radnetz/instances/exnw_dataset"], "http://www.opengis.net/ont/geosparql#hasGeometry": ["https://registry.gdi-de.org/de.nw/radnetz/instances/Section_Wuppertal_1225649_492_right_geometry"], "http://www.w3.org/1999/02/22-rdf-syntax-ns#type": ["https://registry.gdi-de.org/up3/ontology/Streckenabschnitt_optional"], "https://registry.gdi-de.org/up3/ontology/beginntBeiKnoten": ["https://registry.gdi-de.org/de.nw/radnetz/instances/Knoten_Wuppertal_116740102"], "https://registry.gdi-de.org/up3/ontology/endetBeiKnoten": ["https://registry.gdi-de.org/de.nw/radnetz/instances/Knoten_Wuppertal_8880"], "https://registry.gdi-de.org/up3/ontology/geometrieAbschnitt": ["https://registry.gdi-de.org/de.nw/radnetz/instances/Section_Wuppertal_1225649_492_right_geometry"], "https://registry.gdi-de.org/up3/ontology/licht": ["https://registry.gdi-de.org/codelist/de.bund.balm.radnetz/Licht/1"], "https://registry.gdi-de.org/up3/ontology/quell-ID": ["1225649"], "https://registry.gdi-de.org/up3/ontology/richtung": ["https://registry.gdi-de.org/codelist/de.bund.balm.radnetz/Richtung/2"], "https://registry.gdi-de.org/up3/ontology/steigung": ["0.5740476"], "https://registry.gdi-de.org/up3/ontology/strecken-ID": ["Section_Wuppertal_1225649_492_right"]}, "geometry": {"type": "LineString", "coordinates": [[7.2332789948, 51.2670121723, 164.67], [7.2334629328, 51.2669427527, 0.0], [7.2338051801, 51.2668595911, 0.0], [7.2341186189, 51.2668296687, 165.03]]}}, {"type": "Feature", "id": "https://registry.gdi-de.org/de.nw/radnetz/instances/Section_Wuppertal_7008_146_right", "name": "", "dateprops": [], "properties": {"http://rdfs.org/ns/void#inDataset": ["https://registry.gdi-de.org/de.nw/radnetz/instances/exnw_dataset"], "http://www.opengis.net/ont/geosparql#hasGeometry": ["https://registry.gdi-de.org/de.nw/radnetz/instances/Section_Wuppertal_7008_146_right_geometry"], "http://www.w3.org/1999/02/22-rdf-syntax-ns#type": ["https://registry.gdi-de.org/up3/ontology/Streckenabschnitt_optional"], "https://registry.gdi-de.org/up3/ontology/beginntBeiKnoten": ["https://registry.gdi-de.org/de.nw/radnetz/instances/Knoten_Wuppertal_4256"], "https://registry.gdi-de.org/up3/ontology/endetBeiKnoten": ["https://registry.gdi-de.org/de.nw/radnetz/instances/Knoten_Wuppertal_4253"], "https://registry.gdi-de.org/up3/ontology/geometrieAbschnitt": ["https://registry.gdi-de.org/de.nw/radnetz/instances/Section_Wuppertal_7008_146_right_geometry"], "https://registry.gdi-de.org/up3/ontology/licht": ["https://registry.gdi-de.org/codelist/de.bund.balm.radnetz/Licht/1"], "https://registry.gdi-de.org/up3/ontology/quell-ID": ["7008"], "https://registry.gdi-de.org/up3/ontology/richtung": ["https://registry.gdi-de.org/codelist/de.bund.balm.radnetz/Richtung/2"], "https://registry.gdi-de.org/up3/ontology/steigung": ["4.620772"], "https://registry.gdi-de.org/up3/ontology/strecken-ID": ["Section_Wuppertal_7008_146_right"]}, "geometry": {"type": "LineString", "coordinates": [[7.1315215766, 51.2007784271, 267.53], [7.1314898981, 51.201237164, 269.89]]}}, {"type": "Feature", "id": "https://registry.gdi-de.org/de.nw/radnetz/instances/Section_Wuppertal_1226076_535_right", "name": "", "dateprops": [], "properties": {"http://rdfs.org/ns/void#inDataset": ["https://registry.gdi-de.org/de.nw/radnetz/instances/exnw_dataset"], "http://www.opengis.net/ont/geosparql#hasGeometry": ["https://registry.gdi-de.org/de.nw/radnetz/instances/Section_Wuppertal_1226076_535_right_geometry"], "http://www.w3.org/1999/02/22-rdf-syntax-ns#type": ["https://registry.gdi-de.org/up3/ontology/Streckenabschnitt_optional"], "https://registry.gdi-de.org/up3/ontology/beginntBeiKnoten": ["https://registry.gdi-de.org/de.nw/radnetz/instances/Knoten_Wuppertal_116480101"], "https://registry.gdi-de.org/up3/ontology/endetBeiKnoten": ["https://registry.gdi-de.org/de.nw/radnetz/instances/Knoten_Wuppertal_9750"], "https://registry.gdi-de.org/up3/ontology/fuehrung": ["https://registry.gdi-de.org/codelist/de.bund.balm.radnetz/Fuehrung/401"], "https://registry.gdi-de.org/up3/ontology/geometrieAbschnitt": ["https://registry.gdi-de.org/de.nw/radnetz/instances/Section_Wuppertal_1226076_535_right_geometry"], "https://registry.gdi-de.org/up3/ontology/licht": ["https://registry.gdi-de.org/codelist/de.bund.balm.radnetz/Licht/0"], "https://registry.gdi-de.org/up3/ontology/quell-ID": ["1226076"], "https://registry.gdi-de.org/up3/ontology/richtung": ["https://registry.gdi-de.org/codelist/de.bund.balm.radnetz/Richtung/2"], "https://registry.gdi-de.org/up3/ontology/steigung": ["0.4568354"], "https://registry.gdi-de.org/up3/ontology/strecken-ID": ["Section_Wuppertal_1226076_535_right"]}, "geometry": {"type": "LineString", "coordinates": [[7.2689644712, 51.2540717619, 180.65], [7.2693603671, 51.2541516958, 0.0], [7.2699381389, 51.2543252147, 0.0], [7.2706650546, 51.2547128383, 0.0], [7.2711495379, 51.2551390479, 0.0], [7.2716143801, 51.2561336478, 0.0], [7.2717897511, 51.2580564181, 0.0], [7.2720668432, 51.2595170886, 0.0], [7.2724617541, 51.2599751079, 0.0], [7.2733857727, 51.2602077394, 0.0], [7.2741461857, 51.2601388742, 0.0], [7.2748567148, 51.2599645573, 184.88]]}}, {"type": "Feature", "id": "https://registry.gdi-de.org/de.nw/radnetz/instances/Section_Wuppertal_1225956_523_right", "name": "", "dateprops": [], "properties": {"http://rdfs.org/ns/void#inDataset": ["https://registry.gdi-de.org/de.nw/radnetz/instances/exnw_dataset"], "http://www.opengis.net/ont/geosparql#hasGeometry": ["https://registry.gdi-de.org/de.nw/radnetz/instances/Section_Wuppertal_1225956_523_right_geometry"], "http://www.w3.org/1999/02/22-rdf-syntax-ns#type": ["https://registry.gdi-de.org/up3/ontology/Streckenabschnitt_optional"], "https://registry.gdi-de.org/up3/ontology/beginntBeiKnoten": ["https://registry.gdi-de.org/de.nw/radnetz/instances/Knoten_Wuppertal_113550101"], "https://registry.gdi-de.org/up3/ontology/endetBeiKnoten": ["https://registry.gdi-de.org/de.nw/radnetz/instances/Knoten_Wuppertal_113550102"], "https://registry.gdi-de.org/up3/ontology/geometrieAbschnitt": ["https://registry.gdi-de.org/de.nw/radnetz/instances/Section_Wuppertal_1225956_523_right_geometry"], "https://registry.gdi-de.org/up3/ontology/licht": ["https://registry.gdi-de.org/codelist/de.bund.balm.radnetz/Licht/1"], "https://registry.gdi-de.org/up3/ontology/quell-ID": ["1225956"], "https://registry.gdi-de.org/up3/ontology/richtung": ["https://registry.gdi-de.org/codelist/de.bund.balm.radnetz/Richtung/2"], "https://registry.gdi-de.org/up3/ontology/steigung": ["5.008037"], "https://registry.gdi-de.org/up3/ontology/strecken-ID": ["Section_Wuppertal_1225956_523_right"]}, "geometry": {"type": "LineString", "coordinates": [[7.0624342509, 51.224667926, 202.02], [7.0624243249, 51.2246643604, 202.06]]}}, {"type": "Feature", "id": "https://registry.gdi-de.org/de.nw/radnetz/instances/Section_Wuppertal_12097_254_right", "name": "", "dateprops": [], "properties": {"http://rdfs.org/ns/void#inDataset": ["https://registry.gdi-de.org/de.nw/radnetz/instances/exnw_dataset"], "http://www.opengis.net/ont/geosparql#hasGeometry": ["https://registry.gdi-de.org/de.nw/radnetz/instances/Section_Wuppertal_12097_254_right_geometry"], "http://www.w3.org/1999/02/22-rdf-syntax-ns#type": ["https://registry.gdi-de.org/up3/ontology/Streckenabschnitt_optional"], "https://registry.gdi-de.org/up3/ontology/beginntBeiKnoten": ["https://registry.gdi-de.org/de.nw/radnetz/instances/Knoten_Wuppertal_8880"], "https://registry.gdi-de.org/up3/ontology/endetBeiKnoten": ["https://registry.gdi-de.org/de.nw/radnetz/instances/Knoten_Wuppertal_8873"], "https://registry.gdi-de.org/up3/ontology/fuehrung": ["https://registry.gdi-de.org/codelist/de.bund.balm.radnetz/Fuehrung/401"], "https://registry.gdi-de.org/up3/ontology/geometrieAbschnitt": ["https://registry.gdi-de.org/de.nw/radnetz/instances/Section_Wuppertal_12097_254_right_geometry"], "https://registry.gdi-de.org/up3/ontology/licht": ["https://registry.gdi-de.org/codelist/de.bund.balm.radnetz/Licht/1"], "https://registry.gdi-de.org/up3/ontology/quell-ID": ["12097"], "https://registry.gdi-de.org/up3/ontology/richtung": ["https://registry.gdi-de.org/codelist/de.bund.balm.radnetz/Richtung/2"], "https://registry.gdi-de.org/up3/ontology/steigung": ["0.2932968"], "https://registry.gdi-de.org/up3/ontology/strecken-ID": ["Section_Wuppertal_12097_254_right"]}, "geometry": {"type": "LineString", "coordinates": [[7.2341186189, 51.2668296687, 165.03], [7.2340936279, 51.266094165, 165.27]]}}, {"type": "Feature", "id": "https://registry.gdi-de.org/de.nw/radnetz/instances/Section_Wuppertal_12276_262_right", "name": "", "dateprops": [], "properties": {"http://rdfs.org/ns/void#inDataset": ["https://registry.gdi-de.org/de.nw/radnetz/instances/exnw_dataset"], "http://www.opengis.net/ont/geosparql#hasGeometry": ["https://registry.gdi-de.org/de.nw/radnetz/instances/Section_Wuppertal_12276_262_right_geometry"], "http://www.w3.org/1999/02/22-rdf-syntax-ns#type": ["https://registry.gdi-de.org/up3/ontology/Streckenabschnitt_optional"], "https://registry.gdi-de.org/up3/ontology/beginntBeiKnoten": ["https://registry.gdi-de.org/de.nw/radnetz/instances/Knoten_Wuppertal_9203"], "https://registry.gdi-de.org/up3/ontology/endetBeiKnoten": ["https://registry.gdi-de.org/de.nw/radnetz/instances/Knoten_Wuppertal_9224"], "https://registry.gdi-de.org/up3/ontology/fuehrung": ["https://registry.gdi-de.org/codelist/de.bund.balm.radnetz/Fuehrung/401"], "https://registry.gdi-de.org/up3/ontology/geometrieAbschnitt": ["https://registry.gdi-de.org/de.nw/radnetz/instances/Section_Wuppertal_12276_262_right_geometry"], "https://registry.gdi-de.org/up3/ontology/licht": ["https://registry.gdi-de.org/codelist/de.bund.balm.radnetz/Licht/1"], "https://registry.gdi-de.org/up3/ontology/quell-ID": ["12276"], "https://registry.gdi-de.org/up3/ontology/richtung": ["https://registry.gdi-de.org/codelist/de.bund.balm.radnetz/Richtung/2"], "https://registry.gdi-de.org/up3/ontology/steigung": ["3.574632"], "https://registry.gdi-de.org/up3/ontology/strecken-ID": ["Section_Wuppertal_12276_262_right"]}, "geometry": {"type": "LineString", "coordinates": [[7.2444941282, 51.2833020113, 187.77], [7.2451185975, 51.2846345265, 0.0], [7.2452207757, 51.28498266, 0.0], [7.2452982746, 51.2853992738, 0.0], [7.2452448793, 51.2872658074, 203.79]]}}, {"type": "Feature", "id": "https://registry.gdi-de.org/de.nw/radnetz/instances/Section_Wuppertal_2474_53_right", "name": "", "dateprops": [], "properties": {"http://rdfs.org/ns/void#inDataset": ["https://registry.gdi-de.org/de.nw/radnetz/instances/exnw_dataset"], "http://www.opengis.net/ont/geosparql#hasGeometry": ["https://registry.gdi-de.org/de.nw/radnetz/instances/Section_Wuppertal_2474_53_right_geometry"], "http://www.w3.org/1999/02/22-rdf-syntax-ns#type": ["https://registry.gdi-de.org/up3/ontology/Streckenabschnitt_optional"], "https://registry.gdi-de.org/up3/ontology/beginntBeiKnoten": ["https://registry.gdi-de.org/de.nw/radnetz/instances/Knoten_Wuppertal_3490"], "https://registry.gdi-de.org/up3/ontology/endetBeiKnoten": ["https://registry.gdi-de.org/de.nw/radnetz/instances/Knoten_Wuppertal_3502"], "https://registry.gdi-de.org/up3/ontology/geometrieAbschnitt": ["https://registry.gdi-de.org/de.nw/radnetz/instances/Section_Wuppertal_2474_53_right_geometry"], "https://registry.gdi-de.org/up3/ontology/licht": ["https://registry.gdi-de.org/codelist/de.bund.balm.radnetz/Licht/1"], "https://registry.gdi-de.org/up3/ontology/quell-ID": ["2474"], "https://registry.gdi-de.org/up3/ontology/richtung": ["https://registry.gdi-de.org/codelist/de.bund.balm.radnetz/Richtung/2"], "https://registry.gdi-de.org/up3/ontology/steigung": ["1.607836"], "https://registry.gdi-de.org/up3/ontology/strecken-ID": ["Section_Wuppertal_2474_53_right"]}, "geometry": {"type": "LineString", "coordinates": [[7.1103129205, 51.2622519362, 202.77], [7.1106690667, 51.2622616252, 203.17]]}}, {"type": "Feature", "id": "https://registry.gdi-de.org/de.nw/radnetz/instances/Section_Wuppertal_6222_1000_right", "name": "", "dateprops": [], "properties": {"http://rdfs.org/ns/void#inDataset": ["https://registry.gdi-de.org/de.nw/radnetz/instances/exnw_dataset"], "http://www.opengis.net/ont/geosparql#hasGeometry": ["https://registry.gdi-de.org/de.nw/radnetz/instances/Section_Wuppertal_6222_1000_right_geometry"], "http://www.w3.org/1999/02/22-rdf-syntax-ns#type": ["https://registry.gdi-de.org/up3/ontology/Streckenabschnitt_optional"], "https://registry.gdi-de.org/up3/ontology/beginntBeiKnoten": ["https://registry.gdi-de.org/de.nw/radnetz/instances/Knoten_Wuppertal_3460"], "https://registry.gdi-de.org/up3/ontology/endetBeiKnoten": ["https://registry.gdi-de.org/de.nw/radnetz/instances/Knoten_Wuppertal_3505"], "https://registry.gdi-de.org/up3/ontology/fuehrung": ["https://registry.gdi-de.org/codelist/de.bund.balm.radnetz/Fuehrung/405"], "https://registry.gdi-de.org/up3/ontology/geometrieAbschnitt": ["https://registry.gdi-de.org/de.nw/radnetz/instances/Section_Wuppertal_6222_1000_right_geometry"], "https://registry.gdi-de.org/up3/ontology/licht": ["https://registry.gdi-de.org/codelist/de.bund.balm.radnetz/Licht/0"], "https://registry.gdi-de.org/up3/ontology/quell-ID": ["6222"], "https://registry.gdi-de.org/up3/ontology/richtung": ["https://registry.gdi-de.org/codelist/de.bund.balm.radnetz/Richtung/2"], "https://registry.gdi-de.org/up3/ontology/steigung": ["8.469089"], "https://registry.gdi-de.org/up3/ontology/strecken-ID": ["Section_Wuppertal_6222_1000_right"]}, "geometry": {"type": "LineString", "coordinates": [[7.1119904129, 51.1941973427, 0.0], [7.1122019549, 51.1941300979, 0.0], [7.1123316564, 51.1940800537, 0.0], [7.1125264546, 51.1939989745, 0.0], [7.1126861678, 51.1939173299, 0.0], [7.1128985489, 51.1937964285, 0.0], [7.1130799352, 51.193652968, 0.0], [7.1132309843, 51.1934709181, 0.0], [7.1133258507, 51.1933360891, 0.0], [7.1134243958, 51.1931892873, 0.0], [7.1134876929, 51.1931241332, 0.0], [7.1135473911, 51.1930689476, 0.0], [7.1136388983, 51.1930162814, 0.0], [7.1137350657, 51.1930058001, 0.0], [7.1138337677, 51.1930114028, 0.0], [7.1139138229, 51.1930828787, 0.0], [7.1139202816, 51.1931591835, 0.0], [7.1139012253, 51.1932350769, 0.0], [7.1138618873, 51.1933387174, 0.0], [7.1137315296, 51.1935612081, 0.0], [7.1136652855, 51.1936985044, 0.0], [7.1136347786, 51.193820335, 0.0], [7.1136277391, 51.1939926767, 0.0]]}}, {"type": "Feature", "id": "https://registry.gdi-de.org/de.nw/radnetz/instances/Section_Wuppertal_10943_228_right", "name": "", "dateprops": [], "properties": {"http://rdfs.org/ns/void#inDataset": ["https://registry.gdi-de.org/de.nw/radnetz/instances/exnw_dataset"], "http://www.opengis.net/ont/geosparql#hasGeometry": ["https://registry.gdi-de.org/de.nw/radnetz/instances/Section_Wuppertal_10943_228_right_geometry"], "http://www.w3.org/1999/02/22-rdf-syntax-ns#type": ["https://registry.gdi-de.org/up3/ontology/Streckenabschnitt_optional"], "https://registry.gdi-de.org/up3/ontology/beginntBeiKnoten": ["https://registry.gdi-de.org/de.nw/radnetz/instances/Knoten_Wuppertal_6682"], "https://registry.gdi-de.org/up3/ontology/endetBeiKnoten": ["https://registry.gdi-de.org/de.nw/radnetz/instances/Knoten_Wuppertal_6659"], "https://registry.gdi-de.org/up3/ontology/fuehrung": ["https://registry.gdi-de.org/codelist/de.bund.balm.radnetz/Fuehrung/405"], "https://registry.gdi-de.org/up3/ontology/geometrieAbschnitt": ["https://registry.gdi-de.org/de.nw/radnetz/instances/Section_Wuppertal_10943_228_right_geometry"], "https://registry.gdi-de.org/up3/ontology/licht": ["https://registry.gdi-de.org/codelist/de.bund.balm.radnetz/Licht/1"], "https://registry.gdi-de.org/up3/ontology/quell-ID": ["10943"], "https://registry.gdi-de.org/up3/ontology/richtung": ["https://registry.gdi-de.org/codelist/de.bund.balm.radnetz/Richtung/2"], "https://registry.gdi-de.org/up3/ontology/steigung": ["4.629651"], "https://registry.gdi-de.org/up3/ontology/strecken-ID": ["Section_Wuppertal_10943_228_right"]}, "geometry": {"type": "LineString", "coordinates": [[7.1812077999, 51.2870512026, 264.45], [7.1808921604, 51.2882653845, 0.0], [7.180824424, 51.2884188799, 0.0], [7.1806654526, 51.2896391287, 277.91]]}}, {"type": "Feature", "id": "https://registry.gdi-de.org/de.nw/radnetz/instances/Section_Wuppertal_12952_926_right", "name": "", "dateprops": [], "properties": {"http://rdfs.org/ns/void#inDataset": ["https://registry.gdi-de.org/de.nw/radnetz/instances/exnw_dataset"], "http://www.opengis.net/ont/geosparql#hasGeometry": ["https://registry.gdi-de.org/de.nw/radnetz/instances/Section_Wuppertal_12952_926_right_geometry"], "http://www.w3.org/1999/02/22-rdf-syntax-ns#type": ["https://registry.gdi-de.org/up3/ontology/Streckenabschnitt_optional"], "https://registry.gdi-de.org/up3/ontology/beginntBeiKnoten": ["https://registry.gdi-de.org/de.nw/radnetz/instances/Knoten_Wuppertal_9425"], "https://registry.gdi-de.org/up3/ontology/endetBeiKnoten": ["https://registry.gdi-de.org/de.nw/radnetz/instances/Knoten_Wuppertal_9426"], "https://registry.gdi-de.org/up3/ontology/fuehrung": ["https://registry.gdi-de.org/codelist/de.bund.balm.radnetz/Fuehrung/401"], "https://registry.gdi-de.org/up3/ontology/geometrieAbschnitt": ["https://registry.gdi-de.org/de.nw/radnetz/instances/Section_Wuppertal_12952_926_right_geometry"], "https://registry.gdi-de.org/up3/ontology/licht": ["https://registry.gdi-de.org/codelist/de.bund.balm.radnetz/Licht/1"], "https://registry.gdi-de.org/up3/ontology/quell-ID": ["12952"], "https://registry.gdi-de.org/up3/ontology/richtung": ["https://registry.gdi-de.org/codelist/de.bund.balm.radnetz/Richtung/2"], "https://registry.gdi-de.org/up3/ontology/steigung": ["5.298705"], "https://registry.gdi-de.org/up3/ontology/strecken-ID": ["Section_Wuppertal_12952_926_right"]}, "geometry": {"type": "LineString", "coordinates": [[7.2524094529, 51.3066415198, 293.04], [7.2524027698, 51.3072132971, 296.41]]}}, {"type": "Feature", "id": "https://registry.gdi-de.org/de.nw/radnetz/instances/Section_Wuppertal_1225490_939_right", "name": "", "dateprops": [], "properties": {"http://rdfs.org/ns/void#inDataset": ["https://registry.gdi-de.org/de.nw/radnetz/instances/exnw_dataset"], "http://www.opengis.net/ont/geosparql#hasGeometry": ["https://registry.gdi-de.org/de.nw/radnetz/instances/Section_Wuppertal_1225490_939_right_geometry"], "http://www.w3.org/1999/02/22-rdf-syntax-ns#type": ["https://registry.gdi-de.org/up3/ontology/Streckenabschnitt_optional"], "https://registry.gdi-de.org/up3/ontology/beginntBeiKnoten": ["https://registry.gdi-de.org/de.nw/radnetz/instances/Knoten_Wuppertal_116120101"], "https://registry.gdi-de.org/up3/ontology/endetBeiKnoten": ["https://registry.gdi-de.org/de.nw/radnetz/instances/Knoten_Wuppertal_9373"], "https://registry.gdi-de.org/up3/ontology/fuehrung": ["https://registry.gdi-de.org/codelist/de.bund.balm.radnetz/Fuehrung/401"], "https://registry.gdi-de.org/up3/ontology/geometrieAbschnitt": ["https://registry.gdi-de.org/de.nw/radnetz/instances/Section_Wuppertal_1225490_939_right_geometry"], "https://registry.gdi-de.org/up3/ontology/licht": ["https://registry.gdi-de.org/codelist/de.bund.balm.radnetz/Licht/1"], "https://registry.gdi-de.org/up3/ontology/quell-ID": ["1225490"], "https://registry.gdi-de.org/up3/ontology/richtung": ["https://registry.gdi-de.org/codelist/de.bund.balm.radnetz/Richtung/2"], "https://registry.gdi-de.org/up3/ontology/steigung": ["2.894674"], "https://registry.gdi-de.org/up3/ontology/strecken-ID": ["Section_Wuppertal_1225490_939_right"]}, "geometry": {"type": "LineString", "coordinates": [[7.25016363, 51.2997137276, 253.86], [7.2502379342, 51.2997644576, 0.0], [7.250858522, 51.300240011, 256.06]]}}, {"type": "Feature", "id": "https://registry.gdi-de.org/de.nw/radnetz/instances/Section_Wuppertal_1225999_530_right", "name": "", "dateprops": [], "properties": {"http://rdfs.org/ns/void#inDataset": ["https://registry.gdi-de.org/de.nw/radnetz/instances/exnw_dataset"], "http://www.opengis.net/ont/geosparql#hasGeometry": ["https://registry.gdi-de.org/de.nw/radnetz/instances/Section_Wuppertal_1225999_530_right_geometry"], "http://www.w3.org/1999/02/22-rdf-syntax-ns#type": ["https://registry.gdi-de.org/up3/ontology/Streckenabschnitt_optional"], "https://registry.gdi-de.org/up3/ontology/beginntBeiKnoten": ["https://registry.gdi-de.org/de.nw/radnetz/instances/Knoten_Wuppertal_9341"], "https://registry.gdi-de.org/up3/ontology/endetBeiKnoten": ["https://registry.gdi-de.org/de.nw/radnetz/instances/Knoten_Wuppertal_116460102"], "https://registry.gdi-de.org/up3/ontology/fuehrung": ["https://registry.gdi-de.org/codelist/de.bund.balm.radnetz/Fuehrung/401"], "https://registry.gdi-de.org/up3/ontology/geometrieAbschnitt": ["https://registry.gdi-de.org/de.nw/radnetz/instances/Section_Wuppertal_1225999_530_right_geometry"], "https://registry.gdi-de.org/up3/ontology/licht": ["https://registry.gdi-de.org/codelist/de.bund.balm.radnetz/Licht/0"], "https://registry.gdi-de.org/up3/ontology/quell-ID": ["1225999"], "https://registry.gdi-de.org/up3/ontology/richtung": ["https://registry.gdi-de.org/codelist/de.bund.balm.radnetz/Richtung/2"], "https://registry.gdi-de.org/up3/ontology/steigung": ["0.4143509"], "https://registry.gdi-de.org/up3/ontology/strecken-ID": ["Section_Wuppertal_1225999_530_right"]}, "geometry": {"type": "LineString", "coordinates": [[7.2516023874, 51.2556333504, 176.6], [7.2525783044, 51.2556592471, 0.0], [7.2535286563, 51.2556257772, 0.0], [7.2548326128, 51.2556387555, 0.0], [7.2553339299, 51.2556506571, 177.68]]}}, {"type": "Feature", "id": "https://registry.gdi-de.org/de.nw/radnetz/instances/Section_Wuppertal_1226470_584_right", "name": "", "dateprops": [], "properties": {"http://rdfs.org/ns/void#inDataset": ["https://registry.gdi-de.org/de.nw/radnetz/instances/exnw_dataset"], "http://www.opengis.net/ont/geosparql#hasGeometry": ["https://registry.gdi-de.org/de.nw/radnetz/instances/Section_Wuppertal_1226470_584_right_geometry"], "http://www.w3.org/1999/02/22-rdf-syntax-ns#type": ["https://registry.gdi-de.org/up3/ontology/Streckenabschnitt_optional"], "https://registry.gdi-de.org/up3/ontology/beginntBeiKnoten": ["https://registry.gdi-de.org/de.nw/radnetz/instances/Knoten_Wuppertal_4569"], "https://registry.gdi-de.org/up3/ontology/endetBeiKnoten": ["https://registry.gdi-de.org/de.nw/radnetz/instances/Knoten_Wuppertal_114010101"], "https://registry.gdi-de.org/up3/ontology/fuehrung": ["https://registry.gdi-de.org/codelist/de.bund.balm.radnetz/Fuehrung/405"], "https://registry.gdi-de.org/up3/ontology/geometrieAbschnitt": ["https://registry.gdi-de.org/de.nw/radnetz/instances/Section_Wuppertal_1226470_584_right_geometry"], "https://registry.gdi-de.org/up3/ontology/licht": ["https://registry.gdi-de.org/codelist/de.bund.balm.radnetz/Licht/1"], "https://registry.gdi-de.org/up3/ontology/quell-ID": ["1226470"], "https://registry.gdi-de.org/up3/ontology/richtung": ["https://registry.gdi-de.org/codelist/de.bund.balm.radnetz/Richtung/2"], "https://registry.gdi-de.org/up3/ontology/steigung": ["0.01577731"], "https://registry.gdi-de.org/up3/ontology/strecken-ID": ["Section_Wuppertal_1226470_584_right"]}, "geometry": {"type": "LineString", "coordinates": [[7.1372229664, 51.2091817274, 301.4], [7.1345022733, 51.207673567, 301.44]]}}, {"type": "Feature", "id": "https://registry.gdi-de.org/de.nw/radnetz/instances/Section_Wuppertal_1225822_511_right", "name": "", "dateprops": [], "properties": {"http://rdfs.org/ns/void#inDataset": ["https://registry.gdi-de.org/de.nw/radnetz/instances/exnw_dataset"], "http://www.opengis.net/ont/geosparql#hasGeometry": ["https://registry.gdi-de.org/de.nw/radnetz/instances/Section_Wuppertal_1225822_511_right_geometry"], "http://www.w3.org/1999/02/22-rdf-syntax-ns#type": ["https://registry.gdi-de.org/up3/ontology/Streckenabschnitt_optional"], "https://registry.gdi-de.org/up3/ontology/beginntBeiKnoten": ["https://registry.gdi-de.org/de.nw/radnetz/instances/Knoten_Wuppertal_2364"], "https://registry.gdi-de.org/up3/ontology/endetBeiKnoten": ["https://registry.gdi-de.org/de.nw/radnetz/instances/Knoten_Wuppertal_113970101"], "https://registry.gdi-de.org/up3/ontology/geometrieAbschnitt": ["https://registry.gdi-de.org/de.nw/radnetz/instances/Section_Wuppertal_1225822_511_right_geometry"], "https://registry.gdi-de.org/up3/ontology/licht": ["https://registry.gdi-de.org/codelist/de.bund.balm.radnetz/Licht/1"], "https://registry.gdi-de.org/up3/ontology/quell-ID": ["1225822"], "https://registry.gdi-de.org/up3/ontology/richtung": ["https://registry.gdi-de.org/codelist/de.bund.balm.radnetz/Richtung/2"], "https://registry.gdi-de.org/up3/ontology/steigung": ["5.784156"], "https://registry.gdi-de.org/up3/ontology/strecken-ID": ["Section_Wuppertal_1225822_511_right"]}, "geometry": {"type": "LineString", "coordinates": [[7.0616310792, 51.2320235321, 195.93], [7.0611373084, 51.2323426431, 0.0], [7.0610963516, 51.2323829466, 199.1]]}}, {"type": "Feature", "id": "https://registry.gdi-de.org/de.nw/radnetz/instances/Section_Wuppertal_1225174_452_right", "name": "", "dateprops": [], "properties": {"http://rdfs.org/ns/void#inDataset": ["https://registry.gdi-de.org/de.nw/radnetz/instances/exnw_dataset"], "http://www.opengis.net/ont/geosparql#hasGeometry": ["https://registry.gdi-de.org/de.nw/radnetz/instances/Section_Wuppertal_1225174_452_right_geometry"], "http://www.w3.org/1999/02/22-rdf-syntax-ns#type": ["https://registry.gdi-de.org/up3/ontology/Streckenabschnitt_optional"], "https://registry.gdi-de.org/up3/ontology/beginntBeiKnoten": ["https://registry.gdi-de.org/de.nw/radnetz/instances/Knoten_Wuppertal_116450101"], "https://registry.gdi-de.org/up3/ontology/endetBeiKnoten": ["https://registry.gdi-de.org/de.nw/radnetz/instances/Knoten_Wuppertal_9327"], "https://registry.gdi-de.org/up3/ontology/fuehrung": ["https://registry.gdi-de.org/codelist/de.bund.balm.radnetz/Fuehrung/401"], "https://registry.gdi-de.org/up3/ontology/geometrieAbschnitt": ["https://registry.gdi-de.org/de.nw/radnetz/instances/Section_Wuppertal_1225174_452_right_geometry"], "https://registry.gdi-de.org/up3/ontology/licht": ["https://registry.gdi-de.org/codelist/de.bund.balm.radnetz/Licht/0"], "https://registry.gdi-de.org/up3/ontology/quell-ID": ["1225174"], "https://registry.gdi-de.org/up3/ontology/richtung": ["https://registry.gdi-de.org/codelist/de.bund.balm.radnetz/Richtung/2"], "https://registry.gdi-de.org/up3/ontology/steigung": ["0.5676055"], "https://registry.gdi-de.org/up3/ontology/strecken-ID": ["Section_Wuppertal_1225174_452_right"]}, "geometry": {"type": "LineString", "coordinates": [[7.2508370622, 51.2555398506, 176.32], [7.2512291056, 51.2556007312, 176.48]]}}, {"type": "Feature", "id": "https://registry.gdi-de.org/de.nw/radnetz/instances/Section_Wuppertal_5702_1031_right", "name": "", "dateprops": [], "properties": {"http://rdfs.org/ns/void#inDataset": ["https://registry.gdi-de.org/de.nw/radnetz/instances/exnw_dataset"], "http://www.opengis.net/ont/geosparql#hasGeometry": ["https://registry.gdi-de.org/de.nw/radnetz/instances/Section_Wuppertal_5702_1031_right_geometry"], "http://www.w3.org/1999/02/22-rdf-syntax-ns#type": ["https://registry.gdi-de.org/up3/ontology/Streckenabschnitt_optional"], "https://registry.gdi-de.org/up3/ontology/beginntBeiKnoten": ["https://registry.gdi-de.org/de.nw/radnetz/instances/Knoten_Wuppertal_4288"], "https://registry.gdi-de.org/up3/ontology/endetBeiKnoten": ["https://registry.gdi-de.org/de.nw/radnetz/instances/Knoten_Wuppertal_4268"], "https://registry.gdi-de.org/up3/ontology/geometrieAbschnitt": ["https://registry.gdi-de.org/de.nw/radnetz/instances/Section_Wuppertal_5702_1031_right_geometry"], "https://registry.gdi-de.org/up3/ontology/licht": ["https://registry.gdi-de.org/codelist/de.bund.balm.radnetz/Licht/1"], "https://registry.gdi-de.org/up3/ontology/quell-ID": ["5702"], "https://registry.gdi-de.org/up3/ontology/richtung": ["https://registry.gdi-de.org/codelist/de.bund.balm.radnetz/Richtung/2"], "https://registry.gdi-de.org/up3/ontology/steigung": ["6.399861"], "https://registry.gdi-de.org/up3/ontology/strecken-ID": ["Section_Wuppertal_5702_1031_right"]}, "geometry": {"type": "LineString", "coordinates": [[7.1290984526, 51.2769428487, 0.0], [7.1285808943, 51.2774472479, 0.0]]}}, {"type": "Feature", "id": "https://registry.gdi-de.org/de.nw/radnetz/instances/Section_Wuppertal_1225019_1067_right", "name": "", "dateprops": [], "properties": {"http://rdfs.org/ns/void#inDataset": ["https://registry.gdi-de.org/de.nw/radnetz/instances/exnw_dataset"], "http://www.opengis.net/ont/geosparql#hasGeometry": ["https://registry.gdi-de.org/de.nw/radnetz/instances/Section_Wuppertal_1225019_1067_right_geometry"], "http://www.w3.org/1999/02/22-rdf-syntax-ns#type": ["https://registry.gdi-de.org/up3/ontology/Streckenabschnitt_optional"], "https://registry.gdi-de.org/up3/ontology/beginntBeiKnoten": ["https://registry.gdi-de.org/de.nw/radnetz/instances/Knoten_Wuppertal_6401"], "https://registry.gdi-de.org/up3/ontology/endetBeiKnoten": ["https://registry.gdi-de.org/de.nw/radnetz/instances/Knoten_Wuppertal_112110101"], "https://registry.gdi-de.org/up3/ontology/geometrieAbschnitt": ["https://registry.gdi-de.org/de.nw/radnetz/instances/Section_Wuppertal_1225019_1067_right_geometry"], "https://registry.gdi-de.org/up3/ontology/licht": ["https://registry.gdi-de.org/codelist/de.bund.balm.radnetz/Licht/1"], "https://registry.gdi-de.org/up3/ontology/quell-ID": ["1225019"], "https://registry.gdi-de.org/up3/ontology/richtung": ["https://registry.gdi-de.org/codelist/de.bund.balm.radnetz/Richtung/2"], "https://registry.gdi-de.org/up3/ontology/steigung": ["2.294402"], "https://registry.gdi-de.org/up3/ontology/strecken-ID": ["Section_Wuppertal_1225019_1067_right"]}, "geometry": {"type": "LineString", "coordinates": [[7.1727154043, 51.2829812574, 0.0], [7.1730099453, 51.2835102606, 0.0]]}}, {"type": "Feature", "id": "https://registry.gdi-de.org/de.nw/radnetz/instances/Section_Wuppertal_12562_269_right", "name": "", "dateprops": [], "properties": {"http://rdfs.org/ns/void#inDataset": ["https://registry.gdi-de.org/de.nw/radnetz/instances/exnw_dataset"], "http://www.opengis.net/ont/geosparql#hasGeometry": ["https://registry.gdi-de.org/de.nw/radnetz/instances/Section_Wuppertal_12562_269_right_geometry"], "http://www.w3.org/1999/02/22-rdf-syntax-ns#type": ["https://registry.gdi-de.org/up3/ontology/Streckenabschnitt_optional"], "https://registry.gdi-de.org/up3/ontology/beginntBeiKnoten": ["https://registry.gdi-de.org/de.nw/radnetz/instances/Knoten_Wuppertal_8768"], "https://registry.gdi-de.org/up3/ontology/endetBeiKnoten": ["https://registry.gdi-de.org/de.nw/radnetz/instances/Knoten_Wuppertal_8780"], "https://registry.gdi-de.org/up3/ontology/geometrieAbschnitt": ["https://registry.gdi-de.org/de.nw/radnetz/instances/Section_Wuppertal_12562_269_right_geometry"], "https://registry.gdi-de.org/up3/ontology/licht": ["https://registry.gdi-de.org/codelist/de.bund.balm.radnetz/Licht/1"], "https://registry.gdi-de.org/up3/ontology/quell-ID": ["12562"], "https://registry.gdi-de.org/up3/ontology/richtung": ["https://registry.gdi-de.org/codelist/de.bund.balm.radnetz/Richtung/2"], "https://registry.gdi-de.org/up3/ontology/steigung": ["1.067907"], "https://registry.gdi-de.org/up3/ontology/strecken-ID": ["Section_Wuppertal_12562_269_right"]}, "geometry": {"type": "LineString", "coordinates": [[7.2311585464, 51.2558452351, 172.58], [7.2312514247, 51.2561049384, 0.0], [7.2313326131, 51.2563297815, 173.17]]}}, {"type": "Feature", "id": "https://registry.gdi-de.org/de.nw/radnetz/instances/Section_Wuppertal_1225717_1024_right", "name": "", "dateprops": [], "properties": {"http://rdfs.org/ns/void#inDataset": ["https://registry.gdi-de.org/de.nw/radnetz/instances/exnw_dataset"], "http://www.opengis.net/ont/geosparql#hasGeometry": ["https://registry.gdi-de.org/de.nw/radnetz/instances/Section_Wuppertal_1225717_1024_right_geometry"], "http://www.w3.org/1999/02/22-rdf-syntax-ns#type": ["https://registry.gdi-de.org/up3/ontology/Streckenabschnitt_optional"], "https://registry.gdi-de.org/up3/ontology/beginntBeiKnoten": ["https://registry.gdi-de.org/de.nw/radnetz/instances/Knoten_Wuppertal_4937"], "https://registry.gdi-de.org/up3/ontology/endetBeiKnoten": ["https://registry.gdi-de.org/de.nw/radnetz/instances/Knoten_Wuppertal_112890101"], "https://registry.gdi-de.org/up3/ontology/fuehrung": ["https://registry.gdi-de.org/codelist/de.bund.balm.radnetz/Fuehrung/405"], "https://registry.gdi-de.org/up3/ontology/geometrieAbschnitt": ["https://registry.gdi-de.org/de.nw/radnetz/instances/Section_Wuppertal_1225717_1024_right_geometry"], "https://registry.gdi-de.org/up3/ontology/licht": ["https://registry.gdi-de.org/codelist/de.bund.balm.radnetz/Licht/1"], "https://registry.gdi-de.org/up3/ontology/quell-ID": ["1225717"], "https://registry.gdi-de.org/up3/ontology/richtung": ["https://registry.gdi-de.org/codelist/de.bund.balm.radnetz/Richtung/2"], "https://registry.gdi-de.org/up3/ontology/steigung": ["2.829348"], "https://registry.gdi-de.org/up3/ontology/strecken-ID": ["Section_Wuppertal_1225717_1024_right"]}, "geometry": {"type": "LineString", "coordinates": [[7.1419134296, 51.2825754799, 0.0], [7.1421173711, 51.2825826668, 0.0], [7.1434855895, 51.2828569659, 0.0], [7.1449270813, 51.2831406909, 0.0]]}}, {"type": "Feature", "id": "https://registry.gdi-de.org/de.nw/radnetz/instances/Section_Wuppertal_1800_37_right", "name": "", "dateprops": [], "properties": {"http://rdfs.org/ns/void#inDataset": ["https://registry.gdi-de.org/de.nw/radnetz/instances/exnw_dataset"], "http://www.opengis.net/ont/geosparql#hasGeometry": ["https://registry.gdi-de.org/de.nw/radnetz/instances/Section_Wuppertal_1800_37_right_geometry"], "http://www.w3.org/1999/02/22-rdf-syntax-ns#type": ["https://registry.gdi-de.org/up3/ontology/Streckenabschnitt_optional"], "https://registry.gdi-de.org/up3/ontology/beginntBeiKnoten": ["https://registry.gdi-de.org/de.nw/radnetz/instances/Knoten_Wuppertal_2360"], "https://registry.gdi-de.org/up3/ontology/endetBeiKnoten": ["https://registry.gdi-de.org/de.nw/radnetz/instances/Knoten_Wuppertal_2312"], "https://registry.gdi-de.org/up3/ontology/fuehrung": ["https://registry.gdi-de.org/codelist/de.bund.balm.radnetz/Fuehrung/401"], "https://registry.gdi-de.org/up3/ontology/geometrieAbschnitt": ["https://registry.gdi-de.org/de.nw/radnetz/instances/Section_Wuppertal_1800_37_right_geometry"], "https://registry.gdi-de.org/up3/ontology/licht": ["https://registry.gdi-de.org/codelist/de.bund.balm.radnetz/Licht/1"], "https://registry.gdi-de.org/up3/ontology/quell-ID": ["1800"], "https://registry.gdi-de.org/up3/ontology/richtung": ["https://registry.gdi-de.org/codelist/de.bund.balm.radnetz/Richtung/2"], "https://registry.gdi-de.org/up3/ontology/steigung": ["3.091905"], "https://registry.gdi-de.org/up3/ontology/strecken-ID": ["Section_Wuppertal_1800_37_right"]}, "geometry": {"type": "LineString", "coordinates": [[7.0617136613, 51.2244090452, 202.56], [7.0612363546, 51.224171045, 0.0], [7.0606686108, 51.2237894116, 0.0], [7.0600527279, 51.2231477113, 0.0], [7.0598134107, 51.2227004343, 0.0], [7.0597405372, 51.2219667883, 212.4]]}}, {"type": "Feature", "id": "https://registry.gdi-de.org/de.nw/radnetz/instances/Section_Wuppertal_1228328_700_right", "name": "", "dateprops": [], "properties": {"http://rdfs.org/ns/void#inDataset": ["https://registry.gdi-de.org/de.nw/radnetz/instances/exnw_dataset"], "http://www.opengis.net/ont/geosparql#hasGeometry": ["https://registry.gdi-de.org/de.nw/radnetz/instances/Section_Wuppertal_1228328_700_right_geometry"], "http://www.w3.org/1999/02/22-rdf-syntax-ns#type": ["https://registry.gdi-de.org/up3/ontology/Streckenabschnitt_optional"], "https://registry.gdi-de.org/up3/ontology/beginntBeiKnoten": ["https://registry.gdi-de.org/de.nw/radnetz/instances/Knoten_Wuppertal_1189690538"], "https://registry.gdi-de.org/up3/ontology/endetBeiKnoten": ["https://registry.gdi-de.org/de.nw/radnetz/instances/Knoten_Wuppertal_60176"], "https://registry.gdi-de.org/up3/ontology/fuehrung": ["https://registry.gdi-de.org/codelist/de.bund.balm.radnetz/Fuehrung/401"], "https://registry.gdi-de.org/up3/ontology/geometrieAbschnitt": ["https://registry.gdi-de.org/de.nw/radnetz/instances/Section_Wuppertal_1228328_700_right_geometry"], "https://registry.gdi-de.org/up3/ontology/licht": ["https://registry.gdi-de.org/codelist/de.bund.balm.radnetz/Licht/1"], "https://registry.gdi-de.org/up3/ontology/quell-ID": ["1228328"], "https://registry.gdi-de.org/up3/ontology/richtung": ["https://registry.gdi-de.org/codelist/de.bund.balm.radnetz/Richtung/2"], "https://registry.gdi-de.org/up3/ontology/steigung": ["3.309044"], "https://registry.gdi-de.org/up3/ontology/strecken-ID": ["Section_Wuppertal_1228328_700_right"]}, "geometry": {"type": "LineString", "coordinates": [[7.0740948256, 51.2531329827, 186.15], [7.0755344568, 51.2534159477, 0.0], [7.0755450969, 51.2534177505, 189.66]]}}, {"type": "Feature", "id": "https://registry.gdi-de.org/de.nw/radnetz/instances/Section_Wuppertal_7240_148_right", "name": "", "dateprops": [], "properties": {"http://rdfs.org/ns/void#inDataset": ["https://registry.gdi-de.org/de.nw/radnetz/instances/exnw_dataset"], "http://www.opengis.net/ont/geosparql#hasGeometry": ["https://registry.gdi-de.org/de.nw/radnetz/instances/Section_Wuppertal_7240_148_right_geometry"], "http://www.w3.org/1999/02/22-rdf-syntax-ns#type": ["https://registry.gdi-de.org/up3/ontology/Streckenabschnitt_optional"], "https://registry.gdi-de.org/up3/ontology/beginntBeiKnoten": ["https://registry.gdi-de.org/de.nw/radnetz/instances/Knoten_Wuppertal_3538"], "https://registry.gdi-de.org/up3/ontology/endetBeiKnoten": ["https://registry.gdi-de.org/de.nw/radnetz/instances/Knoten_Wuppertal_3686"], "https://registry.gdi-de.org/up3/ontology/geometrieAbschnitt": ["https://registry.gdi-de.org/de.nw/radnetz/instances/Section_Wuppertal_7240_148_right_geometry"], "https://registry.gdi-de.org/up3/ontology/licht": ["https://registry.gdi-de.org/codelist/de.bund.balm.radnetz/Licht/1"], "https://registry.gdi-de.org/up3/ontology/quell-ID": ["7240"], "https://registry.gdi-de.org/up3/ontology/richtung": ["https://registry.gdi-de.org/codelist/de.bund.balm.radnetz/Richtung/2"], "https://registry.gdi-de.org/up3/ontology/steigung": ["1.772969"], "https://registry.gdi-de.org/up3/ontology/strecken-ID": ["Section_Wuppertal_7240_148_right"]}, "geometry": {"type": "LineString", "coordinates": [[7.1117590374, 51.2623801813, 204.34], [7.1125616766, 51.2623982141, 0.0], [7.1149902926, 51.2623124744, 0.0], [7.1162640496, 51.262220203, 209.93]]}}, {"type": "Feature", "id": "https://registry.gdi-de.org/de.nw/radnetz/instances/Section_Wuppertal_1226557_592_right", "name": "", "dateprops": [], "properties": {"http://rdfs.org/ns/void#inDataset": ["https://registry.gdi-de.org/de.nw/radnetz/instances/exnw_dataset"], "http://www.opengis.net/ont/geosparql#hasGeometry": ["https://registry.gdi-de.org/de.nw/radnetz/instances/Section_Wuppertal_1226557_592_right_geometry"], "http://www.w3.org/1999/02/22-rdf-syntax-ns#type": ["https://registry.gdi-de.org/up3/ontology/Streckenabschnitt_optional"], "https://registry.gdi-de.org/up3/ontology/beginntBeiKnoten": ["https://registry.gdi-de.org/de.nw/radnetz/instances/Knoten_Wuppertal_116460101"], "https://registry.gdi-de.org/up3/ontology/endetBeiKnoten": ["https://registry.gdi-de.org/de.nw/radnetz/instances/Knoten_Wuppertal_9455"], "https://registry.gdi-de.org/up3/ontology/fuehrung": ["https://registry.gdi-de.org/codelist/de.bund.balm.radnetz/Fuehrung/401"], "https://registry.gdi-de.org/up3/ontology/geometrieAbschnitt": ["https://registry.gdi-de.org/de.nw/radnetz/instances/Section_Wuppertal_1226557_592_right_geometry"], "https://registry.gdi-de.org/up3/ontology/licht": ["https://registry.gdi-de.org/codelist/de.bund.balm.radnetz/Licht/0"], "https://registry.gdi-de.org/up3/ontology/quell-ID": ["1226557"], "https://registry.gdi-de.org/up3/ontology/richtung": ["https://registry.gdi-de.org/codelist/de.bund.balm.radnetz/Richtung/2"], "https://registry.gdi-de.org/up3/ontology/steigung": ["0.2612682"], "https://registry.gdi-de.org/up3/ontology/strecken-ID": ["Section_Wuppertal_1226557_592_right"]}, "geometry": {"type": "LineString", "coordinates": [[7.2555282238, 51.2556578467, 177.73], [7.2559654384, 51.2556805233, 177.81]]}}, {"type": "Feature", "id": "https://registry.gdi-de.org/de.nw/radnetz/instances/Section_Wuppertal_1226344_564_right", "name": "", "dateprops": [], "properties": {"http://rdfs.org/ns/void#inDataset": ["https://registry.gdi-de.org/de.nw/radnetz/instances/exnw_dataset"], "http://www.opengis.net/ont/geosparql#hasGeometry": ["https://registry.gdi-de.org/de.nw/radnetz/instances/Section_Wuppertal_1226344_564_right_geometry"], "http://www.w3.org/1999/02/22-rdf-syntax-ns#type": ["https://registry.gdi-de.org/up3/ontology/Streckenabschnitt_optional"], "https://registry.gdi-de.org/up3/ontology/beginntBeiKnoten": ["https://registry.gdi-de.org/de.nw/radnetz/instances/Knoten_Wuppertal_117230101"], "https://registry.gdi-de.org/up3/ontology/endetBeiKnoten": ["https://registry.gdi-de.org/de.nw/radnetz/instances/Knoten_Wuppertal_2688"], "https://registry.gdi-de.org/up3/ontology/fuehrung": ["https://registry.gdi-de.org/codelist/de.bund.balm.radnetz/Fuehrung/401"], "https://registry.gdi-de.org/up3/ontology/geometrieAbschnitt": ["https://registry.gdi-de.org/de.nw/radnetz/instances/Section_Wuppertal_1226344_564_right_geometry"], "https://registry.gdi-de.org/up3/ontology/licht": ["https://registry.gdi-de.org/codelist/de.bund.balm.radnetz/Licht/1"], "https://registry.gdi-de.org/up3/ontology/quell-ID": ["1226344"], "https://registry.gdi-de.org/up3/ontology/richtung": ["https://registry.gdi-de.org/codelist/de.bund.balm.radnetz/Richtung/2"], "https://registry.gdi-de.org/up3/ontology/steigung": ["3.079939"], "https://registry.gdi-de.org/up3/ontology/strecken-ID": ["Section_Wuppertal_1226344_564_right"]}, "geometry": {"type": "LineString", "coordinates": [[7.0729659224, 51.2608127478, 217.19], [7.0727996487, 51.2611040351, 218.25]]}}, {"type": "Feature", "id": "https://registry.gdi-de.org/de.nw/radnetz/instances/Section_Wuppertal_1226366_907_right", "name": "", "dateprops": [], "properties": {"http://rdfs.org/ns/void#inDataset": ["https://registry.gdi-de.org/de.nw/radnetz/instances/exnw_dataset"], "http://www.opengis.net/ont/geosparql#hasGeometry": ["https://registry.gdi-de.org/de.nw/radnetz/instances/Section_Wuppertal_1226366_907_right_geometry"], "http://www.w3.org/1999/02/22-rdf-syntax-ns#type": ["https://registry.gdi-de.org/up3/ontology/Streckenabschnitt_optional"], "https://registry.gdi-de.org/up3/ontology/beginntBeiKnoten": ["https://registry.gdi-de.org/de.nw/radnetz/instances/Knoten_Wuppertal_117200102"], "https://registry.gdi-de.org/up3/ontology/endetBeiKnoten": ["https://registry.gdi-de.org/de.nw/radnetz/instances/Knoten_Wuppertal_117200101"], "https://registry.gdi-de.org/up3/ontology/fuehrung": ["https://registry.gdi-de.org/codelist/de.bund.balm.radnetz/Fuehrung/401"], "https://registry.gdi-de.org/up3/ontology/geometrieAbschnitt": ["https://registry.gdi-de.org/de.nw/radnetz/instances/Section_Wuppertal_1226366_907_right_geometry"], "https://registry.gdi-de.org/up3/ontology/licht": ["https://registry.gdi-de.org/codelist/de.bund.balm.radnetz/Licht/1"], "https://registry.gdi-de.org/up3/ontology/quell-ID": ["1226366"], "https://registry.gdi-de.org/up3/ontology/richtung": ["https://registry.gdi-de.org/codelist/de.bund.balm.radnetz/Richtung/2"], "https://registry.gdi-de.org/up3/ontology/steigung": ["1.539365"], "https://registry.gdi-de.org/up3/ontology/strecken-ID": ["Section_Wuppertal_1226366_907_right"]}, "geometry": {"type": "LineString", "coordinates": [[7.0599754248, 51.2537789893, 179.77], [7.0598898951, 51.2538570265, 0.0], [7.059771946, 51.2539119558, 180.09]]}}, {"type": "Feature", "id": "https://registry.gdi-de.org/de.nw/radnetz/instances/Section_Wuppertal_1224519_966_right", "name": "", "dateprops": [], "properties": {"http://rdfs.org/ns/void#inDataset": ["https://registry.gdi-de.org/de.nw/radnetz/instances/exnw_dataset"], "http://www.opengis.net/ont/geosparql#hasGeometry": ["https://registry.gdi-de.org/de.nw/radnetz/instances/Section_Wuppertal_1224519_966_right_geometry"], "http://www.w3.org/1999/02/22-rdf-syntax-ns#type": ["https://registry.gdi-de.org/up3/ontology/Streckenabschnitt_optional"], "https://registry.gdi-de.org/up3/ontology/beginntBeiKnoten": ["https://registry.gdi-de.org/de.nw/radnetz/instances/Knoten_Wuppertal_7142"], "https://registry.gdi-de.org/up3/ontology/endetBeiKnoten": ["https://registry.gdi-de.org/de.nw/radnetz/instances/Knoten_Wuppertal_115050101"], "https://registry.gdi-de.org/up3/ontology/fuehrung": ["https://registry.gdi-de.org/codelist/de.bund.balm.radnetz/Fuehrung/405"], "https://registry.gdi-de.org/up3/ontology/geometrieAbschnitt": ["https://registry.gdi-de.org/de.nw/radnetz/instances/Section_Wuppertal_1224519_966_right_geometry"], "https://registry.gdi-de.org/up3/ontology/licht": ["https://registry.gdi-de.org/codelist/de.bund.balm.radnetz/Licht/1"], "https://registry.gdi-de.org/up3/ontology/quell-ID": ["1224519"], "https://registry.gdi-de.org/up3/ontology/richtung": ["https://registry.gdi-de.org/codelist/de.bund.balm.radnetz/Richtung/2"], "https://registry.gdi-de.org/up3/ontology/steigung": ["4.488812"], "https://registry.gdi-de.org/up3/ontology/strecken-ID": ["Section_Wuppertal_1224519_966_right"]}, "geometry": {"type": "LineString", "coordinates": [[7.1945587084, 51.2360526867, 0.0], [7.19490098, 51.2367115179, 0.0]]}}, {"type": "Feature", "id": "https://registry.gdi-de.org/de.nw/radnetz/instances/Section_Wuppertal_284_1005_right", "name": "", "dateprops": [], "properties": {"http://rdfs.org/ns/void#inDataset": ["https://registry.gdi-de.org/de.nw/radnetz/instances/exnw_dataset"], "http://www.opengis.net/ont/geosparql#hasGeometry": ["https://registry.gdi-de.org/de.nw/radnetz/instances/Section_Wuppertal_284_1005_right_geometry"], "http://www.w3.org/1999/02/22-rdf-syntax-ns#type": ["https://registry.gdi-de.org/up3/ontology/Streckenabschnitt_optional"], "https://registry.gdi-de.org/up3/ontology/beginntBeiKnoten": ["https://registry.gdi-de.org/de.nw/radnetz/instances/Knoten_Wuppertal_3640"], "https://registry.gdi-de.org/up3/ontology/endetBeiKnoten": ["https://registry.gdi-de.org/de.nw/radnetz/instances/Knoten_Wuppertal_3739"], "https://registry.gdi-de.org/up3/ontology/fuehrung": ["https://registry.gdi-de.org/codelist/de.bund.balm.radnetz/Fuehrung/405"], "https://registry.gdi-de.org/up3/ontology/geometrieAbschnitt": ["https://registry.gdi-de.org/de.nw/radnetz/instances/Section_Wuppertal_284_1005_right_geometry"], "https://registry.gdi-de.org/up3/ontology/licht": ["https://registry.gdi-de.org/codelist/de.bund.balm.radnetz/Licht/1"], "https://registry.gdi-de.org/up3/ontology/quell-ID": ["284"], "https://registry.gdi-de.org/up3/ontology/richtung": ["https://registry.gdi-de.org/codelist/de.bund.balm.radnetz/Richtung/2"], "https://registry.gdi-de.org/up3/ontology/steigung": ["6.618547"], "https://registry.gdi-de.org/up3/ontology/strecken-ID": ["Section_Wuppertal_284_1005_right"]}, "geometry": {"type": "LineString", "coordinates": [[7.1175174465, 51.2024349906, 0.0], [7.1177448971, 51.2026099805, 0.0], [7.1196317742, 51.2037155352, 0.0], [7.1198474332, 51.2037584153, 0.0], [7.1202625629, 51.2038427017, 0.0]]}}, {"type": "Feature", "id": "https://registry.gdi-de.org/de.nw/radnetz/instances/Section_Wuppertal_1225561_486_right", "name": "", "dateprops": [], "properties": {"http://rdfs.org/ns/void#inDataset": ["https://registry.gdi-de.org/de.nw/radnetz/instances/exnw_dataset"], "http://www.opengis.net/ont/geosparql#hasGeometry": ["https://registry.gdi-de.org/de.nw/radnetz/instances/Section_Wuppertal_1225561_486_right_geometry"], "http://www.w3.org/1999/02/22-rdf-syntax-ns#type": ["https://registry.gdi-de.org/up3/ontology/Streckenabschnitt_optional"], "https://registry.gdi-de.org/up3/ontology/beginntBeiKnoten": ["https://registry.gdi-de.org/de.nw/radnetz/instances/Knoten_Wuppertal_6679"], "https://registry.gdi-de.org/up3/ontology/endetBeiKnoten": ["https://registry.gdi-de.org/de.nw/radnetz/instances/Knoten_Wuppertal_111550102"], "https://registry.gdi-de.org/up3/ontology/fuehrung": ["https://registry.gdi-de.org/codelist/de.bund.balm.radnetz/Fuehrung/405"], "https://registry.gdi-de.org/up3/ontology/geometrieAbschnitt": ["https://registry.gdi-de.org/de.nw/radnetz/instances/Section_Wuppertal_1225561_486_right_geometry"], "https://registry.gdi-de.org/up3/ontology/licht": ["https://registry.gdi-de.org/codelist/de.bund.balm.radnetz/Licht/1"], "https://registry.gdi-de.org/up3/ontology/quell-ID": ["1225561"], "https://registry.gdi-de.org/up3/ontology/richtung": ["https://registry.gdi-de.org/codelist/de.bund.balm.radnetz/Richtung/2"], "https://registry.gdi-de.org/up3/ontology/steigung": ["1.425001"], "https://registry.gdi-de.org/up3/ontology/strecken-ID": ["Section_Wuppertal_1225561_486_right"]}, "geometry": {"type": "LineString", "coordinates": [[7.1810193724, 51.2898731345, 279.13], [7.1814081676, 51.289941121, 0.0], [7.1816463133, 51.2900215616, 279.8]]}}, {"type": "Feature", "id": "https://registry.gdi-de.org/de.nw/radnetz/instances/Section_Wuppertal_1226994_662_right", "name": "", "dateprops": [], "properties": {"http://rdfs.org/ns/void#inDataset": ["https://registry.gdi-de.org/de.nw/radnetz/instances/exnw_dataset"], "http://www.opengis.net/ont/geosparql#hasGeometry": ["https://registry.gdi-de.org/de.nw/radnetz/instances/Section_Wuppertal_1226994_662_right_geometry"], "http://www.w3.org/1999/02/22-rdf-syntax-ns#type": ["https://registry.gdi-de.org/up3/ontology/Streckenabschnitt_optional"], "https://registry.gdi-de.org/up3/ontology/beginntBeiKnoten": ["https://registry.gdi-de.org/de.nw/radnetz/instances/Knoten_Wuppertal_116450102"], "https://registry.gdi-de.org/up3/ontology/endetBeiKnoten": ["https://registry.gdi-de.org/de.nw/radnetz/instances/Knoten_Wuppertal_9341"], "https://registry.gdi-de.org/up3/ontology/fuehrung": ["https://registry.gdi-de.org/codelist/de.bund.balm.radnetz/Fuehrung/401"], "https://registry.gdi-de.org/up3/ontology/geometrieAbschnitt": ["https://registry.gdi-de.org/de.nw/radnetz/instances/Section_Wuppertal_1226994_662_right_geometry"], "https://registry.gdi-de.org/up3/ontology/licht": ["https://registry.gdi-de.org/codelist/de.bund.balm.radnetz/Licht/0"], "https://registry.gdi-de.org/up3/ontology/quell-ID": ["1226994"], "https://registry.gdi-de.org/up3/ontology/richtung": ["https://registry.gdi-de.org/codelist/de.bund.balm.radnetz/Richtung/2"], "https://registry.gdi-de.org/up3/ontology/steigung": ["0.5001044"], "https://registry.gdi-de.org/up3/ontology/strecken-ID": ["Section_Wuppertal_1226994_662_right"]}, "geometry": {"type": "LineString", "coordinates": [[7.2512618862, 51.2556035961, 176.48], [7.2516023874, 51.2556333504, 176.6]]}}, {"type": "Feature", "id": "https://registry.gdi-de.org/de.nw/radnetz/instances/Section_Wuppertal_1229807_774_right", "name": "", "dateprops": [], "properties": {"http://rdfs.org/ns/void#inDataset": ["https://registry.gdi-de.org/de.nw/radnetz/instances/exnw_dataset"], "http://www.opengis.net/ont/geosparql#hasGeometry": ["https://registry.gdi-de.org/de.nw/radnetz/instances/Section_Wuppertal_1229807_774_right_geometry"], "http://www.w3.org/1999/02/22-rdf-syntax-ns#type": ["https://registry.gdi-de.org/up3/ontology/Streckenabschnitt_optional"], "https://registry.gdi-de.org/up3/ontology/beginntBeiKnoten": ["https://registry.gdi-de.org/de.nw/radnetz/instances/Knoten_Wuppertal_114210101"], "https://registry.gdi-de.org/up3/ontology/endetBeiKnoten": ["https://registry.gdi-de.org/de.nw/radnetz/instances/Knoten_Wuppertal_1189691248"], "https://registry.gdi-de.org/up3/ontology/geometrieAbschnitt": ["https://registry.gdi-de.org/de.nw/radnetz/instances/Section_Wuppertal_1229807_774_right_geometry"], "https://registry.gdi-de.org/up3/ontology/licht": ["https://registry.gdi-de.org/codelist/de.bund.balm.radnetz/Licht/1"], "https://registry.gdi-de.org/up3/ontology/quell-ID": ["1229807"], "https://registry.gdi-de.org/up3/ontology/richtung": ["https://registry.gdi-de.org/codelist/de.bund.balm.radnetz/Richtung/2"], "https://registry.gdi-de.org/up3/ontology/steigung": ["1.860312"], "https://registry.gdi-de.org/up3/ontology/strecken-ID": ["Section_Wuppertal_1229807_774_right"]}, "geometry": {"type": "LineString", "coordinates": [[7.1313778714, 51.1993374557, 262.95], [7.1314109251, 51.1994907011, 263.27]]}}, {"type": "Feature", "id": "https://registry.gdi-de.org/de.nw/radnetz/instances/Section_Wuppertal_1226443_574_right", "name": "", "dateprops": [], "properties": {"http://rdfs.org/ns/void#inDataset": ["https://registry.gdi-de.org/de.nw/radnetz/instances/exnw_dataset"], "http://www.opengis.net/ont/geosparql#hasGeometry": ["https://registry.gdi-de.org/de.nw/radnetz/instances/Section_Wuppertal_1226443_574_right_geometry"], "http://www.w3.org/1999/02/22-rdf-syntax-ns#type": ["https://registry.gdi-de.org/up3/ontology/Streckenabschnitt_optional"], "https://registry.gdi-de.org/up3/ontology/beginntBeiKnoten": ["https://registry.gdi-de.org/de.nw/radnetz/instances/Knoten_Wuppertal_114200204"], "https://registry.gdi-de.org/up3/ontology/endetBeiKnoten": ["https://registry.gdi-de.org/de.nw/radnetz/instances/Knoten_Wuppertal_4329"], "https://registry.gdi-de.org/up3/ontology/geometrieAbschnitt": ["https://registry.gdi-de.org/de.nw/radnetz/instances/Section_Wuppertal_1226443_574_right_geometry"], "https://registry.gdi-de.org/up3/ontology/licht": ["https://registry.gdi-de.org/codelist/de.bund.balm.radnetz/Licht/1"], "https://registry.gdi-de.org/up3/ontology/quell-ID": ["1226443"], "https://registry.gdi-de.org/up3/ontology/richtung": ["https://registry.gdi-de.org/codelist/de.bund.balm.radnetz/Richtung/2"], "https://registry.gdi-de.org/up3/ontology/steigung": ["3.507807"], "https://registry.gdi-de.org/up3/ontology/strecken-ID": ["Section_Wuppertal_1226443_574_right"]}, "geometry": {"type": "LineString", "coordinates": [[7.1324995022, 51.2041736457, 285.88], [7.132652577, 51.2043001479, 286.5]]}}, {"type": "Feature", "id": "https://registry.gdi-de.org/de.nw/radnetz/instances/Section_Wuppertal_670_16_right", "name": "", "dateprops": [], "properties": {"http://rdfs.org/ns/void#inDataset": ["https://registry.gdi-de.org/de.nw/radnetz/instances/exnw_dataset"], "http://www.opengis.net/ont/geosparql#hasGeometry": ["https://registry.gdi-de.org/de.nw/radnetz/instances/Section_Wuppertal_670_16_right_geometry"], "http://www.w3.org/1999/02/22-rdf-syntax-ns#type": ["https://registry.gdi-de.org/up3/ontology/Streckenabschnitt_optional"], "https://registry.gdi-de.org/up3/ontology/beginntBeiKnoten": ["https://registry.gdi-de.org/de.nw/radnetz/instances/Knoten_Wuppertal_2662"], "https://registry.gdi-de.org/up3/ontology/endetBeiKnoten": ["https://registry.gdi-de.org/de.nw/radnetz/instances/Knoten_Wuppertal_2685"], "https://registry.gdi-de.org/up3/ontology/fuehrung": ["https://registry.gdi-de.org/codelist/de.bund.balm.radnetz/Fuehrung/401"], "https://registry.gdi-de.org/up3/ontology/geometrieAbschnitt": ["https://registry.gdi-de.org/de.nw/radnetz/instances/Section_Wuppertal_670_16_right_geometry"], "https://registry.gdi-de.org/up3/ontology/licht": ["https://registry.gdi-de.org/codelist/de.bund.balm.radnetz/Licht/1"], "https://registry.gdi-de.org/up3/ontology/quell-ID": ["670"], "https://registry.gdi-de.org/up3/ontology/richtung": ["https://registry.gdi-de.org/codelist/de.bund.balm.radnetz/Richtung/2"], "https://registry.gdi-de.org/up3/ontology/steigung": ["0.1849566"], "https://registry.gdi-de.org/up3/ontology/strecken-ID": ["Section_Wuppertal_670_16_right"]}, "geometry": {"type": "LineString", "coordinates": [[7.0723585824, 51.2515498054, 184.52], [7.0731012133, 51.2527496826, 0.0], [7.0731091648, 51.2529692262, 184.83]]}}, {"type": "Feature", "id": "https://registry.gdi-de.org/de.nw/radnetz/instances/Section_Wuppertal_1229808_775_right", "name": "", "dateprops": [], "properties": {"http://rdfs.org/ns/void#inDataset": ["https://registry.gdi-de.org/de.nw/radnetz/instances/exnw_dataset"], "http://www.opengis.net/ont/geosparql#hasGeometry": ["https://registry.gdi-de.org/de.nw/radnetz/instances/Section_Wuppertal_1229808_775_right_geometry"], "http://www.w3.org/1999/02/22-rdf-syntax-ns#type": ["https://registry.gdi-de.org/up3/ontology/Streckenabschnitt_optional"], "https://registry.gdi-de.org/up3/ontology/beginntBeiKnoten": ["https://registry.gdi-de.org/de.nw/radnetz/instances/Knoten_Wuppertal_1189691248"], "https://registry.gdi-de.org/up3/ontology/endetBeiKnoten": ["https://registry.gdi-de.org/de.nw/radnetz/instances/Knoten_Wuppertal_4242"], "https://registry.gdi-de.org/up3/ontology/geometrieAbschnitt": ["https://registry.gdi-de.org/de.nw/radnetz/instances/Section_Wuppertal_1229808_775_right_geometry"], "https://registry.gdi-de.org/up3/ontology/licht": ["https://registry.gdi-de.org/codelist/de.bund.balm.radnetz/Licht/1"], "https://registry.gdi-de.org/up3/ontology/quell-ID": ["1229808"], "https://registry.gdi-de.org/up3/ontology/richtung": ["https://registry.gdi-de.org/codelist/de.bund.balm.radnetz/Richtung/2"], "https://registry.gdi-de.org/up3/ontology/steigung": ["1.983786"], "https://registry.gdi-de.org/up3/ontology/strecken-ID": ["Section_Wuppertal_1229808_775_right"]}, "geometry": {"type": "LineString", "coordinates": [[7.1314109251, 51.1994907011, 263.27], [7.1314332036, 51.1995939906, 263.5]]}}, {"type": "Feature", "id": "https://registry.gdi-de.org/de.nw/radnetz/instances/Section_Wuppertal_2271_48_right", "name": "", "dateprops": [], "properties": {"http://rdfs.org/ns/void#inDataset": ["https://registry.gdi-de.org/de.nw/radnetz/instances/exnw_dataset"], "http://www.opengis.net/ont/geosparql#hasGeometry": ["https://registry.gdi-de.org/de.nw/radnetz/instances/Section_Wuppertal_2271_48_right_geometry"], "http://www.w3.org/1999/02/22-rdf-syntax-ns#type": ["https://registry.gdi-de.org/up3/ontology/Streckenabschnitt_optional"], "https://registry.gdi-de.org/up3/ontology/beginntBeiKnoten": ["https://registry.gdi-de.org/de.nw/radnetz/instances/Knoten_Wuppertal_6659"], "https://registry.gdi-de.org/up3/ontology/endetBeiKnoten": ["https://registry.gdi-de.org/de.nw/radnetz/instances/Knoten_Wuppertal_6679"], "https://registry.gdi-de.org/up3/ontology/fuehrung": ["https://registry.gdi-de.org/codelist/de.bund.balm.radnetz/Fuehrung/405"], "https://registry.gdi-de.org/up3/ontology/geometrieAbschnitt": ["https://registry.gdi-de.org/de.nw/radnetz/instances/Section_Wuppertal_2271_48_right_geometry"], "https://registry.gdi-de.org/up3/ontology/licht": ["https://registry.gdi-de.org/codelist/de.bund.balm.radnetz/Licht/1"], "https://registry.gdi-de.org/up3/ontology/quell-ID": ["2271"], "https://registry.gdi-de.org/up3/ontology/richtung": ["https://registry.gdi-de.org/codelist/de.bund.balm.radnetz/Richtung/2"], "https://registry.gdi-de.org/up3/ontology/steigung": ["3.400967"], "https://registry.gdi-de.org/up3/ontology/strecken-ID": ["Section_Wuppertal_2271_48_right"]}, "geometry": {"type": "LineString", "coordinates": [[7.1806654526, 51.2896391287, 277.91], [7.1810193724, 51.2898731345, 279.13]]}}, {"type": "Feature", "id": "https://registry.gdi-de.org/de.nw/radnetz/instances/Section_Wuppertal_1224423_418_right", "name": "", "dateprops": [], "properties": {"http://rdfs.org/ns/void#inDataset": ["https://registry.gdi-de.org/de.nw/radnetz/instances/exnw_dataset"], "http://www.opengis.net/ont/geosparql#hasGeometry": ["https://registry.gdi-de.org/de.nw/radnetz/instances/Section_Wuppertal_1224423_418_right_geometry"], "http://www.w3.org/1999/02/22-rdf-syntax-ns#type": ["https://registry.gdi-de.org/up3/ontology/Streckenabschnitt_optional"], "https://registry.gdi-de.org/up3/ontology/beginntBeiKnoten": ["https://registry.gdi-de.org/de.nw/radnetz/instances/Knoten_Wuppertal_8823"], "https://registry.gdi-de.org/up3/ontology/endetBeiKnoten": ["https://registry.gdi-de.org/de.nw/radnetz/instances/Knoten_Wuppertal_116430101"], "https://registry.gdi-de.org/up3/ontology/fuehrung": ["https://registry.gdi-de.org/codelist/de.bund.balm.radnetz/Fuehrung/401"], "https://registry.gdi-de.org/up3/ontology/geometrieAbschnitt": ["https://registry.gdi-de.org/de.nw/radnetz/instances/Section_Wuppertal_1224423_418_right_geometry"], "https://registry.gdi-de.org/up3/ontology/licht": ["https://registry.gdi-de.org/codelist/de.bund.balm.radnetz/Licht/1"], "https://registry.gdi-de.org/up3/ontology/quell-ID": ["1224423"], "https://registry.gdi-de.org/up3/ontology/richtung": ["https://registry.gdi-de.org/codelist/de.bund.balm.radnetz/Richtung/2"], "https://registry.gdi-de.org/up3/ontology/steigung": ["0.2604288"], "https://registry.gdi-de.org/up3/ontology/strecken-ID": ["Section_Wuppertal_1224423_418_right"]}, "geometry": {"type": "LineString", "coordinates": [[7.2328726713, 51.2574508414, 170.46], [7.2330053467, 51.2571853623, 0.0], [7.2332010463, 51.2570211149, 170.6]]}}, {"type": "Feature", "id": "https://registry.gdi-de.org/de.nw/radnetz/instances/Section_Wuppertal_1226075_534_right", "name": "", "dateprops": [], "properties": {"http://rdfs.org/ns/void#inDataset": ["https://registry.gdi-de.org/de.nw/radnetz/instances/exnw_dataset"], "http://www.opengis.net/ont/geosparql#hasGeometry": ["https://registry.gdi-de.org/de.nw/radnetz/instances/Section_Wuppertal_1226075_534_right_geometry"], "http://www.w3.org/1999/02/22-rdf-syntax-ns#type": ["https://registry.gdi-de.org/up3/ontology/Streckenabschnitt_optional"], "https://registry.gdi-de.org/up3/ontology/beginntBeiKnoten": ["https://registry.gdi-de.org/de.nw/radnetz/instances/Knoten_Wuppertal_9672"], "https://registry.gdi-de.org/up3/ontology/endetBeiKnoten": ["https://registry.gdi-de.org/de.nw/radnetz/instances/Knoten_Wuppertal_116480101"], "https://registry.gdi-de.org/up3/ontology/fuehrung": ["https://registry.gdi-de.org/codelist/de.bund.balm.radnetz/Fuehrung/401"], "https://registry.gdi-de.org/up3/ontology/geometrieAbschnitt": ["https://registry.gdi-de.org/de.nw/radnetz/instances/Section_Wuppertal_1226075_534_right_geometry"], "https://registry.gdi-de.org/up3/ontology/licht": ["https://registry.gdi-de.org/codelist/de.bund.balm.radnetz/Licht/0"], "https://registry.gdi-de.org/up3/ontology/quell-ID": ["1226075"], "https://registry.gdi-de.org/up3/ontology/richtung": ["https://registry.gdi-de.org/codelist/de.bund.balm.radnetz/Richtung/2"], "https://registry.gdi-de.org/up3/ontology/steigung": ["0.05732792"], "https://registry.gdi-de.org/up3/ontology/strecken-ID": ["Section_Wuppertal_1226075_534_right"]}, "geometry": {"type": "LineString", "coordinates": [[7.2687265697, 51.2540237266, 180.64], [7.2689644712, 51.2540717619, 180.65]]}}, {"type": "Feature", "id": "https://registry.gdi-de.org/de.nw/radnetz/instances/Section_Wuppertal_1226606_600_right", "name": "", "dateprops": [], "properties": {"http://rdfs.org/ns/void#inDataset": ["https://registry.gdi-de.org/de.nw/radnetz/instances/exnw_dataset"], "http://www.opengis.net/ont/geosparql#hasGeometry": ["https://registry.gdi-de.org/de.nw/radnetz/instances/Section_Wuppertal_1226606_600_right_geometry"], "http://www.w3.org/1999/02/22-rdf-syntax-ns#type": ["https://registry.gdi-de.org/up3/ontology/Streckenabschnitt_optional"], "https://registry.gdi-de.org/up3/ontology/beginntBeiKnoten": ["https://registry.gdi-de.org/de.nw/radnetz/instances/Knoten_Wuppertal_114300102"], "https://registry.gdi-de.org/up3/ontology/endetBeiKnoten": ["https://registry.gdi-de.org/de.nw/radnetz/instances/Knoten_Wuppertal_3831"], "https://registry.gdi-de.org/up3/ontology/geometrieAbschnitt": ["https://registry.gdi-de.org/de.nw/radnetz/instances/Section_Wuppertal_1226606_600_right_geometry"], "https://registry.gdi-de.org/up3/ontology/licht": ["https://registry.gdi-de.org/codelist/de.bund.balm.radnetz/Licht/1"], "https://registry.gdi-de.org/up3/ontology/quell-ID": ["1226606"], "https://registry.gdi-de.org/up3/ontology/richtung": ["https://registry.gdi-de.org/codelist/de.bund.balm.radnetz/Richtung/2"], "https://registry.gdi-de.org/up3/ontology/steigung": ["3.628296"], "https://registry.gdi-de.org/up3/ontology/strecken-ID": ["Section_Wuppertal_1226606_600_right"]}, "geometry": {"type": "LineString", "coordinates": [[7.1227520474, 51.2043571327, 280.95], [7.1229199504, 51.2043932898, 281.4]]}}, {"type": "Feature", "id": "https://registry.gdi-de.org/de.nw/radnetz/instances/Section_Wuppertal_1225023_1039_right", "name": "", "dateprops": [], "properties": {"http://rdfs.org/ns/void#inDataset": ["https://registry.gdi-de.org/de.nw/radnetz/instances/exnw_dataset"], "http://www.opengis.net/ont/geosparql#hasGeometry": ["https://registry.gdi-de.org/de.nw/radnetz/instances/Section_Wuppertal_1225023_1039_right_geometry"], "http://www.w3.org/1999/02/22-rdf-syntax-ns#type": ["https://registry.gdi-de.org/up3/ontology/Streckenabschnitt_optional"], "https://registry.gdi-de.org/up3/ontology/beginntBeiKnoten": ["https://registry.gdi-de.org/de.nw/radnetz/instances/Knoten_Wuppertal_112760101"], "https://registry.gdi-de.org/up3/ontology/endetBeiKnoten": ["https://registry.gdi-de.org/de.nw/radnetz/instances/Knoten_Wuppertal_4341"], "https://registry.gdi-de.org/up3/ontology/geometrieAbschnitt": ["https://registry.gdi-de.org/de.nw/radnetz/instances/Section_Wuppertal_1225023_1039_right_geometry"], "https://registry.gdi-de.org/up3/ontology/licht": ["https://registry.gdi-de.org/codelist/de.bund.balm.radnetz/Licht/1"], "https://registry.gdi-de.org/up3/ontology/quell-ID": ["1225023"], "https://registry.gdi-de.org/up3/ontology/richtung": ["https://registry.gdi-de.org/codelist/de.bund.balm.radnetz/Richtung/2"], "https://registry.gdi-de.org/up3/ontology/steigung": ["3.634896"], "https://registry.gdi-de.org/up3/ontology/strecken-ID": ["Section_Wuppertal_1225023_1039_right"]}, "geometry": {"type": "LineString", "coordinates": [[7.130253554, 51.27046593, 0.0], [7.1302414613, 51.2705720112, 0.0]]}}, {"type": "Feature", "id": "https://registry.gdi-de.org/de.nw/radnetz/instances/Section_Wuppertal_3702_964_right", "name": "", "dateprops": [], "properties": {"http://rdfs.org/ns/void#inDataset": ["https://registry.gdi-de.org/de.nw/radnetz/instances/exnw_dataset"], "http://www.opengis.net/ont/geosparql#hasGeometry": ["https://registry.gdi-de.org/de.nw/radnetz/instances/Section_Wuppertal_3702_964_right_geometry"], "http://www.w3.org/1999/02/22-rdf-syntax-ns#type": ["https://registry.gdi-de.org/up3/ontology/Streckenabschnitt_optional"], "https://registry.gdi-de.org/up3/ontology/beginntBeiKnoten": ["https://registry.gdi-de.org/de.nw/radnetz/instances/Knoten_Wuppertal_7126"], "https://registry.gdi-de.org/up3/ontology/endetBeiKnoten": ["https://registry.gdi-de.org/de.nw/radnetz/instances/Knoten_Wuppertal_7142"], "https://registry.gdi-de.org/up3/ontology/fuehrung": ["https://registry.gdi-de.org/codelist/de.bund.balm.radnetz/Fuehrung/405"], "https://registry.gdi-de.org/up3/ontology/geometrieAbschnitt": ["https://registry.gdi-de.org/de.nw/radnetz/instances/Section_Wuppertal_3702_964_right_geometry"], "https://registry.gdi-de.org/up3/ontology/licht": ["https://registry.gdi-de.org/codelist/de.bund.balm.radnetz/Licht/1"], "https://registry.gdi-de.org/up3/ontology/quell-ID": ["3702"], "https://registry.gdi-de.org/up3/ontology/richtung": ["https://registry.gdi-de.org/codelist/de.bund.balm.radnetz/Richtung/2"], "https://registry.gdi-de.org/up3/ontology/steigung": ["4.981066"], "https://registry.gdi-de.org/up3/ontology/strecken-ID": ["Section_Wuppertal_3702_964_right"]}, "geometry": {"type": "LineString", "coordinates": [[7.194275296, 51.2355355487, 0.0], [7.1945587084, 51.2360526867, 0.0]]}}, {"type": "Feature", "id": "https://registry.gdi-de.org/de.nw/radnetz/instances/Section_Wuppertal_1226384_941_right", "name": "", "dateprops": [], "properties": {"http://rdfs.org/ns/void#inDataset": ["https://registry.gdi-de.org/de.nw/radnetz/instances/exnw_dataset"], "http://www.opengis.net/ont/geosparql#hasGeometry": ["https://registry.gdi-de.org/de.nw/radnetz/instances/Section_Wuppertal_1226384_941_right_geometry"], "http://www.w3.org/1999/02/22-rdf-syntax-ns#type": ["https://registry.gdi-de.org/up3/ontology/Streckenabschnitt_optional"], "https://registry.gdi-de.org/up3/ontology/beginntBeiKnoten": ["https://registry.gdi-de.org/de.nw/radnetz/instances/Knoten_Wuppertal_116120102"], "https://registry.gdi-de.org/up3/ontology/endetBeiKnoten": ["https://registry.gdi-de.org/de.nw/radnetz/instances/Knoten_Wuppertal_116120101"], "https://registry.gdi-de.org/up3/ontology/fuehrung": ["https://registry.gdi-de.org/codelist/de.bund.balm.radnetz/Fuehrung/401"], "https://registry.gdi-de.org/up3/ontology/geometrieAbschnitt": ["https://registry.gdi-de.org/de.nw/radnetz/instances/Section_Wuppertal_1226384_941_right_geometry"], "https://registry.gdi-de.org/up3/ontology/licht": ["https://registry.gdi-de.org/codelist/de.bund.balm.radnetz/Licht/1"], "https://registry.gdi-de.org/up3/ontology/quell-ID": ["1226384"], "https://registry.gdi-de.org/up3/ontology/richtung": ["https://registry.gdi-de.org/codelist/de.bund.balm.radnetz/Richtung/2"], "https://registry.gdi-de.org/up3/ontology/steigung": ["2.799898"], "https://registry.gdi-de.org/up3/ontology/strecken-ID": ["Section_Wuppertal_1226384_941_right"]}, "geometry": {"type": "LineString", "coordinates": [[7.2498997021, 51.2995479706, 253.13], [7.2500388728, 51.2996285495, 0.0], [7.25016363, 51.2997137276, 253.86]]}}, {"type": "Feature", "id": "https://registry.gdi-de.org/de.nw/radnetz/instances/Section_Wuppertal_1228298_698_right", "name": "", "dateprops": [], "properties": {"http://rdfs.org/ns/void#inDataset": ["https://registry.gdi-de.org/de.nw/radnetz/instances/exnw_dataset"], "http://www.opengis.net/ont/geosparql#hasGeometry": ["https://registry.gdi-de.org/de.nw/radnetz/instances/Section_Wuppertal_1228298_698_right_geometry"], "http://www.w3.org/1999/02/22-rdf-syntax-ns#type": ["https://registry.gdi-de.org/up3/ontology/Streckenabschnitt_optional"], "https://registry.gdi-de.org/up3/ontology/beginntBeiKnoten": ["https://registry.gdi-de.org/de.nw/radnetz/instances/Knoten_Wuppertal_2544"], "https://registry.gdi-de.org/up3/ontology/endetBeiKnoten": ["https://registry.gdi-de.org/de.nw/radnetz/instances/Knoten_Wuppertal_1189690523"], "https://registry.gdi-de.org/up3/ontology/geometrieAbschnitt": ["https://registry.gdi-de.org/de.nw/radnetz/instances/Section_Wuppertal_1228298_698_right_geometry"], "https://registry.gdi-de.org/up3/ontology/licht": ["https://registry.gdi-de.org/codelist/de.bund.balm.radnetz/Licht/1"], "https://registry.gdi-de.org/up3/ontology/quell-ID": ["1228298"], "https://registry.gdi-de.org/up3/ontology/richtung": ["https://registry.gdi-de.org/codelist/de.bund.balm.radnetz/Richtung/2"], "https://registry.gdi-de.org/up3/ontology/steigung": ["1.030046"], "https://registry.gdi-de.org/up3/ontology/strecken-ID": ["Section_Wuppertal_1228298_698_right"]}, "geometry": {"type": "LineString", "coordinates": [[7.0695182387, 51.2265798333, 198.56], [7.0689238323, 51.2266714625, 0.0], [7.0683650083, 51.2266930189, 0.0], [7.0677855516, 51.2266328898, 0.0], [7.0677144265, 51.2266168403, 199.88]]}}, {"type": "Feature", "id": "https://registry.gdi-de.org/de.nw/radnetz/instances/Section_Wuppertal_1226511_588_right", "name": "", "dateprops": [], "properties": {"http://rdfs.org/ns/void#inDataset": ["https://registry.gdi-de.org/de.nw/radnetz/instances/exnw_dataset"], "http://www.opengis.net/ont/geosparql#hasGeometry": ["https://registry.gdi-de.org/de.nw/radnetz/instances/Section_Wuppertal_1226511_588_right_geometry"], "http://www.w3.org/1999/02/22-rdf-syntax-ns#type": ["https://registry.gdi-de.org/up3/ontology/Streckenabschnitt_optional"], "https://registry.gdi-de.org/up3/ontology/beginntBeiKnoten": ["https://registry.gdi-de.org/de.nw/radnetz/instances/Knoten_Wuppertal_114570101"], "https://registry.gdi-de.org/up3/ontology/endetBeiKnoten": ["https://registry.gdi-de.org/de.nw/radnetz/instances/Knoten_Wuppertal_2604"], "https://registry.gdi-de.org/up3/ontology/fuehrung": ["https://registry.gdi-de.org/codelist/de.bund.balm.radnetz/Fuehrung/405"], "https://registry.gdi-de.org/up3/ontology/geometrieAbschnitt": ["https://registry.gdi-de.org/de.nw/radnetz/instances/Section_Wuppertal_1226511_588_right_geometry"], "https://registry.gdi-de.org/up3/ontology/licht": ["https://registry.gdi-de.org/codelist/de.bund.balm.radnetz/Licht/1"], "https://registry.gdi-de.org/up3/ontology/quell-ID": ["1226511"], "https://registry.gdi-de.org/up3/ontology/richtung": ["https://registry.gdi-de.org/codelist/de.bund.balm.radnetz/Richtung/2"], "https://registry.gdi-de.org/up3/ontology/steigung": ["0.5116599"], "https://registry.gdi-de.org/up3/ontology/strecken-ID": ["Section_Wuppertal_1226511_588_right"]}, "geometry": {"type": "LineString", "coordinates": [[7.0705662165, 51.2476785322, 198.63], [7.0704886165, 51.2472326667, 0.0], [7.070604115, 51.2468266504, 199.12]]}}, {"type": "Feature", "id": "https://registry.gdi-de.org/de.nw/radnetz/instances/Section_Wuppertal_1226611_601_right", "name": "", "dateprops": [], "properties": {"http://rdfs.org/ns/void#inDataset": ["https://registry.gdi-de.org/de.nw/radnetz/instances/exnw_dataset"], "http://www.opengis.net/ont/geosparql#hasGeometry": ["https://registry.gdi-de.org/de.nw/radnetz/instances/Section_Wuppertal_1226611_601_right_geometry"], "http://www.w3.org/1999/02/22-rdf-syntax-ns#type": ["https://registry.gdi-de.org/up3/ontology/Streckenabschnitt_optional"], "https://registry.gdi-de.org/up3/ontology/beginntBeiKnoten": ["https://registry.gdi-de.org/de.nw/radnetz/instances/Knoten_Wuppertal_3793"], "https://registry.gdi-de.org/up3/ontology/endetBeiKnoten": ["https://registry.gdi-de.org/de.nw/radnetz/instances/Knoten_Wuppertal_112680101"], "https://registry.gdi-de.org/up3/ontology/fuehrung": ["https://registry.gdi-de.org/codelist/de.bund.balm.radnetz/Fuehrung/401"], "https://registry.gdi-de.org/up3/ontology/geometrieAbschnitt": ["https://registry.gdi-de.org/de.nw/radnetz/instances/Section_Wuppertal_1226611_601_right_geometry"], "https://registry.gdi-de.org/up3/ontology/licht": ["https://registry.gdi-de.org/codelist/de.bund.balm.radnetz/Licht/1"], "https://registry.gdi-de.org/up3/ontology/quell-ID": ["1226611"], "https://registry.gdi-de.org/up3/ontology/richtung": ["https://registry.gdi-de.org/codelist/de.bund.balm.radnetz/Richtung/2"], "https://registry.gdi-de.org/up3/ontology/steigung": ["5.082908"], "https://registry.gdi-de.org/up3/ontology/strecken-ID": ["Section_Wuppertal_1226611_601_right"]}, "geometry": {"type": "LineString", "coordinates": [[7.1187247565, 51.2819543618, 280.36], [7.1190283965, 51.28171485, 282.09]]}}, {"type": "Feature", "id": "https://registry.gdi-de.org/de.nw/radnetz/instances/Section_Wuppertal_1226065_891_right", "name": "", "dateprops": [], "properties": {"http://rdfs.org/ns/void#inDataset": ["https://registry.gdi-de.org/de.nw/radnetz/instances/exnw_dataset"], "http://www.opengis.net/ont/geosparql#hasGeometry": ["https://registry.gdi-de.org/de.nw/radnetz/instances/Section_Wuppertal_1226065_891_right_geometry"], "http://www.w3.org/1999/02/22-rdf-syntax-ns#type": ["https://registry.gdi-de.org/up3/ontology/Streckenabschnitt_optional"], "https://registry.gdi-de.org/up3/ontology/beginntBeiKnoten": ["https://registry.gdi-de.org/de.nw/radnetz/instances/Knoten_Wuppertal_3938"], "https://registry.gdi-de.org/up3/ontology/endetBeiKnoten": ["https://registry.gdi-de.org/de.nw/radnetz/instances/Knoten_Wuppertal_112660102"], "https://registry.gdi-de.org/up3/ontology/fuehrung": ["https://registry.gdi-de.org/codelist/de.bund.balm.radnetz/Fuehrung/200"], "https://registry.gdi-de.org/up3/ontology/geometrieAbschnitt": ["https://registry.gdi-de.org/de.nw/radnetz/instances/Section_Wuppertal_1226065_891_right_geometry"], "https://registry.gdi-de.org/up3/ontology/licht": ["https://registry.gdi-de.org/codelist/de.bund.balm.radnetz/Licht/1"], "https://registry.gdi-de.org/up3/ontology/quell-ID": ["1226065"], "https://registry.gdi-de.org/up3/ontology/richtung": ["https://registry.gdi-de.org/codelist/de.bund.balm.radnetz/Richtung/2"], "https://registry.gdi-de.org/up3/ontology/steigung": ["5.299179"], "https://registry.gdi-de.org/up3/ontology/strecken-ID": ["Section_Wuppertal_1226065_891_right"]}, "geometry": {"type": "LineString", "coordinates": [[7.1226371543, 51.2772338925, 245.25], [7.1231799949, 51.2777500202, 0.0], [7.1232247589, 51.2777873723, 249.17]]}}, {"type": "Feature", "id": "https://registry.gdi-de.org/de.nw/radnetz/instances/Section_Wuppertal_1827_38_right", "name": "", "dateprops": [], "properties": {"http://rdfs.org/ns/void#inDataset": ["https://registry.gdi-de.org/de.nw/radnetz/instances/exnw_dataset"], "http://www.opengis.net/ont/geosparql#hasGeometry": ["https://registry.gdi-de.org/de.nw/radnetz/instances/Section_Wuppertal_1827_38_right_geometry"], "http://www.w3.org/1999/02/22-rdf-syntax-ns#type": ["https://registry.gdi-de.org/up3/ontology/Streckenabschnitt_optional"], "https://registry.gdi-de.org/up3/ontology/beginntBeiKnoten": ["https://registry.gdi-de.org/de.nw/radnetz/instances/Knoten_Wuppertal_2655"], "https://registry.gdi-de.org/up3/ontology/endetBeiKnoten": ["https://registry.gdi-de.org/de.nw/radnetz/instances/Knoten_Wuppertal_2609"], "https://registry.gdi-de.org/up3/ontology/fuehrung": ["https://registry.gdi-de.org/codelist/de.bund.balm.radnetz/Fuehrung/405"], "https://registry.gdi-de.org/up3/ontology/geometrieAbschnitt": ["https://registry.gdi-de.org/de.nw/radnetz/instances/Section_Wuppertal_1827_38_right_geometry"], "https://registry.gdi-de.org/up3/ontology/licht": ["https://registry.gdi-de.org/codelist/de.bund.balm.radnetz/Licht/1"], "https://registry.gdi-de.org/up3/ontology/quell-ID": ["1827"], "https://registry.gdi-de.org/up3/ontology/richtung": ["https://registry.gdi-de.org/codelist/de.bund.balm.radnetz/Richtung/2"], "https://registry.gdi-de.org/up3/ontology/steigung": ["3.555735"], "https://registry.gdi-de.org/up3/ontology/strecken-ID": ["Section_Wuppertal_1827_38_right"]}, "geometry": {"type": "LineString", "coordinates": [[7.072035535, 51.2510097473, 186.54], [7.0717240961, 51.2505263199, 0.0], [7.0714909326, 51.2501176994, 0.0], [7.0708773236, 51.2491625669, 0.0], [7.0708039135, 51.2489343185, 0.0], [7.0706493651, 51.248142087, 198.47]]}}, {"type": "Feature", "id": "https://registry.gdi-de.org/de.nw/radnetz/instances/Section_Wuppertal_1230110_873_right", "name": "", "dateprops": [], "properties": {"http://rdfs.org/ns/void#inDataset": ["https://registry.gdi-de.org/de.nw/radnetz/instances/exnw_dataset"], "http://www.opengis.net/ont/geosparql#hasGeometry": ["https://registry.gdi-de.org/de.nw/radnetz/instances/Section_Wuppertal_1230110_873_right_geometry"], "http://www.w3.org/1999/02/22-rdf-syntax-ns#type": ["https://registry.gdi-de.org/up3/ontology/Streckenabschnitt_optional"], "https://registry.gdi-de.org/up3/ontology/beginntBeiKnoten": ["https://registry.gdi-de.org/de.nw/radnetz/instances/Knoten_Wuppertal_4294"], "https://registry.gdi-de.org/up3/ontology/endetBeiKnoten": ["https://registry.gdi-de.org/de.nw/radnetz/instances/Knoten_Wuppertal_999999001"], "https://registry.gdi-de.org/up3/ontology/geometrieAbschnitt": ["https://registry.gdi-de.org/de.nw/radnetz/instances/Section_Wuppertal_1230110_873_right_geometry"], "https://registry.gdi-de.org/up3/ontology/licht": ["https://registry.gdi-de.org/codelist/de.bund.balm.radnetz/Licht/1"], "https://registry.gdi-de.org/up3/ontology/quell-ID": ["1230110"], "https://registry.gdi-de.org/up3/ontology/richtung": ["https://registry.gdi-de.org/codelist/de.bund.balm.radnetz/Richtung/2"], "https://registry.gdi-de.org/up3/ontology/steigung": ["3.165044"], "https://registry.gdi-de.org/up3/ontology/strecken-ID": ["Section_Wuppertal_1230110_873_right"]}, "geometry": {"type": "LineString", "coordinates": [[7.1301221329, 51.2534672058, 146.59], [7.1303417851, 51.2536628222, 0.0], [7.1309054355, 51.2538641011, 0.0], [7.1308516843, 51.2539530166, 0.0]]}}, {"type": "Feature", "id": "https://registry.gdi-de.org/de.nw/radnetz/instances/Section_Wuppertal_1226959_655_right", "name": "", "dateprops": [], "properties": {"http://rdfs.org/ns/void#inDataset": ["https://registry.gdi-de.org/de.nw/radnetz/instances/exnw_dataset"], "http://www.opengis.net/ont/geosparql#hasGeometry": ["https://registry.gdi-de.org/de.nw/radnetz/instances/Section_Wuppertal_1226959_655_right_geometry"], "http://www.w3.org/1999/02/22-rdf-syntax-ns#type": ["https://registry.gdi-de.org/up3/ontology/Streckenabschnitt_optional"], "https://registry.gdi-de.org/up3/ontology/beginntBeiKnoten": ["https://registry.gdi-de.org/de.nw/radnetz/instances/Knoten_Wuppertal_2609"], "https://registry.gdi-de.org/up3/ontology/endetBeiKnoten": ["https://registry.gdi-de.org/de.nw/radnetz/instances/Knoten_Wuppertal_114570102"], "https://registry.gdi-de.org/up3/ontology/fuehrung": ["https://registry.gdi-de.org/codelist/de.bund.balm.radnetz/Fuehrung/405"], "https://registry.gdi-de.org/up3/ontology/geometrieAbschnitt": ["https://registry.gdi-de.org/de.nw/radnetz/instances/Section_Wuppertal_1226959_655_right_geometry"], "https://registry.gdi-de.org/up3/ontology/licht": ["https://registry.gdi-de.org/codelist/de.bund.balm.radnetz/Licht/1"], "https://registry.gdi-de.org/up3/ontology/quell-ID": ["1226959"], "https://registry.gdi-de.org/up3/ontology/richtung": ["https://registry.gdi-de.org/codelist/de.bund.balm.radnetz/Richtung/2"], "https://registry.gdi-de.org/up3/ontology/steigung": ["0.2565498"], "https://registry.gdi-de.org/up3/ontology/strecken-ID": ["Section_Wuppertal_1226959_655_right"]}, "geometry": {"type": "LineString", "coordinates": [[7.0706493651, 51.248142087, 198.47], [7.0706295613, 51.2480424808, 0.0], [7.0706105501, 51.247933255, 198.53]]}}, {"type": "Feature", "id": "https://registry.gdi-de.org/de.nw/radnetz/instances/Section_Wuppertal_1226590_596_right", "name": "", "dateprops": [], "properties": {"http://rdfs.org/ns/void#inDataset": ["https://registry.gdi-de.org/de.nw/radnetz/instances/exnw_dataset"], "http://www.opengis.net/ont/geosparql#hasGeometry": ["https://registry.gdi-de.org/de.nw/radnetz/instances/Section_Wuppertal_1226590_596_right_geometry"], "http://www.w3.org/1999/02/22-rdf-syntax-ns#type": ["https://registry.gdi-de.org/up3/ontology/Streckenabschnitt_optional"], "https://registry.gdi-de.org/up3/ontology/beginntBeiKnoten": ["https://registry.gdi-de.org/de.nw/radnetz/instances/Knoten_Wuppertal_116510102"], "https://registry.gdi-de.org/up3/ontology/endetBeiKnoten": ["https://registry.gdi-de.org/de.nw/radnetz/instances/Knoten_Wuppertal_10011"], "https://registry.gdi-de.org/up3/ontology/fuehrung": ["https://registry.gdi-de.org/codelist/de.bund.balm.radnetz/Fuehrung/401"], "https://registry.gdi-de.org/up3/ontology/geometrieAbschnitt": ["https://registry.gdi-de.org/de.nw/radnetz/instances/Section_Wuppertal_1226590_596_right_geometry"], "https://registry.gdi-de.org/up3/ontology/licht": ["https://registry.gdi-de.org/codelist/de.bund.balm.radnetz/Licht/1"], "https://registry.gdi-de.org/up3/ontology/quell-ID": ["1226590"], "https://registry.gdi-de.org/up3/ontology/richtung": ["https://registry.gdi-de.org/codelist/de.bund.balm.radnetz/Richtung/2"], "https://registry.gdi-de.org/up3/ontology/steigung": ["2.001771"], "https://registry.gdi-de.org/up3/ontology/strecken-ID": ["Section_Wuppertal_1226590_596_right"]}, "geometry": {"type": "LineString", "coordinates": [[7.2899116698, 51.2500792475, 189.52], [7.2905890149, 51.2500361125, 0.0], [7.2909770336, 51.2500438722, 0.0], [7.2919117946, 51.2500143015, 0.0], [7.2930520607, 51.2499295121, 0.0], [7.2938376434, 51.2497764439, 0.0], [7.2942016558, 51.2496366279, 0.0], [7.2949397282, 51.249394744, 0.0], [7.2954067473, 51.2491918051, 0.0], [7.2955335944, 51.2491184875, 197.87]]}}, {"type": "Feature", "id": "https://registry.gdi-de.org/de.nw/radnetz/instances/Section_Wuppertal_1226162_542_right", "name": "", "dateprops": [], "properties": {"http://rdfs.org/ns/void#inDataset": ["https://registry.gdi-de.org/de.nw/radnetz/instances/exnw_dataset"], "http://www.opengis.net/ont/geosparql#hasGeometry": ["https://registry.gdi-de.org/de.nw/radnetz/instances/Section_Wuppertal_1226162_542_right_geometry"], "http://www.w3.org/1999/02/22-rdf-syntax-ns#type": ["https://registry.gdi-de.org/up3/ontology/Streckenabschnitt_optional"], "https://registry.gdi-de.org/up3/ontology/beginntBeiKnoten": ["https://registry.gdi-de.org/de.nw/radnetz/instances/Knoten_Wuppertal_113280102"], "https://registry.gdi-de.org/up3/ontology/endetBeiKnoten": ["https://registry.gdi-de.org/de.nw/radnetz/instances/Knoten_Wuppertal_113280101"], "https://registry.gdi-de.org/up3/ontology/geometrieAbschnitt": ["https://registry.gdi-de.org/de.nw/radnetz/instances/Section_Wuppertal_1226162_542_right_geometry"], "https://registry.gdi-de.org/up3/ontology/licht": ["https://registry.gdi-de.org/codelist/de.bund.balm.radnetz/Licht/1"], "https://registry.gdi-de.org/up3/ontology/quell-ID": ["1226162"], "https://registry.gdi-de.org/up3/ontology/richtung": ["https://registry.gdi-de.org/codelist/de.bund.balm.radnetz/Richtung/2"], "https://registry.gdi-de.org/up3/ontology/steigung": ["1.1363"], "https://registry.gdi-de.org/up3/ontology/strecken-ID": ["Section_Wuppertal_1226162_542_right"]}, "geometry": {"type": "LineString", "coordinates": [[7.0599112306, 51.2343268425, 210.06], [7.0599086272, 51.2343318589, 0.0], [7.0598345543, 51.2345105118, 210.3]]}}, {"type": "Feature", "id": "https://registry.gdi-de.org/de.nw/radnetz/instances/Section_Wuppertal_1225883_516_right", "name": "", "dateprops": [], "properties": {"http://rdfs.org/ns/void#inDataset": ["https://registry.gdi-de.org/de.nw/radnetz/instances/exnw_dataset"], "http://www.opengis.net/ont/geosparql#hasGeometry": ["https://registry.gdi-de.org/de.nw/radnetz/instances/Section_Wuppertal_1225883_516_right_geometry"], "http://www.w3.org/1999/02/22-rdf-syntax-ns#type": ["https://registry.gdi-de.org/up3/ontology/Streckenabschnitt_optional"], "https://registry.gdi-de.org/up3/ontology/beginntBeiKnoten": ["https://registry.gdi-de.org/de.nw/radnetz/instances/Knoten_Wuppertal_119610301"], "https://registry.gdi-de.org/up3/ontology/endetBeiKnoten": ["https://registry.gdi-de.org/de.nw/radnetz/instances/Knoten_Wuppertal_3318"], "https://registry.gdi-de.org/up3/ontology/fuehrung": ["https://registry.gdi-de.org/codelist/de.bund.balm.radnetz/Fuehrung/405"], "https://registry.gdi-de.org/up3/ontology/geometrieAbschnitt": ["https://registry.gdi-de.org/de.nw/radnetz/instances/Section_Wuppertal_1225883_516_right_geometry"], "https://registry.gdi-de.org/up3/ontology/licht": ["https://registry.gdi-de.org/codelist/de.bund.balm.radnetz/Licht/1"], "https://registry.gdi-de.org/up3/ontology/quell-ID": ["1225883"], "https://registry.gdi-de.org/up3/ontology/richtung": ["https://registry.gdi-de.org/codelist/de.bund.balm.radnetz/Richtung/2"], "https://registry.gdi-de.org/up3/ontology/steigung": ["3.554213"], "https://registry.gdi-de.org/up3/ontology/strecken-ID": ["Section_Wuppertal_1225883_516_right"]}, "geometry": {"type": "LineString", "coordinates": [[7.1051006312, 51.2466573658, 139.85], [7.1048202795, 51.2472726508, 142.38]]}}, {"type": "Feature", "id": "https://registry.gdi-de.org/de.nw/radnetz/instances/Section_Wuppertal_1223595_378_right", "name": "", "dateprops": [], "properties": {"http://rdfs.org/ns/void#inDataset": ["https://registry.gdi-de.org/de.nw/radnetz/instances/exnw_dataset"], "http://www.opengis.net/ont/geosparql#hasGeometry": ["https://registry.gdi-de.org/de.nw/radnetz/instances/Section_Wuppertal_1223595_378_right_geometry"], "http://www.w3.org/1999/02/22-rdf-syntax-ns#type": ["https://registry.gdi-de.org/up3/ontology/Streckenabschnitt_optional"], "https://registry.gdi-de.org/up3/ontology/beginntBeiKnoten": ["https://registry.gdi-de.org/de.nw/radnetz/instances/Knoten_Wuppertal_5176"], "https://registry.gdi-de.org/up3/ontology/endetBeiKnoten": ["https://registry.gdi-de.org/de.nw/radnetz/instances/Knoten_Wuppertal_114140201"], "https://registry.gdi-de.org/up3/ontology/geometrieAbschnitt": ["https://registry.gdi-de.org/de.nw/radnetz/instances/Section_Wuppertal_1223595_378_right_geometry"], "https://registry.gdi-de.org/up3/ontology/licht": ["https://registry.gdi-de.org/codelist/de.bund.balm.radnetz/Licht/1"], "https://registry.gdi-de.org/up3/ontology/quell-ID": ["1223595"], "https://registry.gdi-de.org/up3/ontology/richtung": ["https://registry.gdi-de.org/codelist/de.bund.balm.radnetz/Richtung/2"], "https://registry.gdi-de.org/up3/ontology/steigung": ["4.051805"], "https://registry.gdi-de.org/up3/ontology/strecken-ID": ["Section_Wuppertal_1223595_378_right"]}, "geometry": {"type": "LineString", "coordinates": [[7.1477949631, 51.2262113319, 323.16], [7.1480547875, 51.2261371117, 0.0], [7.1488116428, 51.2261122269, 0.0], [7.1494867828, 51.2261836387, 328.05]]}}, {"type": "Feature", "id": "https://registry.gdi-de.org/de.nw/radnetz/instances/Section_Wuppertal_7890_164_right", "name": "", "dateprops": [], "properties": {"http://rdfs.org/ns/void#inDataset": ["https://registry.gdi-de.org/de.nw/radnetz/instances/exnw_dataset"], "http://www.opengis.net/ont/geosparql#hasGeometry": ["https://registry.gdi-de.org/de.nw/radnetz/instances/Section_Wuppertal_7890_164_right_geometry"], "http://www.w3.org/1999/02/22-rdf-syntax-ns#type": ["https://registry.gdi-de.org/up3/ontology/Streckenabschnitt_optional"], "https://registry.gdi-de.org/up3/ontology/beginntBeiKnoten": ["https://registry.gdi-de.org/de.nw/radnetz/instances/Knoten_Wuppertal_5159"], "https://registry.gdi-de.org/up3/ontology/endetBeiKnoten": ["https://registry.gdi-de.org/de.nw/radnetz/instances/Knoten_Wuppertal_5166"], "https://registry.gdi-de.org/up3/ontology/fuehrung": ["https://registry.gdi-de.org/codelist/de.bund.balm.radnetz/Fuehrung/200"], "https://registry.gdi-de.org/up3/ontology/geometrieAbschnitt": ["https://registry.gdi-de.org/de.nw/radnetz/instances/Section_Wuppertal_7890_164_right_geometry"], "https://registry.gdi-de.org/up3/ontology/licht": ["https://registry.gdi-de.org/codelist/de.bund.balm.radnetz/Licht/1"], "https://registry.gdi-de.org/up3/ontology/quell-ID": ["7890"], "https://registry.gdi-de.org/up3/ontology/richtung": ["https://registry.gdi-de.org/codelist/de.bund.balm.radnetz/Richtung/2"], "https://registry.gdi-de.org/up3/ontology/steigung": ["1.013752"], "https://registry.gdi-de.org/up3/ontology/strecken-ID": ["Section_Wuppertal_7890_164_right"]}, "geometry": {"type": "LineString", "coordinates": [[7.146373373, 51.2563149467, 142.89], [7.1464829855, 51.2561041781, 143.14]]}}, {"type": "Feature", "id": "https://registry.gdi-de.org/de.nw/radnetz/instances/Section_Wuppertal_11957_248_right", "name": "", "dateprops": [], "properties": {"http://rdfs.org/ns/void#inDataset": ["https://registry.gdi-de.org/de.nw/radnetz/instances/exnw_dataset"], "http://www.opengis.net/ont/geosparql#hasGeometry": ["https://registry.gdi-de.org/de.nw/radnetz/instances/Section_Wuppertal_11957_248_right_geometry"], "http://www.w3.org/1999/02/22-rdf-syntax-ns#type": ["https://registry.gdi-de.org/up3/ontology/Streckenabschnitt_optional"], "https://registry.gdi-de.org/up3/ontology/beginntBeiKnoten": ["https://registry.gdi-de.org/de.nw/radnetz/instances/Knoten_Wuppertal_3502"], "https://registry.gdi-de.org/up3/ontology/endetBeiKnoten": ["https://registry.gdi-de.org/de.nw/radnetz/instances/Knoten_Wuppertal_3538"], "https://registry.gdi-de.org/up3/ontology/geometrieAbschnitt": ["https://registry.gdi-de.org/de.nw/radnetz/instances/Section_Wuppertal_11957_248_right_geometry"], "https://registry.gdi-de.org/up3/ontology/licht": ["https://registry.gdi-de.org/codelist/de.bund.balm.radnetz/Licht/1"], "https://registry.gdi-de.org/up3/ontology/quell-ID": ["11957"], "https://registry.gdi-de.org/up3/ontology/richtung": ["https://registry.gdi-de.org/codelist/de.bund.balm.radnetz/Richtung/2"], "https://registry.gdi-de.org/up3/ontology/steigung": ["1.515513"], "https://registry.gdi-de.org/up3/ontology/strecken-ID": ["Section_Wuppertal_11957_248_right"]}, "geometry": {"type": "LineString", "coordinates": [[7.1106690667, 51.2622616252, 203.17], [7.1117590374, 51.2623801813, 204.34]]}}, {"type": "Feature", "id": "https://registry.gdi-de.org/de.nw/radnetz/instances/Section_Wuppertal_1224169_406_right", "name": "", "dateprops": [], "properties": {"http://rdfs.org/ns/void#inDataset": ["https://registry.gdi-de.org/de.nw/radnetz/instances/exnw_dataset"], "http://www.opengis.net/ont/geosparql#hasGeometry": ["https://registry.gdi-de.org/de.nw/radnetz/instances/Section_Wuppertal_1224169_406_right_geometry"], "http://www.w3.org/1999/02/22-rdf-syntax-ns#type": ["https://registry.gdi-de.org/up3/ontology/Streckenabschnitt_optional"], "https://registry.gdi-de.org/up3/ontology/beginntBeiKnoten": ["https://registry.gdi-de.org/de.nw/radnetz/instances/Knoten_Wuppertal_8960"], "https://registry.gdi-de.org/up3/ontology/endetBeiKnoten": ["https://registry.gdi-de.org/de.nw/radnetz/instances/Knoten_Wuppertal_116410103"], "https://registry.gdi-de.org/up3/ontology/fuehrung": ["https://registry.gdi-de.org/codelist/de.bund.balm.radnetz/Fuehrung/401"], "https://registry.gdi-de.org/up3/ontology/geometrieAbschnitt": ["https://registry.gdi-de.org/de.nw/radnetz/instances/Section_Wuppertal_1224169_406_right_geometry"], "https://registry.gdi-de.org/up3/ontology/licht": ["https://registry.gdi-de.org/codelist/de.bund.balm.radnetz/Licht/1"], "https://registry.gdi-de.org/up3/ontology/quell-ID": ["1224169"], "https://registry.gdi-de.org/up3/ontology/richtung": ["https://registry.gdi-de.org/codelist/de.bund.balm.radnetz/Richtung/2"], "https://registry.gdi-de.org/up3/ontology/steigung": ["0.7343919"], "https://registry.gdi-de.org/up3/ontology/strecken-ID": ["Section_Wuppertal_1224169_406_right"]}, "geometry": {"type": "LineString", "coordinates": [[7.2366598731, 51.2667791213, 166.03], [7.2367555427, 51.266645037, 166.15]]}}, {"type": "Feature", "id": "https://registry.gdi-de.org/de.nw/radnetz/instances/Section_Wuppertal_1226276_1064_right", "name": "", "dateprops": [], "properties": {"http://rdfs.org/ns/void#inDataset": ["https://registry.gdi-de.org/de.nw/radnetz/instances/exnw_dataset"], "http://www.opengis.net/ont/geosparql#hasGeometry": ["https://registry.gdi-de.org/de.nw/radnetz/instances/Section_Wuppertal_1226276_1064_right_geometry"], "http://www.w3.org/1999/02/22-rdf-syntax-ns#type": ["https://registry.gdi-de.org/up3/ontology/Streckenabschnitt_optional"], "https://registry.gdi-de.org/up3/ontology/beginntBeiKnoten": ["https://registry.gdi-de.org/de.nw/radnetz/instances/Knoten_Wuppertal_112100102"], "https://registry.gdi-de.org/up3/ontology/endetBeiKnoten": ["https://registry.gdi-de.org/de.nw/radnetz/instances/Knoten_Wuppertal_6401"], "https://registry.gdi-de.org/up3/ontology/geometrieAbschnitt": ["https://registry.gdi-de.org/de.nw/radnetz/instances/Section_Wuppertal_1226276_1064_right_geometry"], "https://registry.gdi-de.org/up3/ontology/licht": ["https://registry.gdi-de.org/codelist/de.bund.balm.radnetz/Licht/1"], "https://registry.gdi-de.org/up3/ontology/quell-ID": ["1226276"], "https://registry.gdi-de.org/up3/ontology/richtung": ["https://registry.gdi-de.org/codelist/de.bund.balm.radnetz/Richtung/2"], "https://registry.gdi-de.org/up3/ontology/steigung": ["2.405684"], "https://registry.gdi-de.org/up3/ontology/strecken-ID": ["Section_Wuppertal_1226276_1064_right"]}, "geometry": {"type": "LineString", "coordinates": [[7.1723047711, 51.2822399214, 0.0], [7.1727154043, 51.2829812574, 0.0]]}}, {"type": "Feature", "id": "https://registry.gdi-de.org/de.nw/radnetz/instances/Section_Wuppertal_5326_116_right", "name": "", "dateprops": [], "properties": {"http://rdfs.org/ns/void#inDataset": ["https://registry.gdi-de.org/de.nw/radnetz/instances/exnw_dataset"], "http://www.opengis.net/ont/geosparql#hasGeometry": ["https://registry.gdi-de.org/de.nw/radnetz/instances/Section_Wuppertal_5326_116_right_geometry"], "http://www.w3.org/1999/02/22-rdf-syntax-ns#type": ["https://registry.gdi-de.org/up3/ontology/Streckenabschnitt_optional"], "https://registry.gdi-de.org/up3/ontology/beginntBeiKnoten": ["https://registry.gdi-de.org/de.nw/radnetz/instances/Knoten_Wuppertal_4406"], "https://registry.gdi-de.org/up3/ontology/endetBeiKnoten": ["https://registry.gdi-de.org/de.nw/radnetz/instances/Knoten_Wuppertal_4453"], "https://registry.gdi-de.org/up3/ontology/geometrieAbschnitt": ["https://registry.gdi-de.org/de.nw/radnetz/instances/Section_Wuppertal_5326_116_right_geometry"], "https://registry.gdi-de.org/up3/ontology/licht": ["https://registry.gdi-de.org/codelist/de.bund.balm.radnetz/Licht/1"], "https://registry.gdi-de.org/up3/ontology/quell-ID": ["5326"], "https://registry.gdi-de.org/up3/ontology/richtung": ["https://registry.gdi-de.org/codelist/de.bund.balm.radnetz/Richtung/2"], "https://registry.gdi-de.org/up3/ontology/steigung": ["5.205705"], "https://registry.gdi-de.org/up3/ontology/strecken-ID": ["Section_Wuppertal_5326_116_right"]}, "geometry": {"type": "LineString", "coordinates": [[7.1338958774, 51.2052306047, 292.72], [7.1347816198, 51.2059244765, 297.87]]}}, {"type": "Feature", "id": "https://registry.gdi-de.org/de.nw/radnetz/instances/Section_Wuppertal_1226993_1101_right", "name": "", "dateprops": [], "properties": {"http://rdfs.org/ns/void#inDataset": ["https://registry.gdi-de.org/de.nw/radnetz/instances/exnw_dataset"], "http://www.opengis.net/ont/geosparql#hasGeometry": ["https://registry.gdi-de.org/de.nw/radnetz/instances/Section_Wuppertal_1226993_1101_right_geometry"], "http://www.w3.org/1999/02/22-rdf-syntax-ns#type": ["https://registry.gdi-de.org/up3/ontology/Streckenabschnitt_optional"], "https://registry.gdi-de.org/up3/ontology/beginntBeiKnoten": ["https://registry.gdi-de.org/de.nw/radnetz/instances/Knoten_Wuppertal_9327"], "https://registry.gdi-de.org/up3/ontology/endetBeiKnoten": ["https://registry.gdi-de.org/de.nw/radnetz/instances/Knoten_Wuppertal_116450102"], "https://registry.gdi-de.org/up3/ontology/fuehrung": ["https://registry.gdi-de.org/codelist/de.bund.balm.radnetz/Fuehrung/401"], "https://registry.gdi-de.org/up3/ontology/geometrieAbschnitt": ["https://registry.gdi-de.org/de.nw/radnetz/instances/Section_Wuppertal_1226993_1101_right_geometry"], "https://registry.gdi-de.org/up3/ontology/licht": ["https://registry.gdi-de.org/codelist/de.bund.balm.radnetz/Licht/0"], "https://registry.gdi-de.org/up3/ontology/quell-ID": ["1226993"], "https://registry.gdi-de.org/up3/ontology/richtung": ["https://registry.gdi-de.org/codelist/de.bund.balm.radnetz/Richtung/2"], "https://registry.gdi-de.org/up3/ontology/steigung": ["0.0"], "https://registry.gdi-de.org/up3/ontology/strecken-ID": ["Section_Wuppertal_1226993_1101_right"]}, "geometry": {"type": "LineString", "coordinates": [[7.2512291056, 51.2556007312, 176.48], [7.2512618862, 51.2556035961, 176.48]]}}, {"type": "Feature", "id": "https://registry.gdi-de.org/de.nw/radnetz/instances/Section_Wuppertal_12393_265_right", "name": "", "dateprops": [], "properties": {"http://rdfs.org/ns/void#inDataset": ["https://registry.gdi-de.org/de.nw/radnetz/instances/exnw_dataset"], "http://www.opengis.net/ont/geosparql#hasGeometry": ["https://registry.gdi-de.org/de.nw/radnetz/instances/Section_Wuppertal_12393_265_right_geometry"], "http://www.w3.org/1999/02/22-rdf-syntax-ns#type": ["https://registry.gdi-de.org/up3/ontology/Streckenabschnitt_optional"], "https://registry.gdi-de.org/up3/ontology/beginntBeiKnoten": ["https://registry.gdi-de.org/de.nw/radnetz/instances/Knoten_Wuppertal_8737"], "https://registry.gdi-de.org/up3/ontology/endetBeiKnoten": ["https://registry.gdi-de.org/de.nw/radnetz/instances/Knoten_Wuppertal_8765"], "https://registry.gdi-de.org/up3/ontology/geometrieAbschnitt": ["https://registry.gdi-de.org/de.nw/radnetz/instances/Section_Wuppertal_12393_265_right_geometry"], "https://registry.gdi-de.org/up3/ontology/licht": ["https://registry.gdi-de.org/codelist/de.bund.balm.radnetz/Licht/1"], "https://registry.gdi-de.org/up3/ontology/quell-ID": ["12393"], "https://registry.gdi-de.org/up3/ontology/richtung": ["https://registry.gdi-de.org/codelist/de.bund.balm.radnetz/Richtung/2"], "https://registry.gdi-de.org/up3/ontology/steigung": ["0.01816397"], "https://registry.gdi-de.org/up3/ontology/strecken-ID": ["Section_Wuppertal_12393_265_right"]}, "geometry": {"type": "LineString", "coordinates": [[7.2297565885, 51.2586017062, 180.85], [7.2299559447, 51.2590940042, 0.0], [7.2303253096, 51.2594825084, 0.0], [7.2308793206, 51.2598753512, 180.88]]}}, {"type": "Feature", "id": "https://registry.gdi-de.org/de.nw/radnetz/instances/Section_Wuppertal_6679_142_right", "name": "", "dateprops": [], "properties": {"http://rdfs.org/ns/void#inDataset": ["https://registry.gdi-de.org/de.nw/radnetz/instances/exnw_dataset"], "http://www.opengis.net/ont/geosparql#hasGeometry": ["https://registry.gdi-de.org/de.nw/radnetz/instances/Section_Wuppertal_6679_142_right_geometry"], "http://www.w3.org/1999/02/22-rdf-syntax-ns#type": ["https://registry.gdi-de.org/up3/ontology/Streckenabschnitt_optional"], "https://registry.gdi-de.org/up3/ontology/beginntBeiKnoten": ["https://registry.gdi-de.org/de.nw/radnetz/instances/Knoten_Wuppertal_4329"], "https://registry.gdi-de.org/up3/ontology/endetBeiKnoten": ["https://registry.gdi-de.org/de.nw/radnetz/instances/Knoten_Wuppertal_4406"], "https://registry.gdi-de.org/up3/ontology/geometrieAbschnitt": ["https://registry.gdi-de.org/de.nw/radnetz/instances/Section_Wuppertal_6679_142_right_geometry"], "https://registry.gdi-de.org/up3/ontology/licht": ["https://registry.gdi-de.org/codelist/de.bund.balm.radnetz/Licht/1"], "https://registry.gdi-de.org/up3/ontology/quell-ID": ["6679"], "https://registry.gdi-de.org/up3/ontology/richtung": ["https://registry.gdi-de.org/codelist/de.bund.balm.radnetz/Richtung/2"], "https://registry.gdi-de.org/up3/ontology/steigung": ["4.603156"], "https://registry.gdi-de.org/up3/ontology/strecken-ID": ["Section_Wuppertal_6679_142_right"]}, "geometry": {"type": "LineString", "coordinates": [[7.132652577, 51.2043001479, 286.5], [7.1338958774, 51.2052306047, 292.72]]}}, {"type": "Feature", "id": "https://registry.gdi-de.org/de.nw/radnetz/instances/Section_Wuppertal_1226458_578_right", "name": "", "dateprops": [], "properties": {"http://rdfs.org/ns/void#inDataset": ["https://registry.gdi-de.org/de.nw/radnetz/instances/exnw_dataset"], "http://www.opengis.net/ont/geosparql#hasGeometry": ["https://registry.gdi-de.org/de.nw/radnetz/instances/Section_Wuppertal_1226458_578_right_geometry"], "http://www.w3.org/1999/02/22-rdf-syntax-ns#type": ["https://registry.gdi-de.org/up3/ontology/Streckenabschnitt_optional"], "https://registry.gdi-de.org/up3/ontology/beginntBeiKnoten": ["https://registry.gdi-de.org/de.nw/radnetz/instances/Knoten_Wuppertal_110670101"], "https://registry.gdi-de.org/up3/ontology/endetBeiKnoten": ["https://registry.gdi-de.org/de.nw/radnetz/instances/Knoten_Wuppertal_110670102"], "https://registry.gdi-de.org/up3/ontology/fuehrung": ["https://registry.gdi-de.org/codelist/de.bund.balm.radnetz/Fuehrung/200"], "https://registry.gdi-de.org/up3/ontology/geometrieAbschnitt": ["https://registry.gdi-de.org/de.nw/radnetz/instances/Section_Wuppertal_1226458_578_right_geometry"], "https://registry.gdi-de.org/up3/ontology/licht": ["https://registry.gdi-de.org/codelist/de.bund.balm.radnetz/Licht/1"], "https://registry.gdi-de.org/up3/ontology/quell-ID": ["1226458"], "https://registry.gdi-de.org/up3/ontology/richtung": ["https://registry.gdi-de.org/codelist/de.bund.balm.radnetz/Richtung/2"], "https://registry.gdi-de.org/up3/ontology/steigung": ["2.435689"], "https://registry.gdi-de.org/up3/ontology/strecken-ID": ["Section_Wuppertal_1226458_578_right"]}, "geometry": {"type": "LineString", "coordinates": [[7.1064119576, 51.2559190674, 163.83], [7.1065936612, 51.2560914727, 164.39]]}}, {"type": "Feature", "id": "https://registry.gdi-de.org/de.nw/radnetz/instances/Section_Wuppertal_1226343_563_right", "name": "", "dateprops": [], "properties": {"http://rdfs.org/ns/void#inDataset": ["https://registry.gdi-de.org/de.nw/radnetz/instances/exnw_dataset"], "http://www.opengis.net/ont/geosparql#hasGeometry": ["https://registry.gdi-de.org/de.nw/radnetz/instances/Section_Wuppertal_1226343_563_right_geometry"], "http://www.w3.org/1999/02/22-rdf-syntax-ns#type": ["https://registry.gdi-de.org/up3/ontology/Streckenabschnitt_optional"], "https://registry.gdi-de.org/up3/ontology/beginntBeiKnoten": ["https://registry.gdi-de.org/de.nw/radnetz/instances/Knoten_Wuppertal_1189691385"], "https://registry.gdi-de.org/up3/ontology/endetBeiKnoten": ["https://registry.gdi-de.org/de.nw/radnetz/instances/Knoten_Wuppertal_117230101"], "https://registry.gdi-de.org/up3/ontology/fuehrung": ["https://registry.gdi-de.org/codelist/de.bund.balm.radnetz/Fuehrung/401"], "https://registry.gdi-de.org/up3/ontology/geometrieAbschnitt": ["https://registry.gdi-de.org/de.nw/radnetz/instances/Section_Wuppertal_1226343_563_right_geometry"], "https://registry.gdi-de.org/up3/ontology/licht": ["https://registry.gdi-de.org/codelist/de.bund.balm.radnetz/Licht/1"], "https://registry.gdi-de.org/up3/ontology/quell-ID": ["1226343"], "https://registry.gdi-de.org/up3/ontology/richtung": ["https://registry.gdi-de.org/codelist/de.bund.balm.radnetz/Richtung/2"], "https://registry.gdi-de.org/up3/ontology/steigung": ["3.741282"], "https://registry.gdi-de.org/up3/ontology/strecken-ID": ["Section_Wuppertal_1226343_563_right"]}, "geometry": {"type": "LineString", "coordinates": [[7.0729233757, 51.2540353682, 0.0], [7.0726013526, 51.2557087905, 0.0], [7.0724033765, 51.2565964071, 0.0], [7.0724024877, 51.2568947474, 0.0], [7.072276262, 51.2576944598, 0.0], [7.0724205584, 51.2582018084, 0.0], [7.0732089724, 51.2600883475, 0.0], [7.0731834964, 51.260223451, 0.0], [7.0731189622, 51.2605446408, 0.0], [7.0729659224, 51.2608127478, 217.19]]}}, {"type": "Feature", "id": "https://registry.gdi-de.org/de.nw/radnetz/instances/Section_Wuppertal_1225515_1041_right", "name": "", "dateprops": [], "properties": {"http://rdfs.org/ns/void#inDataset": ["https://registry.gdi-de.org/de.nw/radnetz/instances/exnw_dataset"], "http://www.opengis.net/ont/geosparql#hasGeometry": ["https://registry.gdi-de.org/de.nw/radnetz/instances/Section_Wuppertal_1225515_1041_right_geometry"], "http://www.w3.org/1999/02/22-rdf-syntax-ns#type": ["https://registry.gdi-de.org/up3/ontology/Streckenabschnitt_optional"], "https://registry.gdi-de.org/up3/ontology/beginntBeiKnoten": ["https://registry.gdi-de.org/de.nw/radnetz/instances/Knoten_Wuppertal_112770102"], "https://registry.gdi-de.org/up3/ontology/endetBeiKnoten": ["https://registry.gdi-de.org/de.nw/radnetz/instances/Knoten_Wuppertal_4389"], "https://registry.gdi-de.org/up3/ontology/geometrieAbschnitt": ["https://registry.gdi-de.org/de.nw/radnetz/instances/Section_Wuppertal_1225515_1041_right_geometry"], "https://registry.gdi-de.org/up3/ontology/licht": ["https://registry.gdi-de.org/codelist/de.bund.balm.radnetz/Licht/1"], "https://registry.gdi-de.org/up3/ontology/quell-ID": ["1225515"], "https://registry.gdi-de.org/up3/ontology/richtung": ["https://registry.gdi-de.org/codelist/de.bund.balm.radnetz/Richtung/2"], "https://registry.gdi-de.org/up3/ontology/steigung": ["4.560016"], "https://registry.gdi-de.org/up3/ontology/strecken-ID": ["Section_Wuppertal_1225515_1041_right"]}, "geometry": {"type": "LineString", "coordinates": [[7.1301917105, 51.271769847, 0.0], [7.1301879052, 51.2724780597, 0.0], [7.1308761776, 51.2730825465, 0.0]]}}, {"type": "Feature", "id": "https://registry.gdi-de.org/de.nw/radnetz/instances/Section_Wuppertal_1225445_477_right", "name": "", "dateprops": [], "properties": {"http://rdfs.org/ns/void#inDataset": ["https://registry.gdi-de.org/de.nw/radnetz/instances/exnw_dataset"], "http://www.opengis.net/ont/geosparql#hasGeometry": ["https://registry.gdi-de.org/de.nw/radnetz/instances/Section_Wuppertal_1225445_477_right_geometry"], "http://www.w3.org/1999/02/22-rdf-syntax-ns#type": ["https://registry.gdi-de.org/up3/ontology/Streckenabschnitt_optional"], "https://registry.gdi-de.org/up3/ontology/beginntBeiKnoten": ["https://registry.gdi-de.org/de.nw/radnetz/instances/Knoten_Wuppertal_115500102"], "https://registry.gdi-de.org/up3/ontology/endetBeiKnoten": ["https://registry.gdi-de.org/de.nw/radnetz/instances/Knoten_Wuppertal_8737"], "https://registry.gdi-de.org/up3/ontology/geometrieAbschnitt": ["https://registry.gdi-de.org/de.nw/radnetz/instances/Section_Wuppertal_1225445_477_right_geometry"], "https://registry.gdi-de.org/up3/ontology/licht": ["https://registry.gdi-de.org/codelist/de.bund.balm.radnetz/Licht/1"], "https://registry.gdi-de.org/up3/ontology/quell-ID": ["1225445"], "https://registry.gdi-de.org/up3/ontology/richtung": ["https://registry.gdi-de.org/codelist/de.bund.balm.radnetz/Richtung/2"], "https://registry.gdi-de.org/up3/ontology/steigung": ["0.7887458"], "https://registry.gdi-de.org/up3/ontology/strecken-ID": ["Section_Wuppertal_1225445_477_right"]}, "geometry": {"type": "LineString", "coordinates": [[7.2297600522, 51.2584307445, 180.7], [7.2297565885, 51.2586017062, 180.85]]}}, {"type": "Feature", "id": "https://registry.gdi-de.org/de.nw/radnetz/instances/Section_Wuppertal_3453_963_right", "name": "", "dateprops": [], "properties": {"http://rdfs.org/ns/void#inDataset": ["https://registry.gdi-de.org/de.nw/radnetz/instances/exnw_dataset"], "http://www.opengis.net/ont/geosparql#hasGeometry": ["https://registry.gdi-de.org/de.nw/radnetz/instances/Section_Wuppertal_3453_963_right_geometry"], "http://www.w3.org/1999/02/22-rdf-syntax-ns#type": ["https://registry.gdi-de.org/up3/ontology/Streckenabschnitt_optional"], "https://registry.gdi-de.org/up3/ontology/beginntBeiKnoten": ["https://registry.gdi-de.org/de.nw/radnetz/instances/Knoten_Wuppertal_4518"], "https://registry.gdi-de.org/up3/ontology/endetBeiKnoten": ["https://registry.gdi-de.org/de.nw/radnetz/instances/Knoten_Wuppertal_4517"], "https://registry.gdi-de.org/up3/ontology/geometrieAbschnitt": ["https://registry.gdi-de.org/de.nw/radnetz/instances/Section_Wuppertal_3453_963_right_geometry"], "https://registry.gdi-de.org/up3/ontology/licht": ["https://registry.gdi-de.org/codelist/de.bund.balm.radnetz/Licht/1"], "https://registry.gdi-de.org/up3/ontology/quell-ID": ["3453"], "https://registry.gdi-de.org/up3/ontology/richtung": ["https://registry.gdi-de.org/codelist/de.bund.balm.radnetz/Richtung/2"], "https://registry.gdi-de.org/up3/ontology/steigung": ["1.141159"], "https://registry.gdi-de.org/up3/ontology/strecken-ID": ["Section_Wuppertal_3453_963_right"]}, "geometry": {"type": "LineString", "coordinates": [[7.1345547495, 51.2534034649, 0.0], [7.1343044105, 51.2532872632, 0.0], [7.134231034, 51.2532272377, 0.0], [7.1342185532, 51.2530572951, 0.0]]}}, {"type": "Feature", "id": "https://registry.gdi-de.org/de.nw/radnetz/instances/Section_Wuppertal_1227187_677_right", "name": "", "dateprops": [], "properties": {"http://rdfs.org/ns/void#inDataset": ["https://registry.gdi-de.org/de.nw/radnetz/instances/exnw_dataset"], "http://www.opengis.net/ont/geosparql#hasGeometry": ["https://registry.gdi-de.org/de.nw/radnetz/instances/Section_Wuppertal_1227187_677_right_geometry"], "http://www.w3.org/1999/02/22-rdf-syntax-ns#type": ["https://registry.gdi-de.org/up3/ontology/Streckenabschnitt_optional"], "https://registry.gdi-de.org/up3/ontology/beginntBeiKnoten": ["https://registry.gdi-de.org/de.nw/radnetz/instances/Knoten_Wuppertal_3268"], "https://registry.gdi-de.org/up3/ontology/endetBeiKnoten": ["https://registry.gdi-de.org/de.nw/radnetz/instances/Knoten_Wuppertal_114700101"], "https://registry.gdi-de.org/up3/ontology/fuehrung": ["https://registry.gdi-de.org/codelist/de.bund.balm.radnetz/Fuehrung/401"], "https://registry.gdi-de.org/up3/ontology/geometrieAbschnitt": ["https://registry.gdi-de.org/de.nw/radnetz/instances/Section_Wuppertal_1227187_677_right_geometry"], "https://registry.gdi-de.org/up3/ontology/licht": ["https://registry.gdi-de.org/codelist/de.bund.balm.radnetz/Licht/1"], "https://registry.gdi-de.org/up3/ontology/quell-ID": ["1227187"], "https://registry.gdi-de.org/up3/ontology/richtung": ["https://registry.gdi-de.org/codelist/de.bund.balm.radnetz/Richtung/2"], "https://registry.gdi-de.org/up3/ontology/steigung": ["1.535031"], "https://registry.gdi-de.org/up3/ontology/strecken-ID": ["Section_Wuppertal_1227187_677_right"]}, "geometry": {"type": "LineString", "coordinates": [[7.1019835287, 51.2675875999, 237.25], [7.1022746616, 51.267789984, 0.0], [7.1043811023, 51.268636332, 0.0], [7.1054781737, 51.269129762, 0.0], [7.1060179835, 51.2694088228, 242.59]]}}, {"type": "Feature", "id": "https://registry.gdi-de.org/de.nw/radnetz/instances/Section_Wuppertal_1225970_525_right", "name": "", "dateprops": [], "properties": {"http://rdfs.org/ns/void#inDataset": ["https://registry.gdi-de.org/de.nw/radnetz/instances/exnw_dataset"], "http://www.opengis.net/ont/geosparql#hasGeometry": ["https://registry.gdi-de.org/de.nw/radnetz/instances/Section_Wuppertal_1225970_525_right_geometry"], "http://www.w3.org/1999/02/22-rdf-syntax-ns#type": ["https://registry.gdi-de.org/up3/ontology/Streckenabschnitt_optional"], "https://registry.gdi-de.org/up3/ontology/beginntBeiKnoten": ["https://registry.gdi-de.org/de.nw/radnetz/instances/Knoten_Wuppertal_116470101"], "https://registry.gdi-de.org/up3/ontology/endetBeiKnoten": ["https://registry.gdi-de.org/de.nw/radnetz/instances/Knoten_Wuppertal_9576"], "https://registry.gdi-de.org/up3/ontology/fuehrung": ["https://registry.gdi-de.org/codelist/de.bund.balm.radnetz/Fuehrung/401"], "https://registry.gdi-de.org/up3/ontology/geometrieAbschnitt": ["https://registry.gdi-de.org/de.nw/radnetz/instances/Section_Wuppertal_1225970_525_right_geometry"], "https://registry.gdi-de.org/up3/ontology/licht": ["https://registry.gdi-de.org/codelist/de.bund.balm.radnetz/Licht/0"], "https://registry.gdi-de.org/up3/ontology/quell-ID": ["1225970"], "https://registry.gdi-de.org/up3/ontology/richtung": ["https://registry.gdi-de.org/codelist/de.bund.balm.radnetz/Richtung/2"], "https://registry.gdi-de.org/up3/ontology/steigung": ["0.2241466"], "https://registry.gdi-de.org/up3/ontology/strecken-ID": ["Section_Wuppertal_1225970_525_right"]}, "geometry": {"type": "LineString", "coordinates": [[7.2609660239, 51.2557976176, 178.37], [7.2614539084, 51.2557472876, 0.0], [7.2624333258, 51.2555284555, 178.61]]}}, {"type": "Feature", "id": "https://registry.gdi-de.org/de.nw/radnetz/instances/Section_Wuppertal_1226558_593_right", "name": "", "dateprops": [], "properties": {"http://rdfs.org/ns/void#inDataset": ["https://registry.gdi-de.org/de.nw/radnetz/instances/exnw_dataset"], "http://www.opengis.net/ont/geosparql#hasGeometry": ["https://registry.gdi-de.org/de.nw/radnetz/instances/Section_Wuppertal_1226558_593_right_geometry"], "http://www.w3.org/1999/02/22-rdf-syntax-ns#type": ["https://registry.gdi-de.org/up3/ontology/Streckenabschnitt_optional"], "https://registry.gdi-de.org/up3/ontology/beginntBeiKnoten": ["https://registry.gdi-de.org/de.nw/radnetz/instances/Knoten_Wuppertal_116460102"], "https://registry.gdi-de.org/up3/ontology/endetBeiKnoten": ["https://registry.gdi-de.org/de.nw/radnetz/instances/Knoten_Wuppertal_116460101"], "https://registry.gdi-de.org/up3/ontology/fuehrung": ["https://registry.gdi-de.org/codelist/de.bund.balm.radnetz/Fuehrung/401"], "https://registry.gdi-de.org/up3/ontology/geometrieAbschnitt": ["https://registry.gdi-de.org/de.nw/radnetz/instances/Section_Wuppertal_1226558_593_right_geometry"], "https://registry.gdi-de.org/up3/ontology/licht": ["https://registry.gdi-de.org/codelist/de.bund.balm.radnetz/Licht/0"], "https://registry.gdi-de.org/up3/ontology/quell-ID": ["1226558"], "https://registry.gdi-de.org/up3/ontology/richtung": ["https://registry.gdi-de.org/codelist/de.bund.balm.radnetz/Richtung/2"], "https://registry.gdi-de.org/up3/ontology/steigung": ["0.3679753"], "https://registry.gdi-de.org/up3/ontology/strecken-ID": ["Section_Wuppertal_1226558_593_right"]}, "geometry": {"type": "LineString", "coordinates": [[7.2553339299, 51.2556506571, 177.68], [7.2554365932, 51.255653094, 0.0], [7.2555282238, 51.2556578467, 177.73]]}}, {"type": "Feature", "id": "https://registry.gdi-de.org/de.nw/radnetz/instances/Section_Wuppertal_1226699_617_right", "name": "", "dateprops": [], "properties": {"http://rdfs.org/ns/void#inDataset": ["https://registry.gdi-de.org/de.nw/radnetz/instances/exnw_dataset"], "http://www.opengis.net/ont/geosparql#hasGeometry": ["https://registry.gdi-de.org/de.nw/radnetz/instances/Section_Wuppertal_1226699_617_right_geometry"], "http://www.w3.org/1999/02/22-rdf-syntax-ns#type": ["https://registry.gdi-de.org/up3/ontology/Streckenabschnitt_optional"], "https://registry.gdi-de.org/up3/ontology/beginntBeiKnoten": ["https://registry.gdi-de.org/de.nw/radnetz/instances/Knoten_Wuppertal_111550102"], "https://registry.gdi-de.org/up3/ontology/endetBeiKnoten": ["https://registry.gdi-de.org/de.nw/radnetz/instances/Knoten_Wuppertal_111550101"], "https://registry.gdi-de.org/up3/ontology/fuehrung": ["https://registry.gdi-de.org/codelist/de.bund.balm.radnetz/Fuehrung/405"], "https://registry.gdi-de.org/up3/ontology/geometrieAbschnitt": ["https://registry.gdi-de.org/de.nw/radnetz/instances/Section_Wuppertal_1226699_617_right_geometry"], "https://registry.gdi-de.org/up3/ontology/licht": ["https://registry.gdi-de.org/codelist/de.bund.balm.radnetz/Licht/1"], "https://registry.gdi-de.org/up3/ontology/quell-ID": ["1226699"], "https://registry.gdi-de.org/up3/ontology/richtung": ["https://registry.gdi-de.org/codelist/de.bund.balm.radnetz/Richtung/2"], "https://registry.gdi-de.org/up3/ontology/steigung": ["1.826443"], "https://registry.gdi-de.org/up3/ontology/strecken-ID": ["Section_Wuppertal_1226699_617_right"]}, "geometry": {"type": "LineString", "coordinates": [[7.1816463133, 51.2900215616, 279.8], [7.1817334308, 51.2900509884, 0.0], [7.1818978454, 51.2901022987, 280.16]]}}, {"type": "Feature", "id": "https://registry.gdi-de.org/de.nw/radnetz/instances/Section_Wuppertal_1226444_575_right", "name": "", "dateprops": [], "properties": {"http://rdfs.org/ns/void#inDataset": ["https://registry.gdi-de.org/de.nw/radnetz/instances/exnw_dataset"], "http://www.opengis.net/ont/geosparql#hasGeometry": ["https://registry.gdi-de.org/de.nw/radnetz/instances/Section_Wuppertal_1226444_575_right_geometry"], "http://www.w3.org/1999/02/22-rdf-syntax-ns#type": ["https://registry.gdi-de.org/up3/ontology/Streckenabschnitt_optional"], "https://registry.gdi-de.org/up3/ontology/beginntBeiKnoten": ["https://registry.gdi-de.org/de.nw/radnetz/instances/Knoten_Wuppertal_114200203"], "https://registry.gdi-de.org/up3/ontology/endetBeiKnoten": ["https://registry.gdi-de.org/de.nw/radnetz/instances/Knoten_Wuppertal_114200204"], "https://registry.gdi-de.org/up3/ontology/geometrieAbschnitt": ["https://registry.gdi-de.org/de.nw/radnetz/instances/Section_Wuppertal_1226444_575_right_geometry"], "https://registry.gdi-de.org/up3/ontology/licht": ["https://registry.gdi-de.org/codelist/de.bund.balm.radnetz/Licht/1"], "https://registry.gdi-de.org/up3/ontology/quell-ID": ["1226444"], "https://registry.gdi-de.org/up3/ontology/richtung": ["https://registry.gdi-de.org/codelist/de.bund.balm.radnetz/Richtung/2"], "https://registry.gdi-de.org/up3/ontology/steigung": ["3.21285"], "https://registry.gdi-de.org/up3/ontology/strecken-ID": ["Section_Wuppertal_1226444_575_right"]}, "geometry": {"type": "LineString", "coordinates": [[7.1320843805, 51.2038305838, 284.34], [7.1324995022, 51.2041736457, 285.88]]}}, {"type": "Feature", "id": "https://registry.gdi-de.org/de.nw/radnetz/instances/Section_Wuppertal_1226321_559_right", "name": "", "dateprops": [], "properties": {"http://rdfs.org/ns/void#inDataset": ["https://registry.gdi-de.org/de.nw/radnetz/instances/exnw_dataset"], "http://www.opengis.net/ont/geosparql#hasGeometry": ["https://registry.gdi-de.org/de.nw/radnetz/instances/Section_Wuppertal_1226321_559_right_geometry"], "http://www.w3.org/1999/02/22-rdf-syntax-ns#type": ["https://registry.gdi-de.org/up3/ontology/Streckenabschnitt_optional"], "https://registry.gdi-de.org/up3/ontology/beginntBeiKnoten": ["https://registry.gdi-de.org/de.nw/radnetz/instances/Knoten_Wuppertal_4254"], "https://registry.gdi-de.org/up3/ontology/endetBeiKnoten": ["https://registry.gdi-de.org/de.nw/radnetz/instances/Knoten_Wuppertal_114200101"], "https://registry.gdi-de.org/up3/ontology/geometrieAbschnitt": ["https://registry.gdi-de.org/de.nw/radnetz/instances/Section_Wuppertal_1226321_559_right_geometry"], "https://registry.gdi-de.org/up3/ontology/licht": ["https://registry.gdi-de.org/codelist/de.bund.balm.radnetz/Licht/1"], "https://registry.gdi-de.org/up3/ontology/quell-ID": ["1226321"], "https://registry.gdi-de.org/up3/ontology/richtung": ["https://registry.gdi-de.org/codelist/de.bund.balm.radnetz/Richtung/2"], "https://registry.gdi-de.org/up3/ontology/steigung": ["4.954441"], "https://registry.gdi-de.org/up3/ontology/strecken-ID": ["Section_Wuppertal_1226321_559_right"]}, "geometry": {"type": "LineString", "coordinates": [[7.1314824241, 51.2015158954, 271.48], [7.131446575, 51.2018038906, 0.0], [7.1313840993, 51.2024846941, 276.83]]}}, {"type": "Feature", "id": "https://registry.gdi-de.org/de.nw/radnetz/instances/Section_Wuppertal_1224942_440_right", "name": "", "dateprops": [], "properties": {"http://rdfs.org/ns/void#inDataset": ["https://registry.gdi-de.org/de.nw/radnetz/instances/exnw_dataset"], "http://www.opengis.net/ont/geosparql#hasGeometry": ["https://registry.gdi-de.org/de.nw/radnetz/instances/Section_Wuppertal_1224942_440_right_geometry"], "http://www.w3.org/1999/02/22-rdf-syntax-ns#type": ["https://registry.gdi-de.org/up3/ontology/Streckenabschnitt_optional"], "https://registry.gdi-de.org/up3/ontology/beginntBeiKnoten": ["https://registry.gdi-de.org/de.nw/radnetz/instances/Knoten_Wuppertal_114700102"], "https://registry.gdi-de.org/up3/ontology/endetBeiKnoten": ["https://registry.gdi-de.org/de.nw/radnetz/instances/Knoten_Wuppertal_3412"], "https://registry.gdi-de.org/up3/ontology/fuehrung": ["https://registry.gdi-de.org/codelist/de.bund.balm.radnetz/Fuehrung/401"], "https://registry.gdi-de.org/up3/ontology/geometrieAbschnitt": ["https://registry.gdi-de.org/de.nw/radnetz/instances/Section_Wuppertal_1224942_440_right_geometry"], "https://registry.gdi-de.org/up3/ontology/licht": ["https://registry.gdi-de.org/codelist/de.bund.balm.radnetz/Licht/1"], "https://registry.gdi-de.org/up3/ontology/quell-ID": ["1224942"], "https://registry.gdi-de.org/up3/ontology/richtung": ["https://registry.gdi-de.org/codelist/de.bund.balm.radnetz/Richtung/2"], "https://registry.gdi-de.org/up3/ontology/steigung": ["0.1065405"], "https://registry.gdi-de.org/up3/ontology/strecken-ID": ["Section_Wuppertal_1224942_440_right"]}, "geometry": {"type": "LineString", "coordinates": [[7.1068040112, 51.2698012009, 241.17], [7.1068269202, 51.2698121204, 0.0], [7.1074591832, 51.2702251542, 241.24]]}}, {"type": "Feature", "id": "https://registry.gdi-de.org/de.nw/radnetz/instances/Section_Wuppertal_1223990_1034_right", "name": "", "dateprops": [], "properties": {"http://rdfs.org/ns/void#inDataset": ["https://registry.gdi-de.org/de.nw/radnetz/instances/exnw_dataset"], "http://www.opengis.net/ont/geosparql#hasGeometry": ["https://registry.gdi-de.org/de.nw/radnetz/instances/Section_Wuppertal_1223990_1034_right_geometry"], "http://www.w3.org/1999/02/22-rdf-syntax-ns#type": ["https://registry.gdi-de.org/up3/ontology/Streckenabschnitt_optional"], "https://registry.gdi-de.org/up3/ontology/beginntBeiKnoten": ["https://registry.gdi-de.org/de.nw/radnetz/instances/Knoten_Wuppertal_4345"], "https://registry.gdi-de.org/up3/ontology/endetBeiKnoten": ["https://registry.gdi-de.org/de.nw/radnetz/instances/Knoten_Wuppertal_112760102"], "https://registry.gdi-de.org/up3/ontology/geometrieAbschnitt": ["https://registry.gdi-de.org/de.nw/radnetz/instances/Section_Wuppertal_1223990_1034_right_geometry"], "https://registry.gdi-de.org/up3/ontology/licht": ["https://registry.gdi-de.org/codelist/de.bund.balm.radnetz/Licht/1"], "https://registry.gdi-de.org/up3/ontology/quell-ID": ["1223990"], "https://registry.gdi-de.org/up3/ontology/richtung": ["https://registry.gdi-de.org/codelist/de.bund.balm.radnetz/Richtung/2"], "https://registry.gdi-de.org/up3/ontology/steigung": ["6.879708"], "https://registry.gdi-de.org/up3/ontology/strecken-ID": ["Section_Wuppertal_1223990_1034_right"]}, "geometry": {"type": "LineString", "coordinates": [[7.1303203612, 51.2699049552, 0.0], [7.1303129099, 51.2699451991, 0.0], [7.130304144, 51.2700220977, 0.0]]}}, {"type": "Feature", "id": "https://registry.gdi-de.org/de.nw/radnetz/instances/Section_Wuppertal_1225656_929_right", "name": "", "dateprops": [], "properties": {"http://rdfs.org/ns/void#inDataset": ["https://registry.gdi-de.org/de.nw/radnetz/instances/exnw_dataset"], "http://www.opengis.net/ont/geosparql#hasGeometry": ["https://registry.gdi-de.org/de.nw/radnetz/instances/Section_Wuppertal_1225656_929_right_geometry"], "http://www.w3.org/1999/02/22-rdf-syntax-ns#type": ["https://registry.gdi-de.org/up3/ontology/Streckenabschnitt_optional"], "https://registry.gdi-de.org/up3/ontology/beginntBeiKnoten": ["https://registry.gdi-de.org/de.nw/radnetz/instances/Knoten_Wuppertal_116140102"], "https://registry.gdi-de.org/up3/ontology/endetBeiKnoten": ["https://registry.gdi-de.org/de.nw/radnetz/instances/Knoten_Wuppertal_116140101"], "https://registry.gdi-de.org/up3/ontology/fuehrung": ["https://registry.gdi-de.org/codelist/de.bund.balm.radnetz/Fuehrung/401"], "https://registry.gdi-de.org/up3/ontology/geometrieAbschnitt": ["https://registry.gdi-de.org/de.nw/radnetz/instances/Section_Wuppertal_1225656_929_right_geometry"], "https://registry.gdi-de.org/up3/ontology/licht": ["https://registry.gdi-de.org/codelist/de.bund.balm.radnetz/Licht/1"], "https://registry.gdi-de.org/up3/ontology/quell-ID": ["1225656"], "https://registry.gdi-de.org/up3/ontology/richtung": ["https://registry.gdi-de.org/codelist/de.bund.balm.radnetz/Richtung/2"], "https://registry.gdi-de.org/up3/ontology/steigung": ["5.795625"], "https://registry.gdi-de.org/up3/ontology/strecken-ID": ["Section_Wuppertal_1225656_929_right"]}, "geometry": {"type": "LineString", "coordinates": [[7.2522986182, 51.307698137, 299.21], [7.2522556043, 51.3078367011, 300.12]]}}, {"type": "Feature", "id": "https://registry.gdi-de.org/de.nw/radnetz/instances/Section_Wuppertal_1226178_545_right", "name": "", "dateprops": [], "properties": {"http://rdfs.org/ns/void#inDataset": ["https://registry.gdi-de.org/de.nw/radnetz/instances/exnw_dataset"], "http://www.opengis.net/ont/geosparql#hasGeometry": ["https://registry.gdi-de.org/de.nw/radnetz/instances/Section_Wuppertal_1226178_545_right_geometry"], "http://www.w3.org/1999/02/22-rdf-syntax-ns#type": ["https://registry.gdi-de.org/up3/ontology/Streckenabschnitt_optional"], "https://registry.gdi-de.org/up3/ontology/beginntBeiKnoten": ["https://registry.gdi-de.org/de.nw/radnetz/instances/Knoten_Wuppertal_113540102"], "https://registry.gdi-de.org/up3/ontology/endetBeiKnoten": ["https://registry.gdi-de.org/de.nw/radnetz/instances/Knoten_Wuppertal_113540101"], "https://registry.gdi-de.org/up3/ontology/fuehrung": ["https://registry.gdi-de.org/codelist/de.bund.balm.radnetz/Fuehrung/401"], "https://registry.gdi-de.org/up3/ontology/geometrieAbschnitt": ["https://registry.gdi-de.org/de.nw/radnetz/instances/Section_Wuppertal_1226178_545_right_geometry"], "https://registry.gdi-de.org/up3/ontology/licht": ["https://registry.gdi-de.org/codelist/de.bund.balm.radnetz/Licht/1"], "https://registry.gdi-de.org/up3/ontology/quell-ID": ["1226178"], "https://registry.gdi-de.org/up3/ontology/richtung": ["https://registry.gdi-de.org/codelist/de.bund.balm.radnetz/Richtung/2"], "https://registry.gdi-de.org/up3/ontology/steigung": ["4.348501"], "https://registry.gdi-de.org/up3/ontology/strecken-ID": ["Section_Wuppertal_1226178_545_right"]}, "geometry": {"type": "LineString", "coordinates": [[7.0601602853, 51.2203595719, 218.84], [7.0601661962, 51.2199502416, 220.82]]}}, {"type": "Feature", "id": "https://registry.gdi-de.org/de.nw/radnetz/instances/Section_Wuppertal_1225954_930_right", "name": "", "dateprops": [], "properties": {"http://rdfs.org/ns/void#inDataset": ["https://registry.gdi-de.org/de.nw/radnetz/instances/exnw_dataset"], "http://www.opengis.net/ont/geosparql#hasGeometry": ["https://registry.gdi-de.org/de.nw/radnetz/instances/Section_Wuppertal_1225954_930_right_geometry"], "http://www.w3.org/1999/02/22-rdf-syntax-ns#type": ["https://registry.gdi-de.org/up3/ontology/Streckenabschnitt_optional"], "https://registry.gdi-de.org/up3/ontology/beginntBeiKnoten": ["https://registry.gdi-de.org/de.nw/radnetz/instances/Knoten_Wuppertal_116150101"], "https://registry.gdi-de.org/up3/ontology/endetBeiKnoten": ["https://registry.gdi-de.org/de.nw/radnetz/instances/Knoten_Wuppertal_116150103"], "https://registry.gdi-de.org/up3/ontology/geometrieAbschnitt": ["https://registry.gdi-de.org/de.nw/radnetz/instances/Section_Wuppertal_1225954_930_right_geometry"], "https://registry.gdi-de.org/up3/ontology/licht": ["https://registry.gdi-de.org/codelist/de.bund.balm.radnetz/Licht/1"], "https://registry.gdi-de.org/up3/ontology/quell-ID": ["1225954"], "https://registry.gdi-de.org/up3/ontology/richtung": ["https://registry.gdi-de.org/codelist/de.bund.balm.radnetz/Richtung/2"], "https://registry.gdi-de.org/up3/ontology/steigung": ["1.638489"], "https://registry.gdi-de.org/up3/ontology/strecken-ID": ["Section_Wuppertal_1225954_930_right"]}, "geometry": {"type": "LineString", "coordinates": [[7.249065522, 51.3111552552, 319.68], [7.2490363491, 51.3112355035, 319.83]]}}, {"type": "Feature", "id": "https://registry.gdi-de.org/de.nw/radnetz/instances/Section_Wuppertal_876_22_right", "name": "", "dateprops": [], "properties": {"http://rdfs.org/ns/void#inDataset": ["https://registry.gdi-de.org/de.nw/radnetz/instances/exnw_dataset"], "http://www.opengis.net/ont/geosparql#hasGeometry": ["https://registry.gdi-de.org/de.nw/radnetz/instances/Section_Wuppertal_876_22_right_geometry"], "http://www.w3.org/1999/02/22-rdf-syntax-ns#type": ["https://registry.gdi-de.org/up3/ontology/Streckenabschnitt_optional"], "https://registry.gdi-de.org/up3/ontology/beginntBeiKnoten": ["https://registry.gdi-de.org/de.nw/radnetz/instances/Knoten_Wuppertal_4935"], "https://registry.gdi-de.org/up3/ontology/endetBeiKnoten": ["https://registry.gdi-de.org/de.nw/radnetz/instances/Knoten_Wuppertal_5053"], "https://registry.gdi-de.org/up3/ontology/geometrieAbschnitt": ["https://registry.gdi-de.org/de.nw/radnetz/instances/Section_Wuppertal_876_22_right_geometry"], "https://registry.gdi-de.org/up3/ontology/licht": ["https://registry.gdi-de.org/codelist/de.bund.balm.radnetz/Licht/1"], "https://registry.gdi-de.org/up3/ontology/quell-ID": ["876"], "https://registry.gdi-de.org/up3/ontology/richtung": ["https://registry.gdi-de.org/codelist/de.bund.balm.radnetz/Richtung/2"], "https://registry.gdi-de.org/up3/ontology/steigung": ["2.109606"], "https://registry.gdi-de.org/up3/ontology/strecken-ID": ["Section_Wuppertal_876_22_right"]}, "geometry": {"type": "LineString", "coordinates": [[7.1430018349, 51.2546994662, 144.78], [7.1440440245, 51.2545544708, 0.0], [7.1446462299, 51.254575574, 147.24]]}}, {"type": "Feature", "id": "https://registry.gdi-de.org/de.nw/radnetz/instances/Section_Wuppertal_32_1_right", "name": "", "dateprops": [], "properties": {"http://rdfs.org/ns/void#inDataset": ["https://registry.gdi-de.org/de.nw/radnetz/instances/exnw_dataset"], "http://www.opengis.net/ont/geosparql#hasGeometry": ["https://registry.gdi-de.org/de.nw/radnetz/instances/Section_Wuppertal_32_1_right_geometry"], "http://www.w3.org/1999/02/22-rdf-syntax-ns#type": ["https://registry.gdi-de.org/up3/ontology/Streckenabschnitt_optional"], "https://registry.gdi-de.org/up3/ontology/beginntBeiKnoten": ["https://registry.gdi-de.org/de.nw/radnetz/instances/Knoten_Wuppertal_2662"], "https://registry.gdi-de.org/up3/ontology/endetBeiKnoten": ["https://registry.gdi-de.org/de.nw/radnetz/instances/Knoten_Wuppertal_2655"], "https://registry.gdi-de.org/up3/ontology/fuehrung": ["https://registry.gdi-de.org/codelist/de.bund.balm.radnetz/Fuehrung/405"], "https://registry.gdi-de.org/up3/ontology/geometrieAbschnitt": ["https://registry.gdi-de.org/de.nw/radnetz/instances/Section_Wuppertal_32_1_right_geometry"], "https://registry.gdi-de.org/up3/ontology/licht": ["https://registry.gdi-de.org/codelist/de.bund.balm.radnetz/Licht/1"], "https://registry.gdi-de.org/up3/ontology/quell-ID": ["32"], "https://registry.gdi-de.org/up3/ontology/richtung": ["https://registry.gdi-de.org/codelist/de.bund.balm.radnetz/Richtung/2"], "https://registry.gdi-de.org/up3/ontology/steigung": ["3.148105"], "https://registry.gdi-de.org/up3/ontology/strecken-ID": ["Section_Wuppertal_32_1_right"]}, "geometry": {"type": "LineString", "coordinates": [[7.0723585824, 51.2515498054, 184.52], [7.072035535, 51.2510097473, 186.54]]}}, {"type": "Feature", "id": "https://registry.gdi-de.org/de.nw/radnetz/instances/Section_Wuppertal_1225187_455_right", "name": "", "dateprops": [], "properties": {"http://rdfs.org/ns/void#inDataset": ["https://registry.gdi-de.org/de.nw/radnetz/instances/exnw_dataset"], "http://www.opengis.net/ont/geosparql#hasGeometry": ["https://registry.gdi-de.org/de.nw/radnetz/instances/Section_Wuppertal_1225187_455_right_geometry"], "http://www.w3.org/1999/02/22-rdf-syntax-ns#type": ["https://registry.gdi-de.org/up3/ontology/Streckenabschnitt_optional"], "https://registry.gdi-de.org/up3/ontology/beginntBeiKnoten": ["https://registry.gdi-de.org/de.nw/radnetz/instances/Knoten_Wuppertal_116420101"], "https://registry.gdi-de.org/up3/ontology/endetBeiKnoten": ["https://registry.gdi-de.org/de.nw/radnetz/instances/Knoten_Wuppertal_8951"], "https://registry.gdi-de.org/up3/ontology/fuehrung": ["https://registry.gdi-de.org/codelist/de.bund.balm.radnetz/Fuehrung/401"], "https://registry.gdi-de.org/up3/ontology/geometrieAbschnitt": ["https://registry.gdi-de.org/de.nw/radnetz/instances/Section_Wuppertal_1225187_455_right_geometry"], "https://registry.gdi-de.org/up3/ontology/licht": ["https://registry.gdi-de.org/codelist/de.bund.balm.radnetz/Licht/1"], "https://registry.gdi-de.org/up3/ontology/quell-ID": ["1225187"], "https://registry.gdi-de.org/up3/ontology/richtung": ["https://registry.gdi-de.org/codelist/de.bund.balm.radnetz/Richtung/2"], "https://registry.gdi-de.org/up3/ontology/steigung": ["0.6051153"], "https://registry.gdi-de.org/up3/ontology/strecken-ID": ["Section_Wuppertal_1225187_455_right"]}, "geometry": {"type": "LineString", "coordinates": [[7.2367780363, 51.2636747245, 168.92], [7.2364472649, 51.2632141693, 169.26]]}}, {"type": "Feature", "id": "https://registry.gdi-de.org/de.nw/radnetz/instances/Section_Wuppertal_1229721_1060_right", "name": "", "dateprops": [], "properties": {"http://rdfs.org/ns/void#inDataset": ["https://registry.gdi-de.org/de.nw/radnetz/instances/exnw_dataset"], "http://www.opengis.net/ont/geosparql#hasGeometry": ["https://registry.gdi-de.org/de.nw/radnetz/instances/Section_Wuppertal_1229721_1060_right_geometry"], "http://www.w3.org/1999/02/22-rdf-syntax-ns#type": ["https://registry.gdi-de.org/up3/ontology/Streckenabschnitt_optional"], "https://registry.gdi-de.org/up3/ontology/beginntBeiKnoten": ["https://registry.gdi-de.org/de.nw/radnetz/instances/Knoten_Wuppertal_112090101"], "https://registry.gdi-de.org/up3/ontology/endetBeiKnoten": ["https://registry.gdi-de.org/de.nw/radnetz/instances/Knoten_Wuppertal_1189691210"], "https://registry.gdi-de.org/up3/ontology/geometrieAbschnitt": ["https://registry.gdi-de.org/de.nw/radnetz/instances/Section_Wuppertal_1229721_1060_right_geometry"], "https://registry.gdi-de.org/up3/ontology/licht": ["https://registry.gdi-de.org/codelist/de.bund.balm.radnetz/Licht/1"], "https://registry.gdi-de.org/up3/ontology/quell-ID": ["1229721"], "https://registry.gdi-de.org/up3/ontology/richtung": ["https://registry.gdi-de.org/codelist/de.bund.balm.radnetz/Richtung/2"], "https://registry.gdi-de.org/up3/ontology/steigung": ["2.174175"], "https://registry.gdi-de.org/up3/ontology/strecken-ID": ["Section_Wuppertal_1229721_1060_right"]}, "geometry": {"type": "LineString", "coordinates": [[7.1685022625, 51.2803173631, 0.0], [7.168731901, 51.2804144191, 0.0]]}}, {"type": "Feature", "id": "https://registry.gdi-de.org/de.nw/radnetz/instances/Section_Wuppertal_1224049_401_right", "name": "", "dateprops": [], "properties": {"http://rdfs.org/ns/void#inDataset": ["https://registry.gdi-de.org/de.nw/radnetz/instances/exnw_dataset"], "http://www.opengis.net/ont/geosparql#hasGeometry": ["https://registry.gdi-de.org/de.nw/radnetz/instances/Section_Wuppertal_1224049_401_right_geometry"], "http://www.w3.org/1999/02/22-rdf-syntax-ns#type": ["https://registry.gdi-de.org/up3/ontology/Streckenabschnitt_optional"], "https://registry.gdi-de.org/up3/ontology/beginntBeiKnoten": ["https://registry.gdi-de.org/de.nw/radnetz/instances/Knoten_Wuppertal_4274"], "https://registry.gdi-de.org/up3/ontology/endetBeiKnoten": ["https://registry.gdi-de.org/de.nw/radnetz/instances/Knoten_Wuppertal_114200203"], "https://registry.gdi-de.org/up3/ontology/geometrieAbschnitt": ["https://registry.gdi-de.org/de.nw/radnetz/instances/Section_Wuppertal_1224049_401_right_geometry"], "https://registry.gdi-de.org/up3/ontology/licht": ["https://registry.gdi-de.org/codelist/de.bund.balm.radnetz/Licht/1"], "https://registry.gdi-de.org/up3/ontology/quell-ID": ["1224049"], "https://registry.gdi-de.org/up3/ontology/richtung": ["https://registry.gdi-de.org/codelist/de.bund.balm.radnetz/Richtung/2"], "https://registry.gdi-de.org/up3/ontology/steigung": ["3.363595"], "https://registry.gdi-de.org/up3/ontology/strecken-ID": ["Section_Wuppertal_1224049_401_right"]}, "geometry": {"type": "LineString", "coordinates": [[7.1317831348, 51.2035816255, 283.17], [7.1320843805, 51.2038305838, 284.34]]}}, {"type": "Feature", "id": "https://registry.gdi-de.org/de.nw/radnetz/instances/Section_Wuppertal_1222777_292_right", "name": "", "dateprops": [], "properties": {"http://rdfs.org/ns/void#inDataset": ["https://registry.gdi-de.org/de.nw/radnetz/instances/exnw_dataset"], "http://www.opengis.net/ont/geosparql#hasGeometry": ["https://registry.gdi-de.org/de.nw/radnetz/instances/Section_Wuppertal_1222777_292_right_geometry"], "http://www.w3.org/1999/02/22-rdf-syntax-ns#type": ["https://registry.gdi-de.org/up3/ontology/Streckenabschnitt_optional"], "https://registry.gdi-de.org/up3/ontology/beginntBeiKnoten": ["https://registry.gdi-de.org/de.nw/radnetz/instances/Knoten_Wuppertal_60176"], "https://registry.gdi-de.org/up3/ontology/endetBeiKnoten": ["https://registry.gdi-de.org/de.nw/radnetz/instances/Knoten_Wuppertal_60175"], "https://registry.gdi-de.org/up3/ontology/fuehrung": ["https://registry.gdi-de.org/codelist/de.bund.balm.radnetz/Fuehrung/401"], "https://registry.gdi-de.org/up3/ontology/geometrieAbschnitt": ["https://registry.gdi-de.org/de.nw/radnetz/instances/Section_Wuppertal_1222777_292_right_geometry"], "https://registry.gdi-de.org/up3/ontology/licht": ["https://registry.gdi-de.org/codelist/de.bund.balm.radnetz/Licht/1"], "https://registry.gdi-de.org/up3/ontology/quell-ID": ["1222777"], "https://registry.gdi-de.org/up3/ontology/richtung": ["https://registry.gdi-de.org/codelist/de.bund.balm.radnetz/Richtung/2"], "https://registry.gdi-de.org/up3/ontology/steigung": ["4.675849"], "https://registry.gdi-de.org/up3/ontology/strecken-ID": ["Section_Wuppertal_1222777_292_right"]}, "geometry": {"type": "LineString", "coordinates": [[7.0755450969, 51.2534177505, 189.66], [7.0761403072, 51.2535186104, 0.0], [7.0761955193, 51.2535287415, 191.86]]}}, {"type": "Feature", "id": "https://registry.gdi-de.org/de.nw/radnetz/instances/Section_Wuppertal_1226899_1065_right", "name": "", "dateprops": [], "properties": {"http://rdfs.org/ns/void#inDataset": ["https://registry.gdi-de.org/de.nw/radnetz/instances/exnw_dataset"], "http://www.opengis.net/ont/geosparql#hasGeometry": ["https://registry.gdi-de.org/de.nw/radnetz/instances/Section_Wuppertal_1226899_1065_right_geometry"], "http://www.w3.org/1999/02/22-rdf-syntax-ns#type": ["https://registry.gdi-de.org/up3/ontology/Streckenabschnitt_optional"], "https://registry.gdi-de.org/up3/ontology/beginntBeiKnoten": ["https://registry.gdi-de.org/de.nw/radnetz/instances/Knoten_Wuppertal_6363"], "https://registry.gdi-de.org/up3/ontology/endetBeiKnoten": ["https://registry.gdi-de.org/de.nw/radnetz/instances/Knoten_Wuppertal_112100101"], "https://registry.gdi-de.org/up3/ontology/geometrieAbschnitt": ["https://registry.gdi-de.org/de.nw/radnetz/instances/Section_Wuppertal_1226899_1065_right_geometry"], "https://registry.gdi-de.org/up3/ontology/licht": ["https://registry.gdi-de.org/codelist/de.bund.balm.radnetz/Licht/1"], "https://registry.gdi-de.org/up3/ontology/quell-ID": ["1226899"], "https://registry.gdi-de.org/up3/ontology/richtung": ["https://registry.gdi-de.org/codelist/de.bund.balm.radnetz/Richtung/2"], "https://registry.gdi-de.org/up3/ontology/steigung": ["3.268259"], "https://registry.gdi-de.org/up3/ontology/strecken-ID": ["Section_Wuppertal_1226899_1065_right"]}, "geometry": {"type": "LineString", "coordinates": [[7.1717576171, 51.2816920893, 0.0], [7.1719612945, 51.281863311, 0.0], [7.1720292058, 51.2819274677, 0.0], [7.1721055695, 51.2820089161, 0.0]]}}, {"type": "Feature", "id": "https://registry.gdi-de.org/de.nw/radnetz/instances/Section_Wuppertal_1225852_962_right", "name": "", "dateprops": [], "properties": {"http://rdfs.org/ns/void#inDataset": ["https://registry.gdi-de.org/de.nw/radnetz/instances/exnw_dataset"], "http://www.opengis.net/ont/geosparql#hasGeometry": ["https://registry.gdi-de.org/de.nw/radnetz/instances/Section_Wuppertal_1225852_962_right_geometry"], "http://www.w3.org/1999/02/22-rdf-syntax-ns#type": ["https://registry.gdi-de.org/up3/ontology/Streckenabschnitt_optional"], "https://registry.gdi-de.org/up3/ontology/beginntBeiKnoten": ["https://registry.gdi-de.org/de.nw/radnetz/instances/Knoten_Wuppertal_112720201"], "https://registry.gdi-de.org/up3/ontology/endetBeiKnoten": ["https://registry.gdi-de.org/de.nw/radnetz/instances/Knoten_Wuppertal_5014"], "https://registry.gdi-de.org/up3/ontology/geometrieAbschnitt": ["https://registry.gdi-de.org/de.nw/radnetz/instances/Section_Wuppertal_1225852_962_right_geometry"], "https://registry.gdi-de.org/up3/ontology/licht": ["https://registry.gdi-de.org/codelist/de.bund.balm.radnetz/Licht/1"], "https://registry.gdi-de.org/up3/ontology/quell-ID": ["1225852"], "https://registry.gdi-de.org/up3/ontology/richtung": ["https://registry.gdi-de.org/codelist/de.bund.balm.radnetz/Richtung/2"], "https://registry.gdi-de.org/up3/ontology/steigung": ["1.560113"], "https://registry.gdi-de.org/up3/ontology/strecken-ID": ["Section_Wuppertal_1225852_962_right"]}, "geometry": {"type": "LineString", "coordinates": [[7.1408113093, 51.2656663623, 0.0], [7.1410152934, 51.2657027475, 0.0], [7.1435457019, 51.266179068, 0.0], [7.1437330865, 51.2662143389, 0.0]]}}, {"type": "Feature", "id": "https://registry.gdi-de.org/de.nw/radnetz/instances/Section_Wuppertal_202_953_right", "name": "", "dateprops": [], "properties": {"http://rdfs.org/ns/void#inDataset": ["https://registry.gdi-de.org/de.nw/radnetz/instances/exnw_dataset"], "http://www.opengis.net/ont/geosparql#hasGeometry": ["https://registry.gdi-de.org/de.nw/radnetz/instances/Section_Wuppertal_202_953_right_geometry"], "http://www.w3.org/1999/02/22-rdf-syntax-ns#type": ["https://registry.gdi-de.org/up3/ontology/Streckenabschnitt_optional"], "https://registry.gdi-de.org/up3/ontology/beginntBeiKnoten": ["https://registry.gdi-de.org/de.nw/radnetz/instances/Knoten_Wuppertal_5328"], "https://registry.gdi-de.org/up3/ontology/endetBeiKnoten": ["https://registry.gdi-de.org/de.nw/radnetz/instances/Knoten_Wuppertal_5292"], "https://registry.gdi-de.org/up3/ontology/geometrieAbschnitt": ["https://registry.gdi-de.org/de.nw/radnetz/instances/Section_Wuppertal_202_953_right_geometry"], "https://registry.gdi-de.org/up3/ontology/licht": ["https://registry.gdi-de.org/codelist/de.bund.balm.radnetz/Licht/1"], "https://registry.gdi-de.org/up3/ontology/quell-ID": ["202"], "https://registry.gdi-de.org/up3/ontology/richtung": ["https://registry.gdi-de.org/codelist/de.bund.balm.radnetz/Richtung/2"], "https://registry.gdi-de.org/up3/ontology/steigung": ["2.990522"], "https://registry.gdi-de.org/up3/ontology/strecken-ID": ["Section_Wuppertal_202_953_right"]}, "geometry": {"type": "LineString", "coordinates": [[7.1492355688, 51.2557196365, 0.0], [7.1485745326, 51.2555279468, 0.0]]}}, {"type": "Feature", "id": "https://registry.gdi-de.org/de.nw/radnetz/instances/Section_Wuppertal_1226461_579_right", "name": "", "dateprops": [], "properties": {"http://rdfs.org/ns/void#inDataset": ["https://registry.gdi-de.org/de.nw/radnetz/instances/exnw_dataset"], "http://www.opengis.net/ont/geosparql#hasGeometry": ["https://registry.gdi-de.org/de.nw/radnetz/instances/Section_Wuppertal_1226461_579_right_geometry"], "http://www.w3.org/1999/02/22-rdf-syntax-ns#type": ["https://registry.gdi-de.org/up3/ontology/Streckenabschnitt_optional"], "https://registry.gdi-de.org/up3/ontology/beginntBeiKnoten": ["https://registry.gdi-de.org/de.nw/radnetz/instances/Knoten_Wuppertal_2760"], "https://registry.gdi-de.org/up3/ontology/endetBeiKnoten": ["https://registry.gdi-de.org/de.nw/radnetz/instances/Knoten_Wuppertal_113250101"], "https://registry.gdi-de.org/up3/ontology/fuehrung": ["https://registry.gdi-de.org/codelist/de.bund.balm.radnetz/Fuehrung/401"], "https://registry.gdi-de.org/up3/ontology/geometrieAbschnitt": ["https://registry.gdi-de.org/de.nw/radnetz/instances/Section_Wuppertal_1226461_579_right_geometry"], "https://registry.gdi-de.org/up3/ontology/licht": ["https://registry.gdi-de.org/codelist/de.bund.balm.radnetz/Licht/1"], "https://registry.gdi-de.org/up3/ontology/quell-ID": ["1226461"], "https://registry.gdi-de.org/up3/ontology/richtung": ["https://registry.gdi-de.org/codelist/de.bund.balm.radnetz/Richtung/2"], "https://registry.gdi-de.org/up3/ontology/steigung": ["4.267069"], "https://registry.gdi-de.org/up3/ontology/strecken-ID": ["Section_Wuppertal_1226461_579_right"]}, "geometry": {"type": "LineString", "coordinates": [[7.0766483313, 51.2536159507, 193.73], [7.0785963316, 51.2539985949, 0.0], [7.0804823251, 51.2544037578, 0.0], [7.0811043027, 51.2546264782, 207.88]]}}, {"type": "Feature", "id": "https://registry.gdi-de.org/de.nw/radnetz/instances/Section_Wuppertal_1226269_551_right", "name": "", "dateprops": [], "properties": {"http://rdfs.org/ns/void#inDataset": ["https://registry.gdi-de.org/de.nw/radnetz/instances/exnw_dataset"], "http://www.opengis.net/ont/geosparql#hasGeometry": ["https://registry.gdi-de.org/de.nw/radnetz/instances/Section_Wuppertal_1226269_551_right_geometry"], "http://www.w3.org/1999/02/22-rdf-syntax-ns#type": ["https://registry.gdi-de.org/up3/ontology/Streckenabschnitt_optional"], "https://registry.gdi-de.org/up3/ontology/beginntBeiKnoten": ["https://registry.gdi-de.org/de.nw/radnetz/instances/Knoten_Wuppertal_3425"], "https://registry.gdi-de.org/up3/ontology/endetBeiKnoten": ["https://registry.gdi-de.org/de.nw/radnetz/instances/Knoten_Wuppertal_113700101"], "https://registry.gdi-de.org/up3/ontology/geometrieAbschnitt": ["https://registry.gdi-de.org/de.nw/radnetz/instances/Section_Wuppertal_1226269_551_right_geometry"], "https://registry.gdi-de.org/up3/ontology/licht": ["https://registry.gdi-de.org/codelist/de.bund.balm.radnetz/Licht/1"], "https://registry.gdi-de.org/up3/ontology/quell-ID": ["1226269"], "https://registry.gdi-de.org/up3/ontology/richtung": ["https://registry.gdi-de.org/codelist/de.bund.balm.radnetz/Richtung/2"], "https://registry.gdi-de.org/up3/ontology/steigung": ["3.81115"], "https://registry.gdi-de.org/up3/ontology/strecken-ID": ["Section_Wuppertal_1226269_551_right"]}, "geometry": {"type": "LineString", "coordinates": [[7.1081009924, 51.2633770338, 194.77], [7.108762223, 51.2628763163, 0.0], [7.1090491463, 51.2627262767, 198.52]]}}, {"type": "Feature", "id": "https://registry.gdi-de.org/de.nw/radnetz/instances/Section_Wuppertal_11465_240_right", "name": "", "dateprops": [], "properties": {"http://rdfs.org/ns/void#inDataset": ["https://registry.gdi-de.org/de.nw/radnetz/instances/exnw_dataset"], "http://www.opengis.net/ont/geosparql#hasGeometry": ["https://registry.gdi-de.org/de.nw/radnetz/instances/Section_Wuppertal_11465_240_right_geometry"], "http://www.w3.org/1999/02/22-rdf-syntax-ns#type": ["https://registry.gdi-de.org/up3/ontology/Streckenabschnitt_optional"], "https://registry.gdi-de.org/up3/ontology/beginntBeiKnoten": ["https://registry.gdi-de.org/de.nw/radnetz/instances/Knoten_Wuppertal_4246"], "https://registry.gdi-de.org/up3/ontology/endetBeiKnoten": ["https://registry.gdi-de.org/de.nw/radnetz/instances/Knoten_Wuppertal_4247"], "https://registry.gdi-de.org/up3/ontology/geometrieAbschnitt": ["https://registry.gdi-de.org/de.nw/radnetz/instances/Section_Wuppertal_11465_240_right_geometry"], "https://registry.gdi-de.org/up3/ontology/licht": ["https://registry.gdi-de.org/codelist/de.bund.balm.radnetz/Licht/1"], "https://registry.gdi-de.org/up3/ontology/quell-ID": ["11465"], "https://registry.gdi-de.org/up3/ontology/richtung": ["https://registry.gdi-de.org/codelist/de.bund.balm.radnetz/Richtung/2"], "https://registry.gdi-de.org/up3/ontology/steigung": ["5.637973"], "https://registry.gdi-de.org/up3/ontology/strecken-ID": ["Section_Wuppertal_11465_240_right"]}, "geometry": {"type": "LineString", "coordinates": [[7.1313464722, 51.2028947051, 279.13], [7.1313641234, 51.2032884148, 281.6]]}}, {"type": "Feature", "id": "https://registry.gdi-de.org/de.nw/radnetz/instances/Section_Wuppertal_1225988_529_right", "name": "", "dateprops": [], "properties": {"http://rdfs.org/ns/void#inDataset": ["https://registry.gdi-de.org/de.nw/radnetz/instances/exnw_dataset"], "http://www.opengis.net/ont/geosparql#hasGeometry": ["https://registry.gdi-de.org/de.nw/radnetz/instances/Section_Wuppertal_1225988_529_right_geometry"], "http://www.w3.org/1999/02/22-rdf-syntax-ns#type": ["https://registry.gdi-de.org/up3/ontology/Streckenabschnitt_optional"], "https://registry.gdi-de.org/up3/ontology/beginntBeiKnoten": ["https://registry.gdi-de.org/de.nw/radnetz/instances/Knoten_Wuppertal_60227"], "https://registry.gdi-de.org/up3/ontology/endetBeiKnoten": ["https://registry.gdi-de.org/de.nw/radnetz/instances/Knoten_Wuppertal_113780101"], "https://registry.gdi-de.org/up3/ontology/fuehrung": ["https://registry.gdi-de.org/codelist/de.bund.balm.radnetz/Fuehrung/200"], "https://registry.gdi-de.org/up3/ontology/geometrieAbschnitt": ["https://registry.gdi-de.org/de.nw/radnetz/instances/Section_Wuppertal_1225988_529_right_geometry"], "https://registry.gdi-de.org/up3/ontology/licht": ["https://registry.gdi-de.org/codelist/de.bund.balm.radnetz/Licht/1"], "https://registry.gdi-de.org/up3/ontology/quell-ID": ["1225988"], "https://registry.gdi-de.org/up3/ontology/richtung": ["https://registry.gdi-de.org/codelist/de.bund.balm.radnetz/Richtung/2"], "https://registry.gdi-de.org/up3/ontology/steigung": ["5.769837"], "https://registry.gdi-de.org/up3/ontology/strecken-ID": ["Section_Wuppertal_1225988_529_right"]}, "geometry": {"type": "LineString", "coordinates": [[7.1123974754, 51.2599248802, 187.41], [7.1125087145, 51.2599916705, 188.03]]}}, {"type": "Feature", "id": "https://registry.gdi-de.org/de.nw/radnetz/instances/Section_Wuppertal_1225897_519_right", "name": "", "dateprops": [], "properties": {"http://rdfs.org/ns/void#inDataset": ["https://registry.gdi-de.org/de.nw/radnetz/instances/exnw_dataset"], "http://www.opengis.net/ont/geosparql#hasGeometry": ["https://registry.gdi-de.org/de.nw/radnetz/instances/Section_Wuppertal_1225897_519_right_geometry"], "http://www.w3.org/1999/02/22-rdf-syntax-ns#type": ["https://registry.gdi-de.org/up3/ontology/Streckenabschnitt_optional"], "https://registry.gdi-de.org/up3/ontology/beginntBeiKnoten": ["https://registry.gdi-de.org/de.nw/radnetz/instances/Knoten_Wuppertal_114200102"], "https://registry.gdi-de.org/up3/ontology/endetBeiKnoten": ["https://registry.gdi-de.org/de.nw/radnetz/instances/Knoten_Wuppertal_4246"], "https://registry.gdi-de.org/up3/ontology/geometrieAbschnitt": ["https://registry.gdi-de.org/de.nw/radnetz/instances/Section_Wuppertal_1225897_519_right_geometry"], "https://registry.gdi-de.org/up3/ontology/licht": ["https://registry.gdi-de.org/codelist/de.bund.balm.radnetz/Licht/1"], "https://registry.gdi-de.org/up3/ontology/quell-ID": ["1225897"], "https://registry.gdi-de.org/up3/ontology/richtung": ["https://registry.gdi-de.org/codelist/de.bund.balm.radnetz/Richtung/2"], "https://registry.gdi-de.org/up3/ontology/steigung": ["5.090548"], "https://registry.gdi-de.org/up3/ontology/strecken-ID": ["Section_Wuppertal_1225897_519_right"]}, "geometry": {"type": "LineString", "coordinates": [[7.1313749493, 51.2025843906, 277.37], [7.1313464722, 51.2028947051, 279.13]]}}, {"type": "Feature", "id": "https://registry.gdi-de.org/de.nw/radnetz/instances/Section_Wuppertal_1228165_1062_right", "name": "", "dateprops": [], "properties": {"http://rdfs.org/ns/void#inDataset": ["https://registry.gdi-de.org/de.nw/radnetz/instances/exnw_dataset"], "http://www.opengis.net/ont/geosparql#hasGeometry": ["https://registry.gdi-de.org/de.nw/radnetz/instances/Section_Wuppertal_1228165_1062_right_geometry"], "http://www.w3.org/1999/02/22-rdf-syntax-ns#type": ["https://registry.gdi-de.org/up3/ontology/Streckenabschnitt_optional"], "https://registry.gdi-de.org/up3/ontology/beginntBeiKnoten": ["https://registry.gdi-de.org/de.nw/radnetz/instances/Knoten_Wuppertal_1189690457"], "https://registry.gdi-de.org/up3/ontology/endetBeiKnoten": ["https://registry.gdi-de.org/de.nw/radnetz/instances/Knoten_Wuppertal_6363"], "https://registry.gdi-de.org/up3/ontology/geometrieAbschnitt": ["https://registry.gdi-de.org/de.nw/radnetz/instances/Section_Wuppertal_1228165_1062_right_geometry"], "https://registry.gdi-de.org/up3/ontology/licht": ["https://registry.gdi-de.org/codelist/de.bund.balm.radnetz/Licht/1"], "https://registry.gdi-de.org/up3/ontology/quell-ID": ["1228165"], "https://registry.gdi-de.org/up3/ontology/richtung": ["https://registry.gdi-de.org/codelist/de.bund.balm.radnetz/Richtung/2"], "https://registry.gdi-de.org/up3/ontology/steigung": ["2.646582"], "https://registry.gdi-de.org/up3/ontology/strecken-ID": ["Section_Wuppertal_1228165_1062_right"]}, "geometry": {"type": "LineString", "coordinates": [[7.1707955164, 51.2812866456, 0.0], [7.1712871606, 51.28149445, 0.0], [7.1717576171, 51.2816920893, 0.0]]}}, {"type": "Feature", "id": "https://registry.gdi-de.org/de.nw/radnetz/instances/Section_Wuppertal_1223754_388_right", "name": "", "dateprops": [], "properties": {"http://rdfs.org/ns/void#inDataset": ["https://registry.gdi-de.org/de.nw/radnetz/instances/exnw_dataset"], "http://www.opengis.net/ont/geosparql#hasGeometry": ["https://registry.gdi-de.org/de.nw/radnetz/instances/Section_Wuppertal_1223754_388_right_geometry"], "http://www.w3.org/1999/02/22-rdf-syntax-ns#type": ["https://registry.gdi-de.org/up3/ontology/Streckenabschnitt_optional"], "https://registry.gdi-de.org/up3/ontology/beginntBeiKnoten": ["https://registry.gdi-de.org/de.nw/radnetz/instances/Knoten_Wuppertal_113700102"], "https://registry.gdi-de.org/up3/ontology/endetBeiKnoten": ["https://registry.gdi-de.org/de.nw/radnetz/instances/Knoten_Wuppertal_3463"], "https://registry.gdi-de.org/up3/ontology/geometrieAbschnitt": ["https://registry.gdi-de.org/de.nw/radnetz/instances/Section_Wuppertal_1223754_388_right_geometry"], "https://registry.gdi-de.org/up3/ontology/licht": ["https://registry.gdi-de.org/codelist/de.bund.balm.radnetz/Licht/1"], "https://registry.gdi-de.org/up3/ontology/quell-ID": ["1223754"], "https://registry.gdi-de.org/up3/ontology/richtung": ["https://registry.gdi-de.org/codelist/de.bund.balm.radnetz/Richtung/2"], "https://registry.gdi-de.org/up3/ontology/steigung": ["1.552511"], "https://registry.gdi-de.org/up3/ontology/strecken-ID": ["Section_Wuppertal_1223754_388_right"]}, "geometry": {"type": "LineString", "coordinates": [[7.1091510769, 51.2626729745, 198.98], [7.1092503355, 51.2626210689, 199.12]]}}, {"type": "Feature", "id": "https://registry.gdi-de.org/de.nw/radnetz/instances/Section_Wuppertal_1226806_635_right", "name": "", "dateprops": [], "properties": {"http://rdfs.org/ns/void#inDataset": ["https://registry.gdi-de.org/de.nw/radnetz/instances/exnw_dataset"], "http://www.opengis.net/ont/geosparql#hasGeometry": ["https://registry.gdi-de.org/de.nw/radnetz/instances/Section_Wuppertal_1226806_635_right_geometry"], "http://www.w3.org/1999/02/22-rdf-syntax-ns#type": ["https://registry.gdi-de.org/up3/ontology/Streckenabschnitt_optional"], "https://registry.gdi-de.org/up3/ontology/beginntBeiKnoten": ["https://registry.gdi-de.org/de.nw/radnetz/instances/Knoten_Wuppertal_114140201"], "https://registry.gdi-de.org/up3/ontology/endetBeiKnoten": ["https://registry.gdi-de.org/de.nw/radnetz/instances/Knoten_Wuppertal_114140101"], "https://registry.gdi-de.org/up3/ontology/geometrieAbschnitt": ["https://registry.gdi-de.org/de.nw/radnetz/instances/Section_Wuppertal_1226806_635_right_geometry"], "https://registry.gdi-de.org/up3/ontology/licht": ["https://registry.gdi-de.org/codelist/de.bund.balm.radnetz/Licht/1"], "https://registry.gdi-de.org/up3/ontology/quell-ID": ["1226806"], "https://registry.gdi-de.org/up3/ontology/richtung": ["https://registry.gdi-de.org/codelist/de.bund.balm.radnetz/Richtung/2"], "https://registry.gdi-de.org/up3/ontology/steigung": ["3.558918"], "https://registry.gdi-de.org/up3/ontology/strecken-ID": ["Section_Wuppertal_1226806_635_right"]}, "geometry": {"type": "LineString", "coordinates": [[7.1494867828, 51.2261836387, 328.05], [7.1495817222, 51.2261936801, 0.0], [7.1502043023, 51.2262970535, 329.89]]}}, {"type": "Feature", "id": "https://registry.gdi-de.org/de.nw/radnetz/instances/Section_Wuppertal_1228555_714_right", "name": "", "dateprops": [], "properties": {"http://rdfs.org/ns/void#inDataset": ["https://registry.gdi-de.org/de.nw/radnetz/instances/exnw_dataset"], "http://www.opengis.net/ont/geosparql#hasGeometry": ["https://registry.gdi-de.org/de.nw/radnetz/instances/Section_Wuppertal_1228555_714_right_geometry"], "http://www.w3.org/1999/02/22-rdf-syntax-ns#type": ["https://registry.gdi-de.org/up3/ontology/Streckenabschnitt_optional"], "https://registry.gdi-de.org/up3/ontology/beginntBeiKnoten": ["https://registry.gdi-de.org/de.nw/radnetz/instances/Knoten_Wuppertal_1189690646"], "https://registry.gdi-de.org/up3/ontology/endetBeiKnoten": ["https://registry.gdi-de.org/de.nw/radnetz/instances/Knoten_Wuppertal_6933"], "https://registry.gdi-de.org/up3/ontology/geometrieAbschnitt": ["https://registry.gdi-de.org/de.nw/radnetz/instances/Section_Wuppertal_1228555_714_right_geometry"], "https://registry.gdi-de.org/up3/ontology/licht": ["https://registry.gdi-de.org/codelist/de.bund.balm.radnetz/Licht/1"], "https://registry.gdi-de.org/up3/ontology/quell-ID": ["1228555"], "https://registry.gdi-de.org/up3/ontology/richtung": ["https://registry.gdi-de.org/codelist/de.bund.balm.radnetz/Richtung/2"], "https://registry.gdi-de.org/up3/ontology/steigung": ["0.3954132"], "https://registry.gdi-de.org/up3/ontology/strecken-ID": ["Section_Wuppertal_1228555_714_right"]}, "geometry": {"type": "LineString", "coordinates": [[7.1872476793, 51.2669752626, 152.13], [7.1892598408, 51.2672687564, 152.7]]}}, {"type": "Feature", "id": "https://registry.gdi-de.org/de.nw/radnetz/instances/Section_Wuppertal_1225516_1042_right", "name": "", "dateprops": [], "properties": {"http://rdfs.org/ns/void#inDataset": ["https://registry.gdi-de.org/de.nw/radnetz/instances/exnw_dataset"], "http://www.opengis.net/ont/geosparql#hasGeometry": ["https://registry.gdi-de.org/de.nw/radnetz/instances/Section_Wuppertal_1225516_1042_right_geometry"], "http://www.w3.org/1999/02/22-rdf-syntax-ns#type": ["https://registry.gdi-de.org/up3/ontology/Streckenabschnitt_optional"], "https://registry.gdi-de.org/up3/ontology/beginntBeiKnoten": ["https://registry.gdi-de.org/de.nw/radnetz/instances/Knoten_Wuppertal_112770101"], "https://registry.gdi-de.org/up3/ontology/endetBeiKnoten": ["https://registry.gdi-de.org/de.nw/radnetz/instances/Knoten_Wuppertal_112770102"], "https://registry.gdi-de.org/up3/ontology/geometrieAbschnitt": ["https://registry.gdi-de.org/de.nw/radnetz/instances/Section_Wuppertal_1225516_1042_right_geometry"], "https://registry.gdi-de.org/up3/ontology/licht": ["https://registry.gdi-de.org/codelist/de.bund.balm.radnetz/Licht/1"], "https://registry.gdi-de.org/up3/ontology/quell-ID": ["1225516"], "https://registry.gdi-de.org/up3/ontology/richtung": ["https://registry.gdi-de.org/codelist/de.bund.balm.radnetz/Richtung/2"], "https://registry.gdi-de.org/up3/ontology/steigung": ["1.918788"], "https://registry.gdi-de.org/up3/ontology/strecken-ID": ["Section_Wuppertal_1225516_1042_right"]}, "geometry": {"type": "LineString", "coordinates": [[7.1301921386, 51.2716901964, 0.0], [7.1301917105, 51.271769847, 0.0]]}}, {"type": "Feature", "id": "https://registry.gdi-de.org/de.nw/radnetz/instances/Section_Wuppertal_1229583_732_right", "name": "", "dateprops": [], "properties": {"http://rdfs.org/ns/void#inDataset": ["https://registry.gdi-de.org/de.nw/radnetz/instances/exnw_dataset"], "http://www.opengis.net/ont/geosparql#hasGeometry": ["https://registry.gdi-de.org/de.nw/radnetz/instances/Section_Wuppertal_1229583_732_right_geometry"], "http://www.w3.org/1999/02/22-rdf-syntax-ns#type": ["https://registry.gdi-de.org/up3/ontology/Streckenabschnitt_optional"], "https://registry.gdi-de.org/up3/ontology/beginntBeiKnoten": ["https://registry.gdi-de.org/de.nw/radnetz/instances/Knoten_Wuppertal_1189691143"], "https://registry.gdi-de.org/up3/ontology/endetBeiKnoten": ["https://registry.gdi-de.org/de.nw/radnetz/instances/Knoten_Wuppertal_113040401"], "https://registry.gdi-de.org/up3/ontology/geometrieAbschnitt": ["https://registry.gdi-de.org/de.nw/radnetz/instances/Section_Wuppertal_1229583_732_right_geometry"], "https://registry.gdi-de.org/up3/ontology/licht": ["https://registry.gdi-de.org/codelist/de.bund.balm.radnetz/Licht/1"], "https://registry.gdi-de.org/up3/ontology/quell-ID": ["1229583"], "https://registry.gdi-de.org/up3/ontology/richtung": ["https://registry.gdi-de.org/codelist/de.bund.balm.radnetz/Richtung/2"], "https://registry.gdi-de.org/up3/ontology/steigung": ["1.51546"], "https://registry.gdi-de.org/up3/ontology/strecken-ID": ["Section_Wuppertal_1229583_732_right"]}, "geometry": {"type": "LineString", "coordinates": [[7.0882320347, 51.2363555776, 136.6], [7.0876053572, 51.2361008896, 137.39]]}}, {"type": "Feature", "id": "https://registry.gdi-de.org/de.nw/radnetz/instances/Section_Wuppertal_10889_227_right", "name": "", "dateprops": [], "properties": {"http://rdfs.org/ns/void#inDataset": ["https://registry.gdi-de.org/de.nw/radnetz/instances/exnw_dataset"], "http://www.opengis.net/ont/geosparql#hasGeometry": ["https://registry.gdi-de.org/de.nw/radnetz/instances/Section_Wuppertal_10889_227_right_geometry"], "http://www.w3.org/1999/02/22-rdf-syntax-ns#type": ["https://registry.gdi-de.org/up3/ontology/Streckenabschnitt_optional"], "https://registry.gdi-de.org/up3/ontology/beginntBeiKnoten": ["https://registry.gdi-de.org/de.nw/radnetz/instances/Knoten_Wuppertal_8839"], "https://registry.gdi-de.org/up3/ontology/endetBeiKnoten": ["https://registry.gdi-de.org/de.nw/radnetz/instances/Knoten_Wuppertal_8825"], "https://registry.gdi-de.org/up3/ontology/fuehrung": ["https://registry.gdi-de.org/codelist/de.bund.balm.radnetz/Fuehrung/401"], "https://registry.gdi-de.org/up3/ontology/geometrieAbschnitt": ["https://registry.gdi-de.org/de.nw/radnetz/instances/Section_Wuppertal_10889_227_right_geometry"], "https://registry.gdi-de.org/up3/ontology/licht": ["https://registry.gdi-de.org/codelist/de.bund.balm.radnetz/Licht/1"], "https://registry.gdi-de.org/up3/ontology/quell-ID": ["10889"], "https://registry.gdi-de.org/up3/ontology/richtung": ["https://registry.gdi-de.org/codelist/de.bund.balm.radnetz/Richtung/2"], "https://registry.gdi-de.org/up3/ontology/steigung": ["0.6661519"], "https://registry.gdi-de.org/up3/ontology/strecken-ID": ["Section_Wuppertal_10889_227_right"]}, "geometry": {"type": "LineString", "coordinates": [[7.23312816, 51.2593302614, 169.14], [7.2328575812, 51.2588566334, 0.0], [7.2328127772, 51.2586872855, 169.64]]}}, {"type": "Feature", "id": "https://registry.gdi-de.org/de.nw/radnetz/instances/Section_Wuppertal_2583_57_right", "name": "", "dateprops": [], "properties": {"http://rdfs.org/ns/void#inDataset": ["https://registry.gdi-de.org/de.nw/radnetz/instances/exnw_dataset"], "http://www.opengis.net/ont/geosparql#hasGeometry": ["https://registry.gdi-de.org/de.nw/radnetz/instances/Section_Wuppertal_2583_57_right_geometry"], "http://www.w3.org/1999/02/22-rdf-syntax-ns#type": ["https://registry.gdi-de.org/up3/ontology/Streckenabschnitt_optional"], "https://registry.gdi-de.org/up3/ontology/beginntBeiKnoten": ["https://registry.gdi-de.org/de.nw/radnetz/instances/Knoten_Wuppertal_3686"], "https://registry.gdi-de.org/up3/ontology/endetBeiKnoten": ["https://registry.gdi-de.org/de.nw/radnetz/instances/Knoten_Wuppertal_3722"], "https://registry.gdi-de.org/up3/ontology/geometrieAbschnitt": ["https://registry.gdi-de.org/de.nw/radnetz/instances/Section_Wuppertal_2583_57_right_geometry"], "https://registry.gdi-de.org/up3/ontology/licht": ["https://registry.gdi-de.org/codelist/de.bund.balm.radnetz/Licht/1"], "https://registry.gdi-de.org/up3/ontology/quell-ID": ["2583"], "https://registry.gdi-de.org/up3/ontology/richtung": ["https://registry.gdi-de.org/codelist/de.bund.balm.radnetz/Richtung/2"], "https://registry.gdi-de.org/up3/ontology/steigung": ["2.684897"], "https://registry.gdi-de.org/up3/ontology/strecken-ID": ["Section_Wuppertal_2583_57_right"]}, "geometry": {"type": "LineString", "coordinates": [[7.1162640496, 51.262220203, 209.93], [7.1167404763, 51.2621619605, 0.0], [7.1171755322, 51.262033843, 211.74]]}}, {"type": "Feature", "id": "https://registry.gdi-de.org/de.nw/radnetz/instances/Section_Wuppertal_7308_150_right", "name": "", "dateprops": [], "properties": {"http://rdfs.org/ns/void#inDataset": ["https://registry.gdi-de.org/de.nw/radnetz/instances/exnw_dataset"], "http://www.opengis.net/ont/geosparql#hasGeometry": ["https://registry.gdi-de.org/de.nw/radnetz/instances/Section_Wuppertal_7308_150_right_geometry"], "http://www.w3.org/1999/02/22-rdf-syntax-ns#type": ["https://registry.gdi-de.org/up3/ontology/Streckenabschnitt_optional"], "https://registry.gdi-de.org/up3/ontology/beginntBeiKnoten": ["https://registry.gdi-de.org/de.nw/radnetz/instances/Knoten_Wuppertal_5811"], "https://registry.gdi-de.org/up3/ontology/endetBeiKnoten": ["https://registry.gdi-de.org/de.nw/radnetz/instances/Knoten_Wuppertal_5657"], "https://registry.gdi-de.org/up3/ontology/fuehrung": ["https://registry.gdi-de.org/codelist/de.bund.balm.radnetz/Fuehrung/401"], "https://registry.gdi-de.org/up3/ontology/geometrieAbschnitt": ["https://registry.gdi-de.org/de.nw/radnetz/instances/Section_Wuppertal_7308_150_right_geometry"], "https://registry.gdi-de.org/up3/ontology/licht": ["https://registry.gdi-de.org/codelist/de.bund.balm.radnetz/Licht/1"], "https://registry.gdi-de.org/up3/ontology/quell-ID": ["7308"], "https://registry.gdi-de.org/up3/ontology/richtung": ["https://registry.gdi-de.org/codelist/de.bund.balm.radnetz/Richtung/2"], "https://registry.gdi-de.org/up3/ontology/steigung": ["3.840327"], "https://registry.gdi-de.org/up3/ontology/strecken-ID": ["Section_Wuppertal_7308_150_right"]}, "geometry": {"type": "LineString", "coordinates": [[7.1559767924, 51.3027540829, 280.59], [7.1537670067, 51.3037619346, 0.0], [7.1532635779, 51.303946863, 289.47]]}}, {"type": "Feature", "id": "https://registry.gdi-de.org/de.nw/radnetz/instances/Section_Wuppertal_7914_165_right", "name": "", "dateprops": [], "properties": {"http://rdfs.org/ns/void#inDataset": ["https://registry.gdi-de.org/de.nw/radnetz/instances/exnw_dataset"], "http://www.opengis.net/ont/geosparql#hasGeometry": ["https://registry.gdi-de.org/de.nw/radnetz/instances/Section_Wuppertal_7914_165_right_geometry"], "http://www.w3.org/1999/02/22-rdf-syntax-ns#type": ["https://registry.gdi-de.org/up3/ontology/Streckenabschnitt_optional"], "https://registry.gdi-de.org/up3/ontology/beginntBeiKnoten": ["https://registry.gdi-de.org/de.nw/radnetz/instances/Knoten_Wuppertal_10020"], "https://registry.gdi-de.org/up3/ontology/endetBeiKnoten": ["https://registry.gdi-de.org/de.nw/radnetz/instances/Knoten_Wuppertal_10025"], "https://registry.gdi-de.org/up3/ontology/fuehrung": ["https://registry.gdi-de.org/codelist/de.bund.balm.radnetz/Fuehrung/401"], "https://registry.gdi-de.org/up3/ontology/geometrieAbschnitt": ["https://registry.gdi-de.org/de.nw/radnetz/instances/Section_Wuppertal_7914_165_right_geometry"], "https://registry.gdi-de.org/up3/ontology/licht": ["https://registry.gdi-de.org/codelist/de.bund.balm.radnetz/Licht/0"], "https://registry.gdi-de.org/up3/ontology/quell-ID": ["7914"], "https://registry.gdi-de.org/up3/ontology/richtung": ["https://registry.gdi-de.org/codelist/de.bund.balm.radnetz/Richtung/2"], "https://registry.gdi-de.org/up3/ontology/steigung": ["2.714735"], "https://registry.gdi-de.org/up3/ontology/strecken-ID": ["Section_Wuppertal_7914_165_right"]}, "geometry": {"type": "LineString", "coordinates": [[7.295905197, 51.2488776922, 199.05], [7.2964255167, 51.2484902522, 200.58]]}}, {"type": "Feature", "id": "https://registry.gdi-de.org/de.nw/radnetz/instances/Section_Wuppertal_9625_935_right", "name": "", "dateprops": [], "properties": {"http://rdfs.org/ns/void#inDataset": ["https://registry.gdi-de.org/de.nw/radnetz/instances/exnw_dataset"], "http://www.opengis.net/ont/geosparql#hasGeometry": ["https://registry.gdi-de.org/de.nw/radnetz/instances/Section_Wuppertal_9625_935_right_geometry"], "http://www.w3.org/1999/02/22-rdf-syntax-ns#type": ["https://registry.gdi-de.org/up3/ontology/Streckenabschnitt_optional"], "https://registry.gdi-de.org/up3/ontology/beginntBeiKnoten": ["https://registry.gdi-de.org/de.nw/radnetz/instances/Knoten_Wuppertal_2629"], "https://registry.gdi-de.org/up3/ontology/endetBeiKnoten": ["https://registry.gdi-de.org/de.nw/radnetz/instances/Knoten_Wuppertal_2544"], "https://registry.gdi-de.org/up3/ontology/geometrieAbschnitt": ["https://registry.gdi-de.org/de.nw/radnetz/instances/Section_Wuppertal_9625_935_right_geometry"], "https://registry.gdi-de.org/up3/ontology/licht": ["https://registry.gdi-de.org/codelist/de.bund.balm.radnetz/Licht/1"], "https://registry.gdi-de.org/up3/ontology/quell-ID": ["9625"], "https://registry.gdi-de.org/up3/ontology/richtung": ["https://registry.gdi-de.org/codelist/de.bund.balm.radnetz/Richtung/2"], "https://registry.gdi-de.org/up3/ontology/steigung": ["1.389572"], "https://registry.gdi-de.org/up3/ontology/strecken-ID": ["Section_Wuppertal_9625_935_right"]}, "geometry": {"type": "LineString", "coordinates": [[7.0722308478, 51.226644381, 195.63], [7.0719906556, 51.2264412129, 0.0], [7.0715728596, 51.2262890298, 0.0], [7.0710212129, 51.2262723655, 0.0], [7.0695182387, 51.2265798333, 198.56]]}}, {"type": "Feature", "id": "https://registry.gdi-de.org/de.nw/radnetz/instances/Section_Wuppertal_1228708_720_right", "name": "", "dateprops": [], "properties": {"http://rdfs.org/ns/void#inDataset": ["https://registry.gdi-de.org/de.nw/radnetz/instances/exnw_dataset"], "http://www.opengis.net/ont/geosparql#hasGeometry": ["https://registry.gdi-de.org/de.nw/radnetz/instances/Section_Wuppertal_1228708_720_right_geometry"], "http://www.w3.org/1999/02/22-rdf-syntax-ns#type": ["https://registry.gdi-de.org/up3/ontology/Streckenabschnitt_optional"], "https://registry.gdi-de.org/up3/ontology/beginntBeiKnoten": ["https://registry.gdi-de.org/de.nw/radnetz/instances/Knoten_Wuppertal_1189690723"], "https://registry.gdi-de.org/up3/ontology/endetBeiKnoten": ["https://registry.gdi-de.org/de.nw/radnetz/instances/Knoten_Wuppertal_6872"], "https://registry.gdi-de.org/up3/ontology/geometrieAbschnitt": ["https://registry.gdi-de.org/de.nw/radnetz/instances/Section_Wuppertal_1228708_720_right_geometry"], "https://registry.gdi-de.org/up3/ontology/licht": ["https://registry.gdi-de.org/codelist/de.bund.balm.radnetz/Licht/1"], "https://registry.gdi-de.org/up3/ontology/quell-ID": ["1228708"], "https://registry.gdi-de.org/up3/ontology/richtung": ["https://registry.gdi-de.org/codelist/de.bund.balm.radnetz/Richtung/2"], "https://registry.gdi-de.org/up3/ontology/steigung": ["1.304431"], "https://registry.gdi-de.org/up3/ontology/strecken-ID": ["Section_Wuppertal_1228708_720_right"]}, "geometry": {"type": "LineString", "coordinates": [[7.1893554887, 51.2794957214, 194.96], [7.1874821304, 51.2792926606, 196.69]]}}, {"type": "Feature", "id": "https://registry.gdi-de.org/de.nw/radnetz/instances/Section_Wuppertal_1226411_568_right", "name": "", "dateprops": [], "properties": {"http://rdfs.org/ns/void#inDataset": ["https://registry.gdi-de.org/de.nw/radnetz/instances/exnw_dataset"], "http://www.opengis.net/ont/geosparql#hasGeometry": ["https://registry.gdi-de.org/de.nw/radnetz/instances/Section_Wuppertal_1226411_568_right_geometry"], "http://www.w3.org/1999/02/22-rdf-syntax-ns#type": ["https://registry.gdi-de.org/up3/ontology/Streckenabschnitt_optional"], "https://registry.gdi-de.org/up3/ontology/beginntBeiKnoten": ["https://registry.gdi-de.org/de.nw/radnetz/instances/Knoten_Wuppertal_116440102"], "https://registry.gdi-de.org/up3/ontology/endetBeiKnoten": ["https://registry.gdi-de.org/de.nw/radnetz/instances/Knoten_Wuppertal_9310"], "https://registry.gdi-de.org/up3/ontology/fuehrung": ["https://registry.gdi-de.org/codelist/de.bund.balm.radnetz/Fuehrung/401"], "https://registry.gdi-de.org/up3/ontology/geometrieAbschnitt": ["https://registry.gdi-de.org/de.nw/radnetz/instances/Section_Wuppertal_1226411_568_right_geometry"], "https://registry.gdi-de.org/up3/ontology/licht": ["https://registry.gdi-de.org/codelist/de.bund.balm.radnetz/Licht/0"], "https://registry.gdi-de.org/up3/ontology/quell-ID": ["1226411"], "https://registry.gdi-de.org/up3/ontology/richtung": ["https://registry.gdi-de.org/codelist/de.bund.balm.radnetz/Richtung/2"], "https://registry.gdi-de.org/up3/ontology/steigung": ["0.625768"], "https://registry.gdi-de.org/up3/ontology/strecken-ID": ["Section_Wuppertal_1226411_568_right"]}, "geometry": {"type": "LineString", "coordinates": [[7.2448087002, 51.2544682008, 173.51], [7.2450378207, 51.2544723149, 173.6135], [7.2453749946, 51.2544925184, 173.7663], [7.2457306953, 51.2545016368, 173.9266], [7.2461106659, 51.2545073318, 174.0972], [7.2465684662, 51.2545293395, 174.3025], [7.2467975105, 51.2545365579, 174.4047], [7.246978017, 51.2545506227, 174.4857], [7.2472188365, 51.2545655897, 174.5932], [7.24734463, 51.2545901953, 174.6517], [7.2477043487, 51.2546523844, 174.8172], [7.2480512861, 51.2547333159, 174.9813], [7.2485110935, 51.2548613782, 175.2043], [7.2489044148, 51.2549922308, 175.4016], [7.2493152578, 51.2551384911, 175.6107], [7.249607346, 51.2552337443, 175.7563], [7.2498936898, 51.2553213379, 175.8971], [7.2501505956, 51.2553895558, 176.0203], [7.2504255982, 51.2554580446, 176.1509], [7.2506623866, 51.2555026032, 176.21]]}}, {"type": "Feature", "id": "https://registry.gdi-de.org/de.nw/radnetz/instances/Section_Wuppertal_1226785_628_right", "name": "", "dateprops": [], "properties": {"http://rdfs.org/ns/void#inDataset": ["https://registry.gdi-de.org/de.nw/radnetz/instances/exnw_dataset"], "http://www.opengis.net/ont/geosparql#hasGeometry": ["https://registry.gdi-de.org/de.nw/radnetz/instances/Section_Wuppertal_1226785_628_right_geometry"], "http://www.w3.org/1999/02/22-rdf-syntax-ns#type": ["https://registry.gdi-de.org/up3/ontology/Streckenabschnitt_optional"], "https://registry.gdi-de.org/up3/ontology/beginntBeiKnoten": ["https://registry.gdi-de.org/de.nw/radnetz/instances/Knoten_Wuppertal_4233"], "https://registry.gdi-de.org/up3/ontology/endetBeiKnoten": ["https://registry.gdi-de.org/de.nw/radnetz/instances/Knoten_Wuppertal_114210101"], "https://registry.gdi-de.org/up3/ontology/geometrieAbschnitt": ["https://registry.gdi-de.org/de.nw/radnetz/instances/Section_Wuppertal_1226785_628_right_geometry"], "https://registry.gdi-de.org/up3/ontology/licht": ["https://registry.gdi-de.org/codelist/de.bund.balm.radnetz/Licht/1"], "https://registry.gdi-de.org/up3/ontology/quell-ID": ["1226785"], "https://registry.gdi-de.org/up3/ontology/richtung": ["https://registry.gdi-de.org/codelist/de.bund.balm.radnetz/Richtung/2"], "https://registry.gdi-de.org/up3/ontology/steigung": ["1.81433"], "https://registry.gdi-de.org/up3/ontology/strecken-ID": ["Section_Wuppertal_1226785_628_right"]}, "geometry": {"type": "LineString", "coordinates": [[7.1313153766, 51.1987848522, 261.83], [7.1313226469, 51.1990814198, 0.0], [7.1313778714, 51.1993374557, 262.95]]}}, {"type": "Feature", "id": "https://registry.gdi-de.org/de.nw/radnetz/instances/Section_Wuppertal_1779_36_right", "name": "", "dateprops": [], "properties": {"http://rdfs.org/ns/void#inDataset": ["https://registry.gdi-de.org/de.nw/radnetz/instances/exnw_dataset"], "http://www.opengis.net/ont/geosparql#hasGeometry": ["https://registry.gdi-de.org/de.nw/radnetz/instances/Section_Wuppertal_1779_36_right_geometry"], "http://www.w3.org/1999/02/22-rdf-syntax-ns#type": ["https://registry.gdi-de.org/up3/ontology/Streckenabschnitt_optional"], "https://registry.gdi-de.org/up3/ontology/beginntBeiKnoten": ["https://registry.gdi-de.org/de.nw/radnetz/instances/Knoten_Wuppertal_3312"], "https://registry.gdi-de.org/up3/ontology/endetBeiKnoten": ["https://registry.gdi-de.org/de.nw/radnetz/instances/Knoten_Wuppertal_3316"], "https://registry.gdi-de.org/up3/ontology/fuehrung": ["https://registry.gdi-de.org/codelist/de.bund.balm.radnetz/Fuehrung/200"], "https://registry.gdi-de.org/up3/ontology/geometrieAbschnitt": ["https://registry.gdi-de.org/de.nw/radnetz/instances/Section_Wuppertal_1779_36_right_geometry"], "https://registry.gdi-de.org/up3/ontology/licht": ["https://registry.gdi-de.org/codelist/de.bund.balm.radnetz/Licht/1"], "https://registry.gdi-de.org/up3/ontology/quell-ID": ["1779"], "https://registry.gdi-de.org/up3/ontology/richtung": ["https://registry.gdi-de.org/codelist/de.bund.balm.radnetz/Richtung/2"], "https://registry.gdi-de.org/up3/ontology/steigung": ["1.610306"], "https://registry.gdi-de.org/up3/ontology/strecken-ID": ["Section_Wuppertal_1779_36_right"]}, "geometry": {"type": "LineString", "coordinates": [[7.1044024698, 51.2531555929, 156.48], [7.1045265199, 51.2535499518, 157.2]]}}, {"type": "Feature", "id": "https://registry.gdi-de.org/de.nw/radnetz/instances/Section_Wuppertal_12187_261_right", "name": "", "dateprops": [], "properties": {"http://rdfs.org/ns/void#inDataset": ["https://registry.gdi-de.org/de.nw/radnetz/instances/exnw_dataset"], "http://www.opengis.net/ont/geosparql#hasGeometry": ["https://registry.gdi-de.org/de.nw/radnetz/instances/Section_Wuppertal_12187_261_right_geometry"], "http://www.w3.org/1999/02/22-rdf-syntax-ns#type": ["https://registry.gdi-de.org/up3/ontology/Streckenabschnitt_optional"], "https://registry.gdi-de.org/up3/ontology/beginntBeiKnoten": ["https://registry.gdi-de.org/de.nw/radnetz/instances/Knoten_Wuppertal_4253"], "https://registry.gdi-de.org/up3/ontology/endetBeiKnoten": ["https://registry.gdi-de.org/de.nw/radnetz/instances/Knoten_Wuppertal_4254"], "https://registry.gdi-de.org/up3/ontology/geometrieAbschnitt": ["https://registry.gdi-de.org/de.nw/radnetz/instances/Section_Wuppertal_12187_261_right_geometry"], "https://registry.gdi-de.org/up3/ontology/licht": ["https://registry.gdi-de.org/codelist/de.bund.balm.radnetz/Licht/1"], "https://registry.gdi-de.org/up3/ontology/quell-ID": ["12187"], "https://registry.gdi-de.org/up3/ontology/richtung": ["https://registry.gdi-de.org/codelist/de.bund.balm.radnetz/Richtung/2"], "https://registry.gdi-de.org/up3/ontology/steigung": ["5.127719"], "https://registry.gdi-de.org/up3/ontology/strecken-ID": ["Section_Wuppertal_12187_261_right"]}, "geometry": {"type": "LineString", "coordinates": [[7.1314898981, 51.201237164, 269.89], [7.1314824241, 51.2015158954, 271.48]]}}, {"type": "Feature", "id": "https://registry.gdi-de.org/de.nw/radnetz/instances/Section_Wuppertal_1227091_672_right", "name": "", "dateprops": [], "properties": {"http://rdfs.org/ns/void#inDataset": ["https://registry.gdi-de.org/de.nw/radnetz/instances/exnw_dataset"], "http://www.opengis.net/ont/geosparql#hasGeometry": ["https://registry.gdi-de.org/de.nw/radnetz/instances/Section_Wuppertal_1227091_672_right_geometry"], "http://www.w3.org/1999/02/22-rdf-syntax-ns#type": ["https://registry.gdi-de.org/up3/ontology/Streckenabschnitt_optional"], "https://registry.gdi-de.org/up3/ontology/beginntBeiKnoten": ["https://registry.gdi-de.org/de.nw/radnetz/instances/Knoten_Wuppertal_100420101"], "https://registry.gdi-de.org/up3/ontology/endetBeiKnoten": ["https://registry.gdi-de.org/de.nw/radnetz/instances/Knoten_Wuppertal_3105"], "https://registry.gdi-de.org/up3/ontology/fuehrung": ["https://registry.gdi-de.org/codelist/de.bund.balm.radnetz/Fuehrung/401"], "https://registry.gdi-de.org/up3/ontology/geometrieAbschnitt": ["https://registry.gdi-de.org/de.nw/radnetz/instances/Section_Wuppertal_1227091_672_right_geometry"], "https://registry.gdi-de.org/up3/ontology/licht": ["https://registry.gdi-de.org/codelist/de.bund.balm.radnetz/Licht/0"], "https://registry.gdi-de.org/up3/ontology/quell-ID": ["1227091"], "https://registry.gdi-de.org/up3/ontology/richtung": ["https://registry.gdi-de.org/codelist/de.bund.balm.radnetz/Richtung/2"], "https://registry.gdi-de.org/up3/ontology/steigung": ["2.668537"], "https://registry.gdi-de.org/up3/ontology/strecken-ID": ["Section_Wuppertal_1227091_672_right"]}, "geometry": {"type": "LineString", "coordinates": [[7.0966808066, 51.2963251004, 195.48], [7.0968822755, 51.2961418892, 0.0], [7.0936469179, 51.2925094548, 208.49]]}}, {"type": "Feature", "id": "https://registry.gdi-de.org/de.nw/radnetz/instances/Section_Wuppertal_1226177_544_right", "name": "", "dateprops": [], "properties": {"http://rdfs.org/ns/void#inDataset": ["https://registry.gdi-de.org/de.nw/radnetz/instances/exnw_dataset"], "http://www.opengis.net/ont/geosparql#hasGeometry": ["https://registry.gdi-de.org/de.nw/radnetz/instances/Section_Wuppertal_1226177_544_right_geometry"], "http://www.w3.org/1999/02/22-rdf-syntax-ns#type": ["https://registry.gdi-de.org/up3/ontology/Streckenabschnitt_optional"], "https://registry.gdi-de.org/up3/ontology/beginntBeiKnoten": ["https://registry.gdi-de.org/de.nw/radnetz/instances/Knoten_Wuppertal_2312"], "https://registry.gdi-de.org/up3/ontology/endetBeiKnoten": ["https://registry.gdi-de.org/de.nw/radnetz/instances/Knoten_Wuppertal_113540102"], "https://registry.gdi-de.org/up3/ontology/fuehrung": ["https://registry.gdi-de.org/codelist/de.bund.balm.radnetz/Fuehrung/401"], "https://registry.gdi-de.org/up3/ontology/geometrieAbschnitt": ["https://registry.gdi-de.org/de.nw/radnetz/instances/Section_Wuppertal_1226177_544_right_geometry"], "https://registry.gdi-de.org/up3/ontology/licht": ["https://registry.gdi-de.org/codelist/de.bund.balm.radnetz/Licht/1"], "https://registry.gdi-de.org/up3/ontology/quell-ID": ["1226177"], "https://registry.gdi-de.org/up3/ontology/richtung": ["https://registry.gdi-de.org/codelist/de.bund.balm.radnetz/Richtung/2"], "https://registry.gdi-de.org/up3/ontology/steigung": ["3.554044"], "https://registry.gdi-de.org/up3/ontology/strecken-ID": ["Section_Wuppertal_1226177_544_right"]}, "geometry": {"type": "LineString", "coordinates": [[7.0597405372, 51.2219667883, 212.4], [7.0598268506, 51.2215587177, 0.0], [7.0600234295, 51.2208917635, 0.0], [7.0601602771, 51.2203601761, 0.0], [7.0601602853, 51.2203595719, 218.84]]}}, {"type": "Feature", "id": "https://registry.gdi-de.org/de.nw/radnetz/instances/Section_Wuppertal_3391_82_right", "name": "", "dateprops": [], "properties": {"http://rdfs.org/ns/void#inDataset": ["https://registry.gdi-de.org/de.nw/radnetz/instances/exnw_dataset"], "http://www.opengis.net/ont/geosparql#hasGeometry": ["https://registry.gdi-de.org/de.nw/radnetz/instances/Section_Wuppertal_3391_82_right_geometry"], "http://www.w3.org/1999/02/22-rdf-syntax-ns#type": ["https://registry.gdi-de.org/up3/ontology/Streckenabschnitt_optional"], "https://registry.gdi-de.org/up3/ontology/beginntBeiKnoten": ["https://registry.gdi-de.org/de.nw/radnetz/instances/Knoten_Wuppertal_3276"], "https://registry.gdi-de.org/up3/ontology/endetBeiKnoten": ["https://registry.gdi-de.org/de.nw/radnetz/instances/Knoten_Wuppertal_3270"], "https://registry.gdi-de.org/up3/ontology/fuehrung": ["https://registry.gdi-de.org/codelist/de.bund.balm.radnetz/Fuehrung/405"], "https://registry.gdi-de.org/up3/ontology/geometrieAbschnitt": ["https://registry.gdi-de.org/de.nw/radnetz/instances/Section_Wuppertal_3391_82_right_geometry"], "https://registry.gdi-de.org/up3/ontology/licht": ["https://registry.gdi-de.org/codelist/de.bund.balm.radnetz/Licht/1"], "https://registry.gdi-de.org/up3/ontology/quell-ID": ["3391"], "https://registry.gdi-de.org/up3/ontology/richtung": ["https://registry.gdi-de.org/codelist/de.bund.balm.radnetz/Richtung/2"], "https://registry.gdi-de.org/up3/ontology/steigung": ["1.711931"], "https://registry.gdi-de.org/up3/ontology/strecken-ID": ["Section_Wuppertal_3391_82_right"]}, "geometry": {"type": "LineString", "coordinates": [[7.1033242072, 51.2485376254, 144.72], [7.1029849755, 51.2488111283, 145.38]]}}, {"type": "Feature", "id": "https://registry.gdi-de.org/de.nw/radnetz/instances/Section_Wuppertal_1225446_478_right", "name": "", "dateprops": [], "properties": {"http://rdfs.org/ns/void#inDataset": ["https://registry.gdi-de.org/de.nw/radnetz/instances/exnw_dataset"], "http://www.opengis.net/ont/geosparql#hasGeometry": ["https://registry.gdi-de.org/de.nw/radnetz/instances/Section_Wuppertal_1225446_478_right_geometry"], "http://www.w3.org/1999/02/22-rdf-syntax-ns#type": ["https://registry.gdi-de.org/up3/ontology/Streckenabschnitt_optional"], "https://registry.gdi-de.org/up3/ontology/beginntBeiKnoten": ["https://registry.gdi-de.org/de.nw/radnetz/instances/Knoten_Wuppertal_8759"], "https://registry.gdi-de.org/up3/ontology/endetBeiKnoten": ["https://registry.gdi-de.org/de.nw/radnetz/instances/Knoten_Wuppertal_115500102"], "https://registry.gdi-de.org/up3/ontology/geometrieAbschnitt": ["https://registry.gdi-de.org/de.nw/radnetz/instances/Section_Wuppertal_1225446_478_right_geometry"], "https://registry.gdi-de.org/up3/ontology/licht": ["https://registry.gdi-de.org/codelist/de.bund.balm.radnetz/Licht/1"], "https://registry.gdi-de.org/up3/ontology/quell-ID": ["1225446"], "https://registry.gdi-de.org/up3/ontology/richtung": ["https://registry.gdi-de.org/codelist/de.bund.balm.radnetz/Richtung/2"], "https://registry.gdi-de.org/up3/ontology/steigung": ["2.517972"], "https://registry.gdi-de.org/up3/ontology/strecken-ID": ["Section_Wuppertal_1225446_478_right"]}, "geometry": {"type": "LineString", "coordinates": [[7.2306793006, 51.2569589251, 176.23], [7.2299966681, 51.257797937, 0.0], [7.2297627811, 51.2582960325, 0.0], [7.2297600522, 51.2584307445, 180.7]]}}, {"type": "Feature", "id": "https://registry.gdi-de.org/de.nw/radnetz/instances/Section_Wuppertal_1222776_291_right", "name": "", "dateprops": [], "properties": {"http://rdfs.org/ns/void#inDataset": ["https://registry.gdi-de.org/de.nw/radnetz/instances/exnw_dataset"], "http://www.opengis.net/ont/geosparql#hasGeometry": ["https://registry.gdi-de.org/de.nw/radnetz/instances/Section_Wuppertal_1222776_291_right_geometry"], "http://www.w3.org/1999/02/22-rdf-syntax-ns#type": ["https://registry.gdi-de.org/up3/ontology/Streckenabschnitt_optional"], "https://registry.gdi-de.org/up3/ontology/beginntBeiKnoten": ["https://registry.gdi-de.org/de.nw/radnetz/instances/Knoten_Wuppertal_60175"], "https://registry.gdi-de.org/up3/ontology/endetBeiKnoten": ["https://registry.gdi-de.org/de.nw/radnetz/instances/Knoten_Wuppertal_2760"], "https://registry.gdi-de.org/up3/ontology/fuehrung": ["https://registry.gdi-de.org/codelist/de.bund.balm.radnetz/Fuehrung/401"], "https://registry.gdi-de.org/up3/ontology/geometrieAbschnitt": ["https://registry.gdi-de.org/de.nw/radnetz/instances/Section_Wuppertal_1222776_291_right_geometry"], "https://registry.gdi-de.org/up3/ontology/licht": ["https://registry.gdi-de.org/codelist/de.bund.balm.radnetz/Licht/1"], "https://registry.gdi-de.org/up3/ontology/quell-ID": ["1222776"], "https://registry.gdi-de.org/up3/ontology/richtung": ["https://registry.gdi-de.org/codelist/de.bund.balm.radnetz/Richtung/2"], "https://registry.gdi-de.org/up3/ontology/steigung": ["5.655805"], "https://registry.gdi-de.org/up3/ontology/strecken-ID": ["Section_Wuppertal_1222776_291_right"]}, "geometry": {"type": "LineString", "coordinates": [[7.0761955193, 51.2535287415, 191.86], [7.076322521, 51.2535520443, 0.0], [7.0766483313, 51.2536159507, 193.73]]}}, {"type": "Feature", "id": "https://registry.gdi-de.org/de.nw/radnetz/instances/Section_Wuppertal_1226051_532_right", "name": "", "dateprops": [], "properties": {"http://rdfs.org/ns/void#inDataset": ["https://registry.gdi-de.org/de.nw/radnetz/instances/exnw_dataset"], "http://www.opengis.net/ont/geosparql#hasGeometry": ["https://registry.gdi-de.org/de.nw/radnetz/instances/Section_Wuppertal_1226051_532_right_geometry"], "http://www.w3.org/1999/02/22-rdf-syntax-ns#type": ["https://registry.gdi-de.org/up3/ontology/Streckenabschnitt_optional"], "https://registry.gdi-de.org/up3/ontology/beginntBeiKnoten": ["https://registry.gdi-de.org/de.nw/radnetz/instances/Knoten_Wuppertal_2706"], "https://registry.gdi-de.org/up3/ontology/endetBeiKnoten": ["https://registry.gdi-de.org/de.nw/radnetz/instances/Knoten_Wuppertal_110620102"], "https://registry.gdi-de.org/up3/ontology/fuehrung": ["https://registry.gdi-de.org/codelist/de.bund.balm.radnetz/Fuehrung/401"], "https://registry.gdi-de.org/up3/ontology/geometrieAbschnitt": ["https://registry.gdi-de.org/de.nw/radnetz/instances/Section_Wuppertal_1226051_532_right_geometry"], "https://registry.gdi-de.org/up3/ontology/licht": ["https://registry.gdi-de.org/codelist/de.bund.balm.radnetz/Licht/1"], "https://registry.gdi-de.org/up3/ontology/quell-ID": ["1226051"], "https://registry.gdi-de.org/up3/ontology/richtung": ["https://registry.gdi-de.org/codelist/de.bund.balm.radnetz/Richtung/2"], "https://registry.gdi-de.org/up3/ontology/steigung": ["6.383679"], "https://registry.gdi-de.org/up3/ontology/strecken-ID": ["Section_Wuppertal_1226051_532_right"]}, "geometry": {"type": "LineString", "coordinates": [[7.0733146705, 51.2655760342, 186.48], [7.0733676506, 51.2653105308, 188.38]]}}, {"type": "Feature", "id": "https://registry.gdi-de.org/de.nw/radnetz/instances/Section_Wuppertal_10934_936_right", "name": "", "dateprops": [], "properties": {"http://rdfs.org/ns/void#inDataset": ["https://registry.gdi-de.org/de.nw/radnetz/instances/exnw_dataset"], "http://www.opengis.net/ont/geosparql#hasGeometry": ["https://registry.gdi-de.org/de.nw/radnetz/instances/Section_Wuppertal_10934_936_right_geometry"], "http://www.w3.org/1999/02/22-rdf-syntax-ns#type": ["https://registry.gdi-de.org/up3/ontology/Streckenabschnitt_optional"], "https://registry.gdi-de.org/up3/ontology/beginntBeiKnoten": ["https://registry.gdi-de.org/de.nw/radnetz/instances/Knoten_Wuppertal_2633"], "https://registry.gdi-de.org/up3/ontology/endetBeiKnoten": ["https://registry.gdi-de.org/de.nw/radnetz/instances/Knoten_Wuppertal_2629"], "https://registry.gdi-de.org/up3/ontology/geometrieAbschnitt": ["https://registry.gdi-de.org/de.nw/radnetz/instances/Section_Wuppertal_10934_936_right_geometry"], "https://registry.gdi-de.org/up3/ontology/licht": ["https://registry.gdi-de.org/codelist/de.bund.balm.radnetz/Licht/1"], "https://registry.gdi-de.org/up3/ontology/quell-ID": ["10934"], "https://registry.gdi-de.org/up3/ontology/richtung": ["https://registry.gdi-de.org/codelist/de.bund.balm.radnetz/Richtung/2"], "https://registry.gdi-de.org/up3/ontology/steigung": ["1.909064"], "https://registry.gdi-de.org/up3/ontology/strecken-ID": ["Section_Wuppertal_10934_936_right"]}, "geometry": {"type": "LineString", "coordinates": [[7.0723284746, 51.2275839794, 193.61], [7.0723648314, 51.2269841832, 0.0], [7.0723154504, 51.2268048663, 0.0], [7.0722308478, 51.226644381, 195.63]]}}, {"type": "Feature", "id": "https://registry.gdi-de.org/de.nw/radnetz/instances/Section_Wuppertal_394_1027_right", "name": "", "dateprops": [], "properties": {"http://rdfs.org/ns/void#inDataset": ["https://registry.gdi-de.org/de.nw/radnetz/instances/exnw_dataset"], "http://www.opengis.net/ont/geosparql#hasGeometry": ["https://registry.gdi-de.org/de.nw/radnetz/instances/Section_Wuppertal_394_1027_right_geometry"], "http://www.w3.org/1999/02/22-rdf-syntax-ns#type": ["https://registry.gdi-de.org/up3/ontology/Streckenabschnitt_optional"], "https://registry.gdi-de.org/up3/ontology/beginntBeiKnoten": ["https://registry.gdi-de.org/de.nw/radnetz/instances/Knoten_Wuppertal_4268"], "https://registry.gdi-de.org/up3/ontology/endetBeiKnoten": ["https://registry.gdi-de.org/de.nw/radnetz/instances/Knoten_Wuppertal_4255"], "https://registry.gdi-de.org/up3/ontology/geometrieAbschnitt": ["https://registry.gdi-de.org/de.nw/radnetz/instances/Section_Wuppertal_394_1027_right_geometry"], "https://registry.gdi-de.org/up3/ontology/licht": ["https://registry.gdi-de.org/codelist/de.bund.balm.radnetz/Licht/1"], "https://registry.gdi-de.org/up3/ontology/quell-ID": ["394"], "https://registry.gdi-de.org/up3/ontology/richtung": ["https://registry.gdi-de.org/codelist/de.bund.balm.radnetz/Richtung/2"], "https://registry.gdi-de.org/up3/ontology/steigung": ["7.008811"], "https://registry.gdi-de.org/up3/ontology/strecken-ID": ["Section_Wuppertal_394_1027_right"]}, "geometry": {"type": "LineString", "coordinates": [[7.1285808943, 51.2774472479, 0.0], [7.1284014219, 51.2776777728, 0.0]]}}, {"type": "Feature", "id": "https://registry.gdi-de.org/de.nw/radnetz/instances/Section_Wuppertal_1225311_928_right", "name": "", "dateprops": [], "properties": {"http://rdfs.org/ns/void#inDataset": ["https://registry.gdi-de.org/de.nw/radnetz/instances/exnw_dataset"], "http://www.opengis.net/ont/geosparql#hasGeometry": ["https://registry.gdi-de.org/de.nw/radnetz/instances/Section_Wuppertal_1225311_928_right_geometry"], "http://www.w3.org/1999/02/22-rdf-syntax-ns#type": ["https://registry.gdi-de.org/up3/ontology/Streckenabschnitt_optional"], "https://registry.gdi-de.org/up3/ontology/beginntBeiKnoten": ["https://registry.gdi-de.org/de.nw/radnetz/instances/Knoten_Wuppertal_116150103"], "https://registry.gdi-de.org/up3/ontology/endetBeiKnoten": ["https://registry.gdi-de.org/de.nw/radnetz/instances/Knoten_Wuppertal_9323"], "https://registry.gdi-de.org/up3/ontology/geometrieAbschnitt": ["https://registry.gdi-de.org/de.nw/radnetz/instances/Section_Wuppertal_1225311_928_right_geometry"], "https://registry.gdi-de.org/up3/ontology/licht": ["https://registry.gdi-de.org/codelist/de.bund.balm.radnetz/Licht/1"], "https://registry.gdi-de.org/up3/ontology/quell-ID": ["1225311"], "https://registry.gdi-de.org/up3/ontology/richtung": ["https://registry.gdi-de.org/codelist/de.bund.balm.radnetz/Richtung/2"], "https://registry.gdi-de.org/up3/ontology/steigung": ["2.371443"], "https://registry.gdi-de.org/up3/ontology/strecken-ID": ["Section_Wuppertal_1225311_928_right"]}, "geometry": {"type": "LineString", "coordinates": [[7.2490363491, 51.3112355035, 319.83], [7.2489745361, 51.3114055366, 320.29]]}}, {"type": "Feature", "id": "https://registry.gdi-de.org/de.nw/radnetz/instances/Section_Wuppertal_1225329_470_right", "name": "", "dateprops": [], "properties": {"http://rdfs.org/ns/void#inDataset": ["https://registry.gdi-de.org/de.nw/radnetz/instances/exnw_dataset"], "http://www.opengis.net/ont/geosparql#hasGeometry": ["https://registry.gdi-de.org/de.nw/radnetz/instances/Section_Wuppertal_1225329_470_right_geometry"], "http://www.w3.org/1999/02/22-rdf-syntax-ns#type": ["https://registry.gdi-de.org/up3/ontology/Streckenabschnitt_optional"], "https://registry.gdi-de.org/up3/ontology/beginntBeiKnoten": ["https://registry.gdi-de.org/de.nw/radnetz/instances/Knoten_Wuppertal_4242"], "https://registry.gdi-de.org/up3/ontology/endetBeiKnoten": ["https://registry.gdi-de.org/de.nw/radnetz/instances/Knoten_Wuppertal_114210102"], "https://registry.gdi-de.org/up3/ontology/geometrieAbschnitt": ["https://registry.gdi-de.org/de.nw/radnetz/instances/Section_Wuppertal_1225329_470_right_geometry"], "https://registry.gdi-de.org/up3/ontology/licht": ["https://registry.gdi-de.org/codelist/de.bund.balm.radnetz/Licht/1"], "https://registry.gdi-de.org/up3/ontology/quell-ID": ["1225329"], "https://registry.gdi-de.org/up3/ontology/richtung": ["https://registry.gdi-de.org/codelist/de.bund.balm.radnetz/Richtung/2"], "https://registry.gdi-de.org/up3/ontology/steigung": ["1.966607"], "https://registry.gdi-de.org/up3/ontology/strecken-ID": ["Section_Wuppertal_1225329_470_right"]}, "geometry": {"type": "LineString", "coordinates": [[7.1314332036, 51.1995939906, 263.5], [7.1314453087, 51.1996529312, 263.63]]}}, {"type": "Feature", "id": "https://registry.gdi-de.org/de.nw/radnetz/instances/Section_Wuppertal_7407_153_right", "name": "", "dateprops": [], "properties": {"http://rdfs.org/ns/void#inDataset": ["https://registry.gdi-de.org/de.nw/radnetz/instances/exnw_dataset"], "http://www.opengis.net/ont/geosparql#hasGeometry": ["https://registry.gdi-de.org/de.nw/radnetz/instances/Section_Wuppertal_7407_153_right_geometry"], "http://www.w3.org/1999/02/22-rdf-syntax-ns#type": ["https://registry.gdi-de.org/up3/ontology/Streckenabschnitt_optional"], "https://registry.gdi-de.org/up3/ontology/beginntBeiKnoten": ["https://registry.gdi-de.org/de.nw/radnetz/instances/Knoten_Wuppertal_9500"], "https://registry.gdi-de.org/up3/ontology/endetBeiKnoten": ["https://registry.gdi-de.org/de.nw/radnetz/instances/Knoten_Wuppertal_9545"], "https://registry.gdi-de.org/up3/ontology/fuehrung": ["https://registry.gdi-de.org/codelist/de.bund.balm.radnetz/Fuehrung/401"], "https://registry.gdi-de.org/up3/ontology/geometrieAbschnitt": ["https://registry.gdi-de.org/de.nw/radnetz/instances/Section_Wuppertal_7407_153_right_geometry"], "https://registry.gdi-de.org/up3/ontology/licht": ["https://registry.gdi-de.org/codelist/de.bund.balm.radnetz/Licht/0"], "https://registry.gdi-de.org/up3/ontology/quell-ID": ["7407"], "https://registry.gdi-de.org/up3/ontology/richtung": ["https://registry.gdi-de.org/codelist/de.bund.balm.radnetz/Richtung/2"], "https://registry.gdi-de.org/up3/ontology/steigung": ["0.8728333"], "https://registry.gdi-de.org/up3/ontology/strecken-ID": ["Section_Wuppertal_7407_153_right"]}, "geometry": {"type": "LineString", "coordinates": [[7.2573887427, 51.2832620162, 181.25], [7.2596697315, 51.2837584563, 182.72]]}}, {"type": "Feature", "id": "https://registry.gdi-de.org/de.nw/radnetz/instances/Section_Wuppertal_1226659_1059_right", "name": "", "dateprops": [], "properties": {"http://rdfs.org/ns/void#inDataset": ["https://registry.gdi-de.org/de.nw/radnetz/instances/exnw_dataset"], "http://www.opengis.net/ont/geosparql#hasGeometry": ["https://registry.gdi-de.org/de.nw/radnetz/instances/Section_Wuppertal_1226659_1059_right_geometry"], "http://www.w3.org/1999/02/22-rdf-syntax-ns#type": ["https://registry.gdi-de.org/up3/ontology/Streckenabschnitt_optional"], "https://registry.gdi-de.org/up3/ontology/beginntBeiKnoten": ["https://registry.gdi-de.org/de.nw/radnetz/instances/Knoten_Wuppertal_6268"], "https://registry.gdi-de.org/up3/ontology/endetBeiKnoten": ["https://registry.gdi-de.org/de.nw/radnetz/instances/Knoten_Wuppertal_112090101"], "https://registry.gdi-de.org/up3/ontology/geometrieAbschnitt": ["https://registry.gdi-de.org/de.nw/radnetz/instances/Section_Wuppertal_1226659_1059_right_geometry"], "https://registry.gdi-de.org/up3/ontology/licht": ["https://registry.gdi-de.org/codelist/de.bund.balm.radnetz/Licht/1"], "https://registry.gdi-de.org/up3/ontology/quell-ID": ["1226659"], "https://registry.gdi-de.org/up3/ontology/richtung": ["https://registry.gdi-de.org/codelist/de.bund.balm.radnetz/Richtung/2"], "https://registry.gdi-de.org/up3/ontology/steigung": ["0.5875466"], "https://registry.gdi-de.org/up3/ontology/strecken-ID": ["Section_Wuppertal_1226659_1059_right"]}, "geometry": {"type": "LineString", "coordinates": [[7.1684617975, 51.280300261, 0.0], [7.1685022625, 51.2803173631, 0.0]]}}, {"type": "Feature", "id": "https://registry.gdi-de.org/de.nw/radnetz/instances/Section_Wuppertal_1229860_933_right", "name": "", "dateprops": [], "properties": {"http://rdfs.org/ns/void#inDataset": ["https://registry.gdi-de.org/de.nw/radnetz/instances/exnw_dataset"], "http://www.opengis.net/ont/geosparql#hasGeometry": ["https://registry.gdi-de.org/de.nw/radnetz/instances/Section_Wuppertal_1229860_933_right_geometry"], "http://www.w3.org/1999/02/22-rdf-syntax-ns#type": ["https://registry.gdi-de.org/up3/ontology/Streckenabschnitt_optional"], "https://registry.gdi-de.org/up3/ontology/beginntBeiKnoten": ["https://registry.gdi-de.org/de.nw/radnetz/instances/Knoten_Wuppertal_1189691274"], "https://registry.gdi-de.org/up3/ontology/endetBeiKnoten": ["https://registry.gdi-de.org/de.nw/radnetz/instances/Knoten_Wuppertal_1189691269"], "https://registry.gdi-de.org/up3/ontology/fuehrung": ["https://registry.gdi-de.org/codelist/de.bund.balm.radnetz/Fuehrung/401"], "https://registry.gdi-de.org/up3/ontology/geometrieAbschnitt": ["https://registry.gdi-de.org/de.nw/radnetz/instances/Section_Wuppertal_1229860_933_right_geometry"], "https://registry.gdi-de.org/up3/ontology/licht": ["https://registry.gdi-de.org/codelist/de.bund.balm.radnetz/Licht/1"], "https://registry.gdi-de.org/up3/ontology/quell-ID": ["1229860"], "https://registry.gdi-de.org/up3/ontology/richtung": ["https://registry.gdi-de.org/codelist/de.bund.balm.radnetz/Richtung/2"], "https://registry.gdi-de.org/up3/ontology/steigung": ["5.161882"], "https://registry.gdi-de.org/up3/ontology/strecken-ID": ["Section_Wuppertal_1229860_933_right"]}, "geometry": {"type": "LineString", "coordinates": [[7.2520143743, 51.3082603263, 302.55], [7.251753258, 51.3085582395, 0.0], [7.2514812336, 51.3087913921, 306.16]]}}, {"type": "Feature", "id": "https://registry.gdi-de.org/de.nw/radnetz/instances/Section_Wuppertal_1228166_1063_right", "name": "", "dateprops": [], "properties": {"http://rdfs.org/ns/void#inDataset": ["https://registry.gdi-de.org/de.nw/radnetz/instances/exnw_dataset"], "http://www.opengis.net/ont/geosparql#hasGeometry": ["https://registry.gdi-de.org/de.nw/radnetz/instances/Section_Wuppertal_1228166_1063_right_geometry"], "http://www.w3.org/1999/02/22-rdf-syntax-ns#type": ["https://registry.gdi-de.org/up3/ontology/Streckenabschnitt_optional"], "https://registry.gdi-de.org/up3/ontology/beginntBeiKnoten": ["https://registry.gdi-de.org/de.nw/radnetz/instances/Knoten_Wuppertal_6305"], "https://registry.gdi-de.org/up3/ontology/endetBeiKnoten": ["https://registry.gdi-de.org/de.nw/radnetz/instances/Knoten_Wuppertal_1189690457"], "https://registry.gdi-de.org/up3/ontology/geometrieAbschnitt": ["https://registry.gdi-de.org/de.nw/radnetz/instances/Section_Wuppertal_1228166_1063_right_geometry"], "https://registry.gdi-de.org/up3/ontology/licht": ["https://registry.gdi-de.org/codelist/de.bund.balm.radnetz/Licht/1"], "https://registry.gdi-de.org/up3/ontology/quell-ID": ["1228166"], "https://registry.gdi-de.org/up3/ontology/richtung": ["https://registry.gdi-de.org/codelist/de.bund.balm.radnetz/Richtung/2"], "https://registry.gdi-de.org/up3/ontology/steigung": ["1.986466"], "https://registry.gdi-de.org/up3/ontology/strecken-ID": ["Section_Wuppertal_1228166_1063_right"]}, "geometry": {"type": "LineString", "coordinates": [[7.1694849929, 51.2807327064, 0.0], [7.1707955164, 51.2812866456, 0.0]]}}, {"type": "Feature", "id": "https://registry.gdi-de.org/de.nw/radnetz/instances/Section_Wuppertal_1223617_379_right", "name": "", "dateprops": [], "properties": {"http://rdfs.org/ns/void#inDataset": ["https://registry.gdi-de.org/de.nw/radnetz/instances/exnw_dataset"], "http://www.opengis.net/ont/geosparql#hasGeometry": ["https://registry.gdi-de.org/de.nw/radnetz/instances/Section_Wuppertal_1223617_379_right_geometry"], "http://www.w3.org/1999/02/22-rdf-syntax-ns#type": ["https://registry.gdi-de.org/up3/ontology/Streckenabschnitt_optional"], "https://registry.gdi-de.org/up3/ontology/beginntBeiKnoten": ["https://registry.gdi-de.org/de.nw/radnetz/instances/Knoten_Wuppertal_113370102"], "https://registry.gdi-de.org/up3/ontology/endetBeiKnoten": ["https://registry.gdi-de.org/de.nw/radnetz/instances/Knoten_Wuppertal_2374"], "https://registry.gdi-de.org/up3/ontology/geometrieAbschnitt": ["https://registry.gdi-de.org/de.nw/radnetz/instances/Section_Wuppertal_1223617_379_right_geometry"], "https://registry.gdi-de.org/up3/ontology/licht": ["https://registry.gdi-de.org/codelist/de.bund.balm.radnetz/Licht/1"], "https://registry.gdi-de.org/up3/ontology/quell-ID": ["1223617"], "https://registry.gdi-de.org/up3/ontology/richtung": ["https://registry.gdi-de.org/codelist/de.bund.balm.radnetz/Richtung/2"], "https://registry.gdi-de.org/up3/ontology/steigung": ["7.477282"], "https://registry.gdi-de.org/up3/ontology/strecken-ID": ["Section_Wuppertal_1223617_379_right"]}, "geometry": {"type": "LineString", "coordinates": [[7.0630023523, 51.2312693878, 186.27], [7.0627069836, 51.231536314, 0.0], [7.0622950452, 51.231727853, 191.65]]}}, {"type": "Feature", "id": "https://registry.gdi-de.org/de.nw/radnetz/instances/Section_Wuppertal_1225835_512_right", "name": "", "dateprops": [], "properties": {"http://rdfs.org/ns/void#inDataset": ["https://registry.gdi-de.org/de.nw/radnetz/instances/exnw_dataset"], "http://www.opengis.net/ont/geosparql#hasGeometry": ["https://registry.gdi-de.org/de.nw/radnetz/instances/Section_Wuppertal_1225835_512_right_geometry"], "http://www.w3.org/1999/02/22-rdf-syntax-ns#type": ["https://registry.gdi-de.org/up3/ontology/Streckenabschnitt_optional"], "https://registry.gdi-de.org/up3/ontology/beginntBeiKnoten": ["https://registry.gdi-de.org/de.nw/radnetz/instances/Knoten_Wuppertal_113550102"], "https://registry.gdi-de.org/up3/ontology/endetBeiKnoten": ["https://registry.gdi-de.org/de.nw/radnetz/instances/Knoten_Wuppertal_2360"], "https://registry.gdi-de.org/up3/ontology/geometrieAbschnitt": ["https://registry.gdi-de.org/de.nw/radnetz/instances/Section_Wuppertal_1225835_512_right_geometry"], "https://registry.gdi-de.org/up3/ontology/licht": ["https://registry.gdi-de.org/codelist/de.bund.balm.radnetz/Licht/1"], "https://registry.gdi-de.org/up3/ontology/quell-ID": ["1225835"], "https://registry.gdi-de.org/up3/ontology/richtung": ["https://registry.gdi-de.org/codelist/de.bund.balm.radnetz/Richtung/2"], "https://registry.gdi-de.org/up3/ontology/steigung": ["0.8743223"], "https://registry.gdi-de.org/up3/ontology/strecken-ID": ["Section_Wuppertal_1225835_512_right"]}, "geometry": {"type": "LineString", "coordinates": [[7.0624243249, 51.2246643604, 202.06], [7.0617136613, 51.2244090452, 202.56]]}}, {"type": "Feature", "id": "https://registry.gdi-de.org/de.nw/radnetz/instances/Section_Wuppertal_1227540_681_right", "name": "", "dateprops": [], "properties": {"http://rdfs.org/ns/void#inDataset": ["https://registry.gdi-de.org/de.nw/radnetz/instances/exnw_dataset"], "http://www.opengis.net/ont/geosparql#hasGeometry": ["https://registry.gdi-de.org/de.nw/radnetz/instances/Section_Wuppertal_1227540_681_right_geometry"], "http://www.w3.org/1999/02/22-rdf-syntax-ns#type": ["https://registry.gdi-de.org/up3/ontology/Streckenabschnitt_optional"], "https://registry.gdi-de.org/up3/ontology/beginntBeiKnoten": ["https://registry.gdi-de.org/de.nw/radnetz/instances/Knoten_Wuppertal_3357"], "https://registry.gdi-de.org/up3/ontology/endetBeiKnoten": ["https://registry.gdi-de.org/de.nw/radnetz/instances/Knoten_Wuppertal_1189690152"], "https://registry.gdi-de.org/up3/ontology/fuehrung": ["https://registry.gdi-de.org/codelist/de.bund.balm.radnetz/Fuehrung/200"], "https://registry.gdi-de.org/up3/ontology/geometrieAbschnitt": ["https://registry.gdi-de.org/de.nw/radnetz/instances/Section_Wuppertal_1227540_681_right_geometry"], "https://registry.gdi-de.org/up3/ontology/licht": ["https://registry.gdi-de.org/codelist/de.bund.balm.radnetz/Licht/1"], "https://registry.gdi-de.org/up3/ontology/quell-ID": ["1227540"], "https://registry.gdi-de.org/up3/ontology/richtung": ["https://registry.gdi-de.org/codelist/de.bund.balm.radnetz/Richtung/2"], "https://registry.gdi-de.org/up3/ontology/steigung": ["2.149702"], "https://registry.gdi-de.org/up3/ontology/strecken-ID": ["Section_Wuppertal_1227540_681_right"]}, "geometry": {"type": "LineString", "coordinates": [[7.1059724914, 51.255502084, 162.43], [7.1060496938, 51.2555753373, 162.64]]}}, {"type": "Feature", "id": "https://registry.gdi-de.org/de.nw/radnetz/instances/Section_Wuppertal_1222498_283_right", "name": "", "dateprops": [], "properties": {"http://rdfs.org/ns/void#inDataset": ["https://registry.gdi-de.org/de.nw/radnetz/instances/exnw_dataset"], "http://www.opengis.net/ont/geosparql#hasGeometry": ["https://registry.gdi-de.org/de.nw/radnetz/instances/Section_Wuppertal_1222498_283_right_geometry"], "http://www.w3.org/1999/02/22-rdf-syntax-ns#type": ["https://registry.gdi-de.org/up3/ontology/Streckenabschnitt_optional"], "https://registry.gdi-de.org/up3/ontology/beginntBeiKnoten": ["https://registry.gdi-de.org/de.nw/radnetz/instances/Knoten_Wuppertal_5056"], "https://registry.gdi-de.org/up3/ontology/endetBeiKnoten": ["https://registry.gdi-de.org/de.nw/radnetz/instances/Knoten_Wuppertal_5130"], "https://registry.gdi-de.org/up3/ontology/geometrieAbschnitt": ["https://registry.gdi-de.org/de.nw/radnetz/instances/Section_Wuppertal_1222498_283_right_geometry"], "https://registry.gdi-de.org/up3/ontology/licht": ["https://registry.gdi-de.org/codelist/de.bund.balm.radnetz/Licht/1"], "https://registry.gdi-de.org/up3/ontology/quell-ID": ["1222498"], "https://registry.gdi-de.org/up3/ontology/richtung": ["https://registry.gdi-de.org/codelist/de.bund.balm.radnetz/Richtung/2"], "https://registry.gdi-de.org/up3/ontology/steigung": ["0.7808574"], "https://registry.gdi-de.org/up3/ontology/strecken-ID": ["Section_Wuppertal_1222498_283_right"]}, "geometry": {"type": "LineString", "coordinates": [[7.145749544, 51.2275256275, 320.31], [7.1470843527, 51.2265006211, 321.46]]}}, {"type": "Feature", "id": "https://registry.gdi-de.org/de.nw/radnetz/instances/Section_Wuppertal_1229582_731_right", "name": "", "dateprops": [], "properties": {"http://rdfs.org/ns/void#inDataset": ["https://registry.gdi-de.org/de.nw/radnetz/instances/exnw_dataset"], "http://www.opengis.net/ont/geosparql#hasGeometry": ["https://registry.gdi-de.org/de.nw/radnetz/instances/Section_Wuppertal_1229582_731_right_geometry"], "http://www.w3.org/1999/02/22-rdf-syntax-ns#type": ["https://registry.gdi-de.org/up3/ontology/Streckenabschnitt_optional"], "https://registry.gdi-de.org/up3/ontology/beginntBeiKnoten": ["https://registry.gdi-de.org/de.nw/radnetz/instances/Knoten_Wuppertal_2955"], "https://registry.gdi-de.org/up3/ontology/endetBeiKnoten": ["https://registry.gdi-de.org/de.nw/radnetz/instances/Knoten_Wuppertal_1189691143"], "https://registry.gdi-de.org/up3/ontology/geometrieAbschnitt": ["https://registry.gdi-de.org/de.nw/radnetz/instances/Section_Wuppertal_1229582_731_right_geometry"], "https://registry.gdi-de.org/up3/ontology/licht": ["https://registry.gdi-de.org/codelist/de.bund.balm.radnetz/Licht/1"], "https://registry.gdi-de.org/up3/ontology/quell-ID": ["1229582"], "https://registry.gdi-de.org/up3/ontology/richtung": ["https://registry.gdi-de.org/codelist/de.bund.balm.radnetz/Richtung/2"], "https://registry.gdi-de.org/up3/ontology/steigung": ["2.564888"], "https://registry.gdi-de.org/up3/ontology/strecken-ID": ["Section_Wuppertal_1229582_731_right"]}, "geometry": {"type": "LineString", "coordinates": [[7.0882929657, 51.2363803404, 136.47], [7.0882320347, 51.2363555776, 136.6]]}}, {"type": "Feature", "id": "https://registry.gdi-de.org/de.nw/radnetz/instances/Section_Wuppertal_1228559_716_right", "name": "", "dateprops": [], "properties": {"http://rdfs.org/ns/void#inDataset": ["https://registry.gdi-de.org/de.nw/radnetz/instances/exnw_dataset"], "http://www.opengis.net/ont/geosparql#hasGeometry": ["https://registry.gdi-de.org/de.nw/radnetz/instances/Section_Wuppertal_1228559_716_right_geometry"], "http://www.w3.org/1999/02/22-rdf-syntax-ns#type": ["https://registry.gdi-de.org/up3/ontology/Streckenabschnitt_optional"], "https://registry.gdi-de.org/up3/ontology/beginntBeiKnoten": ["https://registry.gdi-de.org/de.nw/radnetz/instances/Knoten_Wuppertal_7005"], "https://registry.gdi-de.org/up3/ontology/endetBeiKnoten": ["https://registry.gdi-de.org/de.nw/radnetz/instances/Knoten_Wuppertal_1189690648"], "https://registry.gdi-de.org/up3/ontology/geometrieAbschnitt": ["https://registry.gdi-de.org/de.nw/radnetz/instances/Section_Wuppertal_1228559_716_right_geometry"], "https://registry.gdi-de.org/up3/ontology/licht": ["https://registry.gdi-de.org/codelist/de.bund.balm.radnetz/Licht/1"], "https://registry.gdi-de.org/up3/ontology/quell-ID": ["1228559"], "https://registry.gdi-de.org/up3/ontology/richtung": ["https://registry.gdi-de.org/codelist/de.bund.balm.radnetz/Richtung/2"], "https://registry.gdi-de.org/up3/ontology/steigung": ["0.4731737"], "https://registry.gdi-de.org/up3/ontology/strecken-ID": ["Section_Wuppertal_1228559_716_right"]}, "geometry": {"type": "LineString", "coordinates": [[7.1907391098, 51.2680167814, 151.58], [7.1919393532, 51.2686564908, 152.1]]}}, {"type": "Feature", "id": "https://registry.gdi-de.org/de.nw/radnetz/instances/Section_Wuppertal_1226980_660_right", "name": "", "dateprops": [], "properties": {"http://rdfs.org/ns/void#inDataset": ["https://registry.gdi-de.org/de.nw/radnetz/instances/exnw_dataset"], "http://www.opengis.net/ont/geosparql#hasGeometry": ["https://registry.gdi-de.org/de.nw/radnetz/instances/Section_Wuppertal_1226980_660_right_geometry"], "http://www.w3.org/1999/02/22-rdf-syntax-ns#type": ["https://registry.gdi-de.org/up3/ontology/Streckenabschnitt_optional"], "https://registry.gdi-de.org/up3/ontology/beginntBeiKnoten": ["https://registry.gdi-de.org/de.nw/radnetz/instances/Knoten_Wuppertal_112810102"], "https://registry.gdi-de.org/up3/ontology/endetBeiKnoten": ["https://registry.gdi-de.org/de.nw/radnetz/instances/Knoten_Wuppertal_112810101"], "https://registry.gdi-de.org/up3/ontology/fuehrung": ["https://registry.gdi-de.org/codelist/de.bund.balm.radnetz/Fuehrung/401"], "https://registry.gdi-de.org/up3/ontology/geometrieAbschnitt": ["https://registry.gdi-de.org/de.nw/radnetz/instances/Section_Wuppertal_1226980_660_right_geometry"], "https://registry.gdi-de.org/up3/ontology/licht": ["https://registry.gdi-de.org/codelist/de.bund.balm.radnetz/Licht/1"], "https://registry.gdi-de.org/up3/ontology/quell-ID": ["1226980"], "https://registry.gdi-de.org/up3/ontology/richtung": ["https://registry.gdi-de.org/codelist/de.bund.balm.radnetz/Richtung/2"], "https://registry.gdi-de.org/up3/ontology/steigung": ["2.299623"], "https://registry.gdi-de.org/up3/ontology/strecken-ID": ["Section_Wuppertal_1226980_660_right"]}, "geometry": {"type": "LineString", "coordinates": [[7.1323847925, 51.2797978701, 295.49], [7.1326168012, 51.2797715356, 0.0], [7.1326781697, 51.2797815905, 295.97]]}}, {"type": "Feature", "id": "https://registry.gdi-de.org/de.nw/radnetz/instances/Section_Wuppertal_1226237_1047_right", "name": "", "dateprops": [], "properties": {"http://rdfs.org/ns/void#inDataset": ["https://registry.gdi-de.org/de.nw/radnetz/instances/exnw_dataset"], "http://www.opengis.net/ont/geosparql#hasGeometry": ["https://registry.gdi-de.org/de.nw/radnetz/instances/Section_Wuppertal_1226237_1047_right_geometry"], "http://www.w3.org/1999/02/22-rdf-syntax-ns#type": ["https://registry.gdi-de.org/up3/ontology/Streckenabschnitt_optional"], "https://registry.gdi-de.org/up3/ontology/beginntBeiKnoten": ["https://registry.gdi-de.org/de.nw/radnetz/instances/Knoten_Wuppertal_112790102"], "https://registry.gdi-de.org/up3/ontology/endetBeiKnoten": ["https://registry.gdi-de.org/de.nw/radnetz/instances/Knoten_Wuppertal_4291"], "https://registry.gdi-de.org/up3/ontology/geometrieAbschnitt": ["https://registry.gdi-de.org/de.nw/radnetz/instances/Section_Wuppertal_1226237_1047_right_geometry"], "https://registry.gdi-de.org/up3/ontology/licht": ["https://registry.gdi-de.org/codelist/de.bund.balm.radnetz/Licht/1"], "https://registry.gdi-de.org/up3/ontology/quell-ID": ["1226237"], "https://registry.gdi-de.org/up3/ontology/richtung": ["https://registry.gdi-de.org/codelist/de.bund.balm.radnetz/Richtung/2"], "https://registry.gdi-de.org/up3/ontology/steigung": ["4.274886"], "https://registry.gdi-de.org/up3/ontology/strecken-ID": ["Section_Wuppertal_1226237_1047_right"]}, "geometry": {"type": "LineString", "coordinates": [[7.1292126713, 51.2767932672, 0.0], [7.1291094602, 51.276913664, 0.0]]}}, {"type": "Feature", "id": "https://registry.gdi-de.org/de.nw/radnetz/instances/Section_Wuppertal_1225143_449_right", "name": "", "dateprops": [], "properties": {"http://rdfs.org/ns/void#inDataset": ["https://registry.gdi-de.org/de.nw/radnetz/instances/exnw_dataset"], "http://www.opengis.net/ont/geosparql#hasGeometry": ["https://registry.gdi-de.org/de.nw/radnetz/instances/Section_Wuppertal_1225143_449_right_geometry"], "http://www.w3.org/1999/02/22-rdf-syntax-ns#type": ["https://registry.gdi-de.org/up3/ontology/Streckenabschnitt_optional"], "https://registry.gdi-de.org/up3/ontology/beginntBeiKnoten": ["https://registry.gdi-de.org/de.nw/radnetz/instances/Knoten_Wuppertal_6915"], "https://registry.gdi-de.org/up3/ontology/endetBeiKnoten": ["https://registry.gdi-de.org/de.nw/radnetz/instances/Knoten_Wuppertal_110600201"], "https://registry.gdi-de.org/up3/ontology/fuehrung": ["https://registry.gdi-de.org/codelist/de.bund.balm.radnetz/Fuehrung/401"], "https://registry.gdi-de.org/up3/ontology/geometrieAbschnitt": ["https://registry.gdi-de.org/de.nw/radnetz/instances/Section_Wuppertal_1225143_449_right_geometry"], "https://registry.gdi-de.org/up3/ontology/licht": ["https://registry.gdi-de.org/codelist/de.bund.balm.radnetz/Licht/1"], "https://registry.gdi-de.org/up3/ontology/quell-ID": ["1225143"], "https://registry.gdi-de.org/up3/ontology/richtung": ["https://registry.gdi-de.org/codelist/de.bund.balm.radnetz/Richtung/2"], "https://registry.gdi-de.org/up3/ontology/steigung": ["4.435522"], "https://registry.gdi-de.org/up3/ontology/strecken-ID": ["Section_Wuppertal_1225143_449_right"]}, "geometry": {"type": "LineString", "coordinates": [[7.1905715442, 51.2247705258, 315.76], [7.1905001872, 51.2240990861, 319.08]]}}, {"type": "Feature", "id": "https://registry.gdi-de.org/de.nw/radnetz/instances/Section_Wuppertal_1229795_1004_right", "name": "", "dateprops": [], "properties": {"http://rdfs.org/ns/void#inDataset": ["https://registry.gdi-de.org/de.nw/radnetz/instances/exnw_dataset"], "http://www.opengis.net/ont/geosparql#hasGeometry": ["https://registry.gdi-de.org/de.nw/radnetz/instances/Section_Wuppertal_1229795_1004_right_geometry"], "http://www.w3.org/1999/02/22-rdf-syntax-ns#type": ["https://registry.gdi-de.org/up3/ontology/Streckenabschnitt_optional"], "https://registry.gdi-de.org/up3/ontology/beginntBeiKnoten": ["https://registry.gdi-de.org/de.nw/radnetz/instances/Knoten_Wuppertal_3505"], "https://registry.gdi-de.org/up3/ontology/endetBeiKnoten": ["https://registry.gdi-de.org/de.nw/radnetz/instances/Knoten_Wuppertal_114310101"], "https://registry.gdi-de.org/up3/ontology/fuehrung": ["https://registry.gdi-de.org/codelist/de.bund.balm.radnetz/Fuehrung/405"], "https://registry.gdi-de.org/up3/ontology/geometrieAbschnitt": ["https://registry.gdi-de.org/de.nw/radnetz/instances/Section_Wuppertal_1229795_1004_right_geometry"], "https://registry.gdi-de.org/up3/ontology/licht": ["https://registry.gdi-de.org/codelist/de.bund.balm.radnetz/Licht/0"], "https://registry.gdi-de.org/up3/ontology/quell-ID": ["1229795"], "https://registry.gdi-de.org/up3/ontology/richtung": ["https://registry.gdi-de.org/codelist/de.bund.balm.radnetz/Richtung/2"], "https://registry.gdi-de.org/up3/ontology/steigung": ["8.755484"], "https://registry.gdi-de.org/up3/ontology/strecken-ID": ["Section_Wuppertal_1229795_1004_right"]}, "geometry": {"type": "LineString", "coordinates": [[7.1136277391, 51.1939926767, 0.0], [7.1138837398, 51.1944040369, 0.0], [7.1143746045, 51.1951813945, 0.0], [7.1143876363, 51.1957205919, 0.0], [7.1143826625, 51.1961071581, 0.0], [7.1144862742, 51.1968432511, 0.0], [7.114188665, 51.1973764236, 0.0], [7.113846343, 51.1975954277, 0.0], [7.1131977679, 51.197988686, 0.0], [7.1129043188, 51.1981577736, 0.0], [7.112570357, 51.198351038, 0.0], [7.1122569023, 51.1985260092, 0.0], [7.1121529596, 51.1986515933, 0.0], [7.1120935791, 51.1987747929, 0.0], [7.1120371041, 51.1989477027, 0.0], [7.1120467165, 51.1990751193, 0.0], [7.1120830426, 51.1991533046, 0.0], [7.1121816507, 51.199279054, 0.0], [7.1123444437, 51.199405839, 0.0], [7.1127062385, 51.1996196409, 0.0], [7.1138414382, 51.200275464, 0.0]]}}, {"type": "Feature", "id": "https://registry.gdi-de.org/de.nw/radnetz/instances/Section_Wuppertal_9488_192_right", "name": "", "dateprops": [], "properties": {"http://rdfs.org/ns/void#inDataset": ["https://registry.gdi-de.org/de.nw/radnetz/instances/exnw_dataset"], "http://www.opengis.net/ont/geosparql#hasGeometry": ["https://registry.gdi-de.org/de.nw/radnetz/instances/Section_Wuppertal_9488_192_right_geometry"], "http://www.w3.org/1999/02/22-rdf-syntax-ns#type": ["https://registry.gdi-de.org/up3/ontology/Streckenabschnitt_optional"], "https://registry.gdi-de.org/up3/ontology/beginntBeiKnoten": ["https://registry.gdi-de.org/de.nw/radnetz/instances/Knoten_Wuppertal_9577"], "https://registry.gdi-de.org/up3/ontology/endetBeiKnoten": ["https://registry.gdi-de.org/de.nw/radnetz/instances/Knoten_Wuppertal_9612"], "https://registry.gdi-de.org/up3/ontology/fuehrung": ["https://registry.gdi-de.org/codelist/de.bund.balm.radnetz/Fuehrung/401"], "https://registry.gdi-de.org/up3/ontology/geometrieAbschnitt": ["https://registry.gdi-de.org/de.nw/radnetz/instances/Section_Wuppertal_9488_192_right_geometry"], "https://registry.gdi-de.org/up3/ontology/licht": ["https://registry.gdi-de.org/codelist/de.bund.balm.radnetz/Licht/0"], "https://registry.gdi-de.org/up3/ontology/quell-ID": ["9488"], "https://registry.gdi-de.org/up3/ontology/richtung": ["https://registry.gdi-de.org/codelist/de.bund.balm.radnetz/Richtung/2"], "https://registry.gdi-de.org/up3/ontology/steigung": ["0.9072079"], "https://registry.gdi-de.org/up3/ontology/strecken-ID": ["Section_Wuppertal_9488_192_right"]}, "geometry": {"type": "LineString", "coordinates": [[7.2614058771, 51.2844699004, 183.93], [7.2622187396, 51.2850886639, 0.0], [7.2626774762, 51.2854369185, 0.0], [7.2629905249, 51.2856911824, 0.0], [7.2635657091, 51.2862261714, 186.17]]}}, {"type": "Feature", "id": "https://registry.gdi-de.org/de.nw/radnetz/instances/Section_Wuppertal_1224357_1035_right", "name": "", "dateprops": [], "properties": {"http://rdfs.org/ns/void#inDataset": ["https://registry.gdi-de.org/de.nw/radnetz/instances/exnw_dataset"], "http://www.opengis.net/ont/geosparql#hasGeometry": ["https://registry.gdi-de.org/de.nw/radnetz/instances/Section_Wuppertal_1224357_1035_right_geometry"], "http://www.w3.org/1999/02/22-rdf-syntax-ns#type": ["https://registry.gdi-de.org/up3/ontology/Streckenabschnitt_optional"], "https://registry.gdi-de.org/up3/ontology/beginntBeiKnoten": ["https://registry.gdi-de.org/de.nw/radnetz/instances/Knoten_Wuppertal_4340"], "https://registry.gdi-de.org/up3/ontology/endetBeiKnoten": ["https://registry.gdi-de.org/de.nw/radnetz/instances/Knoten_Wuppertal_112770101"], "https://registry.gdi-de.org/up3/ontology/geometrieAbschnitt": ["https://registry.gdi-de.org/de.nw/radnetz/instances/Section_Wuppertal_1224357_1035_right_geometry"], "https://registry.gdi-de.org/up3/ontology/licht": ["https://registry.gdi-de.org/codelist/de.bund.balm.radnetz/Licht/1"], "https://registry.gdi-de.org/up3/ontology/quell-ID": ["1224357"], "https://registry.gdi-de.org/up3/ontology/richtung": ["https://registry.gdi-de.org/codelist/de.bund.balm.radnetz/Richtung/2"], "https://registry.gdi-de.org/up3/ontology/steigung": ["1.291909"], "https://registry.gdi-de.org/up3/ontology/strecken-ID": ["Section_Wuppertal_1224357_1035_right"]}, "geometry": {"type": "LineString", "coordinates": [[7.130190513, 51.2712587526, 0.0], [7.1301929589, 51.2715375379, 0.0], [7.1301921386, 51.2716901964, 0.0]]}}, {"type": "Feature", "id": "https://registry.gdi-de.org/de.nw/radnetz/instances/Section_Wuppertal_1229861_934_right", "name": "", "dateprops": [], "properties": {"http://rdfs.org/ns/void#inDataset": ["https://registry.gdi-de.org/de.nw/radnetz/instances/exnw_dataset"], "http://www.opengis.net/ont/geosparql#hasGeometry": ["https://registry.gdi-de.org/de.nw/radnetz/instances/Section_Wuppertal_1229861_934_right_geometry"], "http://www.w3.org/1999/02/22-rdf-syntax-ns#type": ["https://registry.gdi-de.org/up3/ontology/Streckenabschnitt_optional"], "https://registry.gdi-de.org/up3/ontology/beginntBeiKnoten": ["https://registry.gdi-de.org/de.nw/radnetz/instances/Knoten_Wuppertal_116140101"], "https://registry.gdi-de.org/up3/ontology/endetBeiKnoten": ["https://registry.gdi-de.org/de.nw/radnetz/instances/Knoten_Wuppertal_1189691274"], "https://registry.gdi-de.org/up3/ontology/fuehrung": ["https://registry.gdi-de.org/codelist/de.bund.balm.radnetz/Fuehrung/401"], "https://registry.gdi-de.org/up3/ontology/geometrieAbschnitt": ["https://registry.gdi-de.org/de.nw/radnetz/instances/Section_Wuppertal_1229861_934_right_geometry"], "https://registry.gdi-de.org/up3/ontology/licht": ["https://registry.gdi-de.org/codelist/de.bund.balm.radnetz/Licht/1"], "https://registry.gdi-de.org/up3/ontology/quell-ID": ["1229861"], "https://registry.gdi-de.org/up3/ontology/richtung": ["https://registry.gdi-de.org/codelist/de.bund.balm.radnetz/Richtung/2"], "https://registry.gdi-de.org/up3/ontology/steigung": ["4.84782"], "https://registry.gdi-de.org/up3/ontology/strecken-ID": ["Section_Wuppertal_1229861_934_right"]}, "geometry": {"type": "LineString", "coordinates": [[7.2522556043, 51.3078367011, 300.12], [7.2522359953, 51.3078998679, 0.0], [7.2520143743, 51.3082603263, 302.55]]}}, {"type": "Feature", "id": "https://registry.gdi-de.org/de.nw/radnetz/instances/Section_Wuppertal_1230024_1009_right", "name": "", "dateprops": [], "properties": {"http://rdfs.org/ns/void#inDataset": ["https://registry.gdi-de.org/de.nw/radnetz/instances/exnw_dataset"], "http://www.opengis.net/ont/geosparql#hasGeometry": ["https://registry.gdi-de.org/de.nw/radnetz/instances/Section_Wuppertal_1230024_1009_right_geometry"], "http://www.w3.org/1999/02/22-rdf-syntax-ns#type": ["https://registry.gdi-de.org/up3/ontology/Streckenabschnitt_optional"], "https://registry.gdi-de.org/up3/ontology/beginntBeiKnoten": ["https://registry.gdi-de.org/de.nw/radnetz/instances/Knoten_Wuppertal_4484"], "https://registry.gdi-de.org/up3/ontology/endetBeiKnoten": ["https://registry.gdi-de.org/de.nw/radnetz/instances/Knoten_Wuppertal_1189691383"], "https://registry.gdi-de.org/up3/ontology/fuehrung": ["https://registry.gdi-de.org/codelist/de.bund.balm.radnetz/Fuehrung/405"], "https://registry.gdi-de.org/up3/ontology/geometrieAbschnitt": ["https://registry.gdi-de.org/de.nw/radnetz/instances/Section_Wuppertal_1230024_1009_right_geometry"], "https://registry.gdi-de.org/up3/ontology/licht": ["https://registry.gdi-de.org/codelist/de.bund.balm.radnetz/Licht/0"], "https://registry.gdi-de.org/up3/ontology/quell-ID": ["1230024"], "https://registry.gdi-de.org/up3/ontology/richtung": ["https://registry.gdi-de.org/codelist/de.bund.balm.radnetz/Richtung/2"], "https://registry.gdi-de.org/up3/ontology/steigung": ["4.884734"], "https://registry.gdi-de.org/up3/ontology/strecken-ID": ["Section_Wuppertal_1230024_1009_right"]}, "geometry": {"type": "LineString", "coordinates": [[7.1368803295, 51.1663522717, 108.13], [7.1363060056, 51.1660468476, 0.0], [7.1358869887, 51.1658765352, 0.0], [7.1348750522, 51.1657413938, 0.0], [7.134116614, 51.1657739226, 0.0], [7.1333291277, 51.1659398664, 0.0], [7.1324445808, 51.1663416869, 0.0]]}}, {"type": "Feature", "id": "https://registry.gdi-de.org/de.nw/radnetz/instances/Section_Wuppertal_8897_179_right", "name": "", "dateprops": [], "properties": {"http://rdfs.org/ns/void#inDataset": ["https://registry.gdi-de.org/de.nw/radnetz/instances/exnw_dataset"], "http://www.opengis.net/ont/geosparql#hasGeometry": ["https://registry.gdi-de.org/de.nw/radnetz/instances/Section_Wuppertal_8897_179_right_geometry"], "http://www.w3.org/1999/02/22-rdf-syntax-ns#type": ["https://registry.gdi-de.org/up3/ontology/Streckenabschnitt_optional"], "https://registry.gdi-de.org/up3/ontology/beginntBeiKnoten": ["https://registry.gdi-de.org/de.nw/radnetz/instances/Knoten_Wuppertal_8834"], "https://registry.gdi-de.org/up3/ontology/endetBeiKnoten": ["https://registry.gdi-de.org/de.nw/radnetz/instances/Knoten_Wuppertal_8817"], "https://registry.gdi-de.org/up3/ontology/fuehrung": ["https://registry.gdi-de.org/codelist/de.bund.balm.radnetz/Fuehrung/200"], "https://registry.gdi-de.org/up3/ontology/geometrieAbschnitt": ["https://registry.gdi-de.org/de.nw/radnetz/instances/Section_Wuppertal_8897_179_right_geometry"], "https://registry.gdi-de.org/up3/ontology/licht": ["https://registry.gdi-de.org/codelist/de.bund.balm.radnetz/Licht/1"], "https://registry.gdi-de.org/up3/ontology/quell-ID": ["8897"], "https://registry.gdi-de.org/up3/ontology/richtung": ["https://registry.gdi-de.org/codelist/de.bund.balm.radnetz/Richtung/2"], "https://registry.gdi-de.org/up3/ontology/steigung": ["0.02780608"], "https://registry.gdi-de.org/up3/ontology/strecken-ID": ["Section_Wuppertal_8897_179_right"]}, "geometry": {"type": "LineString", "coordinates": [[7.2326142352, 51.2690258964, 163.51], [7.2321517907, 51.2696038242, 163.53]]}}, {"type": "Feature", "id": "https://registry.gdi-de.org/de.nw/radnetz/instances/Section_Wuppertal_8949_183_right", "name": "", "dateprops": [], "properties": {"http://rdfs.org/ns/void#inDataset": ["https://registry.gdi-de.org/de.nw/radnetz/instances/exnw_dataset"], "http://www.opengis.net/ont/geosparql#hasGeometry": ["https://registry.gdi-de.org/de.nw/radnetz/instances/Section_Wuppertal_8949_183_right_geometry"], "http://www.w3.org/1999/02/22-rdf-syntax-ns#type": ["https://registry.gdi-de.org/up3/ontology/Streckenabschnitt_optional"], "https://registry.gdi-de.org/up3/ontology/beginntBeiKnoten": ["https://registry.gdi-de.org/de.nw/radnetz/instances/Knoten_Wuppertal_2955"], "https://registry.gdi-de.org/up3/ontology/endetBeiKnoten": ["https://registry.gdi-de.org/de.nw/radnetz/instances/Knoten_Wuppertal_2966"], "https://registry.gdi-de.org/up3/ontology/geometrieAbschnitt": ["https://registry.gdi-de.org/de.nw/radnetz/instances/Section_Wuppertal_8949_183_right_geometry"], "https://registry.gdi-de.org/up3/ontology/licht": ["https://registry.gdi-de.org/codelist/de.bund.balm.radnetz/Licht/1"], "https://registry.gdi-de.org/up3/ontology/quell-ID": ["8949"], "https://registry.gdi-de.org/up3/ontology/richtung": ["https://registry.gdi-de.org/codelist/de.bund.balm.radnetz/Richtung/2"], "https://registry.gdi-de.org/up3/ontology/steigung": ["1.874044"], "https://registry.gdi-de.org/up3/ontology/strecken-ID": ["Section_Wuppertal_8949_183_right"]}, "geometry": {"type": "LineString", "coordinates": [[7.0882929657, 51.2363803404, 136.47], [7.0889696373, 51.235866347, 137.86]]}}, {"type": "Feature", "id": "https://registry.gdi-de.org/de.nw/radnetz/instances/Section_Wuppertal_1229852_932_right", "name": "", "dateprops": [], "properties": {"http://rdfs.org/ns/void#inDataset": ["https://registry.gdi-de.org/de.nw/radnetz/instances/exnw_dataset"], "http://www.opengis.net/ont/geosparql#hasGeometry": ["https://registry.gdi-de.org/de.nw/radnetz/instances/Section_Wuppertal_1229852_932_right_geometry"], "http://www.w3.org/1999/02/22-rdf-syntax-ns#type": ["https://registry.gdi-de.org/up3/ontology/Streckenabschnitt_optional"], "https://registry.gdi-de.org/up3/ontology/beginntBeiKnoten": ["https://registry.gdi-de.org/de.nw/radnetz/instances/Knoten_Wuppertal_1189691269"], "https://registry.gdi-de.org/up3/ontology/endetBeiKnoten": ["https://registry.gdi-de.org/de.nw/radnetz/instances/Knoten_Wuppertal_9379"], "https://registry.gdi-de.org/up3/ontology/fuehrung": ["https://registry.gdi-de.org/codelist/de.bund.balm.radnetz/Fuehrung/401"], "https://registry.gdi-de.org/up3/ontology/geometrieAbschnitt": ["https://registry.gdi-de.org/de.nw/radnetz/instances/Section_Wuppertal_1229852_932_right_geometry"], "https://registry.gdi-de.org/up3/ontology/licht": ["https://registry.gdi-de.org/codelist/de.bund.balm.radnetz/Licht/1"], "https://registry.gdi-de.org/up3/ontology/quell-ID": ["1229852"], "https://registry.gdi-de.org/up3/ontology/richtung": ["https://registry.gdi-de.org/codelist/de.bund.balm.radnetz/Richtung/2"], "https://registry.gdi-de.org/up3/ontology/steigung": ["4.956993"], "https://registry.gdi-de.org/up3/ontology/strecken-ID": ["Section_Wuppertal_1229852_932_right"]}, "geometry": {"type": "LineString", "coordinates": [[7.2514812336, 51.3087913921, 306.16], [7.2510211104, 51.3091318242, 308.62]]}}, {"type": "Feature", "id": "https://registry.gdi-de.org/de.nw/radnetz/instances/Section_Wuppertal_1626_34_right", "name": "", "dateprops": [], "properties": {"http://rdfs.org/ns/void#inDataset": ["https://registry.gdi-de.org/de.nw/radnetz/instances/exnw_dataset"], "http://www.opengis.net/ont/geosparql#hasGeometry": ["https://registry.gdi-de.org/de.nw/radnetz/instances/Section_Wuppertal_1626_34_right_geometry"], "http://www.w3.org/1999/02/22-rdf-syntax-ns#type": ["https://registry.gdi-de.org/up3/ontology/Streckenabschnitt_optional"], "https://registry.gdi-de.org/up3/ontology/beginntBeiKnoten": ["https://registry.gdi-de.org/de.nw/radnetz/instances/Knoten_Wuppertal_2606"], "https://registry.gdi-de.org/up3/ontology/endetBeiKnoten": ["https://registry.gdi-de.org/de.nw/radnetz/instances/Knoten_Wuppertal_2615"], "https://registry.gdi-de.org/up3/ontology/fuehrung": ["https://registry.gdi-de.org/codelist/de.bund.balm.radnetz/Fuehrung/401"], "https://registry.gdi-de.org/up3/ontology/geometrieAbschnitt": ["https://registry.gdi-de.org/de.nw/radnetz/instances/Section_Wuppertal_1626_34_right_geometry"], "https://registry.gdi-de.org/up3/ontology/licht": ["https://registry.gdi-de.org/codelist/de.bund.balm.radnetz/Licht/1"], "https://registry.gdi-de.org/up3/ontology/quell-ID": ["1626"], "https://registry.gdi-de.org/up3/ontology/richtung": ["https://registry.gdi-de.org/codelist/de.bund.balm.radnetz/Richtung/2"], "https://registry.gdi-de.org/up3/ontology/steigung": ["0.2652474"], "https://registry.gdi-de.org/up3/ontology/strecken-ID": ["Section_Wuppertal_1626_34_right"]}, "geometry": {"type": "LineString", "coordinates": [[7.0707802565, 51.2434903692, 202.98], [7.0709728998, 51.2443601878, 0.0], [7.0709851244, 51.2443963199, 203.25]]}}, {"type": "Feature", "id": "https://registry.gdi-de.org/de.nw/radnetz/instances/Section_Wuppertal_8354_171_right", "name": "", "dateprops": [], "properties": {"http://rdfs.org/ns/void#inDataset": ["https://registry.gdi-de.org/de.nw/radnetz/instances/exnw_dataset"], "http://www.opengis.net/ont/geosparql#hasGeometry": ["https://registry.gdi-de.org/de.nw/radnetz/instances/Section_Wuppertal_8354_171_right_geometry"], "http://www.w3.org/1999/02/22-rdf-syntax-ns#type": ["https://registry.gdi-de.org/up3/ontology/Streckenabschnitt_optional"], "https://registry.gdi-de.org/up3/ontology/beginntBeiKnoten": ["https://registry.gdi-de.org/de.nw/radnetz/instances/Knoten_Wuppertal_3739"], "https://registry.gdi-de.org/up3/ontology/endetBeiKnoten": ["https://registry.gdi-de.org/de.nw/radnetz/instances/Knoten_Wuppertal_3805"], "https://registry.gdi-de.org/up3/ontology/geometrieAbschnitt": ["https://registry.gdi-de.org/de.nw/radnetz/instances/Section_Wuppertal_8354_171_right_geometry"], "https://registry.gdi-de.org/up3/ontology/licht": ["https://registry.gdi-de.org/codelist/de.bund.balm.radnetz/Licht/1"], "https://registry.gdi-de.org/up3/ontology/quell-ID": ["8354"], "https://registry.gdi-de.org/up3/ontology/richtung": ["https://registry.gdi-de.org/codelist/de.bund.balm.radnetz/Richtung/2"], "https://registry.gdi-de.org/up3/ontology/steigung": ["5.131548"], "https://registry.gdi-de.org/up3/ontology/strecken-ID": ["Section_Wuppertal_8354_171_right"]}, "geometry": {"type": "LineString", "coordinates": [[7.1202625629, 51.2038427017, 272.0], [7.1221459673, 51.2042266126, 279.1]]}}, {"type": "Feature", "id": "https://registry.gdi-de.org/de.nw/radnetz/instances/Section_Wuppertal_10021_905_right", "name": "", "dateprops": [], "properties": {"http://rdfs.org/ns/void#inDataset": ["https://registry.gdi-de.org/de.nw/radnetz/instances/exnw_dataset"], "http://www.opengis.net/ont/geosparql#hasGeometry": ["https://registry.gdi-de.org/de.nw/radnetz/instances/Section_Wuppertal_10021_905_right_geometry"], "http://www.w3.org/1999/02/22-rdf-syntax-ns#type": ["https://registry.gdi-de.org/up3/ontology/Streckenabschnitt_optional"], "https://registry.gdi-de.org/up3/ontology/beginntBeiKnoten": ["https://registry.gdi-de.org/de.nw/radnetz/instances/Knoten_Wuppertal_2335"], "https://registry.gdi-de.org/up3/ontology/endetBeiKnoten": ["https://registry.gdi-de.org/de.nw/radnetz/instances/Knoten_Wuppertal_2287"], "https://registry.gdi-de.org/up3/ontology/fuehrung": ["https://registry.gdi-de.org/codelist/de.bund.balm.radnetz/Fuehrung/401"], "https://registry.gdi-de.org/up3/ontology/geometrieAbschnitt": ["https://registry.gdi-de.org/de.nw/radnetz/instances/Section_Wuppertal_10021_905_right_geometry"], "https://registry.gdi-de.org/up3/ontology/licht": ["https://registry.gdi-de.org/codelist/de.bund.balm.radnetz/Licht/1"], "https://registry.gdi-de.org/up3/ontology/quell-ID": ["10021"], "https://registry.gdi-de.org/up3/ontology/richtung": ["https://registry.gdi-de.org/codelist/de.bund.balm.radnetz/Richtung/2"], "https://registry.gdi-de.org/up3/ontology/steigung": ["1.230668"], "https://registry.gdi-de.org/up3/ontology/strecken-ID": ["Section_Wuppertal_10021_905_right"]}, "geometry": {"type": "LineString", "coordinates": [[7.0594137818, 51.2540787533, 180.66], [7.0581451761, 51.2541765386, 0.0], [7.0564643915, 51.2539670089, 183.23]]}}, {"type": "Feature", "id": "https://registry.gdi-de.org/de.nw/radnetz/instances/Section_Wuppertal_1226469_583_right", "name": "", "dateprops": [], "properties": {"http://rdfs.org/ns/void#inDataset": ["https://registry.gdi-de.org/de.nw/radnetz/instances/exnw_dataset"], "http://www.opengis.net/ont/geosparql#hasGeometry": ["https://registry.gdi-de.org/de.nw/radnetz/instances/Section_Wuppertal_1226469_583_right_geometry"], "http://www.w3.org/1999/02/22-rdf-syntax-ns#type": ["https://registry.gdi-de.org/up3/ontology/Streckenabschnitt_optional"], "https://registry.gdi-de.org/up3/ontology/beginntBeiKnoten": ["https://registry.gdi-de.org/de.nw/radnetz/instances/Knoten_Wuppertal_4422"], "https://registry.gdi-de.org/up3/ontology/endetBeiKnoten": ["https://registry.gdi-de.org/de.nw/radnetz/instances/Knoten_Wuppertal_114010101"], "https://registry.gdi-de.org/up3/ontology/geometrieAbschnitt": ["https://registry.gdi-de.org/de.nw/radnetz/instances/Section_Wuppertal_1226469_583_right_geometry"], "https://registry.gdi-de.org/up3/ontology/licht": ["https://registry.gdi-de.org/codelist/de.bund.balm.radnetz/Licht/1"], "https://registry.gdi-de.org/up3/ontology/quell-ID": ["1226469"], "https://registry.gdi-de.org/up3/ontology/richtung": ["https://registry.gdi-de.org/codelist/de.bund.balm.radnetz/Richtung/2"], "https://registry.gdi-de.org/up3/ontology/steigung": ["3.154686"], "https://registry.gdi-de.org/up3/ontology/strecken-ID": ["Section_Wuppertal_1226469_583_right"]}, "geometry": {"type": "LineString", "coordinates": [[7.1341655172, 51.2074868818, 300.45], [7.1345022733, 51.207673567, 301.44]]}}, {"type": "Feature", "id": "https://registry.gdi-de.org/de.nw/radnetz/instances/Section_Wuppertal_7313_151_right", "name": "", "dateprops": [], "properties": {"http://rdfs.org/ns/void#inDataset": ["https://registry.gdi-de.org/de.nw/radnetz/instances/exnw_dataset"], "http://www.opengis.net/ont/geosparql#hasGeometry": ["https://registry.gdi-de.org/de.nw/radnetz/instances/Section_Wuppertal_7313_151_right_geometry"], "http://www.w3.org/1999/02/22-rdf-syntax-ns#type": ["https://registry.gdi-de.org/up3/ontology/Streckenabschnitt_optional"], "https://registry.gdi-de.org/up3/ontology/beginntBeiKnoten": ["https://registry.gdi-de.org/de.nw/radnetz/instances/Knoten_Wuppertal_4823"], "https://registry.gdi-de.org/up3/ontology/endetBeiKnoten": ["https://registry.gdi-de.org/de.nw/radnetz/instances/Knoten_Wuppertal_4743"], "https://registry.gdi-de.org/up3/ontology/fuehrung": ["https://registry.gdi-de.org/codelist/de.bund.balm.radnetz/Fuehrung/200"], "https://registry.gdi-de.org/up3/ontology/geometrieAbschnitt": ["https://registry.gdi-de.org/de.nw/radnetz/instances/Section_Wuppertal_7313_151_right_geometry"], "https://registry.gdi-de.org/up3/ontology/licht": ["https://registry.gdi-de.org/codelist/de.bund.balm.radnetz/Licht/1"], "https://registry.gdi-de.org/up3/ontology/quell-ID": ["7313"], "https://registry.gdi-de.org/up3/ontology/richtung": ["https://registry.gdi-de.org/codelist/de.bund.balm.radnetz/Richtung/2"], "https://registry.gdi-de.org/up3/ontology/steigung": ["0.7731359"], "https://registry.gdi-de.org/up3/ontology/strecken-ID": ["Section_Wuppertal_7313_151_right"]}, "geometry": {"type": "LineString", "coordinates": [[7.1410749994, 51.2576605987, 143.53], [7.1404768618, 51.257456441, 0.0], [7.1395638907, 51.2572537481, 144.42]]}}, {"type": "Feature", "id": "https://registry.gdi-de.org/de.nw/radnetz/instances/Section_Wuppertal_1226900_1066_right", "name": "", "dateprops": [], "properties": {"http://rdfs.org/ns/void#inDataset": ["https://registry.gdi-de.org/de.nw/radnetz/instances/exnw_dataset"], "http://www.opengis.net/ont/geosparql#hasGeometry": ["https://registry.gdi-de.org/de.nw/radnetz/instances/Section_Wuppertal_1226900_1066_right_geometry"], "http://www.w3.org/1999/02/22-rdf-syntax-ns#type": ["https://registry.gdi-de.org/up3/ontology/Streckenabschnitt_optional"], "https://registry.gdi-de.org/up3/ontology/beginntBeiKnoten": ["https://registry.gdi-de.org/de.nw/radnetz/instances/Knoten_Wuppertal_112100101"], "https://registry.gdi-de.org/up3/ontology/endetBeiKnoten": ["https://registry.gdi-de.org/de.nw/radnetz/instances/Knoten_Wuppertal_112100102"], "https://registry.gdi-de.org/up3/ontology/geometrieAbschnitt": ["https://registry.gdi-de.org/de.nw/radnetz/instances/Section_Wuppertal_1226900_1066_right_geometry"], "https://registry.gdi-de.org/up3/ontology/licht": ["https://registry.gdi-de.org/codelist/de.bund.balm.radnetz/Licht/1"], "https://registry.gdi-de.org/up3/ontology/quell-ID": ["1226900"], "https://registry.gdi-de.org/up3/ontology/richtung": ["https://registry.gdi-de.org/codelist/de.bund.balm.radnetz/Richtung/2"], "https://registry.gdi-de.org/up3/ontology/steigung": ["2.93551"], "https://registry.gdi-de.org/up3/ontology/strecken-ID": ["Section_Wuppertal_1226900_1066_right"]}, "geometry": {"type": "LineString", "coordinates": [[7.1721055695, 51.2820089161, 0.0], [7.1722796766, 51.2821946165, 0.0], [7.1723047711, 51.2822399214, 0.0]]}}, {"type": "Feature", "id": "https://registry.gdi-de.org/de.nw/radnetz/instances/Section_Wuppertal_5858_126_right", "name": "", "dateprops": [], "properties": {"http://rdfs.org/ns/void#inDataset": ["https://registry.gdi-de.org/de.nw/radnetz/instances/exnw_dataset"], "http://www.opengis.net/ont/geosparql#hasGeometry": ["https://registry.gdi-de.org/de.nw/radnetz/instances/Section_Wuppertal_5858_126_right_geometry"], "http://www.w3.org/1999/02/22-rdf-syntax-ns#type": ["https://registry.gdi-de.org/up3/ontology/Streckenabschnitt_optional"], "https://registry.gdi-de.org/up3/ontology/beginntBeiKnoten": ["https://registry.gdi-de.org/de.nw/radnetz/instances/Knoten_Wuppertal_9444"], "https://registry.gdi-de.org/up3/ontology/endetBeiKnoten": ["https://registry.gdi-de.org/de.nw/radnetz/instances/Knoten_Wuppertal_9481"], "https://registry.gdi-de.org/up3/ontology/fuehrung": ["https://registry.gdi-de.org/codelist/de.bund.balm.radnetz/Fuehrung/401"], "https://registry.gdi-de.org/up3/ontology/geometrieAbschnitt": ["https://registry.gdi-de.org/de.nw/radnetz/instances/Section_Wuppertal_5858_126_right_geometry"], "https://registry.gdi-de.org/up3/ontology/licht": ["https://registry.gdi-de.org/codelist/de.bund.balm.radnetz/Licht/1"], "https://registry.gdi-de.org/up3/ontology/quell-ID": ["5858"], "https://registry.gdi-de.org/up3/ontology/richtung": ["https://registry.gdi-de.org/codelist/de.bund.balm.radnetz/Richtung/2"], "https://registry.gdi-de.org/up3/ontology/steigung": ["0.2197352"], "https://registry.gdi-de.org/up3/ontology/strecken-ID": ["Section_Wuppertal_5858_126_right"]}, "geometry": {"type": "LineString", "coordinates": [[7.2542283754, 51.2829089506, 180.42], [7.2546361555, 51.2830094719, 0.0], [7.2550869754, 51.2830797848, 0.0], [7.2556949479, 51.2831415869, 0.0], [7.2562621959, 51.2831706446, 180.74]]}}, {"type": "Feature", "id": "https://registry.gdi-de.org/de.nw/radnetz/instances/Section_Wuppertal_1227985_971_right", "name": "", "dateprops": [], "properties": {"http://rdfs.org/ns/void#inDataset": ["https://registry.gdi-de.org/de.nw/radnetz/instances/exnw_dataset"], "http://www.opengis.net/ont/geosparql#hasGeometry": ["https://registry.gdi-de.org/de.nw/radnetz/instances/Section_Wuppertal_1227985_971_right_geometry"], "http://www.w3.org/1999/02/22-rdf-syntax-ns#type": ["https://registry.gdi-de.org/up3/ontology/Streckenabschnitt_optional"], "https://registry.gdi-de.org/up3/ontology/beginntBeiKnoten": ["https://registry.gdi-de.org/de.nw/radnetz/instances/Knoten_Wuppertal_5553"], "https://registry.gdi-de.org/up3/ontology/endetBeiKnoten": ["https://registry.gdi-de.org/de.nw/radnetz/instances/Knoten_Wuppertal_1189690368"], "https://registry.gdi-de.org/up3/ontology/fuehrung": ["https://registry.gdi-de.org/codelist/de.bund.balm.radnetz/Fuehrung/405"], "https://registry.gdi-de.org/up3/ontology/geometrieAbschnitt": ["https://registry.gdi-de.org/de.nw/radnetz/instances/Section_Wuppertal_1227985_971_right_geometry"], "https://registry.gdi-de.org/up3/ontology/licht": ["https://registry.gdi-de.org/codelist/de.bund.balm.radnetz/Licht/1"], "https://registry.gdi-de.org/up3/ontology/quell-ID": ["1227985"], "https://registry.gdi-de.org/up3/ontology/richtung": ["https://registry.gdi-de.org/codelist/de.bund.balm.radnetz/Richtung/2"], "https://registry.gdi-de.org/up3/ontology/steigung": ["0.7192899"], "https://registry.gdi-de.org/up3/ontology/strecken-ID": ["Section_Wuppertal_1227985_971_right"]}, "geometry": {"type": "LineString", "coordinates": [[7.1537123638, 51.2427192021, 0.0], [7.1535824953, 51.2424695289, 0.0], [7.1536464181, 51.2421632827, 0.0], [7.1538555242, 51.2419364962, 0.0], [7.1550288604, 51.2413316258, 0.0], [7.1550396915, 51.2413202467, 0.0]]}}, {"type": "Feature", "id": "https://registry.gdi-de.org/de.nw/radnetz/instances/Section_Wuppertal_5097_113_right", "name": "", "dateprops": [], "properties": {"http://rdfs.org/ns/void#inDataset": ["https://registry.gdi-de.org/de.nw/radnetz/instances/exnw_dataset"], "http://www.opengis.net/ont/geosparql#hasGeometry": ["https://registry.gdi-de.org/de.nw/radnetz/instances/Section_Wuppertal_5097_113_right_geometry"], "http://www.w3.org/1999/02/22-rdf-syntax-ns#type": ["https://registry.gdi-de.org/up3/ontology/Streckenabschnitt_optional"], "https://registry.gdi-de.org/up3/ontology/beginntBeiKnoten": ["https://registry.gdi-de.org/de.nw/radnetz/instances/Knoten_Wuppertal_8873"], "https://registry.gdi-de.org/up3/ontology/endetBeiKnoten": ["https://registry.gdi-de.org/de.nw/radnetz/instances/Knoten_Wuppertal_8859"], "https://registry.gdi-de.org/up3/ontology/fuehrung": ["https://registry.gdi-de.org/codelist/de.bund.balm.radnetz/Fuehrung/401"], "https://registry.gdi-de.org/up3/ontology/geometrieAbschnitt": ["https://registry.gdi-de.org/de.nw/radnetz/instances/Section_Wuppertal_5097_113_right_geometry"], "https://registry.gdi-de.org/up3/ontology/licht": ["https://registry.gdi-de.org/codelist/de.bund.balm.radnetz/Licht/1"], "https://registry.gdi-de.org/up3/ontology/quell-ID": ["5097"], "https://registry.gdi-de.org/up3/ontology/richtung": ["https://registry.gdi-de.org/codelist/de.bund.balm.radnetz/Richtung/2"], "https://registry.gdi-de.org/up3/ontology/steigung": ["3.240947"], "https://registry.gdi-de.org/up3/ontology/strecken-ID": ["Section_Wuppertal_5097_113_right"]}, "geometry": {"type": "LineString", "coordinates": [[7.2340936279, 51.266094165, 165.27], [7.2341035778, 51.2652527643, 0.0], [7.2340667408, 51.264947527, 0.0], [7.2336602882, 51.2640673958, 172.71]]}}, {"type": "Feature", "id": "https://registry.gdi-de.org/de.nw/radnetz/instances/Section_Wuppertal_1224737_1036_right", "name": "", "dateprops": [], "properties": {"http://rdfs.org/ns/void#inDataset": ["https://registry.gdi-de.org/de.nw/radnetz/instances/exnw_dataset"], "http://www.opengis.net/ont/geosparql#hasGeometry": ["https://registry.gdi-de.org/de.nw/radnetz/instances/Section_Wuppertal_1224737_1036_right_geometry"], "http://www.w3.org/1999/02/22-rdf-syntax-ns#type": ["https://registry.gdi-de.org/up3/ontology/Streckenabschnitt_optional"], "https://registry.gdi-de.org/up3/ontology/beginntBeiKnoten": ["https://registry.gdi-de.org/de.nw/radnetz/instances/Knoten_Wuppertal_118570101"], "https://registry.gdi-de.org/up3/ontology/endetBeiKnoten": ["https://registry.gdi-de.org/de.nw/radnetz/instances/Knoten_Wuppertal_4349"], "https://registry.gdi-de.org/up3/ontology/geometrieAbschnitt": ["https://registry.gdi-de.org/de.nw/radnetz/instances/Section_Wuppertal_1224737_1036_right_geometry"], "https://registry.gdi-de.org/up3/ontology/licht": ["https://registry.gdi-de.org/codelist/de.bund.balm.radnetz/Licht/1"], "https://registry.gdi-de.org/up3/ontology/quell-ID": ["1224737"], "https://registry.gdi-de.org/up3/ontology/richtung": ["https://registry.gdi-de.org/codelist/de.bund.balm.radnetz/Richtung/2"], "https://registry.gdi-de.org/up3/ontology/steigung": ["10.16527"], "https://registry.gdi-de.org/up3/ontology/strecken-ID": ["Section_Wuppertal_1224737_1036_right"]}, "geometry": {"type": "LineString", "coordinates": [[7.1302944735, 51.2749279413, 0.0], [7.1301600402, 51.2751720333, 0.0]]}}, {"type": "Feature", "id": "https://registry.gdi-de.org/de.nw/radnetz/instances/Section_Wuppertal_810_21_right", "name": "", "dateprops": [], "properties": {"http://rdfs.org/ns/void#inDataset": ["https://registry.gdi-de.org/de.nw/radnetz/instances/exnw_dataset"], "http://www.opengis.net/ont/geosparql#hasGeometry": ["https://registry.gdi-de.org/de.nw/radnetz/instances/Section_Wuppertal_810_21_right_geometry"], "http://www.w3.org/1999/02/22-rdf-syntax-ns#type": ["https://registry.gdi-de.org/up3/ontology/Streckenabschnitt_optional"], "https://registry.gdi-de.org/up3/ontology/beginntBeiKnoten": ["https://registry.gdi-de.org/de.nw/radnetz/instances/Knoten_Wuppertal_2382"], "https://registry.gdi-de.org/up3/ontology/endetBeiKnoten": ["https://registry.gdi-de.org/de.nw/radnetz/instances/Knoten_Wuppertal_2377"], "https://registry.gdi-de.org/up3/ontology/geometrieAbschnitt": ["https://registry.gdi-de.org/de.nw/radnetz/instances/Section_Wuppertal_810_21_right_geometry"], "https://registry.gdi-de.org/up3/ontology/licht": ["https://registry.gdi-de.org/codelist/de.bund.balm.radnetz/Licht/1"], "https://registry.gdi-de.org/up3/ontology/quell-ID": ["810"], "https://registry.gdi-de.org/up3/ontology/richtung": ["https://registry.gdi-de.org/codelist/de.bund.balm.radnetz/Richtung/2"], "https://registry.gdi-de.org/up3/ontology/steigung": ["0.3586248"], "https://registry.gdi-de.org/up3/ontology/strecken-ID": ["Section_Wuppertal_810_21_right"]}, "geometry": {"type": "LineString", "coordinates": [[7.0629259816, 51.2248794843, 201.86], [7.0627110169, 51.2247673557, 201.93]]}}, {"type": "Feature", "id": "https://registry.gdi-de.org/de.nw/radnetz/instances/Section_Wuppertal_1226419_570_right", "name": "", "dateprops": [], "properties": {"http://rdfs.org/ns/void#inDataset": ["https://registry.gdi-de.org/de.nw/radnetz/instances/exnw_dataset"], "http://www.opengis.net/ont/geosparql#hasGeometry": ["https://registry.gdi-de.org/de.nw/radnetz/instances/Section_Wuppertal_1226419_570_right_geometry"], "http://www.w3.org/1999/02/22-rdf-syntax-ns#type": ["https://registry.gdi-de.org/up3/ontology/Streckenabschnitt_optional"], "https://registry.gdi-de.org/up3/ontology/beginntBeiKnoten": ["https://registry.gdi-de.org/de.nw/radnetz/instances/Knoten_Wuppertal_113370101"], "https://registry.gdi-de.org/up3/ontology/endetBeiKnoten": ["https://registry.gdi-de.org/de.nw/radnetz/instances/Knoten_Wuppertal_2364"], "https://registry.gdi-de.org/up3/ontology/geometrieAbschnitt": ["https://registry.gdi-de.org/de.nw/radnetz/instances/Section_Wuppertal_1226419_570_right_geometry"], "https://registry.gdi-de.org/up3/ontology/licht": ["https://registry.gdi-de.org/codelist/de.bund.balm.radnetz/Licht/1"], "https://registry.gdi-de.org/up3/ontology/quell-ID": ["1226419"], "https://registry.gdi-de.org/up3/ontology/richtung": ["https://registry.gdi-de.org/codelist/de.bund.balm.radnetz/Richtung/2"], "https://registry.gdi-de.org/up3/ontology/steigung": ["7.379298"], "https://registry.gdi-de.org/up3/ontology/strecken-ID": ["Section_Wuppertal_1226419_570_right"]}, "geometry": {"type": "LineString", "coordinates": [[7.0618400044, 51.2319304938, 194.61], [7.0616310792, 51.2320235321, 195.93]]}}, {"type": "Feature", "id": "https://registry.gdi-de.org/de.nw/radnetz/instances/Section_Wuppertal_1227561_931_right", "name": "", "dateprops": [], "properties": {"http://rdfs.org/ns/void#inDataset": ["https://registry.gdi-de.org/de.nw/radnetz/instances/exnw_dataset"], "http://www.opengis.net/ont/geosparql#hasGeometry": ["https://registry.gdi-de.org/de.nw/radnetz/instances/Section_Wuppertal_1227561_931_right_geometry"], "http://www.w3.org/1999/02/22-rdf-syntax-ns#type": ["https://registry.gdi-de.org/up3/ontology/Streckenabschnitt_optional"], "https://registry.gdi-de.org/up3/ontology/beginntBeiKnoten": ["https://registry.gdi-de.org/de.nw/radnetz/instances/Knoten_Wuppertal_9353"], "https://registry.gdi-de.org/up3/ontology/endetBeiKnoten": ["https://registry.gdi-de.org/de.nw/radnetz/instances/Knoten_Wuppertal_116150101"], "https://registry.gdi-de.org/up3/ontology/geometrieAbschnitt": ["https://registry.gdi-de.org/de.nw/radnetz/instances/Section_Wuppertal_1227561_931_right_geometry"], "https://registry.gdi-de.org/up3/ontology/licht": ["https://registry.gdi-de.org/codelist/de.bund.balm.radnetz/Licht/1"], "https://registry.gdi-de.org/up3/ontology/quell-ID": ["1227561"], "https://registry.gdi-de.org/up3/ontology/richtung": ["https://registry.gdi-de.org/codelist/de.bund.balm.radnetz/Richtung/2"], "https://registry.gdi-de.org/up3/ontology/steigung": ["3.798759"], "https://registry.gdi-de.org/up3/ontology/strecken-ID": ["Section_Wuppertal_1227561_931_right"]}, "geometry": {"type": "LineString", "coordinates": [[7.2497580262, 51.3101014178, 314.85], [7.2493097727, 51.310693928, 0.0], [7.2491283906, 51.3109823134, 0.0], [7.249065522, 51.3111552552, 319.68]]}}, {"type": "Feature", "id": "https://registry.gdi-de.org/de.nw/radnetz/instances/Section_Wuppertal_2561_55_right", "name": "", "dateprops": [], "properties": {"http://rdfs.org/ns/void#inDataset": ["https://registry.gdi-de.org/de.nw/radnetz/instances/exnw_dataset"], "http://www.opengis.net/ont/geosparql#hasGeometry": ["https://registry.gdi-de.org/de.nw/radnetz/instances/Section_Wuppertal_2561_55_right_geometry"], "http://www.w3.org/1999/02/22-rdf-syntax-ns#type": ["https://registry.gdi-de.org/up3/ontology/Streckenabschnitt_optional"], "https://registry.gdi-de.org/up3/ontology/beginntBeiKnoten": ["https://registry.gdi-de.org/de.nw/radnetz/instances/Knoten_Wuppertal_4221"], "https://registry.gdi-de.org/up3/ontology/endetBeiKnoten": ["https://registry.gdi-de.org/de.nw/radnetz/instances/Knoten_Wuppertal_4233"], "https://registry.gdi-de.org/up3/ontology/geometrieAbschnitt": ["https://registry.gdi-de.org/de.nw/radnetz/instances/Section_Wuppertal_2561_55_right_geometry"], "https://registry.gdi-de.org/up3/ontology/licht": ["https://registry.gdi-de.org/codelist/de.bund.balm.radnetz/Licht/1"], "https://registry.gdi-de.org/up3/ontology/quell-ID": ["2561"], "https://registry.gdi-de.org/up3/ontology/richtung": ["https://registry.gdi-de.org/codelist/de.bund.balm.radnetz/Richtung/2"], "https://registry.gdi-de.org/up3/ontology/steigung": ["2.315769"], "https://registry.gdi-de.org/up3/ontology/strecken-ID": ["Section_Wuppertal_2561_55_right"]}, "geometry": {"type": "LineString", "coordinates": [[7.1311983035, 51.1980938398, 260.04], [7.1313153766, 51.1987848522, 261.83]]}}, {"type": "Feature", "id": "https://registry.gdi-de.org/de.nw/radnetz/instances/Section_Wuppertal_1224086_404_right", "name": "", "dateprops": [], "properties": {"http://rdfs.org/ns/void#inDataset": ["https://registry.gdi-de.org/de.nw/radnetz/instances/exnw_dataset"], "http://www.opengis.net/ont/geosparql#hasGeometry": ["https://registry.gdi-de.org/de.nw/radnetz/instances/Section_Wuppertal_1224086_404_right_geometry"], "http://www.w3.org/1999/02/22-rdf-syntax-ns#type": ["https://registry.gdi-de.org/up3/ontology/Streckenabschnitt_optional"], "https://registry.gdi-de.org/up3/ontology/beginntBeiKnoten": ["https://registry.gdi-de.org/de.nw/radnetz/instances/Knoten_Wuppertal_116430102"], "https://registry.gdi-de.org/up3/ontology/endetBeiKnoten": ["https://registry.gdi-de.org/de.nw/radnetz/instances/Knoten_Wuppertal_8823"], "https://registry.gdi-de.org/up3/ontology/fuehrung": ["https://registry.gdi-de.org/codelist/de.bund.balm.radnetz/Fuehrung/401"], "https://registry.gdi-de.org/up3/ontology/geometrieAbschnitt": ["https://registry.gdi-de.org/de.nw/radnetz/instances/Section_Wuppertal_1224086_404_right_geometry"], "https://registry.gdi-de.org/up3/ontology/licht": ["https://registry.gdi-de.org/codelist/de.bund.balm.radnetz/Licht/1"], "https://registry.gdi-de.org/up3/ontology/quell-ID": ["1224086"], "https://registry.gdi-de.org/up3/ontology/richtung": ["https://registry.gdi-de.org/codelist/de.bund.balm.radnetz/Richtung/2"], "https://registry.gdi-de.org/up3/ontology/steigung": ["0.6886501"], "https://registry.gdi-de.org/up3/ontology/strecken-ID": ["Section_Wuppertal_1224086_404_right"]}, "geometry": {"type": "LineString", "coordinates": [[7.2327700126, 51.2576768328, 170.28], [7.2328726713, 51.2574508414, 170.46]]}}, {"type": "Feature", "id": "https://registry.gdi-de.org/de.nw/radnetz/instances/Section_Wuppertal_1224791_431_right", "name": "", "dateprops": [], "properties": {"http://rdfs.org/ns/void#inDataset": ["https://registry.gdi-de.org/de.nw/radnetz/instances/exnw_dataset"], "http://www.opengis.net/ont/geosparql#hasGeometry": ["https://registry.gdi-de.org/de.nw/radnetz/instances/Section_Wuppertal_1224791_431_right_geometry"], "http://www.w3.org/1999/02/22-rdf-syntax-ns#type": ["https://registry.gdi-de.org/up3/ontology/Streckenabschnitt_optional"], "https://registry.gdi-de.org/up3/ontology/beginntBeiKnoten": ["https://registry.gdi-de.org/de.nw/radnetz/instances/Knoten_Wuppertal_3831"], "https://registry.gdi-de.org/up3/ontology/endetBeiKnoten": ["https://registry.gdi-de.org/de.nw/radnetz/instances/Knoten_Wuppertal_114300101"], "https://registry.gdi-de.org/up3/ontology/geometrieAbschnitt": ["https://registry.gdi-de.org/de.nw/radnetz/instances/Section_Wuppertal_1224791_431_right_geometry"], "https://registry.gdi-de.org/up3/ontology/licht": ["https://registry.gdi-de.org/codelist/de.bund.balm.radnetz/Licht/1"], "https://registry.gdi-de.org/up3/ontology/quell-ID": ["1224791"], "https://registry.gdi-de.org/up3/ontology/richtung": ["https://registry.gdi-de.org/codelist/de.bund.balm.radnetz/Richtung/2"], "https://registry.gdi-de.org/up3/ontology/steigung": ["2.988702"], "https://registry.gdi-de.org/up3/ontology/strecken-ID": ["Section_Wuppertal_1224791_431_right"]}, "geometry": {"type": "LineString", "coordinates": [[7.1229199504, 51.2043932898, 281.4], [7.1234652765, 51.2045070563, 282.6]]}}, {"type": "Feature", "id": "https://registry.gdi-de.org/de.nw/radnetz/instances/Section_Wuppertal_1226383_940_right", "name": "", "dateprops": [], "properties": {"http://rdfs.org/ns/void#inDataset": ["https://registry.gdi-de.org/de.nw/radnetz/instances/exnw_dataset"], "http://www.opengis.net/ont/geosparql#hasGeometry": ["https://registry.gdi-de.org/de.nw/radnetz/instances/Section_Wuppertal_1226383_940_right_geometry"], "http://www.w3.org/1999/02/22-rdf-syntax-ns#type": ["https://registry.gdi-de.org/up3/ontology/Streckenabschnitt_optional"], "https://registry.gdi-de.org/up3/ontology/beginntBeiKnoten": ["https://registry.gdi-de.org/de.nw/radnetz/instances/Knoten_Wuppertal_9290"], "https://registry.gdi-de.org/up3/ontology/endetBeiKnoten": ["https://registry.gdi-de.org/de.nw/radnetz/instances/Knoten_Wuppertal_116120102"], "https://registry.gdi-de.org/up3/ontology/fuehrung": ["https://registry.gdi-de.org/codelist/de.bund.balm.radnetz/Fuehrung/401"], "https://registry.gdi-de.org/up3/ontology/geometrieAbschnitt": ["https://registry.gdi-de.org/de.nw/radnetz/instances/Section_Wuppertal_1226383_940_right_geometry"], "https://registry.gdi-de.org/up3/ontology/licht": ["https://registry.gdi-de.org/codelist/de.bund.balm.radnetz/Licht/1"], "https://registry.gdi-de.org/up3/ontology/quell-ID": ["1226383"], "https://registry.gdi-de.org/up3/ontology/richtung": ["https://registry.gdi-de.org/codelist/de.bund.balm.radnetz/Richtung/2"], "https://registry.gdi-de.org/up3/ontology/steigung": ["4.185648"], "https://registry.gdi-de.org/up3/ontology/strecken-ID": ["Section_Wuppertal_1226383_940_right"]}, "geometry": {"type": "LineString", "coordinates": [[7.2480139148, 51.298400124, 245.45], [7.2483926368, 51.2986753618, 0.0], [7.2498997021, 51.2995479706, 253.13]]}}, {"type": "Feature", "id": "https://registry.gdi-de.org/de.nw/radnetz/instances/Section_Wuppertal_1226365_906_right", "name": "", "dateprops": [], "properties": {"http://rdfs.org/ns/void#inDataset": ["https://registry.gdi-de.org/de.nw/radnetz/instances/exnw_dataset"], "http://www.opengis.net/ont/geosparql#hasGeometry": ["https://registry.gdi-de.org/de.nw/radnetz/instances/Section_Wuppertal_1226365_906_right_geometry"], "http://www.w3.org/1999/02/22-rdf-syntax-ns#type": ["https://registry.gdi-de.org/up3/ontology/Streckenabschnitt_optional"], "https://registry.gdi-de.org/up3/ontology/beginntBeiKnoten": ["https://registry.gdi-de.org/de.nw/radnetz/instances/Knoten_Wuppertal_117200101"], "https://registry.gdi-de.org/up3/ontology/endetBeiKnoten": ["https://registry.gdi-de.org/de.nw/radnetz/instances/Knoten_Wuppertal_2335"], "https://registry.gdi-de.org/up3/ontology/fuehrung": ["https://registry.gdi-de.org/codelist/de.bund.balm.radnetz/Fuehrung/401"], "https://registry.gdi-de.org/up3/ontology/geometrieAbschnitt": ["https://registry.gdi-de.org/de.nw/radnetz/instances/Section_Wuppertal_1226365_906_right_geometry"], "https://registry.gdi-de.org/up3/ontology/licht": ["https://registry.gdi-de.org/codelist/de.bund.balm.radnetz/Licht/1"], "https://registry.gdi-de.org/up3/ontology/quell-ID": ["1226365"], "https://registry.gdi-de.org/up3/ontology/richtung": ["https://registry.gdi-de.org/codelist/de.bund.balm.radnetz/Richtung/2"], "https://registry.gdi-de.org/up3/ontology/steigung": ["1.830865"], "https://registry.gdi-de.org/up3/ontology/strecken-ID": ["Section_Wuppertal_1226365_906_right"]}, "geometry": {"type": "LineString", "coordinates": [[7.059771946, 51.2539119558, 180.09], [7.0594137818, 51.2540787533, 180.66]]}}, {"type": "Feature", "id": "https://registry.gdi-de.org/de.nw/radnetz/instances/Section_Wuppertal_1226605_599_right", "name": "", "dateprops": [], "properties": {"http://rdfs.org/ns/void#inDataset": ["https://registry.gdi-de.org/de.nw/radnetz/instances/exnw_dataset"], "http://www.opengis.net/ont/geosparql#hasGeometry": ["https://registry.gdi-de.org/de.nw/radnetz/instances/Section_Wuppertal_1226605_599_right_geometry"], "http://www.w3.org/1999/02/22-rdf-syntax-ns#type": ["https://registry.gdi-de.org/up3/ontology/Streckenabschnitt_optional"], "https://registry.gdi-de.org/up3/ontology/beginntBeiKnoten": ["https://registry.gdi-de.org/de.nw/radnetz/instances/Knoten_Wuppertal_3805"], "https://registry.gdi-de.org/up3/ontology/endetBeiKnoten": ["https://registry.gdi-de.org/de.nw/radnetz/instances/Knoten_Wuppertal_114300102"], "https://registry.gdi-de.org/up3/ontology/geometrieAbschnitt": ["https://registry.gdi-de.org/de.nw/radnetz/instances/Section_Wuppertal_1226605_599_right_geometry"], "https://registry.gdi-de.org/up3/ontology/licht": ["https://registry.gdi-de.org/codelist/de.bund.balm.radnetz/Licht/1"], "https://registry.gdi-de.org/up3/ontology/quell-ID": ["1226605"], "https://registry.gdi-de.org/up3/ontology/richtung": ["https://registry.gdi-de.org/codelist/de.bund.balm.radnetz/Richtung/2"], "https://registry.gdi-de.org/up3/ontology/steigung": ["4.132267"], "https://registry.gdi-de.org/up3/ontology/strecken-ID": ["Section_Wuppertal_1226605_599_right"]}, "geometry": {"type": "LineString", "coordinates": [[7.1221459673, 51.2042266126, 279.1], [7.1227520474, 51.2043571327, 280.95]]}}, {"type": "Feature", "id": "https://registry.gdi-de.org/de.nw/radnetz/instances/Section_Wuppertal_1225969_524_right", "name": "", "dateprops": [], "properties": {"http://rdfs.org/ns/void#inDataset": ["https://registry.gdi-de.org/de.nw/radnetz/instances/exnw_dataset"], "http://www.opengis.net/ont/geosparql#hasGeometry": ["https://registry.gdi-de.org/de.nw/radnetz/instances/Section_Wuppertal_1225969_524_right_geometry"], "http://www.w3.org/1999/02/22-rdf-syntax-ns#type": ["https://registry.gdi-de.org/up3/ontology/Streckenabschnitt_optional"], "https://registry.gdi-de.org/up3/ontology/beginntBeiKnoten": ["https://registry.gdi-de.org/de.nw/radnetz/instances/Knoten_Wuppertal_9455"], "https://registry.gdi-de.org/up3/ontology/endetBeiKnoten": ["https://registry.gdi-de.org/de.nw/radnetz/instances/Knoten_Wuppertal_116470101"], "https://registry.gdi-de.org/up3/ontology/fuehrung": ["https://registry.gdi-de.org/codelist/de.bund.balm.radnetz/Fuehrung/401"], "https://registry.gdi-de.org/up3/ontology/geometrieAbschnitt": ["https://registry.gdi-de.org/de.nw/radnetz/instances/Section_Wuppertal_1225969_524_right_geometry"], "https://registry.gdi-de.org/up3/ontology/licht": ["https://registry.gdi-de.org/codelist/de.bund.balm.radnetz/Licht/0"], "https://registry.gdi-de.org/up3/ontology/quell-ID": ["1225969"], "https://registry.gdi-de.org/up3/ontology/richtung": ["https://registry.gdi-de.org/codelist/de.bund.balm.radnetz/Richtung/2"], "https://registry.gdi-de.org/up3/ontology/steigung": ["0.1591871"], "https://registry.gdi-de.org/up3/ontology/strecken-ID": ["Section_Wuppertal_1225969_524_right"]}, "geometry": {"type": "LineString", "coordinates": [[7.2559654384, 51.2556805233, 177.81], [7.2585644366, 51.2559042745, 0.0], [7.2596392657, 51.2559196728, 0.0], [7.2598968129, 51.2559079104, 0.0], [7.2609660239, 51.2557976176, 178.37]]}}, {"type": "Feature", "id": "https://registry.gdi-de.org/de.nw/radnetz/instances/Section_Wuppertal_1226052_533_right", "name": "", "dateprops": [], "properties": {"http://rdfs.org/ns/void#inDataset": ["https://registry.gdi-de.org/de.nw/radnetz/instances/exnw_dataset"], "http://www.opengis.net/ont/geosparql#hasGeometry": ["https://registry.gdi-de.org/de.nw/radnetz/instances/Section_Wuppertal_1226052_533_right_geometry"], "http://www.w3.org/1999/02/22-rdf-syntax-ns#type": ["https://registry.gdi-de.org/up3/ontology/Streckenabschnitt_optional"], "https://registry.gdi-de.org/up3/ontology/beginntBeiKnoten": ["https://registry.gdi-de.org/de.nw/radnetz/instances/Knoten_Wuppertal_110620102"], "https://registry.gdi-de.org/up3/ontology/endetBeiKnoten": ["https://registry.gdi-de.org/de.nw/radnetz/instances/Knoten_Wuppertal_117230102"], "https://registry.gdi-de.org/up3/ontology/fuehrung": ["https://registry.gdi-de.org/codelist/de.bund.balm.radnetz/Fuehrung/401"], "https://registry.gdi-de.org/up3/ontology/geometrieAbschnitt": ["https://registry.gdi-de.org/de.nw/radnetz/instances/Section_Wuppertal_1226052_533_right_geometry"], "https://registry.gdi-de.org/up3/ontology/licht": ["https://registry.gdi-de.org/codelist/de.bund.balm.radnetz/Licht/1"], "https://registry.gdi-de.org/up3/ontology/quell-ID": ["1226052"], "https://registry.gdi-de.org/up3/ontology/richtung": ["https://registry.gdi-de.org/codelist/de.bund.balm.radnetz/Richtung/2"], "https://registry.gdi-de.org/up3/ontology/steigung": ["5.830975"], "https://registry.gdi-de.org/up3/ontology/strecken-ID": ["Section_Wuppertal_1226052_533_right"]}, "geometry": {"type": "LineString", "coordinates": [[7.0733676506, 51.2653105308, 188.38], [7.0735654638, 51.2643191906, 0.0], [7.0739365747, 51.2643492224, 0.0], [7.0743018262, 51.2643090601, 0.0], [7.0735888565, 51.2634740754, 0.0], [7.0734227823, 51.2631948136, 0.0], [7.073170172, 51.262742078, 0.0], [7.0726683543, 51.2617250223, 0.0], [7.0727454142, 51.2613605506, 218.37]]}}, {"type": "Feature", "id": "https://registry.gdi-de.org/de.nw/radnetz/instances/Section_Wuppertal_6580_139_right", "name": "", "dateprops": [], "properties": {"http://rdfs.org/ns/void#inDataset": ["https://registry.gdi-de.org/de.nw/radnetz/instances/exnw_dataset"], "http://www.opengis.net/ont/geosparql#hasGeometry": ["https://registry.gdi-de.org/de.nw/radnetz/instances/Section_Wuppertal_6580_139_right_geometry"], "http://www.w3.org/1999/02/22-rdf-syntax-ns#type": ["https://registry.gdi-de.org/up3/ontology/Streckenabschnitt_optional"], "https://registry.gdi-de.org/up3/ontology/beginntBeiKnoten": ["https://registry.gdi-de.org/de.nw/radnetz/instances/Knoten_Wuppertal_7097"], "https://registry.gdi-de.org/up3/ontology/endetBeiKnoten": ["https://registry.gdi-de.org/de.nw/radnetz/instances/Knoten_Wuppertal_7148"], "https://registry.gdi-de.org/up3/ontology/fuehrung": ["https://registry.gdi-de.org/codelist/de.bund.balm.radnetz/Fuehrung/200"], "https://registry.gdi-de.org/up3/ontology/geometrieAbschnitt": ["https://registry.gdi-de.org/de.nw/radnetz/instances/Section_Wuppertal_6580_139_right_geometry"], "https://registry.gdi-de.org/up3/ontology/licht": ["https://registry.gdi-de.org/codelist/de.bund.balm.radnetz/Licht/1"], "https://registry.gdi-de.org/up3/ontology/quell-ID": ["6580"], "https://registry.gdi-de.org/up3/ontology/richtung": ["https://registry.gdi-de.org/codelist/de.bund.balm.radnetz/Richtung/2"], "https://registry.gdi-de.org/up3/ontology/steigung": ["0.4496206"], "https://registry.gdi-de.org/up3/ontology/strecken-ID": ["Section_Wuppertal_6580_139_right"]}, "geometry": {"type": "LineString", "coordinates": [[7.1924744548, 51.2689416878, 152.05], [7.1926641016, 51.2690384535, 0.0], [7.1933686213, 51.2693245788, 152.39]]}}, {"type": "Feature", "id": "https://registry.gdi-de.org/de.nw/radnetz/instances/Section_Wuppertal_1225434_1007_right", "name": "", "dateprops": [], "properties": {"http://rdfs.org/ns/void#inDataset": ["https://registry.gdi-de.org/de.nw/radnetz/instances/exnw_dataset"], "http://www.opengis.net/ont/geosparql#hasGeometry": ["https://registry.gdi-de.org/de.nw/radnetz/instances/Section_Wuppertal_1225434_1007_right_geometry"], "http://www.w3.org/1999/02/22-rdf-syntax-ns#type": ["https://registry.gdi-de.org/up3/ontology/Streckenabschnitt_optional"], "https://registry.gdi-de.org/up3/ontology/beginntBeiKnoten": ["https://registry.gdi-de.org/de.nw/radnetz/instances/Knoten_Wuppertal_114320101"], "https://registry.gdi-de.org/up3/ontology/endetBeiKnoten": ["https://registry.gdi-de.org/de.nw/radnetz/instances/Knoten_Wuppertal_114320102"], "https://registry.gdi-de.org/up3/ontology/fuehrung": ["https://registry.gdi-de.org/codelist/de.bund.balm.radnetz/Fuehrung/405"], "https://registry.gdi-de.org/up3/ontology/geometrieAbschnitt": ["https://registry.gdi-de.org/de.nw/radnetz/instances/Section_Wuppertal_1225434_1007_right_geometry"], "https://registry.gdi-de.org/up3/ontology/licht": ["https://registry.gdi-de.org/codelist/de.bund.balm.radnetz/Licht/1"], "https://registry.gdi-de.org/up3/ontology/quell-ID": ["1225434"], "https://registry.gdi-de.org/up3/ontology/richtung": ["https://registry.gdi-de.org/codelist/de.bund.balm.radnetz/Richtung/2"], "https://registry.gdi-de.org/up3/ontology/steigung": ["0.7614854"], "https://registry.gdi-de.org/up3/ontology/strecken-ID": ["Section_Wuppertal_1225434_1007_right"]}, "geometry": {"type": "LineString", "coordinates": [[7.109545362, 51.1939388161, 0.0], [7.109813482, 51.1936407529, 0.0]]}}, {"type": "Feature", "id": "https://registry.gdi-de.org/de.nw/radnetz/instances/Section_Wuppertal_1223751_387_right", "name": "", "dateprops": [], "properties": {"http://rdfs.org/ns/void#inDataset": ["https://registry.gdi-de.org/de.nw/radnetz/instances/exnw_dataset"], "http://www.opengis.net/ont/geosparql#hasGeometry": ["https://registry.gdi-de.org/de.nw/radnetz/instances/Section_Wuppertal_1223751_387_right_geometry"], "http://www.w3.org/1999/02/22-rdf-syntax-ns#type": ["https://registry.gdi-de.org/up3/ontology/Streckenabschnitt_optional"], "https://registry.gdi-de.org/up3/ontology/beginntBeiKnoten": ["https://registry.gdi-de.org/de.nw/radnetz/instances/Knoten_Wuppertal_113040401"], "https://registry.gdi-de.org/up3/ontology/endetBeiKnoten": ["https://registry.gdi-de.org/de.nw/radnetz/instances/Knoten_Wuppertal_2906"], "https://registry.gdi-de.org/up3/ontology/geometrieAbschnitt": ["https://registry.gdi-de.org/de.nw/radnetz/instances/Section_Wuppertal_1223751_387_right_geometry"], "https://registry.gdi-de.org/up3/ontology/licht": ["https://registry.gdi-de.org/codelist/de.bund.balm.radnetz/Licht/1"], "https://registry.gdi-de.org/up3/ontology/quell-ID": ["1223751"], "https://registry.gdi-de.org/up3/ontology/richtung": ["https://registry.gdi-de.org/codelist/de.bund.balm.radnetz/Richtung/2"], "https://registry.gdi-de.org/up3/ontology/steigung": ["1.523432"], "https://registry.gdi-de.org/up3/ontology/strecken-ID": ["Section_Wuppertal_1223751_387_right"]}, "geometry": {"type": "LineString", "coordinates": [[7.0876053572, 51.2361008896, 137.39], [7.0858930198, 51.2354049473, 139.56]]}}, {"type": "Feature", "id": "https://registry.gdi-de.org/de.nw/radnetz/instances/Section_Wuppertal_1225973_528_right", "name": "", "dateprops": [], "properties": {"http://rdfs.org/ns/void#inDataset": ["https://registry.gdi-de.org/de.nw/radnetz/instances/exnw_dataset"], "http://www.opengis.net/ont/geosparql#hasGeometry": ["https://registry.gdi-de.org/de.nw/radnetz/instances/Section_Wuppertal_1225973_528_right_geometry"], "http://www.w3.org/1999/02/22-rdf-syntax-ns#type": ["https://registry.gdi-de.org/up3/ontology/Streckenabschnitt_optional"], "https://registry.gdi-de.org/up3/ontology/beginntBeiKnoten": ["https://registry.gdi-de.org/de.nw/radnetz/instances/Knoten_Wuppertal_4450"], "https://registry.gdi-de.org/up3/ontology/endetBeiKnoten": ["https://registry.gdi-de.org/de.nw/radnetz/instances/Knoten_Wuppertal_112810102"], "https://registry.gdi-de.org/up3/ontology/fuehrung": ["https://registry.gdi-de.org/codelist/de.bund.balm.radnetz/Fuehrung/401"], "https://registry.gdi-de.org/up3/ontology/geometrieAbschnitt": ["https://registry.gdi-de.org/de.nw/radnetz/instances/Section_Wuppertal_1225973_528_right_geometry"], "https://registry.gdi-de.org/up3/ontology/licht": ["https://registry.gdi-de.org/codelist/de.bund.balm.radnetz/Licht/1"], "https://registry.gdi-de.org/up3/ontology/quell-ID": ["1225973"], "https://registry.gdi-de.org/up3/ontology/richtung": ["https://registry.gdi-de.org/codelist/de.bund.balm.radnetz/Richtung/2"], "https://registry.gdi-de.org/up3/ontology/steigung": ["2.397169"], "https://registry.gdi-de.org/up3/ontology/strecken-ID": ["Section_Wuppertal_1225973_528_right"]}, "geometry": {"type": "LineString", "coordinates": [[7.131740049, 51.2798571175, 294.4], [7.1321802909, 51.2798210826, 0.0], [7.1323847925, 51.2797978701, 295.49]]}}, {"type": "Feature", "id": "https://registry.gdi-de.org/de.nw/radnetz/instances/Section_Wuppertal_1224046_890_right", "name": "", "dateprops": [], "properties": {"http://rdfs.org/ns/void#inDataset": ["https://registry.gdi-de.org/de.nw/radnetz/instances/exnw_dataset"], "http://www.opengis.net/ont/geosparql#hasGeometry": ["https://registry.gdi-de.org/de.nw/radnetz/instances/Section_Wuppertal_1224046_890_right_geometry"], "http://www.w3.org/1999/02/22-rdf-syntax-ns#type": ["https://registry.gdi-de.org/up3/ontology/Streckenabschnitt_optional"], "https://registry.gdi-de.org/up3/ontology/beginntBeiKnoten": ["https://registry.gdi-de.org/de.nw/radnetz/instances/Knoten_Wuppertal_112660101"], "https://registry.gdi-de.org/up3/ontology/endetBeiKnoten": ["https://registry.gdi-de.org/de.nw/radnetz/instances/Knoten_Wuppertal_4003"], "https://registry.gdi-de.org/up3/ontology/fuehrung": ["https://registry.gdi-de.org/codelist/de.bund.balm.radnetz/Fuehrung/200"], "https://registry.gdi-de.org/up3/ontology/geometrieAbschnitt": ["https://registry.gdi-de.org/de.nw/radnetz/instances/Section_Wuppertal_1224046_890_right_geometry"], "https://registry.gdi-de.org/up3/ontology/licht": ["https://registry.gdi-de.org/codelist/de.bund.balm.radnetz/Licht/1"], "https://registry.gdi-de.org/up3/ontology/quell-ID": ["1224046"], "https://registry.gdi-de.org/up3/ontology/richtung": ["https://registry.gdi-de.org/codelist/de.bund.balm.radnetz/Richtung/2"], "https://registry.gdi-de.org/up3/ontology/steigung": ["5.600645"], "https://registry.gdi-de.org/up3/ontology/strecken-ID": ["Section_Wuppertal_1224046_890_right"]}, "geometry": {"type": "LineString", "coordinates": [[7.1235045212, 51.2780208144, 250.97], [7.1235510094, 51.2780596041, 0.0], [7.1240880308, 51.2785502907, 254.98]]}}, {"type": "Feature", "id": "https://registry.gdi-de.org/de.nw/radnetz/instances/Section_Wuppertal_1225955_522_right", "name": "", "dateprops": [], "properties": {"http://rdfs.org/ns/void#inDataset": ["https://registry.gdi-de.org/de.nw/radnetz/instances/exnw_dataset"], "http://www.opengis.net/ont/geosparql#hasGeometry": ["https://registry.gdi-de.org/de.nw/radnetz/instances/Section_Wuppertal_1225955_522_right_geometry"], "http://www.w3.org/1999/02/22-rdf-syntax-ns#type": ["https://registry.gdi-de.org/up3/ontology/Streckenabschnitt_optional"], "https://registry.gdi-de.org/up3/ontology/beginntBeiKnoten": ["https://registry.gdi-de.org/de.nw/radnetz/instances/Knoten_Wuppertal_2377"], "https://registry.gdi-de.org/up3/ontology/endetBeiKnoten": ["https://registry.gdi-de.org/de.nw/radnetz/instances/Knoten_Wuppertal_113550101"], "https://registry.gdi-de.org/up3/ontology/geometrieAbschnitt": ["https://registry.gdi-de.org/de.nw/radnetz/instances/Section_Wuppertal_1225955_522_right_geometry"], "https://registry.gdi-de.org/up3/ontology/licht": ["https://registry.gdi-de.org/codelist/de.bund.balm.radnetz/Licht/1"], "https://registry.gdi-de.org/up3/ontology/quell-ID": ["1225955"], "https://registry.gdi-de.org/up3/ontology/richtung": ["https://registry.gdi-de.org/codelist/de.bund.balm.radnetz/Richtung/2"], "https://registry.gdi-de.org/up3/ontology/steigung": ["0.4041094"], "https://registry.gdi-de.org/up3/ontology/strecken-ID": ["Section_Wuppertal_1225955_522_right"]}, "geometry": {"type": "LineString", "coordinates": [[7.0627110169, 51.2247673557, 201.93], [7.0624342509, 51.224667926, 202.02]]}}, {"type": "Feature", "id": "https://registry.gdi-de.org/de.nw/radnetz/instances/Section_Wuppertal_6472_137_right", "name": "", "dateprops": [], "properties": {"http://rdfs.org/ns/void#inDataset": ["https://registry.gdi-de.org/de.nw/radnetz/instances/exnw_dataset"], "http://www.opengis.net/ont/geosparql#hasGeometry": ["https://registry.gdi-de.org/de.nw/radnetz/instances/Section_Wuppertal_6472_137_right_geometry"], "http://www.w3.org/1999/02/22-rdf-syntax-ns#type": ["https://registry.gdi-de.org/up3/ontology/Streckenabschnitt_optional"], "https://registry.gdi-de.org/up3/ontology/beginntBeiKnoten": ["https://registry.gdi-de.org/de.nw/radnetz/instances/Knoten_Wuppertal_2338"], "https://registry.gdi-de.org/up3/ontology/endetBeiKnoten": ["https://registry.gdi-de.org/de.nw/radnetz/instances/Knoten_Wuppertal_2329"], "https://registry.gdi-de.org/up3/ontology/geometrieAbschnitt": ["https://registry.gdi-de.org/de.nw/radnetz/instances/Section_Wuppertal_6472_137_right_geometry"], "https://registry.gdi-de.org/up3/ontology/licht": ["https://registry.gdi-de.org/codelist/de.bund.balm.radnetz/Licht/1"], "https://registry.gdi-de.org/up3/ontology/quell-ID": ["6472"], "https://registry.gdi-de.org/up3/ontology/richtung": ["https://registry.gdi-de.org/codelist/de.bund.balm.radnetz/Richtung/2"], "https://registry.gdi-de.org/up3/ontology/steigung": ["4.513351"], "https://registry.gdi-de.org/up3/ontology/strecken-ID": ["Section_Wuppertal_6472_137_right"]}, "geometry": {"type": "LineString", "coordinates": [[7.060373293, 51.2334116404, 206.13], [7.0600576615, 51.2340446512, 209.46]]}}, {"type": "Feature", "id": "https://registry.gdi-de.org/de.nw/radnetz/instances/Section_Wuppertal_1226260_548_right", "name": "", "dateprops": [], "properties": {"http://rdfs.org/ns/void#inDataset": ["https://registry.gdi-de.org/de.nw/radnetz/instances/exnw_dataset"], "http://www.opengis.net/ont/geosparql#hasGeometry": ["https://registry.gdi-de.org/de.nw/radnetz/instances/Section_Wuppertal_1226260_548_right_geometry"], "http://www.w3.org/1999/02/22-rdf-syntax-ns#type": ["https://registry.gdi-de.org/up3/ontology/Streckenabschnitt_optional"], "https://registry.gdi-de.org/up3/ontology/beginntBeiKnoten": ["https://registry.gdi-de.org/de.nw/radnetz/instances/Knoten_Wuppertal_116430101"], "https://registry.gdi-de.org/up3/ontology/endetBeiKnoten": ["https://registry.gdi-de.org/de.nw/radnetz/instances/Knoten_Wuppertal_116440101"], "https://registry.gdi-de.org/up3/ontology/fuehrung": ["https://registry.gdi-de.org/codelist/de.bund.balm.radnetz/Fuehrung/401"], "https://registry.gdi-de.org/up3/ontology/geometrieAbschnitt": ["https://registry.gdi-de.org/de.nw/radnetz/instances/Section_Wuppertal_1226260_548_right_geometry"], "https://registry.gdi-de.org/up3/ontology/licht": ["https://registry.gdi-de.org/codelist/de.bund.balm.radnetz/Licht/1"], "https://registry.gdi-de.org/up3/ontology/quell-ID": ["1226260"], "https://registry.gdi-de.org/up3/ontology/richtung": ["https://registry.gdi-de.org/codelist/de.bund.balm.radnetz/Richtung/2"], "https://registry.gdi-de.org/up3/ontology/steigung": ["0.2930774"], "https://registry.gdi-de.org/up3/ontology/strecken-ID": ["Section_Wuppertal_1226260_548_right"]}, "geometry": {"type": "LineString", "coordinates": [[7.2332010463, 51.2570211149, 170.6], [7.2338964438, 51.2564374687, 0.0], [7.2382512538, 51.2552173494, 0.0], [7.2415571847, 51.2545685348, 0.0], [7.2430086222, 51.2543971757, 0.0], [7.2432828435, 51.2544072717, 172.88]]}}, {"type": "Feature", "id": "https://registry.gdi-de.org/de.nw/radnetz/instances/Section_Wuppertal_1990_43_right", "name": "", "dateprops": [], "properties": {"http://rdfs.org/ns/void#inDataset": ["https://registry.gdi-de.org/de.nw/radnetz/instances/exnw_dataset"], "http://www.opengis.net/ont/geosparql#hasGeometry": ["https://registry.gdi-de.org/de.nw/radnetz/instances/Section_Wuppertal_1990_43_right_geometry"], "http://www.w3.org/1999/02/22-rdf-syntax-ns#type": ["https://registry.gdi-de.org/up3/ontology/Streckenabschnitt_optional"], "https://registry.gdi-de.org/up3/ontology/beginntBeiKnoten": ["https://registry.gdi-de.org/de.nw/radnetz/instances/Knoten_Wuppertal_3318"], "https://registry.gdi-de.org/up3/ontology/endetBeiKnoten": ["https://registry.gdi-de.org/de.nw/radnetz/instances/Knoten_Wuppertal_3292"], "https://registry.gdi-de.org/up3/ontology/fuehrung": ["https://registry.gdi-de.org/codelist/de.bund.balm.radnetz/Fuehrung/405"], "https://registry.gdi-de.org/up3/ontology/geometrieAbschnitt": ["https://registry.gdi-de.org/de.nw/radnetz/instances/Section_Wuppertal_1990_43_right_geometry"], "https://registry.gdi-de.org/up3/ontology/licht": ["https://registry.gdi-de.org/codelist/de.bund.balm.radnetz/Licht/1"], "https://registry.gdi-de.org/up3/ontology/quell-ID": ["1990"], "https://registry.gdi-de.org/up3/ontology/richtung": ["https://registry.gdi-de.org/codelist/de.bund.balm.radnetz/Richtung/2"], "https://registry.gdi-de.org/up3/ontology/steigung": ["1.400018"], "https://registry.gdi-de.org/up3/ontology/strecken-ID": ["Section_Wuppertal_1990_43_right"]}, "geometry": {"type": "LineString", "coordinates": [[7.1048202795, 51.2472726508, 142.38], [7.1038623294, 51.2480899252, 143.96]]}}, {"type": "Feature", "id": "https://registry.gdi-de.org/de.nw/radnetz/instances/Section_Wuppertal_5868_127_right", "name": "", "dateprops": [], "properties": {"http://rdfs.org/ns/void#inDataset": ["https://registry.gdi-de.org/de.nw/radnetz/instances/exnw_dataset"], "http://www.opengis.net/ont/geosparql#hasGeometry": ["https://registry.gdi-de.org/de.nw/radnetz/instances/Section_Wuppertal_5868_127_right_geometry"], "http://www.w3.org/1999/02/22-rdf-syntax-ns#type": ["https://registry.gdi-de.org/up3/ontology/Streckenabschnitt_optional"], "https://registry.gdi-de.org/up3/ontology/beginntBeiKnoten": ["https://registry.gdi-de.org/de.nw/radnetz/instances/Knoten_Wuppertal_10011"], "https://registry.gdi-de.org/up3/ontology/endetBeiKnoten": ["https://registry.gdi-de.org/de.nw/radnetz/instances/Knoten_Wuppertal_10020"], "https://registry.gdi-de.org/up3/ontology/fuehrung": ["https://registry.gdi-de.org/codelist/de.bund.balm.radnetz/Fuehrung/401"], "https://registry.gdi-de.org/up3/ontology/geometrieAbschnitt": ["https://registry.gdi-de.org/de.nw/radnetz/instances/Section_Wuppertal_5868_127_right_geometry"], "https://registry.gdi-de.org/up3/ontology/licht": ["https://registry.gdi-de.org/codelist/de.bund.balm.radnetz/Licht/0"], "https://registry.gdi-de.org/up3/ontology/quell-ID": ["5868"], "https://registry.gdi-de.org/up3/ontology/richtung": ["https://registry.gdi-de.org/codelist/de.bund.balm.radnetz/Richtung/2"], "https://registry.gdi-de.org/up3/ontology/steigung": ["3.154314"], "https://registry.gdi-de.org/up3/ontology/strecken-ID": ["Section_Wuppertal_5868_127_right"]}, "geometry": {"type": "LineString", "coordinates": [[7.2955335944, 51.2491184875, 197.87], [7.2957581307, 51.2489541978, 0.0], [7.295905197, 51.2488776922, 199.05]]}}, {"type": "Feature", "id": "https://registry.gdi-de.org/de.nw/radnetz/instances/Section_Wuppertal_1229784_1049_right", "name": "", "dateprops": [], "properties": {"http://rdfs.org/ns/void#inDataset": ["https://registry.gdi-de.org/de.nw/radnetz/instances/exnw_dataset"], "http://www.opengis.net/ont/geosparql#hasGeometry": ["https://registry.gdi-de.org/de.nw/radnetz/instances/Section_Wuppertal_1229784_1049_right_geometry"], "http://www.w3.org/1999/02/22-rdf-syntax-ns#type": ["https://registry.gdi-de.org/up3/ontology/Streckenabschnitt_optional"], "https://registry.gdi-de.org/up3/ontology/beginntBeiKnoten": ["https://registry.gdi-de.org/de.nw/radnetz/instances/Knoten_Wuppertal_1189691234"], "https://registry.gdi-de.org/up3/ontology/endetBeiKnoten": ["https://registry.gdi-de.org/de.nw/radnetz/instances/Knoten_Wuppertal_118570101"], "https://registry.gdi-de.org/up3/ontology/geometrieAbschnitt": ["https://registry.gdi-de.org/de.nw/radnetz/instances/Section_Wuppertal_1229784_1049_right_geometry"], "https://registry.gdi-de.org/up3/ontology/licht": ["https://registry.gdi-de.org/codelist/de.bund.balm.radnetz/Licht/1"], "https://registry.gdi-de.org/up3/ontology/quell-ID": ["1229784"], "https://registry.gdi-de.org/up3/ontology/richtung": ["https://registry.gdi-de.org/codelist/de.bund.balm.radnetz/Richtung/2"], "https://registry.gdi-de.org/up3/ontology/steigung": ["10.00353"], "https://registry.gdi-de.org/up3/ontology/strecken-ID": ["Section_Wuppertal_1229784_1049_right"]}, "geometry": {"type": "LineString", "coordinates": [[7.1308128152, 51.2739867526, 0.0], [7.1302944735, 51.2749279413, 0.0]]}}, {"type": "Feature", "id": "https://registry.gdi-de.org/de.nw/radnetz/instances/Section_Wuppertal_1224270_410_right", "name": "", "dateprops": [], "properties": {"http://rdfs.org/ns/void#inDataset": ["https://registry.gdi-de.org/de.nw/radnetz/instances/exnw_dataset"], "http://www.opengis.net/ont/geosparql#hasGeometry": ["https://registry.gdi-de.org/de.nw/radnetz/instances/Section_Wuppertal_1224270_410_right_geometry"], "http://www.w3.org/1999/02/22-rdf-syntax-ns#type": ["https://registry.gdi-de.org/up3/ontology/Streckenabschnitt_optional"], "https://registry.gdi-de.org/up3/ontology/beginntBeiKnoten": ["https://registry.gdi-de.org/de.nw/radnetz/instances/Knoten_Wuppertal_3292"], "https://registry.gdi-de.org/up3/ontology/endetBeiKnoten": ["https://registry.gdi-de.org/de.nw/radnetz/instances/Knoten_Wuppertal_113850102"], "https://registry.gdi-de.org/up3/ontology/fuehrung": ["https://registry.gdi-de.org/codelist/de.bund.balm.radnetz/Fuehrung/405"], "https://registry.gdi-de.org/up3/ontology/geometrieAbschnitt": ["https://registry.gdi-de.org/de.nw/radnetz/instances/Section_Wuppertal_1224270_410_right_geometry"], "https://registry.gdi-de.org/up3/ontology/licht": ["https://registry.gdi-de.org/codelist/de.bund.balm.radnetz/Licht/1"], "https://registry.gdi-de.org/up3/ontology/quell-ID": ["1224270"], "https://registry.gdi-de.org/up3/ontology/richtung": ["https://registry.gdi-de.org/codelist/de.bund.balm.radnetz/Richtung/2"], "https://registry.gdi-de.org/up3/ontology/steigung": ["1.048726"], "https://registry.gdi-de.org/up3/ontology/strecken-ID": ["Section_Wuppertal_1224270_410_right"]}, "geometry": {"type": "LineString", "coordinates": [[7.1038623294, 51.2480899252, 143.96], [7.1036426289, 51.2482816645, 0.0], [7.1035968156, 51.248318492, 144.29]]}}, {"type": "Feature", "id": "https://registry.gdi-de.org/de.nw/radnetz/instances/Section_Wuppertal_2758_60_right", "name": "", "dateprops": [], "properties": {"http://rdfs.org/ns/void#inDataset": ["https://registry.gdi-de.org/de.nw/radnetz/instances/exnw_dataset"], "http://www.opengis.net/ont/geosparql#hasGeometry": ["https://registry.gdi-de.org/de.nw/radnetz/instances/Section_Wuppertal_2758_60_right_geometry"], "http://www.w3.org/1999/02/22-rdf-syntax-ns#type": ["https://registry.gdi-de.org/up3/ontology/Streckenabschnitt_optional"], "https://registry.gdi-de.org/up3/ontology/beginntBeiKnoten": ["https://registry.gdi-de.org/de.nw/radnetz/instances/Knoten_Wuppertal_4247"], "https://registry.gdi-de.org/up3/ontology/endetBeiKnoten": ["https://registry.gdi-de.org/de.nw/radnetz/instances/Knoten_Wuppertal_4274"], "https://registry.gdi-de.org/up3/ontology/geometrieAbschnitt": ["https://registry.gdi-de.org/de.nw/radnetz/instances/Section_Wuppertal_2758_60_right_geometry"], "https://registry.gdi-de.org/up3/ontology/licht": ["https://registry.gdi-de.org/codelist/de.bund.balm.radnetz/Licht/1"], "https://registry.gdi-de.org/up3/ontology/quell-ID": ["2758"], "https://registry.gdi-de.org/up3/ontology/richtung": ["https://registry.gdi-de.org/codelist/de.bund.balm.radnetz/Richtung/2"], "https://registry.gdi-de.org/up3/ontology/steigung": ["3.582129"], "https://registry.gdi-de.org/up3/ontology/strecken-ID": ["Section_Wuppertal_2758_60_right"]}, "geometry": {"type": "LineString", "coordinates": [[7.1313641234, 51.2032884148, 281.6], [7.1317831348, 51.2035816255, 283.17]]}}, {"type": "Feature", "id": "https://registry.gdi-de.org/de.nw/radnetz/instances/Section_Wuppertal_3968_95_right", "name": "", "dateprops": [], "properties": {"http://rdfs.org/ns/void#inDataset": ["https://registry.gdi-de.org/de.nw/radnetz/instances/exnw_dataset"], "http://www.opengis.net/ont/geosparql#hasGeometry": ["https://registry.gdi-de.org/de.nw/radnetz/instances/Section_Wuppertal_3968_95_right_geometry"], "http://www.w3.org/1999/02/22-rdf-syntax-ns#type": ["https://registry.gdi-de.org/up3/ontology/Streckenabschnitt_optional"], "https://registry.gdi-de.org/up3/ontology/beginntBeiKnoten": ["https://registry.gdi-de.org/de.nw/radnetz/instances/Knoten_Wuppertal_9264"], "https://registry.gdi-de.org/up3/ontology/endetBeiKnoten": ["https://registry.gdi-de.org/de.nw/radnetz/instances/Knoten_Wuppertal_9290"], "https://registry.gdi-de.org/up3/ontology/fuehrung": ["https://registry.gdi-de.org/codelist/de.bund.balm.radnetz/Fuehrung/401"], "https://registry.gdi-de.org/up3/ontology/geometrieAbschnitt": ["https://registry.gdi-de.org/de.nw/radnetz/instances/Section_Wuppertal_3968_95_right_geometry"], "https://registry.gdi-de.org/up3/ontology/licht": ["https://registry.gdi-de.org/codelist/de.bund.balm.radnetz/Licht/1"], "https://registry.gdi-de.org/up3/ontology/quell-ID": ["3968"], "https://registry.gdi-de.org/up3/ontology/richtung": ["https://registry.gdi-de.org/codelist/de.bund.balm.radnetz/Richtung/2"], "https://registry.gdi-de.org/up3/ontology/steigung": ["6.892487"], "https://registry.gdi-de.org/up3/ontology/strecken-ID": ["Section_Wuppertal_3968_95_right"]}, "geometry": {"type": "LineString", "coordinates": [[7.2466050625, 51.2967348717, 230.92], [7.2468917626, 51.2972621569, 0.0], [7.2476296406, 51.2980363219, 0.0], [7.2480139148, 51.298400124, 245.45]]}}, {"type": "Feature", "id": "https://registry.gdi-de.org/de.nw/radnetz/instances/Section_Wuppertal_1225650_493_right", "name": "", "dateprops": [], "properties": {"http://rdfs.org/ns/void#inDataset": ["https://registry.gdi-de.org/de.nw/radnetz/instances/exnw_dataset"], "http://www.opengis.net/ont/geosparql#hasGeometry": ["https://registry.gdi-de.org/de.nw/radnetz/instances/Section_Wuppertal_1225650_493_right_geometry"], "http://www.w3.org/1999/02/22-rdf-syntax-ns#type": ["https://registry.gdi-de.org/up3/ontology/Streckenabschnitt_optional"], "https://registry.gdi-de.org/up3/ontology/beginntBeiKnoten": ["https://registry.gdi-de.org/de.nw/radnetz/instances/Knoten_Wuppertal_116730102"], "https://registry.gdi-de.org/up3/ontology/endetBeiKnoten": ["https://registry.gdi-de.org/de.nw/radnetz/instances/Knoten_Wuppertal_116740102"], "https://registry.gdi-de.org/up3/ontology/geometrieAbschnitt": ["https://registry.gdi-de.org/de.nw/radnetz/instances/Section_Wuppertal_1225650_493_right_geometry"], "https://registry.gdi-de.org/up3/ontology/licht": ["https://registry.gdi-de.org/codelist/de.bund.balm.radnetz/Licht/1"], "https://registry.gdi-de.org/up3/ontology/quell-ID": ["1225650"], "https://registry.gdi-de.org/up3/ontology/richtung": ["https://registry.gdi-de.org/codelist/de.bund.balm.radnetz/Richtung/2"], "https://registry.gdi-de.org/up3/ontology/steigung": ["0.4679616"], "https://registry.gdi-de.org/up3/ontology/strecken-ID": ["Section_Wuppertal_1225650_493_right"]}, "geometry": {"type": "LineString", "coordinates": [[7.2318733111, 51.2686028873, 163.72], [7.2330287423, 51.267209017, 0.0], [7.2332355295, 51.2670285768, 0.0], [7.2332789948, 51.2670121723, 164.67]]}}, {"type": "Feature", "id": "https://registry.gdi-de.org/de.nw/radnetz/instances/Section_Wuppertal_12616_1026_right", "name": "", "dateprops": [], "properties": {"http://rdfs.org/ns/void#inDataset": ["https://registry.gdi-de.org/de.nw/radnetz/instances/exnw_dataset"], "http://www.opengis.net/ont/geosparql#hasGeometry": ["https://registry.gdi-de.org/de.nw/radnetz/instances/Section_Wuppertal_12616_1026_right_geometry"], "http://www.w3.org/1999/02/22-rdf-syntax-ns#type": ["https://registry.gdi-de.org/up3/ontology/Streckenabschnitt_optional"], "https://registry.gdi-de.org/up3/ontology/beginntBeiKnoten": ["https://registry.gdi-de.org/de.nw/radnetz/instances/Knoten_Wuppertal_1189691387"], "https://registry.gdi-de.org/up3/ontology/endetBeiKnoten": ["https://registry.gdi-de.org/de.nw/radnetz/instances/Knoten_Wuppertal_4345"], "https://registry.gdi-de.org/up3/ontology/geometrieAbschnitt": ["https://registry.gdi-de.org/de.nw/radnetz/instances/Section_Wuppertal_12616_1026_right_geometry"], "https://registry.gdi-de.org/up3/ontology/licht": ["https://registry.gdi-de.org/codelist/de.bund.balm.radnetz/Licht/1"], "https://registry.gdi-de.org/up3/ontology/quell-ID": ["12616"], "https://registry.gdi-de.org/up3/ontology/richtung": ["https://registry.gdi-de.org/codelist/de.bund.balm.radnetz/Richtung/2"], "https://registry.gdi-de.org/up3/ontology/steigung": ["8.662247"], "https://registry.gdi-de.org/up3/ontology/strecken-ID": ["Section_Wuppertal_12616_1026_right"]}, "geometry": {"type": "LineString", "coordinates": [[7.1305651288, 51.2690606556, 0.0], [7.1304108871, 51.2693029747, 0.0], [7.1303203612, 51.2699049552, 0.0]]}}, {"type": "Feature", "id": "https://registry.gdi-de.org/de.nw/radnetz/instances/Section_Wuppertal_1225881_1043_right", "name": "", "dateprops": [], "properties": {"http://rdfs.org/ns/void#inDataset": ["https://registry.gdi-de.org/de.nw/radnetz/instances/exnw_dataset"], "http://www.opengis.net/ont/geosparql#hasGeometry": ["https://registry.gdi-de.org/de.nw/radnetz/instances/Section_Wuppertal_1225881_1043_right_geometry"], "http://www.w3.org/1999/02/22-rdf-syntax-ns#type": ["https://registry.gdi-de.org/up3/ontology/Streckenabschnitt_optional"], "https://registry.gdi-de.org/up3/ontology/beginntBeiKnoten": ["https://registry.gdi-de.org/de.nw/radnetz/instances/Knoten_Wuppertal_4404"], "https://registry.gdi-de.org/up3/ontology/endetBeiKnoten": ["https://registry.gdi-de.org/de.nw/radnetz/instances/Knoten_Wuppertal_112780101"], "https://registry.gdi-de.org/up3/ontology/geometrieAbschnitt": ["https://registry.gdi-de.org/de.nw/radnetz/instances/Section_Wuppertal_1225881_1043_right_geometry"], "https://registry.gdi-de.org/up3/ontology/licht": ["https://registry.gdi-de.org/codelist/de.bund.balm.radnetz/Licht/1"], "https://registry.gdi-de.org/up3/ontology/quell-ID": ["1225881"], "https://registry.gdi-de.org/up3/ontology/richtung": ["https://registry.gdi-de.org/codelist/de.bund.balm.radnetz/Richtung/2"], "https://registry.gdi-de.org/up3/ontology/steigung": ["6.695088"], "https://registry.gdi-de.org/up3/ontology/strecken-ID": ["Section_Wuppertal_1225881_1043_right"]}, "geometry": {"type": "LineString", "coordinates": [[7.1310598602, 51.2735139466, 0.0], [7.1310593317, 51.2735391207, 0.0], [7.1309731828, 51.2736955526, 0.0]]}}, {"type": "Feature", "id": "https://registry.gdi-de.org/de.nw/radnetz/instances/Section_Wuppertal_1228152_1074_right", "name": "", "dateprops": [], "properties": {"http://rdfs.org/ns/void#inDataset": ["https://registry.gdi-de.org/de.nw/radnetz/instances/exnw_dataset"], "http://www.opengis.net/ont/geosparql#hasGeometry": ["https://registry.gdi-de.org/de.nw/radnetz/instances/Section_Wuppertal_1228152_1074_right_geometry"], "http://www.w3.org/1999/02/22-rdf-syntax-ns#type": ["https://registry.gdi-de.org/up3/ontology/Streckenabschnitt_optional"], "https://registry.gdi-de.org/up3/ontology/beginntBeiKnoten": ["https://registry.gdi-de.org/de.nw/radnetz/instances/Knoten_Wuppertal_1189690451"], "https://registry.gdi-de.org/up3/ontology/endetBeiKnoten": ["https://registry.gdi-de.org/de.nw/radnetz/instances/Knoten_Wuppertal_5884"], "https://registry.gdi-de.org/up3/ontology/geometrieAbschnitt": ["https://registry.gdi-de.org/de.nw/radnetz/instances/Section_Wuppertal_1228152_1074_right_geometry"], "https://registry.gdi-de.org/up3/ontology/licht": ["https://registry.gdi-de.org/codelist/de.bund.balm.radnetz/Licht/1"], "https://registry.gdi-de.org/up3/ontology/quell-ID": ["1228152"], "https://registry.gdi-de.org/up3/ontology/richtung": ["https://registry.gdi-de.org/codelist/de.bund.balm.radnetz/Richtung/2"], "https://registry.gdi-de.org/up3/ontology/steigung": ["7.607049"], "https://registry.gdi-de.org/up3/ontology/strecken-ID": ["Section_Wuppertal_1228152_1074_right"]}, "geometry": {"type": "LineString", "coordinates": [[7.15992905, 51.2752506785, 0.0], [7.1596882306, 51.2751018439, 0.0], [7.1588747884, 51.274669429, 0.0], [7.1584083962, 51.2743594261, 0.0]]}}, {"type": "Feature", "id": "https://registry.gdi-de.org/de.nw/radnetz/instances/Section_Wuppertal_1225529_484_right", "name": "", "dateprops": [], "properties": {"http://rdfs.org/ns/void#inDataset": ["https://registry.gdi-de.org/de.nw/radnetz/instances/exnw_dataset"], "http://www.opengis.net/ont/geosparql#hasGeometry": ["https://registry.gdi-de.org/de.nw/radnetz/instances/Section_Wuppertal_1225529_484_right_geometry"], "http://www.w3.org/1999/02/22-rdf-syntax-ns#type": ["https://registry.gdi-de.org/up3/ontology/Streckenabschnitt_optional"], "https://registry.gdi-de.org/up3/ontology/beginntBeiKnoten": ["https://registry.gdi-de.org/de.nw/radnetz/instances/Knoten_Wuppertal_115500101"], "https://registry.gdi-de.org/up3/ontology/endetBeiKnoten": ["https://registry.gdi-de.org/de.nw/radnetz/instances/Knoten_Wuppertal_8765"], "https://registry.gdi-de.org/up3/ontology/fuehrung": ["https://registry.gdi-de.org/codelist/de.bund.balm.radnetz/Fuehrung/401"], "https://registry.gdi-de.org/up3/ontology/geometrieAbschnitt": ["https://registry.gdi-de.org/de.nw/radnetz/instances/Section_Wuppertal_1225529_484_right_geometry"], "https://registry.gdi-de.org/up3/ontology/licht": ["https://registry.gdi-de.org/codelist/de.bund.balm.radnetz/Licht/1"], "https://registry.gdi-de.org/up3/ontology/quell-ID": ["1225529"], "https://registry.gdi-de.org/up3/ontology/richtung": ["https://registry.gdi-de.org/codelist/de.bund.balm.radnetz/Richtung/2"], "https://registry.gdi-de.org/up3/ontology/steigung": ["0.02653795"], "https://registry.gdi-de.org/up3/ontology/strecken-ID": ["Section_Wuppertal_1225529_484_right"]}, "geometry": {"type": "LineString", "coordinates": [[7.2312482176, 51.2601227277, 180.87], [7.2308793206, 51.2598753512, 180.88]]}}, {"type": "Feature", "id": "https://registry.gdi-de.org/de.nw/radnetz/instances/Section_Wuppertal_1224241_1072_right", "name": "", "dateprops": [], "properties": {"http://rdfs.org/ns/void#inDataset": ["https://registry.gdi-de.org/de.nw/radnetz/instances/exnw_dataset"], "http://www.opengis.net/ont/geosparql#hasGeometry": ["https://registry.gdi-de.org/de.nw/radnetz/instances/Section_Wuppertal_1224241_1072_right_geometry"], "http://www.w3.org/1999/02/22-rdf-syntax-ns#type": ["https://registry.gdi-de.org/up3/ontology/Streckenabschnitt_optional"], "https://registry.gdi-de.org/up3/ontology/beginntBeiKnoten": ["https://registry.gdi-de.org/de.nw/radnetz/instances/Knoten_Wuppertal_112170102"], "https://registry.gdi-de.org/up3/ontology/endetBeiKnoten": ["https://registry.gdi-de.org/de.nw/radnetz/instances/Knoten_Wuppertal_6008"], "https://registry.gdi-de.org/up3/ontology/geometrieAbschnitt": ["https://registry.gdi-de.org/de.nw/radnetz/instances/Section_Wuppertal_1224241_1072_right_geometry"], "https://registry.gdi-de.org/up3/ontology/licht": ["https://registry.gdi-de.org/codelist/de.bund.balm.radnetz/Licht/1"], "https://registry.gdi-de.org/up3/ontology/quell-ID": ["1224241"], "https://registry.gdi-de.org/up3/ontology/richtung": ["https://registry.gdi-de.org/codelist/de.bund.balm.radnetz/Richtung/2"], "https://registry.gdi-de.org/up3/ontology/steigung": ["3.794433"], "https://registry.gdi-de.org/up3/ontology/strecken-ID": ["Section_Wuppertal_1224241_1072_right"]}, "geometry": {"type": "LineString", "coordinates": [[7.162573435, 51.2768335469, 0.0], [7.161399078, 51.2761469323, 0.0]]}}, {"type": "Feature", "id": "https://registry.gdi-de.org/de.nw/radnetz/instances/Section_Wuppertal_1226702_1068_right", "name": "", "dateprops": [], "properties": {"http://rdfs.org/ns/void#inDataset": ["https://registry.gdi-de.org/de.nw/radnetz/instances/exnw_dataset"], "http://www.opengis.net/ont/geosparql#hasGeometry": ["https://registry.gdi-de.org/de.nw/radnetz/instances/Section_Wuppertal_1226702_1068_right_geometry"], "http://www.w3.org/1999/02/22-rdf-syntax-ns#type": ["https://registry.gdi-de.org/up3/ontology/Streckenabschnitt_optional"], "https://registry.gdi-de.org/up3/ontology/beginntBeiKnoten": ["https://registry.gdi-de.org/de.nw/radnetz/instances/Knoten_Wuppertal_112110101"], "https://registry.gdi-de.org/up3/ontology/endetBeiKnoten": ["https://registry.gdi-de.org/de.nw/radnetz/instances/Knoten_Wuppertal_112110102"], "https://registry.gdi-de.org/up3/ontology/geometrieAbschnitt": ["https://registry.gdi-de.org/de.nw/radnetz/instances/Section_Wuppertal_1226702_1068_right_geometry"], "https://registry.gdi-de.org/up3/ontology/licht": ["https://registry.gdi-de.org/codelist/de.bund.balm.radnetz/Licht/1"], "https://registry.gdi-de.org/up3/ontology/quell-ID": ["1226702"], "https://registry.gdi-de.org/up3/ontology/richtung": ["https://registry.gdi-de.org/codelist/de.bund.balm.radnetz/Richtung/2"], "https://registry.gdi-de.org/up3/ontology/steigung": ["2.757983"], "https://registry.gdi-de.org/up3/ontology/strecken-ID": ["Section_Wuppertal_1226702_1068_right"]}, "geometry": {"type": "LineString", "coordinates": [[7.1730099453, 51.2835102606, 0.0], [7.1731109311, 51.2836916321, 0.0], [7.1731791776, 51.2838150234, 0.0]]}}, {"type": "Feature", "id": "https://registry.gdi-de.org/de.nw/radnetz/instances/Section_Wuppertal_1228709_721_right", "name": "", "dateprops": [], "properties": {"http://rdfs.org/ns/void#inDataset": ["https://registry.gdi-de.org/de.nw/radnetz/instances/exnw_dataset"], "http://www.opengis.net/ont/geosparql#hasGeometry": ["https://registry.gdi-de.org/de.nw/radnetz/instances/Section_Wuppertal_1228709_721_right_geometry"], "http://www.w3.org/1999/02/22-rdf-syntax-ns#type": ["https://registry.gdi-de.org/up3/ontology/Streckenabschnitt_optional"], "https://registry.gdi-de.org/up3/ontology/beginntBeiKnoten": ["https://registry.gdi-de.org/de.nw/radnetz/instances/Knoten_Wuppertal_7012"], "https://registry.gdi-de.org/up3/ontology/endetBeiKnoten": ["https://registry.gdi-de.org/de.nw/radnetz/instances/Knoten_Wuppertal_1189690723"], "https://registry.gdi-de.org/up3/ontology/geometrieAbschnitt": ["https://registry.gdi-de.org/de.nw/radnetz/instances/Section_Wuppertal_1228709_721_right_geometry"], "https://registry.gdi-de.org/up3/ontology/licht": ["https://registry.gdi-de.org/codelist/de.bund.balm.radnetz/Licht/1"], "https://registry.gdi-de.org/up3/ontology/quell-ID": ["1228709"], "https://registry.gdi-de.org/up3/ontology/richtung": ["https://registry.gdi-de.org/codelist/de.bund.balm.radnetz/Richtung/2"], "https://registry.gdi-de.org/up3/ontology/steigung": ["6.35609"], "https://registry.gdi-de.org/up3/ontology/strecken-ID": ["Section_Wuppertal_1228709_721_right"]}, "geometry": {"type": "LineString", "coordinates": [[7.1903754181, 51.2795968486, 190.38], [7.1901182021, 51.2795783948, 0.0], [7.1893554887, 51.2794957214, 194.96]]}}, {"type": "Feature", "id": "https://registry.gdi-de.org/de.nw/radnetz/instances/Section_Wuppertal_1228051_691_right", "name": "", "dateprops": [], "properties": {"http://rdfs.org/ns/void#inDataset": ["https://registry.gdi-de.org/de.nw/radnetz/instances/exnw_dataset"], "http://www.opengis.net/ont/geosparql#hasGeometry": ["https://registry.gdi-de.org/de.nw/radnetz/instances/Section_Wuppertal_1228051_691_right_geometry"], "http://www.w3.org/1999/02/22-rdf-syntax-ns#type": ["https://registry.gdi-de.org/up3/ontology/Streckenabschnitt_optional"], "https://registry.gdi-de.org/up3/ontology/beginntBeiKnoten": ["https://registry.gdi-de.org/de.nw/radnetz/instances/Knoten_Wuppertal_3378"], "https://registry.gdi-de.org/up3/ontology/endetBeiKnoten": ["https://registry.gdi-de.org/de.nw/radnetz/instances/Knoten_Wuppertal_1189690401"], "https://registry.gdi-de.org/up3/ontology/fuehrung": ["https://registry.gdi-de.org/codelist/de.bund.balm.radnetz/Fuehrung/200"], "https://registry.gdi-de.org/up3/ontology/geometrieAbschnitt": ["https://registry.gdi-de.org/de.nw/radnetz/instances/Section_Wuppertal_1228051_691_right_geometry"], "https://registry.gdi-de.org/up3/ontology/licht": ["https://registry.gdi-de.org/codelist/de.bund.balm.radnetz/Licht/1"], "https://registry.gdi-de.org/up3/ontology/quell-ID": ["1228051"], "https://registry.gdi-de.org/up3/ontology/richtung": ["https://registry.gdi-de.org/codelist/de.bund.balm.radnetz/Richtung/2"], "https://registry.gdi-de.org/up3/ontology/steigung": ["2.533598"], "https://registry.gdi-de.org/up3/ontology/strecken-ID": ["Section_Wuppertal_1228051_691_right"]}, "geometry": {"type": "LineString", "coordinates": [[7.1068569384, 51.2563412742, 165.23], [7.1086920567, 51.2576999124, 0.0], [7.1092439772, 51.2580313415, 171.6]]}}, {"type": "Feature", "id": "https://registry.gdi-de.org/de.nw/radnetz/instances/Section_Wuppertal_11211_925_right", "name": "", "dateprops": [], "properties": {"http://rdfs.org/ns/void#inDataset": ["https://registry.gdi-de.org/de.nw/radnetz/instances/exnw_dataset"], "http://www.opengis.net/ont/geosparql#hasGeometry": ["https://registry.gdi-de.org/de.nw/radnetz/instances/Section_Wuppertal_11211_925_right_geometry"], "http://www.w3.org/1999/02/22-rdf-syntax-ns#type": ["https://registry.gdi-de.org/up3/ontology/Streckenabschnitt_optional"], "https://registry.gdi-de.org/up3/ontology/beginntBeiKnoten": ["https://registry.gdi-de.org/de.nw/radnetz/instances/Knoten_Wuppertal_9379"], "https://registry.gdi-de.org/up3/ontology/endetBeiKnoten": ["https://registry.gdi-de.org/de.nw/radnetz/instances/Knoten_Wuppertal_9370"], "https://registry.gdi-de.org/up3/ontology/fuehrung": ["https://registry.gdi-de.org/codelist/de.bund.balm.radnetz/Fuehrung/401"], "https://registry.gdi-de.org/up3/ontology/geometrieAbschnitt": ["https://registry.gdi-de.org/de.nw/radnetz/instances/Section_Wuppertal_11211_925_right_geometry"], "https://registry.gdi-de.org/up3/ontology/licht": ["https://registry.gdi-de.org/codelist/de.bund.balm.radnetz/Licht/1"], "https://registry.gdi-de.org/up3/ontology/quell-ID": ["11211"], "https://registry.gdi-de.org/up3/ontology/richtung": ["https://registry.gdi-de.org/codelist/de.bund.balm.radnetz/Richtung/2"], "https://registry.gdi-de.org/up3/ontology/steigung": ["4.318501"], "https://registry.gdi-de.org/up3/ontology/strecken-ID": ["Section_Wuppertal_11211_925_right"]}, "geometry": {"type": "LineString", "coordinates": [[7.2510211104, 51.3091318242, 308.62], [7.2504599713, 51.3095377747, 311.2]]}}, {"type": "Feature", "id": "https://registry.gdi-de.org/de.nw/radnetz/instances/Section_Wuppertal_3306_1030_right", "name": "", "dateprops": [], "properties": {"http://rdfs.org/ns/void#inDataset": ["https://registry.gdi-de.org/de.nw/radnetz/instances/exnw_dataset"], "http://www.opengis.net/ont/geosparql#hasGeometry": ["https://registry.gdi-de.org/de.nw/radnetz/instances/Section_Wuppertal_3306_1030_right_geometry"], "http://www.w3.org/1999/02/22-rdf-syntax-ns#type": ["https://registry.gdi-de.org/up3/ontology/Streckenabschnitt_optional"], "https://registry.gdi-de.org/up3/ontology/beginntBeiKnoten": ["https://registry.gdi-de.org/de.nw/radnetz/instances/Knoten_Wuppertal_4349"], "https://registry.gdi-de.org/up3/ontology/endetBeiKnoten": ["https://registry.gdi-de.org/de.nw/radnetz/instances/Knoten_Wuppertal_4322"], "https://registry.gdi-de.org/up3/ontology/geometrieAbschnitt": ["https://registry.gdi-de.org/de.nw/radnetz/instances/Section_Wuppertal_3306_1030_right_geometry"], "https://registry.gdi-de.org/up3/ontology/licht": ["https://registry.gdi-de.org/codelist/de.bund.balm.radnetz/Licht/1"], "https://registry.gdi-de.org/up3/ontology/quell-ID": ["3306"], "https://registry.gdi-de.org/up3/ontology/richtung": ["https://registry.gdi-de.org/codelist/de.bund.balm.radnetz/Richtung/2"], "https://registry.gdi-de.org/up3/ontology/steigung": ["8.322001"], "https://registry.gdi-de.org/up3/ontology/strecken-ID": ["Section_Wuppertal_3306_1030_right"]}, "geometry": {"type": "LineString", "coordinates": [[7.1301600402, 51.2751720333, 0.0], [7.1300648073, 51.2753645608, 0.0], [7.1296805123, 51.2760965797, 0.0]]}}, {"type": "Feature", "id": "https://registry.gdi-de.org/de.nw/radnetz/instances/Section_Wuppertal_1228052_692_right", "name": "", "dateprops": [], "properties": {"http://rdfs.org/ns/void#inDataset": ["https://registry.gdi-de.org/de.nw/radnetz/instances/exnw_dataset"], "http://www.opengis.net/ont/geosparql#hasGeometry": ["https://registry.gdi-de.org/de.nw/radnetz/instances/Section_Wuppertal_1228052_692_right_geometry"], "http://www.w3.org/1999/02/22-rdf-syntax-ns#type": ["https://registry.gdi-de.org/up3/ontology/Streckenabschnitt_optional"], "https://registry.gdi-de.org/up3/ontology/beginntBeiKnoten": ["https://registry.gdi-de.org/de.nw/radnetz/instances/Knoten_Wuppertal_1189690401"], "https://registry.gdi-de.org/up3/ontology/endetBeiKnoten": ["https://registry.gdi-de.org/de.nw/radnetz/instances/Knoten_Wuppertal_60227"], "https://registry.gdi-de.org/up3/ontology/fuehrung": ["https://registry.gdi-de.org/codelist/de.bund.balm.radnetz/Fuehrung/200"], "https://registry.gdi-de.org/up3/ontology/geometrieAbschnitt": ["https://registry.gdi-de.org/de.nw/radnetz/instances/Section_Wuppertal_1228052_692_right_geometry"], "https://registry.gdi-de.org/up3/ontology/licht": ["https://registry.gdi-de.org/codelist/de.bund.balm.radnetz/Licht/1"], "https://registry.gdi-de.org/up3/ontology/quell-ID": ["1228052"], "https://registry.gdi-de.org/up3/ontology/richtung": ["https://registry.gdi-de.org/codelist/de.bund.balm.radnetz/Richtung/2"], "https://registry.gdi-de.org/up3/ontology/steigung": ["5.189809"], "https://registry.gdi-de.org/up3/ontology/strecken-ID": ["Section_Wuppertal_1228052_692_right"]}, "geometry": {"type": "LineString", "coordinates": [[7.1092439772, 51.2580313415, 171.6], [7.1123974754, 51.2599248802, 187.41]]}}, {"type": "Feature", "id": "https://registry.gdi-de.org/de.nw/radnetz/instances/Section_Wuppertal_1229722_1061_right", "name": "", "dateprops": [], "properties": {"http://rdfs.org/ns/void#inDataset": ["https://registry.gdi-de.org/de.nw/radnetz/instances/exnw_dataset"], "http://www.opengis.net/ont/geosparql#hasGeometry": ["https://registry.gdi-de.org/de.nw/radnetz/instances/Section_Wuppertal_1229722_1061_right_geometry"], "http://www.w3.org/1999/02/22-rdf-syntax-ns#type": ["https://registry.gdi-de.org/up3/ontology/Streckenabschnitt_optional"], "https://registry.gdi-de.org/up3/ontology/beginntBeiKnoten": ["https://registry.gdi-de.org/de.nw/radnetz/instances/Knoten_Wuppertal_1189691210"], "https://registry.gdi-de.org/up3/ontology/endetBeiKnoten": ["https://registry.gdi-de.org/de.nw/radnetz/instances/Knoten_Wuppertal_6305"], "https://registry.gdi-de.org/up3/ontology/geometrieAbschnitt": ["https://registry.gdi-de.org/de.nw/radnetz/instances/Section_Wuppertal_1229722_1061_right_geometry"], "https://registry.gdi-de.org/up3/ontology/licht": ["https://registry.gdi-de.org/codelist/de.bund.balm.radnetz/Licht/1"], "https://registry.gdi-de.org/up3/ontology/quell-ID": ["1229722"], "https://registry.gdi-de.org/up3/ontology/richtung": ["https://registry.gdi-de.org/codelist/de.bund.balm.radnetz/Richtung/2"], "https://registry.gdi-de.org/up3/ontology/steigung": ["2.194119"], "https://registry.gdi-de.org/up3/ontology/strecken-ID": ["Section_Wuppertal_1229722_1061_right"]}, "geometry": {"type": "LineString", "coordinates": [[7.168731901, 51.2804144191, 0.0], [7.1694849929, 51.2807327064, 0.0]]}}], "numberMatched": 320, "numberReturned": 320, "bbox": [7.0489744235, 51.1657413938, 7.3231380885, 51.3114055366], "crs": "http://www.opengis.net/def/crs/EPSG/0/4326"}