{"type": "FeatureCollection", "id": "https://registry.gdi-de.org/codelist/de.bund.balm.radnetz/Richtung/3", "name": "3", "features": [{"type": "Feature", "id": "https://registry.gdi-de.org/de.nw/radnetz/instances/Section_Wuppertal_1227031_667_left", "name": "", "dateprops": [], "properties": {"http://rdfs.org/ns/void#inDataset": ["https://registry.gdi-de.org/de.nw/radnetz/instances/exnw_dataset"], "http://www.opengis.net/ont/geosparql#hasGeometry": ["https://registry.gdi-de.org/de.nw/radnetz/instances/Section_Wuppertal_1227031_667_left_geometry"], "http://www.w3.org/1999/02/22-rdf-syntax-ns#type": ["https://registry.gdi-de.org/up3/ontology/Streckenabschnitt_optional"], "https://registry.gdi-de.org/up3/ontology/beginntBeiKnoten": ["https://registry.gdi-de.org/de.nw/radnetz/instances/Knoten_Wuppertal_5929"], "https://registry.gdi-de.org/up3/ontology/endetBeiKnoten": ["https://registry.gdi-de.org/de.nw/radnetz/instances/Knoten_Wuppertal_112330101"], "https://registry.gdi-de.org/up3/ontology/geometrieAbschnitt": ["https://registry.gdi-de.org/de.nw/radnetz/instances/Section_Wuppertal_1227031_667_left_geometry"], "https://registry.gdi-de.org/up3/ontology/licht": ["https://registry.gdi-de.org/codelist/de.bund.balm.radnetz/Licht/1"], "https://registry.gdi-de.org/up3/ontology/quell-ID": ["1227031"], "https://registry.gdi-de.org/up3/ontology/richtung": ["https://registry.gdi-de.org/codelist/de.bund.balm.radnetz/Richtung/3"], "https://registry.gdi-de.org/up3/ontology/steigung": ["6.358094"], "https://registry.gdi-de.org/up3/ontology/strecken-ID": ["Section_Wuppertal_1227031_667_left"]}, "geometry": {"type": "LineString", "coordinates": [[7.1603938774, 51.2519539596, 208.18], [7.1604496904, 51.2515936764, 210.74]]}}, {"type": "Feature", "id": "https://registry.gdi-de.org/de.nw/radnetz/instances/Section_Wuppertal_11317_237_left", "name": "", "dateprops": [], "properties": {"http://rdfs.org/ns/void#inDataset": ["https://registry.gdi-de.org/de.nw/radnetz/instances/exnw_dataset"], "http://www.opengis.net/ont/geosparql#hasGeometry": ["https://registry.gdi-de.org/de.nw/radnetz/instances/Section_Wuppertal_11317_237_left_geometry"], "http://www.w3.org/1999/02/22-rdf-syntax-ns#type": ["https://registry.gdi-de.org/up3/ontology/Streckenabschnitt_optional"], "https://registry.gdi-de.org/up3/ontology/beginntBeiKnoten": ["https://registry.gdi-de.org/de.nw/radnetz/instances/Knoten_Wuppertal_2599"], "https://registry.gdi-de.org/up3/ontology/endetBeiKnoten": ["https://registry.gdi-de.org/de.nw/radnetz/instances/Knoten_Wuppertal_2596"], "https://registry.gdi-de.org/up3/ontology/geometrieAbschnitt": ["https://registry.gdi-de.org/de.nw/radnetz/instances/Section_Wuppertal_11317_237_left_geometry"], "https://registry.gdi-de.org/up3/ontology/licht": ["https://registry.gdi-de.org/codelist/de.bund.balm.radnetz/Licht/1"], "https://registry.gdi-de.org/up3/ontology/quell-ID": ["11317"], "https://registry.gdi-de.org/up3/ontology/richtung": ["https://registry.gdi-de.org/codelist/de.bund.balm.radnetz/Richtung/3"], "https://registry.gdi-de.org/up3/ontology/steigung": ["3.825339"], "https://registry.gdi-de.org/up3/ontology/strecken-ID": ["Section_Wuppertal_11317_237_left"]}, "geometry": {"type": "LineString", "coordinates": [[7.0706188166, 51.242854974, 204.53], [7.0705410703, 51.2423378884, 206.74]]}}, {"type": "Feature", "id": "https://registry.gdi-de.org/de.nw/radnetz/instances/Section_Wuppertal_1226911_647_left", "name": "", "dateprops": [], "properties": {"http://rdfs.org/ns/void#inDataset": ["https://registry.gdi-de.org/de.nw/radnetz/instances/exnw_dataset"], "http://www.opengis.net/ont/geosparql#hasGeometry": ["https://registry.gdi-de.org/de.nw/radnetz/instances/Section_Wuppertal_1226911_647_left_geometry"], "http://www.w3.org/1999/02/22-rdf-syntax-ns#type": ["https://registry.gdi-de.org/up3/ontology/Streckenabschnitt_optional"], "https://registry.gdi-de.org/up3/ontology/beginntBeiKnoten": ["https://registry.gdi-de.org/de.nw/radnetz/instances/Knoten_Wuppertal_115540101"], "https://registry.gdi-de.org/up3/ontology/endetBeiKnoten": ["https://registry.gdi-de.org/de.nw/radnetz/instances/Knoten_Wuppertal_8819"], "https://registry.gdi-de.org/up3/ontology/geometrieAbschnitt": ["https://registry.gdi-de.org/de.nw/radnetz/instances/Section_Wuppertal_1226911_647_left_geometry"], "https://registry.gdi-de.org/up3/ontology/licht": ["https://registry.gdi-de.org/codelist/de.bund.balm.radnetz/Licht/0"], "https://registry.gdi-de.org/up3/ontology/quell-ID": ["1226911"], "https://registry.gdi-de.org/up3/ontology/richtung": ["https://registry.gdi-de.org/codelist/de.bund.balm.radnetz/Richtung/3"], "https://registry.gdi-de.org/up3/ontology/steigung": ["3.22672"], "https://registry.gdi-de.org/up3/ontology/strecken-ID": ["Section_Wuppertal_1226911_647_left"]}, "geometry": {"type": "LineString", "coordinates": [[7.2328373141, 51.241006637, 288.37], [7.2328382721, 51.2409868757, 0.0], [7.2330674183, 51.2403040278, 0.0], [7.2333291823, 51.2399032874, 292.5]]}}, {"type": "Feature", "id": "https://registry.gdi-de.org/de.nw/radnetz/instances/Section_Wuppertal_1229590_733_left", "name": "", "dateprops": [], "properties": {"http://rdfs.org/ns/void#inDataset": ["https://registry.gdi-de.org/de.nw/radnetz/instances/exnw_dataset"], "http://www.opengis.net/ont/geosparql#hasGeometry": ["https://registry.gdi-de.org/de.nw/radnetz/instances/Section_Wuppertal_1229590_733_left_geometry"], "http://www.w3.org/1999/02/22-rdf-syntax-ns#type": ["https://registry.gdi-de.org/up3/ontology/Streckenabschnitt_optional"], "https://registry.gdi-de.org/up3/ontology/beginntBeiKnoten": ["https://registry.gdi-de.org/de.nw/radnetz/instances/Knoten_Wuppertal_1189691147"], "https://registry.gdi-de.org/up3/ontology/endetBeiKnoten": ["https://registry.gdi-de.org/de.nw/radnetz/instances/Knoten_Wuppertal_116890101"], "https://registry.gdi-de.org/up3/ontology/geometrieAbschnitt": ["https://registry.gdi-de.org/de.nw/radnetz/instances/Section_Wuppertal_1229590_733_left_geometry"], "https://registry.gdi-de.org/up3/ontology/licht": ["https://registry.gdi-de.org/codelist/de.bund.balm.radnetz/Licht/1"], "https://registry.gdi-de.org/up3/ontology/quell-ID": ["1229590"], "https://registry.gdi-de.org/up3/ontology/richtung": ["https://registry.gdi-de.org/codelist/de.bund.balm.radnetz/Richtung/3"], "https://registry.gdi-de.org/up3/ontology/steigung": ["0.6395922"], "https://registry.gdi-de.org/up3/ontology/strecken-ID": ["Section_Wuppertal_1229590_733_left"]}, "geometry": {"type": "LineString", "coordinates": [[7.2482677638, 51.2754904634, 201.06], [7.2476904778, 51.2754408757, 201.32]]}}, {"type": "Feature", "id": "https://registry.gdi-de.org/de.nw/radnetz/instances/Section_Wuppertal_4962_109_left", "name": "", "dateprops": [], "properties": {"http://rdfs.org/ns/void#inDataset": ["https://registry.gdi-de.org/de.nw/radnetz/instances/exnw_dataset"], "http://www.opengis.net/ont/geosparql#hasGeometry": ["https://registry.gdi-de.org/de.nw/radnetz/instances/Section_Wuppertal_4962_109_left_geometry"], "http://www.w3.org/1999/02/22-rdf-syntax-ns#type": ["https://registry.gdi-de.org/up3/ontology/Streckenabschnitt_optional"], "https://registry.gdi-de.org/up3/ontology/beginntBeiKnoten": ["https://registry.gdi-de.org/de.nw/radnetz/instances/Knoten_Wuppertal_3018"], "https://registry.gdi-de.org/up3/ontology/endetBeiKnoten": ["https://registry.gdi-de.org/de.nw/radnetz/instances/Knoten_Wuppertal_3026"], "https://registry.gdi-de.org/up3/ontology/geometrieAbschnitt": ["https://registry.gdi-de.org/de.nw/radnetz/instances/Section_Wuppertal_4962_109_left_geometry"], "https://registry.gdi-de.org/up3/ontology/licht": ["https://registry.gdi-de.org/codelist/de.bund.balm.radnetz/Licht/1"], "https://registry.gdi-de.org/up3/ontology/quell-ID": ["4962"], "https://registry.gdi-de.org/up3/ontology/richtung": ["https://registry.gdi-de.org/codelist/de.bund.balm.radnetz/Richtung/3"], "https://registry.gdi-de.org/up3/ontology/steigung": ["9.177653"], "https://registry.gdi-de.org/up3/ontology/strecken-ID": ["Section_Wuppertal_4962_109_left"]}, "geometry": {"type": "LineString", "coordinates": [[7.0906108381, 51.2586870978, 219.24], [7.090823277, 51.2591884953, 0.0], [7.0908696663, 51.2593318848, 226.03]]}}, {"type": "Feature", "id": "https://registry.gdi-de.org/de.nw/radnetz/instances/Section_Wuppertal_1226958_654_left", "name": "", "dateprops": [], "properties": {"http://rdfs.org/ns/void#inDataset": ["https://registry.gdi-de.org/de.nw/radnetz/instances/exnw_dataset"], "http://www.opengis.net/ont/geosparql#hasGeometry": ["https://registry.gdi-de.org/de.nw/radnetz/instances/Section_Wuppertal_1226958_654_left_geometry"], "http://www.w3.org/1999/02/22-rdf-syntax-ns#type": ["https://registry.gdi-de.org/up3/ontology/Streckenabschnitt_optional"], "https://registry.gdi-de.org/up3/ontology/beginntBeiKnoten": ["https://registry.gdi-de.org/de.nw/radnetz/instances/Knoten_Wuppertal_8733"], "https://registry.gdi-de.org/up3/ontology/endetBeiKnoten": ["https://registry.gdi-de.org/de.nw/radnetz/instances/Knoten_Wuppertal_115520101"], "https://registry.gdi-de.org/up3/ontology/geometrieAbschnitt": ["https://registry.gdi-de.org/de.nw/radnetz/instances/Section_Wuppertal_1226958_654_left_geometry"], "https://registry.gdi-de.org/up3/ontology/licht": ["https://registry.gdi-de.org/codelist/de.bund.balm.radnetz/Licht/1"], "https://registry.gdi-de.org/up3/ontology/quell-ID": ["1226958"], "https://registry.gdi-de.org/up3/ontology/richtung": ["https://registry.gdi-de.org/codelist/de.bund.balm.radnetz/Richtung/3"], "https://registry.gdi-de.org/up3/ontology/steigung": ["5.841933"], "https://registry.gdi-de.org/up3/ontology/strecken-ID": ["Section_Wuppertal_1226958_654_left"]}, "geometry": {"type": "LineString", "coordinates": [[7.2296658938, 51.2548934398, 179.44], [7.2281858911, 51.2539528095, 0.0], [7.2279522247, 51.2537844716, 0.0], [7.2274717455, 51.2534928778, 0.0], [7.2270304056, 51.2531111702, 195.27]]}}, {"type": "Feature", "id": "https://registry.gdi-de.org/de.nw/radnetz/instances/Section_Wuppertal_10271_216_left", "name": "", "dateprops": [], "properties": {"http://rdfs.org/ns/void#inDataset": ["https://registry.gdi-de.org/de.nw/radnetz/instances/exnw_dataset"], "http://www.opengis.net/ont/geosparql#hasGeometry": ["https://registry.gdi-de.org/de.nw/radnetz/instances/Section_Wuppertal_10271_216_left_geometry"], "http://www.w3.org/1999/02/22-rdf-syntax-ns#type": ["https://registry.gdi-de.org/up3/ontology/Streckenabschnitt_optional"], "https://registry.gdi-de.org/up3/ontology/beginntBeiKnoten": ["https://registry.gdi-de.org/de.nw/radnetz/instances/Knoten_Wuppertal_5463"], "https://registry.gdi-de.org/up3/ontology/endetBeiKnoten": ["https://registry.gdi-de.org/de.nw/radnetz/instances/Knoten_Wuppertal_5491"], "https://registry.gdi-de.org/up3/ontology/geometrieAbschnitt": ["https://registry.gdi-de.org/de.nw/radnetz/instances/Section_Wuppertal_10271_216_left_geometry"], "https://registry.gdi-de.org/up3/ontology/licht": ["https://registry.gdi-de.org/codelist/de.bund.balm.radnetz/Licht/1"], "https://registry.gdi-de.org/up3/ontology/quell-ID": ["10271"], "https://registry.gdi-de.org/up3/ontology/richtung": ["https://registry.gdi-de.org/codelist/de.bund.balm.radnetz/Richtung/3"], "https://registry.gdi-de.org/up3/ontology/steigung": ["0.8564872"], "https://registry.gdi-de.org/up3/ontology/strecken-ID": ["Section_Wuppertal_10271_216_left"]}, "geometry": {"type": "LineString", "coordinates": [[7.1512485377, 51.2585379993, 144.03], [7.151848776, 51.2585687745, 144.39]]}}, {"type": "Feature", "id": "https://registry.gdi-de.org/de.nw/radnetz/instances/Section_Wuppertal_12393_265_left", "name": "", "dateprops": [], "properties": {"http://rdfs.org/ns/void#inDataset": ["https://registry.gdi-de.org/de.nw/radnetz/instances/exnw_dataset"], "http://www.opengis.net/ont/geosparql#hasGeometry": ["https://registry.gdi-de.org/de.nw/radnetz/instances/Section_Wuppertal_12393_265_left_geometry"], "http://www.w3.org/1999/02/22-rdf-syntax-ns#type": ["https://registry.gdi-de.org/up3/ontology/Streckenabschnitt_optional"], "https://registry.gdi-de.org/up3/ontology/beginntBeiKnoten": ["https://registry.gdi-de.org/de.nw/radnetz/instances/Knoten_Wuppertal_8737"], "https://registry.gdi-de.org/up3/ontology/endetBeiKnoten": ["https://registry.gdi-de.org/de.nw/radnetz/instances/Knoten_Wuppertal_8765"], "https://registry.gdi-de.org/up3/ontology/geometrieAbschnitt": ["https://registry.gdi-de.org/de.nw/radnetz/instances/Section_Wuppertal_12393_265_left_geometry"], "https://registry.gdi-de.org/up3/ontology/licht": ["https://registry.gdi-de.org/codelist/de.bund.balm.radnetz/Licht/1"], "https://registry.gdi-de.org/up3/ontology/quell-ID": ["12393"], "https://registry.gdi-de.org/up3/ontology/richtung": ["https://registry.gdi-de.org/codelist/de.bund.balm.radnetz/Richtung/3"], "https://registry.gdi-de.org/up3/ontology/steigung": ["0.01816397"], "https://registry.gdi-de.org/up3/ontology/strecken-ID": ["Section_Wuppertal_12393_265_left"]}, "geometry": {"type": "LineString", "coordinates": [[7.2297565885, 51.2586017062, 180.85], [7.2299559447, 51.2590940042, 0.0], [7.2303253096, 51.2594825084, 0.0], [7.2308793206, 51.2598753512, 180.88]]}}, {"type": "Feature", "id": "https://registry.gdi-de.org/de.nw/radnetz/instances/Section_Wuppertal_1229690_746_left", "name": "", "dateprops": [], "properties": {"http://rdfs.org/ns/void#inDataset": ["https://registry.gdi-de.org/de.nw/radnetz/instances/exnw_dataset"], "http://www.opengis.net/ont/geosparql#hasGeometry": ["https://registry.gdi-de.org/de.nw/radnetz/instances/Section_Wuppertal_1229690_746_left_geometry"], "http://www.w3.org/1999/02/22-rdf-syntax-ns#type": ["https://registry.gdi-de.org/up3/ontology/Streckenabschnitt_optional"], "https://registry.gdi-de.org/up3/ontology/beginntBeiKnoten": ["https://registry.gdi-de.org/de.nw/radnetz/instances/Knoten_Wuppertal_5807"], "https://registry.gdi-de.org/up3/ontology/endetBeiKnoten": ["https://registry.gdi-de.org/de.nw/radnetz/instances/Knoten_Wuppertal_1189691194"], "https://registry.gdi-de.org/up3/ontology/geometrieAbschnitt": ["https://registry.gdi-de.org/de.nw/radnetz/instances/Section_Wuppertal_1229690_746_left_geometry"], "https://registry.gdi-de.org/up3/ontology/licht": ["https://registry.gdi-de.org/codelist/de.bund.balm.radnetz/Licht/1"], "https://registry.gdi-de.org/up3/ontology/quell-ID": ["1229690"], "https://registry.gdi-de.org/up3/ontology/richtung": ["https://registry.gdi-de.org/codelist/de.bund.balm.radnetz/Richtung/3"], "https://registry.gdi-de.org/up3/ontology/steigung": ["5.411308"], "https://registry.gdi-de.org/up3/ontology/strecken-ID": ["Section_Wuppertal_1229690_746_left"]}, "geometry": {"type": "LineString", "coordinates": [[7.1579758441, 51.2520354057, 190.7], [7.1585325643, 51.2522630857, 193.21]]}}, {"type": "Feature", "id": "https://registry.gdi-de.org/de.nw/radnetz/instances/Section_Wuppertal_12125_257_left", "name": "", "dateprops": [], "properties": {"http://rdfs.org/ns/void#inDataset": ["https://registry.gdi-de.org/de.nw/radnetz/instances/exnw_dataset"], "http://www.opengis.net/ont/geosparql#hasGeometry": ["https://registry.gdi-de.org/de.nw/radnetz/instances/Section_Wuppertal_12125_257_left_geometry"], "http://www.w3.org/1999/02/22-rdf-syntax-ns#type": ["https://registry.gdi-de.org/up3/ontology/Streckenabschnitt_optional"], "https://registry.gdi-de.org/up3/ontology/beginntBeiKnoten": ["https://registry.gdi-de.org/de.nw/radnetz/instances/Knoten_Wuppertal_4823"], "https://registry.gdi-de.org/up3/ontology/endetBeiKnoten": ["https://registry.gdi-de.org/de.nw/radnetz/instances/Knoten_Wuppertal_4953"], "https://registry.gdi-de.org/up3/ontology/geometrieAbschnitt": ["https://registry.gdi-de.org/de.nw/radnetz/instances/Section_Wuppertal_12125_257_left_geometry"], "https://registry.gdi-de.org/up3/ontology/licht": ["https://registry.gdi-de.org/codelist/de.bund.balm.radnetz/Licht/1"], "https://registry.gdi-de.org/up3/ontology/quell-ID": ["12125"], "https://registry.gdi-de.org/up3/ontology/richtung": ["https://registry.gdi-de.org/codelist/de.bund.balm.radnetz/Richtung/3"], "https://registry.gdi-de.org/up3/ontology/steigung": ["1.254484"], "https://registry.gdi-de.org/up3/ontology/strecken-ID": ["Section_Wuppertal_12125_257_left"]}, "geometry": {"type": "LineString", "coordinates": [[7.1410749994, 51.2576605987, 143.53], [7.1430746778, 51.2583534129, 145.53]]}}, {"type": "Feature", "id": "https://registry.gdi-de.org/de.nw/radnetz/instances/Section_Wuppertal_1225210_459_left", "name": "", "dateprops": [], "properties": {"http://rdfs.org/ns/void#inDataset": ["https://registry.gdi-de.org/de.nw/radnetz/instances/exnw_dataset"], "http://www.opengis.net/ont/geosparql#hasGeometry": ["https://registry.gdi-de.org/de.nw/radnetz/instances/Section_Wuppertal_1225210_459_left_geometry"], "http://www.w3.org/1999/02/22-rdf-syntax-ns#type": ["https://registry.gdi-de.org/up3/ontology/Streckenabschnitt_optional"], "https://registry.gdi-de.org/up3/ontology/beginntBeiKnoten": ["https://registry.gdi-de.org/de.nw/radnetz/instances/Knoten_Wuppertal_113260102"], "https://registry.gdi-de.org/up3/ontology/endetBeiKnoten": ["https://registry.gdi-de.org/de.nw/radnetz/instances/Knoten_Wuppertal_113250102"], "https://registry.gdi-de.org/up3/ontology/geometrieAbschnitt": ["https://registry.gdi-de.org/de.nw/radnetz/instances/Section_Wuppertal_1225210_459_left_geometry"], "https://registry.gdi-de.org/up3/ontology/licht": ["https://registry.gdi-de.org/codelist/de.bund.balm.radnetz/Licht/1"], "https://registry.gdi-de.org/up3/ontology/quell-ID": ["1225210"], "https://registry.gdi-de.org/up3/ontology/richtung": ["https://registry.gdi-de.org/codelist/de.bund.balm.radnetz/Richtung/3"], "https://registry.gdi-de.org/up3/ontology/steigung": ["3.714094"], "https://registry.gdi-de.org/up3/ontology/strecken-ID": ["Section_Wuppertal_1225210_459_left"]}, "geometry": {"type": "LineString", "coordinates": [[7.0837532754, 51.2559330346, 199.72], [7.0813634888, 51.2547192875, 0.0], [7.081323381, 51.2547049261, 207.81]]}}, {"type": "Feature", "id": "https://registry.gdi-de.org/de.nw/radnetz/instances/Section_Wuppertal_1827_38_left", "name": "", "dateprops": [], "properties": {"http://rdfs.org/ns/void#inDataset": ["https://registry.gdi-de.org/de.nw/radnetz/instances/exnw_dataset"], "http://www.opengis.net/ont/geosparql#hasGeometry": ["https://registry.gdi-de.org/de.nw/radnetz/instances/Section_Wuppertal_1827_38_left_geometry"], "http://www.w3.org/1999/02/22-rdf-syntax-ns#type": ["https://registry.gdi-de.org/up3/ontology/Streckenabschnitt_optional"], "https://registry.gdi-de.org/up3/ontology/beginntBeiKnoten": ["https://registry.gdi-de.org/de.nw/radnetz/instances/Knoten_Wuppertal_2655"], "https://registry.gdi-de.org/up3/ontology/endetBeiKnoten": ["https://registry.gdi-de.org/de.nw/radnetz/instances/Knoten_Wuppertal_2609"], "https://registry.gdi-de.org/up3/ontology/fuehrung": ["https://registry.gdi-de.org/codelist/de.bund.balm.radnetz/Fuehrung/405"], "https://registry.gdi-de.org/up3/ontology/geometrieAbschnitt": ["https://registry.gdi-de.org/de.nw/radnetz/instances/Section_Wuppertal_1827_38_left_geometry"], "https://registry.gdi-de.org/up3/ontology/licht": ["https://registry.gdi-de.org/codelist/de.bund.balm.radnetz/Licht/1"], "https://registry.gdi-de.org/up3/ontology/quell-ID": ["1827"], "https://registry.gdi-de.org/up3/ontology/richtung": ["https://registry.gdi-de.org/codelist/de.bund.balm.radnetz/Richtung/3"], "https://registry.gdi-de.org/up3/ontology/steigung": ["3.555735"], "https://registry.gdi-de.org/up3/ontology/strecken-ID": ["Section_Wuppertal_1827_38_left"]}, "geometry": {"type": "LineString", "coordinates": [[7.072035535, 51.2510097473, 186.54], [7.0717240961, 51.2505263199, 0.0], [7.0714909326, 51.2501176994, 0.0], [7.0708773236, 51.2491625669, 0.0], [7.0708039135, 51.2489343185, 0.0], [7.0706493651, 51.248142087, 198.47]]}}, {"type": "Feature", "id": "https://registry.gdi-de.org/de.nw/radnetz/instances/Section_Wuppertal_1225787_503_left", "name": "", "dateprops": [], "properties": {"http://rdfs.org/ns/void#inDataset": ["https://registry.gdi-de.org/de.nw/radnetz/instances/exnw_dataset"], "http://www.opengis.net/ont/geosparql#hasGeometry": ["https://registry.gdi-de.org/de.nw/radnetz/instances/Section_Wuppertal_1225787_503_left_geometry"], "http://www.w3.org/1999/02/22-rdf-syntax-ns#type": ["https://registry.gdi-de.org/up3/ontology/Streckenabschnitt_optional"], "https://registry.gdi-de.org/up3/ontology/beginntBeiKnoten": ["https://registry.gdi-de.org/de.nw/radnetz/instances/Knoten_Wuppertal_7789"], "https://registry.gdi-de.org/up3/ontology/endetBeiKnoten": ["https://registry.gdi-de.org/de.nw/radnetz/instances/Knoten_Wuppertal_111810601"], "https://registry.gdi-de.org/up3/ontology/geometrieAbschnitt": ["https://registry.gdi-de.org/de.nw/radnetz/instances/Section_Wuppertal_1225787_503_left_geometry"], "https://registry.gdi-de.org/up3/ontology/licht": ["https://registry.gdi-de.org/codelist/de.bund.balm.radnetz/Licht/1"], "https://registry.gdi-de.org/up3/ontology/quell-ID": ["1225787"], "https://registry.gdi-de.org/up3/ontology/richtung": ["https://registry.gdi-de.org/codelist/de.bund.balm.radnetz/Richtung/3"], "https://registry.gdi-de.org/up3/ontology/steigung": ["0.4824668"], "https://registry.gdi-de.org/up3/ontology/strecken-ID": ["Section_Wuppertal_1225787_503_left"]}, "geometry": {"type": "LineString", "coordinates": [[7.2051197577, 51.2714720105, 155.97], [7.2058341586, 51.2718130699, 0.0], [7.2060812439, 51.2720406965, 156.42]]}}, {"type": "Feature", "id": "https://registry.gdi-de.org/de.nw/radnetz/instances/Section_Wuppertal_1226959_655_left", "name": "", "dateprops": [], "properties": {"http://rdfs.org/ns/void#inDataset": ["https://registry.gdi-de.org/de.nw/radnetz/instances/exnw_dataset"], "http://www.opengis.net/ont/geosparql#hasGeometry": ["https://registry.gdi-de.org/de.nw/radnetz/instances/Section_Wuppertal_1226959_655_left_geometry"], "http://www.w3.org/1999/02/22-rdf-syntax-ns#type": ["https://registry.gdi-de.org/up3/ontology/Streckenabschnitt_optional"], "https://registry.gdi-de.org/up3/ontology/beginntBeiKnoten": ["https://registry.gdi-de.org/de.nw/radnetz/instances/Knoten_Wuppertal_2609"], "https://registry.gdi-de.org/up3/ontology/endetBeiKnoten": ["https://registry.gdi-de.org/de.nw/radnetz/instances/Knoten_Wuppertal_114570102"], "https://registry.gdi-de.org/up3/ontology/fuehrung": ["https://registry.gdi-de.org/codelist/de.bund.balm.radnetz/Fuehrung/405"], "https://registry.gdi-de.org/up3/ontology/geometrieAbschnitt": ["https://registry.gdi-de.org/de.nw/radnetz/instances/Section_Wuppertal_1226959_655_left_geometry"], "https://registry.gdi-de.org/up3/ontology/licht": ["https://registry.gdi-de.org/codelist/de.bund.balm.radnetz/Licht/1"], "https://registry.gdi-de.org/up3/ontology/quell-ID": ["1226959"], "https://registry.gdi-de.org/up3/ontology/richtung": ["https://registry.gdi-de.org/codelist/de.bund.balm.radnetz/Richtung/3"], "https://registry.gdi-de.org/up3/ontology/steigung": ["0.2565498"], "https://registry.gdi-de.org/up3/ontology/strecken-ID": ["Section_Wuppertal_1226959_655_left"]}, "geometry": {"type": "LineString", "coordinates": [[7.0706493651, 51.248142087, 198.47], [7.0706295613, 51.2480424808, 0.0], [7.0706105501, 51.247933255, 198.53]]}}, {"type": "Feature", "id": "https://registry.gdi-de.org/de.nw/radnetz/instances/Section_Wuppertal_1224413_951_left", "name": "", "dateprops": [], "properties": {"http://rdfs.org/ns/void#inDataset": ["https://registry.gdi-de.org/de.nw/radnetz/instances/exnw_dataset"], "http://www.opengis.net/ont/geosparql#hasGeometry": ["https://registry.gdi-de.org/de.nw/radnetz/instances/Section_Wuppertal_1224413_951_left_geometry"], "http://www.w3.org/1999/02/22-rdf-syntax-ns#type": ["https://registry.gdi-de.org/up3/ontology/Streckenabschnitt_optional"], "https://registry.gdi-de.org/up3/ontology/beginntBeiKnoten": ["https://registry.gdi-de.org/de.nw/radnetz/instances/Knoten_Wuppertal_110190409"], "https://registry.gdi-de.org/up3/ontology/endetBeiKnoten": ["https://registry.gdi-de.org/de.nw/radnetz/instances/Knoten_Wuppertal_5434"], "https://registry.gdi-de.org/up3/ontology/geometrieAbschnitt": ["https://registry.gdi-de.org/de.nw/radnetz/instances/Section_Wuppertal_1224413_951_left_geometry"], "https://registry.gdi-de.org/up3/ontology/licht": ["https://registry.gdi-de.org/codelist/de.bund.balm.radnetz/Licht/1"], "https://registry.gdi-de.org/up3/ontology/quell-ID": ["1224413"], "https://registry.gdi-de.org/up3/ontology/richtung": ["https://registry.gdi-de.org/codelist/de.bund.balm.radnetz/Richtung/3"], "https://registry.gdi-de.org/up3/ontology/steigung": ["1.999587"], "https://registry.gdi-de.org/up3/ontology/strecken-ID": ["Section_Wuppertal_1224413_951_left"]}, "geometry": {"type": "LineString", "coordinates": [[7.150257434, 51.2560344726, 0.0], [7.1507601353, 51.2561877117, 0.0]]}}, {"type": "Feature", "id": "https://registry.gdi-de.org/de.nw/radnetz/instances/Section_Wuppertal_11505_241_left", "name": "", "dateprops": [], "properties": {"http://rdfs.org/ns/void#inDataset": ["https://registry.gdi-de.org/de.nw/radnetz/instances/exnw_dataset"], "http://www.opengis.net/ont/geosparql#hasGeometry": ["https://registry.gdi-de.org/de.nw/radnetz/instances/Section_Wuppertal_11505_241_left_geometry"], "http://www.w3.org/1999/02/22-rdf-syntax-ns#type": ["https://registry.gdi-de.org/up3/ontology/Streckenabschnitt_optional"], "https://registry.gdi-de.org/up3/ontology/beginntBeiKnoten": ["https://registry.gdi-de.org/de.nw/radnetz/instances/Knoten_Wuppertal_9284"], "https://registry.gdi-de.org/up3/ontology/endetBeiKnoten": ["https://registry.gdi-de.org/de.nw/radnetz/instances/Knoten_Wuppertal_9281"], "https://registry.gdi-de.org/up3/ontology/geometrieAbschnitt": ["https://registry.gdi-de.org/de.nw/radnetz/instances/Section_Wuppertal_11505_241_left_geometry"], "https://registry.gdi-de.org/up3/ontology/licht": ["https://registry.gdi-de.org/codelist/de.bund.balm.radnetz/Licht/1"], "https://registry.gdi-de.org/up3/ontology/quell-ID": ["11505"], "https://registry.gdi-de.org/up3/ontology/richtung": ["https://registry.gdi-de.org/codelist/de.bund.balm.radnetz/Richtung/3"], "https://registry.gdi-de.org/up3/ontology/steigung": ["0.5628961"], "https://registry.gdi-de.org/up3/ontology/strecken-ID": ["Section_Wuppertal_11505_241_left"]}, "geometry": {"type": "LineString", "coordinates": [[7.248599334, 51.2755173193, 200.95], [7.2484224039, 51.2755037463, 201.02]]}}, {"type": "Feature", "id": "https://registry.gdi-de.org/de.nw/radnetz/instances/Section_Wuppertal_1225478_482_left", "name": "", "dateprops": [], "properties": {"http://rdfs.org/ns/void#inDataset": ["https://registry.gdi-de.org/de.nw/radnetz/instances/exnw_dataset"], "http://www.opengis.net/ont/geosparql#hasGeometry": ["https://registry.gdi-de.org/de.nw/radnetz/instances/Section_Wuppertal_1225478_482_left_geometry"], "http://www.w3.org/1999/02/22-rdf-syntax-ns#type": ["https://registry.gdi-de.org/up3/ontology/Streckenabschnitt_optional"], "https://registry.gdi-de.org/up3/ontology/beginntBeiKnoten": ["https://registry.gdi-de.org/de.nw/radnetz/instances/Knoten_Wuppertal_119730101"], "https://registry.gdi-de.org/up3/ontology/endetBeiKnoten": ["https://registry.gdi-de.org/de.nw/radnetz/instances/Knoten_Wuppertal_119730102"], "https://registry.gdi-de.org/up3/ontology/geometrieAbschnitt": ["https://registry.gdi-de.org/de.nw/radnetz/instances/Section_Wuppertal_1225478_482_left_geometry"], "https://registry.gdi-de.org/up3/ontology/licht": ["https://registry.gdi-de.org/codelist/de.bund.balm.radnetz/Licht/1"], "https://registry.gdi-de.org/up3/ontology/quell-ID": ["1225478"], "https://registry.gdi-de.org/up3/ontology/richtung": ["https://registry.gdi-de.org/codelist/de.bund.balm.radnetz/Richtung/3"], "https://registry.gdi-de.org/up3/ontology/steigung": ["1.555195"], "https://registry.gdi-de.org/up3/ontology/strecken-ID": ["Section_Wuppertal_1225478_482_left"]}, "geometry": {"type": "LineString", "coordinates": [[7.0869270591, 51.2470018221, 154.43], [7.0865291564, 51.2468808814, 154.91]]}}, {"type": "Feature", "id": "https://registry.gdi-de.org/de.nw/radnetz/instances/Section_Wuppertal_1226736_621_left", "name": "", "dateprops": [], "properties": {"http://rdfs.org/ns/void#inDataset": ["https://registry.gdi-de.org/de.nw/radnetz/instances/exnw_dataset"], "http://www.opengis.net/ont/geosparql#hasGeometry": ["https://registry.gdi-de.org/de.nw/radnetz/instances/Section_Wuppertal_1226736_621_left_geometry"], "http://www.w3.org/1999/02/22-rdf-syntax-ns#type": ["https://registry.gdi-de.org/up3/ontology/Streckenabschnitt_optional"], "https://registry.gdi-de.org/up3/ontology/beginntBeiKnoten": ["https://registry.gdi-de.org/de.nw/radnetz/instances/Knoten_Wuppertal_8768"], "https://registry.gdi-de.org/up3/ontology/endetBeiKnoten": ["https://registry.gdi-de.org/de.nw/radnetz/instances/Knoten_Wuppertal_115510101"], "https://registry.gdi-de.org/up3/ontology/geometrieAbschnitt": ["https://registry.gdi-de.org/de.nw/radnetz/instances/Section_Wuppertal_1226736_621_left_geometry"], "https://registry.gdi-de.org/up3/ontology/licht": ["https://registry.gdi-de.org/codelist/de.bund.balm.radnetz/Licht/1"], "https://registry.gdi-de.org/up3/ontology/quell-ID": ["1226736"], "https://registry.gdi-de.org/up3/ontology/richtung": ["https://registry.gdi-de.org/codelist/de.bund.balm.radnetz/Richtung/3"], "https://registry.gdi-de.org/up3/ontology/steigung": ["3.766584"], "https://registry.gdi-de.org/up3/ontology/strecken-ID": ["Section_Wuppertal_1226736_621_left"]}, "geometry": {"type": "LineString", "coordinates": [[7.2311585464, 51.2558452351, 172.58], [7.2305422257, 51.2554522433, 174.89]]}}, {"type": "Feature", "id": "https://registry.gdi-de.org/de.nw/radnetz/instances/Section_Wuppertal_1226466_582_left", "name": "", "dateprops": [], "properties": {"http://rdfs.org/ns/void#inDataset": ["https://registry.gdi-de.org/de.nw/radnetz/instances/exnw_dataset"], "http://www.opengis.net/ont/geosparql#hasGeometry": ["https://registry.gdi-de.org/de.nw/radnetz/instances/Section_Wuppertal_1226466_582_left_geometry"], "http://www.w3.org/1999/02/22-rdf-syntax-ns#type": ["https://registry.gdi-de.org/up3/ontology/Streckenabschnitt_optional"], "https://registry.gdi-de.org/up3/ontology/beginntBeiKnoten": ["https://registry.gdi-de.org/de.nw/radnetz/instances/Knoten_Wuppertal_118230102"], "https://registry.gdi-de.org/up3/ontology/endetBeiKnoten": ["https://registry.gdi-de.org/de.nw/radnetz/instances/Knoten_Wuppertal_118230101"], "https://registry.gdi-de.org/up3/ontology/geometrieAbschnitt": ["https://registry.gdi-de.org/de.nw/radnetz/instances/Section_Wuppertal_1226466_582_left_geometry"], "https://registry.gdi-de.org/up3/ontology/licht": ["https://registry.gdi-de.org/codelist/de.bund.balm.radnetz/Licht/1"], "https://registry.gdi-de.org/up3/ontology/quell-ID": ["1226466"], "https://registry.gdi-de.org/up3/ontology/richtung": ["https://registry.gdi-de.org/codelist/de.bund.balm.radnetz/Richtung/3"], "https://registry.gdi-de.org/up3/ontology/steigung": ["0.8785954"], "https://registry.gdi-de.org/up3/ontology/strecken-ID": ["Section_Wuppertal_1226466_582_left"]}, "geometry": {"type": "LineString", "coordinates": [[7.1458771745, 51.3052385233, 304.37], [7.1460089963, 51.3052006808, 0.0], [7.1460554964, 51.3051876983, 304.49]]}}, {"type": "Feature", "id": "https://registry.gdi-de.org/de.nw/radnetz/instances/Section_Wuppertal_1226711_618_left", "name": "", "dateprops": [], "properties": {"http://rdfs.org/ns/void#inDataset": ["https://registry.gdi-de.org/de.nw/radnetz/instances/exnw_dataset"], "http://www.opengis.net/ont/geosparql#hasGeometry": ["https://registry.gdi-de.org/de.nw/radnetz/instances/Section_Wuppertal_1226711_618_left_geometry"], "http://www.w3.org/1999/02/22-rdf-syntax-ns#type": ["https://registry.gdi-de.org/up3/ontology/Streckenabschnitt_optional"], "https://registry.gdi-de.org/up3/ontology/beginntBeiKnoten": ["https://registry.gdi-de.org/de.nw/radnetz/instances/Knoten_Wuppertal_111480102"], "https://registry.gdi-de.org/up3/ontology/endetBeiKnoten": ["https://registry.gdi-de.org/de.nw/radnetz/instances/Knoten_Wuppertal_6840"], "https://registry.gdi-de.org/up3/ontology/geometrieAbschnitt": ["https://registry.gdi-de.org/de.nw/radnetz/instances/Section_Wuppertal_1226711_618_left_geometry"], "https://registry.gdi-de.org/up3/ontology/licht": ["https://registry.gdi-de.org/codelist/de.bund.balm.radnetz/Licht/1"], "https://registry.gdi-de.org/up3/ontology/quell-ID": ["1226711"], "https://registry.gdi-de.org/up3/ontology/richtung": ["https://registry.gdi-de.org/codelist/de.bund.balm.radnetz/Richtung/3"], "https://registry.gdi-de.org/up3/ontology/steigung": ["0.9827904"], "https://registry.gdi-de.org/up3/ontology/strecken-ID": ["Section_Wuppertal_1226711_618_left"]}, "geometry": {"type": "LineString", "coordinates": [[7.1858314786, 51.2791313481, 195.71], [7.1858891341, 51.2791451377, 0.0], [7.1865606817, 51.2792203088, 196.22]]}}, {"type": "Feature", "id": "https://registry.gdi-de.org/de.nw/radnetz/instances/Section_Wuppertal_1226979_1020_left", "name": "", "dateprops": [], "properties": {"http://rdfs.org/ns/void#inDataset": ["https://registry.gdi-de.org/de.nw/radnetz/instances/exnw_dataset"], "http://www.opengis.net/ont/geosparql#hasGeometry": ["https://registry.gdi-de.org/de.nw/radnetz/instances/Section_Wuppertal_1226979_1020_left_geometry"], "http://www.w3.org/1999/02/22-rdf-syntax-ns#type": ["https://registry.gdi-de.org/up3/ontology/Streckenabschnitt_optional"], "https://registry.gdi-de.org/up3/ontology/beginntBeiKnoten": ["https://registry.gdi-de.org/de.nw/radnetz/instances/Knoten_Wuppertal_1189691386"], "https://registry.gdi-de.org/up3/ontology/endetBeiKnoten": ["https://registry.gdi-de.org/de.nw/radnetz/instances/Knoten_Wuppertal_112810101"], "https://registry.gdi-de.org/up3/ontology/geometrieAbschnitt": ["https://registry.gdi-de.org/de.nw/radnetz/instances/Section_Wuppertal_1226979_1020_left_geometry"], "https://registry.gdi-de.org/up3/ontology/licht": ["https://registry.gdi-de.org/codelist/de.bund.balm.radnetz/Licht/1"], "https://registry.gdi-de.org/up3/ontology/quell-ID": ["1226979"], "https://registry.gdi-de.org/up3/ontology/richtung": ["https://registry.gdi-de.org/codelist/de.bund.balm.radnetz/Richtung/3"], "https://registry.gdi-de.org/up3/ontology/steigung": ["1.301705"], "https://registry.gdi-de.org/up3/ontology/strecken-ID": ["Section_Wuppertal_1226979_1020_left"]}, "geometry": {"type": "LineString", "coordinates": [[7.1348804755, 51.2803159284, 0.0], [7.134677857, 51.280237002, 0.0], [7.1341710325, 51.2800261738, 0.0], [7.1326781697, 51.2797815905, 295.97]]}}, {"type": "Feature", "id": "https://registry.gdi-de.org/de.nw/radnetz/instances/Section_Wuppertal_1223419_908_left", "name": "", "dateprops": [], "properties": {"http://rdfs.org/ns/void#inDataset": ["https://registry.gdi-de.org/de.nw/radnetz/instances/exnw_dataset"], "http://www.opengis.net/ont/geosparql#hasGeometry": ["https://registry.gdi-de.org/de.nw/radnetz/instances/Section_Wuppertal_1223419_908_left_geometry"], "http://www.w3.org/1999/02/22-rdf-syntax-ns#type": ["https://registry.gdi-de.org/up3/ontology/Streckenabschnitt_optional"], "https://registry.gdi-de.org/up3/ontology/beginntBeiKnoten": ["https://registry.gdi-de.org/de.nw/radnetz/instances/Knoten_Wuppertal_2922"], "https://registry.gdi-de.org/up3/ontology/endetBeiKnoten": ["https://registry.gdi-de.org/de.nw/radnetz/instances/Knoten_Wuppertal_117080101"], "https://registry.gdi-de.org/up3/ontology/geometrieAbschnitt": ["https://registry.gdi-de.org/de.nw/radnetz/instances/Section_Wuppertal_1223419_908_left_geometry"], "https://registry.gdi-de.org/up3/ontology/licht": ["https://registry.gdi-de.org/codelist/de.bund.balm.radnetz/Licht/0"], "https://registry.gdi-de.org/up3/ontology/quell-ID": ["1223419"], "https://registry.gdi-de.org/up3/ontology/richtung": ["https://registry.gdi-de.org/codelist/de.bund.balm.radnetz/Richtung/3"], "https://registry.gdi-de.org/up3/ontology/steigung": ["0.3737037"], "https://registry.gdi-de.org/up3/ontology/strecken-ID": ["Section_Wuppertal_1223419_908_left"]}, "geometry": {"type": "LineString", "coordinates": [[7.0845275665, 51.2815982804, 193.72], [7.0880959683, 51.2833447648, 194.9]]}}, {"type": "Feature", "id": "https://registry.gdi-de.org/de.nw/radnetz/instances/Section_Wuppertal_1226873_644_left", "name": "", "dateprops": [], "properties": {"http://rdfs.org/ns/void#inDataset": ["https://registry.gdi-de.org/de.nw/radnetz/instances/exnw_dataset"], "http://www.opengis.net/ont/geosparql#hasGeometry": ["https://registry.gdi-de.org/de.nw/radnetz/instances/Section_Wuppertal_1226873_644_left_geometry"], "http://www.w3.org/1999/02/22-rdf-syntax-ns#type": ["https://registry.gdi-de.org/up3/ontology/Streckenabschnitt_optional"], "https://registry.gdi-de.org/up3/ontology/beginntBeiKnoten": ["https://registry.gdi-de.org/de.nw/radnetz/instances/Knoten_Wuppertal_116890101"], "https://registry.gdi-de.org/up3/ontology/endetBeiKnoten": ["https://registry.gdi-de.org/de.nw/radnetz/instances/Knoten_Wuppertal_9265"], "https://registry.gdi-de.org/up3/ontology/geometrieAbschnitt": ["https://registry.gdi-de.org/de.nw/radnetz/instances/Section_Wuppertal_1226873_644_left_geometry"], "https://registry.gdi-de.org/up3/ontology/licht": ["https://registry.gdi-de.org/codelist/de.bund.balm.radnetz/Licht/1"], "https://registry.gdi-de.org/up3/ontology/quell-ID": ["1226873"], "https://registry.gdi-de.org/up3/ontology/richtung": ["https://registry.gdi-de.org/codelist/de.bund.balm.radnetz/Richtung/3"], "https://registry.gdi-de.org/up3/ontology/steigung": ["0.3840903"], "https://registry.gdi-de.org/up3/ontology/strecken-ID": ["Section_Wuppertal_1226873_644_left"]}, "geometry": {"type": "LineString", "coordinates": [[7.2476904778, 51.2754408757, 201.32], [7.2474316656, 51.2754186436, 201.39]]}}, {"type": "Feature", "id": "https://registry.gdi-de.org/de.nw/radnetz/instances/Section_Wuppertal_1901_902_left", "name": "", "dateprops": [], "properties": {"http://rdfs.org/ns/void#inDataset": ["https://registry.gdi-de.org/de.nw/radnetz/instances/exnw_dataset"], "http://www.opengis.net/ont/geosparql#hasGeometry": ["https://registry.gdi-de.org/de.nw/radnetz/instances/Section_Wuppertal_1901_902_left_geometry"], "http://www.w3.org/1999/02/22-rdf-syntax-ns#type": ["https://registry.gdi-de.org/up3/ontology/Streckenabschnitt_optional"], "https://registry.gdi-de.org/up3/ontology/beginntBeiKnoten": ["https://registry.gdi-de.org/de.nw/radnetz/instances/Knoten_Wuppertal_2245"], "https://registry.gdi-de.org/up3/ontology/endetBeiKnoten": ["https://registry.gdi-de.org/de.nw/radnetz/instances/Knoten_Wuppertal_2287"], "https://registry.gdi-de.org/up3/ontology/geometrieAbschnitt": ["https://registry.gdi-de.org/de.nw/radnetz/instances/Section_Wuppertal_1901_902_left_geometry"], "https://registry.gdi-de.org/up3/ontology/licht": ["https://registry.gdi-de.org/codelist/de.bund.balm.radnetz/Licht/0"], "https://registry.gdi-de.org/up3/ontology/quell-ID": ["1901"], "https://registry.gdi-de.org/up3/ontology/richtung": ["https://registry.gdi-de.org/codelist/de.bund.balm.radnetz/Richtung/3"], "https://registry.gdi-de.org/up3/ontology/steigung": ["1.221653"], "https://registry.gdi-de.org/up3/ontology/strecken-ID": ["Section_Wuppertal_1901_902_left"]}, "geometry": {"type": "LineString", "coordinates": [[7.0533894198, 51.2529250817, 180.25], [7.0564643915, 51.2539670089, 183.23]]}}, {"type": "Feature", "id": "https://registry.gdi-de.org/de.nw/radnetz/instances/Section_Wuppertal_1224515_421_left", "name": "", "dateprops": [], "properties": {"http://rdfs.org/ns/void#inDataset": ["https://registry.gdi-de.org/de.nw/radnetz/instances/exnw_dataset"], "http://www.opengis.net/ont/geosparql#hasGeometry": ["https://registry.gdi-de.org/de.nw/radnetz/instances/Section_Wuppertal_1224515_421_left_geometry"], "http://www.w3.org/1999/02/22-rdf-syntax-ns#type": ["https://registry.gdi-de.org/up3/ontology/Streckenabschnitt_optional"], "https://registry.gdi-de.org/up3/ontology/beginntBeiKnoten": ["https://registry.gdi-de.org/de.nw/radnetz/instances/Knoten_Wuppertal_5562"], "https://registry.gdi-de.org/up3/ontology/endetBeiKnoten": ["https://registry.gdi-de.org/de.nw/radnetz/instances/Knoten_Wuppertal_112310101"], "https://registry.gdi-de.org/up3/ontology/geometrieAbschnitt": ["https://registry.gdi-de.org/de.nw/radnetz/instances/Section_Wuppertal_1224515_421_left_geometry"], "https://registry.gdi-de.org/up3/ontology/licht": ["https://registry.gdi-de.org/codelist/de.bund.balm.radnetz/Licht/1"], "https://registry.gdi-de.org/up3/ontology/quell-ID": ["1224515"], "https://registry.gdi-de.org/up3/ontology/richtung": ["https://registry.gdi-de.org/codelist/de.bund.balm.radnetz/Richtung/3"], "https://registry.gdi-de.org/up3/ontology/steigung": ["0.3653199"], "https://registry.gdi-de.org/up3/ontology/strecken-ID": ["Section_Wuppertal_1224515_421_left"]}, "geometry": {"type": "LineString", "coordinates": [[7.1535067399, 51.2508288323, 176.79], [7.1540665094, 51.2509422291, 176.94]]}}, {"type": "Feature", "id": "https://registry.gdi-de.org/de.nw/radnetz/instances/Section_Wuppertal_1224606_426_left", "name": "", "dateprops": [], "properties": {"http://rdfs.org/ns/void#inDataset": ["https://registry.gdi-de.org/de.nw/radnetz/instances/exnw_dataset"], "http://www.opengis.net/ont/geosparql#hasGeometry": ["https://registry.gdi-de.org/de.nw/radnetz/instances/Section_Wuppertal_1224606_426_left_geometry"], "http://www.w3.org/1999/02/22-rdf-syntax-ns#type": ["https://registry.gdi-de.org/up3/ontology/Streckenabschnitt_optional"], "https://registry.gdi-de.org/up3/ontology/beginntBeiKnoten": ["https://registry.gdi-de.org/de.nw/radnetz/instances/Knoten_Wuppertal_116730101"], "https://registry.gdi-de.org/up3/ontology/endetBeiKnoten": ["https://registry.gdi-de.org/de.nw/radnetz/instances/Knoten_Wuppertal_8817"], "https://registry.gdi-de.org/up3/ontology/geometrieAbschnitt": ["https://registry.gdi-de.org/de.nw/radnetz/instances/Section_Wuppertal_1224606_426_left_geometry"], "https://registry.gdi-de.org/up3/ontology/licht": ["https://registry.gdi-de.org/codelist/de.bund.balm.radnetz/Licht/1"], "https://registry.gdi-de.org/up3/ontology/quell-ID": ["1224606"], "https://registry.gdi-de.org/up3/ontology/richtung": ["https://registry.gdi-de.org/codelist/de.bund.balm.radnetz/Richtung/3"], "https://registry.gdi-de.org/up3/ontology/steigung": ["0.8562973"], "https://registry.gdi-de.org/up3/ontology/strecken-ID": ["Section_Wuppertal_1224606_426_left"]}, "geometry": {"type": "LineString", "coordinates": [[7.2319573596, 51.2698362443, 163.28], [7.2321517907, 51.2696038242, 163.53]]}}, {"type": "Feature", "id": "https://registry.gdi-de.org/de.nw/radnetz/instances/Section_Wuppertal_1226310_557_left", "name": "", "dateprops": [], "properties": {"http://rdfs.org/ns/void#inDataset": ["https://registry.gdi-de.org/de.nw/radnetz/instances/exnw_dataset"], "http://www.opengis.net/ont/geosparql#hasGeometry": ["https://registry.gdi-de.org/de.nw/radnetz/instances/Section_Wuppertal_1226310_557_left_geometry"], "http://www.w3.org/1999/02/22-rdf-syntax-ns#type": ["https://registry.gdi-de.org/up3/ontology/Streckenabschnitt_optional"], "https://registry.gdi-de.org/up3/ontology/beginntBeiKnoten": ["https://registry.gdi-de.org/de.nw/radnetz/instances/Knoten_Wuppertal_114710101"], "https://registry.gdi-de.org/up3/ontology/endetBeiKnoten": ["https://registry.gdi-de.org/de.nw/radnetz/instances/Knoten_Wuppertal_3041"], "https://registry.gdi-de.org/up3/ontology/geometrieAbschnitt": ["https://registry.gdi-de.org/de.nw/radnetz/instances/Section_Wuppertal_1226310_557_left_geometry"], "https://registry.gdi-de.org/up3/ontology/licht": ["https://registry.gdi-de.org/codelist/de.bund.balm.radnetz/Licht/1"], "https://registry.gdi-de.org/up3/ontology/quell-ID": ["1226310"], "https://registry.gdi-de.org/up3/ontology/richtung": ["https://registry.gdi-de.org/codelist/de.bund.balm.radnetz/Richtung/3"], "https://registry.gdi-de.org/up3/ontology/steigung": ["8.079814"], "https://registry.gdi-de.org/up3/ontology/strecken-ID": ["Section_Wuppertal_1226310_557_left"]}, "geometry": {"type": "LineString", "coordinates": [[7.0911477711, 51.2597456458, 230.15], [7.0911518672, 51.2597517399, 0.0], [7.0912841968, 51.2598943284, 0.0], [7.0915205691, 51.2600527904, 0.0], [7.0915608091, 51.2600805143, 233.98]]}}, {"type": "Feature", "id": "https://registry.gdi-de.org/de.nw/radnetz/instances/Section_Wuppertal_11983_249_left", "name": "", "dateprops": [], "properties": {"http://rdfs.org/ns/void#inDataset": ["https://registry.gdi-de.org/de.nw/radnetz/instances/exnw_dataset"], "http://www.opengis.net/ont/geosparql#hasGeometry": ["https://registry.gdi-de.org/de.nw/radnetz/instances/Section_Wuppertal_11983_249_left_geometry"], "http://www.w3.org/1999/02/22-rdf-syntax-ns#type": ["https://registry.gdi-de.org/up3/ontology/Streckenabschnitt_optional"], "https://registry.gdi-de.org/up3/ontology/beginntBeiKnoten": ["https://registry.gdi-de.org/de.nw/radnetz/instances/Knoten_Wuppertal_2256"], "https://registry.gdi-de.org/up3/ontology/endetBeiKnoten": ["https://registry.gdi-de.org/de.nw/radnetz/instances/Knoten_Wuppertal_2283"], "https://registry.gdi-de.org/up3/ontology/geometrieAbschnitt": ["https://registry.gdi-de.org/de.nw/radnetz/instances/Section_Wuppertal_11983_249_left_geometry"], "https://registry.gdi-de.org/up3/ontology/licht": ["https://registry.gdi-de.org/codelist/de.bund.balm.radnetz/Licht/1"], "https://registry.gdi-de.org/up3/ontology/quell-ID": ["11983"], "https://registry.gdi-de.org/up3/ontology/richtung": ["https://registry.gdi-de.org/codelist/de.bund.balm.radnetz/Richtung/3"], "https://registry.gdi-de.org/up3/ontology/steigung": ["1.856522"], "https://registry.gdi-de.org/up3/ontology/strecken-ID": ["Section_Wuppertal_11983_249_left"]}, "geometry": {"type": "LineString", "coordinates": [[7.0556123657, 51.2340483056, 206.73], [7.0568686845, 51.2342841492, 208.43]]}}, {"type": "Feature", "id": "https://registry.gdi-de.org/de.nw/radnetz/instances/Section_Wuppertal_1225203_457_left", "name": "", "dateprops": [], "properties": {"http://rdfs.org/ns/void#inDataset": ["https://registry.gdi-de.org/de.nw/radnetz/instances/exnw_dataset"], "http://www.opengis.net/ont/geosparql#hasGeometry": ["https://registry.gdi-de.org/de.nw/radnetz/instances/Section_Wuppertal_1225203_457_left_geometry"], "http://www.w3.org/1999/02/22-rdf-syntax-ns#type": ["https://registry.gdi-de.org/up3/ontology/Streckenabschnitt_optional"], "https://registry.gdi-de.org/up3/ontology/beginntBeiKnoten": ["https://registry.gdi-de.org/de.nw/radnetz/instances/Knoten_Wuppertal_122750101"], "https://registry.gdi-de.org/up3/ontology/endetBeiKnoten": ["https://registry.gdi-de.org/de.nw/radnetz/instances/Knoten_Wuppertal_10102"], "https://registry.gdi-de.org/up3/ontology/geometrieAbschnitt": ["https://registry.gdi-de.org/de.nw/radnetz/instances/Section_Wuppertal_1225203_457_left_geometry"], "https://registry.gdi-de.org/up3/ontology/licht": ["https://registry.gdi-de.org/codelist/de.bund.balm.radnetz/Licht/0"], "https://registry.gdi-de.org/up3/ontology/quell-ID": ["1225203"], "https://registry.gdi-de.org/up3/ontology/richtung": ["https://registry.gdi-de.org/codelist/de.bund.balm.radnetz/Richtung/3"], "https://registry.gdi-de.org/up3/ontology/steigung": ["1.228121"], "https://registry.gdi-de.org/up3/ontology/strecken-ID": ["Section_Wuppertal_1225203_457_left"]}, "geometry": {"type": "LineString", "coordinates": [[7.3073569459, 51.2404191327, 200.35], [7.3071007094, 51.2408316011, 0.0], [7.3063529929, 51.2414726088, 202.04]]}}, {"type": "Feature", "id": "https://registry.gdi-de.org/de.nw/radnetz/instances/Section_Wuppertal_1226801_631_left", "name": "", "dateprops": [], "properties": {"http://rdfs.org/ns/void#inDataset": ["https://registry.gdi-de.org/de.nw/radnetz/instances/exnw_dataset"], "http://www.opengis.net/ont/geosparql#hasGeometry": ["https://registry.gdi-de.org/de.nw/radnetz/instances/Section_Wuppertal_1226801_631_left_geometry"], "http://www.w3.org/1999/02/22-rdf-syntax-ns#type": ["https://registry.gdi-de.org/up3/ontology/Streckenabschnitt_optional"], "https://registry.gdi-de.org/up3/ontology/beginntBeiKnoten": ["https://registry.gdi-de.org/de.nw/radnetz/instances/Knoten_Wuppertal_2911"], "https://registry.gdi-de.org/up3/ontology/endetBeiKnoten": ["https://registry.gdi-de.org/de.nw/radnetz/instances/Knoten_Wuppertal_113260101"], "https://registry.gdi-de.org/up3/ontology/geometrieAbschnitt": ["https://registry.gdi-de.org/de.nw/radnetz/instances/Section_Wuppertal_1226801_631_left_geometry"], "https://registry.gdi-de.org/up3/ontology/licht": ["https://registry.gdi-de.org/codelist/de.bund.balm.radnetz/Licht/1"], "https://registry.gdi-de.org/up3/ontology/quell-ID": ["1226801"], "https://registry.gdi-de.org/up3/ontology/richtung": ["https://registry.gdi-de.org/codelist/de.bund.balm.radnetz/Richtung/3"], "https://registry.gdi-de.org/up3/ontology/steigung": ["0.6813114"], "https://registry.gdi-de.org/up3/ontology/strecken-ID": ["Section_Wuppertal_1226801_631_left"]}, "geometry": {"type": "LineString", "coordinates": [[7.0852445044, 51.2564898175, 198.15], [7.0845516409, 51.2562716015, 0.0], [7.0844584805, 51.2562373558, 198.57]]}}, {"type": "Feature", "id": "https://registry.gdi-de.org/de.nw/radnetz/instances/Section_Wuppertal_8564_176_left", "name": "", "dateprops": [], "properties": {"http://rdfs.org/ns/void#inDataset": ["https://registry.gdi-de.org/de.nw/radnetz/instances/exnw_dataset"], "http://www.opengis.net/ont/geosparql#hasGeometry": ["https://registry.gdi-de.org/de.nw/radnetz/instances/Section_Wuppertal_8564_176_left_geometry"], "http://www.w3.org/1999/02/22-rdf-syntax-ns#type": ["https://registry.gdi-de.org/up3/ontology/Streckenabschnitt_optional"], "https://registry.gdi-de.org/up3/ontology/beginntBeiKnoten": ["https://registry.gdi-de.org/de.nw/radnetz/instances/Knoten_Wuppertal_9688"], "https://registry.gdi-de.org/up3/ontology/endetBeiKnoten": ["https://registry.gdi-de.org/de.nw/radnetz/instances/Knoten_Wuppertal_9704"], "https://registry.gdi-de.org/up3/ontology/geometrieAbschnitt": ["https://registry.gdi-de.org/de.nw/radnetz/instances/Section_Wuppertal_8564_176_left_geometry"], "https://registry.gdi-de.org/up3/ontology/licht": ["https://registry.gdi-de.org/codelist/de.bund.balm.radnetz/Licht/1"], "https://registry.gdi-de.org/up3/ontology/quell-ID": ["8564"], "https://registry.gdi-de.org/up3/ontology/richtung": ["https://registry.gdi-de.org/codelist/de.bund.balm.radnetz/Richtung/3"], "https://registry.gdi-de.org/up3/ontology/steigung": ["2.097363"], "https://registry.gdi-de.org/up3/ontology/strecken-ID": ["Section_Wuppertal_8564_176_left"]}, "geometry": {"type": "LineString", "coordinates": [[7.2683569781, 51.2780479739, 216.57], [7.2688031492, 51.2781315793, 0.0], [7.2696237668, 51.2783072032, 218.52]]}}, {"type": "Feature", "id": "https://registry.gdi-de.org/de.nw/radnetz/instances/Section_Wuppertal_1226749_622_left", "name": "", "dateprops": [], "properties": {"http://rdfs.org/ns/void#inDataset": ["https://registry.gdi-de.org/de.nw/radnetz/instances/exnw_dataset"], "http://www.opengis.net/ont/geosparql#hasGeometry": ["https://registry.gdi-de.org/de.nw/radnetz/instances/Section_Wuppertal_1226749_622_left_geometry"], "http://www.w3.org/1999/02/22-rdf-syntax-ns#type": ["https://registry.gdi-de.org/up3/ontology/Streckenabschnitt_optional"], "https://registry.gdi-de.org/up3/ontology/beginntBeiKnoten": ["https://registry.gdi-de.org/de.nw/radnetz/instances/Knoten_Wuppertal_8651"], "https://registry.gdi-de.org/up3/ontology/endetBeiKnoten": ["https://registry.gdi-de.org/de.nw/radnetz/instances/Knoten_Wuppertal_115530101"], "https://registry.gdi-de.org/up3/ontology/geometrieAbschnitt": ["https://registry.gdi-de.org/de.nw/radnetz/instances/Section_Wuppertal_1226749_622_left_geometry"], "https://registry.gdi-de.org/up3/ontology/licht": ["https://registry.gdi-de.org/codelist/de.bund.balm.radnetz/Licht/0"], "https://registry.gdi-de.org/up3/ontology/quell-ID": ["1226749"], "https://registry.gdi-de.org/up3/ontology/richtung": ["https://registry.gdi-de.org/codelist/de.bund.balm.radnetz/Richtung/3"], "https://registry.gdi-de.org/up3/ontology/steigung": ["5.73043"], "https://registry.gdi-de.org/up3/ontology/strecken-ID": ["Section_Wuppertal_1226749_622_left"]}, "geometry": {"type": "LineString", "coordinates": [[7.2267115278, 51.2476997814, 231.29], [7.2271553153, 51.2464349119, 0.0], [7.2275551553, 51.2458695324, 0.0], [7.2279882384, 51.24546049, 0.0], [7.22858594, 51.2447800557, 0.0], [7.228711232, 51.244381695, 0.0], [7.2287476467, 51.244224661, 0.0], [7.2287833972, 51.244118844, 255.86]]}}, {"type": "Feature", "id": "https://registry.gdi-de.org/de.nw/radnetz/instances/Section_Wuppertal_1226563_1056_left", "name": "", "dateprops": [], "properties": {"http://rdfs.org/ns/void#inDataset": ["https://registry.gdi-de.org/de.nw/radnetz/instances/exnw_dataset"], "http://www.opengis.net/ont/geosparql#hasGeometry": ["https://registry.gdi-de.org/de.nw/radnetz/instances/Section_Wuppertal_1226563_1056_left_geometry"], "http://www.w3.org/1999/02/22-rdf-syntax-ns#type": ["https://registry.gdi-de.org/up3/ontology/Streckenabschnitt_optional"], "https://registry.gdi-de.org/up3/ontology/beginntBeiKnoten": ["https://registry.gdi-de.org/de.nw/radnetz/instances/Knoten_Wuppertal_112040101"], "https://registry.gdi-de.org/up3/ontology/endetBeiKnoten": ["https://registry.gdi-de.org/de.nw/radnetz/instances/Knoten_Wuppertal_5380"], "https://registry.gdi-de.org/up3/ontology/geometrieAbschnitt": ["https://registry.gdi-de.org/de.nw/radnetz/instances/Section_Wuppertal_1226563_1056_left_geometry"], "https://registry.gdi-de.org/up3/ontology/licht": ["https://registry.gdi-de.org/codelist/de.bund.balm.radnetz/Licht/1"], "https://registry.gdi-de.org/up3/ontology/quell-ID": ["1226563"], "https://registry.gdi-de.org/up3/ontology/richtung": ["https://registry.gdi-de.org/codelist/de.bund.balm.radnetz/Richtung/3"], "https://registry.gdi-de.org/up3/ontology/steigung": ["2.145189"], "https://registry.gdi-de.org/up3/ontology/strecken-ID": ["Section_Wuppertal_1226563_1056_left"]}, "geometry": {"type": "LineString", "coordinates": [[7.1487965974, 51.271839714, 0.0], [7.149257496, 51.2728946362, 0.0]]}}, {"type": "Feature", "id": "https://registry.gdi-de.org/de.nw/radnetz/instances/Section_Wuppertal_1226912_648_left", "name": "", "dateprops": [], "properties": {"http://rdfs.org/ns/void#inDataset": ["https://registry.gdi-de.org/de.nw/radnetz/instances/exnw_dataset"], "http://www.opengis.net/ont/geosparql#hasGeometry": ["https://registry.gdi-de.org/de.nw/radnetz/instances/Section_Wuppertal_1226912_648_left_geometry"], "http://www.w3.org/1999/02/22-rdf-syntax-ns#type": ["https://registry.gdi-de.org/up3/ontology/Streckenabschnitt_optional"], "https://registry.gdi-de.org/up3/ontology/beginntBeiKnoten": ["https://registry.gdi-de.org/de.nw/radnetz/instances/Knoten_Wuppertal_115540102"], "https://registry.gdi-de.org/up3/ontology/endetBeiKnoten": ["https://registry.gdi-de.org/de.nw/radnetz/instances/Knoten_Wuppertal_115540101"], "https://registry.gdi-de.org/up3/ontology/geometrieAbschnitt": ["https://registry.gdi-de.org/de.nw/radnetz/instances/Section_Wuppertal_1226912_648_left_geometry"], "https://registry.gdi-de.org/up3/ontology/licht": ["https://registry.gdi-de.org/codelist/de.bund.balm.radnetz/Licht/0"], "https://registry.gdi-de.org/up3/ontology/quell-ID": ["1226912"], "https://registry.gdi-de.org/up3/ontology/richtung": ["https://registry.gdi-de.org/codelist/de.bund.balm.radnetz/Richtung/3"], "https://registry.gdi-de.org/up3/ontology/steigung": ["4.909505"], "https://registry.gdi-de.org/up3/ontology/strecken-ID": ["Section_Wuppertal_1226912_648_left"]}, "geometry": {"type": "LineString", "coordinates": [[7.232848352, 51.2416564786, 284.81], [7.2328124659, 51.2415195409, 0.0], [7.2328373141, 51.241006637, 288.37]]}}, {"type": "Feature", "id": "https://registry.gdi-de.org/de.nw/radnetz/instances/Section_Wuppertal_2811_61_left", "name": "", "dateprops": [], "properties": {"http://rdfs.org/ns/void#inDataset": ["https://registry.gdi-de.org/de.nw/radnetz/instances/exnw_dataset"], "http://www.opengis.net/ont/geosparql#hasGeometry": ["https://registry.gdi-de.org/de.nw/radnetz/instances/Section_Wuppertal_2811_61_left_geometry"], "http://www.w3.org/1999/02/22-rdf-syntax-ns#type": ["https://registry.gdi-de.org/up3/ontology/Streckenabschnitt_optional"], "https://registry.gdi-de.org/up3/ontology/beginntBeiKnoten": ["https://registry.gdi-de.org/de.nw/radnetz/instances/Knoten_Wuppertal_4953"], "https://registry.gdi-de.org/up3/ontology/endetBeiKnoten": ["https://registry.gdi-de.org/de.nw/radnetz/instances/Knoten_Wuppertal_4999"], "https://registry.gdi-de.org/up3/ontology/geometrieAbschnitt": ["https://registry.gdi-de.org/de.nw/radnetz/instances/Section_Wuppertal_2811_61_left_geometry"], "https://registry.gdi-de.org/up3/ontology/licht": ["https://registry.gdi-de.org/codelist/de.bund.balm.radnetz/Licht/1"], "https://registry.gdi-de.org/up3/ontology/quell-ID": ["2811"], "https://registry.gdi-de.org/up3/ontology/richtung": ["https://registry.gdi-de.org/codelist/de.bund.balm.radnetz/Richtung/3"], "https://registry.gdi-de.org/up3/ontology/steigung": ["1.403988"], "https://registry.gdi-de.org/up3/ontology/strecken-ID": ["Section_Wuppertal_2811_61_left"]}, "geometry": {"type": "LineString", "coordinates": [[7.1430746778, 51.2583534129, 145.53], [7.1438149385, 51.2585842286, 146.34]]}}, {"type": "Feature", "id": "https://registry.gdi-de.org/de.nw/radnetz/instances/Section_Wuppertal_1225009_441_left", "name": "", "dateprops": [], "properties": {"http://rdfs.org/ns/void#inDataset": ["https://registry.gdi-de.org/de.nw/radnetz/instances/exnw_dataset"], "http://www.opengis.net/ont/geosparql#hasGeometry": ["https://registry.gdi-de.org/de.nw/radnetz/instances/Section_Wuppertal_1225009_441_left_geometry"], "http://www.w3.org/1999/02/22-rdf-syntax-ns#type": ["https://registry.gdi-de.org/up3/ontology/Streckenabschnitt_optional"], "https://registry.gdi-de.org/up3/ontology/beginntBeiKnoten": ["https://registry.gdi-de.org/de.nw/radnetz/instances/Knoten_Wuppertal_112200103"], "https://registry.gdi-de.org/up3/ontology/endetBeiKnoten": ["https://registry.gdi-de.org/de.nw/radnetz/instances/Knoten_Wuppertal_5145"], "https://registry.gdi-de.org/up3/ontology/geometrieAbschnitt": ["https://registry.gdi-de.org/de.nw/radnetz/instances/Section_Wuppertal_1225009_441_left_geometry"], "https://registry.gdi-de.org/up3/ontology/licht": ["https://registry.gdi-de.org/codelist/de.bund.balm.radnetz/Licht/1"], "https://registry.gdi-de.org/up3/ontology/quell-ID": ["1225009"], "https://registry.gdi-de.org/up3/ontology/richtung": ["https://registry.gdi-de.org/codelist/de.bund.balm.radnetz/Richtung/3"], "https://registry.gdi-de.org/up3/ontology/steigung": ["1.119446"], "https://registry.gdi-de.org/up3/ontology/strecken-ID": ["Section_Wuppertal_1225009_441_left"]}, "geometry": {"type": "LineString", "coordinates": [[7.1461840058, 51.256925322, 143.13], [7.1461735355, 51.2569930974, 0.0], [7.1461551461, 51.2570686864, 143.31]]}}, {"type": "Feature", "id": "https://registry.gdi-de.org/de.nw/radnetz/instances/Section_Wuppertal_1223651_381_left", "name": "", "dateprops": [], "properties": {"http://rdfs.org/ns/void#inDataset": ["https://registry.gdi-de.org/de.nw/radnetz/instances/exnw_dataset"], "http://www.opengis.net/ont/geosparql#hasGeometry": ["https://registry.gdi-de.org/de.nw/radnetz/instances/Section_Wuppertal_1223651_381_left_geometry"], "http://www.w3.org/1999/02/22-rdf-syntax-ns#type": ["https://registry.gdi-de.org/up3/ontology/Streckenabschnitt_optional"], "https://registry.gdi-de.org/up3/ontology/beginntBeiKnoten": ["https://registry.gdi-de.org/de.nw/radnetz/instances/Knoten_Wuppertal_2077"], "https://registry.gdi-de.org/up3/ontology/endetBeiKnoten": ["https://registry.gdi-de.org/de.nw/radnetz/instances/Knoten_Wuppertal_119240101"], "https://registry.gdi-de.org/up3/ontology/geometrieAbschnitt": ["https://registry.gdi-de.org/de.nw/radnetz/instances/Section_Wuppertal_1223651_381_left_geometry"], "https://registry.gdi-de.org/up3/ontology/licht": ["https://registry.gdi-de.org/codelist/de.bund.balm.radnetz/Licht/1"], "https://registry.gdi-de.org/up3/ontology/quell-ID": ["1223651"], "https://registry.gdi-de.org/up3/ontology/richtung": ["https://registry.gdi-de.org/codelist/de.bund.balm.radnetz/Richtung/3"], "https://registry.gdi-de.org/up3/ontology/steigung": ["2.560124"], "https://registry.gdi-de.org/up3/ontology/strecken-ID": ["Section_Wuppertal_1223651_381_left"]}, "geometry": {"type": "LineString", "coordinates": [[7.0384053332, 51.2299679837, 189.68], [7.0395265908, 51.2300650446, 0.0], [7.0406628911, 51.2298488518, 0.0], [7.0437144383, 51.2303547536, 0.0], [7.044017859, 51.2304824381, 0.0], [7.0442823227, 51.2306527524, 200.8]]}}, {"type": "Feature", "id": "https://registry.gdi-de.org/de.nw/radnetz/instances/Section_Wuppertal_1226833_997_left", "name": "", "dateprops": [], "properties": {"http://rdfs.org/ns/void#inDataset": ["https://registry.gdi-de.org/de.nw/radnetz/instances/exnw_dataset"], "http://www.opengis.net/ont/geosparql#hasGeometry": ["https://registry.gdi-de.org/de.nw/radnetz/instances/Section_Wuppertal_1226833_997_left_geometry"], "http://www.w3.org/1999/02/22-rdf-syntax-ns#type": ["https://registry.gdi-de.org/up3/ontology/Streckenabschnitt_optional"], "https://registry.gdi-de.org/up3/ontology/beginntBeiKnoten": ["https://registry.gdi-de.org/de.nw/radnetz/instances/Knoten_Wuppertal_4690"], "https://registry.gdi-de.org/up3/ontology/endetBeiKnoten": ["https://registry.gdi-de.org/de.nw/radnetz/instances/Knoten_Wuppertal_114020102"], "https://registry.gdi-de.org/up3/ontology/geometrieAbschnitt": ["https://registry.gdi-de.org/de.nw/radnetz/instances/Section_Wuppertal_1226833_997_left_geometry"], "https://registry.gdi-de.org/up3/ontology/licht": ["https://registry.gdi-de.org/codelist/de.bund.balm.radnetz/Licht/1"], "https://registry.gdi-de.org/up3/ontology/quell-ID": ["1226833"], "https://registry.gdi-de.org/up3/ontology/richtung": ["https://registry.gdi-de.org/codelist/de.bund.balm.radnetz/Richtung/3"], "https://registry.gdi-de.org/up3/ontology/steigung": ["0.5604625"], "https://registry.gdi-de.org/up3/ontology/strecken-ID": ["Section_Wuppertal_1226833_997_left"]}, "geometry": {"type": "LineString", "coordinates": [[7.1402142949, 51.2109413738, 0.0], [7.1403234833, 51.2111212323, 0.0]]}}, {"type": "Feature", "id": "https://registry.gdi-de.org/de.nw/radnetz/instances/Section_Wuppertal_1223592_377_left", "name": "", "dateprops": [], "properties": {"http://rdfs.org/ns/void#inDataset": ["https://registry.gdi-de.org/de.nw/radnetz/instances/exnw_dataset"], "http://www.opengis.net/ont/geosparql#hasGeometry": ["https://registry.gdi-de.org/de.nw/radnetz/instances/Section_Wuppertal_1223592_377_left_geometry"], "http://www.w3.org/1999/02/22-rdf-syntax-ns#type": ["https://registry.gdi-de.org/up3/ontology/Streckenabschnitt_optional"], "https://registry.gdi-de.org/up3/ontology/beginntBeiKnoten": ["https://registry.gdi-de.org/de.nw/radnetz/instances/Knoten_Wuppertal_10102"], "https://registry.gdi-de.org/up3/ontology/endetBeiKnoten": ["https://registry.gdi-de.org/de.nw/radnetz/instances/Knoten_Wuppertal_122800101"], "https://registry.gdi-de.org/up3/ontology/geometrieAbschnitt": ["https://registry.gdi-de.org/de.nw/radnetz/instances/Section_Wuppertal_1223592_377_left_geometry"], "https://registry.gdi-de.org/up3/ontology/licht": ["https://registry.gdi-de.org/codelist/de.bund.balm.radnetz/Licht/0"], "https://registry.gdi-de.org/up3/ontology/quell-ID": ["1223592"], "https://registry.gdi-de.org/up3/ontology/richtung": ["https://registry.gdi-de.org/codelist/de.bund.balm.radnetz/Richtung/3"], "https://registry.gdi-de.org/up3/ontology/steigung": ["0.5730724"], "https://registry.gdi-de.org/up3/ontology/strecken-ID": ["Section_Wuppertal_1223592_377_left"]}, "geometry": {"type": "LineString", "coordinates": [[7.3063529929, 51.2414726088, 202.04], [7.3021667099, 51.2450775676, 0.0], [7.2994136398, 51.2466901554, 206.39]]}}, {"type": "Feature", "id": "https://registry.gdi-de.org/de.nw/radnetz/instances/Section_Wuppertal_1225477_481_left", "name": "", "dateprops": [], "properties": {"http://rdfs.org/ns/void#inDataset": ["https://registry.gdi-de.org/de.nw/radnetz/instances/exnw_dataset"], "http://www.opengis.net/ont/geosparql#hasGeometry": ["https://registry.gdi-de.org/de.nw/radnetz/instances/Section_Wuppertal_1225477_481_left_geometry"], "http://www.w3.org/1999/02/22-rdf-syntax-ns#type": ["https://registry.gdi-de.org/up3/ontology/Streckenabschnitt_optional"], "https://registry.gdi-de.org/up3/ontology/beginntBeiKnoten": ["https://registry.gdi-de.org/de.nw/radnetz/instances/Knoten_Wuppertal_119730102"], "https://registry.gdi-de.org/up3/ontology/endetBeiKnoten": ["https://registry.gdi-de.org/de.nw/radnetz/instances/Knoten_Wuppertal_2927"], "https://registry.gdi-de.org/up3/ontology/geometrieAbschnitt": ["https://registry.gdi-de.org/de.nw/radnetz/instances/Section_Wuppertal_1225477_481_left_geometry"], "https://registry.gdi-de.org/up3/ontology/licht": ["https://registry.gdi-de.org/codelist/de.bund.balm.radnetz/Licht/1"], "https://registry.gdi-de.org/up3/ontology/quell-ID": ["1225477"], "https://registry.gdi-de.org/up3/ontology/richtung": ["https://registry.gdi-de.org/codelist/de.bund.balm.radnetz/Richtung/3"], "https://registry.gdi-de.org/up3/ontology/steigung": ["2.697795"], "https://registry.gdi-de.org/up3/ontology/strecken-ID": ["Section_Wuppertal_1225477_481_left"]}, "geometry": {"type": "LineString", "coordinates": [[7.0865291564, 51.2468808814, 154.91], [7.0862042043, 51.2467821136, 155.59]]}}, {"type": "Feature", "id": "https://registry.gdi-de.org/de.nw/radnetz/instances/Section_Wuppertal_1223509_875_left", "name": "", "dateprops": [], "properties": {"http://rdfs.org/ns/void#inDataset": ["https://registry.gdi-de.org/de.nw/radnetz/instances/exnw_dataset"], "http://www.opengis.net/ont/geosparql#hasGeometry": ["https://registry.gdi-de.org/de.nw/radnetz/instances/Section_Wuppertal_1223509_875_left_geometry"], "http://www.w3.org/1999/02/22-rdf-syntax-ns#type": ["https://registry.gdi-de.org/up3/ontology/Streckenabschnitt_optional"], "https://registry.gdi-de.org/up3/ontology/beginntBeiKnoten": ["https://registry.gdi-de.org/de.nw/radnetz/instances/Knoten_Wuppertal_119770101"], "https://registry.gdi-de.org/up3/ontology/endetBeiKnoten": ["https://registry.gdi-de.org/de.nw/radnetz/instances/Knoten_Wuppertal_2075"], "https://registry.gdi-de.org/up3/ontology/geometrieAbschnitt": ["https://registry.gdi-de.org/de.nw/radnetz/instances/Section_Wuppertal_1223509_875_left_geometry"], "https://registry.gdi-de.org/up3/ontology/licht": ["https://registry.gdi-de.org/codelist/de.bund.balm.radnetz/Licht/1"], "https://registry.gdi-de.org/up3/ontology/quell-ID": ["1223509"], "https://registry.gdi-de.org/up3/ontology/richtung": ["https://registry.gdi-de.org/codelist/de.bund.balm.radnetz/Richtung/3"], "https://registry.gdi-de.org/up3/ontology/steigung": ["1.40305"], "https://registry.gdi-de.org/up3/ontology/strecken-ID": ["Section_Wuppertal_1223509_875_left"]}, "geometry": {"type": "LineString", "coordinates": [[7.0385122619, 51.2147182189, 186.44], [7.0382489519, 51.2146081891, 186.75]]}}, {"type": "Feature", "id": "https://registry.gdi-de.org/de.nw/radnetz/instances/Section_Wuppertal_1228472_713_left", "name": "", "dateprops": [], "properties": {"http://rdfs.org/ns/void#inDataset": ["https://registry.gdi-de.org/de.nw/radnetz/instances/exnw_dataset"], "http://www.opengis.net/ont/geosparql#hasGeometry": ["https://registry.gdi-de.org/de.nw/radnetz/instances/Section_Wuppertal_1228472_713_left_geometry"], "http://www.w3.org/1999/02/22-rdf-syntax-ns#type": ["https://registry.gdi-de.org/up3/ontology/Streckenabschnitt_optional"], "https://registry.gdi-de.org/up3/ontology/beginntBeiKnoten": ["https://registry.gdi-de.org/de.nw/radnetz/instances/Knoten_Wuppertal_1189690604"], "https://registry.gdi-de.org/up3/ontology/endetBeiKnoten": ["https://registry.gdi-de.org/de.nw/radnetz/instances/Knoten_Wuppertal_4569"], "https://registry.gdi-de.org/up3/ontology/fuehrung": ["https://registry.gdi-de.org/codelist/de.bund.balm.radnetz/Fuehrung/405"], "https://registry.gdi-de.org/up3/ontology/geometrieAbschnitt": ["https://registry.gdi-de.org/de.nw/radnetz/instances/Section_Wuppertal_1228472_713_left_geometry"], "https://registry.gdi-de.org/up3/ontology/licht": ["https://registry.gdi-de.org/codelist/de.bund.balm.radnetz/Licht/1"], "https://registry.gdi-de.org/up3/ontology/quell-ID": ["1228472"], "https://registry.gdi-de.org/up3/ontology/richtung": ["https://registry.gdi-de.org/codelist/de.bund.balm.radnetz/Richtung/3"], "https://registry.gdi-de.org/up3/ontology/steigung": ["2.198445"], "https://registry.gdi-de.org/up3/ontology/strecken-ID": ["Section_Wuppertal_1228472_713_left"]}, "geometry": {"type": "LineString", "coordinates": [[7.1384656676, 51.2098670056, 298.86], [7.1372229664, 51.2091817274, 301.4]]}}, {"type": "Feature", "id": "https://registry.gdi-de.org/de.nw/radnetz/instances/Section_Wuppertal_6579_138_left", "name": "", "dateprops": [], "properties": {"http://rdfs.org/ns/void#inDataset": ["https://registry.gdi-de.org/de.nw/radnetz/instances/exnw_dataset"], "http://www.opengis.net/ont/geosparql#hasGeometry": ["https://registry.gdi-de.org/de.nw/radnetz/instances/Section_Wuppertal_6579_138_left_geometry"], "http://www.w3.org/1999/02/22-rdf-syntax-ns#type": ["https://registry.gdi-de.org/up3/ontology/Streckenabschnitt_optional"], "https://registry.gdi-de.org/up3/ontology/beginntBeiKnoten": ["https://registry.gdi-de.org/de.nw/radnetz/instances/Knoten_Wuppertal_8787"], "https://registry.gdi-de.org/up3/ontology/endetBeiKnoten": ["https://registry.gdi-de.org/de.nw/radnetz/instances/Knoten_Wuppertal_8800"], "https://registry.gdi-de.org/up3/ontology/geometrieAbschnitt": ["https://registry.gdi-de.org/de.nw/radnetz/instances/Section_Wuppertal_6579_138_left_geometry"], "https://registry.gdi-de.org/up3/ontology/licht": ["https://registry.gdi-de.org/codelist/de.bund.balm.radnetz/Licht/1"], "https://registry.gdi-de.org/up3/ontology/quell-ID": ["6579"], "https://registry.gdi-de.org/up3/ontology/richtung": ["https://registry.gdi-de.org/codelist/de.bund.balm.radnetz/Richtung/3"], "https://registry.gdi-de.org/up3/ontology/steigung": ["0.02740957"], "https://registry.gdi-de.org/up3/ontology/strecken-ID": ["Section_Wuppertal_6579_138_left"]}, "geometry": {"type": "LineString", "coordinates": [[7.2311540914, 51.270764602, 163.24], [7.2312267918, 51.2707304876, 0.0], [7.2316567479, 51.2701955853, 163.26]]}}, {"type": "Feature", "id": "https://registry.gdi-de.org/de.nw/radnetz/instances/Section_Wuppertal_1223533_374_left", "name": "", "dateprops": [], "properties": {"http://rdfs.org/ns/void#inDataset": ["https://registry.gdi-de.org/de.nw/radnetz/instances/exnw_dataset"], "http://www.opengis.net/ont/geosparql#hasGeometry": ["https://registry.gdi-de.org/de.nw/radnetz/instances/Section_Wuppertal_1223533_374_left_geometry"], "http://www.w3.org/1999/02/22-rdf-syntax-ns#type": ["https://registry.gdi-de.org/up3/ontology/Streckenabschnitt_optional"], "https://registry.gdi-de.org/up3/ontology/beginntBeiKnoten": ["https://registry.gdi-de.org/de.nw/radnetz/instances/Knoten_Wuppertal_5733"], "https://registry.gdi-de.org/up3/ontology/endetBeiKnoten": ["https://registry.gdi-de.org/de.nw/radnetz/instances/Knoten_Wuppertal_112310103"], "https://registry.gdi-de.org/up3/ontology/geometrieAbschnitt": ["https://registry.gdi-de.org/de.nw/radnetz/instances/Section_Wuppertal_1223533_374_left_geometry"], "https://registry.gdi-de.org/up3/ontology/licht": ["https://registry.gdi-de.org/codelist/de.bund.balm.radnetz/Licht/1"], "https://registry.gdi-de.org/up3/ontology/quell-ID": ["1223533"], "https://registry.gdi-de.org/up3/ontology/richtung": ["https://registry.gdi-de.org/codelist/de.bund.balm.radnetz/Richtung/3"], "https://registry.gdi-de.org/up3/ontology/steigung": ["5.014353"], "https://registry.gdi-de.org/up3/ontology/strecken-ID": ["Section_Wuppertal_1223533_374_left"]}, "geometry": {"type": "LineString", "coordinates": [[7.1566904685, 51.2514801741, 185.11], [7.1571093655, 51.2516611238, 186.89]]}}, {"type": "Feature", "id": "https://registry.gdi-de.org/de.nw/radnetz/instances/Section_Wuppertal_1225144_450_left", "name": "", "dateprops": [], "properties": {"http://rdfs.org/ns/void#inDataset": ["https://registry.gdi-de.org/de.nw/radnetz/instances/exnw_dataset"], "http://www.opengis.net/ont/geosparql#hasGeometry": ["https://registry.gdi-de.org/de.nw/radnetz/instances/Section_Wuppertal_1225144_450_left_geometry"], "http://www.w3.org/1999/02/22-rdf-syntax-ns#type": ["https://registry.gdi-de.org/up3/ontology/Streckenabschnitt_optional"], "https://registry.gdi-de.org/up3/ontology/beginntBeiKnoten": ["https://registry.gdi-de.org/de.nw/radnetz/instances/Knoten_Wuppertal_6935"], "https://registry.gdi-de.org/up3/ontology/endetBeiKnoten": ["https://registry.gdi-de.org/de.nw/radnetz/instances/Knoten_Wuppertal_110600201"], "https://registry.gdi-de.org/up3/ontology/geometrieAbschnitt": ["https://registry.gdi-de.org/de.nw/radnetz/instances/Section_Wuppertal_1225144_450_left_geometry"], "https://registry.gdi-de.org/up3/ontology/licht": ["https://registry.gdi-de.org/codelist/de.bund.balm.radnetz/Licht/1"], "https://registry.gdi-de.org/up3/ontology/quell-ID": ["1225144"], "https://registry.gdi-de.org/up3/ontology/richtung": ["https://registry.gdi-de.org/codelist/de.bund.balm.radnetz/Richtung/3"], "https://registry.gdi-de.org/up3/ontology/steigung": ["1.800382"], "https://registry.gdi-de.org/up3/ontology/strecken-ID": ["Section_Wuppertal_1225144_450_left"]}, "geometry": {"type": "LineString", "coordinates": [[7.1910677868, 51.2220429685, 314.88], [7.1907698638, 51.2229141802, 0.0], [7.1905140176, 51.2235370269, 0.0], [7.1904815375, 51.2239418543, 0.0], [7.1905001872, 51.2240990861, 319.08]]}}, {"type": "Feature", "id": "https://registry.gdi-de.org/de.nw/radnetz/instances/Section_Wuppertal_1226470_584_left", "name": "", "dateprops": [], "properties": {"http://rdfs.org/ns/void#inDataset": ["https://registry.gdi-de.org/de.nw/radnetz/instances/exnw_dataset"], "http://www.opengis.net/ont/geosparql#hasGeometry": ["https://registry.gdi-de.org/de.nw/radnetz/instances/Section_Wuppertal_1226470_584_left_geometry"], "http://www.w3.org/1999/02/22-rdf-syntax-ns#type": ["https://registry.gdi-de.org/up3/ontology/Streckenabschnitt_optional"], "https://registry.gdi-de.org/up3/ontology/beginntBeiKnoten": ["https://registry.gdi-de.org/de.nw/radnetz/instances/Knoten_Wuppertal_4569"], "https://registry.gdi-de.org/up3/ontology/endetBeiKnoten": ["https://registry.gdi-de.org/de.nw/radnetz/instances/Knoten_Wuppertal_114010101"], "https://registry.gdi-de.org/up3/ontology/fuehrung": ["https://registry.gdi-de.org/codelist/de.bund.balm.radnetz/Fuehrung/405"], "https://registry.gdi-de.org/up3/ontology/geometrieAbschnitt": ["https://registry.gdi-de.org/de.nw/radnetz/instances/Section_Wuppertal_1226470_584_left_geometry"], "https://registry.gdi-de.org/up3/ontology/licht": ["https://registry.gdi-de.org/codelist/de.bund.balm.radnetz/Licht/1"], "https://registry.gdi-de.org/up3/ontology/quell-ID": ["1226470"], "https://registry.gdi-de.org/up3/ontology/richtung": ["https://registry.gdi-de.org/codelist/de.bund.balm.radnetz/Richtung/3"], "https://registry.gdi-de.org/up3/ontology/steigung": ["0.01577731"], "https://registry.gdi-de.org/up3/ontology/strecken-ID": ["Section_Wuppertal_1226470_584_left"]}, "geometry": {"type": "LineString", "coordinates": [[7.1372229664, 51.2091817274, 301.4], [7.1345022733, 51.207673567, 301.44]]}}, {"type": "Feature", "id": "https://registry.gdi-de.org/de.nw/radnetz/instances/Section_Wuppertal_1226620_605_left", "name": "", "dateprops": [], "properties": {"http://rdfs.org/ns/void#inDataset": ["https://registry.gdi-de.org/de.nw/radnetz/instances/exnw_dataset"], "http://www.opengis.net/ont/geosparql#hasGeometry": ["https://registry.gdi-de.org/de.nw/radnetz/instances/Section_Wuppertal_1226620_605_left_geometry"], "http://www.w3.org/1999/02/22-rdf-syntax-ns#type": ["https://registry.gdi-de.org/up3/ontology/Streckenabschnitt_optional"], "https://registry.gdi-de.org/up3/ontology/beginntBeiKnoten": ["https://registry.gdi-de.org/de.nw/radnetz/instances/Knoten_Wuppertal_113230101"], "https://registry.gdi-de.org/up3/ontology/endetBeiKnoten": ["https://registry.gdi-de.org/de.nw/radnetz/instances/Knoten_Wuppertal_113230102"], "https://registry.gdi-de.org/up3/ontology/geometrieAbschnitt": ["https://registry.gdi-de.org/de.nw/radnetz/instances/Section_Wuppertal_1226620_605_left_geometry"], "https://registry.gdi-de.org/up3/ontology/licht": ["https://registry.gdi-de.org/codelist/de.bund.balm.radnetz/Licht/1"], "https://registry.gdi-de.org/up3/ontology/quell-ID": ["1226620"], "https://registry.gdi-de.org/up3/ontology/richtung": ["https://registry.gdi-de.org/codelist/de.bund.balm.radnetz/Richtung/3"], "https://registry.gdi-de.org/up3/ontology/steigung": ["2.127394"], "https://registry.gdi-de.org/up3/ontology/strecken-ID": ["Section_Wuppertal_1226620_605_left"]}, "geometry": {"type": "LineString", "coordinates": [[7.0708475303, 51.2457898128, 198.97], [7.0709059192, 51.2455346521, 199.58]]}}, {"type": "Feature", "id": "https://registry.gdi-de.org/de.nw/radnetz/instances/Section_Wuppertal_4039_97_left", "name": "", "dateprops": [], "properties": {"http://rdfs.org/ns/void#inDataset": ["https://registry.gdi-de.org/de.nw/radnetz/instances/exnw_dataset"], "http://www.opengis.net/ont/geosparql#hasGeometry": ["https://registry.gdi-de.org/de.nw/radnetz/instances/Section_Wuppertal_4039_97_left_geometry"], "http://www.w3.org/1999/02/22-rdf-syntax-ns#type": ["https://registry.gdi-de.org/up3/ontology/Streckenabschnitt_optional"], "https://registry.gdi-de.org/up3/ontology/beginntBeiKnoten": ["https://registry.gdi-de.org/de.nw/radnetz/instances/Knoten_Wuppertal_5976"], "https://registry.gdi-de.org/up3/ontology/endetBeiKnoten": ["https://registry.gdi-de.org/de.nw/radnetz/instances/Knoten_Wuppertal_6048"], "https://registry.gdi-de.org/up3/ontology/geometrieAbschnitt": ["https://registry.gdi-de.org/de.nw/radnetz/instances/Section_Wuppertal_4039_97_left_geometry"], "https://registry.gdi-de.org/up3/ontology/licht": ["https://registry.gdi-de.org/codelist/de.bund.balm.radnetz/Licht/1"], "https://registry.gdi-de.org/up3/ontology/quell-ID": ["4039"], "https://registry.gdi-de.org/up3/ontology/richtung": ["https://registry.gdi-de.org/codelist/de.bund.balm.radnetz/Richtung/3"], "https://registry.gdi-de.org/up3/ontology/steigung": ["4.388512"], "https://registry.gdi-de.org/up3/ontology/strecken-ID": ["Section_Wuppertal_4039_97_left"]}, "geometry": {"type": "LineString", "coordinates": [[7.1614598955, 51.2493310092, 226.22], [7.1629501001, 51.2482195136, 0.0], [7.1634301937, 51.2473787298, 0.0], [7.1635418934, 51.2461281169, 0.0], [7.1637822984, 51.2455863698, 246.53]]}}, {"type": "Feature", "id": "https://registry.gdi-de.org/de.nw/radnetz/instances/Section_Wuppertal_5101_114_left", "name": "", "dateprops": [], "properties": {"http://rdfs.org/ns/void#inDataset": ["https://registry.gdi-de.org/de.nw/radnetz/instances/exnw_dataset"], "http://www.opengis.net/ont/geosparql#hasGeometry": ["https://registry.gdi-de.org/de.nw/radnetz/instances/Section_Wuppertal_5101_114_left_geometry"], "http://www.w3.org/1999/02/22-rdf-syntax-ns#type": ["https://registry.gdi-de.org/up3/ontology/Streckenabschnitt_optional"], "https://registry.gdi-de.org/up3/ontology/beginntBeiKnoten": ["https://registry.gdi-de.org/de.nw/radnetz/instances/Knoten_Wuppertal_2596"], "https://registry.gdi-de.org/up3/ontology/endetBeiKnoten": ["https://registry.gdi-de.org/de.nw/radnetz/instances/Knoten_Wuppertal_2590"], "https://registry.gdi-de.org/up3/ontology/geometrieAbschnitt": ["https://registry.gdi-de.org/de.nw/radnetz/instances/Section_Wuppertal_5101_114_left_geometry"], "https://registry.gdi-de.org/up3/ontology/licht": ["https://registry.gdi-de.org/codelist/de.bund.balm.radnetz/Licht/1"], "https://registry.gdi-de.org/up3/ontology/quell-ID": ["5101"], "https://registry.gdi-de.org/up3/ontology/richtung": ["https://registry.gdi-de.org/codelist/de.bund.balm.radnetz/Richtung/3"], "https://registry.gdi-de.org/up3/ontology/steigung": ["2.662476"], "https://registry.gdi-de.org/up3/ontology/strecken-ID": ["Section_Wuppertal_5101_114_left"]}, "geometry": {"type": "LineString", "coordinates": [[7.0705410703, 51.2423378884, 206.74], [7.0704123925, 51.2417014384, 208.64]]}}, {"type": "Feature", "id": "https://registry.gdi-de.org/de.nw/radnetz/instances/Section_Wuppertal_1224374_416_left", "name": "", "dateprops": [], "properties": {"http://rdfs.org/ns/void#inDataset": ["https://registry.gdi-de.org/de.nw/radnetz/instances/exnw_dataset"], "http://www.opengis.net/ont/geosparql#hasGeometry": ["https://registry.gdi-de.org/de.nw/radnetz/instances/Section_Wuppertal_1224374_416_left_geometry"], "http://www.w3.org/1999/02/22-rdf-syntax-ns#type": ["https://registry.gdi-de.org/up3/ontology/Streckenabschnitt_optional"], "https://registry.gdi-de.org/up3/ontology/beginntBeiKnoten": ["https://registry.gdi-de.org/de.nw/radnetz/instances/Knoten_Wuppertal_116740101"], "https://registry.gdi-de.org/up3/ontology/endetBeiKnoten": ["https://registry.gdi-de.org/de.nw/radnetz/instances/Knoten_Wuppertal_8880"], "https://registry.gdi-de.org/up3/ontology/geometrieAbschnitt": ["https://registry.gdi-de.org/de.nw/radnetz/instances/Section_Wuppertal_1224374_416_left_geometry"], "https://registry.gdi-de.org/up3/ontology/licht": ["https://registry.gdi-de.org/codelist/de.bund.balm.radnetz/Licht/1"], "https://registry.gdi-de.org/up3/ontology/quell-ID": ["1224374"], "https://registry.gdi-de.org/up3/ontology/richtung": ["https://registry.gdi-de.org/codelist/de.bund.balm.radnetz/Richtung/3"], "https://registry.gdi-de.org/up3/ontology/steigung": ["0.7325126"], "https://registry.gdi-de.org/up3/ontology/strecken-ID": ["Section_Wuppertal_1224374_416_left"]}, "geometry": {"type": "LineString", "coordinates": [[7.2335973204, 51.2678640178, 164.13], [7.2339771387, 51.2674151041, 0.0], [7.2340635472, 51.2672549887, 0.0], [7.2341117671, 51.267023094, 0.0], [7.2341186189, 51.2668296687, 165.03]]}}, {"type": "Feature", "id": "https://registry.gdi-de.org/de.nw/radnetz/instances/Section_Wuppertal_12072_252_left", "name": "", "dateprops": [], "properties": {"http://rdfs.org/ns/void#inDataset": ["https://registry.gdi-de.org/de.nw/radnetz/instances/exnw_dataset"], "http://www.opengis.net/ont/geosparql#hasGeometry": ["https://registry.gdi-de.org/de.nw/radnetz/instances/Section_Wuppertal_12072_252_left_geometry"], "http://www.w3.org/1999/02/22-rdf-syntax-ns#type": ["https://registry.gdi-de.org/up3/ontology/Streckenabschnitt_optional"], "https://registry.gdi-de.org/up3/ontology/beginntBeiKnoten": ["https://registry.gdi-de.org/de.nw/radnetz/instances/Knoten_Wuppertal_5938"], "https://registry.gdi-de.org/up3/ontology/endetBeiKnoten": ["https://registry.gdi-de.org/de.nw/radnetz/instances/Knoten_Wuppertal_5976"], "https://registry.gdi-de.org/up3/ontology/geometrieAbschnitt": ["https://registry.gdi-de.org/de.nw/radnetz/instances/Section_Wuppertal_12072_252_left_geometry"], "https://registry.gdi-de.org/up3/ontology/licht": ["https://registry.gdi-de.org/codelist/de.bund.balm.radnetz/Licht/1"], "https://registry.gdi-de.org/up3/ontology/quell-ID": ["12072"], "https://registry.gdi-de.org/up3/ontology/richtung": ["https://registry.gdi-de.org/codelist/de.bund.balm.radnetz/Richtung/3"], "https://registry.gdi-de.org/up3/ontology/steigung": ["5.696281"], "https://registry.gdi-de.org/up3/ontology/strecken-ID": ["Section_Wuppertal_12072_252_left"]}, "geometry": {"type": "LineString", "coordinates": [[7.1606347483, 51.2510557035, 214.75], [7.1609217347, 51.2507117245, 0.0], [7.1611254495, 51.2502692172, 0.0], [7.1611956778, 51.2500721018, 0.0], [7.1614598955, 51.2493310092, 226.22]]}}, {"type": "Feature", "id": "https://registry.gdi-de.org/de.nw/radnetz/instances/Section_Wuppertal_1226564_1057_left", "name": "", "dateprops": [], "properties": {"http://rdfs.org/ns/void#inDataset": ["https://registry.gdi-de.org/de.nw/radnetz/instances/exnw_dataset"], "http://www.opengis.net/ont/geosparql#hasGeometry": ["https://registry.gdi-de.org/de.nw/radnetz/instances/Section_Wuppertal_1226564_1057_left_geometry"], "http://www.w3.org/1999/02/22-rdf-syntax-ns#type": ["https://registry.gdi-de.org/up3/ontology/Streckenabschnitt_optional"], "https://registry.gdi-de.org/up3/ontology/beginntBeiKnoten": ["https://registry.gdi-de.org/de.nw/radnetz/instances/Knoten_Wuppertal_112040102"], "https://registry.gdi-de.org/up3/ontology/endetBeiKnoten": ["https://registry.gdi-de.org/de.nw/radnetz/instances/Knoten_Wuppertal_112040101"], "https://registry.gdi-de.org/up3/ontology/geometrieAbschnitt": ["https://registry.gdi-de.org/de.nw/radnetz/instances/Section_Wuppertal_1226564_1057_left_geometry"], "https://registry.gdi-de.org/up3/ontology/licht": ["https://registry.gdi-de.org/codelist/de.bund.balm.radnetz/Licht/1"], "https://registry.gdi-de.org/up3/ontology/quell-ID": ["1226564"], "https://registry.gdi-de.org/up3/ontology/richtung": ["https://registry.gdi-de.org/codelist/de.bund.balm.radnetz/Richtung/3"], "https://registry.gdi-de.org/up3/ontology/steigung": ["2.223846"], "https://registry.gdi-de.org/up3/ontology/strecken-ID": ["Section_Wuppertal_1226564_1057_left"]}, "geometry": {"type": "LineString", "coordinates": [[7.1487131313, 51.2716486683, 0.0], [7.1487965974, 51.271839714, 0.0]]}}, {"type": "Feature", "id": "https://registry.gdi-de.org/de.nw/radnetz/instances/Section_Wuppertal_1225724_499_left", "name": "", "dateprops": [], "properties": {"http://rdfs.org/ns/void#inDataset": ["https://registry.gdi-de.org/de.nw/radnetz/instances/exnw_dataset"], "http://www.opengis.net/ont/geosparql#hasGeometry": ["https://registry.gdi-de.org/de.nw/radnetz/instances/Section_Wuppertal_1225724_499_left_geometry"], "http://www.w3.org/1999/02/22-rdf-syntax-ns#type": ["https://registry.gdi-de.org/up3/ontology/Streckenabschnitt_optional"], "https://registry.gdi-de.org/up3/ontology/beginntBeiKnoten": ["https://registry.gdi-de.org/de.nw/radnetz/instances/Knoten_Wuppertal_118160101"], "https://registry.gdi-de.org/up3/ontology/endetBeiKnoten": ["https://registry.gdi-de.org/de.nw/radnetz/instances/Knoten_Wuppertal_118160102"], "https://registry.gdi-de.org/up3/ontology/geometrieAbschnitt": ["https://registry.gdi-de.org/de.nw/radnetz/instances/Section_Wuppertal_1225724_499_left_geometry"], "https://registry.gdi-de.org/up3/ontology/licht": ["https://registry.gdi-de.org/codelist/de.bund.balm.radnetz/Licht/0"], "https://registry.gdi-de.org/up3/ontology/quell-ID": ["1225724"], "https://registry.gdi-de.org/up3/ontology/richtung": ["https://registry.gdi-de.org/codelist/de.bund.balm.radnetz/Richtung/3"], "https://registry.gdi-de.org/up3/ontology/steigung": ["6.20441"], "https://registry.gdi-de.org/up3/ontology/strecken-ID": ["Section_Wuppertal_1225724_499_left"]}, "geometry": {"type": "LineString", "coordinates": [[7.1325283639, 51.306250657, 244.91], [7.1330530362, 51.3064544325, 247.58]]}}, {"type": "Feature", "id": "https://registry.gdi-de.org/de.nw/radnetz/instances/Section_Wuppertal_1228381_707_left", "name": "", "dateprops": [], "properties": {"http://rdfs.org/ns/void#inDataset": ["https://registry.gdi-de.org/de.nw/radnetz/instances/exnw_dataset"], "http://www.opengis.net/ont/geosparql#hasGeometry": ["https://registry.gdi-de.org/de.nw/radnetz/instances/Section_Wuppertal_1228381_707_left_geometry"], "http://www.w3.org/1999/02/22-rdf-syntax-ns#type": ["https://registry.gdi-de.org/up3/ontology/Streckenabschnitt_optional"], "https://registry.gdi-de.org/up3/ontology/beginntBeiKnoten": ["https://registry.gdi-de.org/de.nw/radnetz/instances/Knoten_Wuppertal_1189690563"], "https://registry.gdi-de.org/up3/ontology/endetBeiKnoten": ["https://registry.gdi-de.org/de.nw/radnetz/instances/Knoten_Wuppertal_2300"], "https://registry.gdi-de.org/up3/ontology/geometrieAbschnitt": ["https://registry.gdi-de.org/de.nw/radnetz/instances/Section_Wuppertal_1228381_707_left_geometry"], "https://registry.gdi-de.org/up3/ontology/licht": ["https://registry.gdi-de.org/codelist/de.bund.balm.radnetz/Licht/1"], "https://registry.gdi-de.org/up3/ontology/quell-ID": ["1228381"], "https://registry.gdi-de.org/up3/ontology/richtung": ["https://registry.gdi-de.org/codelist/de.bund.balm.radnetz/Richtung/3"], "https://registry.gdi-de.org/up3/ontology/steigung": ["3.780623"], "https://registry.gdi-de.org/up3/ontology/strecken-ID": ["Section_Wuppertal_1228381_707_left"]}, "geometry": {"type": "LineString", "coordinates": [[7.0564926094, 51.2123576476, 235.36], [7.0569172545, 51.2125242541, 0.0], [7.0581334137, 51.2129569046, 0.0], [7.0585494699, 51.2131746089, 0.0], [7.0589618444, 51.21341257, 0.0], [7.0592245917, 51.213753999, 0.0], [7.0594591704, 51.2142191015, 246.93]]}}, {"type": "Feature", "id": "https://registry.gdi-de.org/de.nw/radnetz/instances/Section_Wuppertal_1224373_415_left", "name": "", "dateprops": [], "properties": {"http://rdfs.org/ns/void#inDataset": ["https://registry.gdi-de.org/de.nw/radnetz/instances/exnw_dataset"], "http://www.opengis.net/ont/geosparql#hasGeometry": ["https://registry.gdi-de.org/de.nw/radnetz/instances/Section_Wuppertal_1224373_415_left_geometry"], "http://www.w3.org/1999/02/22-rdf-syntax-ns#type": ["https://registry.gdi-de.org/up3/ontology/Streckenabschnitt_optional"], "https://registry.gdi-de.org/up3/ontology/beginntBeiKnoten": ["https://registry.gdi-de.org/de.nw/radnetz/instances/Knoten_Wuppertal_8834"], "https://registry.gdi-de.org/up3/ontology/endetBeiKnoten": ["https://registry.gdi-de.org/de.nw/radnetz/instances/Knoten_Wuppertal_116740101"], "https://registry.gdi-de.org/up3/ontology/geometrieAbschnitt": ["https://registry.gdi-de.org/de.nw/radnetz/instances/Section_Wuppertal_1224373_415_left_geometry"], "https://registry.gdi-de.org/up3/ontology/licht": ["https://registry.gdi-de.org/codelist/de.bund.balm.radnetz/Licht/1"], "https://registry.gdi-de.org/up3/ontology/quell-ID": ["1224373"], "https://registry.gdi-de.org/up3/ontology/richtung": ["https://registry.gdi-de.org/codelist/de.bund.balm.radnetz/Richtung/3"], "https://registry.gdi-de.org/up3/ontology/steigung": ["0.4237512"], "https://registry.gdi-de.org/up3/ontology/strecken-ID": ["Section_Wuppertal_1224373_415_left"]}, "geometry": {"type": "LineString", "coordinates": [[7.2326142352, 51.2690258964, 163.51], [7.2335973204, 51.2678640178, 164.13]]}}, {"type": "Feature", "id": "https://registry.gdi-de.org/de.nw/radnetz/instances/Section_Wuppertal_1226341_959_left", "name": "", "dateprops": [], "properties": {"http://rdfs.org/ns/void#inDataset": ["https://registry.gdi-de.org/de.nw/radnetz/instances/exnw_dataset"], "http://www.opengis.net/ont/geosparql#hasGeometry": ["https://registry.gdi-de.org/de.nw/radnetz/instances/Section_Wuppertal_1226341_959_left_geometry"], "http://www.w3.org/1999/02/22-rdf-syntax-ns#type": ["https://registry.gdi-de.org/up3/ontology/Streckenabschnitt_optional"], "https://registry.gdi-de.org/up3/ontology/beginntBeiKnoten": ["https://registry.gdi-de.org/de.nw/radnetz/instances/Knoten_Wuppertal_5232"], "https://registry.gdi-de.org/up3/ontology/endetBeiKnoten": ["https://registry.gdi-de.org/de.nw/radnetz/instances/Knoten_Wuppertal_5275"], "https://registry.gdi-de.org/up3/ontology/geometrieAbschnitt": ["https://registry.gdi-de.org/de.nw/radnetz/instances/Section_Wuppertal_1226341_959_left_geometry"], "https://registry.gdi-de.org/up3/ontology/licht": ["https://registry.gdi-de.org/codelist/de.bund.balm.radnetz/Licht/1"], "https://registry.gdi-de.org/up3/ontology/quell-ID": ["1226341"], "https://registry.gdi-de.org/up3/ontology/richtung": ["https://registry.gdi-de.org/codelist/de.bund.balm.radnetz/Richtung/3"], "https://registry.gdi-de.org/up3/ontology/steigung": ["2.976872"], "https://registry.gdi-de.org/up3/ontology/strecken-ID": ["Section_Wuppertal_1226341_959_left"]}, "geometry": {"type": "LineString", "coordinates": [[7.1472121508, 51.2650045948, 0.0], [7.1472919336, 51.2653072788, 0.0], [7.1477419632, 51.2664296225, 0.0], [7.1477672073, 51.266492579, 0.0], [7.1478673466, 51.2667343255, 0.0]]}}, {"type": "Feature", "id": "https://registry.gdi-de.org/de.nw/radnetz/instances/Section_Wuppertal_1228556_715_left", "name": "", "dateprops": [], "properties": {"http://rdfs.org/ns/void#inDataset": ["https://registry.gdi-de.org/de.nw/radnetz/instances/exnw_dataset"], "http://www.opengis.net/ont/geosparql#hasGeometry": ["https://registry.gdi-de.org/de.nw/radnetz/instances/Section_Wuppertal_1228556_715_left_geometry"], "http://www.w3.org/1999/02/22-rdf-syntax-ns#type": ["https://registry.gdi-de.org/up3/ontology/Streckenabschnitt_optional"], "https://registry.gdi-de.org/up3/ontology/beginntBeiKnoten": ["https://registry.gdi-de.org/de.nw/radnetz/instances/Knoten_Wuppertal_1189690646"], "https://registry.gdi-de.org/up3/ontology/endetBeiKnoten": ["https://registry.gdi-de.org/de.nw/radnetz/instances/Knoten_Wuppertal_6771"], "https://registry.gdi-de.org/up3/ontology/geometrieAbschnitt": ["https://registry.gdi-de.org/de.nw/radnetz/instances/Section_Wuppertal_1228556_715_left_geometry"], "https://registry.gdi-de.org/up3/ontology/licht": ["https://registry.gdi-de.org/codelist/de.bund.balm.radnetz/Licht/1"], "https://registry.gdi-de.org/up3/ontology/quell-ID": ["1228556"], "https://registry.gdi-de.org/up3/ontology/richtung": ["https://registry.gdi-de.org/codelist/de.bund.balm.radnetz/Richtung/3"], "https://registry.gdi-de.org/up3/ontology/steigung": ["0.2323611"], "https://registry.gdi-de.org/up3/ontology/strecken-ID": ["Section_Wuppertal_1228556_715_left"]}, "geometry": {"type": "LineString", "coordinates": [[7.1872476793, 51.2669752626, 152.13], [7.1858106915, 51.2667656621, 0.0], [7.185621423, 51.266743849, 0.0], [7.1854434538, 51.2667490686, 0.0], [7.1849467888, 51.2667692999, 152.51]]}}, {"type": "Feature", "id": "https://registry.gdi-de.org/de.nw/radnetz/instances/Section_Wuppertal_1223723_383_left", "name": "", "dateprops": [], "properties": {"http://rdfs.org/ns/void#inDataset": ["https://registry.gdi-de.org/de.nw/radnetz/instances/exnw_dataset"], "http://www.opengis.net/ont/geosparql#hasGeometry": ["https://registry.gdi-de.org/de.nw/radnetz/instances/Section_Wuppertal_1223723_383_left_geometry"], "http://www.w3.org/1999/02/22-rdf-syntax-ns#type": ["https://registry.gdi-de.org/up3/ontology/Streckenabschnitt_optional"], "https://registry.gdi-de.org/up3/ontology/beginntBeiKnoten": ["https://registry.gdi-de.org/de.nw/radnetz/instances/Knoten_Wuppertal_2246"], "https://registry.gdi-de.org/up3/ontology/endetBeiKnoten": ["https://registry.gdi-de.org/de.nw/radnetz/instances/Knoten_Wuppertal_119580101"], "https://registry.gdi-de.org/up3/ontology/geometrieAbschnitt": ["https://registry.gdi-de.org/de.nw/radnetz/instances/Section_Wuppertal_1223723_383_left_geometry"], "https://registry.gdi-de.org/up3/ontology/licht": ["https://registry.gdi-de.org/codelist/de.bund.balm.radnetz/Licht/1"], "https://registry.gdi-de.org/up3/ontology/quell-ID": ["1223723"], "https://registry.gdi-de.org/up3/ontology/richtung": ["https://registry.gdi-de.org/codelist/de.bund.balm.radnetz/Richtung/3"], "https://registry.gdi-de.org/up3/ontology/steigung": ["2.123605"], "https://registry.gdi-de.org/up3/ontology/strecken-ID": ["Section_Wuppertal_1223723_383_left"]}, "geometry": {"type": "LineString", "coordinates": [[7.054256141, 51.2338748586, 204.77], [7.0547814896, 51.2339042621, 0.0], [7.055167394, 51.2339611437, 206.14]]}}, {"type": "Feature", "id": "https://registry.gdi-de.org/de.nw/radnetz/instances/Section_Wuppertal_1225358_1087_left", "name": "", "dateprops": [], "properties": {"http://rdfs.org/ns/void#inDataset": ["https://registry.gdi-de.org/de.nw/radnetz/instances/exnw_dataset"], "http://www.opengis.net/ont/geosparql#hasGeometry": ["https://registry.gdi-de.org/de.nw/radnetz/instances/Section_Wuppertal_1225358_1087_left_geometry"], "http://www.w3.org/1999/02/22-rdf-syntax-ns#type": ["https://registry.gdi-de.org/up3/ontology/Streckenabschnitt_optional"], "https://registry.gdi-de.org/up3/ontology/beginntBeiKnoten": ["https://registry.gdi-de.org/de.nw/radnetz/instances/Knoten_Wuppertal_5175"], "https://registry.gdi-de.org/up3/ontology/endetBeiKnoten": ["https://registry.gdi-de.org/de.nw/radnetz/instances/Knoten_Wuppertal_110370201"], "https://registry.gdi-de.org/up3/ontology/geometrieAbschnitt": ["https://registry.gdi-de.org/de.nw/radnetz/instances/Section_Wuppertal_1225358_1087_left_geometry"], "https://registry.gdi-de.org/up3/ontology/licht": ["https://registry.gdi-de.org/codelist/de.bund.balm.radnetz/Licht/1"], "https://registry.gdi-de.org/up3/ontology/quell-ID": ["1225358"], "https://registry.gdi-de.org/up3/ontology/richtung": ["https://registry.gdi-de.org/codelist/de.bund.balm.radnetz/Richtung/3"], "https://registry.gdi-de.org/up3/ontology/steigung": ["2.328547"], "https://registry.gdi-de.org/up3/ontology/strecken-ID": ["Section_Wuppertal_1225358_1087_left"]}, "geometry": {"type": "LineString", "coordinates": [[7.1463829532, 51.2604731705, 0.0], [7.1463233689, 51.2608535653, 0.0]]}}, {"type": "Feature", "id": "https://registry.gdi-de.org/de.nw/radnetz/instances/Section_Wuppertal_60_3_left", "name": "", "dateprops": [], "properties": {"http://rdfs.org/ns/void#inDataset": ["https://registry.gdi-de.org/de.nw/radnetz/instances/exnw_dataset"], "http://www.opengis.net/ont/geosparql#hasGeometry": ["https://registry.gdi-de.org/de.nw/radnetz/instances/Section_Wuppertal_60_3_left_geometry"], "http://www.w3.org/1999/02/22-rdf-syntax-ns#type": ["https://registry.gdi-de.org/up3/ontology/Streckenabschnitt_optional"], "https://registry.gdi-de.org/up3/ontology/beginntBeiKnoten": ["https://registry.gdi-de.org/de.nw/radnetz/instances/Knoten_Wuppertal_4999"], "https://registry.gdi-de.org/up3/ontology/endetBeiKnoten": ["https://registry.gdi-de.org/de.nw/radnetz/instances/Knoten_Wuppertal_5057"], "https://registry.gdi-de.org/up3/ontology/geometrieAbschnitt": ["https://registry.gdi-de.org/de.nw/radnetz/instances/Section_Wuppertal_60_3_left_geometry"], "https://registry.gdi-de.org/up3/ontology/licht": ["https://registry.gdi-de.org/codelist/de.bund.balm.radnetz/Licht/1"], "https://registry.gdi-de.org/up3/ontology/quell-ID": ["60"], "https://registry.gdi-de.org/up3/ontology/richtung": ["https://registry.gdi-de.org/codelist/de.bund.balm.radnetz/Richtung/3"], "https://registry.gdi-de.org/up3/ontology/steigung": ["3.49789"], "https://registry.gdi-de.org/up3/ontology/strecken-ID": ["Section_Wuppertal_60_3_left"]}, "geometry": {"type": "LineString", "coordinates": [[7.1438149385, 51.2585842286, 146.34], [7.1444870453, 51.2589169536, 148.43]]}}, {"type": "Feature", "id": "https://registry.gdi-de.org/de.nw/radnetz/instances/Section_Wuppertal_1225665_494_left", "name": "", "dateprops": [], "properties": {"http://rdfs.org/ns/void#inDataset": ["https://registry.gdi-de.org/de.nw/radnetz/instances/exnw_dataset"], "http://www.opengis.net/ont/geosparql#hasGeometry": ["https://registry.gdi-de.org/de.nw/radnetz/instances/Section_Wuppertal_1225665_494_left_geometry"], "http://www.w3.org/1999/02/22-rdf-syntax-ns#type": ["https://registry.gdi-de.org/up3/ontology/Streckenabschnitt_optional"], "https://registry.gdi-de.org/up3/ontology/beginntBeiKnoten": ["https://registry.gdi-de.org/de.nw/radnetz/instances/Knoten_Wuppertal_114620101"], "https://registry.gdi-de.org/up3/ontology/endetBeiKnoten": ["https://registry.gdi-de.org/de.nw/radnetz/instances/Knoten_Wuppertal_3202"], "https://registry.gdi-de.org/up3/ontology/geometrieAbschnitt": ["https://registry.gdi-de.org/de.nw/radnetz/instances/Section_Wuppertal_1225665_494_left_geometry"], "https://registry.gdi-de.org/up3/ontology/licht": ["https://registry.gdi-de.org/codelist/de.bund.balm.radnetz/Licht/1"], "https://registry.gdi-de.org/up3/ontology/quell-ID": ["1225665"], "https://registry.gdi-de.org/up3/ontology/richtung": ["https://registry.gdi-de.org/codelist/de.bund.balm.radnetz/Richtung/3"], "https://registry.gdi-de.org/up3/ontology/steigung": ["1.396739"], "https://registry.gdi-de.org/up3/ontology/strecken-ID": ["Section_Wuppertal_1225665_494_left"]}, "geometry": {"type": "LineString", "coordinates": [[7.0991032726, 51.2650122647, 244.56], [7.099062661, 51.2640734708, 0.0], [7.0986855229, 51.263276966, 247.31]]}}, {"type": "Feature", "id": "https://registry.gdi-de.org/de.nw/radnetz/instances/Section_Wuppertal_1225723_498_left", "name": "", "dateprops": [], "properties": {"http://rdfs.org/ns/void#inDataset": ["https://registry.gdi-de.org/de.nw/radnetz/instances/exnw_dataset"], "http://www.opengis.net/ont/geosparql#hasGeometry": ["https://registry.gdi-de.org/de.nw/radnetz/instances/Section_Wuppertal_1225723_498_left_geometry"], "http://www.w3.org/1999/02/22-rdf-syntax-ns#type": ["https://registry.gdi-de.org/up3/ontology/Streckenabschnitt_optional"], "https://registry.gdi-de.org/up3/ontology/beginntBeiKnoten": ["https://registry.gdi-de.org/de.nw/radnetz/instances/Knoten_Wuppertal_118160102"], "https://registry.gdi-de.org/up3/ontology/endetBeiKnoten": ["https://registry.gdi-de.org/de.nw/radnetz/instances/Knoten_Wuppertal_5217"], "https://registry.gdi-de.org/up3/ontology/geometrieAbschnitt": ["https://registry.gdi-de.org/de.nw/radnetz/instances/Section_Wuppertal_1225723_498_left_geometry"], "https://registry.gdi-de.org/up3/ontology/licht": ["https://registry.gdi-de.org/codelist/de.bund.balm.radnetz/Licht/0"], "https://registry.gdi-de.org/up3/ontology/quell-ID": ["1225723"], "https://registry.gdi-de.org/up3/ontology/richtung": ["https://registry.gdi-de.org/codelist/de.bund.balm.radnetz/Richtung/3"], "https://registry.gdi-de.org/up3/ontology/steigung": ["6.042022"], "https://registry.gdi-de.org/up3/ontology/strecken-ID": ["Section_Wuppertal_1225723_498_left"]}, "geometry": {"type": "LineString", "coordinates": [[7.1330530362, 51.3064544325, 247.58], [7.1337546108, 51.3067269089, 0.0], [7.1340117991, 51.3066884711, 0.0], [7.1342867492, 51.3061824571, 0.0], [7.136126447, 51.3057602652, 0.0], [7.1370750798, 51.3058768417, 0.0], [7.1373129327, 51.3059069714, 0.0], [7.1391184689, 51.3061357228, 0.0], [7.140371739, 51.3063752047, 0.0], [7.1419514666, 51.3058925412, 0.0], [7.1441960822, 51.305627971, 0.0], [7.1452452349, 51.3054199351, 304.05]]}}, {"type": "Feature", "id": "https://registry.gdi-de.org/de.nw/radnetz/instances/Section_Wuppertal_32_1_left", "name": "", "dateprops": [], "properties": {"http://rdfs.org/ns/void#inDataset": ["https://registry.gdi-de.org/de.nw/radnetz/instances/exnw_dataset"], "http://www.opengis.net/ont/geosparql#hasGeometry": ["https://registry.gdi-de.org/de.nw/radnetz/instances/Section_Wuppertal_32_1_left_geometry"], "http://www.w3.org/1999/02/22-rdf-syntax-ns#type": ["https://registry.gdi-de.org/up3/ontology/Streckenabschnitt_optional"], "https://registry.gdi-de.org/up3/ontology/beginntBeiKnoten": ["https://registry.gdi-de.org/de.nw/radnetz/instances/Knoten_Wuppertal_2662"], "https://registry.gdi-de.org/up3/ontology/endetBeiKnoten": ["https://registry.gdi-de.org/de.nw/radnetz/instances/Knoten_Wuppertal_2655"], "https://registry.gdi-de.org/up3/ontology/fuehrung": ["https://registry.gdi-de.org/codelist/de.bund.balm.radnetz/Fuehrung/405"], "https://registry.gdi-de.org/up3/ontology/geometrieAbschnitt": ["https://registry.gdi-de.org/de.nw/radnetz/instances/Section_Wuppertal_32_1_left_geometry"], "https://registry.gdi-de.org/up3/ontology/licht": ["https://registry.gdi-de.org/codelist/de.bund.balm.radnetz/Licht/1"], "https://registry.gdi-de.org/up3/ontology/quell-ID": ["32"], "https://registry.gdi-de.org/up3/ontology/richtung": ["https://registry.gdi-de.org/codelist/de.bund.balm.radnetz/Richtung/3"], "https://registry.gdi-de.org/up3/ontology/steigung": ["3.148105"], "https://registry.gdi-de.org/up3/ontology/strecken-ID": ["Section_Wuppertal_32_1_left"]}, "geometry": {"type": "LineString", "coordinates": [[7.0723585824, 51.2515498054, 184.52], [7.072035535, 51.2510097473, 186.54]]}}, {"type": "Feature", "id": "https://registry.gdi-de.org/de.nw/radnetz/instances/Section_Wuppertal_10612_221_left", "name": "", "dateprops": [], "properties": {"http://rdfs.org/ns/void#inDataset": ["https://registry.gdi-de.org/de.nw/radnetz/instances/exnw_dataset"], "http://www.opengis.net/ont/geosparql#hasGeometry": ["https://registry.gdi-de.org/de.nw/radnetz/instances/Section_Wuppertal_10612_221_left_geometry"], "http://www.w3.org/1999/02/22-rdf-syntax-ns#type": ["https://registry.gdi-de.org/up3/ontology/Streckenabschnitt_optional"], "https://registry.gdi-de.org/up3/ontology/beginntBeiKnoten": ["https://registry.gdi-de.org/de.nw/radnetz/instances/Knoten_Wuppertal_2283"], "https://registry.gdi-de.org/up3/ontology/endetBeiKnoten": ["https://registry.gdi-de.org/de.nw/radnetz/instances/Knoten_Wuppertal_2320"], "https://registry.gdi-de.org/up3/ontology/geometrieAbschnitt": ["https://registry.gdi-de.org/de.nw/radnetz/instances/Section_Wuppertal_10612_221_left_geometry"], "https://registry.gdi-de.org/up3/ontology/licht": ["https://registry.gdi-de.org/codelist/de.bund.balm.radnetz/Licht/1"], "https://registry.gdi-de.org/up3/ontology/quell-ID": ["10612"], "https://registry.gdi-de.org/up3/ontology/richtung": ["https://registry.gdi-de.org/codelist/de.bund.balm.radnetz/Richtung/3"], "https://registry.gdi-de.org/up3/ontology/steigung": ["1.281764"], "https://registry.gdi-de.org/up3/ontology/strecken-ID": ["Section_Wuppertal_10612_221_left"]}, "geometry": {"type": "LineString", "coordinates": [[7.0568686845, 51.2342841492, 208.43], [7.0593468729, 51.2348039408, 0.0], [7.0595683125, 51.2348875993, 211.0]]}}, {"type": "Feature", "id": "https://registry.gdi-de.org/de.nw/radnetz/instances/Section_Wuppertal_1225357_1086_left", "name": "", "dateprops": [], "properties": {"http://rdfs.org/ns/void#inDataset": ["https://registry.gdi-de.org/de.nw/radnetz/instances/exnw_dataset"], "http://www.opengis.net/ont/geosparql#hasGeometry": ["https://registry.gdi-de.org/de.nw/radnetz/instances/Section_Wuppertal_1225357_1086_left_geometry"], "http://www.w3.org/1999/02/22-rdf-syntax-ns#type": ["https://registry.gdi-de.org/up3/ontology/Streckenabschnitt_optional"], "https://registry.gdi-de.org/up3/ontology/beginntBeiKnoten": ["https://registry.gdi-de.org/de.nw/radnetz/instances/Knoten_Wuppertal_110370201"], "https://registry.gdi-de.org/up3/ontology/endetBeiKnoten": ["https://registry.gdi-de.org/de.nw/radnetz/instances/Knoten_Wuppertal_5169"], "https://registry.gdi-de.org/up3/ontology/geometrieAbschnitt": ["https://registry.gdi-de.org/de.nw/radnetz/instances/Section_Wuppertal_1225357_1086_left_geometry"], "https://registry.gdi-de.org/up3/ontology/licht": ["https://registry.gdi-de.org/codelist/de.bund.balm.radnetz/Licht/1"], "https://registry.gdi-de.org/up3/ontology/quell-ID": ["1225357"], "https://registry.gdi-de.org/up3/ontology/richtung": ["https://registry.gdi-de.org/codelist/de.bund.balm.radnetz/Richtung/3"], "https://registry.gdi-de.org/up3/ontology/steigung": ["0.9800587"], "https://registry.gdi-de.org/up3/ontology/strecken-ID": ["Section_Wuppertal_1225357_1086_left"]}, "geometry": {"type": "LineString", "coordinates": [[7.1463233689, 51.2608535653, 0.0], [7.1462976295, 51.2610178908, 0.0]]}}, {"type": "Feature", "id": "https://registry.gdi-de.org/de.nw/radnetz/instances/Section_Wuppertal_1225749_500_left", "name": "", "dateprops": [], "properties": {"http://rdfs.org/ns/void#inDataset": ["https://registry.gdi-de.org/de.nw/radnetz/instances/exnw_dataset"], "http://www.opengis.net/ont/geosparql#hasGeometry": ["https://registry.gdi-de.org/de.nw/radnetz/instances/Section_Wuppertal_1225749_500_left_geometry"], "http://www.w3.org/1999/02/22-rdf-syntax-ns#type": ["https://registry.gdi-de.org/up3/ontology/Streckenabschnitt_optional"], "https://registry.gdi-de.org/up3/ontology/beginntBeiKnoten": ["https://registry.gdi-de.org/de.nw/radnetz/instances/Knoten_Wuppertal_110600202"], "https://registry.gdi-de.org/up3/ontology/endetBeiKnoten": ["https://registry.gdi-de.org/de.nw/radnetz/instances/Knoten_Wuppertal_6873"], "https://registry.gdi-de.org/up3/ontology/geometrieAbschnitt": ["https://registry.gdi-de.org/de.nw/radnetz/instances/Section_Wuppertal_1225749_500_left_geometry"], "https://registry.gdi-de.org/up3/ontology/licht": ["https://registry.gdi-de.org/codelist/de.bund.balm.radnetz/Licht/1"], "https://registry.gdi-de.org/up3/ontology/quell-ID": ["1225749"], "https://registry.gdi-de.org/up3/ontology/richtung": ["https://registry.gdi-de.org/codelist/de.bund.balm.radnetz/Richtung/3"], "https://registry.gdi-de.org/up3/ontology/steigung": ["1.491799"], "https://registry.gdi-de.org/up3/ontology/strecken-ID": ["Section_Wuppertal_1225749_500_left"]}, "geometry": {"type": "LineString", "coordinates": [[7.1905694435, 51.2251998192, 314.33], [7.1905674666, 51.2256039383, 0.0], [7.1901744837, 51.2264618944, 0.0], [7.1898442211, 51.2269776378, 0.0], [7.189819715, 51.2270210345, 0.0], [7.189529201, 51.2274407115, 318.24]]}}, {"type": "Feature", "id": "https://registry.gdi-de.org/de.nw/radnetz/instances/Section_Wuppertal_1225789_505_left", "name": "", "dateprops": [], "properties": {"http://rdfs.org/ns/void#inDataset": ["https://registry.gdi-de.org/de.nw/radnetz/instances/exnw_dataset"], "http://www.opengis.net/ont/geosparql#hasGeometry": ["https://registry.gdi-de.org/de.nw/radnetz/instances/Section_Wuppertal_1225789_505_left_geometry"], "http://www.w3.org/1999/02/22-rdf-syntax-ns#type": ["https://registry.gdi-de.org/up3/ontology/Streckenabschnitt_optional"], "https://registry.gdi-de.org/up3/ontology/beginntBeiKnoten": ["https://registry.gdi-de.org/de.nw/radnetz/instances/Knoten_Wuppertal_8867"], "https://registry.gdi-de.org/up3/ontology/endetBeiKnoten": ["https://registry.gdi-de.org/de.nw/radnetz/instances/Knoten_Wuppertal_116420102"], "https://registry.gdi-de.org/up3/ontology/geometrieAbschnitt": ["https://registry.gdi-de.org/de.nw/radnetz/instances/Section_Wuppertal_1225789_505_left_geometry"], "https://registry.gdi-de.org/up3/ontology/licht": ["https://registry.gdi-de.org/codelist/de.bund.balm.radnetz/Licht/1"], "https://registry.gdi-de.org/up3/ontology/quell-ID": ["1225789"], "https://registry.gdi-de.org/up3/ontology/richtung": ["https://registry.gdi-de.org/codelist/de.bund.balm.radnetz/Richtung/3"], "https://registry.gdi-de.org/up3/ontology/steigung": ["0.3166439"], "https://registry.gdi-de.org/up3/ontology/strecken-ID": ["Section_Wuppertal_1225789_505_left"]}, "geometry": {"type": "LineString", "coordinates": [[7.2340490174, 51.2607345285, 168.18], [7.2343954687, 51.2611777614, 0.0], [7.2355819375, 51.2621450011, 0.0], [7.2360246407, 51.2626256943, 0.0], [7.236263374, 51.2629652973, 169.11]]}}, {"type": "Feature", "id": "https://registry.gdi-de.org/de.nw/radnetz/instances/Section_Wuppertal_1226332_1070_left", "name": "", "dateprops": [], "properties": {"http://rdfs.org/ns/void#inDataset": ["https://registry.gdi-de.org/de.nw/radnetz/instances/exnw_dataset"], "http://www.opengis.net/ont/geosparql#hasGeometry": ["https://registry.gdi-de.org/de.nw/radnetz/instances/Section_Wuppertal_1226332_1070_left_geometry"], "http://www.w3.org/1999/02/22-rdf-syntax-ns#type": ["https://registry.gdi-de.org/up3/ontology/Streckenabschnitt_optional"], "https://registry.gdi-de.org/up3/ontology/beginntBeiKnoten": ["https://registry.gdi-de.org/de.nw/radnetz/instances/Knoten_Wuppertal_112170101"], "https://registry.gdi-de.org/up3/ontology/endetBeiKnoten": ["https://registry.gdi-de.org/de.nw/radnetz/instances/Knoten_Wuppertal_6080"], "https://registry.gdi-de.org/up3/ontology/geometrieAbschnitt": ["https://registry.gdi-de.org/de.nw/radnetz/instances/Section_Wuppertal_1226332_1070_left_geometry"], "https://registry.gdi-de.org/up3/ontology/licht": ["https://registry.gdi-de.org/codelist/de.bund.balm.radnetz/Licht/1"], "https://registry.gdi-de.org/up3/ontology/quell-ID": ["1226332"], "https://registry.gdi-de.org/up3/ontology/richtung": ["https://registry.gdi-de.org/codelist/de.bund.balm.radnetz/Richtung/3"], "https://registry.gdi-de.org/up3/ontology/steigung": ["0.5079275"], "https://registry.gdi-de.org/up3/ontology/strecken-ID": ["Section_Wuppertal_1226332_1070_left"]}, "geometry": {"type": "LineString", "coordinates": [[7.162572337, 51.278130267, 0.0], [7.1629082118, 51.2775623394, 0.0], [7.1631227723, 51.2771635797, 0.0]]}}, {"type": "Feature", "id": "https://registry.gdi-de.org/de.nw/radnetz/instances/Section_Wuppertal_1223751_387_left", "name": "", "dateprops": [], "properties": {"http://rdfs.org/ns/void#inDataset": ["https://registry.gdi-de.org/de.nw/radnetz/instances/exnw_dataset"], "http://www.opengis.net/ont/geosparql#hasGeometry": ["https://registry.gdi-de.org/de.nw/radnetz/instances/Section_Wuppertal_1223751_387_left_geometry"], "http://www.w3.org/1999/02/22-rdf-syntax-ns#type": ["https://registry.gdi-de.org/up3/ontology/Streckenabschnitt_optional"], "https://registry.gdi-de.org/up3/ontology/beginntBeiKnoten": ["https://registry.gdi-de.org/de.nw/radnetz/instances/Knoten_Wuppertal_113040401"], "https://registry.gdi-de.org/up3/ontology/endetBeiKnoten": ["https://registry.gdi-de.org/de.nw/radnetz/instances/Knoten_Wuppertal_2906"], "https://registry.gdi-de.org/up3/ontology/geometrieAbschnitt": ["https://registry.gdi-de.org/de.nw/radnetz/instances/Section_Wuppertal_1223751_387_left_geometry"], "https://registry.gdi-de.org/up3/ontology/licht": ["https://registry.gdi-de.org/codelist/de.bund.balm.radnetz/Licht/1"], "https://registry.gdi-de.org/up3/ontology/quell-ID": ["1223751"], "https://registry.gdi-de.org/up3/ontology/richtung": ["https://registry.gdi-de.org/codelist/de.bund.balm.radnetz/Richtung/3"], "https://registry.gdi-de.org/up3/ontology/steigung": ["1.523432"], "https://registry.gdi-de.org/up3/ontology/strecken-ID": ["Section_Wuppertal_1223751_387_left"]}, "geometry": {"type": "LineString", "coordinates": [[7.0876053572, 51.2361008896, 137.39], [7.0858930198, 51.2354049473, 139.56]]}}, {"type": "Feature", "id": "https://registry.gdi-de.org/de.nw/radnetz/instances/Section_Wuppertal_1228039_689_left", "name": "", "dateprops": [], "properties": {"http://rdfs.org/ns/void#inDataset": ["https://registry.gdi-de.org/de.nw/radnetz/instances/exnw_dataset"], "http://www.opengis.net/ont/geosparql#hasGeometry": ["https://registry.gdi-de.org/de.nw/radnetz/instances/Section_Wuppertal_1228039_689_left_geometry"], "http://www.w3.org/1999/02/22-rdf-syntax-ns#type": ["https://registry.gdi-de.org/up3/ontology/Streckenabschnitt_optional"], "https://registry.gdi-de.org/up3/ontology/beginntBeiKnoten": ["https://registry.gdi-de.org/de.nw/radnetz/instances/Knoten_Wuppertal_3011"], "https://registry.gdi-de.org/up3/ontology/endetBeiKnoten": ["https://registry.gdi-de.org/de.nw/radnetz/instances/Knoten_Wuppertal_1189690395"], "https://registry.gdi-de.org/up3/ontology/geometrieAbschnitt": ["https://registry.gdi-de.org/de.nw/radnetz/instances/Section_Wuppertal_1228039_689_left_geometry"], "https://registry.gdi-de.org/up3/ontology/licht": ["https://registry.gdi-de.org/codelist/de.bund.balm.radnetz/Licht/1"], "https://registry.gdi-de.org/up3/ontology/quell-ID": ["1228039"], "https://registry.gdi-de.org/up3/ontology/richtung": ["https://registry.gdi-de.org/codelist/de.bund.balm.radnetz/Richtung/3"], "https://registry.gdi-de.org/up3/ontology/steigung": ["1.965496"], "https://registry.gdi-de.org/up3/ontology/strecken-ID": ["Section_Wuppertal_1228039_689_left"]}, "geometry": {"type": "LineString", "coordinates": [[7.0911402458, 51.2374953702, 132.46], [7.0912123652, 51.2380514987, 0.0], [7.0913218518, 51.2384945102, 134.66]]}}, {"type": "Feature", "id": "https://registry.gdi-de.org/de.nw/radnetz/instances/Section_Wuppertal_1224300_413_left", "name": "", "dateprops": [], "properties": {"http://rdfs.org/ns/void#inDataset": ["https://registry.gdi-de.org/de.nw/radnetz/instances/exnw_dataset"], "http://www.opengis.net/ont/geosparql#hasGeometry": ["https://registry.gdi-de.org/de.nw/radnetz/instances/Section_Wuppertal_1224300_413_left_geometry"], "http://www.w3.org/1999/02/22-rdf-syntax-ns#type": ["https://registry.gdi-de.org/up3/ontology/Streckenabschnitt_optional"], "https://registry.gdi-de.org/up3/ontology/beginntBeiKnoten": ["https://registry.gdi-de.org/de.nw/radnetz/instances/Knoten_Wuppertal_4219"], "https://registry.gdi-de.org/up3/ontology/endetBeiKnoten": ["https://registry.gdi-de.org/de.nw/radnetz/instances/Knoten_Wuppertal_114220102"], "https://registry.gdi-de.org/up3/ontology/geometrieAbschnitt": ["https://registry.gdi-de.org/de.nw/radnetz/instances/Section_Wuppertal_1224300_413_left_geometry"], "https://registry.gdi-de.org/up3/ontology/licht": ["https://registry.gdi-de.org/codelist/de.bund.balm.radnetz/Licht/1"], "https://registry.gdi-de.org/up3/ontology/quell-ID": ["1224300"], "https://registry.gdi-de.org/up3/ontology/richtung": ["https://registry.gdi-de.org/codelist/de.bund.balm.radnetz/Richtung/3"], "https://registry.gdi-de.org/up3/ontology/steigung": ["0.2524146"], "https://registry.gdi-de.org/up3/ontology/strecken-ID": ["Section_Wuppertal_1224300_413_left"]}, "geometry": {"type": "LineString", "coordinates": [[7.1311938991, 51.197914102, 259.87], [7.1312117853, 51.1970949824, 260.1]]}}, {"type": "Feature", "id": "https://registry.gdi-de.org/de.nw/radnetz/instances/Section_Wuppertal_1228346_702_left", "name": "", "dateprops": [], "properties": {"http://rdfs.org/ns/void#inDataset": ["https://registry.gdi-de.org/de.nw/radnetz/instances/exnw_dataset"], "http://www.opengis.net/ont/geosparql#hasGeometry": ["https://registry.gdi-de.org/de.nw/radnetz/instances/Section_Wuppertal_1228346_702_left_geometry"], "http://www.w3.org/1999/02/22-rdf-syntax-ns#type": ["https://registry.gdi-de.org/up3/ontology/Streckenabschnitt_optional"], "https://registry.gdi-de.org/up3/ontology/beginntBeiKnoten": ["https://registry.gdi-de.org/de.nw/radnetz/instances/Knoten_Wuppertal_3042"], "https://registry.gdi-de.org/up3/ontology/endetBeiKnoten": ["https://registry.gdi-de.org/de.nw/radnetz/instances/Knoten_Wuppertal_1189690547"], "https://registry.gdi-de.org/up3/ontology/geometrieAbschnitt": ["https://registry.gdi-de.org/de.nw/radnetz/instances/Section_Wuppertal_1228346_702_left_geometry"], "https://registry.gdi-de.org/up3/ontology/licht": ["https://registry.gdi-de.org/codelist/de.bund.balm.radnetz/Licht/1"], "https://registry.gdi-de.org/up3/ontology/quell-ID": ["1228346"], "https://registry.gdi-de.org/up3/ontology/richtung": ["https://registry.gdi-de.org/codelist/de.bund.balm.radnetz/Richtung/3"], "https://registry.gdi-de.org/up3/ontology/steigung": ["2.670051"], "https://registry.gdi-de.org/up3/ontology/strecken-ID": ["Section_Wuppertal_1228346_702_left"]}, "geometry": {"type": "LineString", "coordinates": [[7.09255925, 51.2394459434, 134.31], [7.0925642644, 51.239578924, 0.0], [7.0925434448, 51.2398671144, 0.0], [7.0925441389, 51.2405385006, 0.0], [7.0925638255, 51.2407630481, 0.0], [7.0925390409, 51.2409250811, 0.0], [7.0925114295, 51.2415725686, 0.0], [7.0923056143, 51.2419520341, 0.0], [7.0914663573, 51.2427958475, 0.0], [7.0909529805, 51.2434927936, 0.0], [7.0903698742, 51.2449157743, 151.42]]}}, {"type": "Feature", "id": "https://registry.gdi-de.org/de.nw/radnetz/instances/Section_Wuppertal_3764_92_left", "name": "", "dateprops": [], "properties": {"http://rdfs.org/ns/void#inDataset": ["https://registry.gdi-de.org/de.nw/radnetz/instances/exnw_dataset"], "http://www.opengis.net/ont/geosparql#hasGeometry": ["https://registry.gdi-de.org/de.nw/radnetz/instances/Section_Wuppertal_3764_92_left_geometry"], "http://www.w3.org/1999/02/22-rdf-syntax-ns#type": ["https://registry.gdi-de.org/up3/ontology/Streckenabschnitt_optional"], "https://registry.gdi-de.org/up3/ontology/beginntBeiKnoten": ["https://registry.gdi-de.org/de.nw/radnetz/instances/Knoten_Wuppertal_4496"], "https://registry.gdi-de.org/up3/ontology/endetBeiKnoten": ["https://registry.gdi-de.org/de.nw/radnetz/instances/Knoten_Wuppertal_4517"], "https://registry.gdi-de.org/up3/ontology/geometrieAbschnitt": ["https://registry.gdi-de.org/de.nw/radnetz/instances/Section_Wuppertal_3764_92_left_geometry"], "https://registry.gdi-de.org/up3/ontology/licht": ["https://registry.gdi-de.org/codelist/de.bund.balm.radnetz/Licht/1"], "https://registry.gdi-de.org/up3/ontology/quell-ID": ["3764"], "https://registry.gdi-de.org/up3/ontology/richtung": ["https://registry.gdi-de.org/codelist/de.bund.balm.radnetz/Richtung/3"], "https://registry.gdi-de.org/up3/ontology/steigung": ["1.288055"], "https://registry.gdi-de.org/up3/ontology/strecken-ID": ["Section_Wuppertal_3764_92_left"]}, "geometry": {"type": "LineString", "coordinates": [[7.1338773416, 51.2529724208, 141.95], [7.1342185532, 51.2530572951, 142.28]]}}, {"type": "Feature", "id": "https://registry.gdi-de.org/de.nw/radnetz/instances/Section_Wuppertal_1224365_414_left", "name": "", "dateprops": [], "properties": {"http://rdfs.org/ns/void#inDataset": ["https://registry.gdi-de.org/de.nw/radnetz/instances/exnw_dataset"], "http://www.opengis.net/ont/geosparql#hasGeometry": ["https://registry.gdi-de.org/de.nw/radnetz/instances/Section_Wuppertal_1224365_414_left_geometry"], "http://www.w3.org/1999/02/22-rdf-syntax-ns#type": ["https://registry.gdi-de.org/up3/ontology/Streckenabschnitt_optional"], "https://registry.gdi-de.org/up3/ontology/beginntBeiKnoten": ["https://registry.gdi-de.org/de.nw/radnetz/instances/Knoten_Wuppertal_4339"], "https://registry.gdi-de.org/up3/ontology/endetBeiKnoten": ["https://registry.gdi-de.org/de.nw/radnetz/instances/Knoten_Wuppertal_118160101"], "https://registry.gdi-de.org/up3/ontology/geometrieAbschnitt": ["https://registry.gdi-de.org/de.nw/radnetz/instances/Section_Wuppertal_1224365_414_left_geometry"], "https://registry.gdi-de.org/up3/ontology/licht": ["https://registry.gdi-de.org/codelist/de.bund.balm.radnetz/Licht/0"], "https://registry.gdi-de.org/up3/ontology/quell-ID": ["1224365"], "https://registry.gdi-de.org/up3/ontology/richtung": ["https://registry.gdi-de.org/codelist/de.bund.balm.radnetz/Richtung/3"], "https://registry.gdi-de.org/up3/ontology/steigung": ["6.060434"], "https://registry.gdi-de.org/up3/ontology/strecken-ID": ["Section_Wuppertal_1224365_414_left"]}, "geometry": {"type": "LineString", "coordinates": [[7.1288274524, 51.3042775893, 224.14], [7.1291065766, 51.3043269418, 0.0], [7.1308343806, 51.3052819983, 0.0], [7.1314766546, 51.3056523423, 0.0], [7.1318578285, 51.3059902245, 0.0], [7.1325283639, 51.306250657, 244.91]]}}, {"type": "Feature", "id": "https://registry.gdi-de.org/de.nw/radnetz/instances/Section_Wuppertal_399_9_left", "name": "", "dateprops": [], "properties": {"http://rdfs.org/ns/void#inDataset": ["https://registry.gdi-de.org/de.nw/radnetz/instances/exnw_dataset"], "http://www.opengis.net/ont/geosparql#hasGeometry": ["https://registry.gdi-de.org/de.nw/radnetz/instances/Section_Wuppertal_399_9_left_geometry"], "http://www.w3.org/1999/02/22-rdf-syntax-ns#type": ["https://registry.gdi-de.org/up3/ontology/Streckenabschnitt_optional"], "https://registry.gdi-de.org/up3/ontology/beginntBeiKnoten": ["https://registry.gdi-de.org/de.nw/radnetz/instances/Knoten_Wuppertal_3744"], "https://registry.gdi-de.org/up3/ontology/endetBeiKnoten": ["https://registry.gdi-de.org/de.nw/radnetz/instances/Knoten_Wuppertal_3722"], "https://registry.gdi-de.org/up3/ontology/geometrieAbschnitt": ["https://registry.gdi-de.org/de.nw/radnetz/instances/Section_Wuppertal_399_9_left_geometry"], "https://registry.gdi-de.org/up3/ontology/licht": ["https://registry.gdi-de.org/codelist/de.bund.balm.radnetz/Licht/1"], "https://registry.gdi-de.org/up3/ontology/quell-ID": ["399"], "https://registry.gdi-de.org/up3/ontology/richtung": ["https://registry.gdi-de.org/codelist/de.bund.balm.radnetz/Richtung/3"], "https://registry.gdi-de.org/up3/ontology/steigung": ["1.644791"], "https://registry.gdi-de.org/up3/ontology/strecken-ID": ["Section_Wuppertal_399_9_left"]}, "geometry": {"type": "LineString", "coordinates": [[7.1180356055, 51.2614595043, 210.29], [7.117421336, 51.2619220815, 0.0], [7.1171755322, 51.262033843, 211.74]]}}, {"type": "Feature", "id": "https://registry.gdi-de.org/de.nw/radnetz/instances/Section_Wuppertal_1228471_712_left", "name": "", "dateprops": [], "properties": {"http://rdfs.org/ns/void#inDataset": ["https://registry.gdi-de.org/de.nw/radnetz/instances/exnw_dataset"], "http://www.opengis.net/ont/geosparql#hasGeometry": ["https://registry.gdi-de.org/de.nw/radnetz/instances/Section_Wuppertal_1228471_712_left_geometry"], "http://www.w3.org/1999/02/22-rdf-syntax-ns#type": ["https://registry.gdi-de.org/up3/ontology/Streckenabschnitt_optional"], "https://registry.gdi-de.org/up3/ontology/beginntBeiKnoten": ["https://registry.gdi-de.org/de.nw/radnetz/instances/Knoten_Wuppertal_4662"], "https://registry.gdi-de.org/up3/ontology/endetBeiKnoten": ["https://registry.gdi-de.org/de.nw/radnetz/instances/Knoten_Wuppertal_1189690604"], "https://registry.gdi-de.org/up3/ontology/fuehrung": ["https://registry.gdi-de.org/codelist/de.bund.balm.radnetz/Fuehrung/405"], "https://registry.gdi-de.org/up3/ontology/geometrieAbschnitt": ["https://registry.gdi-de.org/de.nw/radnetz/instances/Section_Wuppertal_1228471_712_left_geometry"], "https://registry.gdi-de.org/up3/ontology/licht": ["https://registry.gdi-de.org/codelist/de.bund.balm.radnetz/Licht/1"], "https://registry.gdi-de.org/up3/ontology/quell-ID": ["1228471"], "https://registry.gdi-de.org/up3/ontology/richtung": ["https://registry.gdi-de.org/codelist/de.bund.balm.radnetz/Richtung/3"], "https://registry.gdi-de.org/up3/ontology/steigung": ["0.6551581"], "https://registry.gdi-de.org/up3/ontology/strecken-ID": ["Section_Wuppertal_1228471_712_left"]}, "geometry": {"type": "LineString", "coordinates": [[7.1395492266, 51.2104645175, 298.2], [7.1384656676, 51.2098670056, 298.86]]}}, {"type": "Feature", "id": "https://registry.gdi-de.org/de.nw/radnetz/instances/Section_Wuppertal_1224765_429_left", "name": "", "dateprops": [], "properties": {"http://rdfs.org/ns/void#inDataset": ["https://registry.gdi-de.org/de.nw/radnetz/instances/exnw_dataset"], "http://www.opengis.net/ont/geosparql#hasGeometry": ["https://registry.gdi-de.org/de.nw/radnetz/instances/Section_Wuppertal_1224765_429_left_geometry"], "http://www.w3.org/1999/02/22-rdf-syntax-ns#type": ["https://registry.gdi-de.org/up3/ontology/Streckenabschnitt_optional"], "https://registry.gdi-de.org/up3/ontology/beginntBeiKnoten": ["https://registry.gdi-de.org/de.nw/radnetz/instances/Knoten_Wuppertal_8700"], "https://registry.gdi-de.org/up3/ontology/endetBeiKnoten": ["https://registry.gdi-de.org/de.nw/radnetz/instances/Knoten_Wuppertal_115530102"], "https://registry.gdi-de.org/up3/ontology/geometrieAbschnitt": ["https://registry.gdi-de.org/de.nw/radnetz/instances/Section_Wuppertal_1224765_429_left_geometry"], "https://registry.gdi-de.org/up3/ontology/licht": ["https://registry.gdi-de.org/codelist/de.bund.balm.radnetz/Licht/0"], "https://registry.gdi-de.org/up3/ontology/quell-ID": ["1224765"], "https://registry.gdi-de.org/up3/ontology/richtung": ["https://registry.gdi-de.org/codelist/de.bund.balm.radnetz/Richtung/3"], "https://registry.gdi-de.org/up3/ontology/steigung": ["5.081537"], "https://registry.gdi-de.org/up3/ontology/strecken-ID": ["Section_Wuppertal_1224765_429_left"]}, "geometry": {"type": "LineString", "coordinates": [[7.2290843431, 51.2435828949, 259.5], [7.2292747788, 51.2434831309, 260.38]]}}, {"type": "Feature", "id": "https://registry.gdi-de.org/de.nw/radnetz/instances/Section_Wuppertal_1227807_685_left", "name": "", "dateprops": [], "properties": {"http://rdfs.org/ns/void#inDataset": ["https://registry.gdi-de.org/de.nw/radnetz/instances/exnw_dataset"], "http://www.opengis.net/ont/geosparql#hasGeometry": ["https://registry.gdi-de.org/de.nw/radnetz/instances/Section_Wuppertal_1227807_685_left_geometry"], "http://www.w3.org/1999/02/22-rdf-syntax-ns#type": ["https://registry.gdi-de.org/up3/ontology/Streckenabschnitt_optional"], "https://registry.gdi-de.org/up3/ontology/beginntBeiKnoten": ["https://registry.gdi-de.org/de.nw/radnetz/instances/Knoten_Wuppertal_5165"], "https://registry.gdi-de.org/up3/ontology/endetBeiKnoten": ["https://registry.gdi-de.org/de.nw/radnetz/instances/Knoten_Wuppertal_1189690279"], "https://registry.gdi-de.org/up3/ontology/geometrieAbschnitt": ["https://registry.gdi-de.org/de.nw/radnetz/instances/Section_Wuppertal_1227807_685_left_geometry"], "https://registry.gdi-de.org/up3/ontology/licht": ["https://registry.gdi-de.org/codelist/de.bund.balm.radnetz/Licht/1"], "https://registry.gdi-de.org/up3/ontology/quell-ID": ["1227807"], "https://registry.gdi-de.org/up3/ontology/richtung": ["https://registry.gdi-de.org/codelist/de.bund.balm.radnetz/Richtung/3"], "https://registry.gdi-de.org/up3/ontology/steigung": ["1.010887"], "https://registry.gdi-de.org/up3/ontology/strecken-ID": ["Section_Wuppertal_1227807_685_left"]}, "geometry": {"type": "LineString", "coordinates": [[7.1463979484, 51.2581898517, 144.35], [7.1461698614, 51.2584254918, 144.66]]}}, {"type": "Feature", "id": "https://registry.gdi-de.org/de.nw/radnetz/instances/Section_Wuppertal_9784_202_left", "name": "", "dateprops": [], "properties": {"http://rdfs.org/ns/void#inDataset": ["https://registry.gdi-de.org/de.nw/radnetz/instances/exnw_dataset"], "http://www.opengis.net/ont/geosparql#hasGeometry": ["https://registry.gdi-de.org/de.nw/radnetz/instances/Section_Wuppertal_9784_202_left_geometry"], "http://www.w3.org/1999/02/22-rdf-syntax-ns#type": ["https://registry.gdi-de.org/up3/ontology/Streckenabschnitt_optional"], "https://registry.gdi-de.org/up3/ontology/beginntBeiKnoten": ["https://registry.gdi-de.org/de.nw/radnetz/instances/Knoten_Wuppertal_2727"], "https://registry.gdi-de.org/up3/ontology/endetBeiKnoten": ["https://registry.gdi-de.org/de.nw/radnetz/instances/Knoten_Wuppertal_2775"], "https://registry.gdi-de.org/up3/ontology/geometrieAbschnitt": ["https://registry.gdi-de.org/de.nw/radnetz/instances/Section_Wuppertal_9784_202_left_geometry"], "https://registry.gdi-de.org/up3/ontology/licht": ["https://registry.gdi-de.org/codelist/de.bund.balm.radnetz/Licht/0"], "https://registry.gdi-de.org/up3/ontology/quell-ID": ["9784"], "https://registry.gdi-de.org/up3/ontology/richtung": ["https://registry.gdi-de.org/codelist/de.bund.balm.radnetz/Richtung/3"], "https://registry.gdi-de.org/up3/ontology/steigung": ["2.828963"], "https://registry.gdi-de.org/up3/ontology/strecken-ID": ["Section_Wuppertal_9784_202_left"]}, "geometry": {"type": "LineString", "coordinates": [[7.0734837163, 51.2797580245, 167.48], [7.0760755558, 51.2802453306, 172.82]]}}, {"type": "Feature", "id": "https://registry.gdi-de.org/de.nw/radnetz/instances/Section_Wuppertal_1226511_588_left", "name": "", "dateprops": [], "properties": {"http://rdfs.org/ns/void#inDataset": ["https://registry.gdi-de.org/de.nw/radnetz/instances/exnw_dataset"], "http://www.opengis.net/ont/geosparql#hasGeometry": ["https://registry.gdi-de.org/de.nw/radnetz/instances/Section_Wuppertal_1226511_588_left_geometry"], "http://www.w3.org/1999/02/22-rdf-syntax-ns#type": ["https://registry.gdi-de.org/up3/ontology/Streckenabschnitt_optional"], "https://registry.gdi-de.org/up3/ontology/beginntBeiKnoten": ["https://registry.gdi-de.org/de.nw/radnetz/instances/Knoten_Wuppertal_114570101"], "https://registry.gdi-de.org/up3/ontology/endetBeiKnoten": ["https://registry.gdi-de.org/de.nw/radnetz/instances/Knoten_Wuppertal_2604"], "https://registry.gdi-de.org/up3/ontology/fuehrung": ["https://registry.gdi-de.org/codelist/de.bund.balm.radnetz/Fuehrung/405"], "https://registry.gdi-de.org/up3/ontology/geometrieAbschnitt": ["https://registry.gdi-de.org/de.nw/radnetz/instances/Section_Wuppertal_1226511_588_left_geometry"], "https://registry.gdi-de.org/up3/ontology/licht": ["https://registry.gdi-de.org/codelist/de.bund.balm.radnetz/Licht/1"], "https://registry.gdi-de.org/up3/ontology/quell-ID": ["1226511"], "https://registry.gdi-de.org/up3/ontology/richtung": ["https://registry.gdi-de.org/codelist/de.bund.balm.radnetz/Richtung/3"], "https://registry.gdi-de.org/up3/ontology/steigung": ["0.5116599"], "https://registry.gdi-de.org/up3/ontology/strecken-ID": ["Section_Wuppertal_1226511_588_left"]}, "geometry": {"type": "LineString", "coordinates": [[7.0705662165, 51.2476785322, 198.63], [7.0704886165, 51.2472326667, 0.0], [7.070604115, 51.2468266504, 199.12]]}}, {"type": "Feature", "id": "https://registry.gdi-de.org/de.nw/radnetz/instances/Section_Wuppertal_1226957_653_left", "name": "", "dateprops": [], "properties": {"http://rdfs.org/ns/void#inDataset": ["https://registry.gdi-de.org/de.nw/radnetz/instances/exnw_dataset"], "http://www.opengis.net/ont/geosparql#hasGeometry": ["https://registry.gdi-de.org/de.nw/radnetz/instances/Section_Wuppertal_1226957_653_left_geometry"], "http://www.w3.org/1999/02/22-rdf-syntax-ns#type": ["https://registry.gdi-de.org/up3/ontology/Streckenabschnitt_optional"], "https://registry.gdi-de.org/up3/ontology/beginntBeiKnoten": ["https://registry.gdi-de.org/de.nw/radnetz/instances/Knoten_Wuppertal_115520101"], "https://registry.gdi-de.org/up3/ontology/endetBeiKnoten": ["https://registry.gdi-de.org/de.nw/radnetz/instances/Knoten_Wuppertal_8659"], "https://registry.gdi-de.org/up3/ontology/geometrieAbschnitt": ["https://registry.gdi-de.org/de.nw/radnetz/instances/Section_Wuppertal_1226957_653_left_geometry"], "https://registry.gdi-de.org/up3/ontology/licht": ["https://registry.gdi-de.org/codelist/de.bund.balm.radnetz/Licht/1"], "https://registry.gdi-de.org/up3/ontology/quell-ID": ["1226957"], "https://registry.gdi-de.org/up3/ontology/richtung": ["https://registry.gdi-de.org/codelist/de.bund.balm.radnetz/Richtung/3"], "https://registry.gdi-de.org/up3/ontology/steigung": ["5.864241"], "https://registry.gdi-de.org/up3/ontology/strecken-ID": ["Section_Wuppertal_1226957_653_left"]}, "geometry": {"type": "LineString", "coordinates": [[7.2270304056, 51.2531111702, 195.27], [7.2268223725, 51.2529312431, 196.72]]}}, {"type": "Feature", "id": "https://registry.gdi-de.org/de.nw/radnetz/instances/Section_Wuppertal_1222996_1016_left", "name": "", "dateprops": [], "properties": {"http://rdfs.org/ns/void#inDataset": ["https://registry.gdi-de.org/de.nw/radnetz/instances/exnw_dataset"], "http://www.opengis.net/ont/geosparql#hasGeometry": ["https://registry.gdi-de.org/de.nw/radnetz/instances/Section_Wuppertal_1222996_1016_left_geometry"], "http://www.w3.org/1999/02/22-rdf-syntax-ns#type": ["https://registry.gdi-de.org/up3/ontology/Streckenabschnitt_optional"], "https://registry.gdi-de.org/up3/ontology/beginntBeiKnoten": ["https://registry.gdi-de.org/de.nw/radnetz/instances/Knoten_Wuppertal_2920"], "https://registry.gdi-de.org/up3/ontology/endetBeiKnoten": ["https://registry.gdi-de.org/de.nw/radnetz/instances/Knoten_Wuppertal_60219"], "https://registry.gdi-de.org/up3/ontology/geometrieAbschnitt": ["https://registry.gdi-de.org/de.nw/radnetz/instances/Section_Wuppertal_1222996_1016_left_geometry"], "https://registry.gdi-de.org/up3/ontology/licht": ["https://registry.gdi-de.org/codelist/de.bund.balm.radnetz/Licht/1"], "https://registry.gdi-de.org/up3/ontology/quell-ID": ["1222996"], "https://registry.gdi-de.org/up3/ontology/richtung": ["https://registry.gdi-de.org/codelist/de.bund.balm.radnetz/Richtung/3"], "https://registry.gdi-de.org/up3/ontology/steigung": ["6.976183"], "https://registry.gdi-de.org/up3/ontology/strecken-ID": ["Section_Wuppertal_1222996_1016_left"]}, "geometry": {"type": "LineString", "coordinates": [[7.0858864654, 51.2465912808, 0.0], [7.084871394, 51.2461294568, 0.0], [7.0843933146, 51.2458484557, 0.0], [7.0840267301, 51.2455349314, 0.0], [7.0836234805, 51.2451873633, 0.0]]}}, {"type": "Feature", "id": "https://registry.gdi-de.org/de.nw/radnetz/instances/Section_Wuppertal_1228451_710_left", "name": "", "dateprops": [], "properties": {"http://rdfs.org/ns/void#inDataset": ["https://registry.gdi-de.org/de.nw/radnetz/instances/exnw_dataset"], "http://www.opengis.net/ont/geosparql#hasGeometry": ["https://registry.gdi-de.org/de.nw/radnetz/instances/Section_Wuppertal_1228451_710_left_geometry"], "http://www.w3.org/1999/02/22-rdf-syntax-ns#type": ["https://registry.gdi-de.org/up3/ontology/Streckenabschnitt_optional"], "https://registry.gdi-de.org/up3/ontology/beginntBeiKnoten": ["https://registry.gdi-de.org/de.nw/radnetz/instances/Knoten_Wuppertal_1189690594"], "https://registry.gdi-de.org/up3/ontology/endetBeiKnoten": ["https://registry.gdi-de.org/de.nw/radnetz/instances/Knoten_Wuppertal_4992"], "https://registry.gdi-de.org/up3/ontology/geometrieAbschnitt": ["https://registry.gdi-de.org/de.nw/radnetz/instances/Section_Wuppertal_1228451_710_left_geometry"], "https://registry.gdi-de.org/up3/ontology/licht": ["https://registry.gdi-de.org/codelist/de.bund.balm.radnetz/Licht/1"], "https://registry.gdi-de.org/up3/ontology/quell-ID": ["1228451"], "https://registry.gdi-de.org/up3/ontology/richtung": ["https://registry.gdi-de.org/codelist/de.bund.balm.radnetz/Richtung/3"], "https://registry.gdi-de.org/up3/ontology/steigung": ["1.96968"], "https://registry.gdi-de.org/up3/ontology/strecken-ID": ["Section_Wuppertal_1228451_710_left"]}, "geometry": {"type": "LineString", "coordinates": [[7.144612693, 51.2288609195, 325.16], [7.1446088971, 51.2288671204, 0.0], [7.1448329223, 51.2298177683, 327.28]]}}, {"type": "Feature", "id": "https://registry.gdi-de.org/de.nw/radnetz/instances/Section_Wuppertal_1223808_391_left", "name": "", "dateprops": [], "properties": {"http://rdfs.org/ns/void#inDataset": ["https://registry.gdi-de.org/de.nw/radnetz/instances/exnw_dataset"], "http://www.opengis.net/ont/geosparql#hasGeometry": ["https://registry.gdi-de.org/de.nw/radnetz/instances/Section_Wuppertal_1223808_391_left_geometry"], "http://www.w3.org/1999/02/22-rdf-syntax-ns#type": ["https://registry.gdi-de.org/up3/ontology/Streckenabschnitt_optional"], "https://registry.gdi-de.org/up3/ontology/beginntBeiKnoten": ["https://registry.gdi-de.org/de.nw/radnetz/instances/Knoten_Wuppertal_112200101"], "https://registry.gdi-de.org/up3/ontology/endetBeiKnoten": ["https://registry.gdi-de.org/de.nw/radnetz/instances/Knoten_Wuppertal_5149"], "https://registry.gdi-de.org/up3/ontology/geometrieAbschnitt": ["https://registry.gdi-de.org/de.nw/radnetz/instances/Section_Wuppertal_1223808_391_left_geometry"], "https://registry.gdi-de.org/up3/ontology/licht": ["https://registry.gdi-de.org/codelist/de.bund.balm.radnetz/Licht/1"], "https://registry.gdi-de.org/up3/ontology/quell-ID": ["1223808"], "https://registry.gdi-de.org/up3/ontology/richtung": ["https://registry.gdi-de.org/codelist/de.bund.balm.radnetz/Richtung/3"], "https://registry.gdi-de.org/up3/ontology/steigung": ["0.5155069"], "https://registry.gdi-de.org/up3/ontology/strecken-ID": ["Section_Wuppertal_1223808_391_left"]}, "geometry": {"type": "LineString", "coordinates": [[7.1461643868, 51.2575443799, 143.57], [7.14616608, 51.2576315716, 143.62]]}}, {"type": "Feature", "id": "https://registry.gdi-de.org/de.nw/radnetz/instances/Section_Wuppertal_1229801_1008_left", "name": "", "dateprops": [], "properties": {"http://rdfs.org/ns/void#inDataset": ["https://registry.gdi-de.org/de.nw/radnetz/instances/exnw_dataset"], "http://www.opengis.net/ont/geosparql#hasGeometry": ["https://registry.gdi-de.org/de.nw/radnetz/instances/Section_Wuppertal_1229801_1008_left_geometry"], "http://www.w3.org/1999/02/22-rdf-syntax-ns#type": ["https://registry.gdi-de.org/up3/ontology/Streckenabschnitt_optional"], "https://registry.gdi-de.org/up3/ontology/beginntBeiKnoten": ["https://registry.gdi-de.org/de.nw/radnetz/instances/Knoten_Wuppertal_114320101"], "https://registry.gdi-de.org/up3/ontology/endetBeiKnoten": ["https://registry.gdi-de.org/de.nw/radnetz/instances/Knoten_Wuppertal_1189691245"], "https://registry.gdi-de.org/up3/ontology/geometrieAbschnitt": ["https://registry.gdi-de.org/de.nw/radnetz/instances/Section_Wuppertal_1229801_1008_left_geometry"], "https://registry.gdi-de.org/up3/ontology/licht": ["https://registry.gdi-de.org/codelist/de.bund.balm.radnetz/Licht/1"], "https://registry.gdi-de.org/up3/ontology/quell-ID": ["1229801"], "https://registry.gdi-de.org/up3/ontology/richtung": ["https://registry.gdi-de.org/codelist/de.bund.balm.radnetz/Richtung/3"], "https://registry.gdi-de.org/up3/ontology/steigung": ["0.1596626"], "https://registry.gdi-de.org/up3/ontology/strecken-ID": ["Section_Wuppertal_1229801_1008_left"]}, "geometry": {"type": "LineString", "coordinates": [[7.109545362, 51.1939388161, 0.0], [7.1092733967, 51.1942411476, 0.0], [7.1091604873, 51.1943051413, 0.0], [7.1084353332, 51.1950850637, 0.0], [7.1081186764, 51.1956004204, 0.0], [7.1080312034, 51.1958352537, 0.0]]}}, {"type": "Feature", "id": "https://registry.gdi-de.org/de.nw/radnetz/instances/Section_Wuppertal_1224865_435_left", "name": "", "dateprops": [], "properties": {"http://rdfs.org/ns/void#inDataset": ["https://registry.gdi-de.org/de.nw/radnetz/instances/exnw_dataset"], "http://www.opengis.net/ont/geosparql#hasGeometry": ["https://registry.gdi-de.org/de.nw/radnetz/instances/Section_Wuppertal_1224865_435_left_geometry"], "http://www.w3.org/1999/02/22-rdf-syntax-ns#type": ["https://registry.gdi-de.org/up3/ontology/Streckenabschnitt_optional"], "https://registry.gdi-de.org/up3/ontology/beginntBeiKnoten": ["https://registry.gdi-de.org/de.nw/radnetz/instances/Knoten_Wuppertal_9704"], "https://registry.gdi-de.org/up3/ontology/endetBeiKnoten": ["https://registry.gdi-de.org/de.nw/radnetz/instances/Knoten_Wuppertal_116960101"], "https://registry.gdi-de.org/up3/ontology/geometrieAbschnitt": ["https://registry.gdi-de.org/de.nw/radnetz/instances/Section_Wuppertal_1224865_435_left_geometry"], "https://registry.gdi-de.org/up3/ontology/licht": ["https://registry.gdi-de.org/codelist/de.bund.balm.radnetz/Licht/1"], "https://registry.gdi-de.org/up3/ontology/quell-ID": ["1224865"], "https://registry.gdi-de.org/up3/ontology/richtung": ["https://registry.gdi-de.org/codelist/de.bund.balm.radnetz/Richtung/3"], "https://registry.gdi-de.org/up3/ontology/steigung": ["2.927139"], "https://registry.gdi-de.org/up3/ontology/strecken-ID": ["Section_Wuppertal_1224865_435_left"]}, "geometry": {"type": "LineString", "coordinates": [[7.2696237668, 51.2783072032, 218.52], [7.2705327906, 51.2785160112, 0.0], [7.270700372, 51.278553378, 220.86]]}}, {"type": "Feature", "id": "https://registry.gdi-de.org/de.nw/radnetz/instances/Section_Wuppertal_1225878_515_left", "name": "", "dateprops": [], "properties": {"http://rdfs.org/ns/void#inDataset": ["https://registry.gdi-de.org/de.nw/radnetz/instances/exnw_dataset"], "http://www.opengis.net/ont/geosparql#hasGeometry": ["https://registry.gdi-de.org/de.nw/radnetz/instances/Section_Wuppertal_1225878_515_left_geometry"], "http://www.w3.org/1999/02/22-rdf-syntax-ns#type": ["https://registry.gdi-de.org/up3/ontology/Streckenabschnitt_optional"], "https://registry.gdi-de.org/up3/ontology/beginntBeiKnoten": ["https://registry.gdi-de.org/de.nw/radnetz/instances/Knoten_Wuppertal_8780"], "https://registry.gdi-de.org/up3/ontology/endetBeiKnoten": ["https://registry.gdi-de.org/de.nw/radnetz/instances/Knoten_Wuppertal_115510102"], "https://registry.gdi-de.org/up3/ontology/geometrieAbschnitt": ["https://registry.gdi-de.org/de.nw/radnetz/instances/Section_Wuppertal_1225878_515_left_geometry"], "https://registry.gdi-de.org/up3/ontology/licht": ["https://registry.gdi-de.org/codelist/de.bund.balm.radnetz/Licht/1"], "https://registry.gdi-de.org/up3/ontology/quell-ID": ["1225878"], "https://registry.gdi-de.org/up3/ontology/richtung": ["https://registry.gdi-de.org/codelist/de.bund.balm.radnetz/Richtung/3"], "https://registry.gdi-de.org/up3/ontology/steigung": ["2.704847"], "https://registry.gdi-de.org/up3/ontology/strecken-ID": ["Section_Wuppertal_1225878_515_left"]}, "geometry": {"type": "LineString", "coordinates": [[7.2313326131, 51.2563297815, 173.17], [7.2310781383, 51.2565748455, 174.05]]}}, {"type": "Feature", "id": "https://registry.gdi-de.org/de.nw/radnetz/instances/Section_Wuppertal_1226834_998_left", "name": "", "dateprops": [], "properties": {"http://rdfs.org/ns/void#inDataset": ["https://registry.gdi-de.org/de.nw/radnetz/instances/exnw_dataset"], "http://www.opengis.net/ont/geosparql#hasGeometry": ["https://registry.gdi-de.org/de.nw/radnetz/instances/Section_Wuppertal_1226834_998_left_geometry"], "http://www.w3.org/1999/02/22-rdf-syntax-ns#type": ["https://registry.gdi-de.org/up3/ontology/Streckenabschnitt_optional"], "https://registry.gdi-de.org/up3/ontology/beginntBeiKnoten": ["https://registry.gdi-de.org/de.nw/radnetz/instances/Knoten_Wuppertal_114020102"], "https://registry.gdi-de.org/up3/ontology/endetBeiKnoten": ["https://registry.gdi-de.org/de.nw/radnetz/instances/Knoten_Wuppertal_4699"], "https://registry.gdi-de.org/up3/ontology/geometrieAbschnitt": ["https://registry.gdi-de.org/de.nw/radnetz/instances/Section_Wuppertal_1226834_998_left_geometry"], "https://registry.gdi-de.org/up3/ontology/licht": ["https://registry.gdi-de.org/codelist/de.bund.balm.radnetz/Licht/1"], "https://registry.gdi-de.org/up3/ontology/quell-ID": ["1226834"], "https://registry.gdi-de.org/up3/ontology/richtung": ["https://registry.gdi-de.org/codelist/de.bund.balm.radnetz/Richtung/3"], "https://registry.gdi-de.org/up3/ontology/steigung": ["1.003913"], "https://registry.gdi-de.org/up3/ontology/strecken-ID": ["Section_Wuppertal_1226834_998_left"]}, "geometry": {"type": "LineString", "coordinates": [[7.1403234833, 51.2111212323, 0.0], [7.1403336433, 51.2111379673, 0.0]]}}, {"type": "Feature", "id": "https://registry.gdi-de.org/de.nw/radnetz/instances/Section_Wuppertal_None_1107_left", "name": "", "dateprops": [], "properties": {"http://rdfs.org/ns/void#inDataset": ["https://registry.gdi-de.org/de.nw/radnetz/instances/exnw_dataset"], "http://www.opengis.net/ont/geosparql#hasGeometry": ["https://registry.gdi-de.org/de.nw/radnetz/instances/Section_Wuppertal_None_1107_left_geometry"], "http://www.w3.org/1999/02/22-rdf-syntax-ns#type": ["https://registry.gdi-de.org/up3/ontology/Streckenabschnitt_optional"], "https://registry.gdi-de.org/up3/ontology/beginntBeiKnoten": ["https://registry.gdi-de.org/de.nw/radnetz/instances/Knoten_Wuppertal_node_f2f65d34815f"], "https://registry.gdi-de.org/up3/ontology/endetBeiKnoten": ["https://registry.gdi-de.org/de.nw/radnetz/instances/Knoten_Wuppertal_node_bf2f8c92ad1a"], "https://registry.gdi-de.org/up3/ontology/geometrieAbschnitt": ["https://registry.gdi-de.org/de.nw/radnetz/instances/Section_Wuppertal_None_1107_left_geometry"], "https://registry.gdi-de.org/up3/ontology/quell-ID": ["None"], "https://registry.gdi-de.org/up3/ontology/richtung": ["https://registry.gdi-de.org/codelist/de.bund.balm.radnetz/Richtung/3"], "https://registry.gdi-de.org/up3/ontology/steigung": ["2.331471"], "https://registry.gdi-de.org/up3/ontology/strecken-ID": ["Section_Wuppertal_None_1107_left"]}, "geometry": {"type": "LineString", "coordinates": [[7.1452069663, 51.2661002605, 171.27], [7.1451539744, 51.2663551478, 172.28]]}}, {"type": "Feature", "id": "https://registry.gdi-de.org/de.nw/radnetz/instances/Section_Wuppertal_1227126_676_left", "name": "", "dateprops": [], "properties": {"http://rdfs.org/ns/void#inDataset": ["https://registry.gdi-de.org/de.nw/radnetz/instances/exnw_dataset"], "http://www.opengis.net/ont/geosparql#hasGeometry": ["https://registry.gdi-de.org/de.nw/radnetz/instances/Section_Wuppertal_1227126_676_left_geometry"], "http://www.w3.org/1999/02/22-rdf-syntax-ns#type": ["https://registry.gdi-de.org/up3/ontology/Streckenabschnitt_optional"], "https://registry.gdi-de.org/up3/ontology/beginntBeiKnoten": ["https://registry.gdi-de.org/de.nw/radnetz/instances/Knoten_Wuppertal_112350102"], "https://registry.gdi-de.org/up3/ontology/endetBeiKnoten": ["https://registry.gdi-de.org/de.nw/radnetz/instances/Knoten_Wuppertal_112350101"], "https://registry.gdi-de.org/up3/ontology/geometrieAbschnitt": ["https://registry.gdi-de.org/de.nw/radnetz/instances/Section_Wuppertal_1227126_676_left_geometry"], "https://registry.gdi-de.org/up3/ontology/licht": ["https://registry.gdi-de.org/codelist/de.bund.balm.radnetz/Licht/1"], "https://registry.gdi-de.org/up3/ontology/quell-ID": ["1227126"], "https://registry.gdi-de.org/up3/ontology/richtung": ["https://registry.gdi-de.org/codelist/de.bund.balm.radnetz/Richtung/3"], "https://registry.gdi-de.org/up3/ontology/steigung": ["6.20421"], "https://registry.gdi-de.org/up3/ontology/strecken-ID": ["Section_Wuppertal_1227126_676_left"]}, "geometry": {"type": "LineString", "coordinates": [[7.1697232928, 51.2433440097, 278.02], [7.169928548, 51.2432688153, 0.0], [7.1699328832, 51.2432675971, 279.07]]}}, {"type": "Feature", "id": "https://registry.gdi-de.org/de.nw/radnetz/instances/Section_Wuppertal_1222588_290_left", "name": "", "dateprops": [], "properties": {"http://rdfs.org/ns/void#inDataset": ["https://registry.gdi-de.org/de.nw/radnetz/instances/exnw_dataset"], "http://www.opengis.net/ont/geosparql#hasGeometry": ["https://registry.gdi-de.org/de.nw/radnetz/instances/Section_Wuppertal_1222588_290_left_geometry"], "http://www.w3.org/1999/02/22-rdf-syntax-ns#type": ["https://registry.gdi-de.org/up3/ontology/Streckenabschnitt_optional"], "https://registry.gdi-de.org/up3/ontology/beginntBeiKnoten": ["https://registry.gdi-de.org/de.nw/radnetz/instances/Knoten_Wuppertal_2523"], "https://registry.gdi-de.org/up3/ontology/endetBeiKnoten": ["https://registry.gdi-de.org/de.nw/radnetz/instances/Knoten_Wuppertal_10770"], "https://registry.gdi-de.org/up3/ontology/geometrieAbschnitt": ["https://registry.gdi-de.org/de.nw/radnetz/instances/Section_Wuppertal_1222588_290_left_geometry"], "https://registry.gdi-de.org/up3/ontology/licht": ["https://registry.gdi-de.org/codelist/de.bund.balm.radnetz/Licht/1"], "https://registry.gdi-de.org/up3/ontology/quell-ID": ["1222588"], "https://registry.gdi-de.org/up3/ontology/richtung": ["https://registry.gdi-de.org/codelist/de.bund.balm.radnetz/Richtung/3"], "https://registry.gdi-de.org/up3/ontology/steigung": ["0.2317573"], "https://registry.gdi-de.org/up3/ontology/strecken-ID": ["Section_Wuppertal_1222588_290_left"]}, "geometry": {"type": "LineString", "coordinates": [[7.0683859965, 51.2353012516, 177.13], [7.0685599588, 51.2352610521, 177.16]]}}, {"type": "Feature", "id": "https://registry.gdi-de.org/de.nw/radnetz/instances/Section_Wuppertal_1226960_656_left", "name": "", "dateprops": [], "properties": {"http://rdfs.org/ns/void#inDataset": ["https://registry.gdi-de.org/de.nw/radnetz/instances/exnw_dataset"], "http://www.opengis.net/ont/geosparql#hasGeometry": ["https://registry.gdi-de.org/de.nw/radnetz/instances/Section_Wuppertal_1226960_656_left_geometry"], "http://www.w3.org/1999/02/22-rdf-syntax-ns#type": ["https://registry.gdi-de.org/up3/ontology/Streckenabschnitt_optional"], "https://registry.gdi-de.org/up3/ontology/beginntBeiKnoten": ["https://registry.gdi-de.org/de.nw/radnetz/instances/Knoten_Wuppertal_114570102"], "https://registry.gdi-de.org/up3/ontology/endetBeiKnoten": ["https://registry.gdi-de.org/de.nw/radnetz/instances/Knoten_Wuppertal_114570101"], "https://registry.gdi-de.org/up3/ontology/fuehrung": ["https://registry.gdi-de.org/codelist/de.bund.balm.radnetz/Fuehrung/405"], "https://registry.gdi-de.org/up3/ontology/geometrieAbschnitt": ["https://registry.gdi-de.org/de.nw/radnetz/instances/Section_Wuppertal_1226960_656_left_geometry"], "https://registry.gdi-de.org/up3/ontology/licht": ["https://registry.gdi-de.org/codelist/de.bund.balm.radnetz/Licht/1"], "https://registry.gdi-de.org/up3/ontology/quell-ID": ["1226960"], "https://registry.gdi-de.org/up3/ontology/richtung": ["https://registry.gdi-de.org/codelist/de.bund.balm.radnetz/Richtung/3"], "https://registry.gdi-de.org/up3/ontology/steigung": ["0.3508503"], "https://registry.gdi-de.org/up3/ontology/strecken-ID": ["Section_Wuppertal_1226960_656_left"]}, "geometry": {"type": "LineString", "coordinates": [[7.0706105501, 51.247933255, 198.53], [7.0705662165, 51.2476785322, 198.63]]}}, {"type": "Feature", "id": "https://registry.gdi-de.org/de.nw/radnetz/instances/Section_Wuppertal_1228382_708_left", "name": "", "dateprops": [], "properties": {"http://rdfs.org/ns/void#inDataset": ["https://registry.gdi-de.org/de.nw/radnetz/instances/exnw_dataset"], "http://www.opengis.net/ont/geosparql#hasGeometry": ["https://registry.gdi-de.org/de.nw/radnetz/instances/Section_Wuppertal_1228382_708_left_geometry"], "http://www.w3.org/1999/02/22-rdf-syntax-ns#type": ["https://registry.gdi-de.org/up3/ontology/Streckenabschnitt_optional"], "https://registry.gdi-de.org/up3/ontology/beginntBeiKnoten": ["https://registry.gdi-de.org/de.nw/radnetz/instances/Knoten_Wuppertal_2222"], "https://registry.gdi-de.org/up3/ontology/endetBeiKnoten": ["https://registry.gdi-de.org/de.nw/radnetz/instances/Knoten_Wuppertal_1189690563"], "https://registry.gdi-de.org/up3/ontology/geometrieAbschnitt": ["https://registry.gdi-de.org/de.nw/radnetz/instances/Section_Wuppertal_1228382_708_left_geometry"], "https://registry.gdi-de.org/up3/ontology/licht": ["https://registry.gdi-de.org/codelist/de.bund.balm.radnetz/Licht/1"], "https://registry.gdi-de.org/up3/ontology/quell-ID": ["1228382"], "https://registry.gdi-de.org/up3/ontology/richtung": ["https://registry.gdi-de.org/codelist/de.bund.balm.radnetz/Richtung/3"], "https://registry.gdi-de.org/up3/ontology/steigung": ["3.022355"], "https://registry.gdi-de.org/up3/ontology/strecken-ID": ["Section_Wuppertal_1228382_708_left"]}, "geometry": {"type": "LineString", "coordinates": [[7.0540002989, 51.2108359856, 227.67], [7.0541055393, 51.2112573737, 0.0], [7.054611467, 51.2115215364, 0.0], [7.0563453495, 51.2122998708, 0.0], [7.0564926094, 51.2123576476, 235.36]]}}, {"type": "Feature", "id": "https://registry.gdi-de.org/de.nw/radnetz/instances/Section_Wuppertal_10146_213_left", "name": "", "dateprops": [], "properties": {"http://rdfs.org/ns/void#inDataset": ["https://registry.gdi-de.org/de.nw/radnetz/instances/exnw_dataset"], "http://www.opengis.net/ont/geosparql#hasGeometry": ["https://registry.gdi-de.org/de.nw/radnetz/instances/Section_Wuppertal_10146_213_left_geometry"], "http://www.w3.org/1999/02/22-rdf-syntax-ns#type": ["https://registry.gdi-de.org/up3/ontology/Streckenabschnitt_optional"], "https://registry.gdi-de.org/up3/ontology/beginntBeiKnoten": ["https://registry.gdi-de.org/de.nw/radnetz/instances/Knoten_Wuppertal_6948"], "https://registry.gdi-de.org/up3/ontology/endetBeiKnoten": ["https://registry.gdi-de.org/de.nw/radnetz/instances/Knoten_Wuppertal_6935"], "https://registry.gdi-de.org/up3/ontology/geometrieAbschnitt": ["https://registry.gdi-de.org/de.nw/radnetz/instances/Section_Wuppertal_10146_213_left_geometry"], "https://registry.gdi-de.org/up3/ontology/licht": ["https://registry.gdi-de.org/codelist/de.bund.balm.radnetz/Licht/1"], "https://registry.gdi-de.org/up3/ontology/quell-ID": ["10146"], "https://registry.gdi-de.org/up3/ontology/richtung": ["https://registry.gdi-de.org/codelist/de.bund.balm.radnetz/Richtung/3"], "https://registry.gdi-de.org/up3/ontology/steigung": ["6.668386"], "https://registry.gdi-de.org/up3/ontology/strecken-ID": ["Section_Wuppertal_10146_213_left"]}, "geometry": {"type": "LineString", "coordinates": [[7.1914705387, 51.2212022578, 308.34], [7.1912356289, 51.2215520587, 0.0], [7.1910677868, 51.2220429685, 314.88]]}}, {"type": "Feature", "id": "https://registry.gdi-de.org/de.nw/radnetz/instances/Section_Wuppertal_1226866_643_left", "name": "", "dateprops": [], "properties": {"http://rdfs.org/ns/void#inDataset": ["https://registry.gdi-de.org/de.nw/radnetz/instances/exnw_dataset"], "http://www.opengis.net/ont/geosparql#hasGeometry": ["https://registry.gdi-de.org/de.nw/radnetz/instances/Section_Wuppertal_1226866_643_left_geometry"], "http://www.w3.org/1999/02/22-rdf-syntax-ns#type": ["https://registry.gdi-de.org/up3/ontology/Streckenabschnitt_optional"], "https://registry.gdi-de.org/up3/ontology/beginntBeiKnoten": ["https://registry.gdi-de.org/de.nw/radnetz/instances/Knoten_Wuppertal_116010301"], "https://registry.gdi-de.org/up3/ontology/endetBeiKnoten": ["https://registry.gdi-de.org/de.nw/radnetz/instances/Knoten_Wuppertal_8356"], "https://registry.gdi-de.org/up3/ontology/geometrieAbschnitt": ["https://registry.gdi-de.org/de.nw/radnetz/instances/Section_Wuppertal_1226866_643_left_geometry"], "https://registry.gdi-de.org/up3/ontology/licht": ["https://registry.gdi-de.org/codelist/de.bund.balm.radnetz/Licht/1"], "https://registry.gdi-de.org/up3/ontology/quell-ID": ["1226866"], "https://registry.gdi-de.org/up3/ontology/richtung": ["https://registry.gdi-de.org/codelist/de.bund.balm.radnetz/Richtung/3"], "https://registry.gdi-de.org/up3/ontology/steigung": ["3.712513"], "https://registry.gdi-de.org/up3/ontology/strecken-ID": ["Section_Wuppertal_1226866_643_left"]}, "geometry": {"type": "LineString", "coordinates": [[7.2178039662, 51.2757750244, 161.11], [7.2177629074, 51.2764121911, 0.0], [7.2178367285, 51.2765643339, 164.4]]}}, {"type": "Feature", "id": "https://registry.gdi-de.org/de.nw/radnetz/instances/Section_Wuppertal_1225405_476_left", "name": "", "dateprops": [], "properties": {"http://rdfs.org/ns/void#inDataset": ["https://registry.gdi-de.org/de.nw/radnetz/instances/exnw_dataset"], "http://www.opengis.net/ont/geosparql#hasGeometry": ["https://registry.gdi-de.org/de.nw/radnetz/instances/Section_Wuppertal_1225405_476_left_geometry"], "http://www.w3.org/1999/02/22-rdf-syntax-ns#type": ["https://registry.gdi-de.org/up3/ontology/Streckenabschnitt_optional"], "https://registry.gdi-de.org/up3/ontology/beginntBeiKnoten": ["https://registry.gdi-de.org/de.nw/radnetz/instances/Knoten_Wuppertal_2608"], "https://registry.gdi-de.org/up3/ontology/endetBeiKnoten": ["https://registry.gdi-de.org/de.nw/radnetz/instances/Knoten_Wuppertal_113230101"], "https://registry.gdi-de.org/up3/ontology/geometrieAbschnitt": ["https://registry.gdi-de.org/de.nw/radnetz/instances/Section_Wuppertal_1225405_476_left_geometry"], "https://registry.gdi-de.org/up3/ontology/licht": ["https://registry.gdi-de.org/codelist/de.bund.balm.radnetz/Licht/1"], "https://registry.gdi-de.org/up3/ontology/quell-ID": ["1225405"], "https://registry.gdi-de.org/up3/ontology/richtung": ["https://registry.gdi-de.org/codelist/de.bund.balm.radnetz/Richtung/3"], "https://registry.gdi-de.org/up3/ontology/steigung": ["0.4070892"], "https://registry.gdi-de.org/up3/ontology/strecken-ID": ["Section_Wuppertal_1225405_476_left"]}, "geometry": {"type": "LineString", "coordinates": [[7.0707174733, 51.2463581624, 198.71], [7.0708475303, 51.2457898128, 198.97]]}}, {"type": "Feature", "id": "https://registry.gdi-de.org/de.nw/radnetz/instances/Section_Wuppertal_1225570_876_left", "name": "", "dateprops": [], "properties": {"http://rdfs.org/ns/void#inDataset": ["https://registry.gdi-de.org/de.nw/radnetz/instances/exnw_dataset"], "http://www.opengis.net/ont/geosparql#hasGeometry": ["https://registry.gdi-de.org/de.nw/radnetz/instances/Section_Wuppertal_1225570_876_left_geometry"], "http://www.w3.org/1999/02/22-rdf-syntax-ns#type": ["https://registry.gdi-de.org/up3/ontology/Streckenabschnitt_optional"], "https://registry.gdi-de.org/up3/ontology/beginntBeiKnoten": ["https://registry.gdi-de.org/de.nw/radnetz/instances/Knoten_Wuppertal_119780101"], "https://registry.gdi-de.org/up3/ontology/endetBeiKnoten": ["https://registry.gdi-de.org/de.nw/radnetz/instances/Knoten_Wuppertal_114610101"], "https://registry.gdi-de.org/up3/ontology/geometrieAbschnitt": ["https://registry.gdi-de.org/de.nw/radnetz/instances/Section_Wuppertal_1225570_876_left_geometry"], "https://registry.gdi-de.org/up3/ontology/licht": ["https://registry.gdi-de.org/codelist/de.bund.balm.radnetz/Licht/0"], "https://registry.gdi-de.org/up3/ontology/quell-ID": ["1225570"], "https://registry.gdi-de.org/up3/ontology/richtung": ["https://registry.gdi-de.org/codelist/de.bund.balm.radnetz/Richtung/3"], "https://registry.gdi-de.org/up3/ontology/steigung": ["0.2314018"], "https://registry.gdi-de.org/up3/ontology/strecken-ID": ["Section_Wuppertal_1225570_876_left"]}, "geometry": {"type": "LineString", "coordinates": [[7.0476584924, 51.218629882, 178.12], [7.0468577936, 51.2182691165, 0.0], [7.0454713022, 51.2171917741, 0.0], [7.0451360512, 51.2169871808, 0.0], [7.0431551296, 51.2162752901, 0.0], [7.0427275179, 51.2161216135, 179.16]]}}, {"type": "Feature", "id": "https://registry.gdi-de.org/de.nw/radnetz/instances/Section_Wuppertal_1225909_520_left", "name": "", "dateprops": [], "properties": {"http://rdfs.org/ns/void#inDataset": ["https://registry.gdi-de.org/de.nw/radnetz/instances/exnw_dataset"], "http://www.opengis.net/ont/geosparql#hasGeometry": ["https://registry.gdi-de.org/de.nw/radnetz/instances/Section_Wuppertal_1225909_520_left_geometry"], "http://www.w3.org/1999/02/22-rdf-syntax-ns#type": ["https://registry.gdi-de.org/up3/ontology/Streckenabschnitt_optional"], "https://registry.gdi-de.org/up3/ontology/beginntBeiKnoten": ["https://registry.gdi-de.org/de.nw/radnetz/instances/Knoten_Wuppertal_2688"], "https://registry.gdi-de.org/up3/ontology/endetBeiKnoten": ["https://registry.gdi-de.org/de.nw/radnetz/instances/Knoten_Wuppertal_117230102"], "https://registry.gdi-de.org/up3/ontology/geometrieAbschnitt": ["https://registry.gdi-de.org/de.nw/radnetz/instances/Section_Wuppertal_1225909_520_left_geometry"], "https://registry.gdi-de.org/up3/ontology/licht": ["https://registry.gdi-de.org/codelist/de.bund.balm.radnetz/Licht/1"], "https://registry.gdi-de.org/up3/ontology/quell-ID": ["1225909"], "https://registry.gdi-de.org/up3/ontology/richtung": ["https://registry.gdi-de.org/codelist/de.bund.balm.radnetz/Richtung/3"], "https://registry.gdi-de.org/up3/ontology/steigung": ["0.4169118"], "https://registry.gdi-de.org/up3/ontology/strecken-ID": ["Section_Wuppertal_1225909_520_left"]}, "geometry": {"type": "LineString", "coordinates": [[7.0727996487, 51.2611040351, 218.25], [7.0727454142, 51.2613605506, 218.37]]}}, {"type": "Feature", "id": "https://registry.gdi-de.org/de.nw/radnetz/instances/Section_Wuppertal_1227315_679_left", "name": "", "dateprops": [], "properties": {"http://rdfs.org/ns/void#inDataset": ["https://registry.gdi-de.org/de.nw/radnetz/instances/exnw_dataset"], "http://www.opengis.net/ont/geosparql#hasGeometry": ["https://registry.gdi-de.org/de.nw/radnetz/instances/Section_Wuppertal_1227315_679_left_geometry"], "http://www.w3.org/1999/02/22-rdf-syntax-ns#type": ["https://registry.gdi-de.org/up3/ontology/Streckenabschnitt_optional"], "https://registry.gdi-de.org/up3/ontology/beginntBeiKnoten": ["https://registry.gdi-de.org/de.nw/radnetz/instances/Knoten_Wuppertal_2692"], "https://registry.gdi-de.org/up3/ontology/endetBeiKnoten": ["https://registry.gdi-de.org/de.nw/radnetz/instances/Knoten_Wuppertal_117250102"], "https://registry.gdi-de.org/up3/ontology/geometrieAbschnitt": ["https://registry.gdi-de.org/de.nw/radnetz/instances/Section_Wuppertal_1227315_679_left_geometry"], "https://registry.gdi-de.org/up3/ontology/licht": ["https://registry.gdi-de.org/codelist/de.bund.balm.radnetz/Licht/0"], "https://registry.gdi-de.org/up3/ontology/quell-ID": ["1227315"], "https://registry.gdi-de.org/up3/ontology/richtung": ["https://registry.gdi-de.org/codelist/de.bund.balm.radnetz/Richtung/3"], "https://registry.gdi-de.org/up3/ontology/steigung": ["1.454413"], "https://registry.gdi-de.org/up3/ontology/strecken-ID": ["Section_Wuppertal_1227315_679_left"]}, "geometry": {"type": "LineString", "coordinates": [[7.0724257853, 51.2719068599, 160.63], [7.0720261978, 51.2721729426, 0.0], [7.0708353134, 51.272399936, 0.0], [7.0702981385, 51.272662743, 0.0], [7.0703060611, 51.2730034563, 0.0], [7.0710704013, 51.2737774732, 161.46]]}}, {"type": "Feature", "id": "https://registry.gdi-de.org/de.nw/radnetz/instances/Section_Wuppertal_3017_68_left", "name": "", "dateprops": [], "properties": {"http://rdfs.org/ns/void#inDataset": ["https://registry.gdi-de.org/de.nw/radnetz/instances/exnw_dataset"], "http://www.opengis.net/ont/geosparql#hasGeometry": ["https://registry.gdi-de.org/de.nw/radnetz/instances/Section_Wuppertal_3017_68_left_geometry"], "http://www.w3.org/1999/02/22-rdf-syntax-ns#type": ["https://registry.gdi-de.org/up3/ontology/Streckenabschnitt_optional"], "https://registry.gdi-de.org/up3/ontology/beginntBeiKnoten": ["https://registry.gdi-de.org/de.nw/radnetz/instances/Knoten_Wuppertal_6858"], "https://registry.gdi-de.org/up3/ontology/endetBeiKnoten": ["https://registry.gdi-de.org/de.nw/radnetz/instances/Knoten_Wuppertal_6872"], "https://registry.gdi-de.org/up3/ontology/geometrieAbschnitt": ["https://registry.gdi-de.org/de.nw/radnetz/instances/Section_Wuppertal_3017_68_left_geometry"], "https://registry.gdi-de.org/up3/ontology/licht": ["https://registry.gdi-de.org/codelist/de.bund.balm.radnetz/Licht/1"], "https://registry.gdi-de.org/up3/ontology/quell-ID": ["3017"], "https://registry.gdi-de.org/up3/ontology/richtung": ["https://registry.gdi-de.org/codelist/de.bund.balm.radnetz/Richtung/3"], "https://registry.gdi-de.org/up3/ontology/steigung": ["0.7343515"], "https://registry.gdi-de.org/up3/ontology/strecken-ID": ["Section_Wuppertal_3017_68_left"]}, "geometry": {"type": "LineString", "coordinates": [[7.1870769367, 51.2792537246, 196.48], [7.1874821304, 51.2792926606, 196.69]]}}, {"type": "Feature", "id": "https://registry.gdi-de.org/de.nw/radnetz/instances/Section_Wuppertal_9999912_31_left", "name": "", "dateprops": [], "properties": {"http://rdfs.org/ns/void#inDataset": ["https://registry.gdi-de.org/de.nw/radnetz/instances/exnw_dataset"], "http://www.opengis.net/ont/geosparql#hasGeometry": ["https://registry.gdi-de.org/de.nw/radnetz/instances/Section_Wuppertal_9999912_31_left_geometry"], "http://www.w3.org/1999/02/22-rdf-syntax-ns#type": ["https://registry.gdi-de.org/up3/ontology/Streckenabschnitt_optional"], "https://registry.gdi-de.org/up3/ontology/beginntBeiKnoten": ["https://registry.gdi-de.org/de.nw/radnetz/instances/Knoten_Wuppertal_1189691382"], "https://registry.gdi-de.org/up3/ontology/endetBeiKnoten": ["https://registry.gdi-de.org/de.nw/radnetz/instances/Knoten_Wuppertal_7382"], "https://registry.gdi-de.org/up3/ontology/geometrieAbschnitt": ["https://registry.gdi-de.org/de.nw/radnetz/instances/Section_Wuppertal_9999912_31_left_geometry"], "https://registry.gdi-de.org/up3/ontology/licht": ["https://registry.gdi-de.org/codelist/de.bund.balm.radnetz/Licht/1"], "https://registry.gdi-de.org/up3/ontology/quell-ID": ["9999912"], "https://registry.gdi-de.org/up3/ontology/richtung": ["https://registry.gdi-de.org/codelist/de.bund.balm.radnetz/Richtung/3"], "https://registry.gdi-de.org/up3/ontology/steigung": ["2.614248"], "https://registry.gdi-de.org/up3/ontology/strecken-ID": ["Section_Wuppertal_9999912_31_left"]}, "geometry": {"type": "LineString", "coordinates": [[7.1993522503, 51.2226556709, 0.0], [7.198810984, 51.2233084302, 267.44]]}}, {"type": "Feature", "id": "https://registry.gdi-de.org/de.nw/radnetz/instances/Section_Wuppertal_1226081_1100_left", "name": "", "dateprops": [], "properties": {"http://rdfs.org/ns/void#inDataset": ["https://registry.gdi-de.org/de.nw/radnetz/instances/exnw_dataset"], "http://www.opengis.net/ont/geosparql#hasGeometry": ["https://registry.gdi-de.org/de.nw/radnetz/instances/Section_Wuppertal_1226081_1100_left_geometry"], "http://www.w3.org/1999/02/22-rdf-syntax-ns#type": ["https://registry.gdi-de.org/up3/ontology/Streckenabschnitt_optional"], "https://registry.gdi-de.org/up3/ontology/beginntBeiKnoten": ["https://registry.gdi-de.org/de.nw/radnetz/instances/Knoten_Wuppertal_6067"], "https://registry.gdi-de.org/up3/ontology/endetBeiKnoten": ["https://registry.gdi-de.org/de.nw/radnetz/instances/Knoten_Wuppertal_112340101"], "https://registry.gdi-de.org/up3/ontology/geometrieAbschnitt": ["https://registry.gdi-de.org/de.nw/radnetz/instances/Section_Wuppertal_1226081_1100_left_geometry"], "https://registry.gdi-de.org/up3/ontology/licht": ["https://registry.gdi-de.org/codelist/de.bund.balm.radnetz/Licht/1"], "https://registry.gdi-de.org/up3/ontology/quell-ID": ["1226081"], "https://registry.gdi-de.org/up3/ontology/richtung": ["https://registry.gdi-de.org/codelist/de.bund.balm.radnetz/Richtung/3"], "https://registry.gdi-de.org/up3/ontology/steigung": ["0.0"], "https://registry.gdi-de.org/up3/ontology/strecken-ID": ["Section_Wuppertal_1226081_1100_left"]}, "geometry": {"type": "LineString", "coordinates": [[7.1641108529, 51.2452233619, 248.57], [7.1641113959, 51.2452228587, 248.57]]}}, {"type": "Feature", "id": "https://registry.gdi-de.org/de.nw/radnetz/instances/Section_Wuppertal_1229689_745_left", "name": "", "dateprops": [], "properties": {"http://rdfs.org/ns/void#inDataset": ["https://registry.gdi-de.org/de.nw/radnetz/instances/exnw_dataset"], "http://www.opengis.net/ont/geosparql#hasGeometry": ["https://registry.gdi-de.org/de.nw/radnetz/instances/Section_Wuppertal_1229689_745_left_geometry"], "http://www.w3.org/1999/02/22-rdf-syntax-ns#type": ["https://registry.gdi-de.org/up3/ontology/Streckenabschnitt_optional"], "https://registry.gdi-de.org/up3/ontology/beginntBeiKnoten": ["https://registry.gdi-de.org/de.nw/radnetz/instances/Knoten_Wuppertal_1189691194"], "https://registry.gdi-de.org/up3/ontology/endetBeiKnoten": ["https://registry.gdi-de.org/de.nw/radnetz/instances/Knoten_Wuppertal_112320101"], "https://registry.gdi-de.org/up3/ontology/geometrieAbschnitt": ["https://registry.gdi-de.org/de.nw/radnetz/instances/Section_Wuppertal_1229689_745_left_geometry"], "https://registry.gdi-de.org/up3/ontology/licht": ["https://registry.gdi-de.org/codelist/de.bund.balm.radnetz/Licht/1"], "https://registry.gdi-de.org/up3/ontology/quell-ID": ["1229689"], "https://registry.gdi-de.org/up3/ontology/richtung": ["https://registry.gdi-de.org/codelist/de.bund.balm.radnetz/Richtung/3"], "https://registry.gdi-de.org/up3/ontology/steigung": ["5.354575"], "https://registry.gdi-de.org/up3/ontology/strecken-ID": ["Section_Wuppertal_1229689_745_left"]}, "geometry": {"type": "LineString", "coordinates": [[7.1585325643, 51.2522630857, 193.21], [7.1589523264, 51.2524347506, 0.0], [7.1589806566, 51.2524466274, 195.21]]}}, {"type": "Feature", "id": "https://registry.gdi-de.org/de.nw/radnetz/instances/Section_Wuppertal_1226858_911_left", "name": "", "dateprops": [], "properties": {"http://rdfs.org/ns/void#inDataset": ["https://registry.gdi-de.org/de.nw/radnetz/instances/exnw_dataset"], "http://www.opengis.net/ont/geosparql#hasGeometry": ["https://registry.gdi-de.org/de.nw/radnetz/instances/Section_Wuppertal_1226858_911_left_geometry"], "http://www.w3.org/1999/02/22-rdf-syntax-ns#type": ["https://registry.gdi-de.org/up3/ontology/Streckenabschnitt_optional"], "https://registry.gdi-de.org/up3/ontology/beginntBeiKnoten": ["https://registry.gdi-de.org/de.nw/radnetz/instances/Knoten_Wuppertal_117070101"], "https://registry.gdi-de.org/up3/ontology/endetBeiKnoten": ["https://registry.gdi-de.org/de.nw/radnetz/instances/Knoten_Wuppertal_117070102"], "https://registry.gdi-de.org/up3/ontology/geometrieAbschnitt": ["https://registry.gdi-de.org/de.nw/radnetz/instances/Section_Wuppertal_1226858_911_left_geometry"], "https://registry.gdi-de.org/up3/ontology/licht": ["https://registry.gdi-de.org/codelist/de.bund.balm.radnetz/Licht/0"], "https://registry.gdi-de.org/up3/ontology/quell-ID": ["1226858"], "https://registry.gdi-de.org/up3/ontology/richtung": ["https://registry.gdi-de.org/codelist/de.bund.balm.radnetz/Richtung/3"], "https://registry.gdi-de.org/up3/ontology/steigung": ["0.240163"], "https://registry.gdi-de.org/up3/ontology/strecken-ID": ["Section_Wuppertal_1226858_911_left"]}, "geometry": {"type": "LineString", "coordinates": [[7.0836333993, 51.2812726151, 193.29], [7.0842527858, 51.2814982041, 193.41]]}}, {"type": "Feature", "id": "https://registry.gdi-de.org/de.nw/radnetz/instances/Section_Wuppertal_8636_178_left", "name": "", "dateprops": [], "properties": {"http://rdfs.org/ns/void#inDataset": ["https://registry.gdi-de.org/de.nw/radnetz/instances/exnw_dataset"], "http://www.opengis.net/ont/geosparql#hasGeometry": ["https://registry.gdi-de.org/de.nw/radnetz/instances/Section_Wuppertal_8636_178_left_geometry"], "http://www.w3.org/1999/02/22-rdf-syntax-ns#type": ["https://registry.gdi-de.org/up3/ontology/Streckenabschnitt_optional"], "https://registry.gdi-de.org/up3/ontology/beginntBeiKnoten": ["https://registry.gdi-de.org/de.nw/radnetz/instances/Knoten_Wuppertal_5946"], "https://registry.gdi-de.org/up3/ontology/endetBeiKnoten": ["https://registry.gdi-de.org/de.nw/radnetz/instances/Knoten_Wuppertal_5929"], "https://registry.gdi-de.org/up3/ontology/geometrieAbschnitt": ["https://registry.gdi-de.org/de.nw/radnetz/instances/Section_Wuppertal_8636_178_left_geometry"], "https://registry.gdi-de.org/up3/ontology/licht": ["https://registry.gdi-de.org/codelist/de.bund.balm.radnetz/Licht/1"], "https://registry.gdi-de.org/up3/ontology/quell-ID": ["8636"], "https://registry.gdi-de.org/up3/ontology/richtung": ["https://registry.gdi-de.org/codelist/de.bund.balm.radnetz/Richtung/3"], "https://registry.gdi-de.org/up3/ontology/steigung": ["5.181495"], "https://registry.gdi-de.org/up3/ontology/strecken-ID": ["Section_Wuppertal_8636_178_left"]}, "geometry": {"type": "LineString", "coordinates": [[7.160706756, 51.2528829205, 202.7], [7.160670404, 51.2526738475, 0.0], [7.1603938774, 51.2519539596, 208.18]]}}, {"type": "Feature", "id": "https://registry.gdi-de.org/de.nw/radnetz/instances/Section_Wuppertal_1226193_547_left", "name": "", "dateprops": [], "properties": {"http://rdfs.org/ns/void#inDataset": ["https://registry.gdi-de.org/de.nw/radnetz/instances/exnw_dataset"], "http://www.opengis.net/ont/geosparql#hasGeometry": ["https://registry.gdi-de.org/de.nw/radnetz/instances/Section_Wuppertal_1226193_547_left_geometry"], "http://www.w3.org/1999/02/22-rdf-syntax-ns#type": ["https://registry.gdi-de.org/up3/ontology/Streckenabschnitt_optional"], "https://registry.gdi-de.org/up3/ontology/beginntBeiKnoten": ["https://registry.gdi-de.org/de.nw/radnetz/instances/Knoten_Wuppertal_8782"], "https://registry.gdi-de.org/up3/ontology/endetBeiKnoten": ["https://registry.gdi-de.org/de.nw/radnetz/instances/Knoten_Wuppertal_115540102"], "https://registry.gdi-de.org/up3/ontology/geometrieAbschnitt": ["https://registry.gdi-de.org/de.nw/radnetz/instances/Section_Wuppertal_1226193_547_left_geometry"], "https://registry.gdi-de.org/up3/ontology/licht": ["https://registry.gdi-de.org/codelist/de.bund.balm.radnetz/Licht/0"], "https://registry.gdi-de.org/up3/ontology/quell-ID": ["1226193"], "https://registry.gdi-de.org/up3/ontology/richtung": ["https://registry.gdi-de.org/codelist/de.bund.balm.radnetz/Richtung/3"], "https://registry.gdi-de.org/up3/ontology/steigung": ["5.59893"], "https://registry.gdi-de.org/up3/ontology/strecken-ID": ["Section_Wuppertal_1226193_547_left"]}, "geometry": {"type": "LineString", "coordinates": [[7.2320663516, 51.243397936, 271.76], [7.2324427519, 51.2433371966, 0.0], [7.2327123624, 51.2432444648, 0.0], [7.2329463697, 51.2430340379, 0.0], [7.2331017346, 51.2426233188, 0.0], [7.232848352, 51.2416564786, 284.81]]}}, {"type": "Feature", "id": "https://registry.gdi-de.org/de.nw/radnetz/instances/Section_Wuppertal_5097_113_left", "name": "", "dateprops": [], "properties": {"http://rdfs.org/ns/void#inDataset": ["https://registry.gdi-de.org/de.nw/radnetz/instances/exnw_dataset"], "http://www.opengis.net/ont/geosparql#hasGeometry": ["https://registry.gdi-de.org/de.nw/radnetz/instances/Section_Wuppertal_5097_113_left_geometry"], "http://www.w3.org/1999/02/22-rdf-syntax-ns#type": ["https://registry.gdi-de.org/up3/ontology/Streckenabschnitt_optional"], "https://registry.gdi-de.org/up3/ontology/beginntBeiKnoten": ["https://registry.gdi-de.org/de.nw/radnetz/instances/Knoten_Wuppertal_8873"], "https://registry.gdi-de.org/up3/ontology/endetBeiKnoten": ["https://registry.gdi-de.org/de.nw/radnetz/instances/Knoten_Wuppertal_8859"], "https://registry.gdi-de.org/up3/ontology/fuehrung": ["https://registry.gdi-de.org/codelist/de.bund.balm.radnetz/Fuehrung/401"], "https://registry.gdi-de.org/up3/ontology/geometrieAbschnitt": ["https://registry.gdi-de.org/de.nw/radnetz/instances/Section_Wuppertal_5097_113_left_geometry"], "https://registry.gdi-de.org/up3/ontology/licht": ["https://registry.gdi-de.org/codelist/de.bund.balm.radnetz/Licht/1"], "https://registry.gdi-de.org/up3/ontology/quell-ID": ["5097"], "https://registry.gdi-de.org/up3/ontology/richtung": ["https://registry.gdi-de.org/codelist/de.bund.balm.radnetz/Richtung/3"], "https://registry.gdi-de.org/up3/ontology/steigung": ["3.240947"], "https://registry.gdi-de.org/up3/ontology/strecken-ID": ["Section_Wuppertal_5097_113_left"]}, "geometry": {"type": "LineString", "coordinates": [[7.2340936279, 51.266094165, 165.27], [7.2341035778, 51.2652527643, 0.0], [7.2340667408, 51.264947527, 0.0], [7.2336602882, 51.2640673958, 172.71]]}}, {"type": "Feature", "id": "https://registry.gdi-de.org/de.nw/radnetz/instances/Section_Wuppertal_8395_173_left", "name": "", "dateprops": [], "properties": {"http://rdfs.org/ns/void#inDataset": ["https://registry.gdi-de.org/de.nw/radnetz/instances/exnw_dataset"], "http://www.opengis.net/ont/geosparql#hasGeometry": ["https://registry.gdi-de.org/de.nw/radnetz/instances/Section_Wuppertal_8395_173_left_geometry"], "http://www.w3.org/1999/02/22-rdf-syntax-ns#type": ["https://registry.gdi-de.org/up3/ontology/Streckenabschnitt_optional"], "https://registry.gdi-de.org/up3/ontology/beginntBeiKnoten": ["https://registry.gdi-de.org/de.nw/radnetz/instances/Knoten_Wuppertal_5631"], "https://registry.gdi-de.org/up3/ontology/endetBeiKnoten": ["https://registry.gdi-de.org/de.nw/radnetz/instances/Knoten_Wuppertal_5722"], "https://registry.gdi-de.org/up3/ontology/geometrieAbschnitt": ["https://registry.gdi-de.org/de.nw/radnetz/instances/Section_Wuppertal_8395_173_left_geometry"], "https://registry.gdi-de.org/up3/ontology/licht": ["https://registry.gdi-de.org/codelist/de.bund.balm.radnetz/Licht/1"], "https://registry.gdi-de.org/up3/ontology/quell-ID": ["8395"], "https://registry.gdi-de.org/up3/ontology/richtung": ["https://registry.gdi-de.org/codelist/de.bund.balm.radnetz/Richtung/3"], "https://registry.gdi-de.org/up3/ontology/steigung": ["5.387946"], "https://registry.gdi-de.org/up3/ontology/strecken-ID": ["Section_Wuppertal_8395_173_left"]}, "geometry": {"type": "LineString", "coordinates": [[7.1549499283, 51.2511211844, 178.12], [7.1564559415, 51.2514252235, 184.07]]}}, {"type": "Feature", "id": "https://registry.gdi-de.org/de.nw/radnetz/instances/Section_Wuppertal_1227125_675_left", "name": "", "dateprops": [], "properties": {"http://rdfs.org/ns/void#inDataset": ["https://registry.gdi-de.org/de.nw/radnetz/instances/exnw_dataset"], "http://www.opengis.net/ont/geosparql#hasGeometry": ["https://registry.gdi-de.org/de.nw/radnetz/instances/Section_Wuppertal_1227125_675_left_geometry"], "http://www.w3.org/1999/02/22-rdf-syntax-ns#type": ["https://registry.gdi-de.org/up3/ontology/Streckenabschnitt_optional"], "https://registry.gdi-de.org/up3/ontology/beginntBeiKnoten": ["https://registry.gdi-de.org/de.nw/radnetz/instances/Knoten_Wuppertal_112340101"], "https://registry.gdi-de.org/up3/ontology/endetBeiKnoten": ["https://registry.gdi-de.org/de.nw/radnetz/instances/Knoten_Wuppertal_112350102"], "https://registry.gdi-de.org/up3/ontology/geometrieAbschnitt": ["https://registry.gdi-de.org/de.nw/radnetz/instances/Section_Wuppertal_1227125_675_left_geometry"], "https://registry.gdi-de.org/up3/ontology/licht": ["https://registry.gdi-de.org/codelist/de.bund.balm.radnetz/Licht/1"], "https://registry.gdi-de.org/up3/ontology/quell-ID": ["1227125"], "https://registry.gdi-de.org/up3/ontology/richtung": ["https://registry.gdi-de.org/codelist/de.bund.balm.radnetz/Richtung/3"], "https://registry.gdi-de.org/up3/ontology/steigung": ["6.395208"], "https://registry.gdi-de.org/up3/ontology/strecken-ID": ["Section_Wuppertal_1227125_675_left"]}, "geometry": {"type": "LineString", "coordinates": [[7.1641113959, 51.2452228587, 248.57], [7.1643162809, 51.2450327281, 0.0], [7.1653376275, 51.2446450382, 0.0], [7.1671675879, 51.244518889, 0.0], [7.1680911793, 51.2442310118, 0.0], [7.1694744901, 51.2434351572, 0.0], [7.1697232928, 51.2433440097, 278.02]]}}, {"type": "Feature", "id": "https://registry.gdi-de.org/de.nw/radnetz/instances/Section_Wuppertal_1228349_703_left", "name": "", "dateprops": [], "properties": {"http://rdfs.org/ns/void#inDataset": ["https://registry.gdi-de.org/de.nw/radnetz/instances/exnw_dataset"], "http://www.opengis.net/ont/geosparql#hasGeometry": ["https://registry.gdi-de.org/de.nw/radnetz/instances/Section_Wuppertal_1228349_703_left_geometry"], "http://www.w3.org/1999/02/22-rdf-syntax-ns#type": ["https://registry.gdi-de.org/up3/ontology/Streckenabschnitt_optional"], "https://registry.gdi-de.org/up3/ontology/beginntBeiKnoten": ["https://registry.gdi-de.org/de.nw/radnetz/instances/Knoten_Wuppertal_2963"], "https://registry.gdi-de.org/up3/ontology/endetBeiKnoten": ["https://registry.gdi-de.org/de.nw/radnetz/instances/Knoten_Wuppertal_1189690549"], "https://registry.gdi-de.org/up3/ontology/geometrieAbschnitt": ["https://registry.gdi-de.org/de.nw/radnetz/instances/Section_Wuppertal_1228349_703_left_geometry"], "https://registry.gdi-de.org/up3/ontology/licht": ["https://registry.gdi-de.org/codelist/de.bund.balm.radnetz/Licht/1"], "https://registry.gdi-de.org/up3/ontology/quell-ID": ["1228349"], "https://registry.gdi-de.org/up3/ontology/richtung": ["https://registry.gdi-de.org/codelist/de.bund.balm.radnetz/Richtung/3"], "https://registry.gdi-de.org/up3/ontology/steigung": ["4.137441"], "https://registry.gdi-de.org/up3/ontology/strecken-ID": ["Section_Wuppertal_1228349_703_left"]}, "geometry": {"type": "LineString", "coordinates": [[7.0883828809, 51.2468516338, 153.83], [7.0885807659, 51.2471197609, 0.0], [7.0890140087, 51.2482012216, 0.0], [7.0898360992, 51.2487711616, 163.86]]}}, {"type": "Feature", "id": "https://registry.gdi-de.org/de.nw/radnetz/instances/Section_Wuppertal_1225529_484_left", "name": "", "dateprops": [], "properties": {"http://rdfs.org/ns/void#inDataset": ["https://registry.gdi-de.org/de.nw/radnetz/instances/exnw_dataset"], "http://www.opengis.net/ont/geosparql#hasGeometry": ["https://registry.gdi-de.org/de.nw/radnetz/instances/Section_Wuppertal_1225529_484_left_geometry"], "http://www.w3.org/1999/02/22-rdf-syntax-ns#type": ["https://registry.gdi-de.org/up3/ontology/Streckenabschnitt_optional"], "https://registry.gdi-de.org/up3/ontology/beginntBeiKnoten": ["https://registry.gdi-de.org/de.nw/radnetz/instances/Knoten_Wuppertal_115500101"], "https://registry.gdi-de.org/up3/ontology/endetBeiKnoten": ["https://registry.gdi-de.org/de.nw/radnetz/instances/Knoten_Wuppertal_8765"], "https://registry.gdi-de.org/up3/ontology/fuehrung": ["https://registry.gdi-de.org/codelist/de.bund.balm.radnetz/Fuehrung/401"], "https://registry.gdi-de.org/up3/ontology/geometrieAbschnitt": ["https://registry.gdi-de.org/de.nw/radnetz/instances/Section_Wuppertal_1225529_484_left_geometry"], "https://registry.gdi-de.org/up3/ontology/licht": ["https://registry.gdi-de.org/codelist/de.bund.balm.radnetz/Licht/1"], "https://registry.gdi-de.org/up3/ontology/quell-ID": ["1225529"], "https://registry.gdi-de.org/up3/ontology/richtung": ["https://registry.gdi-de.org/codelist/de.bund.balm.radnetz/Richtung/3"], "https://registry.gdi-de.org/up3/ontology/steigung": ["0.02653795"], "https://registry.gdi-de.org/up3/ontology/strecken-ID": ["Section_Wuppertal_1225529_484_left"]}, "geometry": {"type": "LineString", "coordinates": [[7.2312482176, 51.2601227277, 180.87], [7.2308793206, 51.2598753512, 180.88]]}}, {"type": "Feature", "id": "https://registry.gdi-de.org/de.nw/radnetz/instances/Section_Wuppertal_1226735_620_left", "name": "", "dateprops": [], "properties": {"http://rdfs.org/ns/void#inDataset": ["https://registry.gdi-de.org/de.nw/radnetz/instances/exnw_dataset"], "http://www.opengis.net/ont/geosparql#hasGeometry": ["https://registry.gdi-de.org/de.nw/radnetz/instances/Section_Wuppertal_1226735_620_left_geometry"], "http://www.w3.org/1999/02/22-rdf-syntax-ns#type": ["https://registry.gdi-de.org/up3/ontology/Streckenabschnitt_optional"], "https://registry.gdi-de.org/up3/ontology/beginntBeiKnoten": ["https://registry.gdi-de.org/de.nw/radnetz/instances/Knoten_Wuppertal_115510101"], "https://registry.gdi-de.org/up3/ontology/endetBeiKnoten": ["https://registry.gdi-de.org/de.nw/radnetz/instances/Knoten_Wuppertal_8733"], "https://registry.gdi-de.org/up3/ontology/geometrieAbschnitt": ["https://registry.gdi-de.org/de.nw/radnetz/instances/Section_Wuppertal_1226735_620_left_geometry"], "https://registry.gdi-de.org/up3/ontology/licht": ["https://registry.gdi-de.org/codelist/de.bund.balm.radnetz/Licht/1"], "https://registry.gdi-de.org/up3/ontology/quell-ID": ["1226735"], "https://registry.gdi-de.org/up3/ontology/richtung": ["https://registry.gdi-de.org/codelist/de.bund.balm.radnetz/Richtung/3"], "https://registry.gdi-de.org/up3/ontology/steigung": ["5.217662"], "https://registry.gdi-de.org/up3/ontology/strecken-ID": ["Section_Wuppertal_1226735_620_left"]}, "geometry": {"type": "LineString", "coordinates": [[7.2305422257, 51.2554522433, 174.89], [7.2296658938, 51.2548934398, 179.44]]}}, {"type": "Feature", "id": "https://registry.gdi-de.org/de.nw/radnetz/instances/Section_Wuppertal_556_885_left", "name": "", "dateprops": [], "properties": {"http://rdfs.org/ns/void#inDataset": ["https://registry.gdi-de.org/de.nw/radnetz/instances/exnw_dataset"], "http://www.opengis.net/ont/geosparql#hasGeometry": ["https://registry.gdi-de.org/de.nw/radnetz/instances/Section_Wuppertal_556_885_left_geometry"], "http://www.w3.org/1999/02/22-rdf-syntax-ns#type": ["https://registry.gdi-de.org/up3/ontology/Streckenabschnitt_optional"], "https://registry.gdi-de.org/up3/ontology/beginntBeiKnoten": ["https://registry.gdi-de.org/de.nw/radnetz/instances/Knoten_Wuppertal_5074"], "https://registry.gdi-de.org/up3/ontology/endetBeiKnoten": ["https://registry.gdi-de.org/de.nw/radnetz/instances/Knoten_Wuppertal_5014"], "https://registry.gdi-de.org/up3/ontology/geometrieAbschnitt": ["https://registry.gdi-de.org/de.nw/radnetz/instances/Section_Wuppertal_556_885_left_geometry"], "https://registry.gdi-de.org/up3/ontology/licht": ["https://registry.gdi-de.org/codelist/de.bund.balm.radnetz/Licht/1"], "https://registry.gdi-de.org/up3/ontology/quell-ID": ["556"], "https://registry.gdi-de.org/up3/ontology/richtung": ["https://registry.gdi-de.org/codelist/de.bund.balm.radnetz/Richtung/3"], "https://registry.gdi-de.org/up3/ontology/steigung": ["0.08744413"], "https://registry.gdi-de.org/up3/ontology/strecken-ID": ["Section_Wuppertal_556_885_left"]}, "geometry": {"type": "LineString", "coordinates": [[7.1445395894, 51.2662993071, 172.28], [7.1440052757, 51.2662585104, 0.0], [7.1437330865, 51.2662143389, 172.33]]}}, {"type": "Feature", "id": "https://registry.gdi-de.org/de.nw/radnetz/instances/Section_Wuppertal_1227065_671_left", "name": "", "dateprops": [], "properties": {"http://rdfs.org/ns/void#inDataset": ["https://registry.gdi-de.org/de.nw/radnetz/instances/exnw_dataset"], "http://www.opengis.net/ont/geosparql#hasGeometry": ["https://registry.gdi-de.org/de.nw/radnetz/instances/Section_Wuppertal_1227065_671_left_geometry"], "http://www.w3.org/1999/02/22-rdf-syntax-ns#type": ["https://registry.gdi-de.org/up3/ontology/Streckenabschnitt_optional"], "https://registry.gdi-de.org/up3/ontology/beginntBeiKnoten": ["https://registry.gdi-de.org/de.nw/radnetz/instances/Knoten_Wuppertal_112350101"], "https://registry.gdi-de.org/up3/ontology/endetBeiKnoten": ["https://registry.gdi-de.org/de.nw/radnetz/instances/Knoten_Wuppertal_6302"], "https://registry.gdi-de.org/up3/ontology/geometrieAbschnitt": ["https://registry.gdi-de.org/de.nw/radnetz/instances/Section_Wuppertal_1227065_671_left_geometry"], "https://registry.gdi-de.org/up3/ontology/licht": ["https://registry.gdi-de.org/codelist/de.bund.balm.radnetz/Licht/1"], "https://registry.gdi-de.org/up3/ontology/quell-ID": ["1227065"], "https://registry.gdi-de.org/up3/ontology/richtung": ["https://registry.gdi-de.org/codelist/de.bund.balm.radnetz/Richtung/3"], "https://registry.gdi-de.org/up3/ontology/steigung": ["6.446655"], "https://registry.gdi-de.org/up3/ontology/strecken-ID": ["Section_Wuppertal_1227065_671_left"]}, "geometry": {"type": "LineString", "coordinates": [[7.1699328832, 51.2432675971, 279.07], [7.1704262238, 51.2431290016, 0.0], [7.1708832292, 51.2430794921, 283.59]]}}, {"type": "Feature", "id": "https://registry.gdi-de.org/de.nw/radnetz/instances/Section_Wuppertal_2578_56_left", "name": "", "dateprops": [], "properties": {"http://rdfs.org/ns/void#inDataset": ["https://registry.gdi-de.org/de.nw/radnetz/instances/exnw_dataset"], "http://www.opengis.net/ont/geosparql#hasGeometry": ["https://registry.gdi-de.org/de.nw/radnetz/instances/Section_Wuppertal_2578_56_left_geometry"], "http://www.w3.org/1999/02/22-rdf-syntax-ns#type": ["https://registry.gdi-de.org/up3/ontology/Streckenabschnitt_optional"], "https://registry.gdi-de.org/up3/ontology/beginntBeiKnoten": ["https://registry.gdi-de.org/de.nw/radnetz/instances/Knoten_Wuppertal_2558"], "https://registry.gdi-de.org/up3/ontology/endetBeiKnoten": ["https://registry.gdi-de.org/de.nw/radnetz/instances/Knoten_Wuppertal_2646"], "https://registry.gdi-de.org/up3/ontology/geometrieAbschnitt": ["https://registry.gdi-de.org/de.nw/radnetz/instances/Section_Wuppertal_2578_56_left_geometry"], "https://registry.gdi-de.org/up3/ontology/licht": ["https://registry.gdi-de.org/codelist/de.bund.balm.radnetz/Licht/1"], "https://registry.gdi-de.org/up3/ontology/quell-ID": ["2578"], "https://registry.gdi-de.org/up3/ontology/richtung": ["https://registry.gdi-de.org/codelist/de.bund.balm.radnetz/Richtung/3"], "https://registry.gdi-de.org/up3/ontology/steigung": ["0.5700013"], "https://registry.gdi-de.org/up3/ontology/strecken-ID": ["Section_Wuppertal_2578_56_left"]}, "geometry": {"type": "LineString", "coordinates": [[7.0696600721, 51.2349793442, 179.09], [7.0700556088, 51.2348974151, 0.0], [7.0708939694, 51.2347955919, 0.0], [7.0714035831, 51.2348481478, 0.0], [7.0718095617, 51.2349303532, 0.0], [7.0722753348, 51.2350610796, 0.0], [7.0724470995, 51.2351576548, 0.0], [7.0724306444, 51.235292909, 0.0], [7.0723923559, 51.2354935423, 180.48]]}}, {"type": "Feature", "id": "https://registry.gdi-de.org/de.nw/radnetz/instances/Section_Wuppertal_10815_224_left", "name": "", "dateprops": [], "properties": {"http://rdfs.org/ns/void#inDataset": ["https://registry.gdi-de.org/de.nw/radnetz/instances/exnw_dataset"], "http://www.opengis.net/ont/geosparql#hasGeometry": ["https://registry.gdi-de.org/de.nw/radnetz/instances/Section_Wuppertal_10815_224_left_geometry"], "http://www.w3.org/1999/02/22-rdf-syntax-ns#type": ["https://registry.gdi-de.org/up3/ontology/Streckenabschnitt_optional"], "https://registry.gdi-de.org/up3/ontology/beginntBeiKnoten": ["https://registry.gdi-de.org/de.nw/radnetz/instances/Knoten_Wuppertal_9265"], "https://registry.gdi-de.org/up3/ontology/endetBeiKnoten": ["https://registry.gdi-de.org/de.nw/radnetz/instances/Knoten_Wuppertal_9259"], "https://registry.gdi-de.org/up3/ontology/geometrieAbschnitt": ["https://registry.gdi-de.org/de.nw/radnetz/instances/Section_Wuppertal_10815_224_left_geometry"], "https://registry.gdi-de.org/up3/ontology/licht": ["https://registry.gdi-de.org/codelist/de.bund.balm.radnetz/Licht/1"], "https://registry.gdi-de.org/up3/ontology/quell-ID": ["10815"], "https://registry.gdi-de.org/up3/ontology/richtung": ["https://registry.gdi-de.org/codelist/de.bund.balm.radnetz/Richtung/3"], "https://registry.gdi-de.org/up3/ontology/steigung": ["0.6699561"], "https://registry.gdi-de.org/up3/ontology/strecken-ID": ["Section_Wuppertal_10815_224_left"]}, "geometry": {"type": "LineString", "coordinates": [[7.2474316656, 51.2754186436, 201.39], [7.2472199038, 51.2753995075, 201.49]]}}, {"type": "Feature", "id": "https://registry.gdi-de.org/de.nw/radnetz/instances/Section_Wuppertal_1226192_546_left", "name": "", "dateprops": [], "properties": {"http://rdfs.org/ns/void#inDataset": ["https://registry.gdi-de.org/de.nw/radnetz/instances/exnw_dataset"], "http://www.opengis.net/ont/geosparql#hasGeometry": ["https://registry.gdi-de.org/de.nw/radnetz/instances/Section_Wuppertal_1226192_546_left_geometry"], "http://www.w3.org/1999/02/22-rdf-syntax-ns#type": ["https://registry.gdi-de.org/up3/ontology/Streckenabschnitt_optional"], "https://registry.gdi-de.org/up3/ontology/beginntBeiKnoten": ["https://registry.gdi-de.org/de.nw/radnetz/instances/Knoten_Wuppertal_3266"], "https://registry.gdi-de.org/up3/ontology/endetBeiKnoten": ["https://registry.gdi-de.org/de.nw/radnetz/instances/Knoten_Wuppertal_113070204"], "https://registry.gdi-de.org/up3/ontology/geometrieAbschnitt": ["https://registry.gdi-de.org/de.nw/radnetz/instances/Section_Wuppertal_1226192_546_left_geometry"], "https://registry.gdi-de.org/up3/ontology/licht": ["https://registry.gdi-de.org/codelist/de.bund.balm.radnetz/Licht/1"], "https://registry.gdi-de.org/up3/ontology/quell-ID": ["1226192"], "https://registry.gdi-de.org/up3/ontology/richtung": ["https://registry.gdi-de.org/codelist/de.bund.balm.radnetz/Richtung/3"], "https://registry.gdi-de.org/up3/ontology/steigung": ["0.2606646"], "https://registry.gdi-de.org/up3/ontology/strecken-ID": ["Section_Wuppertal_1226192_546_left"]}, "geometry": {"type": "LineString", "coordinates": [[7.102945077, 51.2415863983, 137.71], [7.1029402311, 51.2410690648, 137.86]]}}, {"type": "Feature", "id": "https://registry.gdi-de.org/de.nw/radnetz/instances/Section_Wuppertal_1226619_604_left", "name": "", "dateprops": [], "properties": {"http://rdfs.org/ns/void#inDataset": ["https://registry.gdi-de.org/de.nw/radnetz/instances/exnw_dataset"], "http://www.opengis.net/ont/geosparql#hasGeometry": ["https://registry.gdi-de.org/de.nw/radnetz/instances/Section_Wuppertal_1226619_604_left_geometry"], "http://www.w3.org/1999/02/22-rdf-syntax-ns#type": ["https://registry.gdi-de.org/up3/ontology/Streckenabschnitt_optional"], "https://registry.gdi-de.org/up3/ontology/beginntBeiKnoten": ["https://registry.gdi-de.org/de.nw/radnetz/instances/Knoten_Wuppertal_113230102"], "https://registry.gdi-de.org/up3/ontology/endetBeiKnoten": ["https://registry.gdi-de.org/de.nw/radnetz/instances/Knoten_Wuppertal_2615"], "https://registry.gdi-de.org/up3/ontology/geometrieAbschnitt": ["https://registry.gdi-de.org/de.nw/radnetz/instances/Section_Wuppertal_1226619_604_left_geometry"], "https://registry.gdi-de.org/up3/ontology/licht": ["https://registry.gdi-de.org/codelist/de.bund.balm.radnetz/Licht/1"], "https://registry.gdi-de.org/up3/ontology/quell-ID": ["1226619"], "https://registry.gdi-de.org/up3/ontology/richtung": ["https://registry.gdi-de.org/codelist/de.bund.balm.radnetz/Richtung/3"], "https://registry.gdi-de.org/up3/ontology/steigung": ["2.883332"], "https://registry.gdi-de.org/up3/ontology/strecken-ID": ["Section_Wuppertal_1226619_604_left"]}, "geometry": {"type": "LineString", "coordinates": [[7.0709059192, 51.2455346521, 199.58], [7.0710245138, 51.2450163728, 0.0], [7.0709843999, 51.2445222787, 0.0], [7.0709851244, 51.2443963199, 203.25]]}}, {"type": "Feature", "id": "https://registry.gdi-de.org/de.nw/radnetz/instances/Section_Wuppertal_1227008_664_left", "name": "", "dateprops": [], "properties": {"http://rdfs.org/ns/void#inDataset": ["https://registry.gdi-de.org/de.nw/radnetz/instances/exnw_dataset"], "http://www.opengis.net/ont/geosparql#hasGeometry": ["https://registry.gdi-de.org/de.nw/radnetz/instances/Section_Wuppertal_1227008_664_left_geometry"], "http://www.w3.org/1999/02/22-rdf-syntax-ns#type": ["https://registry.gdi-de.org/up3/ontology/Streckenabschnitt_optional"], "https://registry.gdi-de.org/up3/ontology/beginntBeiKnoten": ["https://registry.gdi-de.org/de.nw/radnetz/instances/Knoten_Wuppertal_110680203"], "https://registry.gdi-de.org/up3/ontology/endetBeiKnoten": ["https://registry.gdi-de.org/de.nw/radnetz/instances/Knoten_Wuppertal_110680204"], "https://registry.gdi-de.org/up3/ontology/geometrieAbschnitt": ["https://registry.gdi-de.org/de.nw/radnetz/instances/Section_Wuppertal_1227008_664_left_geometry"], "https://registry.gdi-de.org/up3/ontology/licht": ["https://registry.gdi-de.org/codelist/de.bund.balm.radnetz/Licht/1"], "https://registry.gdi-de.org/up3/ontology/quell-ID": ["1227008"], "https://registry.gdi-de.org/up3/ontology/richtung": ["https://registry.gdi-de.org/codelist/de.bund.balm.radnetz/Richtung/3"], "https://registry.gdi-de.org/up3/ontology/steigung": ["2.552865"], "https://registry.gdi-de.org/up3/ontology/strecken-ID": ["Section_Wuppertal_1227008_664_left"]}, "geometry": {"type": "LineString", "coordinates": [[7.1036208299, 51.253789495, 158.86], [7.1033714647, 51.2538622249, 159.35]]}}, {"type": "Feature", "id": "https://registry.gdi-de.org/de.nw/radnetz/instances/Section_Wuppertal_7861_162_left", "name": "", "dateprops": [], "properties": {"http://rdfs.org/ns/void#inDataset": ["https://registry.gdi-de.org/de.nw/radnetz/instances/exnw_dataset"], "http://www.opengis.net/ont/geosparql#hasGeometry": ["https://registry.gdi-de.org/de.nw/radnetz/instances/Section_Wuppertal_7861_162_left_geometry"], "http://www.w3.org/1999/02/22-rdf-syntax-ns#type": ["https://registry.gdi-de.org/up3/ontology/Streckenabschnitt_optional"], "https://registry.gdi-de.org/up3/ontology/beginntBeiKnoten": ["https://registry.gdi-de.org/de.nw/radnetz/instances/Knoten_Wuppertal_2987"], "https://registry.gdi-de.org/up3/ontology/endetBeiKnoten": ["https://registry.gdi-de.org/de.nw/radnetz/instances/Knoten_Wuppertal_2976"], "https://registry.gdi-de.org/up3/ontology/geometrieAbschnitt": ["https://registry.gdi-de.org/de.nw/radnetz/instances/Section_Wuppertal_7861_162_left_geometry"], "https://registry.gdi-de.org/up3/ontology/licht": ["https://registry.gdi-de.org/codelist/de.bund.balm.radnetz/Licht/1"], "https://registry.gdi-de.org/up3/ontology/quell-ID": ["7861"], "https://registry.gdi-de.org/up3/ontology/richtung": ["https://registry.gdi-de.org/codelist/de.bund.balm.radnetz/Richtung/3"], "https://registry.gdi-de.org/up3/ontology/steigung": ["0.03753862"], "https://registry.gdi-de.org/up3/ontology/strecken-ID": ["Section_Wuppertal_7861_162_left"]}, "geometry": {"type": "LineString", "coordinates": [[7.089953447, 51.2364139932, 136.93], [7.0893794992, 51.2360983904, 136.95]]}}, {"type": "Feature", "id": "https://registry.gdi-de.org/de.nw/radnetz/instances/Section_Wuppertal_1225167_883_left", "name": "", "dateprops": [], "properties": {"http://rdfs.org/ns/void#inDataset": ["https://registry.gdi-de.org/de.nw/radnetz/instances/exnw_dataset"], "http://www.opengis.net/ont/geosparql#hasGeometry": ["https://registry.gdi-de.org/de.nw/radnetz/instances/Section_Wuppertal_1225167_883_left_geometry"], "http://www.w3.org/1999/02/22-rdf-syntax-ns#type": ["https://registry.gdi-de.org/up3/ontology/Streckenabschnitt_optional"], "https://registry.gdi-de.org/up3/ontology/beginntBeiKnoten": ["https://registry.gdi-de.org/de.nw/radnetz/instances/Knoten_Wuppertal_5171"], "https://registry.gdi-de.org/up3/ontology/endetBeiKnoten": ["https://registry.gdi-de.org/de.nw/radnetz/instances/Knoten_Wuppertal_110190203"], "https://registry.gdi-de.org/up3/ontology/geometrieAbschnitt": ["https://registry.gdi-de.org/de.nw/radnetz/instances/Section_Wuppertal_1225167_883_left_geometry"], "https://registry.gdi-de.org/up3/ontology/licht": ["https://registry.gdi-de.org/codelist/de.bund.balm.radnetz/Licht/1"], "https://registry.gdi-de.org/up3/ontology/quell-ID": ["1225167"], "https://registry.gdi-de.org/up3/ontology/richtung": ["https://registry.gdi-de.org/codelist/de.bund.balm.radnetz/Richtung/3"], "https://registry.gdi-de.org/up3/ontology/steigung": ["1.021987"], "https://registry.gdi-de.org/up3/ontology/strecken-ID": ["Section_Wuppertal_1225167_883_left"]}, "geometry": {"type": "LineString", "coordinates": [[7.146538349, 51.2553501562, 144.86], [7.1468369659, 51.2552488212, 0.0], [7.1476521332, 51.2554794159, 145.74]]}}, {"type": "Feature", "id": "https://registry.gdi-de.org/de.nw/radnetz/instances/Section_Wuppertal_1227007_663_left", "name": "", "dateprops": [], "properties": {"http://rdfs.org/ns/void#inDataset": ["https://registry.gdi-de.org/de.nw/radnetz/instances/exnw_dataset"], "http://www.opengis.net/ont/geosparql#hasGeometry": ["https://registry.gdi-de.org/de.nw/radnetz/instances/Section_Wuppertal_1227007_663_left_geometry"], "http://www.w3.org/1999/02/22-rdf-syntax-ns#type": ["https://registry.gdi-de.org/up3/ontology/Streckenabschnitt_optional"], "https://registry.gdi-de.org/up3/ontology/beginntBeiKnoten": ["https://registry.gdi-de.org/de.nw/radnetz/instances/Knoten_Wuppertal_3316"], "https://registry.gdi-de.org/up3/ontology/endetBeiKnoten": ["https://registry.gdi-de.org/de.nw/radnetz/instances/Knoten_Wuppertal_110680203"], "https://registry.gdi-de.org/up3/ontology/geometrieAbschnitt": ["https://registry.gdi-de.org/de.nw/radnetz/instances/Section_Wuppertal_1227007_663_left_geometry"], "https://registry.gdi-de.org/up3/ontology/licht": ["https://registry.gdi-de.org/codelist/de.bund.balm.radnetz/Licht/1"], "https://registry.gdi-de.org/up3/ontology/quell-ID": ["1227007"], "https://registry.gdi-de.org/up3/ontology/richtung": ["https://registry.gdi-de.org/codelist/de.bund.balm.radnetz/Richtung/3"], "https://registry.gdi-de.org/up3/ontology/steigung": ["2.416961"], "https://registry.gdi-de.org/up3/ontology/strecken-ID": ["Section_Wuppertal_1227007_663_left"]}, "geometry": {"type": "LineString", "coordinates": [[7.1045265199, 51.2535499518, 157.2], [7.1041845935, 51.2536250638, 0.0], [7.1036208299, 51.253789495, 158.86]]}}, {"type": "Feature", "id": "https://registry.gdi-de.org/de.nw/radnetz/instances/Section_Wuppertal_1492_33_left", "name": "", "dateprops": [], "properties": {"http://rdfs.org/ns/void#inDataset": ["https://registry.gdi-de.org/de.nw/radnetz/instances/exnw_dataset"], "http://www.opengis.net/ont/geosparql#hasGeometry": ["https://registry.gdi-de.org/de.nw/radnetz/instances/Section_Wuppertal_1492_33_left_geometry"], "http://www.w3.org/1999/02/22-rdf-syntax-ns#type": ["https://registry.gdi-de.org/up3/ontology/Streckenabschnitt_optional"], "https://registry.gdi-de.org/up3/ontology/beginntBeiKnoten": ["https://registry.gdi-de.org/de.nw/radnetz/instances/Knoten_Wuppertal_3202"], "https://registry.gdi-de.org/up3/ontology/endetBeiKnoten": ["https://registry.gdi-de.org/de.nw/radnetz/instances/Knoten_Wuppertal_3193"], "https://registry.gdi-de.org/up3/ontology/geometrieAbschnitt": ["https://registry.gdi-de.org/de.nw/radnetz/instances/Section_Wuppertal_1492_33_left_geometry"], "https://registry.gdi-de.org/up3/ontology/licht": ["https://registry.gdi-de.org/codelist/de.bund.balm.radnetz/Licht/1"], "https://registry.gdi-de.org/up3/ontology/quell-ID": ["1492"], "https://registry.gdi-de.org/up3/ontology/richtung": ["https://registry.gdi-de.org/codelist/de.bund.balm.radnetz/Richtung/3"], "https://registry.gdi-de.org/up3/ontology/steigung": ["6.209829"], "https://registry.gdi-de.org/up3/ontology/strecken-ID": ["Section_Wuppertal_1492_33_left"]}, "geometry": {"type": "LineString", "coordinates": [[7.0986855229, 51.263276966, 247.31], [7.0984157131, 51.2631852058, 248.64]]}}, {"type": "Feature", "id": "https://registry.gdi-de.org/de.nw/radnetz/instances/Section_Wuppertal_55_2_left", "name": "", "dateprops": [], "properties": {"http://rdfs.org/ns/void#inDataset": ["https://registry.gdi-de.org/de.nw/radnetz/instances/exnw_dataset"], "http://www.opengis.net/ont/geosparql#hasGeometry": ["https://registry.gdi-de.org/de.nw/radnetz/instances/Section_Wuppertal_55_2_left_geometry"], "http://www.w3.org/1999/02/22-rdf-syntax-ns#type": ["https://registry.gdi-de.org/up3/ontology/Streckenabschnitt_optional"], "https://registry.gdi-de.org/up3/ontology/beginntBeiKnoten": ["https://registry.gdi-de.org/de.nw/radnetz/instances/Knoten_Wuppertal_2608"], "https://registry.gdi-de.org/up3/ontology/endetBeiKnoten": ["https://registry.gdi-de.org/de.nw/radnetz/instances/Knoten_Wuppertal_2604"], "https://registry.gdi-de.org/up3/ontology/fuehrung": ["https://registry.gdi-de.org/codelist/de.bund.balm.radnetz/Fuehrung/401"], "https://registry.gdi-de.org/up3/ontology/geometrieAbschnitt": ["https://registry.gdi-de.org/de.nw/radnetz/instances/Section_Wuppertal_55_2_left_geometry"], "https://registry.gdi-de.org/up3/ontology/licht": ["https://registry.gdi-de.org/codelist/de.bund.balm.radnetz/Licht/1"], "https://registry.gdi-de.org/up3/ontology/quell-ID": ["55"], "https://registry.gdi-de.org/up3/ontology/richtung": ["https://registry.gdi-de.org/codelist/de.bund.balm.radnetz/Richtung/3"], "https://registry.gdi-de.org/up3/ontology/steigung": ["0.7778568"], "https://registry.gdi-de.org/up3/ontology/strecken-ID": ["Section_Wuppertal_55_2_left"]}, "geometry": {"type": "LineString", "coordinates": [[7.0707174733, 51.2463581624, 198.71], [7.070604115, 51.2468266504, 199.12]]}}, {"type": "Feature", "id": "https://registry.gdi-de.org/de.nw/radnetz/instances/Section_Wuppertal_4465_102_left", "name": "", "dateprops": [], "properties": {"http://rdfs.org/ns/void#inDataset": ["https://registry.gdi-de.org/de.nw/radnetz/instances/exnw_dataset"], "http://www.opengis.net/ont/geosparql#hasGeometry": ["https://registry.gdi-de.org/de.nw/radnetz/instances/Section_Wuppertal_4465_102_left_geometry"], "http://www.w3.org/1999/02/22-rdf-syntax-ns#type": ["https://registry.gdi-de.org/up3/ontology/Streckenabschnitt_optional"], "https://registry.gdi-de.org/up3/ontology/beginntBeiKnoten": ["https://registry.gdi-de.org/de.nw/radnetz/instances/Knoten_Wuppertal_2927"], "https://registry.gdi-de.org/up3/ontology/endetBeiKnoten": ["https://registry.gdi-de.org/de.nw/radnetz/instances/Knoten_Wuppertal_2920"], "https://registry.gdi-de.org/up3/ontology/geometrieAbschnitt": ["https://registry.gdi-de.org/de.nw/radnetz/instances/Section_Wuppertal_4465_102_left_geometry"], "https://registry.gdi-de.org/up3/ontology/licht": ["https://registry.gdi-de.org/codelist/de.bund.balm.radnetz/Licht/1"], "https://registry.gdi-de.org/up3/ontology/quell-ID": ["4465"], "https://registry.gdi-de.org/up3/ontology/richtung": ["https://registry.gdi-de.org/codelist/de.bund.balm.radnetz/Richtung/3"], "https://registry.gdi-de.org/up3/ontology/steigung": ["5.60221"], "https://registry.gdi-de.org/up3/ontology/strecken-ID": ["Section_Wuppertal_4465_102_left"]}, "geometry": {"type": "LineString", "coordinates": [[7.0862042043, 51.2467821136, 155.59], [7.0858864654, 51.2465912808, 157.31]]}}, {"type": "Feature", "id": "https://registry.gdi-de.org/de.nw/radnetz/instances/Section_Wuppertal_4699_106_left", "name": "", "dateprops": [], "properties": {"http://rdfs.org/ns/void#inDataset": ["https://registry.gdi-de.org/de.nw/radnetz/instances/exnw_dataset"], "http://www.opengis.net/ont/geosparql#hasGeometry": ["https://registry.gdi-de.org/de.nw/radnetz/instances/Section_Wuppertal_4699_106_left_geometry"], "http://www.w3.org/1999/02/22-rdf-syntax-ns#type": ["https://registry.gdi-de.org/up3/ontology/Streckenabschnitt_optional"], "https://registry.gdi-de.org/up3/ontology/beginntBeiKnoten": ["https://registry.gdi-de.org/de.nw/radnetz/instances/Knoten_Wuppertal_6052"], "https://registry.gdi-de.org/up3/ontology/endetBeiKnoten": ["https://registry.gdi-de.org/de.nw/radnetz/instances/Knoten_Wuppertal_6277"], "https://registry.gdi-de.org/up3/ontology/fuehrung": ["https://registry.gdi-de.org/codelist/de.bund.balm.radnetz/Fuehrung/405"], "https://registry.gdi-de.org/up3/ontology/geometrieAbschnitt": ["https://registry.gdi-de.org/de.nw/radnetz/instances/Section_Wuppertal_4699_106_left_geometry"], "https://registry.gdi-de.org/up3/ontology/licht": ["https://registry.gdi-de.org/codelist/de.bund.balm.radnetz/Licht/1"], "https://registry.gdi-de.org/up3/ontology/quell-ID": ["4699"], "https://registry.gdi-de.org/up3/ontology/richtung": ["https://registry.gdi-de.org/codelist/de.bund.balm.radnetz/Richtung/3"], "https://registry.gdi-de.org/up3/ontology/steigung": ["0.04974299"], "https://registry.gdi-de.org/up3/ontology/strecken-ID": ["Section_Wuppertal_4699_106_left"]}, "geometry": {"type": "LineString", "coordinates": [[7.163358056, 51.2587058184, 148.9], [7.1644517902, 51.2594679506, 0.0], [7.1650239841, 51.2600015716, 0.0], [7.1656396421, 51.2605527268, 0.0], [7.1664381032, 51.260967213, 0.0], [7.1695049334, 51.2621321051, 149.19]]}}, {"type": "Feature", "id": "https://registry.gdi-de.org/de.nw/radnetz/instances/Section_Wuppertal_670_16_left", "name": "", "dateprops": [], "properties": {"http://rdfs.org/ns/void#inDataset": ["https://registry.gdi-de.org/de.nw/radnetz/instances/exnw_dataset"], "http://www.opengis.net/ont/geosparql#hasGeometry": ["https://registry.gdi-de.org/de.nw/radnetz/instances/Section_Wuppertal_670_16_left_geometry"], "http://www.w3.org/1999/02/22-rdf-syntax-ns#type": ["https://registry.gdi-de.org/up3/ontology/Streckenabschnitt_optional"], "https://registry.gdi-de.org/up3/ontology/beginntBeiKnoten": ["https://registry.gdi-de.org/de.nw/radnetz/instances/Knoten_Wuppertal_2662"], "https://registry.gdi-de.org/up3/ontology/endetBeiKnoten": ["https://registry.gdi-de.org/de.nw/radnetz/instances/Knoten_Wuppertal_2685"], "https://registry.gdi-de.org/up3/ontology/fuehrung": ["https://registry.gdi-de.org/codelist/de.bund.balm.radnetz/Fuehrung/401"], "https://registry.gdi-de.org/up3/ontology/geometrieAbschnitt": ["https://registry.gdi-de.org/de.nw/radnetz/instances/Section_Wuppertal_670_16_left_geometry"], "https://registry.gdi-de.org/up3/ontology/licht": ["https://registry.gdi-de.org/codelist/de.bund.balm.radnetz/Licht/1"], "https://registry.gdi-de.org/up3/ontology/quell-ID": ["670"], "https://registry.gdi-de.org/up3/ontology/richtung": ["https://registry.gdi-de.org/codelist/de.bund.balm.radnetz/Richtung/3"], "https://registry.gdi-de.org/up3/ontology/steigung": ["0.1849566"], "https://registry.gdi-de.org/up3/ontology/strecken-ID": ["Section_Wuppertal_670_16_left"]}, "geometry": {"type": "LineString", "coordinates": [[7.0723585824, 51.2515498054, 184.52], [7.0731012133, 51.2527496826, 0.0], [7.0731091648, 51.2529692262, 184.83]]}}, {"type": "Feature", "id": "https://registry.gdi-de.org/de.nw/radnetz/instances/Section_Wuppertal_1229673_743_left", "name": "", "dateprops": [], "properties": {"http://rdfs.org/ns/void#inDataset": ["https://registry.gdi-de.org/de.nw/radnetz/instances/exnw_dataset"], "http://www.opengis.net/ont/geosparql#hasGeometry": ["https://registry.gdi-de.org/de.nw/radnetz/instances/Section_Wuppertal_1229673_743_left_geometry"], "http://www.w3.org/1999/02/22-rdf-syntax-ns#type": ["https://registry.gdi-de.org/up3/ontology/Streckenabschnitt_optional"], "https://registry.gdi-de.org/up3/ontology/beginntBeiKnoten": ["https://registry.gdi-de.org/de.nw/radnetz/instances/Knoten_Wuppertal_113070204"], "https://registry.gdi-de.org/up3/ontology/endetBeiKnoten": ["https://registry.gdi-de.org/de.nw/radnetz/instances/Knoten_Wuppertal_1189691186"], "https://registry.gdi-de.org/up3/ontology/geometrieAbschnitt": ["https://registry.gdi-de.org/de.nw/radnetz/instances/Section_Wuppertal_1229673_743_left_geometry"], "https://registry.gdi-de.org/up3/ontology/licht": ["https://registry.gdi-de.org/codelist/de.bund.balm.radnetz/Licht/1"], "https://registry.gdi-de.org/up3/ontology/quell-ID": ["1229673"], "https://registry.gdi-de.org/up3/ontology/richtung": ["https://registry.gdi-de.org/codelist/de.bund.balm.radnetz/Richtung/3"], "https://registry.gdi-de.org/up3/ontology/steigung": ["0.4633576"], "https://registry.gdi-de.org/up3/ontology/strecken-ID": ["Section_Wuppertal_1229673_743_left"]}, "geometry": {"type": "LineString", "coordinates": [[7.1029402311, 51.2410690648, 137.86], [7.102933632, 51.2407740756, 0.0], [7.1029326217, 51.240739261, 138.03]]}}, {"type": "Feature", "id": "https://registry.gdi-de.org/de.nw/radnetz/instances/Section_Wuppertal_1224000_400_left", "name": "", "dateprops": [], "properties": {"http://rdfs.org/ns/void#inDataset": ["https://registry.gdi-de.org/de.nw/radnetz/instances/exnw_dataset"], "http://www.opengis.net/ont/geosparql#hasGeometry": ["https://registry.gdi-de.org/de.nw/radnetz/instances/Section_Wuppertal_1224000_400_left_geometry"], "http://www.w3.org/1999/02/22-rdf-syntax-ns#type": ["https://registry.gdi-de.org/up3/ontology/Streckenabschnitt_optional"], "https://registry.gdi-de.org/up3/ontology/beginntBeiKnoten": ["https://registry.gdi-de.org/de.nw/radnetz/instances/Knoten_Wuppertal_3268"], "https://registry.gdi-de.org/up3/ontology/endetBeiKnoten": ["https://registry.gdi-de.org/de.nw/radnetz/instances/Knoten_Wuppertal_114620102"], "https://registry.gdi-de.org/up3/ontology/geometrieAbschnitt": ["https://registry.gdi-de.org/de.nw/radnetz/instances/Section_Wuppertal_1224000_400_left_geometry"], "https://registry.gdi-de.org/up3/ontology/licht": ["https://registry.gdi-de.org/codelist/de.bund.balm.radnetz/Licht/1"], "https://registry.gdi-de.org/up3/ontology/quell-ID": ["1224000"], "https://registry.gdi-de.org/up3/ontology/richtung": ["https://registry.gdi-de.org/codelist/de.bund.balm.radnetz/Richtung/3"], "https://registry.gdi-de.org/up3/ontology/steigung": ["2.220999"], "https://registry.gdi-de.org/up3/ontology/strecken-ID": ["Section_Wuppertal_1224000_400_left"]}, "geometry": {"type": "LineString", "coordinates": [[7.1019835287, 51.2675875999, 237.25], [7.1016184966, 51.2673034025, 0.0], [7.0993049121, 51.2658240741, 0.0], [7.0990831877, 51.2655385042, 0.0], [7.0990946376, 51.2653914829, 244.42]]}}, {"type": "Feature", "id": "https://registry.gdi-de.org/de.nw/radnetz/instances/Section_Wuppertal_3286_79_left", "name": "", "dateprops": [], "properties": {"http://rdfs.org/ns/void#inDataset": ["https://registry.gdi-de.org/de.nw/radnetz/instances/exnw_dataset"], "http://www.opengis.net/ont/geosparql#hasGeometry": ["https://registry.gdi-de.org/de.nw/radnetz/instances/Section_Wuppertal_3286_79_left_geometry"], "http://www.w3.org/1999/02/22-rdf-syntax-ns#type": ["https://registry.gdi-de.org/up3/ontology/Streckenabschnitt_optional"], "https://registry.gdi-de.org/up3/ontology/beginntBeiKnoten": ["https://registry.gdi-de.org/de.nw/radnetz/instances/Knoten_Wuppertal_7005"], "https://registry.gdi-de.org/up3/ontology/endetBeiKnoten": ["https://registry.gdi-de.org/de.nw/radnetz/instances/Knoten_Wuppertal_6952"], "https://registry.gdi-de.org/up3/ontology/geometrieAbschnitt": ["https://registry.gdi-de.org/de.nw/radnetz/instances/Section_Wuppertal_3286_79_left_geometry"], "https://registry.gdi-de.org/up3/ontology/licht": ["https://registry.gdi-de.org/codelist/de.bund.balm.radnetz/Licht/1"], "https://registry.gdi-de.org/up3/ontology/quell-ID": ["3286"], "https://registry.gdi-de.org/up3/ontology/richtung": ["https://registry.gdi-de.org/codelist/de.bund.balm.radnetz/Richtung/3"], "https://registry.gdi-de.org/up3/ontology/steigung": ["0.4759676"], "https://registry.gdi-de.org/up3/ontology/strecken-ID": ["Section_Wuppertal_3286_79_left"]}, "geometry": {"type": "LineString", "coordinates": [[7.1907391098, 51.2680167814, 151.58], [7.1897361331, 51.2674453105, 152.03]]}}, {"type": "Feature", "id": "https://registry.gdi-de.org/de.nw/radnetz/instances/Section_Wuppertal_6850_887_left", "name": "", "dateprops": [], "properties": {"http://rdfs.org/ns/void#inDataset": ["https://registry.gdi-de.org/de.nw/radnetz/instances/exnw_dataset"], "http://www.opengis.net/ont/geosparql#hasGeometry": ["https://registry.gdi-de.org/de.nw/radnetz/instances/Section_Wuppertal_6850_887_left_geometry"], "http://www.w3.org/1999/02/22-rdf-syntax-ns#type": ["https://registry.gdi-de.org/up3/ontology/Streckenabschnitt_optional"], "https://registry.gdi-de.org/up3/ontology/beginntBeiKnoten": ["https://registry.gdi-de.org/de.nw/radnetz/instances/Knoten_Wuppertal_5162"], "https://registry.gdi-de.org/up3/ontology/endetBeiKnoten": ["https://registry.gdi-de.org/de.nw/radnetz/instances/Knoten_Wuppertal_5103"], "https://registry.gdi-de.org/up3/ontology/geometrieAbschnitt": ["https://registry.gdi-de.org/de.nw/radnetz/instances/Section_Wuppertal_6850_887_left_geometry"], "https://registry.gdi-de.org/up3/ontology/licht": ["https://registry.gdi-de.org/codelist/de.bund.balm.radnetz/Licht/1"], "https://registry.gdi-de.org/up3/ontology/quell-ID": ["6850"], "https://registry.gdi-de.org/up3/ontology/richtung": ["https://registry.gdi-de.org/codelist/de.bund.balm.radnetz/Richtung/3"], "https://registry.gdi-de.org/up3/ontology/steigung": ["2.611713"], "https://registry.gdi-de.org/up3/ontology/strecken-ID": ["Section_Wuppertal_6850_887_left"]}, "geometry": {"type": "LineString", "coordinates": [[7.1460199536, 51.2666073462, 169.53], [7.1451539744, 51.2663551478, 171.27]]}}, {"type": "Feature", "id": "https://registry.gdi-de.org/de.nw/radnetz/instances/Section_Wuppertal_1225790_506_left", "name": "", "dateprops": [], "properties": {"http://rdfs.org/ns/void#inDataset": ["https://registry.gdi-de.org/de.nw/radnetz/instances/exnw_dataset"], "http://www.opengis.net/ont/geosparql#hasGeometry": ["https://registry.gdi-de.org/de.nw/radnetz/instances/Section_Wuppertal_1225790_506_left_geometry"], "http://www.w3.org/1999/02/22-rdf-syntax-ns#type": ["https://registry.gdi-de.org/up3/ontology/Streckenabschnitt_optional"], "https://registry.gdi-de.org/up3/ontology/beginntBeiKnoten": ["https://registry.gdi-de.org/de.nw/radnetz/instances/Knoten_Wuppertal_116420102"], "https://registry.gdi-de.org/up3/ontology/endetBeiKnoten": ["https://registry.gdi-de.org/de.nw/radnetz/instances/Knoten_Wuppertal_8951"], "https://registry.gdi-de.org/up3/ontology/geometrieAbschnitt": ["https://registry.gdi-de.org/de.nw/radnetz/instances/Section_Wuppertal_1225790_506_left_geometry"], "https://registry.gdi-de.org/up3/ontology/licht": ["https://registry.gdi-de.org/codelist/de.bund.balm.radnetz/Licht/1"], "https://registry.gdi-de.org/up3/ontology/quell-ID": ["1225790"], "https://registry.gdi-de.org/up3/ontology/richtung": ["https://registry.gdi-de.org/codelist/de.bund.balm.radnetz/Richtung/3"], "https://registry.gdi-de.org/up3/ontology/steigung": ["0.4915336"], "https://registry.gdi-de.org/up3/ontology/strecken-ID": ["Section_Wuppertal_1225790_506_left"]}, "geometry": {"type": "LineString", "coordinates": [[7.236263374, 51.2629652973, 169.11], [7.2363482006, 51.2630859632, 0.0], [7.2364472649, 51.2632141693, 169.26]]}}, {"type": "Feature", "id": "https://registry.gdi-de.org/de.nw/radnetz/instances/Section_Wuppertal_12097_254_left", "name": "", "dateprops": [], "properties": {"http://rdfs.org/ns/void#inDataset": ["https://registry.gdi-de.org/de.nw/radnetz/instances/exnw_dataset"], "http://www.opengis.net/ont/geosparql#hasGeometry": ["https://registry.gdi-de.org/de.nw/radnetz/instances/Section_Wuppertal_12097_254_left_geometry"], "http://www.w3.org/1999/02/22-rdf-syntax-ns#type": ["https://registry.gdi-de.org/up3/ontology/Streckenabschnitt_optional"], "https://registry.gdi-de.org/up3/ontology/beginntBeiKnoten": ["https://registry.gdi-de.org/de.nw/radnetz/instances/Knoten_Wuppertal_8880"], "https://registry.gdi-de.org/up3/ontology/endetBeiKnoten": ["https://registry.gdi-de.org/de.nw/radnetz/instances/Knoten_Wuppertal_8873"], "https://registry.gdi-de.org/up3/ontology/fuehrung": ["https://registry.gdi-de.org/codelist/de.bund.balm.radnetz/Fuehrung/401"], "https://registry.gdi-de.org/up3/ontology/geometrieAbschnitt": ["https://registry.gdi-de.org/de.nw/radnetz/instances/Section_Wuppertal_12097_254_left_geometry"], "https://registry.gdi-de.org/up3/ontology/licht": ["https://registry.gdi-de.org/codelist/de.bund.balm.radnetz/Licht/1"], "https://registry.gdi-de.org/up3/ontology/quell-ID": ["12097"], "https://registry.gdi-de.org/up3/ontology/richtung": ["https://registry.gdi-de.org/codelist/de.bund.balm.radnetz/Richtung/3"], "https://registry.gdi-de.org/up3/ontology/steigung": ["0.2932968"], "https://registry.gdi-de.org/up3/ontology/strecken-ID": ["Section_Wuppertal_12097_254_left"]}, "geometry": {"type": "LineString", "coordinates": [[7.2341186189, 51.2668296687, 165.03], [7.2340936279, 51.266094165, 165.27]]}}, {"type": "Feature", "id": "https://registry.gdi-de.org/de.nw/radnetz/instances/Section_Wuppertal_1224664_427_left", "name": "", "dateprops": [], "properties": {"http://rdfs.org/ns/void#inDataset": ["https://registry.gdi-de.org/de.nw/radnetz/instances/exnw_dataset"], "http://www.opengis.net/ont/geosparql#hasGeometry": ["https://registry.gdi-de.org/de.nw/radnetz/instances/Section_Wuppertal_1224664_427_left_geometry"], "http://www.w3.org/1999/02/22-rdf-syntax-ns#type": ["https://registry.gdi-de.org/up3/ontology/Streckenabschnitt_optional"], "https://registry.gdi-de.org/up3/ontology/beginntBeiKnoten": ["https://registry.gdi-de.org/de.nw/radnetz/instances/Knoten_Wuppertal_2963"], "https://registry.gdi-de.org/up3/ontology/endetBeiKnoten": ["https://registry.gdi-de.org/de.nw/radnetz/instances/Knoten_Wuppertal_119730101"], "https://registry.gdi-de.org/up3/ontology/geometrieAbschnitt": ["https://registry.gdi-de.org/de.nw/radnetz/instances/Section_Wuppertal_1224664_427_left_geometry"], "https://registry.gdi-de.org/up3/ontology/licht": ["https://registry.gdi-de.org/codelist/de.bund.balm.radnetz/Licht/1"], "https://registry.gdi-de.org/up3/ontology/quell-ID": ["1224664"], "https://registry.gdi-de.org/up3/ontology/richtung": ["https://registry.gdi-de.org/codelist/de.bund.balm.radnetz/Richtung/3"], "https://registry.gdi-de.org/up3/ontology/steigung": ["0.5520941"], "https://registry.gdi-de.org/up3/ontology/strecken-ID": ["Section_Wuppertal_1224664_427_left"]}, "geometry": {"type": "LineString", "coordinates": [[7.0883828809, 51.2468516338, 153.83], [7.0878049865, 51.2470521857, 0.0], [7.0874076968, 51.2470707363, 0.0], [7.087053069, 51.2470401211, 0.0], [7.0869270591, 51.2470018221, 154.43]]}}, {"type": "Feature", "id": "https://registry.gdi-de.org/de.nw/radnetz/instances/Section_Wuppertal_1223974_398_left", "name": "", "dateprops": [], "properties": {"http://rdfs.org/ns/void#inDataset": ["https://registry.gdi-de.org/de.nw/radnetz/instances/exnw_dataset"], "http://www.opengis.net/ont/geosparql#hasGeometry": ["https://registry.gdi-de.org/de.nw/radnetz/instances/Section_Wuppertal_1223974_398_left_geometry"], "http://www.w3.org/1999/02/22-rdf-syntax-ns#type": ["https://registry.gdi-de.org/up3/ontology/Streckenabschnitt_optional"], "https://registry.gdi-de.org/up3/ontology/beginntBeiKnoten": ["https://registry.gdi-de.org/de.nw/radnetz/instances/Knoten_Wuppertal_112200102"], "https://registry.gdi-de.org/up3/ontology/endetBeiKnoten": ["https://registry.gdi-de.org/de.nw/radnetz/instances/Knoten_Wuppertal_112200101"], "https://registry.gdi-de.org/up3/ontology/geometrieAbschnitt": ["https://registry.gdi-de.org/de.nw/radnetz/instances/Section_Wuppertal_1223974_398_left_geometry"], "https://registry.gdi-de.org/up3/ontology/licht": ["https://registry.gdi-de.org/codelist/de.bund.balm.radnetz/Licht/1"], "https://registry.gdi-de.org/up3/ontology/quell-ID": ["1223974"], "https://registry.gdi-de.org/up3/ontology/richtung": ["https://registry.gdi-de.org/codelist/de.bund.balm.radnetz/Richtung/3"], "https://registry.gdi-de.org/up3/ontology/steigung": ["0.4255125"], "https://registry.gdi-de.org/up3/ontology/strecken-ID": ["Section_Wuppertal_1223974_398_left"]}, "geometry": {"type": "LineString", "coordinates": [[7.1461569999, 51.2571641031, 143.39], [7.1461643868, 51.2575443799, 143.57]]}}, {"type": "Feature", "id": "https://registry.gdi-de.org/de.nw/radnetz/instances/Section_Wuppertal_12358_264_left", "name": "", "dateprops": [], "properties": {"http://rdfs.org/ns/void#inDataset": ["https://registry.gdi-de.org/de.nw/radnetz/instances/exnw_dataset"], "http://www.opengis.net/ont/geosparql#hasGeometry": ["https://registry.gdi-de.org/de.nw/radnetz/instances/Section_Wuppertal_12358_264_left_geometry"], "http://www.w3.org/1999/02/22-rdf-syntax-ns#type": ["https://registry.gdi-de.org/up3/ontology/Streckenabschnitt_optional"], "https://registry.gdi-de.org/up3/ontology/beginntBeiKnoten": ["https://registry.gdi-de.org/de.nw/radnetz/instances/Knoten_Wuppertal_6048"], "https://registry.gdi-de.org/up3/ontology/endetBeiKnoten": ["https://registry.gdi-de.org/de.nw/radnetz/instances/Knoten_Wuppertal_6049"], "https://registry.gdi-de.org/up3/ontology/geometrieAbschnitt": ["https://registry.gdi-de.org/de.nw/radnetz/instances/Section_Wuppertal_12358_264_left_geometry"], "https://registry.gdi-de.org/up3/ontology/licht": ["https://registry.gdi-de.org/codelist/de.bund.balm.radnetz/Licht/1"], "https://registry.gdi-de.org/up3/ontology/quell-ID": ["12358"], "https://registry.gdi-de.org/up3/ontology/richtung": ["https://registry.gdi-de.org/codelist/de.bund.balm.radnetz/Richtung/3"], "https://registry.gdi-de.org/up3/ontology/steigung": ["3.400239"], "https://registry.gdi-de.org/up3/ontology/strecken-ID": ["Section_Wuppertal_12358_264_left"]}, "geometry": {"type": "LineString", "coordinates": [[7.1637822984, 51.2455863698, 246.53], [7.1638264804, 51.2454870515, 246.92]]}}, {"type": "Feature", "id": "https://registry.gdi-de.org/de.nw/radnetz/instances/Section_Wuppertal_1226750_623_left", "name": "", "dateprops": [], "properties": {"http://rdfs.org/ns/void#inDataset": ["https://registry.gdi-de.org/de.nw/radnetz/instances/exnw_dataset"], "http://www.opengis.net/ont/geosparql#hasGeometry": ["https://registry.gdi-de.org/de.nw/radnetz/instances/Section_Wuppertal_1226750_623_left_geometry"], "http://www.w3.org/1999/02/22-rdf-syntax-ns#type": ["https://registry.gdi-de.org/up3/ontology/Streckenabschnitt_optional"], "https://registry.gdi-de.org/up3/ontology/beginntBeiKnoten": ["https://registry.gdi-de.org/de.nw/radnetz/instances/Knoten_Wuppertal_115530101"], "https://registry.gdi-de.org/up3/ontology/endetBeiKnoten": ["https://registry.gdi-de.org/de.nw/radnetz/instances/Knoten_Wuppertal_8700"], "https://registry.gdi-de.org/up3/ontology/geometrieAbschnitt": ["https://registry.gdi-de.org/de.nw/radnetz/instances/Section_Wuppertal_1226750_623_left_geometry"], "https://registry.gdi-de.org/up3/ontology/licht": ["https://registry.gdi-de.org/codelist/de.bund.balm.radnetz/Licht/0"], "https://registry.gdi-de.org/up3/ontology/quell-ID": ["1226750"], "https://registry.gdi-de.org/up3/ontology/richtung": ["https://registry.gdi-de.org/codelist/de.bund.balm.radnetz/Richtung/3"], "https://registry.gdi-de.org/up3/ontology/steigung": ["5.707585"], "https://registry.gdi-de.org/up3/ontology/strecken-ID": ["Section_Wuppertal_1226750_623_left"]}, "geometry": {"type": "LineString", "coordinates": [[7.2287833972, 51.244118844, 255.86], [7.2288807168, 51.2438307849, 0.0], [7.2290843431, 51.2435828949, 259.5]]}}, {"type": "Feature", "id": "https://registry.gdi-de.org/de.nw/radnetz/instances/Section_Wuppertal_1227316_1102_left", "name": "", "dateprops": [], "properties": {"http://rdfs.org/ns/void#inDataset": ["https://registry.gdi-de.org/de.nw/radnetz/instances/exnw_dataset"], "http://www.opengis.net/ont/geosparql#hasGeometry": ["https://registry.gdi-de.org/de.nw/radnetz/instances/Section_Wuppertal_1227316_1102_left_geometry"], "http://www.w3.org/1999/02/22-rdf-syntax-ns#type": ["https://registry.gdi-de.org/up3/ontology/Streckenabschnitt_optional"], "https://registry.gdi-de.org/up3/ontology/beginntBeiKnoten": ["https://registry.gdi-de.org/de.nw/radnetz/instances/Knoten_Wuppertal_117250101"], "https://registry.gdi-de.org/up3/ontology/endetBeiKnoten": ["https://registry.gdi-de.org/de.nw/radnetz/instances/Knoten_Wuppertal_117250102"], "https://registry.gdi-de.org/up3/ontology/geometrieAbschnitt": ["https://registry.gdi-de.org/de.nw/radnetz/instances/Section_Wuppertal_1227316_1102_left_geometry"], "https://registry.gdi-de.org/up3/ontology/licht": ["https://registry.gdi-de.org/codelist/de.bund.balm.radnetz/Licht/0"], "https://registry.gdi-de.org/up3/ontology/quell-ID": ["1227316"], "https://registry.gdi-de.org/up3/ontology/richtung": ["https://registry.gdi-de.org/codelist/de.bund.balm.radnetz/Richtung/3"], "https://registry.gdi-de.org/up3/ontology/steigung": ["0.0"], "https://registry.gdi-de.org/up3/ontology/strecken-ID": ["Section_Wuppertal_1227316_1102_left"]}, "geometry": {"type": "LineString", "coordinates": [[7.0711398525, 51.2738478023, 158.93], [7.0710704013, 51.2737774732, 161.46]]}}, {"type": "Feature", "id": "https://registry.gdi-de.org/de.nw/radnetz/instances/Section_Wuppertal_1226462_580_left", "name": "", "dateprops": [], "properties": {"http://rdfs.org/ns/void#inDataset": ["https://registry.gdi-de.org/de.nw/radnetz/instances/exnw_dataset"], "http://www.opengis.net/ont/geosparql#hasGeometry": ["https://registry.gdi-de.org/de.nw/radnetz/instances/Section_Wuppertal_1226462_580_left_geometry"], "http://www.w3.org/1999/02/22-rdf-syntax-ns#type": ["https://registry.gdi-de.org/up3/ontology/Streckenabschnitt_optional"], "https://registry.gdi-de.org/up3/ontology/beginntBeiKnoten": ["https://registry.gdi-de.org/de.nw/radnetz/instances/Knoten_Wuppertal_113250102"], "https://registry.gdi-de.org/up3/ontology/endetBeiKnoten": ["https://registry.gdi-de.org/de.nw/radnetz/instances/Knoten_Wuppertal_113250101"], "https://registry.gdi-de.org/up3/ontology/geometrieAbschnitt": ["https://registry.gdi-de.org/de.nw/radnetz/instances/Section_Wuppertal_1226462_580_left_geometry"], "https://registry.gdi-de.org/up3/ontology/licht": ["https://registry.gdi-de.org/codelist/de.bund.balm.radnetz/Licht/1"], "https://registry.gdi-de.org/up3/ontology/quell-ID": ["1226462"], "https://registry.gdi-de.org/up3/ontology/richtung": ["https://registry.gdi-de.org/codelist/de.bund.balm.radnetz/Richtung/3"], "https://registry.gdi-de.org/up3/ontology/steigung": ["0.3975868"], "https://registry.gdi-de.org/up3/ontology/strecken-ID": ["Section_Wuppertal_1226462_580_left"]}, "geometry": {"type": "LineString", "coordinates": [[7.081323381, 51.2547049261, 207.81], [7.0811043027, 51.2546264782, 207.88]]}}, {"type": "Feature", "id": "https://registry.gdi-de.org/de.nw/radnetz/instances/Section_Wuppertal_1225530_485_left", "name": "", "dateprops": [], "properties": {"http://rdfs.org/ns/void#inDataset": ["https://registry.gdi-de.org/de.nw/radnetz/instances/exnw_dataset"], "http://www.opengis.net/ont/geosparql#hasGeometry": ["https://registry.gdi-de.org/de.nw/radnetz/instances/Section_Wuppertal_1225530_485_left_geometry"], "http://www.w3.org/1999/02/22-rdf-syntax-ns#type": ["https://registry.gdi-de.org/up3/ontology/Streckenabschnitt_optional"], "https://registry.gdi-de.org/up3/ontology/beginntBeiKnoten": ["https://registry.gdi-de.org/de.nw/radnetz/instances/Knoten_Wuppertal_8859"], "https://registry.gdi-de.org/up3/ontology/endetBeiKnoten": ["https://registry.gdi-de.org/de.nw/radnetz/instances/Knoten_Wuppertal_115500101"], "https://registry.gdi-de.org/up3/ontology/fuehrung": ["https://registry.gdi-de.org/codelist/de.bund.balm.radnetz/Fuehrung/401"], "https://registry.gdi-de.org/up3/ontology/geometrieAbschnitt": ["https://registry.gdi-de.org/de.nw/radnetz/instances/Section_Wuppertal_1225530_485_left_geometry"], "https://registry.gdi-de.org/up3/ontology/licht": ["https://registry.gdi-de.org/codelist/de.bund.balm.radnetz/Licht/1"], "https://registry.gdi-de.org/up3/ontology/quell-ID": ["1225530"], "https://registry.gdi-de.org/up3/ontology/richtung": ["https://registry.gdi-de.org/codelist/de.bund.balm.radnetz/Richtung/3"], "https://registry.gdi-de.org/up3/ontology/steigung": ["1.721745"], "https://registry.gdi-de.org/up3/ontology/strecken-ID": ["Section_Wuppertal_1225530_485_left"]}, "geometry": {"type": "LineString", "coordinates": [[7.2336602882, 51.2640673958, 172.71], [7.23239367, 51.2613246587, 0.0], [7.2318314009, 51.2606563969, 0.0], [7.231433636, 51.2602470642, 0.0], [7.2312482176, 51.2601227277, 180.87]]}}, {"type": "Feature", "id": "https://registry.gdi-de.org/de.nw/radnetz/instances/Section_Wuppertal_1230059_843_left", "name": "", "dateprops": [], "properties": {"http://rdfs.org/ns/void#inDataset": ["https://registry.gdi-de.org/de.nw/radnetz/instances/exnw_dataset"], "http://www.opengis.net/ont/geosparql#hasGeometry": ["https://registry.gdi-de.org/de.nw/radnetz/instances/Section_Wuppertal_1230059_843_left_geometry"], "http://www.w3.org/1999/02/22-rdf-syntax-ns#type": ["https://registry.gdi-de.org/up3/ontology/Streckenabschnitt_optional"], "https://registry.gdi-de.org/up3/ontology/beginntBeiKnoten": ["https://registry.gdi-de.org/de.nw/radnetz/instances/Knoten_Wuppertal_2775"], "https://registry.gdi-de.org/up3/ontology/endetBeiKnoten": ["https://registry.gdi-de.org/de.nw/radnetz/instances/Knoten_Wuppertal_1189691357"], "https://registry.gdi-de.org/up3/ontology/geometrieAbschnitt": ["https://registry.gdi-de.org/de.nw/radnetz/instances/Section_Wuppertal_1230059_843_left_geometry"], "https://registry.gdi-de.org/up3/ontology/licht": ["https://registry.gdi-de.org/codelist/de.bund.balm.radnetz/Licht/0"], "https://registry.gdi-de.org/up3/ontology/quell-ID": ["1230059"], "https://registry.gdi-de.org/up3/ontology/richtung": ["https://registry.gdi-de.org/codelist/de.bund.balm.radnetz/Richtung/3"], "https://registry.gdi-de.org/up3/ontology/steigung": ["3.335773"], "https://registry.gdi-de.org/up3/ontology/strecken-ID": ["Section_Wuppertal_1230059_843_left"]}, "geometry": {"type": "LineString", "coordinates": [[7.0760755558, 51.2802453306, 172.82], [7.0791723048, 51.2805236684, 0.0]]}}, {"type": "Feature", "id": "https://registry.gdi-de.org/de.nw/radnetz/instances/Section_Wuppertal_1223724_384_left", "name": "", "dateprops": [], "properties": {"http://rdfs.org/ns/void#inDataset": ["https://registry.gdi-de.org/de.nw/radnetz/instances/exnw_dataset"], "http://www.opengis.net/ont/geosparql#hasGeometry": ["https://registry.gdi-de.org/de.nw/radnetz/instances/Section_Wuppertal_1223724_384_left_geometry"], "http://www.w3.org/1999/02/22-rdf-syntax-ns#type": ["https://registry.gdi-de.org/up3/ontology/Streckenabschnitt_optional"], "https://registry.gdi-de.org/up3/ontology/beginntBeiKnoten": ["https://registry.gdi-de.org/de.nw/radnetz/instances/Knoten_Wuppertal_119580101"], "https://registry.gdi-de.org/up3/ontology/endetBeiKnoten": ["https://registry.gdi-de.org/de.nw/radnetz/instances/Knoten_Wuppertal_2256"], "https://registry.gdi-de.org/up3/ontology/geometrieAbschnitt": ["https://registry.gdi-de.org/de.nw/radnetz/instances/Section_Wuppertal_1223724_384_left_geometry"], "https://registry.gdi-de.org/up3/ontology/licht": ["https://registry.gdi-de.org/codelist/de.bund.balm.radnetz/Licht/1"], "https://registry.gdi-de.org/up3/ontology/quell-ID": ["1223724"], "https://registry.gdi-de.org/up3/ontology/richtung": ["https://registry.gdi-de.org/codelist/de.bund.balm.radnetz/Richtung/3"], "https://registry.gdi-de.org/up3/ontology/steigung": ["1.811313"], "https://registry.gdi-de.org/up3/ontology/strecken-ID": ["Section_Wuppertal_1223724_384_left"]}, "geometry": {"type": "LineString", "coordinates": [[7.055167394, 51.2339611437, 206.14], [7.0552631167, 51.2339752533, 0.0], [7.0556123657, 51.2340483056, 206.73]]}}, {"type": "Feature", "id": "https://registry.gdi-de.org/de.nw/radnetz/instances/Section_Wuppertal_1229586_877_left", "name": "", "dateprops": [], "properties": {"http://rdfs.org/ns/void#inDataset": ["https://registry.gdi-de.org/de.nw/radnetz/instances/exnw_dataset"], "http://www.opengis.net/ont/geosparql#hasGeometry": ["https://registry.gdi-de.org/de.nw/radnetz/instances/Section_Wuppertal_1229586_877_left_geometry"], "http://www.w3.org/1999/02/22-rdf-syntax-ns#type": ["https://registry.gdi-de.org/up3/ontology/Streckenabschnitt_optional"], "https://registry.gdi-de.org/up3/ontology/beginntBeiKnoten": ["https://registry.gdi-de.org/de.nw/radnetz/instances/Knoten_Wuppertal_1189691145"], "https://registry.gdi-de.org/up3/ontology/endetBeiKnoten": ["https://registry.gdi-de.org/de.nw/radnetz/instances/Knoten_Wuppertal_119780101"], "https://registry.gdi-de.org/up3/ontology/geometrieAbschnitt": ["https://registry.gdi-de.org/de.nw/radnetz/instances/Section_Wuppertal_1229586_877_left_geometry"], "https://registry.gdi-de.org/up3/ontology/licht": ["https://registry.gdi-de.org/codelist/de.bund.balm.radnetz/Licht/0"], "https://registry.gdi-de.org/up3/ontology/quell-ID": ["1229586"], "https://registry.gdi-de.org/up3/ontology/richtung": ["https://registry.gdi-de.org/codelist/de.bund.balm.radnetz/Richtung/3"], "https://registry.gdi-de.org/up3/ontology/steigung": ["2.637742"], "https://registry.gdi-de.org/up3/ontology/strecken-ID": ["Section_Wuppertal_1229586_877_left"]}, "geometry": {"type": "LineString", "coordinates": [[7.0489744235, 51.219385987, 174.8], [7.0485208755, 51.2190184286, 0.0], [7.0476584924, 51.218629882, 178.12]]}}, {"type": "Feature", "id": "https://registry.gdi-de.org/de.nw/radnetz/instances/Section_Wuppertal_9999916_659_left", "name": "", "dateprops": [], "properties": {"http://rdfs.org/ns/void#inDataset": ["https://registry.gdi-de.org/de.nw/radnetz/instances/exnw_dataset"], "http://www.opengis.net/ont/geosparql#hasGeometry": ["https://registry.gdi-de.org/de.nw/radnetz/instances/Section_Wuppertal_9999916_659_left_geometry"], "http://www.w3.org/1999/02/22-rdf-syntax-ns#type": ["https://registry.gdi-de.org/up3/ontology/Streckenabschnitt_optional"], "https://registry.gdi-de.org/up3/ontology/beginntBeiKnoten": ["https://registry.gdi-de.org/de.nw/radnetz/instances/Knoten_Wuppertal_4868"], "https://registry.gdi-de.org/up3/ontology/endetBeiKnoten": ["https://registry.gdi-de.org/de.nw/radnetz/instances/Knoten_Wuppertal_1189691386"], "https://registry.gdi-de.org/up3/ontology/geometrieAbschnitt": ["https://registry.gdi-de.org/de.nw/radnetz/instances/Section_Wuppertal_9999916_659_left_geometry"], "https://registry.gdi-de.org/up3/ontology/licht": ["https://registry.gdi-de.org/codelist/de.bund.balm.radnetz/Licht/1"], "https://registry.gdi-de.org/up3/ontology/quell-ID": ["9999916"], "https://registry.gdi-de.org/up3/ontology/richtung": ["https://registry.gdi-de.org/codelist/de.bund.balm.radnetz/Richtung/3"], "https://registry.gdi-de.org/up3/ontology/steigung": ["2.113566"], "https://registry.gdi-de.org/up3/ontology/strecken-ID": ["Section_Wuppertal_9999916_659_left"]}, "geometry": {"type": "LineString", "coordinates": [[7.1408932744, 51.2822533637, 283.81], [7.1398866742, 51.2819136504, 0.0], [7.1358079713, 51.2807293704, 0.0], [7.1348804755, 51.2803159284, 0.0]]}}, {"type": "Feature", "id": "https://registry.gdi-de.org/de.nw/radnetz/instances/Section_Wuppertal_1226469_583_left", "name": "", "dateprops": [], "properties": {"http://rdfs.org/ns/void#inDataset": ["https://registry.gdi-de.org/de.nw/radnetz/instances/exnw_dataset"], "http://www.opengis.net/ont/geosparql#hasGeometry": ["https://registry.gdi-de.org/de.nw/radnetz/instances/Section_Wuppertal_1226469_583_left_geometry"], "http://www.w3.org/1999/02/22-rdf-syntax-ns#type": ["https://registry.gdi-de.org/up3/ontology/Streckenabschnitt_optional"], "https://registry.gdi-de.org/up3/ontology/beginntBeiKnoten": ["https://registry.gdi-de.org/de.nw/radnetz/instances/Knoten_Wuppertal_4422"], "https://registry.gdi-de.org/up3/ontology/endetBeiKnoten": ["https://registry.gdi-de.org/de.nw/radnetz/instances/Knoten_Wuppertal_114010101"], "https://registry.gdi-de.org/up3/ontology/geometrieAbschnitt": ["https://registry.gdi-de.org/de.nw/radnetz/instances/Section_Wuppertal_1226469_583_left_geometry"], "https://registry.gdi-de.org/up3/ontology/licht": ["https://registry.gdi-de.org/codelist/de.bund.balm.radnetz/Licht/1"], "https://registry.gdi-de.org/up3/ontology/quell-ID": ["1226469"], "https://registry.gdi-de.org/up3/ontology/richtung": ["https://registry.gdi-de.org/codelist/de.bund.balm.radnetz/Richtung/3"], "https://registry.gdi-de.org/up3/ontology/steigung": ["3.154686"], "https://registry.gdi-de.org/up3/ontology/strecken-ID": ["Section_Wuppertal_1226469_583_left"]}, "geometry": {"type": "LineString", "coordinates": [[7.1341655172, 51.2074868818, 300.45], [7.1345022733, 51.207673567, 301.44]]}}, {"type": "Feature", "id": "https://registry.gdi-de.org/de.nw/radnetz/instances/Section_Wuppertal_4877_108_left", "name": "", "dateprops": [], "properties": {"http://rdfs.org/ns/void#inDataset": ["https://registry.gdi-de.org/de.nw/radnetz/instances/exnw_dataset"], "http://www.opengis.net/ont/geosparql#hasGeometry": ["https://registry.gdi-de.org/de.nw/radnetz/instances/Section_Wuppertal_4877_108_left_geometry"], "http://www.w3.org/1999/02/22-rdf-syntax-ns#type": ["https://registry.gdi-de.org/up3/ontology/Streckenabschnitt_optional"], "https://registry.gdi-de.org/up3/ontology/beginntBeiKnoten": ["https://registry.gdi-de.org/de.nw/radnetz/instances/Knoten_Wuppertal_7750"], "https://registry.gdi-de.org/up3/ontology/endetBeiKnoten": ["https://registry.gdi-de.org/de.nw/radnetz/instances/Knoten_Wuppertal_7789"], "https://registry.gdi-de.org/up3/ontology/geometrieAbschnitt": ["https://registry.gdi-de.org/de.nw/radnetz/instances/Section_Wuppertal_4877_108_left_geometry"], "https://registry.gdi-de.org/up3/ontology/licht": ["https://registry.gdi-de.org/codelist/de.bund.balm.radnetz/Licht/1"], "https://registry.gdi-de.org/up3/ontology/quell-ID": ["4877"], "https://registry.gdi-de.org/up3/ontology/richtung": ["https://registry.gdi-de.org/codelist/de.bund.balm.radnetz/Richtung/3"], "https://registry.gdi-de.org/up3/ontology/steigung": ["0.7274681"], "https://registry.gdi-de.org/up3/ontology/strecken-ID": ["Section_Wuppertal_4877_108_left"]}, "geometry": {"type": "LineString", "coordinates": [[7.2042972312, 51.2712644837, 155.52], [7.2051197577, 51.2714720105, 155.97]]}}, {"type": "Feature", "id": "https://registry.gdi-de.org/de.nw/radnetz/instances/Section_Wuppertal_1224866_436_left", "name": "", "dateprops": [], "properties": {"http://rdfs.org/ns/void#inDataset": ["https://registry.gdi-de.org/de.nw/radnetz/instances/exnw_dataset"], "http://www.opengis.net/ont/geosparql#hasGeometry": ["https://registry.gdi-de.org/de.nw/radnetz/instances/Section_Wuppertal_1224866_436_left_geometry"], "http://www.w3.org/1999/02/22-rdf-syntax-ns#type": ["https://registry.gdi-de.org/up3/ontology/Streckenabschnitt_optional"], "https://registry.gdi-de.org/up3/ontology/beginntBeiKnoten": ["https://registry.gdi-de.org/de.nw/radnetz/instances/Knoten_Wuppertal_116960101"], "https://registry.gdi-de.org/up3/ontology/endetBeiKnoten": ["https://registry.gdi-de.org/de.nw/radnetz/instances/Knoten_Wuppertal_9714"], "https://registry.gdi-de.org/up3/ontology/geometrieAbschnitt": ["https://registry.gdi-de.org/de.nw/radnetz/instances/Section_Wuppertal_1224866_436_left_geometry"], "https://registry.gdi-de.org/up3/ontology/licht": ["https://registry.gdi-de.org/codelist/de.bund.balm.radnetz/Licht/1"], "https://registry.gdi-de.org/up3/ontology/quell-ID": ["1224866"], "https://registry.gdi-de.org/up3/ontology/richtung": ["https://registry.gdi-de.org/codelist/de.bund.balm.radnetz/Richtung/3"], "https://registry.gdi-de.org/up3/ontology/steigung": ["2.903222"], "https://registry.gdi-de.org/up3/ontology/strecken-ID": ["Section_Wuppertal_1224866_436_left"]}, "geometry": {"type": "LineString", "coordinates": [[7.270700372, 51.278553378, 220.86], [7.2710678994, 51.2786353263, 221.65]]}}, {"type": "Feature", "id": "https://registry.gdi-de.org/de.nw/radnetz/instances/Section_Wuppertal_1228350_704_left", "name": "", "dateprops": [], "properties": {"http://rdfs.org/ns/void#inDataset": ["https://registry.gdi-de.org/de.nw/radnetz/instances/exnw_dataset"], "http://www.opengis.net/ont/geosparql#hasGeometry": ["https://registry.gdi-de.org/de.nw/radnetz/instances/Section_Wuppertal_1228350_704_left_geometry"], "http://www.w3.org/1999/02/22-rdf-syntax-ns#type": ["https://registry.gdi-de.org/up3/ontology/Streckenabschnitt_optional"], "https://registry.gdi-de.org/up3/ontology/beginntBeiKnoten": ["https://registry.gdi-de.org/de.nw/radnetz/instances/Knoten_Wuppertal_1189690549"], "https://registry.gdi-de.org/up3/ontology/endetBeiKnoten": ["https://registry.gdi-de.org/de.nw/radnetz/instances/Knoten_Wuppertal_60220"], "https://registry.gdi-de.org/up3/ontology/geometrieAbschnitt": ["https://registry.gdi-de.org/de.nw/radnetz/instances/Section_Wuppertal_1228350_704_left_geometry"], "https://registry.gdi-de.org/up3/ontology/licht": ["https://registry.gdi-de.org/codelist/de.bund.balm.radnetz/Licht/1"], "https://registry.gdi-de.org/up3/ontology/quell-ID": ["1228350"], "https://registry.gdi-de.org/up3/ontology/richtung": ["https://registry.gdi-de.org/codelist/de.bund.balm.radnetz/Richtung/3"], "https://registry.gdi-de.org/up3/ontology/steigung": ["7.199621"], "https://registry.gdi-de.org/up3/ontology/strecken-ID": ["Section_Wuppertal_1228350_704_left"]}, "geometry": {"type": "LineString", "coordinates": [[7.0898360992, 51.2487711616, 163.86], [7.0909231919, 51.249524791, 0.0], [7.0917780322, 51.2498463449, 177.01]]}}, {"type": "Feature", "id": "https://registry.gdi-de.org/de.nw/radnetz/instances/Section_Wuppertal_1224516_422_left", "name": "", "dateprops": [], "properties": {"http://rdfs.org/ns/void#inDataset": ["https://registry.gdi-de.org/de.nw/radnetz/instances/exnw_dataset"], "http://www.opengis.net/ont/geosparql#hasGeometry": ["https://registry.gdi-de.org/de.nw/radnetz/instances/Section_Wuppertal_1224516_422_left_geometry"], "http://www.w3.org/1999/02/22-rdf-syntax-ns#type": ["https://registry.gdi-de.org/up3/ontology/Streckenabschnitt_optional"], "https://registry.gdi-de.org/up3/ontology/beginntBeiKnoten": ["https://registry.gdi-de.org/de.nw/radnetz/instances/Knoten_Wuppertal_112310101"], "https://registry.gdi-de.org/up3/ontology/endetBeiKnoten": ["https://registry.gdi-de.org/de.nw/radnetz/instances/Knoten_Wuppertal_5631"], "https://registry.gdi-de.org/up3/ontology/geometrieAbschnitt": ["https://registry.gdi-de.org/de.nw/radnetz/instances/Section_Wuppertal_1224516_422_left_geometry"], "https://registry.gdi-de.org/up3/ontology/licht": ["https://registry.gdi-de.org/codelist/de.bund.balm.radnetz/Licht/1"], "https://registry.gdi-de.org/up3/ontology/quell-ID": ["1224516"], "https://registry.gdi-de.org/up3/ontology/richtung": ["https://registry.gdi-de.org/codelist/de.bund.balm.radnetz/Richtung/3"], "https://registry.gdi-de.org/up3/ontology/steigung": ["1.820997"], "https://registry.gdi-de.org/up3/ontology/strecken-ID": ["Section_Wuppertal_1224516_422_left"]}, "geometry": {"type": "LineString", "coordinates": [[7.1540665094, 51.2509422291, 176.94], [7.1549499283, 51.2511211844, 178.12]]}}, {"type": "Feature", "id": "https://registry.gdi-de.org/de.nw/radnetz/instances/Section_Wuppertal_3159_75_left", "name": "", "dateprops": [], "properties": {"http://rdfs.org/ns/void#inDataset": ["https://registry.gdi-de.org/de.nw/radnetz/instances/exnw_dataset"], "http://www.opengis.net/ont/geosparql#hasGeometry": ["https://registry.gdi-de.org/de.nw/radnetz/instances/Section_Wuppertal_3159_75_left_geometry"], "http://www.w3.org/1999/02/22-rdf-syntax-ns#type": ["https://registry.gdi-de.org/up3/ontology/Streckenabschnitt_optional"], "https://registry.gdi-de.org/up3/ontology/beginntBeiKnoten": ["https://registry.gdi-de.org/de.nw/radnetz/instances/Knoten_Wuppertal_5491"], "https://registry.gdi-de.org/up3/ontology/endetBeiKnoten": ["https://registry.gdi-de.org/de.nw/radnetz/instances/Knoten_Wuppertal_5551"], "https://registry.gdi-de.org/up3/ontology/geometrieAbschnitt": ["https://registry.gdi-de.org/de.nw/radnetz/instances/Section_Wuppertal_3159_75_left_geometry"], "https://registry.gdi-de.org/up3/ontology/licht": ["https://registry.gdi-de.org/codelist/de.bund.balm.radnetz/Licht/1"], "https://registry.gdi-de.org/up3/ontology/quell-ID": ["3159"], "https://registry.gdi-de.org/up3/ontology/richtung": ["https://registry.gdi-de.org/codelist/de.bund.balm.radnetz/Richtung/3"], "https://registry.gdi-de.org/up3/ontology/steigung": ["1.936601"], "https://registry.gdi-de.org/up3/ontology/strecken-ID": ["Section_Wuppertal_3159_75_left"]}, "geometry": {"type": "LineString", "coordinates": [[7.151848776, 51.2585687745, 144.39], [7.1527259089, 51.2586133315, 0.0], [7.1530130508, 51.2587812818, 146.11]]}}, {"type": "Feature", "id": "https://registry.gdi-de.org/de.nw/radnetz/instances/Section_Wuppertal_4029_96_left", "name": "", "dateprops": [], "properties": {"http://rdfs.org/ns/void#inDataset": ["https://registry.gdi-de.org/de.nw/radnetz/instances/exnw_dataset"], "http://www.opengis.net/ont/geosparql#hasGeometry": ["https://registry.gdi-de.org/de.nw/radnetz/instances/Section_Wuppertal_4029_96_left_geometry"], "http://www.w3.org/1999/02/22-rdf-syntax-ns#type": ["https://registry.gdi-de.org/up3/ontology/Streckenabschnitt_optional"], "https://registry.gdi-de.org/up3/ontology/beginntBeiKnoten": ["https://registry.gdi-de.org/de.nw/radnetz/instances/Knoten_Wuppertal_8353"], "https://registry.gdi-de.org/up3/ontology/endetBeiKnoten": ["https://registry.gdi-de.org/de.nw/radnetz/instances/Knoten_Wuppertal_8350"], "https://registry.gdi-de.org/up3/ontology/geometrieAbschnitt": ["https://registry.gdi-de.org/de.nw/radnetz/instances/Section_Wuppertal_4029_96_left_geometry"], "https://registry.gdi-de.org/up3/ontology/licht": ["https://registry.gdi-de.org/codelist/de.bund.balm.radnetz/Licht/1"], "https://registry.gdi-de.org/up3/ontology/quell-ID": ["4029"], "https://registry.gdi-de.org/up3/ontology/richtung": ["https://registry.gdi-de.org/codelist/de.bund.balm.radnetz/Richtung/3"], "https://registry.gdi-de.org/up3/ontology/steigung": ["1.689045"], "https://registry.gdi-de.org/up3/ontology/strecken-ID": ["Section_Wuppertal_4029_96_left"]}, "geometry": {"type": "LineString", "coordinates": [[7.217862624, 51.2751316471, 159.87], [7.2178074186, 51.2757214571, 160.98]]}}, {"type": "Feature", "id": "https://registry.gdi-de.org/de.nw/radnetz/instances/Section_Wuppertal_1226802_632_left", "name": "", "dateprops": [], "properties": {"http://rdfs.org/ns/void#inDataset": ["https://registry.gdi-de.org/de.nw/radnetz/instances/exnw_dataset"], "http://www.opengis.net/ont/geosparql#hasGeometry": ["https://registry.gdi-de.org/de.nw/radnetz/instances/Section_Wuppertal_1226802_632_left_geometry"], "http://www.w3.org/1999/02/22-rdf-syntax-ns#type": ["https://registry.gdi-de.org/up3/ontology/Streckenabschnitt_optional"], "https://registry.gdi-de.org/up3/ontology/beginntBeiKnoten": ["https://registry.gdi-de.org/de.nw/radnetz/instances/Knoten_Wuppertal_113260101"], "https://registry.gdi-de.org/up3/ontology/endetBeiKnoten": ["https://registry.gdi-de.org/de.nw/radnetz/instances/Knoten_Wuppertal_113260102"], "https://registry.gdi-de.org/up3/ontology/geometrieAbschnitt": ["https://registry.gdi-de.org/de.nw/radnetz/instances/Section_Wuppertal_1226802_632_left_geometry"], "https://registry.gdi-de.org/up3/ontology/licht": ["https://registry.gdi-de.org/codelist/de.bund.balm.radnetz/Licht/1"], "https://registry.gdi-de.org/up3/ontology/quell-ID": ["1226802"], "https://registry.gdi-de.org/up3/ontology/richtung": ["https://registry.gdi-de.org/codelist/de.bund.balm.radnetz/Richtung/3"], "https://registry.gdi-de.org/up3/ontology/steigung": ["1.919627"], "https://registry.gdi-de.org/up3/ontology/strecken-ID": ["Section_Wuppertal_1226802_632_left"]}, "geometry": {"type": "LineString", "coordinates": [[7.0844584805, 51.2562373558, 198.57], [7.0840747126, 51.2560962809, 0.0], [7.0837532754, 51.2559330346, 199.72]]}}, {"type": "Feature", "id": "https://registry.gdi-de.org/de.nw/radnetz/instances/Section_Wuppertal_11787_246_left", "name": "", "dateprops": [], "properties": {"http://rdfs.org/ns/void#inDataset": ["https://registry.gdi-de.org/de.nw/radnetz/instances/exnw_dataset"], "http://www.opengis.net/ont/geosparql#hasGeometry": ["https://registry.gdi-de.org/de.nw/radnetz/instances/Section_Wuppertal_11787_246_left_geometry"], "http://www.w3.org/1999/02/22-rdf-syntax-ns#type": ["https://registry.gdi-de.org/up3/ontology/Streckenabschnitt_optional"], "https://registry.gdi-de.org/up3/ontology/beginntBeiKnoten": ["https://registry.gdi-de.org/de.nw/radnetz/instances/Knoten_Wuppertal_5149"], "https://registry.gdi-de.org/up3/ontology/endetBeiKnoten": ["https://registry.gdi-de.org/de.nw/radnetz/instances/Knoten_Wuppertal_5165"], "https://registry.gdi-de.org/up3/ontology/geometrieAbschnitt": ["https://registry.gdi-de.org/de.nw/radnetz/instances/Section_Wuppertal_11787_246_left_geometry"], "https://registry.gdi-de.org/up3/ontology/licht": ["https://registry.gdi-de.org/codelist/de.bund.balm.radnetz/Licht/1"], "https://registry.gdi-de.org/up3/ontology/quell-ID": ["11787"], "https://registry.gdi-de.org/up3/ontology/richtung": ["https://registry.gdi-de.org/codelist/de.bund.balm.radnetz/Richtung/3"], "https://registry.gdi-de.org/up3/ontology/steigung": ["1.13756"], "https://registry.gdi-de.org/up3/ontology/strecken-ID": ["Section_Wuppertal_11787_246_left"]}, "geometry": {"type": "LineString", "coordinates": [[7.14616608, 51.2576315716, 143.62], [7.1463979484, 51.2581898517, 144.35]]}}, {"type": "Feature", "id": "https://registry.gdi-de.org/de.nw/radnetz/instances/Section_Wuppertal_8038_168_left", "name": "", "dateprops": [], "properties": {"http://rdfs.org/ns/void#inDataset": ["https://registry.gdi-de.org/de.nw/radnetz/instances/exnw_dataset"], "http://www.opengis.net/ont/geosparql#hasGeometry": ["https://registry.gdi-de.org/de.nw/radnetz/instances/Section_Wuppertal_8038_168_left_geometry"], "http://www.w3.org/1999/02/22-rdf-syntax-ns#type": ["https://registry.gdi-de.org/up3/ontology/Streckenabschnitt_optional"], "https://registry.gdi-de.org/up3/ontology/beginntBeiKnoten": ["https://registry.gdi-de.org/de.nw/radnetz/instances/Knoten_Wuppertal_9444"], "https://registry.gdi-de.org/up3/ontology/endetBeiKnoten": ["https://registry.gdi-de.org/de.nw/radnetz/instances/Knoten_Wuppertal_9428"], "https://registry.gdi-de.org/up3/ontology/geometrieAbschnitt": ["https://registry.gdi-de.org/de.nw/radnetz/instances/Section_Wuppertal_8038_168_left_geometry"], "https://registry.gdi-de.org/up3/ontology/licht": ["https://registry.gdi-de.org/codelist/de.bund.balm.radnetz/Licht/1"], "https://registry.gdi-de.org/up3/ontology/quell-ID": ["8038"], "https://registry.gdi-de.org/up3/ontology/richtung": ["https://registry.gdi-de.org/codelist/de.bund.balm.radnetz/Richtung/3"], "https://registry.gdi-de.org/up3/ontology/steigung": ["0.6903676"], "https://registry.gdi-de.org/up3/ontology/strecken-ID": ["Section_Wuppertal_8038_168_left"]}, "geometry": {"type": "LineString", "coordinates": [[7.2542283754, 51.2829089506, 180.42], [7.2533827355, 51.2826595978, 180.87]]}}, {"type": "Feature", "id": "https://registry.gdi-de.org/de.nw/radnetz/instances/Section_Wuppertal_1223420_909_left", "name": "", "dateprops": [], "properties": {"http://rdfs.org/ns/void#inDataset": ["https://registry.gdi-de.org/de.nw/radnetz/instances/exnw_dataset"], "http://www.opengis.net/ont/geosparql#hasGeometry": ["https://registry.gdi-de.org/de.nw/radnetz/instances/Section_Wuppertal_1223420_909_left_geometry"], "http://www.w3.org/1999/02/22-rdf-syntax-ns#type": ["https://registry.gdi-de.org/up3/ontology/Streckenabschnitt_optional"], "https://registry.gdi-de.org/up3/ontology/beginntBeiKnoten": ["https://registry.gdi-de.org/de.nw/radnetz/instances/Knoten_Wuppertal_117080101"], "https://registry.gdi-de.org/up3/ontology/endetBeiKnoten": ["https://registry.gdi-de.org/de.nw/radnetz/instances/Knoten_Wuppertal_2997"], "https://registry.gdi-de.org/up3/ontology/geometrieAbschnitt": ["https://registry.gdi-de.org/de.nw/radnetz/instances/Section_Wuppertal_1223420_909_left_geometry"], "https://registry.gdi-de.org/up3/ontology/licht": ["https://registry.gdi-de.org/codelist/de.bund.balm.radnetz/Licht/0"], "https://registry.gdi-de.org/up3/ontology/quell-ID": ["1223420"], "https://registry.gdi-de.org/up3/ontology/richtung": ["https://registry.gdi-de.org/codelist/de.bund.balm.radnetz/Richtung/3"], "https://registry.gdi-de.org/up3/ontology/steigung": ["0.6591639"], "https://registry.gdi-de.org/up3/ontology/strecken-ID": ["Section_Wuppertal_1223420_909_left"]}, "geometry": {"type": "LineString", "coordinates": [[7.0880959683, 51.2833447648, 194.9], [7.0885245994, 51.2835545346, 195.15]]}}, {"type": "Feature", "id": "https://registry.gdi-de.org/de.nw/radnetz/instances/Section_Wuppertal_3905_93_left", "name": "", "dateprops": [], "properties": {"http://rdfs.org/ns/void#inDataset": ["https://registry.gdi-de.org/de.nw/radnetz/instances/exnw_dataset"], "http://www.opengis.net/ont/geosparql#hasGeometry": ["https://registry.gdi-de.org/de.nw/radnetz/instances/Section_Wuppertal_3905_93_left_geometry"], "http://www.w3.org/1999/02/22-rdf-syntax-ns#type": ["https://registry.gdi-de.org/up3/ontology/Streckenabschnitt_optional"], "https://registry.gdi-de.org/up3/ontology/beginntBeiKnoten": ["https://registry.gdi-de.org/de.nw/radnetz/instances/Knoten_Wuppertal_3145"], "https://registry.gdi-de.org/up3/ontology/endetBeiKnoten": ["https://registry.gdi-de.org/de.nw/radnetz/instances/Knoten_Wuppertal_3157"], "https://registry.gdi-de.org/up3/ontology/geometrieAbschnitt": ["https://registry.gdi-de.org/de.nw/radnetz/instances/Section_Wuppertal_3905_93_left_geometry"], "https://registry.gdi-de.org/up3/ontology/licht": ["https://registry.gdi-de.org/codelist/de.bund.balm.radnetz/Licht/1"], "https://registry.gdi-de.org/up3/ontology/quell-ID": ["3905"], "https://registry.gdi-de.org/up3/ontology/richtung": ["https://registry.gdi-de.org/codelist/de.bund.balm.radnetz/Richtung/3"], "https://registry.gdi-de.org/up3/ontology/steigung": ["1.2719"], "https://registry.gdi-de.org/up3/ontology/strecken-ID": ["Section_Wuppertal_3905_93_left"]}, "geometry": {"type": "LineString", "coordinates": [[7.097301571, 51.236521, 136.35], [7.0975331396, 51.2367211751, 136.7]]}}, {"type": "Feature", "id": "https://registry.gdi-de.org/de.nw/radnetz/instances/Section_Wuppertal_9748_904_left", "name": "", "dateprops": [], "properties": {"http://rdfs.org/ns/void#inDataset": ["https://registry.gdi-de.org/de.nw/radnetz/instances/exnw_dataset"], "http://www.opengis.net/ont/geosparql#hasGeometry": ["https://registry.gdi-de.org/de.nw/radnetz/instances/Section_Wuppertal_9748_904_left_geometry"], "http://www.w3.org/1999/02/22-rdf-syntax-ns#type": ["https://registry.gdi-de.org/up3/ontology/Streckenabschnitt_optional"], "https://registry.gdi-de.org/up3/ontology/beginntBeiKnoten": ["https://registry.gdi-de.org/de.nw/radnetz/instances/Knoten_Wuppertal_2166"], "https://registry.gdi-de.org/up3/ontology/endetBeiKnoten": ["https://registry.gdi-de.org/de.nw/radnetz/instances/Knoten_Wuppertal_2245"], "https://registry.gdi-de.org/up3/ontology/geometrieAbschnitt": ["https://registry.gdi-de.org/de.nw/radnetz/instances/Section_Wuppertal_9748_904_left_geometry"], "https://registry.gdi-de.org/up3/ontology/licht": ["https://registry.gdi-de.org/codelist/de.bund.balm.radnetz/Licht/0"], "https://registry.gdi-de.org/up3/ontology/quell-ID": ["9748"], "https://registry.gdi-de.org/up3/ontology/richtung": ["https://registry.gdi-de.org/codelist/de.bund.balm.radnetz/Richtung/3"], "https://registry.gdi-de.org/up3/ontology/steigung": ["4.860031"], "https://registry.gdi-de.org/up3/ontology/strecken-ID": ["Section_Wuppertal_9748_904_left"]}, "geometry": {"type": "LineString", "coordinates": [[7.0471288371, 51.25036561, 154.8], [7.0483573306, 51.2508489853, 0.0], [7.0501697407, 51.2518124983, 0.0], [7.0524503186, 51.2525739972, 0.0], [7.0533894198, 51.2529250817, 180.25]]}}, {"type": "Feature", "id": "https://registry.gdi-de.org/de.nw/radnetz/instances/Section_Wuppertal_1227188_678_left", "name": "", "dateprops": [], "properties": {"http://rdfs.org/ns/void#inDataset": ["https://registry.gdi-de.org/de.nw/radnetz/instances/exnw_dataset"], "http://www.opengis.net/ont/geosparql#hasGeometry": ["https://registry.gdi-de.org/de.nw/radnetz/instances/Section_Wuppertal_1227188_678_left_geometry"], "http://www.w3.org/1999/02/22-rdf-syntax-ns#type": ["https://registry.gdi-de.org/up3/ontology/Streckenabschnitt_optional"], "https://registry.gdi-de.org/up3/ontology/beginntBeiKnoten": ["https://registry.gdi-de.org/de.nw/radnetz/instances/Knoten_Wuppertal_114700102"], "https://registry.gdi-de.org/up3/ontology/endetBeiKnoten": ["https://registry.gdi-de.org/de.nw/radnetz/instances/Knoten_Wuppertal_114700101"], "https://registry.gdi-de.org/up3/ontology/geometrieAbschnitt": ["https://registry.gdi-de.org/de.nw/radnetz/instances/Section_Wuppertal_1227188_678_left_geometry"], "https://registry.gdi-de.org/up3/ontology/licht": ["https://registry.gdi-de.org/codelist/de.bund.balm.radnetz/Licht/1"], "https://registry.gdi-de.org/up3/ontology/quell-ID": ["1227188"], "https://registry.gdi-de.org/up3/ontology/richtung": ["https://registry.gdi-de.org/codelist/de.bund.balm.radnetz/Richtung/3"], "https://registry.gdi-de.org/up3/ontology/steigung": ["2.025483"], "https://registry.gdi-de.org/up3/ontology/strecken-ID": ["Section_Wuppertal_1227188_678_left"]}, "geometry": {"type": "LineString", "coordinates": [[7.1068040112, 51.2698012009, 241.17], [7.1064574899, 51.2696360262, 0.0], [7.1060179835, 51.2694088228, 242.59]]}}, {"type": "Feature", "id": "https://registry.gdi-de.org/de.nw/radnetz/instances/Section_Wuppertal_5649_123_left", "name": "", "dateprops": [], "properties": {"http://rdfs.org/ns/void#inDataset": ["https://registry.gdi-de.org/de.nw/radnetz/instances/exnw_dataset"], "http://www.opengis.net/ont/geosparql#hasGeometry": ["https://registry.gdi-de.org/de.nw/radnetz/instances/Section_Wuppertal_5649_123_left_geometry"], "http://www.w3.org/1999/02/22-rdf-syntax-ns#type": ["https://registry.gdi-de.org/up3/ontology/Streckenabschnitt_optional"], "https://registry.gdi-de.org/up3/ontology/beginntBeiKnoten": ["https://registry.gdi-de.org/de.nw/radnetz/instances/Knoten_Wuppertal_6952"], "https://registry.gdi-de.org/up3/ontology/endetBeiKnoten": ["https://registry.gdi-de.org/de.nw/radnetz/instances/Knoten_Wuppertal_6933"], "https://registry.gdi-de.org/up3/ontology/geometrieAbschnitt": ["https://registry.gdi-de.org/de.nw/radnetz/instances/Section_Wuppertal_5649_123_left_geometry"], "https://registry.gdi-de.org/up3/ontology/licht": ["https://registry.gdi-de.org/codelist/de.bund.balm.radnetz/Licht/1"], "https://registry.gdi-de.org/up3/ontology/quell-ID": ["5649"], "https://registry.gdi-de.org/up3/ontology/richtung": ["https://registry.gdi-de.org/codelist/de.bund.balm.radnetz/Richtung/3"], "https://registry.gdi-de.org/up3/ontology/steigung": ["1.735585"], "https://registry.gdi-de.org/up3/ontology/strecken-ID": ["Section_Wuppertal_5649_123_left"]}, "geometry": {"type": "LineString", "coordinates": [[7.1897361331, 51.2674453105, 152.03], [7.1892598408, 51.2672687564, 152.7]]}}, {"type": "Feature", "id": "https://registry.gdi-de.org/de.nw/radnetz/instances/Section_Wuppertal_9705_200_left", "name": "", "dateprops": [], "properties": {"http://rdfs.org/ns/void#inDataset": ["https://registry.gdi-de.org/de.nw/radnetz/instances/exnw_dataset"], "http://www.opengis.net/ont/geosparql#hasGeometry": ["https://registry.gdi-de.org/de.nw/radnetz/instances/Section_Wuppertal_9705_200_left_geometry"], "http://www.w3.org/1999/02/22-rdf-syntax-ns#type": ["https://registry.gdi-de.org/up3/ontology/Streckenabschnitt_optional"], "https://registry.gdi-de.org/up3/ontology/beginntBeiKnoten": ["https://registry.gdi-de.org/de.nw/radnetz/instances/Knoten_Wuppertal_2976"], "https://registry.gdi-de.org/up3/ontology/endetBeiKnoten": ["https://registry.gdi-de.org/de.nw/radnetz/instances/Knoten_Wuppertal_2966"], "https://registry.gdi-de.org/up3/ontology/geometrieAbschnitt": ["https://registry.gdi-de.org/de.nw/radnetz/instances/Section_Wuppertal_9705_200_left_geometry"], "https://registry.gdi-de.org/up3/ontology/licht": ["https://registry.gdi-de.org/codelist/de.bund.balm.radnetz/Licht/1"], "https://registry.gdi-de.org/up3/ontology/quell-ID": ["9705"], "https://registry.gdi-de.org/up3/ontology/richtung": ["https://registry.gdi-de.org/codelist/de.bund.balm.radnetz/Richtung/3"], "https://registry.gdi-de.org/up3/ontology/steigung": ["2.361209"], "https://registry.gdi-de.org/up3/ontology/strecken-ID": ["Section_Wuppertal_9705_200_left"]}, "geometry": {"type": "LineString", "coordinates": [[7.0893794992, 51.2360983904, 136.95], [7.0889696373, 51.235866347, 137.86]]}}, {"type": "Feature", "id": "https://registry.gdi-de.org/de.nw/radnetz/instances/Section_Wuppertal_1226790_630_left", "name": "", "dateprops": [], "properties": {"http://rdfs.org/ns/void#inDataset": ["https://registry.gdi-de.org/de.nw/radnetz/instances/exnw_dataset"], "http://www.opengis.net/ont/geosparql#hasGeometry": ["https://registry.gdi-de.org/de.nw/radnetz/instances/Section_Wuppertal_1226790_630_left_geometry"], "http://www.w3.org/1999/02/22-rdf-syntax-ns#type": ["https://registry.gdi-de.org/up3/ontology/Streckenabschnitt_optional"], "https://registry.gdi-de.org/up3/ontology/beginntBeiKnoten": ["https://registry.gdi-de.org/de.nw/radnetz/instances/Knoten_Wuppertal_8659"], "https://registry.gdi-de.org/up3/ontology/endetBeiKnoten": ["https://registry.gdi-de.org/de.nw/radnetz/instances/Knoten_Wuppertal_115520102"], "https://registry.gdi-de.org/up3/ontology/geometrieAbschnitt": ["https://registry.gdi-de.org/de.nw/radnetz/instances/Section_Wuppertal_1226790_630_left_geometry"], "https://registry.gdi-de.org/up3/ontology/licht": ["https://registry.gdi-de.org/codelist/de.bund.balm.radnetz/Licht/0"], "https://registry.gdi-de.org/up3/ontology/quell-ID": ["1226790"], "https://registry.gdi-de.org/up3/ontology/richtung": ["https://registry.gdi-de.org/codelist/de.bund.balm.radnetz/Richtung/3"], "https://registry.gdi-de.org/up3/ontology/steigung": ["5.730964"], "https://registry.gdi-de.org/up3/ontology/strecken-ID": ["Section_Wuppertal_1226790_630_left"]}, "geometry": {"type": "LineString", "coordinates": [[7.2268223725, 51.2529312431, 196.72], [7.2267522074, 51.2528417928, 0.0], [7.226638778, 51.2526942133, 198.4]]}}, {"type": "Feature", "id": "https://registry.gdi-de.org/de.nw/radnetz/instances/Section_Wuppertal_1223652_382_left", "name": "", "dateprops": [], "properties": {"http://rdfs.org/ns/void#inDataset": ["https://registry.gdi-de.org/de.nw/radnetz/instances/exnw_dataset"], "http://www.opengis.net/ont/geosparql#hasGeometry": ["https://registry.gdi-de.org/de.nw/radnetz/instances/Section_Wuppertal_1223652_382_left_geometry"], "http://www.w3.org/1999/02/22-rdf-syntax-ns#type": ["https://registry.gdi-de.org/up3/ontology/Streckenabschnitt_optional"], "https://registry.gdi-de.org/up3/ontology/beginntBeiKnoten": ["https://registry.gdi-de.org/de.nw/radnetz/instances/Knoten_Wuppertal_119240101"], "https://registry.gdi-de.org/up3/ontology/endetBeiKnoten": ["https://registry.gdi-de.org/de.nw/radnetz/instances/Knoten_Wuppertal_2246"], "https://registry.gdi-de.org/up3/ontology/geometrieAbschnitt": ["https://registry.gdi-de.org/de.nw/radnetz/instances/Section_Wuppertal_1223652_382_left_geometry"], "https://registry.gdi-de.org/up3/ontology/licht": ["https://registry.gdi-de.org/codelist/de.bund.balm.radnetz/Licht/0"], "https://registry.gdi-de.org/up3/ontology/quell-ID": ["1223652"], "https://registry.gdi-de.org/up3/ontology/richtung": ["https://registry.gdi-de.org/codelist/de.bund.balm.radnetz/Richtung/3"], "https://registry.gdi-de.org/up3/ontology/steigung": ["0.477011"], "https://registry.gdi-de.org/up3/ontology/strecken-ID": ["Section_Wuppertal_1223652_382_left"]}, "geometry": {"type": "LineString", "coordinates": [[7.0442823227, 51.2306527524, 200.8], [7.0448218892, 51.2310002283, 0.0], [7.0458666611, 51.2319233909, 0.0], [7.0477816758, 51.233083572, 0.0], [7.0486495748, 51.2334267382, 0.0], [7.0489741612, 51.2334769519, 0.0], [7.054256141, 51.2338748586, 204.77]]}}, {"type": "Feature", "id": "https://registry.gdi-de.org/de.nw/radnetz/instances/Section_Wuppertal_7594_155_left", "name": "", "dateprops": [], "properties": {"http://rdfs.org/ns/void#inDataset": ["https://registry.gdi-de.org/de.nw/radnetz/instances/exnw_dataset"], "http://www.opengis.net/ont/geosparql#hasGeometry": ["https://registry.gdi-de.org/de.nw/radnetz/instances/Section_Wuppertal_7594_155_left_geometry"], "http://www.w3.org/1999/02/22-rdf-syntax-ns#type": ["https://registry.gdi-de.org/up3/ontology/Streckenabschnitt_optional"], "https://registry.gdi-de.org/up3/ontology/beginntBeiKnoten": ["https://registry.gdi-de.org/de.nw/radnetz/instances/Knoten_Wuppertal_4690"], "https://registry.gdi-de.org/up3/ontology/endetBeiKnoten": ["https://registry.gdi-de.org/de.nw/radnetz/instances/Knoten_Wuppertal_4662"], "https://registry.gdi-de.org/up3/ontology/fuehrung": ["https://registry.gdi-de.org/codelist/de.bund.balm.radnetz/Fuehrung/405"], "https://registry.gdi-de.org/up3/ontology/geometrieAbschnitt": ["https://registry.gdi-de.org/de.nw/radnetz/instances/Section_Wuppertal_7594_155_left_geometry"], "https://registry.gdi-de.org/up3/ontology/licht": ["https://registry.gdi-de.org/codelist/de.bund.balm.radnetz/Licht/1"], "https://registry.gdi-de.org/up3/ontology/quell-ID": ["7594"], "https://registry.gdi-de.org/up3/ontology/richtung": ["https://registry.gdi-de.org/codelist/de.bund.balm.radnetz/Richtung/3"], "https://registry.gdi-de.org/up3/ontology/steigung": ["0.08396329"], "https://registry.gdi-de.org/up3/ontology/strecken-ID": ["Section_Wuppertal_7594_155_left"]}, "geometry": {"type": "LineString", "coordinates": [[7.1402142949, 51.2109413738, 298.14], [7.1400229783, 51.2107275031, 0.0], [7.1395492266, 51.2104645175, 298.2]]}}, {"type": "Feature", "id": "https://registry.gdi-de.org/de.nw/radnetz/instances/Section_Wuppertal_1228345_701_left", "name": "", "dateprops": [], "properties": {"http://rdfs.org/ns/void#inDataset": ["https://registry.gdi-de.org/de.nw/radnetz/instances/exnw_dataset"], "http://www.opengis.net/ont/geosparql#hasGeometry": ["https://registry.gdi-de.org/de.nw/radnetz/instances/Section_Wuppertal_1228345_701_left_geometry"], "http://www.w3.org/1999/02/22-rdf-syntax-ns#type": ["https://registry.gdi-de.org/up3/ontology/Streckenabschnitt_optional"], "https://registry.gdi-de.org/up3/ontology/beginntBeiKnoten": ["https://registry.gdi-de.org/de.nw/radnetz/instances/Knoten_Wuppertal_1189690547"], "https://registry.gdi-de.org/up3/ontology/endetBeiKnoten": ["https://registry.gdi-de.org/de.nw/radnetz/instances/Knoten_Wuppertal_2963"], "https://registry.gdi-de.org/up3/ontology/geometrieAbschnitt": ["https://registry.gdi-de.org/de.nw/radnetz/instances/Section_Wuppertal_1228345_701_left_geometry"], "https://registry.gdi-de.org/up3/ontology/licht": ["https://registry.gdi-de.org/codelist/de.bund.balm.radnetz/Licht/1"], "https://registry.gdi-de.org/up3/ontology/quell-ID": ["1228345"], "https://registry.gdi-de.org/up3/ontology/richtung": ["https://registry.gdi-de.org/codelist/de.bund.balm.radnetz/Richtung/3"], "https://registry.gdi-de.org/up3/ontology/steigung": ["0.9080305"], "https://registry.gdi-de.org/up3/ontology/strecken-ID": ["Section_Wuppertal_1228345_701_left"]}, "geometry": {"type": "LineString", "coordinates": [[7.0903698742, 51.2449157743, 151.42], [7.0900322609, 51.2457396268, 0.0], [7.0895143827, 51.246247832, 0.0], [7.0883828809, 51.2468516338, 153.83]]}}, {"type": "Feature", "id": "https://registry.gdi-de.org/de.nw/radnetz/instances/Section_Wuppertal_2886_64_left", "name": "", "dateprops": [], "properties": {"http://rdfs.org/ns/void#inDataset": ["https://registry.gdi-de.org/de.nw/radnetz/instances/exnw_dataset"], "http://www.opengis.net/ont/geosparql#hasGeometry": ["https://registry.gdi-de.org/de.nw/radnetz/instances/Section_Wuppertal_2886_64_left_geometry"], "http://www.w3.org/1999/02/22-rdf-syntax-ns#type": ["https://registry.gdi-de.org/up3/ontology/Streckenabschnitt_optional"], "https://registry.gdi-de.org/up3/ontology/beginntBeiKnoten": ["https://registry.gdi-de.org/de.nw/radnetz/instances/Knoten_Wuppertal_4412"], "https://registry.gdi-de.org/up3/ontology/endetBeiKnoten": ["https://registry.gdi-de.org/de.nw/radnetz/instances/Knoten_Wuppertal_4496"], "https://registry.gdi-de.org/up3/ontology/geometrieAbschnitt": ["https://registry.gdi-de.org/de.nw/radnetz/instances/Section_Wuppertal_2886_64_left_geometry"], "https://registry.gdi-de.org/up3/ontology/licht": ["https://registry.gdi-de.org/codelist/de.bund.balm.radnetz/Licht/1"], "https://registry.gdi-de.org/up3/ontology/quell-ID": ["2886"], "https://registry.gdi-de.org/up3/ontology/richtung": ["https://registry.gdi-de.org/codelist/de.bund.balm.radnetz/Richtung/3"], "https://registry.gdi-de.org/up3/ontology/steigung": ["0.9651627"], "https://registry.gdi-de.org/up3/ontology/strecken-ID": ["Section_Wuppertal_2886_64_left"]}, "geometry": {"type": "LineString", "coordinates": [[7.1321139129, 51.2529086009, 140.76], [7.1338773416, 51.2529724208, 141.95]]}}, {"type": "Feature", "id": "https://registry.gdi-de.org/de.nw/radnetz/instances/Section_Wuppertal_1223973_397_left", "name": "", "dateprops": [], "properties": {"http://rdfs.org/ns/void#inDataset": ["https://registry.gdi-de.org/de.nw/radnetz/instances/exnw_dataset"], "http://www.opengis.net/ont/geosparql#hasGeometry": ["https://registry.gdi-de.org/de.nw/radnetz/instances/Section_Wuppertal_1223973_397_left_geometry"], "http://www.w3.org/1999/02/22-rdf-syntax-ns#type": ["https://registry.gdi-de.org/up3/ontology/Streckenabschnitt_optional"], "https://registry.gdi-de.org/up3/ontology/beginntBeiKnoten": ["https://registry.gdi-de.org/de.nw/radnetz/instances/Knoten_Wuppertal_5145"], "https://registry.gdi-de.org/up3/ontology/endetBeiKnoten": ["https://registry.gdi-de.org/de.nw/radnetz/instances/Knoten_Wuppertal_112200102"], "https://registry.gdi-de.org/up3/ontology/geometrieAbschnitt": ["https://registry.gdi-de.org/de.nw/radnetz/instances/Section_Wuppertal_1223973_397_left_geometry"], "https://registry.gdi-de.org/up3/ontology/licht": ["https://registry.gdi-de.org/codelist/de.bund.balm.radnetz/Licht/1"], "https://registry.gdi-de.org/up3/ontology/quell-ID": ["1223973"], "https://registry.gdi-de.org/up3/ontology/richtung": ["https://registry.gdi-de.org/codelist/de.bund.balm.radnetz/Richtung/3"], "https://registry.gdi-de.org/up3/ontology/steigung": ["0.7537119"], "https://registry.gdi-de.org/up3/ontology/strecken-ID": ["Section_Wuppertal_1223973_397_left"]}, "geometry": {"type": "LineString", "coordinates": [[7.1461551461, 51.2570686864, 143.31], [7.1461569999, 51.2571641031, 143.39]]}}, {"type": "Feature", "id": "https://registry.gdi-de.org/de.nw/radnetz/instances/Section_Wuppertal_1226309_556_left", "name": "", "dateprops": [], "properties": {"http://rdfs.org/ns/void#inDataset": ["https://registry.gdi-de.org/de.nw/radnetz/instances/exnw_dataset"], "http://www.opengis.net/ont/geosparql#hasGeometry": ["https://registry.gdi-de.org/de.nw/radnetz/instances/Section_Wuppertal_1226309_556_left_geometry"], "http://www.w3.org/1999/02/22-rdf-syntax-ns#type": ["https://registry.gdi-de.org/up3/ontology/Streckenabschnitt_optional"], "https://registry.gdi-de.org/up3/ontology/beginntBeiKnoten": ["https://registry.gdi-de.org/de.nw/radnetz/instances/Knoten_Wuppertal_3026"], "https://registry.gdi-de.org/up3/ontology/endetBeiKnoten": ["https://registry.gdi-de.org/de.nw/radnetz/instances/Knoten_Wuppertal_114710101"], "https://registry.gdi-de.org/up3/ontology/geometrieAbschnitt": ["https://registry.gdi-de.org/de.nw/radnetz/instances/Section_Wuppertal_1226309_556_left_geometry"], "https://registry.gdi-de.org/up3/ontology/licht": ["https://registry.gdi-de.org/codelist/de.bund.balm.radnetz/Licht/1"], "https://registry.gdi-de.org/up3/ontology/quell-ID": ["1226309"], "https://registry.gdi-de.org/up3/ontology/richtung": ["https://registry.gdi-de.org/codelist/de.bund.balm.radnetz/Richtung/3"], "https://registry.gdi-de.org/up3/ontology/steigung": ["8.248365"], "https://registry.gdi-de.org/up3/ontology/strecken-ID": ["Section_Wuppertal_1226309_556_left"]}, "geometry": {"type": "LineString", "coordinates": [[7.0908696663, 51.2593318848, 226.03], [7.0911477711, 51.2597456458, 230.15]]}}, {"type": "Feature", "id": "https://registry.gdi-de.org/de.nw/radnetz/instances/Section_Wuppertal_1225788_504_left", "name": "", "dateprops": [], "properties": {"http://rdfs.org/ns/void#inDataset": ["https://registry.gdi-de.org/de.nw/radnetz/instances/exnw_dataset"], "http://www.opengis.net/ont/geosparql#hasGeometry": ["https://registry.gdi-de.org/de.nw/radnetz/instances/Section_Wuppertal_1225788_504_left_geometry"], "http://www.w3.org/1999/02/22-rdf-syntax-ns#type": ["https://registry.gdi-de.org/up3/ontology/Streckenabschnitt_optional"], "https://registry.gdi-de.org/up3/ontology/beginntBeiKnoten": ["https://registry.gdi-de.org/de.nw/radnetz/instances/Knoten_Wuppertal_111810601"], "https://registry.gdi-de.org/up3/ontology/endetBeiKnoten": ["https://registry.gdi-de.org/de.nw/radnetz/instances/Knoten_Wuppertal_111810701"], "https://registry.gdi-de.org/up3/ontology/geometrieAbschnitt": ["https://registry.gdi-de.org/de.nw/radnetz/instances/Section_Wuppertal_1225788_504_left_geometry"], "https://registry.gdi-de.org/up3/ontology/licht": ["https://registry.gdi-de.org/codelist/de.bund.balm.radnetz/Licht/1"], "https://registry.gdi-de.org/up3/ontology/quell-ID": ["1225788"], "https://registry.gdi-de.org/up3/ontology/richtung": ["https://registry.gdi-de.org/codelist/de.bund.balm.radnetz/Richtung/3"], "https://registry.gdi-de.org/up3/ontology/steigung": ["0.8224434"], "https://registry.gdi-de.org/up3/ontology/strecken-ID": ["Section_Wuppertal_1225788_504_left"]}, "geometry": {"type": "LineString", "coordinates": [[7.2060812439, 51.2720406965, 156.42], [7.2061718896, 51.272124202, 0.0], [7.2064370343, 51.2725257258, 156.91]]}}, {"type": "Feature", "id": "https://registry.gdi-de.org/de.nw/radnetz/instances/Section_Wuppertal_1226553_590_left", "name": "", "dateprops": [], "properties": {"http://rdfs.org/ns/void#inDataset": ["https://registry.gdi-de.org/de.nw/radnetz/instances/exnw_dataset"], "http://www.opengis.net/ont/geosparql#hasGeometry": ["https://registry.gdi-de.org/de.nw/radnetz/instances/Section_Wuppertal_1226553_590_left_geometry"], "http://www.w3.org/1999/02/22-rdf-syntax-ns#type": ["https://registry.gdi-de.org/up3/ontology/Streckenabschnitt_optional"], "https://registry.gdi-de.org/up3/ontology/beginntBeiKnoten": ["https://registry.gdi-de.org/de.nw/radnetz/instances/Knoten_Wuppertal_118260101"], "https://registry.gdi-de.org/up3/ontology/endetBeiKnoten": ["https://registry.gdi-de.org/de.nw/radnetz/instances/Knoten_Wuppertal_6121"], "https://registry.gdi-de.org/up3/ontology/geometrieAbschnitt": ["https://registry.gdi-de.org/de.nw/radnetz/instances/Section_Wuppertal_1226553_590_left_geometry"], "https://registry.gdi-de.org/up3/ontology/licht": ["https://registry.gdi-de.org/codelist/de.bund.balm.radnetz/Licht/1"], "https://registry.gdi-de.org/up3/ontology/quell-ID": ["1226553"], "https://registry.gdi-de.org/up3/ontology/richtung": ["https://registry.gdi-de.org/codelist/de.bund.balm.radnetz/Richtung/3"], "https://registry.gdi-de.org/up3/ontology/steigung": ["3.064745"], "https://registry.gdi-de.org/up3/ontology/strecken-ID": ["Section_Wuppertal_1226553_590_left"]}, "geometry": {"type": "LineString", "coordinates": [[7.1620431262, 51.3002648807, 301.15], [7.1626537615, 51.3000435947, 0.0], [7.16303781, 51.2999136197, 303.59]]}}, {"type": "Feature", "id": "https://registry.gdi-de.org/de.nw/radnetz/instances/Section_Wuppertal_1228560_717_left", "name": "", "dateprops": [], "properties": {"http://rdfs.org/ns/void#inDataset": ["https://registry.gdi-de.org/de.nw/radnetz/instances/exnw_dataset"], "http://www.opengis.net/ont/geosparql#hasGeometry": ["https://registry.gdi-de.org/de.nw/radnetz/instances/Section_Wuppertal_1228560_717_left_geometry"], "http://www.w3.org/1999/02/22-rdf-syntax-ns#type": ["https://registry.gdi-de.org/up3/ontology/Streckenabschnitt_optional"], "https://registry.gdi-de.org/up3/ontology/beginntBeiKnoten": ["https://registry.gdi-de.org/de.nw/radnetz/instances/Knoten_Wuppertal_7097"], "https://registry.gdi-de.org/up3/ontology/endetBeiKnoten": ["https://registry.gdi-de.org/de.nw/radnetz/instances/Knoten_Wuppertal_1189690648"], "https://registry.gdi-de.org/up3/ontology/geometrieAbschnitt": ["https://registry.gdi-de.org/de.nw/radnetz/instances/Section_Wuppertal_1228560_717_left_geometry"], "https://registry.gdi-de.org/up3/ontology/licht": ["https://registry.gdi-de.org/codelist/de.bund.balm.radnetz/Licht/1"], "https://registry.gdi-de.org/up3/ontology/quell-ID": ["1228560"], "https://registry.gdi-de.org/up3/ontology/richtung": ["https://registry.gdi-de.org/codelist/de.bund.balm.radnetz/Richtung/3"], "https://registry.gdi-de.org/up3/ontology/steigung": ["0.1020528"], "https://registry.gdi-de.org/up3/ontology/strecken-ID": ["Section_Wuppertal_1228560_717_left"]}, "geometry": {"type": "LineString", "coordinates": [[7.1924744548, 51.2689416878, 152.05], [7.1919393532, 51.2686564908, 152.1]]}}, {"type": "Feature", "id": "https://registry.gdi-de.org/de.nw/radnetz/instances/Section_Wuppertal_5190_115_left", "name": "", "dateprops": [], "properties": {"http://rdfs.org/ns/void#inDataset": ["https://registry.gdi-de.org/de.nw/radnetz/instances/exnw_dataset"], "http://www.opengis.net/ont/geosparql#hasGeometry": ["https://registry.gdi-de.org/de.nw/radnetz/instances/Section_Wuppertal_5190_115_left_geometry"], "http://www.w3.org/1999/02/22-rdf-syntax-ns#type": ["https://registry.gdi-de.org/up3/ontology/Streckenabschnitt_optional"], "https://registry.gdi-de.org/up3/ontology/beginntBeiKnoten": ["https://registry.gdi-de.org/de.nw/radnetz/instances/Knoten_Wuppertal_3024"], "https://registry.gdi-de.org/up3/ontology/endetBeiKnoten": ["https://registry.gdi-de.org/de.nw/radnetz/instances/Knoten_Wuppertal_3015"], "https://registry.gdi-de.org/up3/ontology/geometrieAbschnitt": ["https://registry.gdi-de.org/de.nw/radnetz/instances/Section_Wuppertal_5190_115_left_geometry"], "https://registry.gdi-de.org/up3/ontology/licht": ["https://registry.gdi-de.org/codelist/de.bund.balm.radnetz/Licht/1"], "https://registry.gdi-de.org/up3/ontology/quell-ID": ["5190"], "https://registry.gdi-de.org/up3/ontology/richtung": ["https://registry.gdi-de.org/codelist/de.bund.balm.radnetz/Richtung/3"], "https://registry.gdi-de.org/up3/ontology/steigung": ["8.669857"], "https://registry.gdi-de.org/up3/ontology/strecken-ID": ["Section_Wuppertal_5190_115_left"]}, "geometry": {"type": "LineString", "coordinates": [[7.0908660642, 51.2561587021, 200.26], [7.0906219906, 51.2567363487, 0.0], [7.0904482988, 51.2572683311, 211.26]]}}, {"type": "Feature", "id": "https://registry.gdi-de.org/de.nw/radnetz/instances/Section_Wuppertal_1225445_477_left", "name": "", "dateprops": [], "properties": {"http://rdfs.org/ns/void#inDataset": ["https://registry.gdi-de.org/de.nw/radnetz/instances/exnw_dataset"], "http://www.opengis.net/ont/geosparql#hasGeometry": ["https://registry.gdi-de.org/de.nw/radnetz/instances/Section_Wuppertal_1225445_477_left_geometry"], "http://www.w3.org/1999/02/22-rdf-syntax-ns#type": ["https://registry.gdi-de.org/up3/ontology/Streckenabschnitt_optional"], "https://registry.gdi-de.org/up3/ontology/beginntBeiKnoten": ["https://registry.gdi-de.org/de.nw/radnetz/instances/Knoten_Wuppertal_115500102"], "https://registry.gdi-de.org/up3/ontology/endetBeiKnoten": ["https://registry.gdi-de.org/de.nw/radnetz/instances/Knoten_Wuppertal_8737"], "https://registry.gdi-de.org/up3/ontology/geometrieAbschnitt": ["https://registry.gdi-de.org/de.nw/radnetz/instances/Section_Wuppertal_1225445_477_left_geometry"], "https://registry.gdi-de.org/up3/ontology/licht": ["https://registry.gdi-de.org/codelist/de.bund.balm.radnetz/Licht/1"], "https://registry.gdi-de.org/up3/ontology/quell-ID": ["1225445"], "https://registry.gdi-de.org/up3/ontology/richtung": ["https://registry.gdi-de.org/codelist/de.bund.balm.radnetz/Richtung/3"], "https://registry.gdi-de.org/up3/ontology/steigung": ["0.7887458"], "https://registry.gdi-de.org/up3/ontology/strecken-ID": ["Section_Wuppertal_1225445_477_left"]}, "geometry": {"type": "LineString", "coordinates": [[7.2297600522, 51.2584307445, 180.7], [7.2297565885, 51.2586017062, 180.85]]}}, {"type": "Feature", "id": "https://registry.gdi-de.org/de.nw/radnetz/instances/Section_Wuppertal_7420_154_left", "name": "", "dateprops": [], "properties": {"http://rdfs.org/ns/void#inDataset": ["https://registry.gdi-de.org/de.nw/radnetz/instances/exnw_dataset"], "http://www.opengis.net/ont/geosparql#hasGeometry": ["https://registry.gdi-de.org/de.nw/radnetz/instances/Section_Wuppertal_7420_154_left_geometry"], "http://www.w3.org/1999/02/22-rdf-syntax-ns#type": ["https://registry.gdi-de.org/up3/ontology/Streckenabschnitt_optional"], "https://registry.gdi-de.org/up3/ontology/beginntBeiKnoten": ["https://registry.gdi-de.org/de.nw/radnetz/instances/Knoten_Wuppertal_8732"], "https://registry.gdi-de.org/up3/ontology/endetBeiKnoten": ["https://registry.gdi-de.org/de.nw/radnetz/instances/Knoten_Wuppertal_8782"], "https://registry.gdi-de.org/up3/ontology/geometrieAbschnitt": ["https://registry.gdi-de.org/de.nw/radnetz/instances/Section_Wuppertal_7420_154_left_geometry"], "https://registry.gdi-de.org/up3/ontology/licht": ["https://registry.gdi-de.org/codelist/de.bund.balm.radnetz/Licht/0"], "https://registry.gdi-de.org/up3/ontology/quell-ID": ["7420"], "https://registry.gdi-de.org/up3/ontology/richtung": ["https://registry.gdi-de.org/codelist/de.bund.balm.radnetz/Richtung/3"], "https://registry.gdi-de.org/up3/ontology/steigung": ["5.587338"], "https://registry.gdi-de.org/up3/ontology/strecken-ID": ["Section_Wuppertal_7420_154_left"]}, "geometry": {"type": "LineString", "coordinates": [[7.2301068598, 51.2432185628, 264.03], [7.2307993623, 51.2432592341, 0.0], [7.2320663516, 51.243397936, 271.76]]}}, {"type": "Feature", "id": "https://registry.gdi-de.org/de.nw/radnetz/instances/Section_Wuppertal_1229605_735_left", "name": "", "dateprops": [], "properties": {"http://rdfs.org/ns/void#inDataset": ["https://registry.gdi-de.org/de.nw/radnetz/instances/exnw_dataset"], "http://www.opengis.net/ont/geosparql#hasGeometry": ["https://registry.gdi-de.org/de.nw/radnetz/instances/Section_Wuppertal_1229605_735_left_geometry"], "http://www.w3.org/1999/02/22-rdf-syntax-ns#type": ["https://registry.gdi-de.org/up3/ontology/Streckenabschnitt_optional"], "https://registry.gdi-de.org/up3/ontology/beginntBeiKnoten": ["https://registry.gdi-de.org/de.nw/radnetz/instances/Knoten_Wuppertal_1189691154"], "https://registry.gdi-de.org/up3/ontology/endetBeiKnoten": ["https://registry.gdi-de.org/de.nw/radnetz/instances/Knoten_Wuppertal_7750"], "https://registry.gdi-de.org/up3/ontology/geometrieAbschnitt": ["https://registry.gdi-de.org/de.nw/radnetz/instances/Section_Wuppertal_1229605_735_left_geometry"], "https://registry.gdi-de.org/up3/ontology/licht": ["https://registry.gdi-de.org/codelist/de.bund.balm.radnetz/Licht/1"], "https://registry.gdi-de.org/up3/ontology/quell-ID": ["1229605"], "https://registry.gdi-de.org/up3/ontology/richtung": ["https://registry.gdi-de.org/codelist/de.bund.balm.radnetz/Richtung/3"], "https://registry.gdi-de.org/up3/ontology/steigung": ["2.297154"], "https://registry.gdi-de.org/up3/ontology/strecken-ID": ["Section_Wuppertal_1229605_735_left"]}, "geometry": {"type": "LineString", "coordinates": [[7.2041349671, 51.2712238862, 155.24], [7.2042972312, 51.2712644837, 155.52]]}}, {"type": "Feature", "id": "https://registry.gdi-de.org/de.nw/radnetz/instances/Section_Wuppertal_1227032_668_left", "name": "", "dateprops": [], "properties": {"http://rdfs.org/ns/void#inDataset": ["https://registry.gdi-de.org/de.nw/radnetz/instances/exnw_dataset"], "http://www.opengis.net/ont/geosparql#hasGeometry": ["https://registry.gdi-de.org/de.nw/radnetz/instances/Section_Wuppertal_1227032_668_left_geometry"], "http://www.w3.org/1999/02/22-rdf-syntax-ns#type": ["https://registry.gdi-de.org/up3/ontology/Streckenabschnitt_optional"], "https://registry.gdi-de.org/up3/ontology/beginntBeiKnoten": ["https://registry.gdi-de.org/de.nw/radnetz/instances/Knoten_Wuppertal_112330101"], "https://registry.gdi-de.org/up3/ontology/endetBeiKnoten": ["https://registry.gdi-de.org/de.nw/radnetz/instances/Knoten_Wuppertal_112330102"], "https://registry.gdi-de.org/up3/ontology/geometrieAbschnitt": ["https://registry.gdi-de.org/de.nw/radnetz/instances/Section_Wuppertal_1227032_668_left_geometry"], "https://registry.gdi-de.org/up3/ontology/licht": ["https://registry.gdi-de.org/codelist/de.bund.balm.radnetz/Licht/1"], "https://registry.gdi-de.org/up3/ontology/quell-ID": ["1227032"], "https://registry.gdi-de.org/up3/ontology/richtung": ["https://registry.gdi-de.org/codelist/de.bund.balm.radnetz/Richtung/3"], "https://registry.gdi-de.org/up3/ontology/steigung": ["6.577272"], "https://registry.gdi-de.org/up3/ontology/strecken-ID": ["Section_Wuppertal_1227032_668_left"]}, "geometry": {"type": "LineString", "coordinates": [[7.1604496904, 51.2515936764, 210.74], [7.1604637343, 51.251503019, 0.0], [7.1604679841, 51.2514919038, 211.49]]}}, {"type": "Feature", "id": "https://registry.gdi-de.org/de.nw/radnetz/instances/Section_Wuppertal_1229591_734_left", "name": "", "dateprops": [], "properties": {"http://rdfs.org/ns/void#inDataset": ["https://registry.gdi-de.org/de.nw/radnetz/instances/exnw_dataset"], "http://www.opengis.net/ont/geosparql#hasGeometry": ["https://registry.gdi-de.org/de.nw/radnetz/instances/Section_Wuppertal_1229591_734_left_geometry"], "http://www.w3.org/1999/02/22-rdf-syntax-ns#type": ["https://registry.gdi-de.org/up3/ontology/Streckenabschnitt_optional"], "https://registry.gdi-de.org/up3/ontology/beginntBeiKnoten": ["https://registry.gdi-de.org/de.nw/radnetz/instances/Knoten_Wuppertal_9281"], "https://registry.gdi-de.org/up3/ontology/endetBeiKnoten": ["https://registry.gdi-de.org/de.nw/radnetz/instances/Knoten_Wuppertal_1189691147"], "https://registry.gdi-de.org/up3/ontology/geometrieAbschnitt": ["https://registry.gdi-de.org/de.nw/radnetz/instances/Section_Wuppertal_1229591_734_left_geometry"], "https://registry.gdi-de.org/up3/ontology/licht": ["https://registry.gdi-de.org/codelist/de.bund.balm.radnetz/Licht/1"], "https://registry.gdi-de.org/up3/ontology/quell-ID": ["1229591"], "https://registry.gdi-de.org/up3/ontology/richtung": ["https://registry.gdi-de.org/codelist/de.bund.balm.radnetz/Richtung/3"], "https://registry.gdi-de.org/up3/ontology/steigung": ["0.3673323"], "https://registry.gdi-de.org/up3/ontology/strecken-ID": ["Section_Wuppertal_1229591_734_left"]}, "geometry": {"type": "LineString", "coordinates": [[7.2484224039, 51.2755037463, 201.02], [7.2482677638, 51.2754904634, 201.06]]}}, {"type": "Feature", "id": "https://registry.gdi-de.org/de.nw/radnetz/instances/Section_Wuppertal_5958_960_left", "name": "", "dateprops": [], "properties": {"http://rdfs.org/ns/void#inDataset": ["https://registry.gdi-de.org/de.nw/radnetz/instances/exnw_dataset"], "http://www.opengis.net/ont/geosparql#hasGeometry": ["https://registry.gdi-de.org/de.nw/radnetz/instances/Section_Wuppertal_5958_960_left_geometry"], "http://www.w3.org/1999/02/22-rdf-syntax-ns#type": ["https://registry.gdi-de.org/up3/ontology/Streckenabschnitt_optional"], "https://registry.gdi-de.org/up3/ontology/beginntBeiKnoten": ["https://registry.gdi-de.org/de.nw/radnetz/instances/Knoten_Wuppertal_5275"], "https://registry.gdi-de.org/up3/ontology/endetBeiKnoten": ["https://registry.gdi-de.org/de.nw/radnetz/instances/Knoten_Wuppertal_5212"], "https://registry.gdi-de.org/up3/ontology/geometrieAbschnitt": ["https://registry.gdi-de.org/de.nw/radnetz/instances/Section_Wuppertal_5958_960_left_geometry"], "https://registry.gdi-de.org/up3/ontology/licht": ["https://registry.gdi-de.org/codelist/de.bund.balm.radnetz/Licht/1"], "https://registry.gdi-de.org/up3/ontology/quell-ID": ["5958"], "https://registry.gdi-de.org/up3/ontology/richtung": ["https://registry.gdi-de.org/codelist/de.bund.balm.radnetz/Richtung/3"], "https://registry.gdi-de.org/up3/ontology/steigung": ["7.514549"], "https://registry.gdi-de.org/up3/ontology/strecken-ID": ["Section_Wuppertal_5958_960_left"]}, "geometry": {"type": "LineString", "coordinates": [[7.1478673466, 51.2667343255, 0.0], [7.1467211563, 51.2666515418, 0.0]]}}, {"type": "Feature", "id": "https://registry.gdi-de.org/de.nw/radnetz/instances/Section_Wuppertal_1224391_417_left", "name": "", "dateprops": [], "properties": {"http://rdfs.org/ns/void#inDataset": ["https://registry.gdi-de.org/de.nw/radnetz/instances/exnw_dataset"], "http://www.opengis.net/ont/geosparql#hasGeometry": ["https://registry.gdi-de.org/de.nw/radnetz/instances/Section_Wuppertal_1224391_417_left_geometry"], "http://www.w3.org/1999/02/22-rdf-syntax-ns#type": ["https://registry.gdi-de.org/up3/ontology/Streckenabschnitt_optional"], "https://registry.gdi-de.org/up3/ontology/beginntBeiKnoten": ["https://registry.gdi-de.org/de.nw/radnetz/instances/Knoten_Wuppertal_116470102"], "https://registry.gdi-de.org/up3/ontology/endetBeiKnoten": ["https://registry.gdi-de.org/de.nw/radnetz/instances/Knoten_Wuppertal_9576"], "https://registry.gdi-de.org/up3/ontology/geometrieAbschnitt": ["https://registry.gdi-de.org/de.nw/radnetz/instances/Section_Wuppertal_1224391_417_left_geometry"], "https://registry.gdi-de.org/up3/ontology/licht": ["https://registry.gdi-de.org/codelist/de.bund.balm.radnetz/Licht/1"], "https://registry.gdi-de.org/up3/ontology/quell-ID": ["1224391"], "https://registry.gdi-de.org/up3/ontology/richtung": ["https://registry.gdi-de.org/codelist/de.bund.balm.radnetz/Richtung/3"], "https://registry.gdi-de.org/up3/ontology/steigung": ["0.106938"], "https://registry.gdi-de.org/up3/ontology/strecken-ID": ["Section_Wuppertal_1224391_417_left"]}, "geometry": {"type": "LineString", "coordinates": [[7.2626750923, 51.2554559514, 178.59], [7.2624333258, 51.2555284555, 178.61]]}}, {"type": "Feature", "id": "https://registry.gdi-de.org/de.nw/radnetz/instances/Section_Wuppertal_1223534_375_left", "name": "", "dateprops": [], "properties": {"http://rdfs.org/ns/void#inDataset": ["https://registry.gdi-de.org/de.nw/radnetz/instances/exnw_dataset"], "http://www.opengis.net/ont/geosparql#hasGeometry": ["https://registry.gdi-de.org/de.nw/radnetz/instances/Section_Wuppertal_1223534_375_left_geometry"], "http://www.w3.org/1999/02/22-rdf-syntax-ns#type": ["https://registry.gdi-de.org/up3/ontology/Streckenabschnitt_optional"], "https://registry.gdi-de.org/up3/ontology/beginntBeiKnoten": ["https://registry.gdi-de.org/de.nw/radnetz/instances/Knoten_Wuppertal_112310103"], "https://registry.gdi-de.org/up3/ontology/endetBeiKnoten": ["https://registry.gdi-de.org/de.nw/radnetz/instances/Knoten_Wuppertal_5807"], "https://registry.gdi-de.org/up3/ontology/geometrieAbschnitt": ["https://registry.gdi-de.org/de.nw/radnetz/instances/Section_Wuppertal_1223534_375_left_geometry"], "https://registry.gdi-de.org/up3/ontology/licht": ["https://registry.gdi-de.org/codelist/de.bund.balm.radnetz/Licht/1"], "https://registry.gdi-de.org/up3/ontology/quell-ID": ["1223534"], "https://registry.gdi-de.org/up3/ontology/richtung": ["https://registry.gdi-de.org/codelist/de.bund.balm.radnetz/Richtung/3"], "https://registry.gdi-de.org/up3/ontology/steigung": ["5.188886"], "https://registry.gdi-de.org/up3/ontology/strecken-ID": ["Section_Wuppertal_1223534_375_left"]}, "geometry": {"type": "LineString", "coordinates": [[7.1571093655, 51.2516611238, 186.89], [7.1579758441, 51.2520354057, 190.7]]}}, {"type": "Feature", "id": "https://registry.gdi-de.org/de.nw/radnetz/instances/Section_Wuppertal_9284_1013_left", "name": "", "dateprops": [], "properties": {"http://rdfs.org/ns/void#inDataset": ["https://registry.gdi-de.org/de.nw/radnetz/instances/exnw_dataset"], "http://www.opengis.net/ont/geosparql#hasGeometry": ["https://registry.gdi-de.org/de.nw/radnetz/instances/Section_Wuppertal_9284_1013_left_geometry"], "http://www.w3.org/1999/02/22-rdf-syntax-ns#type": ["https://registry.gdi-de.org/up3/ontology/Streckenabschnitt_optional"], "https://registry.gdi-de.org/up3/ontology/beginntBeiKnoten": ["https://registry.gdi-de.org/de.nw/radnetz/instances/Knoten_Wuppertal_2399"], "https://registry.gdi-de.org/up3/ontology/endetBeiKnoten": ["https://registry.gdi-de.org/de.nw/radnetz/instances/Knoten_Wuppertal_2465"], "https://registry.gdi-de.org/up3/ontology/geometrieAbschnitt": ["https://registry.gdi-de.org/de.nw/radnetz/instances/Section_Wuppertal_9284_1013_left_geometry"], "https://registry.gdi-de.org/up3/ontology/licht": ["https://registry.gdi-de.org/codelist/de.bund.balm.radnetz/Licht/1"], "https://registry.gdi-de.org/up3/ontology/quell-ID": ["9284"], "https://registry.gdi-de.org/up3/ontology/richtung": ["https://registry.gdi-de.org/codelist/de.bund.balm.radnetz/Richtung/3"], "https://registry.gdi-de.org/up3/ontology/steigung": ["0.3275676"], "https://registry.gdi-de.org/up3/ontology/strecken-ID": ["Section_Wuppertal_9284_1013_left"]}, "geometry": {"type": "LineString", "coordinates": [[7.0634092182, 51.2309016953, 0.0], [7.065271955, 51.2315858703, 0.0], [7.0656190344, 51.2317355198, 0.0]]}}, {"type": "Feature", "id": "https://registry.gdi-de.org/de.nw/radnetz/instances/Section_Wuppertal_1224697_428_left", "name": "", "dateprops": [], "properties": {"http://rdfs.org/ns/void#inDataset": ["https://registry.gdi-de.org/de.nw/radnetz/instances/exnw_dataset"], "http://www.opengis.net/ont/geosparql#hasGeometry": ["https://registry.gdi-de.org/de.nw/radnetz/instances/Section_Wuppertal_1224697_428_left_geometry"], "http://www.w3.org/1999/02/22-rdf-syntax-ns#type": ["https://registry.gdi-de.org/up3/ontology/Streckenabschnitt_optional"], "https://registry.gdi-de.org/up3/ontology/beginntBeiKnoten": ["https://registry.gdi-de.org/de.nw/radnetz/instances/Knoten_Wuppertal_7382"], "https://registry.gdi-de.org/up3/ontology/endetBeiKnoten": ["https://registry.gdi-de.org/de.nw/radnetz/instances/Knoten_Wuppertal_115000104"], "https://registry.gdi-de.org/up3/ontology/geometrieAbschnitt": ["https://registry.gdi-de.org/de.nw/radnetz/instances/Section_Wuppertal_1224697_428_left_geometry"], "https://registry.gdi-de.org/up3/ontology/licht": ["https://registry.gdi-de.org/codelist/de.bund.balm.radnetz/Licht/1"], "https://registry.gdi-de.org/up3/ontology/quell-ID": ["1224697"], "https://registry.gdi-de.org/up3/ontology/richtung": ["https://registry.gdi-de.org/codelist/de.bund.balm.radnetz/Richtung/3"], "https://registry.gdi-de.org/up3/ontology/steigung": ["0.03920074"], "https://registry.gdi-de.org/up3/ontology/strecken-ID": ["Section_Wuppertal_1224697_428_left"]}, "geometry": {"type": "LineString", "coordinates": [[7.198810984, 51.2233084302, 267.44], [7.1994402177, 51.2238716915, 267.47]]}}, {"type": "Feature", "id": "https://registry.gdi-de.org/de.nw/radnetz/instances/Section_Wuppertal_1224766_430_left", "name": "", "dateprops": [], "properties": {"http://rdfs.org/ns/void#inDataset": ["https://registry.gdi-de.org/de.nw/radnetz/instances/exnw_dataset"], "http://www.opengis.net/ont/geosparql#hasGeometry": ["https://registry.gdi-de.org/de.nw/radnetz/instances/Section_Wuppertal_1224766_430_left_geometry"], "http://www.w3.org/1999/02/22-rdf-syntax-ns#type": ["https://registry.gdi-de.org/up3/ontology/Streckenabschnitt_optional"], "https://registry.gdi-de.org/up3/ontology/beginntBeiKnoten": ["https://registry.gdi-de.org/de.nw/radnetz/instances/Knoten_Wuppertal_115530102"], "https://registry.gdi-de.org/up3/ontology/endetBeiKnoten": ["https://registry.gdi-de.org/de.nw/radnetz/instances/Knoten_Wuppertal_8732"], "https://registry.gdi-de.org/up3/ontology/geometrieAbschnitt": ["https://registry.gdi-de.org/de.nw/radnetz/instances/Section_Wuppertal_1224766_430_left_geometry"], "https://registry.gdi-de.org/up3/ontology/licht": ["https://registry.gdi-de.org/codelist/de.bund.balm.radnetz/Licht/0"], "https://registry.gdi-de.org/up3/ontology/quell-ID": ["1224766"], "https://registry.gdi-de.org/up3/ontology/richtung": ["https://registry.gdi-de.org/codelist/de.bund.balm.radnetz/Richtung/3"], "https://registry.gdi-de.org/up3/ontology/steigung": ["5.510842"], "https://registry.gdi-de.org/up3/ontology/strecken-ID": ["Section_Wuppertal_1224766_430_left"]}, "geometry": {"type": "LineString", "coordinates": [[7.2292747788, 51.2434831309, 260.38], [7.2295641206, 51.2433315531, 0.0], [7.2301068598, 51.2432185628, 264.03]]}}, {"type": "Feature", "id": "https://registry.gdi-de.org/de.nw/radnetz/instances/Section_Wuppertal_1227808_686_left", "name": "", "dateprops": [], "properties": {"http://rdfs.org/ns/void#inDataset": ["https://registry.gdi-de.org/de.nw/radnetz/instances/exnw_dataset"], "http://www.opengis.net/ont/geosparql#hasGeometry": ["https://registry.gdi-de.org/de.nw/radnetz/instances/Section_Wuppertal_1227808_686_left_geometry"], "http://www.w3.org/1999/02/22-rdf-syntax-ns#type": ["https://registry.gdi-de.org/up3/ontology/Streckenabschnitt_optional"], "https://registry.gdi-de.org/up3/ontology/beginntBeiKnoten": ["https://registry.gdi-de.org/de.nw/radnetz/instances/Knoten_Wuppertal_1189690279"], "https://registry.gdi-de.org/up3/ontology/endetBeiKnoten": ["https://registry.gdi-de.org/de.nw/radnetz/instances/Knoten_Wuppertal_5129"], "https://registry.gdi-de.org/up3/ontology/geometrieAbschnitt": ["https://registry.gdi-de.org/de.nw/radnetz/instances/Section_Wuppertal_1227808_686_left_geometry"], "https://registry.gdi-de.org/up3/ontology/licht": ["https://registry.gdi-de.org/codelist/de.bund.balm.radnetz/Licht/1"], "https://registry.gdi-de.org/up3/ontology/quell-ID": ["1227808"], "https://registry.gdi-de.org/up3/ontology/richtung": ["https://registry.gdi-de.org/codelist/de.bund.balm.radnetz/Richtung/3"], "https://registry.gdi-de.org/up3/ontology/steigung": ["1.715394"], "https://registry.gdi-de.org/up3/ontology/strecken-ID": ["Section_Wuppertal_1227808_686_left"]}, "geometry": {"type": "LineString", "coordinates": [[7.1461698614, 51.2584254918, 144.66], [7.1458533395, 51.2587524927, 145.39]]}}, {"type": "Feature", "id": "https://registry.gdi-de.org/de.nw/radnetz/instances/Section_Wuppertal_1227107_673_left", "name": "", "dateprops": [], "properties": {"http://rdfs.org/ns/void#inDataset": ["https://registry.gdi-de.org/de.nw/radnetz/instances/exnw_dataset"], "http://www.opengis.net/ont/geosparql#hasGeometry": ["https://registry.gdi-de.org/de.nw/radnetz/instances/Section_Wuppertal_1227107_673_left_geometry"], "http://www.w3.org/1999/02/22-rdf-syntax-ns#type": ["https://registry.gdi-de.org/up3/ontology/Streckenabschnitt_optional"], "https://registry.gdi-de.org/up3/ontology/beginntBeiKnoten": ["https://registry.gdi-de.org/de.nw/radnetz/instances/Knoten_Wuppertal_6049"], "https://registry.gdi-de.org/up3/ontology/endetBeiKnoten": ["https://registry.gdi-de.org/de.nw/radnetz/instances/Knoten_Wuppertal_112340102"], "https://registry.gdi-de.org/up3/ontology/geometrieAbschnitt": ["https://registry.gdi-de.org/de.nw/radnetz/instances/Section_Wuppertal_1227107_673_left_geometry"], "https://registry.gdi-de.org/up3/ontology/licht": ["https://registry.gdi-de.org/codelist/de.bund.balm.radnetz/Licht/1"], "https://registry.gdi-de.org/up3/ontology/quell-ID": ["1227107"], "https://registry.gdi-de.org/up3/ontology/richtung": ["https://registry.gdi-de.org/codelist/de.bund.balm.radnetz/Richtung/3"], "https://registry.gdi-de.org/up3/ontology/steigung": ["5.681302"], "https://registry.gdi-de.org/up3/ontology/strecken-ID": ["Section_Wuppertal_1227107_673_left"]}, "geometry": {"type": "LineString", "coordinates": [[7.1638264804, 51.2454870515, 246.92], [7.1640497747, 51.2452799983, 248.5]]}}, {"type": "Feature", "id": "https://registry.gdi-de.org/de.nw/radnetz/instances/Section_Wuppertal_1227108_674_left", "name": "", "dateprops": [], "properties": {"http://rdfs.org/ns/void#inDataset": ["https://registry.gdi-de.org/de.nw/radnetz/instances/exnw_dataset"], "http://www.opengis.net/ont/geosparql#hasGeometry": ["https://registry.gdi-de.org/de.nw/radnetz/instances/Section_Wuppertal_1227108_674_left_geometry"], "http://www.w3.org/1999/02/22-rdf-syntax-ns#type": ["https://registry.gdi-de.org/up3/ontology/Streckenabschnitt_optional"], "https://registry.gdi-de.org/up3/ontology/beginntBeiKnoten": ["https://registry.gdi-de.org/de.nw/radnetz/instances/Knoten_Wuppertal_112340102"], "https://registry.gdi-de.org/up3/ontology/endetBeiKnoten": ["https://registry.gdi-de.org/de.nw/radnetz/instances/Knoten_Wuppertal_6067"], "https://registry.gdi-de.org/up3/ontology/geometrieAbschnitt": ["https://registry.gdi-de.org/de.nw/radnetz/instances/Section_Wuppertal_1227108_674_left_geometry"], "https://registry.gdi-de.org/up3/ontology/licht": ["https://registry.gdi-de.org/codelist/de.bund.balm.radnetz/Licht/1"], "https://registry.gdi-de.org/up3/ontology/quell-ID": ["1227108"], "https://registry.gdi-de.org/up3/ontology/richtung": ["https://registry.gdi-de.org/codelist/de.bund.balm.radnetz/Richtung/3"], "https://registry.gdi-de.org/up3/ontology/steigung": ["0.9201884"], "https://registry.gdi-de.org/up3/ontology/strecken-ID": ["Section_Wuppertal_1227108_674_left"]}, "geometry": {"type": "LineString", "coordinates": [[7.1640497747, 51.2452799983, 248.5], [7.1641108529, 51.2452233619, 248.57]]}}, {"type": "Feature", "id": "https://registry.gdi-de.org/de.nw/radnetz/instances/Section_Wuppertal_1226942_650_left", "name": "", "dateprops": [], "properties": {"http://rdfs.org/ns/void#inDataset": ["https://registry.gdi-de.org/de.nw/radnetz/instances/exnw_dataset"], "http://www.opengis.net/ont/geosparql#hasGeometry": ["https://registry.gdi-de.org/de.nw/radnetz/instances/Section_Wuppertal_1226942_650_left_geometry"], "http://www.w3.org/1999/02/22-rdf-syntax-ns#type": ["https://registry.gdi-de.org/up3/ontology/Streckenabschnitt_optional"], "https://registry.gdi-de.org/up3/ontology/beginntBeiKnoten": ["https://registry.gdi-de.org/de.nw/radnetz/instances/Knoten_Wuppertal_112330102"], "https://registry.gdi-de.org/up3/ontology/endetBeiKnoten": ["https://registry.gdi-de.org/de.nw/radnetz/instances/Knoten_Wuppertal_5938"], "https://registry.gdi-de.org/up3/ontology/geometrieAbschnitt": ["https://registry.gdi-de.org/de.nw/radnetz/instances/Section_Wuppertal_1226942_650_left_geometry"], "https://registry.gdi-de.org/up3/ontology/licht": ["https://registry.gdi-de.org/codelist/de.bund.balm.radnetz/Licht/1"], "https://registry.gdi-de.org/up3/ontology/quell-ID": ["1226942"], "https://registry.gdi-de.org/up3/ontology/richtung": ["https://registry.gdi-de.org/codelist/de.bund.balm.radnetz/Richtung/3"], "https://registry.gdi-de.org/up3/ontology/steigung": ["6.533597"], "https://registry.gdi-de.org/up3/ontology/strecken-ID": ["Section_Wuppertal_1226942_650_left"]}, "geometry": {"type": "LineString", "coordinates": [[7.1604679841, 51.2514919038, 211.49], [7.1606347483, 51.2510557035, 214.75]]}}, {"type": "Feature", "id": "https://registry.gdi-de.org/de.nw/radnetz/instances/Section_Wuppertal_10124_211_left", "name": "", "dateprops": [], "properties": {"http://rdfs.org/ns/void#inDataset": ["https://registry.gdi-de.org/de.nw/radnetz/instances/exnw_dataset"], "http://www.opengis.net/ont/geosparql#hasGeometry": ["https://registry.gdi-de.org/de.nw/radnetz/instances/Section_Wuppertal_10124_211_left_geometry"], "http://www.w3.org/1999/02/22-rdf-syntax-ns#type": ["https://registry.gdi-de.org/up3/ontology/Streckenabschnitt_optional"], "https://registry.gdi-de.org/up3/ontology/beginntBeiKnoten": ["https://registry.gdi-de.org/de.nw/radnetz/instances/Knoten_Wuppertal_2606"], "https://registry.gdi-de.org/up3/ontology/endetBeiKnoten": ["https://registry.gdi-de.org/de.nw/radnetz/instances/Knoten_Wuppertal_2599"], "https://registry.gdi-de.org/up3/ontology/geometrieAbschnitt": ["https://registry.gdi-de.org/de.nw/radnetz/instances/Section_Wuppertal_10124_211_left_geometry"], "https://registry.gdi-de.org/up3/ontology/licht": ["https://registry.gdi-de.org/codelist/de.bund.balm.radnetz/Licht/1"], "https://registry.gdi-de.org/up3/ontology/quell-ID": ["10124"], "https://registry.gdi-de.org/up3/ontology/richtung": ["https://registry.gdi-de.org/codelist/de.bund.balm.radnetz/Richtung/3"], "https://registry.gdi-de.org/up3/ontology/steigung": ["2.165707"], "https://registry.gdi-de.org/up3/ontology/strecken-ID": ["Section_Wuppertal_10124_211_left"]}, "geometry": {"type": "LineString", "coordinates": [[7.0707802565, 51.2434903692, 202.98], [7.0706188166, 51.242854974, 204.53]]}}, {"type": "Feature", "id": "https://registry.gdi-de.org/de.nw/radnetz/instances/Section_Wuppertal_1226953_651_left", "name": "", "dateprops": [], "properties": {"http://rdfs.org/ns/void#inDataset": ["https://registry.gdi-de.org/de.nw/radnetz/instances/exnw_dataset"], "http://www.opengis.net/ont/geosparql#hasGeometry": ["https://registry.gdi-de.org/de.nw/radnetz/instances/Section_Wuppertal_1226953_651_left_geometry"], "http://www.w3.org/1999/02/22-rdf-syntax-ns#type": ["https://registry.gdi-de.org/up3/ontology/Streckenabschnitt_optional"], "https://registry.gdi-de.org/up3/ontology/beginntBeiKnoten": ["https://registry.gdi-de.org/de.nw/radnetz/instances/Knoten_Wuppertal_116410101"], "https://registry.gdi-de.org/up3/ontology/endetBeiKnoten": ["https://registry.gdi-de.org/de.nw/radnetz/instances/Knoten_Wuppertal_8947"], "https://registry.gdi-de.org/up3/ontology/geometrieAbschnitt": ["https://registry.gdi-de.org/de.nw/radnetz/instances/Section_Wuppertal_1226953_651_left_geometry"], "https://registry.gdi-de.org/up3/ontology/licht": ["https://registry.gdi-de.org/codelist/de.bund.balm.radnetz/Licht/1"], "https://registry.gdi-de.org/up3/ontology/quell-ID": ["1226953"], "https://registry.gdi-de.org/up3/ontology/richtung": ["https://registry.gdi-de.org/codelist/de.bund.balm.radnetz/Richtung/3"], "https://registry.gdi-de.org/up3/ontology/steigung": ["1.985223"], "https://registry.gdi-de.org/up3/ontology/strecken-ID": ["Section_Wuppertal_1226953_651_left"]}, "geometry": {"type": "LineString", "coordinates": [[7.2364353813, 51.2670911283, 165.77], [7.2359334606, 51.2677887008, 167.46]]}}, {"type": "Feature", "id": "https://registry.gdi-de.org/de.nw/radnetz/instances/Section_Wuppertal_1226857_910_left", "name": "", "dateprops": [], "properties": {"http://rdfs.org/ns/void#inDataset": ["https://registry.gdi-de.org/de.nw/radnetz/instances/exnw_dataset"], "http://www.opengis.net/ont/geosparql#hasGeometry": ["https://registry.gdi-de.org/de.nw/radnetz/instances/Section_Wuppertal_1226857_910_left_geometry"], "http://www.w3.org/1999/02/22-rdf-syntax-ns#type": ["https://registry.gdi-de.org/up3/ontology/Streckenabschnitt_optional"], "https://registry.gdi-de.org/up3/ontology/beginntBeiKnoten": ["https://registry.gdi-de.org/de.nw/radnetz/instances/Knoten_Wuppertal_117070102"], "https://registry.gdi-de.org/up3/ontology/endetBeiKnoten": ["https://registry.gdi-de.org/de.nw/radnetz/instances/Knoten_Wuppertal_2922"], "https://registry.gdi-de.org/up3/ontology/geometrieAbschnitt": ["https://registry.gdi-de.org/de.nw/radnetz/instances/Section_Wuppertal_1226857_910_left_geometry"], "https://registry.gdi-de.org/up3/ontology/licht": ["https://registry.gdi-de.org/codelist/de.bund.balm.radnetz/Licht/0"], "https://registry.gdi-de.org/up3/ontology/quell-ID": ["1226857"], "https://registry.gdi-de.org/up3/ontology/richtung": ["https://registry.gdi-de.org/codelist/de.bund.balm.radnetz/Richtung/3"], "https://registry.gdi-de.org/up3/ontology/steigung": ["1.398512"], "https://registry.gdi-de.org/up3/ontology/strecken-ID": ["Section_Wuppertal_1226857_910_left"]}, "geometry": {"type": "LineString", "coordinates": [[7.0842527858, 51.2814982041, 193.41], [7.0845275665, 51.2815982804, 193.72]]}}, {"type": "Feature", "id": "https://registry.gdi-de.org/de.nw/radnetz/instances/Section_Wuppertal_4993_1018_left", "name": "", "dateprops": [], "properties": {"http://rdfs.org/ns/void#inDataset": ["https://registry.gdi-de.org/de.nw/radnetz/instances/exnw_dataset"], "http://www.opengis.net/ont/geosparql#hasGeometry": ["https://registry.gdi-de.org/de.nw/radnetz/instances/Section_Wuppertal_4993_1018_left_geometry"], "http://www.w3.org/1999/02/22-rdf-syntax-ns#type": ["https://registry.gdi-de.org/up3/ontology/Streckenabschnitt_optional"], "https://registry.gdi-de.org/up3/ontology/beginntBeiKnoten": ["https://registry.gdi-de.org/de.nw/radnetz/instances/Knoten_Wuppertal_3200"], "https://registry.gdi-de.org/up3/ontology/endetBeiKnoten": ["https://registry.gdi-de.org/de.nw/radnetz/instances/Knoten_Wuppertal_3210"], "https://registry.gdi-de.org/up3/ontology/geometrieAbschnitt": ["https://registry.gdi-de.org/de.nw/radnetz/instances/Section_Wuppertal_4993_1018_left_geometry"], "https://registry.gdi-de.org/up3/ontology/licht": ["https://registry.gdi-de.org/codelist/de.bund.balm.radnetz/Licht/0"], "https://registry.gdi-de.org/up3/ontology/quell-ID": ["4993"], "https://registry.gdi-de.org/up3/ontology/richtung": ["https://registry.gdi-de.org/codelist/de.bund.balm.radnetz/Richtung/3"], "https://registry.gdi-de.org/up3/ontology/steigung": ["3.789447"], "https://registry.gdi-de.org/up3/ontology/strecken-ID": ["Section_Wuppertal_4993_1018_left"]}, "geometry": {"type": "LineString", "coordinates": [[7.0972084069, 51.2958949498, 0.0], [7.0977898186, 51.2952671445, 0.0]]}}, {"type": "Feature", "id": "https://registry.gdi-de.org/de.nw/radnetz/instances/Section_Wuppertal_1226554_591_left", "name": "", "dateprops": [], "properties": {"http://rdfs.org/ns/void#inDataset": ["https://registry.gdi-de.org/de.nw/radnetz/instances/exnw_dataset"], "http://www.opengis.net/ont/geosparql#hasGeometry": ["https://registry.gdi-de.org/de.nw/radnetz/instances/Section_Wuppertal_1226554_591_left_geometry"], "http://www.w3.org/1999/02/22-rdf-syntax-ns#type": ["https://registry.gdi-de.org/up3/ontology/Streckenabschnitt_optional"], "https://registry.gdi-de.org/up3/ontology/beginntBeiKnoten": ["https://registry.gdi-de.org/de.nw/radnetz/instances/Knoten_Wuppertal_118260102"], "https://registry.gdi-de.org/up3/ontology/endetBeiKnoten": ["https://registry.gdi-de.org/de.nw/radnetz/instances/Knoten_Wuppertal_118260101"], "https://registry.gdi-de.org/up3/ontology/geometrieAbschnitt": ["https://registry.gdi-de.org/de.nw/radnetz/instances/Section_Wuppertal_1226554_591_left_geometry"], "https://registry.gdi-de.org/up3/ontology/licht": ["https://registry.gdi-de.org/codelist/de.bund.balm.radnetz/Licht/1"], "https://registry.gdi-de.org/up3/ontology/quell-ID": ["1226554"], "https://registry.gdi-de.org/up3/ontology/richtung": ["https://registry.gdi-de.org/codelist/de.bund.balm.radnetz/Richtung/3"], "https://registry.gdi-de.org/up3/ontology/steigung": ["4.574376"], "https://registry.gdi-de.org/up3/ontology/strecken-ID": ["Section_Wuppertal_1226554_591_left"]}, "geometry": {"type": "LineString", "coordinates": [[7.1617570989, 51.3003953431, 300.02], [7.1619765573, 51.3002890035, 0.0], [7.1620431262, 51.3002648807, 301.15]]}}, {"type": "Feature", "id": "https://registry.gdi-de.org/de.nw/radnetz/instances/Section_Wuppertal_6865_961_left", "name": "", "dateprops": [], "properties": {"http://rdfs.org/ns/void#inDataset": ["https://registry.gdi-de.org/de.nw/radnetz/instances/exnw_dataset"], "http://www.opengis.net/ont/geosparql#hasGeometry": ["https://registry.gdi-de.org/de.nw/radnetz/instances/Section_Wuppertal_6865_961_left_geometry"], "http://www.w3.org/1999/02/22-rdf-syntax-ns#type": ["https://registry.gdi-de.org/up3/ontology/Streckenabschnitt_optional"], "https://registry.gdi-de.org/up3/ontology/beginntBeiKnoten": ["https://registry.gdi-de.org/de.nw/radnetz/instances/Knoten_Wuppertal_5212"], "https://registry.gdi-de.org/up3/ontology/endetBeiKnoten": ["https://registry.gdi-de.org/de.nw/radnetz/instances/Knoten_Wuppertal_5162"], "https://registry.gdi-de.org/up3/ontology/geometrieAbschnitt": ["https://registry.gdi-de.org/de.nw/radnetz/instances/Section_Wuppertal_6865_961_left_geometry"], "https://registry.gdi-de.org/up3/ontology/licht": ["https://registry.gdi-de.org/codelist/de.bund.balm.radnetz/Licht/1"], "https://registry.gdi-de.org/up3/ontology/quell-ID": ["6865"], "https://registry.gdi-de.org/up3/ontology/richtung": ["https://registry.gdi-de.org/codelist/de.bund.balm.radnetz/Richtung/3"], "https://registry.gdi-de.org/up3/ontology/steigung": ["7.381508"], "https://registry.gdi-de.org/up3/ontology/strecken-ID": ["Section_Wuppertal_6865_961_left"]}, "geometry": {"type": "LineString", "coordinates": [[7.1467211563, 51.2666515418, 0.0], [7.1460199536, 51.2666073462, 0.0]]}}, {"type": "Feature", "id": "https://registry.gdi-de.org/de.nw/radnetz/instances/Section_Wuppertal_7083_903_left", "name": "", "dateprops": [], "properties": {"http://rdfs.org/ns/void#inDataset": ["https://registry.gdi-de.org/de.nw/radnetz/instances/exnw_dataset"], "http://www.opengis.net/ont/geosparql#hasGeometry": ["https://registry.gdi-de.org/de.nw/radnetz/instances/Section_Wuppertal_7083_903_left_geometry"], "http://www.w3.org/1999/02/22-rdf-syntax-ns#type": ["https://registry.gdi-de.org/up3/ontology/Streckenabschnitt_optional"], "https://registry.gdi-de.org/up3/ontology/beginntBeiKnoten": ["https://registry.gdi-de.org/de.nw/radnetz/instances/Knoten_Wuppertal_2154"], "https://registry.gdi-de.org/up3/ontology/endetBeiKnoten": ["https://registry.gdi-de.org/de.nw/radnetz/instances/Knoten_Wuppertal_2166"], "https://registry.gdi-de.org/up3/ontology/geometrieAbschnitt": ["https://registry.gdi-de.org/de.nw/radnetz/instances/Section_Wuppertal_7083_903_left_geometry"], "https://registry.gdi-de.org/up3/ontology/licht": ["https://registry.gdi-de.org/codelist/de.bund.balm.radnetz/Licht/0"], "https://registry.gdi-de.org/up3/ontology/quell-ID": ["7083"], "https://registry.gdi-de.org/up3/ontology/richtung": ["https://registry.gdi-de.org/codelist/de.bund.balm.radnetz/Richtung/3"], "https://registry.gdi-de.org/up3/ontology/steigung": ["5.344834"], "https://registry.gdi-de.org/up3/ontology/strecken-ID": ["Section_Wuppertal_7083_903_left"]}, "geometry": {"type": "LineString", "coordinates": [[7.0456287903, 51.2486441832, 142.97], [7.0461817202, 51.2490257612, 0.0], [7.0465709832, 51.2497683478, 0.0], [7.0471288371, 51.25036561, 154.8]]}}, {"type": "Feature", "id": "https://registry.gdi-de.org/de.nw/radnetz/instances/Section_Wuppertal_1225877_514_left", "name": "", "dateprops": [], "properties": {"http://rdfs.org/ns/void#inDataset": ["https://registry.gdi-de.org/de.nw/radnetz/instances/exnw_dataset"], "http://www.opengis.net/ont/geosparql#hasGeometry": ["https://registry.gdi-de.org/de.nw/radnetz/instances/Section_Wuppertal_1225877_514_left_geometry"], "http://www.w3.org/1999/02/22-rdf-syntax-ns#type": ["https://registry.gdi-de.org/up3/ontology/Streckenabschnitt_optional"], "https://registry.gdi-de.org/up3/ontology/beginntBeiKnoten": ["https://registry.gdi-de.org/de.nw/radnetz/instances/Knoten_Wuppertal_115510102"], "https://registry.gdi-de.org/up3/ontology/endetBeiKnoten": ["https://registry.gdi-de.org/de.nw/radnetz/instances/Knoten_Wuppertal_8759"], "https://registry.gdi-de.org/up3/ontology/geometrieAbschnitt": ["https://registry.gdi-de.org/de.nw/radnetz/instances/Section_Wuppertal_1225877_514_left_geometry"], "https://registry.gdi-de.org/up3/ontology/licht": ["https://registry.gdi-de.org/codelist/de.bund.balm.radnetz/Licht/1"], "https://registry.gdi-de.org/up3/ontology/quell-ID": ["1225877"], "https://registry.gdi-de.org/up3/ontology/richtung": ["https://registry.gdi-de.org/codelist/de.bund.balm.radnetz/Richtung/3"], "https://registry.gdi-de.org/up3/ontology/steigung": ["4.275359"], "https://registry.gdi-de.org/up3/ontology/strecken-ID": ["Section_Wuppertal_1225877_514_left"]}, "geometry": {"type": "LineString", "coordinates": [[7.2310781383, 51.2565748455, 174.05], [7.2306793006, 51.2569589251, 176.23]]}}, {"type": "Feature", "id": "https://registry.gdi-de.org/de.nw/radnetz/instances/Section_Wuppertal_916_24_left", "name": "", "dateprops": [], "properties": {"http://rdfs.org/ns/void#inDataset": ["https://registry.gdi-de.org/de.nw/radnetz/instances/exnw_dataset"], "http://www.opengis.net/ont/geosparql#hasGeometry": ["https://registry.gdi-de.org/de.nw/radnetz/instances/Section_Wuppertal_916_24_left_geometry"], "http://www.w3.org/1999/02/22-rdf-syntax-ns#type": ["https://registry.gdi-de.org/up3/ontology/Streckenabschnitt_optional"], "https://registry.gdi-de.org/up3/ontology/beginntBeiKnoten": ["https://registry.gdi-de.org/de.nw/radnetz/instances/Knoten_Wuppertal_6953"], "https://registry.gdi-de.org/up3/ontology/endetBeiKnoten": ["https://registry.gdi-de.org/de.nw/radnetz/instances/Knoten_Wuppertal_6948"], "https://registry.gdi-de.org/up3/ontology/geometrieAbschnitt": ["https://registry.gdi-de.org/de.nw/radnetz/instances/Section_Wuppertal_916_24_left_geometry"], "https://registry.gdi-de.org/up3/ontology/licht": ["https://registry.gdi-de.org/codelist/de.bund.balm.radnetz/Licht/1"], "https://registry.gdi-de.org/up3/ontology/quell-ID": ["916"], "https://registry.gdi-de.org/up3/ontology/richtung": ["https://registry.gdi-de.org/codelist/de.bund.balm.radnetz/Richtung/3"], "https://registry.gdi-de.org/up3/ontology/steigung": ["4.877223"], "https://registry.gdi-de.org/up3/ontology/strecken-ID": ["Section_Wuppertal_916_24_left"]}, "geometry": {"type": "LineString", "coordinates": [[7.1915990427, 51.2207691524, 305.95], [7.1914705387, 51.2212022578, 308.34]]}}, {"type": "Feature", "id": "https://registry.gdi-de.org/de.nw/radnetz/instances/Section_Wuppertal_1228452_711_left", "name": "", "dateprops": [], "properties": {"http://rdfs.org/ns/void#inDataset": ["https://registry.gdi-de.org/de.nw/radnetz/instances/exnw_dataset"], "http://www.opengis.net/ont/geosparql#hasGeometry": ["https://registry.gdi-de.org/de.nw/radnetz/instances/Section_Wuppertal_1228452_711_left_geometry"], "http://www.w3.org/1999/02/22-rdf-syntax-ns#type": ["https://registry.gdi-de.org/up3/ontology/Streckenabschnitt_optional"], "https://registry.gdi-de.org/up3/ontology/beginntBeiKnoten": ["https://registry.gdi-de.org/de.nw/radnetz/instances/Knoten_Wuppertal_5056"], "https://registry.gdi-de.org/up3/ontology/endetBeiKnoten": ["https://registry.gdi-de.org/de.nw/radnetz/instances/Knoten_Wuppertal_1189690594"], "https://registry.gdi-de.org/up3/ontology/geometrieAbschnitt": ["https://registry.gdi-de.org/de.nw/radnetz/instances/Section_Wuppertal_1228452_711_left_geometry"], "https://registry.gdi-de.org/up3/ontology/licht": ["https://registry.gdi-de.org/codelist/de.bund.balm.radnetz/Licht/1"], "https://registry.gdi-de.org/up3/ontology/quell-ID": ["1228452"], "https://registry.gdi-de.org/up3/ontology/richtung": ["https://registry.gdi-de.org/codelist/de.bund.balm.radnetz/Richtung/3"], "https://registry.gdi-de.org/up3/ontology/steigung": ["2.85304"], "https://registry.gdi-de.org/up3/ontology/strecken-ID": ["Section_Wuppertal_1228452_711_left"]}, "geometry": {"type": "LineString", "coordinates": [[7.145749544, 51.2275256275, 320.31], [7.1450904566, 51.2280803917, 0.0], [7.144612693, 51.2288609195, 325.16]]}}, {"type": "Feature", "id": "https://registry.gdi-de.org/de.nw/radnetz/instances/Section_Wuppertal_11254_1019_left", "name": "", "dateprops": [], "properties": {"http://rdfs.org/ns/void#inDataset": ["https://registry.gdi-de.org/de.nw/radnetz/instances/exnw_dataset"], "http://www.opengis.net/ont/geosparql#hasGeometry": ["https://registry.gdi-de.org/de.nw/radnetz/instances/Section_Wuppertal_11254_1019_left_geometry"], "http://www.w3.org/1999/02/22-rdf-syntax-ns#type": ["https://registry.gdi-de.org/up3/ontology/Streckenabschnitt_optional"], "https://registry.gdi-de.org/up3/ontology/beginntBeiKnoten": ["https://registry.gdi-de.org/de.nw/radnetz/instances/Knoten_Wuppertal_3239"], "https://registry.gdi-de.org/up3/ontology/endetBeiKnoten": ["https://registry.gdi-de.org/de.nw/radnetz/instances/Knoten_Wuppertal_3251"], "https://registry.gdi-de.org/up3/ontology/geometrieAbschnitt": ["https://registry.gdi-de.org/de.nw/radnetz/instances/Section_Wuppertal_11254_1019_left_geometry"], "https://registry.gdi-de.org/up3/ontology/licht": ["https://registry.gdi-de.org/codelist/de.bund.balm.radnetz/Licht/0"], "https://registry.gdi-de.org/up3/ontology/quell-ID": ["11254"], "https://registry.gdi-de.org/up3/ontology/richtung": ["https://registry.gdi-de.org/codelist/de.bund.balm.radnetz/Richtung/3"], "https://registry.gdi-de.org/up3/ontology/steigung": ["4.243236"], "https://registry.gdi-de.org/up3/ontology/strecken-ID": ["Section_Wuppertal_11254_1019_left"]}, "geometry": {"type": "LineString", "coordinates": [[7.0994506161, 51.2934901502, 0.0], [7.100188116, 51.2917562168, 0.0]]}}, {"type": "Feature", "id": "https://registry.gdi-de.org/de.nw/radnetz/instances/Section_Wuppertal_1223514_874_left", "name": "", "dateprops": [], "properties": {"http://rdfs.org/ns/void#inDataset": ["https://registry.gdi-de.org/de.nw/radnetz/instances/exnw_dataset"], "http://www.opengis.net/ont/geosparql#hasGeometry": ["https://registry.gdi-de.org/de.nw/radnetz/instances/Section_Wuppertal_1223514_874_left_geometry"], "http://www.w3.org/1999/02/22-rdf-syntax-ns#type": ["https://registry.gdi-de.org/up3/ontology/Streckenabschnitt_optional"], "https://registry.gdi-de.org/up3/ontology/beginntBeiKnoten": ["https://registry.gdi-de.org/de.nw/radnetz/instances/Knoten_Wuppertal_114610101"], "https://registry.gdi-de.org/up3/ontology/endetBeiKnoten": ["https://registry.gdi-de.org/de.nw/radnetz/instances/Knoten_Wuppertal_119770101"], "https://registry.gdi-de.org/up3/ontology/geometrieAbschnitt": ["https://registry.gdi-de.org/de.nw/radnetz/instances/Section_Wuppertal_1223514_874_left_geometry"], "https://registry.gdi-de.org/up3/ontology/licht": ["https://registry.gdi-de.org/codelist/de.bund.balm.radnetz/Licht/1"], "https://registry.gdi-de.org/up3/ontology/quell-ID": ["1223514"], "https://registry.gdi-de.org/up3/ontology/richtung": ["https://registry.gdi-de.org/codelist/de.bund.balm.radnetz/Richtung/3"], "https://registry.gdi-de.org/up3/ontology/steigung": ["2.173943"], "https://registry.gdi-de.org/up3/ontology/strecken-ID": ["Section_Wuppertal_1223514_874_left"]}, "geometry": {"type": "LineString", "coordinates": [[7.0427275179, 51.2161216135, 179.16], [7.0409695858, 51.2154898164, 0.0], [7.039656314, 51.215196272, 0.0], [7.0385122619, 51.2147182189, 186.44]]}}, {"type": "Feature", "id": "https://registry.gdi-de.org/de.nw/radnetz/instances/Section_Wuppertal_1225217_460_left", "name": "", "dateprops": [], "properties": {"http://rdfs.org/ns/void#inDataset": ["https://registry.gdi-de.org/de.nw/radnetz/instances/exnw_dataset"], "http://www.opengis.net/ont/geosparql#hasGeometry": ["https://registry.gdi-de.org/de.nw/radnetz/instances/Section_Wuppertal_1225217_460_left_geometry"], "http://www.w3.org/1999/02/22-rdf-syntax-ns#type": ["https://registry.gdi-de.org/up3/ontology/Streckenabschnitt_optional"], "https://registry.gdi-de.org/up3/ontology/beginntBeiKnoten": ["https://registry.gdi-de.org/de.nw/radnetz/instances/Knoten_Wuppertal_113200305"], "https://registry.gdi-de.org/up3/ontology/endetBeiKnoten": ["https://registry.gdi-de.org/de.nw/radnetz/instances/Knoten_Wuppertal_2558"], "https://registry.gdi-de.org/up3/ontology/geometrieAbschnitt": ["https://registry.gdi-de.org/de.nw/radnetz/instances/Section_Wuppertal_1225217_460_left_geometry"], "https://registry.gdi-de.org/up3/ontology/licht": ["https://registry.gdi-de.org/codelist/de.bund.balm.radnetz/Licht/1"], "https://registry.gdi-de.org/up3/ontology/quell-ID": ["1225217"], "https://registry.gdi-de.org/up3/ontology/richtung": ["https://registry.gdi-de.org/codelist/de.bund.balm.radnetz/Richtung/3"], "https://registry.gdi-de.org/up3/ontology/steigung": ["3.394043"], "https://registry.gdi-de.org/up3/ontology/strecken-ID": ["Section_Wuppertal_1225217_460_left"]}, "geometry": {"type": "LineString", "coordinates": [[7.0693865977, 51.2350493744, 178.39], [7.0696600721, 51.2349793442, 179.09]]}}, {"type": "Feature", "id": "https://registry.gdi-de.org/de.nw/radnetz/instances/Section_Wuppertal_1229582_731_left", "name": "", "dateprops": [], "properties": {"http://rdfs.org/ns/void#inDataset": ["https://registry.gdi-de.org/de.nw/radnetz/instances/exnw_dataset"], "http://www.opengis.net/ont/geosparql#hasGeometry": ["https://registry.gdi-de.org/de.nw/radnetz/instances/Section_Wuppertal_1229582_731_left_geometry"], "http://www.w3.org/1999/02/22-rdf-syntax-ns#type": ["https://registry.gdi-de.org/up3/ontology/Streckenabschnitt_optional"], "https://registry.gdi-de.org/up3/ontology/beginntBeiKnoten": ["https://registry.gdi-de.org/de.nw/radnetz/instances/Knoten_Wuppertal_2955"], "https://registry.gdi-de.org/up3/ontology/endetBeiKnoten": ["https://registry.gdi-de.org/de.nw/radnetz/instances/Knoten_Wuppertal_1189691143"], "https://registry.gdi-de.org/up3/ontology/geometrieAbschnitt": ["https://registry.gdi-de.org/de.nw/radnetz/instances/Section_Wuppertal_1229582_731_left_geometry"], "https://registry.gdi-de.org/up3/ontology/licht": ["https://registry.gdi-de.org/codelist/de.bund.balm.radnetz/Licht/1"], "https://registry.gdi-de.org/up3/ontology/quell-ID": ["1229582"], "https://registry.gdi-de.org/up3/ontology/richtung": ["https://registry.gdi-de.org/codelist/de.bund.balm.radnetz/Richtung/3"], "https://registry.gdi-de.org/up3/ontology/steigung": ["2.564888"], "https://registry.gdi-de.org/up3/ontology/strecken-ID": ["Section_Wuppertal_1229582_731_left"]}, "geometry": {"type": "LineString", "coordinates": [[7.0882929657, 51.2363803404, 136.47], [7.0882320347, 51.2363555776, 136.6]]}}, {"type": "Feature", "id": "https://registry.gdi-de.org/de.nw/radnetz/instances/Section_Wuppertal_1226465_581_left", "name": "", "dateprops": [], "properties": {"http://rdfs.org/ns/void#inDataset": ["https://registry.gdi-de.org/de.nw/radnetz/instances/exnw_dataset"], "http://www.opengis.net/ont/geosparql#hasGeometry": ["https://registry.gdi-de.org/de.nw/radnetz/instances/Section_Wuppertal_1226465_581_left_geometry"], "http://www.w3.org/1999/02/22-rdf-syntax-ns#type": ["https://registry.gdi-de.org/up3/ontology/Streckenabschnitt_optional"], "https://registry.gdi-de.org/up3/ontology/beginntBeiKnoten": ["https://registry.gdi-de.org/de.nw/radnetz/instances/Knoten_Wuppertal_5217"], "https://registry.gdi-de.org/up3/ontology/endetBeiKnoten": ["https://registry.gdi-de.org/de.nw/radnetz/instances/Knoten_Wuppertal_118230102"], "https://registry.gdi-de.org/up3/ontology/geometrieAbschnitt": ["https://registry.gdi-de.org/de.nw/radnetz/instances/Section_Wuppertal_1226465_581_left_geometry"], "https://registry.gdi-de.org/up3/ontology/licht": ["https://registry.gdi-de.org/codelist/de.bund.balm.radnetz/Licht/1"], "https://registry.gdi-de.org/up3/ontology/quell-ID": ["1226465"], "https://registry.gdi-de.org/up3/ontology/richtung": ["https://registry.gdi-de.org/codelist/de.bund.balm.radnetz/Richtung/3"], "https://registry.gdi-de.org/up3/ontology/steigung": ["0.6603205"], "https://registry.gdi-de.org/up3/ontology/strecken-ID": ["Section_Wuppertal_1226465_581_left"]}, "geometry": {"type": "LineString", "coordinates": [[7.1452452349, 51.3054199351, 304.05], [7.1458771745, 51.3052385233, 304.37]]}}, {"type": "Feature", "id": "https://registry.gdi-de.org/de.nw/radnetz/instances/Section_Wuppertal_1225480_483_left", "name": "", "dateprops": [], "properties": {"http://rdfs.org/ns/void#inDataset": ["https://registry.gdi-de.org/de.nw/radnetz/instances/exnw_dataset"], "http://www.opengis.net/ont/geosparql#hasGeometry": ["https://registry.gdi-de.org/de.nw/radnetz/instances/Section_Wuppertal_1225480_483_left_geometry"], "http://www.w3.org/1999/02/22-rdf-syntax-ns#type": ["https://registry.gdi-de.org/up3/ontology/Streckenabschnitt_optional"], "https://registry.gdi-de.org/up3/ontology/beginntBeiKnoten": ["https://registry.gdi-de.org/de.nw/radnetz/instances/Knoten_Wuppertal_112320102"], "https://registry.gdi-de.org/up3/ontology/endetBeiKnoten": ["https://registry.gdi-de.org/de.nw/radnetz/instances/Knoten_Wuppertal_5946"], "https://registry.gdi-de.org/up3/ontology/geometrieAbschnitt": ["https://registry.gdi-de.org/de.nw/radnetz/instances/Section_Wuppertal_1225480_483_left_geometry"], "https://registry.gdi-de.org/up3/ontology/licht": ["https://registry.gdi-de.org/codelist/de.bund.balm.radnetz/Licht/1"], "https://registry.gdi-de.org/up3/ontology/quell-ID": ["1225480"], "https://registry.gdi-de.org/up3/ontology/richtung": ["https://registry.gdi-de.org/codelist/de.bund.balm.radnetz/Richtung/3"], "https://registry.gdi-de.org/up3/ontology/steigung": ["5.393397"], "https://registry.gdi-de.org/up3/ontology/strecken-ID": ["Section_Wuppertal_1225480_483_left"]}, "geometry": {"type": "LineString", "coordinates": [[7.1592487548, 51.2525584671, 196.46], [7.1601795021, 51.2529110007, 0.0], [7.1604485347, 51.2529637037, 0.0], [7.160706756, 51.2528829205, 202.7]]}}, {"type": "Feature", "id": "https://registry.gdi-de.org/de.nw/radnetz/instances/Section_Wuppertal_1225446_478_left", "name": "", "dateprops": [], "properties": {"http://rdfs.org/ns/void#inDataset": ["https://registry.gdi-de.org/de.nw/radnetz/instances/exnw_dataset"], "http://www.opengis.net/ont/geosparql#hasGeometry": ["https://registry.gdi-de.org/de.nw/radnetz/instances/Section_Wuppertal_1225446_478_left_geometry"], "http://www.w3.org/1999/02/22-rdf-syntax-ns#type": ["https://registry.gdi-de.org/up3/ontology/Streckenabschnitt_optional"], "https://registry.gdi-de.org/up3/ontology/beginntBeiKnoten": ["https://registry.gdi-de.org/de.nw/radnetz/instances/Knoten_Wuppertal_8759"], "https://registry.gdi-de.org/up3/ontology/endetBeiKnoten": ["https://registry.gdi-de.org/de.nw/radnetz/instances/Knoten_Wuppertal_115500102"], "https://registry.gdi-de.org/up3/ontology/geometrieAbschnitt": ["https://registry.gdi-de.org/de.nw/radnetz/instances/Section_Wuppertal_1225446_478_left_geometry"], "https://registry.gdi-de.org/up3/ontology/licht": ["https://registry.gdi-de.org/codelist/de.bund.balm.radnetz/Licht/1"], "https://registry.gdi-de.org/up3/ontology/quell-ID": ["1225446"], "https://registry.gdi-de.org/up3/ontology/richtung": ["https://registry.gdi-de.org/codelist/de.bund.balm.radnetz/Richtung/3"], "https://registry.gdi-de.org/up3/ontology/steigung": ["2.517972"], "https://registry.gdi-de.org/up3/ontology/strecken-ID": ["Section_Wuppertal_1225446_478_left"]}, "geometry": {"type": "LineString", "coordinates": [[7.2306793006, 51.2569589251, 176.23], [7.2299966681, 51.257797937, 0.0], [7.2297627811, 51.2582960325, 0.0], [7.2297600522, 51.2584307445, 180.7]]}}, {"type": "Feature", "id": "https://registry.gdi-de.org/de.nw/radnetz/instances/Section_Wuppertal_1224565_423_left", "name": "", "dateprops": [], "properties": {"http://rdfs.org/ns/void#inDataset": ["https://registry.gdi-de.org/de.nw/radnetz/instances/exnw_dataset"], "http://www.opengis.net/ont/geosparql#hasGeometry": ["https://registry.gdi-de.org/de.nw/radnetz/instances/Section_Wuppertal_1224565_423_left_geometry"], "http://www.w3.org/1999/02/22-rdf-syntax-ns#type": ["https://registry.gdi-de.org/up3/ontology/Streckenabschnitt_optional"], "https://registry.gdi-de.org/up3/ontology/beginntBeiKnoten": ["https://registry.gdi-de.org/de.nw/radnetz/instances/Knoten_Wuppertal_6488"], "https://registry.gdi-de.org/up3/ontology/endetBeiKnoten": ["https://registry.gdi-de.org/de.nw/radnetz/instances/Knoten_Wuppertal_115120101"], "https://registry.gdi-de.org/up3/ontology/geometrieAbschnitt": ["https://registry.gdi-de.org/de.nw/radnetz/instances/Section_Wuppertal_1224565_423_left_geometry"], "https://registry.gdi-de.org/up3/ontology/licht": ["https://registry.gdi-de.org/codelist/de.bund.balm.radnetz/Licht/1"], "https://registry.gdi-de.org/up3/ontology/quell-ID": ["1224565"], "https://registry.gdi-de.org/up3/ontology/richtung": ["https://registry.gdi-de.org/codelist/de.bund.balm.radnetz/Richtung/3"], "https://registry.gdi-de.org/up3/ontology/steigung": ["4.994914"], "https://registry.gdi-de.org/up3/ontology/strecken-ID": ["Section_Wuppertal_1224565_423_left"]}, "geometry": {"type": "LineString", "coordinates": [[7.1774861852, 51.2430856149, 314.99], [7.1784853891, 51.2430526388, 0.0], [7.179368655, 51.2430628941, 321.56]]}}, {"type": "Feature", "id": "https://registry.gdi-de.org/de.nw/radnetz/instances/Section_Wuppertal_1224629_1055_left", "name": "", "dateprops": [], "properties": {"http://rdfs.org/ns/void#inDataset": ["https://registry.gdi-de.org/de.nw/radnetz/instances/exnw_dataset"], "http://www.opengis.net/ont/geosparql#hasGeometry": ["https://registry.gdi-de.org/de.nw/radnetz/instances/Section_Wuppertal_1224629_1055_left_geometry"], "http://www.w3.org/1999/02/22-rdf-syntax-ns#type": ["https://registry.gdi-de.org/up3/ontology/Streckenabschnitt_optional"], "https://registry.gdi-de.org/up3/ontology/beginntBeiKnoten": ["https://registry.gdi-de.org/de.nw/radnetz/instances/Knoten_Wuppertal_5335"], "https://registry.gdi-de.org/up3/ontology/endetBeiKnoten": ["https://registry.gdi-de.org/de.nw/radnetz/instances/Knoten_Wuppertal_112040102"], "https://registry.gdi-de.org/up3/ontology/geometrieAbschnitt": ["https://registry.gdi-de.org/de.nw/radnetz/instances/Section_Wuppertal_1224629_1055_left_geometry"], "https://registry.gdi-de.org/up3/ontology/licht": ["https://registry.gdi-de.org/codelist/de.bund.balm.radnetz/Licht/1"], "https://registry.gdi-de.org/up3/ontology/quell-ID": ["1224629"], "https://registry.gdi-de.org/up3/ontology/richtung": ["https://registry.gdi-de.org/codelist/de.bund.balm.radnetz/Richtung/3"], "https://registry.gdi-de.org/up3/ontology/steigung": ["2.530593"], "https://registry.gdi-de.org/up3/ontology/strecken-ID": ["Section_Wuppertal_1224629_1055_left"]}, "geometry": {"type": "LineString", "coordinates": [[7.1485888884, 51.2713642865, 0.0], [7.1487131313, 51.2716486683, 0.0]]}}, {"type": "Feature", "id": "https://registry.gdi-de.org/de.nw/radnetz/instances/Section_Wuppertal_10839_225_left", "name": "", "dateprops": [], "properties": {"http://rdfs.org/ns/void#inDataset": ["https://registry.gdi-de.org/de.nw/radnetz/instances/exnw_dataset"], "http://www.opengis.net/ont/geosparql#hasGeometry": ["https://registry.gdi-de.org/de.nw/radnetz/instances/Section_Wuppertal_10839_225_left_geometry"], "http://www.w3.org/1999/02/22-rdf-syntax-ns#type": ["https://registry.gdi-de.org/up3/ontology/Streckenabschnitt_optional"], "https://registry.gdi-de.org/up3/ontology/beginntBeiKnoten": ["https://registry.gdi-de.org/de.nw/radnetz/instances/Knoten_Wuppertal_3193"], "https://registry.gdi-de.org/up3/ontology/endetBeiKnoten": ["https://registry.gdi-de.org/de.nw/radnetz/instances/Knoten_Wuppertal_3171"], "https://registry.gdi-de.org/up3/ontology/geometrieAbschnitt": ["https://registry.gdi-de.org/de.nw/radnetz/instances/Section_Wuppertal_10839_225_left_geometry"], "https://registry.gdi-de.org/up3/ontology/licht": ["https://registry.gdi-de.org/codelist/de.bund.balm.radnetz/Licht/1"], "https://registry.gdi-de.org/up3/ontology/quell-ID": ["10839"], "https://registry.gdi-de.org/up3/ontology/richtung": ["https://registry.gdi-de.org/codelist/de.bund.balm.radnetz/Richtung/3"], "https://registry.gdi-de.org/up3/ontology/steigung": ["3.688291"], "https://registry.gdi-de.org/up3/ontology/strecken-ID": ["Section_Wuppertal_10839_225_left"]}, "geometry": {"type": "LineString", "coordinates": [[7.0984157131, 51.2631852058, 248.64], [7.0976311346, 51.2629183101, 0.0], [7.0971274508, 51.2628241569, 252.29]]}}, {"type": "Feature", "id": "https://registry.gdi-de.org/de.nw/radnetz/instances/Section_Wuppertal_9999913_821_left", "name": "", "dateprops": [], "properties": {"http://rdfs.org/ns/void#inDataset": ["https://registry.gdi-de.org/de.nw/radnetz/instances/exnw_dataset"], "http://www.opengis.net/ont/geosparql#hasGeometry": ["https://registry.gdi-de.org/de.nw/radnetz/instances/Section_Wuppertal_9999913_821_left_geometry"], "http://www.w3.org/1999/02/22-rdf-syntax-ns#type": ["https://registry.gdi-de.org/up3/ontology/Streckenabschnitt_optional"], "https://registry.gdi-de.org/up3/ontology/beginntBeiKnoten": ["https://registry.gdi-de.org/de.nw/radnetz/instances/Knoten_Wuppertal_1189691312"], "https://registry.gdi-de.org/up3/ontology/endetBeiKnoten": ["https://registry.gdi-de.org/de.nw/radnetz/instances/Knoten_Wuppertal_1189691384"], "https://registry.gdi-de.org/up3/ontology/geometrieAbschnitt": ["https://registry.gdi-de.org/de.nw/radnetz/instances/Section_Wuppertal_9999913_821_left_geometry"], "https://registry.gdi-de.org/up3/ontology/licht": ["https://registry.gdi-de.org/codelist/de.bund.balm.radnetz/Licht/1"], "https://registry.gdi-de.org/up3/ontology/quell-ID": ["9999913"], "https://registry.gdi-de.org/up3/ontology/richtung": ["https://registry.gdi-de.org/codelist/de.bund.balm.radnetz/Richtung/3"], "https://registry.gdi-de.org/up3/ontology/steigung": ["1.423742"], "https://registry.gdi-de.org/up3/ontology/strecken-ID": ["Section_Wuppertal_9999913_821_left"]}, "geometry": {"type": "LineString", "coordinates": [[7.0995085887, 51.2371610488, 136.8], [7.101317467, 51.2371115536, 0.0]]}}, {"type": "Feature", "id": "https://registry.gdi-de.org/de.nw/radnetz/instances/Section_Wuppertal_1225043_1023_left", "name": "", "dateprops": [], "properties": {"http://rdfs.org/ns/void#inDataset": ["https://registry.gdi-de.org/de.nw/radnetz/instances/exnw_dataset"], "http://www.opengis.net/ont/geosparql#hasGeometry": ["https://registry.gdi-de.org/de.nw/radnetz/instances/Section_Wuppertal_1225043_1023_left_geometry"], "http://www.w3.org/1999/02/22-rdf-syntax-ns#type": ["https://registry.gdi-de.org/up3/ontology/Streckenabschnitt_optional"], "https://registry.gdi-de.org/up3/ontology/beginntBeiKnoten": ["https://registry.gdi-de.org/de.nw/radnetz/instances/Knoten_Wuppertal_112890102"], "https://registry.gdi-de.org/up3/ontology/endetBeiKnoten": ["https://registry.gdi-de.org/de.nw/radnetz/instances/Knoten_Wuppertal_5204"], "https://registry.gdi-de.org/up3/ontology/geometrieAbschnitt": ["https://registry.gdi-de.org/de.nw/radnetz/instances/Section_Wuppertal_1225043_1023_left_geometry"], "https://registry.gdi-de.org/up3/ontology/licht": ["https://registry.gdi-de.org/codelist/de.bund.balm.radnetz/Licht/1"], "https://registry.gdi-de.org/up3/ontology/quell-ID": ["1225043"], "https://registry.gdi-de.org/up3/ontology/richtung": ["https://registry.gdi-de.org/codelist/de.bund.balm.radnetz/Richtung/3"], "https://registry.gdi-de.org/up3/ontology/steigung": ["2.160013"], "https://registry.gdi-de.org/up3/ontology/strecken-ID": ["Section_Wuppertal_1225043_1023_left"]}, "geometry": {"type": "LineString", "coordinates": [[7.1469163109, 51.2830384362, 0.0], [7.1465723465, 51.2830604427, 0.0], [7.1461730905, 51.2831452543, 0.0], [7.1459249847, 51.2832088987, 0.0]]}}, {"type": "Feature", "id": "https://registry.gdi-de.org/de.nw/radnetz/instances/Section_Wuppertal_8984_184_left", "name": "", "dateprops": [], "properties": {"http://rdfs.org/ns/void#inDataset": ["https://registry.gdi-de.org/de.nw/radnetz/instances/exnw_dataset"], "http://www.opengis.net/ont/geosparql#hasGeometry": ["https://registry.gdi-de.org/de.nw/radnetz/instances/Section_Wuppertal_8984_184_left_geometry"], "http://www.w3.org/1999/02/22-rdf-syntax-ns#type": ["https://registry.gdi-de.org/up3/ontology/Streckenabschnitt_optional"], "https://registry.gdi-de.org/up3/ontology/beginntBeiKnoten": ["https://registry.gdi-de.org/de.nw/radnetz/instances/Knoten_Wuppertal_6549"], "https://registry.gdi-de.org/up3/ontology/endetBeiKnoten": ["https://registry.gdi-de.org/de.nw/radnetz/instances/Knoten_Wuppertal_6519"], "https://registry.gdi-de.org/up3/ontology/geometrieAbschnitt": ["https://registry.gdi-de.org/de.nw/radnetz/instances/Section_Wuppertal_8984_184_left_geometry"], "https://registry.gdi-de.org/up3/ontology/licht": ["https://registry.gdi-de.org/codelist/de.bund.balm.radnetz/Licht/1"], "https://registry.gdi-de.org/up3/ontology/quell-ID": ["8984"], "https://registry.gdi-de.org/up3/ontology/richtung": ["https://registry.gdi-de.org/codelist/de.bund.balm.radnetz/Richtung/3"], "https://registry.gdi-de.org/up3/ontology/steigung": ["0.7238816"], "https://registry.gdi-de.org/up3/ontology/strecken-ID": ["Section_Wuppertal_8984_184_left"]}, "geometry": {"type": "LineString", "coordinates": [[7.1785162215, 51.2653700195, 150.79], [7.1781981253, 51.2653527292, 0.0], [7.1775576598, 51.2654249764, 151.28]]}}, {"type": "Feature", "id": "https://registry.gdi-de.org/de.nw/radnetz/instances/Section_Wuppertal_1226594_598_left", "name": "", "dateprops": [], "properties": {"http://rdfs.org/ns/void#inDataset": ["https://registry.gdi-de.org/de.nw/radnetz/instances/exnw_dataset"], "http://www.opengis.net/ont/geosparql#hasGeometry": ["https://registry.gdi-de.org/de.nw/radnetz/instances/Section_Wuppertal_1226594_598_left_geometry"], "http://www.w3.org/1999/02/22-rdf-syntax-ns#type": ["https://registry.gdi-de.org/up3/ontology/Streckenabschnitt_optional"], "https://registry.gdi-de.org/up3/ontology/beginntBeiKnoten": ["https://registry.gdi-de.org/de.nw/radnetz/instances/Knoten_Wuppertal_9259"], "https://registry.gdi-de.org/up3/ontology/endetBeiKnoten": ["https://registry.gdi-de.org/de.nw/radnetz/instances/Knoten_Wuppertal_116890102"], "https://registry.gdi-de.org/up3/ontology/geometrieAbschnitt": ["https://registry.gdi-de.org/de.nw/radnetz/instances/Section_Wuppertal_1226594_598_left_geometry"], "https://registry.gdi-de.org/up3/ontology/licht": ["https://registry.gdi-de.org/codelist/de.bund.balm.radnetz/Licht/1"], "https://registry.gdi-de.org/up3/ontology/quell-ID": ["1226594"], "https://registry.gdi-de.org/up3/ontology/richtung": ["https://registry.gdi-de.org/codelist/de.bund.balm.radnetz/Richtung/3"], "https://registry.gdi-de.org/up3/ontology/steigung": ["1.258035"], "https://registry.gdi-de.org/up3/ontology/strecken-ID": ["Section_Wuppertal_1226594_598_left"]}, "geometry": {"type": "LineString", "coordinates": [[7.2472199038, 51.2753995075, 201.49], [7.2471012804, 51.2753741371, 201.6]]}}, {"type": "Feature", "id": "https://registry.gdi-de.org/de.nw/radnetz/instances/Section_Wuppertal_1225666_495_left", "name": "", "dateprops": [], "properties": {"http://rdfs.org/ns/void#inDataset": ["https://registry.gdi-de.org/de.nw/radnetz/instances/exnw_dataset"], "http://www.opengis.net/ont/geosparql#hasGeometry": ["https://registry.gdi-de.org/de.nw/radnetz/instances/Section_Wuppertal_1225666_495_left_geometry"], "http://www.w3.org/1999/02/22-rdf-syntax-ns#type": ["https://registry.gdi-de.org/up3/ontology/Streckenabschnitt_optional"], "https://registry.gdi-de.org/up3/ontology/beginntBeiKnoten": ["https://registry.gdi-de.org/de.nw/radnetz/instances/Knoten_Wuppertal_3212"], "https://registry.gdi-de.org/up3/ontology/endetBeiKnoten": ["https://registry.gdi-de.org/de.nw/radnetz/instances/Knoten_Wuppertal_114620101"], "https://registry.gdi-de.org/up3/ontology/geometrieAbschnitt": ["https://registry.gdi-de.org/de.nw/radnetz/instances/Section_Wuppertal_1225666_495_left_geometry"], "https://registry.gdi-de.org/up3/ontology/licht": ["https://registry.gdi-de.org/codelist/de.bund.balm.radnetz/Licht/1"], "https://registry.gdi-de.org/up3/ontology/quell-ID": ["1225666"], "https://registry.gdi-de.org/up3/ontology/richtung": ["https://registry.gdi-de.org/codelist/de.bund.balm.radnetz/Richtung/3"], "https://registry.gdi-de.org/up3/ontology/steigung": ["0.2083564"], "https://registry.gdi-de.org/up3/ontology/strecken-ID": ["Section_Wuppertal_1225666_495_left"]}, "geometry": {"type": "LineString", "coordinates": [[7.0991107358, 51.2651847929, 244.52], [7.0991032726, 51.2650122647, 244.56]]}}, {"type": "Feature", "id": "https://registry.gdi-de.org/de.nw/radnetz/instances/Section_Wuppertal_5512_119_left", "name": "", "dateprops": [], "properties": {"http://rdfs.org/ns/void#inDataset": ["https://registry.gdi-de.org/de.nw/radnetz/instances/exnw_dataset"], "http://www.opengis.net/ont/geosparql#hasGeometry": ["https://registry.gdi-de.org/de.nw/radnetz/instances/Section_Wuppertal_5512_119_left_geometry"], "http://www.w3.org/1999/02/22-rdf-syntax-ns#type": ["https://registry.gdi-de.org/up3/ontology/Streckenabschnitt_optional"], "https://registry.gdi-de.org/up3/ontology/beginntBeiKnoten": ["https://registry.gdi-de.org/de.nw/radnetz/instances/Knoten_Wuppertal_3016"], "https://registry.gdi-de.org/up3/ontology/endetBeiKnoten": ["https://registry.gdi-de.org/de.nw/radnetz/instances/Knoten_Wuppertal_3018"], "https://registry.gdi-de.org/up3/ontology/geometrieAbschnitt": ["https://registry.gdi-de.org/de.nw/radnetz/instances/Section_Wuppertal_5512_119_left_geometry"], "https://registry.gdi-de.org/up3/ontology/licht": ["https://registry.gdi-de.org/codelist/de.bund.balm.radnetz/Licht/1"], "https://registry.gdi-de.org/up3/ontology/quell-ID": ["5512"], "https://registry.gdi-de.org/up3/ontology/richtung": ["https://registry.gdi-de.org/codelist/de.bund.balm.radnetz/Richtung/3"], "https://registry.gdi-de.org/up3/ontology/steigung": ["5.617829"], "https://registry.gdi-de.org/up3/ontology/strecken-ID": ["Section_Wuppertal_5512_119_left"]}, "geometry": {"type": "LineString", "coordinates": [[7.0904653221, 51.2579873025, 214.83], [7.0906108381, 51.2586870978, 219.24]]}}, {"type": "Feature", "id": "https://registry.gdi-de.org/de.nw/radnetz/instances/Section_Wuppertal_1230058_912_left", "name": "", "dateprops": [], "properties": {"http://rdfs.org/ns/void#inDataset": ["https://registry.gdi-de.org/de.nw/radnetz/instances/exnw_dataset"], "http://www.opengis.net/ont/geosparql#hasGeometry": ["https://registry.gdi-de.org/de.nw/radnetz/instances/Section_Wuppertal_1230058_912_left_geometry"], "http://www.w3.org/1999/02/22-rdf-syntax-ns#type": ["https://registry.gdi-de.org/up3/ontology/Streckenabschnitt_optional"], "https://registry.gdi-de.org/up3/ontology/beginntBeiKnoten": ["https://registry.gdi-de.org/de.nw/radnetz/instances/Knoten_Wuppertal_1189691357"], "https://registry.gdi-de.org/up3/ontology/endetBeiKnoten": ["https://registry.gdi-de.org/de.nw/radnetz/instances/Knoten_Wuppertal_117070101"], "https://registry.gdi-de.org/up3/ontology/geometrieAbschnitt": ["https://registry.gdi-de.org/de.nw/radnetz/instances/Section_Wuppertal_1230058_912_left_geometry"], "https://registry.gdi-de.org/up3/ontology/licht": ["https://registry.gdi-de.org/codelist/de.bund.balm.radnetz/Licht/0"], "https://registry.gdi-de.org/up3/ontology/quell-ID": ["1230058"], "https://registry.gdi-de.org/up3/ontology/richtung": ["https://registry.gdi-de.org/codelist/de.bund.balm.radnetz/Richtung/3"], "https://registry.gdi-de.org/up3/ontology/steigung": ["4.048283"], "https://registry.gdi-de.org/up3/ontology/strecken-ID": ["Section_Wuppertal_1230058_912_left"]}, "geometry": {"type": "LineString", "coordinates": [[7.0791723048, 51.2805236684, 0.0], [7.0816043111, 51.280742199, 0.0], [7.0827779133, 51.2809610276, 0.0], [7.0836333993, 51.2812726151, 193.29]]}}, {"type": "Feature", "id": "https://registry.gdi-de.org/de.nw/radnetz/instances/Section_Wuppertal_9212_188_left", "name": "", "dateprops": [], "properties": {"http://rdfs.org/ns/void#inDataset": ["https://registry.gdi-de.org/de.nw/radnetz/instances/exnw_dataset"], "http://www.opengis.net/ont/geosparql#hasGeometry": ["https://registry.gdi-de.org/de.nw/radnetz/instances/Section_Wuppertal_9212_188_left_geometry"], "http://www.w3.org/1999/02/22-rdf-syntax-ns#type": ["https://registry.gdi-de.org/up3/ontology/Streckenabschnitt_optional"], "https://registry.gdi-de.org/up3/ontology/beginntBeiKnoten": ["https://registry.gdi-de.org/de.nw/radnetz/instances/Knoten_Wuppertal_6840"], "https://registry.gdi-de.org/up3/ontology/endetBeiKnoten": ["https://registry.gdi-de.org/de.nw/radnetz/instances/Knoten_Wuppertal_6858"], "https://registry.gdi-de.org/up3/ontology/geometrieAbschnitt": ["https://registry.gdi-de.org/de.nw/radnetz/instances/Section_Wuppertal_9212_188_left_geometry"], "https://registry.gdi-de.org/up3/ontology/licht": ["https://registry.gdi-de.org/codelist/de.bund.balm.radnetz/Licht/1"], "https://registry.gdi-de.org/up3/ontology/quell-ID": ["9212"], "https://registry.gdi-de.org/up3/ontology/richtung": ["https://registry.gdi-de.org/codelist/de.bund.balm.radnetz/Richtung/3"], "https://registry.gdi-de.org/up3/ontology/steigung": ["0.7181151"], "https://registry.gdi-de.org/up3/ontology/strecken-ID": ["Section_Wuppertal_9212_188_left"]}, "geometry": {"type": "LineString", "coordinates": [[7.1865606817, 51.2792203088, 196.22], [7.1870769367, 51.2792537246, 196.48]]}}, {"type": "Feature", "id": "https://registry.gdi-de.org/de.nw/radnetz/instances/Section_Wuppertal_12841_276_left", "name": "", "dateprops": [], "properties": {"http://rdfs.org/ns/void#inDataset": ["https://registry.gdi-de.org/de.nw/radnetz/instances/exnw_dataset"], "http://www.opengis.net/ont/geosparql#hasGeometry": ["https://registry.gdi-de.org/de.nw/radnetz/instances/Section_Wuppertal_12841_276_left_geometry"], "http://www.w3.org/1999/02/22-rdf-syntax-ns#type": ["https://registry.gdi-de.org/up3/ontology/Streckenabschnitt_optional"], "https://registry.gdi-de.org/up3/ontology/beginntBeiKnoten": ["https://registry.gdi-de.org/de.nw/radnetz/instances/Knoten_Wuppertal_5722"], "https://registry.gdi-de.org/up3/ontology/endetBeiKnoten": ["https://registry.gdi-de.org/de.nw/radnetz/instances/Knoten_Wuppertal_5733"], "https://registry.gdi-de.org/up3/ontology/geometrieAbschnitt": ["https://registry.gdi-de.org/de.nw/radnetz/instances/Section_Wuppertal_12841_276_left_geometry"], "https://registry.gdi-de.org/up3/ontology/licht": ["https://registry.gdi-de.org/codelist/de.bund.balm.radnetz/Licht/1"], "https://registry.gdi-de.org/up3/ontology/quell-ID": ["12841"], "https://registry.gdi-de.org/up3/ontology/richtung": ["https://registry.gdi-de.org/codelist/de.bund.balm.radnetz/Richtung/3"], "https://registry.gdi-de.org/up3/ontology/steigung": ["5.951463"], "https://registry.gdi-de.org/up3/ontology/strecken-ID": ["Section_Wuppertal_12841_276_left"]}, "geometry": {"type": "LineString", "coordinates": [[7.1564559415, 51.2514252235, 184.07], [7.1566904685, 51.2514801741, 185.11]]}}, {"type": "Feature", "id": "https://registry.gdi-de.org/de.nw/radnetz/instances/Section_Wuppertal_1594_1017_left", "name": "", "dateprops": [], "properties": {"http://rdfs.org/ns/void#inDataset": ["https://registry.gdi-de.org/de.nw/radnetz/instances/exnw_dataset"], "http://www.opengis.net/ont/geosparql#hasGeometry": ["https://registry.gdi-de.org/de.nw/radnetz/instances/Section_Wuppertal_1594_1017_left_geometry"], "http://www.w3.org/1999/02/22-rdf-syntax-ns#type": ["https://registry.gdi-de.org/up3/ontology/Streckenabschnitt_optional"], "https://registry.gdi-de.org/up3/ontology/beginntBeiKnoten": ["https://registry.gdi-de.org/de.nw/radnetz/instances/Knoten_Wuppertal_3210"], "https://registry.gdi-de.org/up3/ontology/endetBeiKnoten": ["https://registry.gdi-de.org/de.nw/radnetz/instances/Knoten_Wuppertal_3239"], "https://registry.gdi-de.org/up3/ontology/geometrieAbschnitt": ["https://registry.gdi-de.org/de.nw/radnetz/instances/Section_Wuppertal_1594_1017_left_geometry"], "https://registry.gdi-de.org/up3/ontology/licht": ["https://registry.gdi-de.org/codelist/de.bund.balm.radnetz/Licht/0"], "https://registry.gdi-de.org/up3/ontology/quell-ID": ["1594"], "https://registry.gdi-de.org/up3/ontology/richtung": ["https://registry.gdi-de.org/codelist/de.bund.balm.radnetz/Richtung/3"], "https://registry.gdi-de.org/up3/ontology/steigung": ["5.189962"], "https://registry.gdi-de.org/up3/ontology/strecken-ID": ["Section_Wuppertal_1594_1017_left"]}, "geometry": {"type": "LineString", "coordinates": [[7.0977898186, 51.2952671445, 0.0], [7.0994506161, 51.2934901502, 0.0]]}}, {"type": "Feature", "id": "https://registry.gdi-de.org/de.nw/radnetz/instances/Section_Wuppertal_1227545_999_left", "name": "", "dateprops": [], "properties": {"http://rdfs.org/ns/void#inDataset": ["https://registry.gdi-de.org/de.nw/radnetz/instances/exnw_dataset"], "http://www.opengis.net/ont/geosparql#hasGeometry": ["https://registry.gdi-de.org/de.nw/radnetz/instances/Section_Wuppertal_1227545_999_left_geometry"], "http://www.w3.org/1999/02/22-rdf-syntax-ns#type": ["https://registry.gdi-de.org/up3/ontology/Streckenabschnitt_optional"], "https://registry.gdi-de.org/up3/ontology/beginntBeiKnoten": ["https://registry.gdi-de.org/de.nw/radnetz/instances/Knoten_Wuppertal_4699"], "https://registry.gdi-de.org/up3/ontology/endetBeiKnoten": ["https://registry.gdi-de.org/de.nw/radnetz/instances/Knoten_Wuppertal_1189690155"], "https://registry.gdi-de.org/up3/ontology/geometrieAbschnitt": ["https://registry.gdi-de.org/de.nw/radnetz/instances/Section_Wuppertal_1227545_999_left_geometry"], "https://registry.gdi-de.org/up3/ontology/licht": ["https://registry.gdi-de.org/codelist/de.bund.balm.radnetz/Licht/1"], "https://registry.gdi-de.org/up3/ontology/quell-ID": ["1227545"], "https://registry.gdi-de.org/up3/ontology/richtung": ["https://registry.gdi-de.org/codelist/de.bund.balm.radnetz/Richtung/3"], "https://registry.gdi-de.org/up3/ontology/steigung": ["0.5830204"], "https://registry.gdi-de.org/up3/ontology/strecken-ID": ["Section_Wuppertal_1227545_999_left"]}, "geometry": {"type": "LineString", "coordinates": [[7.1403336433, 51.2111379673, 0.0], [7.140504694, 51.2113938949, 0.0]]}}, {"type": "Feature", "id": "https://registry.gdi-de.org/de.nw/radnetz/instances/Section_Wuppertal_1224161_952_left", "name": "", "dateprops": [], "properties": {"http://rdfs.org/ns/void#inDataset": ["https://registry.gdi-de.org/de.nw/radnetz/instances/exnw_dataset"], "http://www.opengis.net/ont/geosparql#hasGeometry": ["https://registry.gdi-de.org/de.nw/radnetz/instances/Section_Wuppertal_1224161_952_left_geometry"], "http://www.w3.org/1999/02/22-rdf-syntax-ns#type": ["https://registry.gdi-de.org/up3/ontology/Streckenabschnitt_optional"], "https://registry.gdi-de.org/up3/ontology/beginntBeiKnoten": ["https://registry.gdi-de.org/de.nw/radnetz/instances/Knoten_Wuppertal_5328"], "https://registry.gdi-de.org/up3/ontology/endetBeiKnoten": ["https://registry.gdi-de.org/de.nw/radnetz/instances/Knoten_Wuppertal_110190409"], "https://registry.gdi-de.org/up3/ontology/geometrieAbschnitt": ["https://registry.gdi-de.org/de.nw/radnetz/instances/Section_Wuppertal_1224161_952_left_geometry"], "https://registry.gdi-de.org/up3/ontology/licht": ["https://registry.gdi-de.org/codelist/de.bund.balm.radnetz/Licht/1"], "https://registry.gdi-de.org/up3/ontology/quell-ID": ["1224161"], "https://registry.gdi-de.org/up3/ontology/richtung": ["https://registry.gdi-de.org/codelist/de.bund.balm.radnetz/Richtung/3"], "https://registry.gdi-de.org/up3/ontology/steigung": ["1.258517"], "https://registry.gdi-de.org/up3/ontology/strecken-ID": ["Section_Wuppertal_1224161_952_left"]}, "geometry": {"type": "LineString", "coordinates": [[7.1492355688, 51.2557196365, 0.0], [7.1496231135, 51.2558415358, 0.0], [7.1499626124, 51.2559446008, 0.0], [7.150257434, 51.2560344726, 0.0]]}}, {"type": "Feature", "id": "https://registry.gdi-de.org/de.nw/radnetz/instances/Section_Wuppertal_1225374_475_left", "name": "", "dateprops": [], "properties": {"http://rdfs.org/ns/void#inDataset": ["https://registry.gdi-de.org/de.nw/radnetz/instances/exnw_dataset"], "http://www.opengis.net/ont/geosparql#hasGeometry": ["https://registry.gdi-de.org/de.nw/radnetz/instances/Section_Wuppertal_1225374_475_left_geometry"], "http://www.w3.org/1999/02/22-rdf-syntax-ns#type": ["https://registry.gdi-de.org/up3/ontology/Streckenabschnitt_optional"], "https://registry.gdi-de.org/up3/ontology/beginntBeiKnoten": ["https://registry.gdi-de.org/de.nw/radnetz/instances/Knoten_Wuppertal_111810701"], "https://registry.gdi-de.org/up3/ontology/endetBeiKnoten": ["https://registry.gdi-de.org/de.nw/radnetz/instances/Knoten_Wuppertal_7848"], "https://registry.gdi-de.org/up3/ontology/geometrieAbschnitt": ["https://registry.gdi-de.org/de.nw/radnetz/instances/Section_Wuppertal_1225374_475_left_geometry"], "https://registry.gdi-de.org/up3/ontology/licht": ["https://registry.gdi-de.org/codelist/de.bund.balm.radnetz/Licht/1"], "https://registry.gdi-de.org/up3/ontology/quell-ID": ["1225374"], "https://registry.gdi-de.org/up3/ontology/richtung": ["https://registry.gdi-de.org/codelist/de.bund.balm.radnetz/Richtung/3"], "https://registry.gdi-de.org/up3/ontology/steigung": ["0.8522105"], "https://registry.gdi-de.org/up3/ontology/strecken-ID": ["Section_Wuppertal_1225374_475_left"]}, "geometry": {"type": "LineString", "coordinates": [[7.2064370343, 51.2725257258, 156.91], [7.2066494263, 51.2728473569, 157.24]]}}, {"type": "Feature", "id": "https://registry.gdi-de.org/de.nw/radnetz/instances/Section_Wuppertal_12595_1054_left", "name": "", "dateprops": [], "properties": {"http://rdfs.org/ns/void#inDataset": ["https://registry.gdi-de.org/de.nw/radnetz/instances/exnw_dataset"], "http://www.opengis.net/ont/geosparql#hasGeometry": ["https://registry.gdi-de.org/de.nw/radnetz/instances/Section_Wuppertal_12595_1054_left_geometry"], "http://www.w3.org/1999/02/22-rdf-syntax-ns#type": ["https://registry.gdi-de.org/up3/ontology/Streckenabschnitt_optional"], "https://registry.gdi-de.org/up3/ontology/beginntBeiKnoten": ["https://registry.gdi-de.org/de.nw/radnetz/instances/Knoten_Wuppertal_5380"], "https://registry.gdi-de.org/up3/ontology/endetBeiKnoten": ["https://registry.gdi-de.org/de.nw/radnetz/instances/Knoten_Wuppertal_5411"], "https://registry.gdi-de.org/up3/ontology/geometrieAbschnitt": ["https://registry.gdi-de.org/de.nw/radnetz/instances/Section_Wuppertal_12595_1054_left_geometry"], "https://registry.gdi-de.org/up3/ontology/licht": ["https://registry.gdi-de.org/codelist/de.bund.balm.radnetz/Licht/1"], "https://registry.gdi-de.org/up3/ontology/quell-ID": ["12595"], "https://registry.gdi-de.org/up3/ontology/richtung": ["https://registry.gdi-de.org/codelist/de.bund.balm.radnetz/Richtung/3"], "https://registry.gdi-de.org/up3/ontology/steigung": ["3.33498"], "https://registry.gdi-de.org/up3/ontology/strecken-ID": ["Section_Wuppertal_12595_1054_left"]}, "geometry": {"type": "LineString", "coordinates": [[7.149257496, 51.2728946362, 0.0], [7.1493788124, 51.2731630585, 0.0], [7.1497766088, 51.2735995347, 0.0]]}}, {"type": "Feature", "id": "https://registry.gdi-de.org/de.nw/radnetz/instances/Section_Wuppertal_4789_1021_left", "name": "", "dateprops": [], "properties": {"http://rdfs.org/ns/void#inDataset": ["https://registry.gdi-de.org/de.nw/radnetz/instances/exnw_dataset"], "http://www.opengis.net/ont/geosparql#hasGeometry": ["https://registry.gdi-de.org/de.nw/radnetz/instances/Section_Wuppertal_4789_1021_left_geometry"], "http://www.w3.org/1999/02/22-rdf-syntax-ns#type": ["https://registry.gdi-de.org/up3/ontology/Streckenabschnitt_optional"], "https://registry.gdi-de.org/up3/ontology/beginntBeiKnoten": ["https://registry.gdi-de.org/de.nw/radnetz/instances/Knoten_Wuppertal_5204"], "https://registry.gdi-de.org/up3/ontology/endetBeiKnoten": ["https://registry.gdi-de.org/de.nw/radnetz/instances/Knoten_Wuppertal_5185"], "https://registry.gdi-de.org/up3/ontology/geometrieAbschnitt": ["https://registry.gdi-de.org/de.nw/radnetz/instances/Section_Wuppertal_4789_1021_left_geometry"], "https://registry.gdi-de.org/up3/ontology/licht": ["https://registry.gdi-de.org/codelist/de.bund.balm.radnetz/Licht/1"], "https://registry.gdi-de.org/up3/ontology/quell-ID": ["4789"], "https://registry.gdi-de.org/up3/ontology/richtung": ["https://registry.gdi-de.org/codelist/de.bund.balm.radnetz/Richtung/3"], "https://registry.gdi-de.org/up3/ontology/steigung": ["0.3077767"], "https://registry.gdi-de.org/up3/ontology/strecken-ID": ["Section_Wuppertal_4789_1021_left"]}, "geometry": {"type": "LineString", "coordinates": [[7.1459249847, 51.2832088987, 0.0], [7.1457576137, 51.283247024, 0.0], [7.145617321, 51.2832765417, 0.0]]}}, {"type": "Feature", "id": "https://registry.gdi-de.org/de.nw/radnetz/instances/Section_Wuppertal_1228040_690_left", "name": "", "dateprops": [], "properties": {"http://rdfs.org/ns/void#inDataset": ["https://registry.gdi-de.org/de.nw/radnetz/instances/exnw_dataset"], "http://www.opengis.net/ont/geosparql#hasGeometry": ["https://registry.gdi-de.org/de.nw/radnetz/instances/Section_Wuppertal_1228040_690_left_geometry"], "http://www.w3.org/1999/02/22-rdf-syntax-ns#type": ["https://registry.gdi-de.org/up3/ontology/Streckenabschnitt_optional"], "https://registry.gdi-de.org/up3/ontology/beginntBeiKnoten": ["https://registry.gdi-de.org/de.nw/radnetz/instances/Knoten_Wuppertal_1189690395"], "https://registry.gdi-de.org/up3/ontology/endetBeiKnoten": ["https://registry.gdi-de.org/de.nw/radnetz/instances/Knoten_Wuppertal_3014"], "https://registry.gdi-de.org/up3/ontology/geometrieAbschnitt": ["https://registry.gdi-de.org/de.nw/radnetz/instances/Section_Wuppertal_1228040_690_left_geometry"], "https://registry.gdi-de.org/up3/ontology/licht": ["https://registry.gdi-de.org/codelist/de.bund.balm.radnetz/Licht/1"], "https://registry.gdi-de.org/up3/ontology/quell-ID": ["1228040"], "https://registry.gdi-de.org/up3/ontology/richtung": ["https://registry.gdi-de.org/codelist/de.bund.balm.radnetz/Richtung/3"], "https://registry.gdi-de.org/up3/ontology/steigung": ["7.021978"], "https://registry.gdi-de.org/up3/ontology/strecken-ID": ["Section_Wuppertal_1228040_690_left"]}, "geometry": {"type": "LineString", "coordinates": [[7.0913218518, 51.2384945102, 134.66], [7.0913772267, 51.2387185655, 0.0], [7.0911273421, 51.2389414858, 138.56]]}}, {"type": "Feature", "id": "https://registry.gdi-de.org/de.nw/radnetz/instances/Section_Wuppertal_1226315_558_left", "name": "", "dateprops": [], "properties": {"http://rdfs.org/ns/void#inDataset": ["https://registry.gdi-de.org/de.nw/radnetz/instances/exnw_dataset"], "http://www.opengis.net/ont/geosparql#hasGeometry": ["https://registry.gdi-de.org/de.nw/radnetz/instances/Section_Wuppertal_1226315_558_left_geometry"], "http://www.w3.org/1999/02/22-rdf-syntax-ns#type": ["https://registry.gdi-de.org/up3/ontology/Streckenabschnitt_optional"], "https://registry.gdi-de.org/up3/ontology/beginntBeiKnoten": ["https://registry.gdi-de.org/de.nw/radnetz/instances/Knoten_Wuppertal_6035"], "https://registry.gdi-de.org/up3/ontology/endetBeiKnoten": ["https://registry.gdi-de.org/de.nw/radnetz/instances/Knoten_Wuppertal_118260102"], "https://registry.gdi-de.org/up3/ontology/geometrieAbschnitt": ["https://registry.gdi-de.org/de.nw/radnetz/instances/Section_Wuppertal_1226315_558_left_geometry"], "https://registry.gdi-de.org/up3/ontology/licht": ["https://registry.gdi-de.org/codelist/de.bund.balm.radnetz/Licht/1"], "https://registry.gdi-de.org/up3/ontology/quell-ID": ["1226315"], "https://registry.gdi-de.org/up3/ontology/richtung": ["https://registry.gdi-de.org/codelist/de.bund.balm.radnetz/Richtung/3"], "https://registry.gdi-de.org/up3/ontology/steigung": ["5.601016"], "https://registry.gdi-de.org/up3/ontology/strecken-ID": ["Section_Wuppertal_1226315_558_left"]}, "geometry": {"type": "LineString", "coordinates": [[7.161066824, 51.3007383084, 296.58], [7.1617027791, 51.3004216644, 0.0], [7.1617570989, 51.3003953431, 300.02]]}}, {"type": "Feature", "id": "https://registry.gdi-de.org/de.nw/radnetz/instances/Section_Wuppertal_4968_110_left", "name": "", "dateprops": [], "properties": {"http://rdfs.org/ns/void#inDataset": ["https://registry.gdi-de.org/de.nw/radnetz/instances/exnw_dataset"], "http://www.opengis.net/ont/geosparql#hasGeometry": ["https://registry.gdi-de.org/de.nw/radnetz/instances/Section_Wuppertal_4968_110_left_geometry"], "http://www.w3.org/1999/02/22-rdf-syntax-ns#type": ["https://registry.gdi-de.org/up3/ontology/Streckenabschnitt_optional"], "https://registry.gdi-de.org/up3/ontology/beginntBeiKnoten": ["https://registry.gdi-de.org/de.nw/radnetz/instances/Knoten_Wuppertal_3015"], "https://registry.gdi-de.org/up3/ontology/endetBeiKnoten": ["https://registry.gdi-de.org/de.nw/radnetz/instances/Knoten_Wuppertal_3016"], "https://registry.gdi-de.org/up3/ontology/geometrieAbschnitt": ["https://registry.gdi-de.org/de.nw/radnetz/instances/Section_Wuppertal_4968_110_left_geometry"], "https://registry.gdi-de.org/up3/ontology/licht": ["https://registry.gdi-de.org/codelist/de.bund.balm.radnetz/Licht/1"], "https://registry.gdi-de.org/up3/ontology/quell-ID": ["4968"], "https://registry.gdi-de.org/up3/ontology/richtung": ["https://registry.gdi-de.org/codelist/de.bund.balm.radnetz/Richtung/3"], "https://registry.gdi-de.org/up3/ontology/steigung": ["4.424528"], "https://registry.gdi-de.org/up3/ontology/strecken-ID": ["Section_Wuppertal_4968_110_left"]}, "geometry": {"type": "LineString", "coordinates": [[7.0904482988, 51.2572683311, 211.26], [7.090385942, 51.2575697795, 0.0], [7.0904023783, 51.2577738538, 0.0], [7.0904653221, 51.2579873025, 214.83]]}}, {"type": "Feature", "id": "https://registry.gdi-de.org/de.nw/radnetz/instances/Section_Wuppertal_1229583_732_left", "name": "", "dateprops": [], "properties": {"http://rdfs.org/ns/void#inDataset": ["https://registry.gdi-de.org/de.nw/radnetz/instances/exnw_dataset"], "http://www.opengis.net/ont/geosparql#hasGeometry": ["https://registry.gdi-de.org/de.nw/radnetz/instances/Section_Wuppertal_1229583_732_left_geometry"], "http://www.w3.org/1999/02/22-rdf-syntax-ns#type": ["https://registry.gdi-de.org/up3/ontology/Streckenabschnitt_optional"], "https://registry.gdi-de.org/up3/ontology/beginntBeiKnoten": ["https://registry.gdi-de.org/de.nw/radnetz/instances/Knoten_Wuppertal_1189691143"], "https://registry.gdi-de.org/up3/ontology/endetBeiKnoten": ["https://registry.gdi-de.org/de.nw/radnetz/instances/Knoten_Wuppertal_113040401"], "https://registry.gdi-de.org/up3/ontology/geometrieAbschnitt": ["https://registry.gdi-de.org/de.nw/radnetz/instances/Section_Wuppertal_1229583_732_left_geometry"], "https://registry.gdi-de.org/up3/ontology/licht": ["https://registry.gdi-de.org/codelist/de.bund.balm.radnetz/Licht/1"], "https://registry.gdi-de.org/up3/ontology/quell-ID": ["1229583"], "https://registry.gdi-de.org/up3/ontology/richtung": ["https://registry.gdi-de.org/codelist/de.bund.balm.radnetz/Richtung/3"], "https://registry.gdi-de.org/up3/ontology/steigung": ["1.51546"], "https://registry.gdi-de.org/up3/ontology/strecken-ID": ["Section_Wuppertal_1229583_732_left"]}, "geometry": {"type": "LineString", "coordinates": [[7.0882320347, 51.2363555776, 136.6], [7.0876053572, 51.2361008896, 137.39]]}}, {"type": "Feature", "id": "https://registry.gdi-de.org/de.nw/radnetz/instances/Section_Wuppertal_1225010_442_left", "name": "", "dateprops": [], "properties": {"http://rdfs.org/ns/void#inDataset": ["https://registry.gdi-de.org/de.nw/radnetz/instances/exnw_dataset"], "http://www.opengis.net/ont/geosparql#hasGeometry": ["https://registry.gdi-de.org/de.nw/radnetz/instances/Section_Wuppertal_1225010_442_left_geometry"], "http://www.w3.org/1999/02/22-rdf-syntax-ns#type": ["https://registry.gdi-de.org/up3/ontology/Streckenabschnitt_optional"], "https://registry.gdi-de.org/up3/ontology/beginntBeiKnoten": ["https://registry.gdi-de.org/de.nw/radnetz/instances/Knoten_Wuppertal_5152"], "https://registry.gdi-de.org/up3/ontology/endetBeiKnoten": ["https://registry.gdi-de.org/de.nw/radnetz/instances/Knoten_Wuppertal_112200103"], "https://registry.gdi-de.org/up3/ontology/geometrieAbschnitt": ["https://registry.gdi-de.org/de.nw/radnetz/instances/Section_Wuppertal_1225010_442_left_geometry"], "https://registry.gdi-de.org/up3/ontology/licht": ["https://registry.gdi-de.org/codelist/de.bund.balm.radnetz/Licht/1"], "https://registry.gdi-de.org/up3/ontology/quell-ID": ["1225010"], "https://registry.gdi-de.org/up3/ontology/richtung": ["https://registry.gdi-de.org/codelist/de.bund.balm.radnetz/Richtung/3"], "https://registry.gdi-de.org/up3/ontology/steigung": ["0.8520367"], "https://registry.gdi-de.org/up3/ontology/strecken-ID": ["Section_Wuppertal_1225010_442_left"]}, "geometry": {"type": "LineString", "coordinates": [[7.1462407896, 51.2565577428, 142.78], [7.1461840058, 51.256925322, 143.13]]}}, {"type": "Feature", "id": "https://registry.gdi-de.org/de.nw/radnetz/instances/Section_Wuppertal_1226865_642_left", "name": "", "dateprops": [], "properties": {"http://rdfs.org/ns/void#inDataset": ["https://registry.gdi-de.org/de.nw/radnetz/instances/exnw_dataset"], "http://www.opengis.net/ont/geosparql#hasGeometry": ["https://registry.gdi-de.org/de.nw/radnetz/instances/Section_Wuppertal_1226865_642_left_geometry"], "http://www.w3.org/1999/02/22-rdf-syntax-ns#type": ["https://registry.gdi-de.org/up3/ontology/Streckenabschnitt_optional"], "https://registry.gdi-de.org/up3/ontology/beginntBeiKnoten": ["https://registry.gdi-de.org/de.nw/radnetz/instances/Knoten_Wuppertal_8350"], "https://registry.gdi-de.org/up3/ontology/endetBeiKnoten": ["https://registry.gdi-de.org/de.nw/radnetz/instances/Knoten_Wuppertal_116010301"], "https://registry.gdi-de.org/up3/ontology/geometrieAbschnitt": ["https://registry.gdi-de.org/de.nw/radnetz/instances/Section_Wuppertal_1226865_642_left_geometry"], "https://registry.gdi-de.org/up3/ontology/licht": ["https://registry.gdi-de.org/codelist/de.bund.balm.radnetz/Licht/1"], "https://registry.gdi-de.org/up3/ontology/quell-ID": ["1226865"], "https://registry.gdi-de.org/up3/ontology/richtung": ["https://registry.gdi-de.org/codelist/de.bund.balm.radnetz/Richtung/3"], "https://registry.gdi-de.org/up3/ontology/steigung": ["2.180046"], "https://registry.gdi-de.org/up3/ontology/strecken-ID": ["Section_Wuppertal_1226865_642_left"]}, "geometry": {"type": "LineString", "coordinates": [[7.2178074186, 51.2757214571, 160.98], [7.2178039662, 51.2757750244, 161.11]]}}, {"type": "Feature", "id": "https://registry.gdi-de.org/de.nw/radnetz/instances/Section_Wuppertal_1223999_399_left", "name": "", "dateprops": [], "properties": {"http://rdfs.org/ns/void#inDataset": ["https://registry.gdi-de.org/de.nw/radnetz/instances/exnw_dataset"], "http://www.opengis.net/ont/geosparql#hasGeometry": ["https://registry.gdi-de.org/de.nw/radnetz/instances/Section_Wuppertal_1223999_399_left_geometry"], "http://www.w3.org/1999/02/22-rdf-syntax-ns#type": ["https://registry.gdi-de.org/up3/ontology/Streckenabschnitt_optional"], "https://registry.gdi-de.org/up3/ontology/beginntBeiKnoten": ["https://registry.gdi-de.org/de.nw/radnetz/instances/Knoten_Wuppertal_114620102"], "https://registry.gdi-de.org/up3/ontology/endetBeiKnoten": ["https://registry.gdi-de.org/de.nw/radnetz/instances/Knoten_Wuppertal_3212"], "https://registry.gdi-de.org/up3/ontology/geometrieAbschnitt": ["https://registry.gdi-de.org/de.nw/radnetz/instances/Section_Wuppertal_1223999_399_left_geometry"], "https://registry.gdi-de.org/up3/ontology/licht": ["https://registry.gdi-de.org/codelist/de.bund.balm.radnetz/Licht/1"], "https://registry.gdi-de.org/up3/ontology/quell-ID": ["1223999"], "https://registry.gdi-de.org/up3/ontology/richtung": ["https://registry.gdi-de.org/codelist/de.bund.balm.radnetz/Richtung/3"], "https://registry.gdi-de.org/up3/ontology/steigung": ["0.4344397"], "https://registry.gdi-de.org/up3/ontology/strecken-ID": ["Section_Wuppertal_1223999_399_left"]}, "geometry": {"type": "LineString", "coordinates": [[7.0990946376, 51.2653914829, 244.42], [7.0991107358, 51.2651847929, 244.52]]}}, {"type": "Feature", "id": "https://registry.gdi-de.org/de.nw/radnetz/instances/Section_Wuppertal_4878_886_left", "name": "", "dateprops": [], "properties": {"http://rdfs.org/ns/void#inDataset": ["https://registry.gdi-de.org/de.nw/radnetz/instances/exnw_dataset"], "http://www.opengis.net/ont/geosparql#hasGeometry": ["https://registry.gdi-de.org/de.nw/radnetz/instances/Section_Wuppertal_4878_886_left_geometry"], "http://www.w3.org/1999/02/22-rdf-syntax-ns#type": ["https://registry.gdi-de.org/up3/ontology/Streckenabschnitt_optional"], "https://registry.gdi-de.org/up3/ontology/beginntBeiKnoten": ["https://registry.gdi-de.org/de.nw/radnetz/instances/Knoten_Wuppertal_5103"], "https://registry.gdi-de.org/up3/ontology/endetBeiKnoten": ["https://registry.gdi-de.org/de.nw/radnetz/instances/Knoten_Wuppertal_5074"], "https://registry.gdi-de.org/up3/ontology/geometrieAbschnitt": ["https://registry.gdi-de.org/de.nw/radnetz/instances/Section_Wuppertal_4878_886_left_geometry"], "https://registry.gdi-de.org/up3/ontology/licht": ["https://registry.gdi-de.org/codelist/de.bund.balm.radnetz/Licht/1"], "https://registry.gdi-de.org/up3/ontology/quell-ID": ["4878"], "https://registry.gdi-de.org/up3/ontology/richtung": ["https://registry.gdi-de.org/codelist/de.bund.balm.radnetz/Richtung/3"], "https://registry.gdi-de.org/up3/ontology/steigung": ["2.331471"], "https://registry.gdi-de.org/up3/ontology/strecken-ID": ["Section_Wuppertal_4878_886_left"]}, "geometry": {"type": "LineString", "coordinates": [[7.1451539744, 51.2663551478, 171.27], [7.1445395894, 51.2662993071, 172.28]]}}, {"type": "Feature", "id": "https://registry.gdi-de.org/de.nw/radnetz/instances/Section_Wuppertal_1225218_461_left", "name": "", "dateprops": [], "properties": {"http://rdfs.org/ns/void#inDataset": ["https://registry.gdi-de.org/de.nw/radnetz/instances/exnw_dataset"], "http://www.opengis.net/ont/geosparql#hasGeometry": ["https://registry.gdi-de.org/de.nw/radnetz/instances/Section_Wuppertal_1225218_461_left_geometry"], "http://www.w3.org/1999/02/22-rdf-syntax-ns#type": ["https://registry.gdi-de.org/up3/ontology/Streckenabschnitt_optional"], "https://registry.gdi-de.org/up3/ontology/beginntBeiKnoten": ["https://registry.gdi-de.org/de.nw/radnetz/instances/Knoten_Wuppertal_10770"], "https://registry.gdi-de.org/up3/ontology/endetBeiKnoten": ["https://registry.gdi-de.org/de.nw/radnetz/instances/Knoten_Wuppertal_113200305"], "https://registry.gdi-de.org/up3/ontology/geometrieAbschnitt": ["https://registry.gdi-de.org/de.nw/radnetz/instances/Section_Wuppertal_1225218_461_left_geometry"], "https://registry.gdi-de.org/up3/ontology/licht": ["https://registry.gdi-de.org/codelist/de.bund.balm.radnetz/Licht/1"], "https://registry.gdi-de.org/up3/ontology/quell-ID": ["1225218"], "https://registry.gdi-de.org/up3/ontology/richtung": ["https://registry.gdi-de.org/codelist/de.bund.balm.radnetz/Richtung/3"], "https://registry.gdi-de.org/up3/ontology/steigung": ["1.973003"], "https://registry.gdi-de.org/up3/ontology/strecken-ID": ["Section_Wuppertal_1225218_461_left"]}, "geometry": {"type": "LineString", "coordinates": [[7.0685599588, 51.2352610521, 177.16], [7.0693865977, 51.2350493744, 178.39]]}}, {"type": "Feature", "id": "https://registry.gdi-de.org/de.nw/radnetz/instances/Section_Wuppertal_1229674_744_left", "name": "", "dateprops": [], "properties": {"http://rdfs.org/ns/void#inDataset": ["https://registry.gdi-de.org/de.nw/radnetz/instances/exnw_dataset"], "http://www.opengis.net/ont/geosparql#hasGeometry": ["https://registry.gdi-de.org/de.nw/radnetz/instances/Section_Wuppertal_1229674_744_left_geometry"], "http://www.w3.org/1999/02/22-rdf-syntax-ns#type": ["https://registry.gdi-de.org/up3/ontology/Streckenabschnitt_optional"], "https://registry.gdi-de.org/up3/ontology/beginntBeiKnoten": ["https://registry.gdi-de.org/de.nw/radnetz/instances/Knoten_Wuppertal_1189691186"], "https://registry.gdi-de.org/up3/ontology/endetBeiKnoten": ["https://registry.gdi-de.org/de.nw/radnetz/instances/Knoten_Wuppertal_3264"], "https://registry.gdi-de.org/up3/ontology/geometrieAbschnitt": ["https://registry.gdi-de.org/de.nw/radnetz/instances/Section_Wuppertal_1229674_744_left_geometry"], "https://registry.gdi-de.org/up3/ontology/licht": ["https://registry.gdi-de.org/codelist/de.bund.balm.radnetz/Licht/1"], "https://registry.gdi-de.org/up3/ontology/quell-ID": ["1229674"], "https://registry.gdi-de.org/up3/ontology/richtung": ["https://registry.gdi-de.org/codelist/de.bund.balm.radnetz/Richtung/3"], "https://registry.gdi-de.org/up3/ontology/steigung": ["0.1692054"], "https://registry.gdi-de.org/up3/ontology/strecken-ID": ["Section_Wuppertal_1229674_744_left"]}, "geometry": {"type": "LineString", "coordinates": [[7.1029326217, 51.240739261, 138.03], [7.1029295404, 51.240633015, 138.05]]}}, {"type": "Feature", "id": "https://registry.gdi-de.org/de.nw/radnetz/instances/Section_Wuppertal_5350_117_left", "name": "", "dateprops": [], "properties": {"http://rdfs.org/ns/void#inDataset": ["https://registry.gdi-de.org/de.nw/radnetz/instances/exnw_dataset"], "http://www.opengis.net/ont/geosparql#hasGeometry": ["https://registry.gdi-de.org/de.nw/radnetz/instances/Section_Wuppertal_5350_117_left_geometry"], "http://www.w3.org/1999/02/22-rdf-syntax-ns#type": ["https://registry.gdi-de.org/up3/ontology/Streckenabschnitt_optional"], "https://registry.gdi-de.org/up3/ontology/beginntBeiKnoten": ["https://registry.gdi-de.org/de.nw/radnetz/instances/Knoten_Wuppertal_9714"], "https://registry.gdi-de.org/up3/ontology/endetBeiKnoten": ["https://registry.gdi-de.org/de.nw/radnetz/instances/Knoten_Wuppertal_9728"], "https://registry.gdi-de.org/up3/ontology/geometrieAbschnitt": ["https://registry.gdi-de.org/de.nw/radnetz/instances/Section_Wuppertal_5350_117_left_geometry"], "https://registry.gdi-de.org/up3/ontology/licht": ["https://registry.gdi-de.org/codelist/de.bund.balm.radnetz/Licht/1"], "https://registry.gdi-de.org/up3/ontology/quell-ID": ["5350"], "https://registry.gdi-de.org/up3/ontology/richtung": ["https://registry.gdi-de.org/codelist/de.bund.balm.radnetz/Richtung/3"], "https://registry.gdi-de.org/up3/ontology/steigung": ["1.754038"], "https://registry.gdi-de.org/up3/ontology/strecken-ID": ["Section_Wuppertal_5350_117_left"]}, "geometry": {"type": "LineString", "coordinates": [[7.2710678994, 51.2786353263, 221.65], [7.2724951395, 51.2789633808, 223.51]]}}, {"type": "Feature", "id": "https://registry.gdi-de.org/de.nw/radnetz/instances/Section_Wuppertal_1224605_425_left", "name": "", "dateprops": [], "properties": {"http://rdfs.org/ns/void#inDataset": ["https://registry.gdi-de.org/de.nw/radnetz/instances/exnw_dataset"], "http://www.opengis.net/ont/geosparql#hasGeometry": ["https://registry.gdi-de.org/de.nw/radnetz/instances/Section_Wuppertal_1224605_425_left_geometry"], "http://www.w3.org/1999/02/22-rdf-syntax-ns#type": ["https://registry.gdi-de.org/up3/ontology/Streckenabschnitt_optional"], "https://registry.gdi-de.org/up3/ontology/beginntBeiKnoten": ["https://registry.gdi-de.org/de.nw/radnetz/instances/Knoten_Wuppertal_8800"], "https://registry.gdi-de.org/up3/ontology/endetBeiKnoten": ["https://registry.gdi-de.org/de.nw/radnetz/instances/Knoten_Wuppertal_116730101"], "https://registry.gdi-de.org/up3/ontology/geometrieAbschnitt": ["https://registry.gdi-de.org/de.nw/radnetz/instances/Section_Wuppertal_1224605_425_left_geometry"], "https://registry.gdi-de.org/up3/ontology/licht": ["https://registry.gdi-de.org/codelist/de.bund.balm.radnetz/Licht/1"], "https://registry.gdi-de.org/up3/ontology/quell-ID": ["1224605"], "https://registry.gdi-de.org/up3/ontology/richtung": ["https://registry.gdi-de.org/codelist/de.bund.balm.radnetz/Richtung/3"], "https://registry.gdi-de.org/up3/ontology/steigung": ["0.04430783"], "https://registry.gdi-de.org/up3/ontology/strecken-ID": ["Section_Wuppertal_1224605_425_left"]}, "geometry": {"type": "LineString", "coordinates": [[7.2316567479, 51.2701955853, 163.26], [7.2319573596, 51.2698362443, 163.28]]}}, {"type": "Feature", "id": "https://registry.gdi-de.org/de.nw/radnetz/instances/Section_Wuppertal_1225950_521_left", "name": "", "dateprops": [], "properties": {"http://rdfs.org/ns/void#inDataset": ["https://registry.gdi-de.org/de.nw/radnetz/instances/exnw_dataset"], "http://www.opengis.net/ont/geosparql#hasGeometry": ["https://registry.gdi-de.org/de.nw/radnetz/instances/Section_Wuppertal_1225950_521_left_geometry"], "http://www.w3.org/1999/02/22-rdf-syntax-ns#type": ["https://registry.gdi-de.org/up3/ontology/Streckenabschnitt_optional"], "https://registry.gdi-de.org/up3/ontology/beginntBeiKnoten": ["https://registry.gdi-de.org/de.nw/radnetz/instances/Knoten_Wuppertal_112320101"], "https://registry.gdi-de.org/up3/ontology/endetBeiKnoten": ["https://registry.gdi-de.org/de.nw/radnetz/instances/Knoten_Wuppertal_112320102"], "https://registry.gdi-de.org/up3/ontology/geometrieAbschnitt": ["https://registry.gdi-de.org/de.nw/radnetz/instances/Section_Wuppertal_1225950_521_left_geometry"], "https://registry.gdi-de.org/up3/ontology/licht": ["https://registry.gdi-de.org/codelist/de.bund.balm.radnetz/Licht/1"], "https://registry.gdi-de.org/up3/ontology/quell-ID": ["1225950"], "https://registry.gdi-de.org/up3/ontology/richtung": ["https://registry.gdi-de.org/codelist/de.bund.balm.radnetz/Richtung/3"], "https://registry.gdi-de.org/up3/ontology/steigung": ["5.562355"], "https://registry.gdi-de.org/up3/ontology/strecken-ID": ["Section_Wuppertal_1225950_521_left"]}, "geometry": {"type": "LineString", "coordinates": [[7.1589806566, 51.2524466274, 195.21], [7.1592350428, 51.2525532729, 0.0], [7.1592487548, 51.2525584671, 196.46]]}}, {"type": "Feature", "id": "https://registry.gdi-de.org/de.nw/radnetz/instances/Section_Wuppertal_12946_279_left", "name": "", "dateprops": [], "properties": {"http://rdfs.org/ns/void#inDataset": ["https://registry.gdi-de.org/de.nw/radnetz/instances/exnw_dataset"], "http://www.opengis.net/ont/geosparql#hasGeometry": ["https://registry.gdi-de.org/de.nw/radnetz/instances/Section_Wuppertal_12946_279_left_geometry"], "http://www.w3.org/1999/02/22-rdf-syntax-ns#type": ["https://registry.gdi-de.org/up3/ontology/Streckenabschnitt_optional"], "https://registry.gdi-de.org/up3/ontology/beginntBeiKnoten": ["https://registry.gdi-de.org/de.nw/radnetz/instances/Knoten_Wuppertal_6302"], "https://registry.gdi-de.org/up3/ontology/endetBeiKnoten": ["https://registry.gdi-de.org/de.nw/radnetz/instances/Knoten_Wuppertal_6488"], "https://registry.gdi-de.org/up3/ontology/geometrieAbschnitt": ["https://registry.gdi-de.org/de.nw/radnetz/instances/Section_Wuppertal_12946_279_left_geometry"], "https://registry.gdi-de.org/up3/ontology/licht": ["https://registry.gdi-de.org/codelist/de.bund.balm.radnetz/Licht/1"], "https://registry.gdi-de.org/up3/ontology/quell-ID": ["12946"], "https://registry.gdi-de.org/up3/ontology/richtung": ["https://registry.gdi-de.org/codelist/de.bund.balm.radnetz/Richtung/3"], "https://registry.gdi-de.org/up3/ontology/steigung": ["6.372516"], "https://registry.gdi-de.org/up3/ontology/strecken-ID": ["Section_Wuppertal_12946_279_left"]}, "geometry": {"type": "LineString", "coordinates": [[7.1708832292, 51.2430794921, 283.59], [7.1718443172, 51.2431417796, 0.0], [7.1737596227, 51.2437104544, 0.0], [7.1740357838, 51.243746515, 0.0], [7.1744216989, 51.2437728435, 0.0], [7.1747245956, 51.2437784318, 0.0], [7.1750401044, 51.2437450592, 0.0], [7.1753824748, 51.2436812042, 0.0], [7.1756902595, 51.243608986, 0.0], [7.1759702228, 51.2435240937, 0.0], [7.1767198078, 51.2432445391, 0.0], [7.1769519584, 51.2431773929, 0.0], [7.1772462003, 51.2431140174, 0.0], [7.1774861852, 51.2430856149, 314.99]]}}, {"type": "Feature", "id": "https://registry.gdi-de.org/de.nw/radnetz/instances/Section_Wuppertal_1225168_884_left", "name": "", "dateprops": [], "properties": {"http://rdfs.org/ns/void#inDataset": ["https://registry.gdi-de.org/de.nw/radnetz/instances/exnw_dataset"], "http://www.opengis.net/ont/geosparql#hasGeometry": ["https://registry.gdi-de.org/de.nw/radnetz/instances/Section_Wuppertal_1225168_884_left_geometry"], "http://www.w3.org/1999/02/22-rdf-syntax-ns#type": ["https://registry.gdi-de.org/up3/ontology/Streckenabschnitt_optional"], "https://registry.gdi-de.org/up3/ontology/beginntBeiKnoten": ["https://registry.gdi-de.org/de.nw/radnetz/instances/Knoten_Wuppertal_110190203"], "https://registry.gdi-de.org/up3/ontology/endetBeiKnoten": ["https://registry.gdi-de.org/de.nw/radnetz/instances/Knoten_Wuppertal_5292"], "https://registry.gdi-de.org/up3/ontology/geometrieAbschnitt": ["https://registry.gdi-de.org/de.nw/radnetz/instances/Section_Wuppertal_1225168_884_left_geometry"], "https://registry.gdi-de.org/up3/ontology/licht": ["https://registry.gdi-de.org/codelist/de.bund.balm.radnetz/Licht/1"], "https://registry.gdi-de.org/up3/ontology/quell-ID": ["1225168"], "https://registry.gdi-de.org/up3/ontology/richtung": ["https://registry.gdi-de.org/codelist/de.bund.balm.radnetz/Richtung/3"], "https://registry.gdi-de.org/up3/ontology/steigung": ["2.748012"], "https://registry.gdi-de.org/up3/ontology/strecken-ID": ["Section_Wuppertal_1225168_884_left"]}, "geometry": {"type": "LineString", "coordinates": [[7.1476521332, 51.2554794159, 145.74], [7.1478654158, 51.2555083896, 0.0], [7.1485745326, 51.2555279468, 147.52]]}}, {"type": "Feature", "id": "https://registry.gdi-de.org/de.nw/radnetz/instances/Section_Wuppertal_1226789_629_left", "name": "", "dateprops": [], "properties": {"http://rdfs.org/ns/void#inDataset": ["https://registry.gdi-de.org/de.nw/radnetz/instances/exnw_dataset"], "http://www.opengis.net/ont/geosparql#hasGeometry": ["https://registry.gdi-de.org/de.nw/radnetz/instances/Section_Wuppertal_1226789_629_left_geometry"], "http://www.w3.org/1999/02/22-rdf-syntax-ns#type": ["https://registry.gdi-de.org/up3/ontology/Streckenabschnitt_optional"], "https://registry.gdi-de.org/up3/ontology/beginntBeiKnoten": ["https://registry.gdi-de.org/de.nw/radnetz/instances/Knoten_Wuppertal_115520102"], "https://registry.gdi-de.org/up3/ontology/endetBeiKnoten": ["https://registry.gdi-de.org/de.nw/radnetz/instances/Knoten_Wuppertal_8651"], "https://registry.gdi-de.org/up3/ontology/geometrieAbschnitt": ["https://registry.gdi-de.org/de.nw/radnetz/instances/Section_Wuppertal_1226789_629_left_geometry"], "https://registry.gdi-de.org/up3/ontology/licht": ["https://registry.gdi-de.org/codelist/de.bund.balm.radnetz/Licht/0"], "https://registry.gdi-de.org/up3/ontology/quell-ID": ["1226789"], "https://registry.gdi-de.org/up3/ontology/richtung": ["https://registry.gdi-de.org/codelist/de.bund.balm.radnetz/Richtung/3"], "https://registry.gdi-de.org/up3/ontology/steigung": ["5.671943"], "https://registry.gdi-de.org/up3/ontology/strecken-ID": ["Section_Wuppertal_1226789_629_left"]}, "geometry": {"type": "LineString", "coordinates": [[7.226638778, 51.2526942133, 198.4], [7.2260313601, 51.2519039043, 0.0], [7.2257121485, 51.2511334138, 0.0], [7.2256081601, 51.2505600793, 0.0], [7.2257357382, 51.2496189509, 0.0], [7.22630989, 51.2486900854, 0.0], [7.2267115278, 51.2476997814, 231.29]]}}], "numberMatched": 237, "numberReturned": 237, "bbox": [7.0382489519, 51.1939388161, 7.3073569459, 51.3067269089], "crs": "http://www.opengis.net/def/crs/EPSG/0/4326"}