{"type": "FeatureCollection", "id": "https://registry.gdi-de.org/de.nw/radnetz/instances/Knoten_collection", "name": "Knoten Instances Collection", "features": [{"type": "Feature", "id": "https://registry.gdi-de.org/de.nw/radnetz/instances/Knoten_Wuppertal_116460102", "name": " (ex-nw:Knoten_Wuppertal_116460102)", "dateprops": [], "properties": {"https://registry.gdi-de.org/up3/ontology/hoehe": "177.68", "https://registry.gdi-de.org/up3/ontology/knoten-ID": "116460102", "http://rdfs.org/ns/void#inDataset.value": "33321"}, "geometry": {"type": "Point", "coordinates": [7.2553339299, 51.2556506571, 177.68]}}, {"type": "Feature", "id": "https://registry.gdi-de.org/de.nw/radnetz/instances/Knoten_Wuppertal_60252", "name": " (ex-nw:Knoten_Wuppertal_60252)", "dateprops": [], "properties": {"https://registry.gdi-de.org/up3/ontology/hoehe": "181.05", "https://registry.gdi-de.org/up3/ontology/knoten-ID": "60252", "http://rdfs.org/ns/void#inDataset.value": "33321"}, "geometry": {"type": "Point", "coordinates": [7.1659073001, 51.268851762, 181.05]}}, {"type": "Feature", "id": "https://registry.gdi-de.org/de.nw/radnetz/instances/Knoten_Wuppertal_110990102", "name": " (ex-nw:Knoten_Wuppertal_110990102)", "dateprops": [], "properties": {"https://registry.gdi-de.org/up3/ontology/hoehe": "189.09", "https://registry.gdi-de.org/up3/ontology/knoten-ID": "110990102", "http://rdfs.org/ns/void#inDataset.value": "33321"}, "geometry": {"type": "Point", "coordinates": [7.2325174974, 51.2728025157, 189.09]}}, {"type": "Feature", "id": "https://registry.gdi-de.org/de.nw/radnetz/instances/Knoten_Wuppertal_113800102", "name": " (ex-nw:Knoten_Wuppertal_113800102)", "dateprops": [], "properties": {"https://registry.gdi-de.org/up3/ontology/hoehe": "140.45", "https://registry.gdi-de.org/up3/ontology/knoten-ID": "113800102", "http://rdfs.org/ns/void#inDataset.value": "33321"}, "geometry": {"type": "Point", "coordinates": [7.1293353291, 51.2516235175, 140.45]}}, {"type": "Feature", "id": "https://registry.gdi-de.org/de.nw/radnetz/instances/Knoten_Wuppertal_4412", "name": " (ex-nw:Knoten_Wuppertal_4412)", "dateprops": [], "properties": {"https://registry.gdi-de.org/up3/ontology/hoehe": "140.76", "https://registry.gdi-de.org/up3/ontology/knoten-ID": "4412", "http://rdfs.org/ns/void#inDataset.value": "33321"}, "geometry": {"type": "Point", "coordinates": [7.1321139129, 51.2529086009, 140.76]}}, {"type": "Feature", "id": "https://registry.gdi-de.org/de.nw/radnetz/instances/Knoten_Wuppertal_116420102", "name": " (ex-nw:Knoten_Wuppertal_116420102)", "dateprops": [], "properties": {"https://registry.gdi-de.org/up3/ontology/hoehe": "169.11", "https://registry.gdi-de.org/up3/ontology/knoten-ID": "116420102", "http://rdfs.org/ns/void#inDataset.value": "33321"}, "geometry": {"type": "Point", "coordinates": [7.236263374, 51.2629652973, 169.11]}}, {"type": "Feature", "id": "https://registry.gdi-de.org/de.nw/radnetz/instances/Knoten_Wuppertal_5119", "name": " (ex-nw:Knoten_Wuppertal_5119)", "dateprops": [], "properties": {"https://registry.gdi-de.org/up3/ontology/hoehe": "157.14", "https://registry.gdi-de.org/up3/ontology/knoten-ID": "5119", "http://rdfs.org/ns/void#inDataset.value": "33321"}, "geometry": {"type": "Point", "coordinates": [7.1454799588, 51.2648841912, 157.14]}}, {"type": "Feature", "id": "https://registry.gdi-de.org/de.nw/radnetz/instances/Knoten_Wuppertal_1189691141", "name": " (ex-nw:Knoten_Wuppertal_1189691141)", "dateprops": [], "properties": {"https://registry.gdi-de.org/up3/ontology/hoehe": "138.66", "https://registry.gdi-de.org/up3/ontology/knoten-ID": "1189691141", "http://rdfs.org/ns/void#inDataset.value": "33321"}, "geometry": {"type": "Point", "coordinates": [7.1185396671, 51.2491916342, 138.66]}}, {"type": "Feature", "id": "https://registry.gdi-de.org/de.nw/radnetz/instances/Knoten_Wuppertal_2701", "name": " (ex-nw:Knoten_Wuppertal_2701)", "dateprops": [], "properties": {"https://registry.gdi-de.org/up3/ontology/hoehe": "183.78", "https://registry.gdi-de.org/up3/ontology/knoten-ID": "2701", "http://rdfs.org/ns/void#inDataset.value": "33321"}, "geometry": {"type": "Point", "coordinates": [7.0731722225, 51.2665670704, 183.78]}}, {"type": "Feature", "id": "https://registry.gdi-de.org/de.nw/radnetz/instances/Knoten_Wuppertal_8755", "name": " (ex-nw:Knoten_Wuppertal_8755)", "dateprops": [], "properties": {"https://registry.gdi-de.org/up3/ontology/hoehe": "167.31", "https://registry.gdi-de.org/up3/ontology/knoten-ID": "8755", "http://rdfs.org/ns/void#inDataset.value": "33321"}, "geometry": {"type": "Point", "coordinates": [7.2297372784, 51.2758330845, 167.31]}}, {"type": "Feature", "id": "https://registry.gdi-de.org/de.nw/radnetz/instances/Knoten_Wuppertal_60274", "name": " (ex-nw:Knoten_Wuppertal_60274)", "dateprops": [], "properties": {"https://registry.gdi-de.org/up3/ontology/hoehe": "188.93", "https://registry.gdi-de.org/up3/ontology/knoten-ID": "60274", "http://rdfs.org/ns/void#inDataset.value": "33321"}, "geometry": {"type": "Point", "coordinates": [7.2238323947, 51.2808915522, 188.93]}}, {"type": "Feature", "id": "https://registry.gdi-de.org/de.nw/radnetz/instances/Knoten_Wuppertal_111550102", "name": " (ex-nw:Knoten_Wuppertal_111550102)", "dateprops": [], "properties": {"https://registry.gdi-de.org/up3/ontology/hoehe": "279.8", "https://registry.gdi-de.org/up3/ontology/knoten-ID": "111550102", "http://rdfs.org/ns/void#inDataset.value": "33321"}, "geometry": {"type": "Point", "coordinates": [7.1816463133, 51.2900215616, 279.8]}}, {"type": "Feature", "id": "https://registry.gdi-de.org/de.nw/radnetz/instances/Knoten_Wuppertal_1189690457", "name": " (ex-nw:Knoten_Wuppertal_1189690457)", "dateprops": [], "properties": {"https://registry.gdi-de.org/up3/ontology/hoehe": "207.79", "https://registry.gdi-de.org/up3/ontology/knoten-ID": "1189690457", "http://rdfs.org/ns/void#inDataset.value": "33321"}, "geometry": {"type": "Point", "coordinates": [7.1707955164, 51.2812866456, 207.79]}}, {"type": "Feature", "id": "https://registry.gdi-de.org/de.nw/radnetz/instances/Knoten_Wuppertal_60271", "name": " (ex-nw:Knoten_Wuppertal_60271)", "dateprops": [], "properties": {"https://registry.gdi-de.org/up3/ontology/hoehe": "188.64", "https://registry.gdi-de.org/up3/ontology/knoten-ID": "60271", "http://rdfs.org/ns/void#inDataset.value": "33321"}, "geometry": {"type": "Point", "coordinates": [7.2206523397, 51.2784091058, 188.64]}}, {"type": "Feature", "id": "https://registry.gdi-de.org/de.nw/radnetz/instances/Knoten_Wuppertal_116890102", "name": " (ex-nw:Knoten_Wuppertal_116890102)", "dateprops": [], "properties": {"https://registry.gdi-de.org/up3/ontology/hoehe": "201.6", "https://registry.gdi-de.org/up3/ontology/knoten-ID": "116890102", "http://rdfs.org/ns/void#inDataset.value": "33321"}, "geometry": {"type": "Point", "coordinates": [7.2471012804, 51.2753741371, 201.6]}}, {"type": "Feature", "id": "https://registry.gdi-de.org/de.nw/radnetz/instances/Knoten_Wuppertal_60176", "name": " (ex-nw:Knoten_Wuppertal_60176)", "dateprops": [], "properties": {"https://registry.gdi-de.org/up3/ontology/hoehe": "189.66", "https://registry.gdi-de.org/up3/ontology/knoten-ID": "60176", "http://rdfs.org/ns/void#inDataset.value": "33321"}, "geometry": {"type": "Point", "coordinates": [7.0755450969, 51.2534177505, 189.66]}}, {"type": "Feature", "id": "https://registry.gdi-de.org/de.nw/radnetz/instances/Knoten_Wuppertal_2438", "name": " (ex-nw:Knoten_Wuppertal_2438)", "dateprops": [], "properties": {"https://registry.gdi-de.org/up3/ontology/hoehe": "201.1", "https://registry.gdi-de.org/up3/ontology/knoten-ID": "2438", "http://rdfs.org/ns/void#inDataset.value": "33321"}, "geometry": {"type": "Point", "coordinates": [7.0648245905, 51.2255891953, 201.1]}}, {"type": "Feature", "id": "https://registry.gdi-de.org/de.nw/radnetz/instances/Knoten_Wuppertal_6386", "name": " (ex-nw:Knoten_Wuppertal_6386)", "dateprops": [], "properties": {"https://registry.gdi-de.org/up3/ontology/hoehe": "150.25", "https://registry.gdi-de.org/up3/ontology/knoten-ID": "6386", "http://rdfs.org/ns/void#inDataset.value": "33321"}, "geometry": {"type": "Point", "coordinates": [7.1731410061, 51.263138363, 150.25]}}, {"type": "Feature", "id": "https://registry.gdi-de.org/de.nw/radnetz/instances/Knoten_Wuppertal_1189690547", "name": " (ex-nw:Knoten_Wuppertal_1189690547)", "dateprops": [], "properties": {"https://registry.gdi-de.org/up3/ontology/hoehe": "151.42", "https://registry.gdi-de.org/up3/ontology/knoten-ID": "1189690547", "http://rdfs.org/ns/void#inDataset.value": "33321"}, "geometry": {"type": "Point", "coordinates": [7.0903698742, 51.2449157743, 151.42]}}, {"type": "Feature", "id": "https://registry.gdi-de.org/de.nw/radnetz/instances/Knoten_Wuppertal_99999912", "name": " (ex-nw:Knoten_Wuppertal_99999912)", "dateprops": [], "properties": {"https://registry.gdi-de.org/up3/ontology/hoehe": "174.6", "https://registry.gdi-de.org/up3/ontology/knoten-ID": "99999912", "http://rdfs.org/ns/void#inDataset.value": "33321"}, "geometry": {"type": "Point", "coordinates": [7.0801561298, 51.2377935526, 174.6]}}, {"type": "Feature", "id": "https://registry.gdi-de.org/de.nw/radnetz/instances/Knoten_Wuppertal_119610301", "name": " (ex-nw:Knoten_Wuppertal_119610301)", "dateprops": [], "properties": {"https://registry.gdi-de.org/up3/ontology/hoehe": "139.85", "https://registry.gdi-de.org/up3/ontology/knoten-ID": "119610301", "http://rdfs.org/ns/void#inDataset.value": "33321"}, "geometry": {"type": "Point", "coordinates": [7.1051006312, 51.2466573658, 139.85]}}, {"type": "Feature", "id": "https://registry.gdi-de.org/de.nw/radnetz/instances/Knoten_Wuppertal_115570102", "name": " (ex-nw:Knoten_Wuppertal_115570102)", "dateprops": [], "properties": {"https://registry.gdi-de.org/up3/ontology/hoehe": "299.9", "https://registry.gdi-de.org/up3/ontology/knoten-ID": "115570102", "http://rdfs.org/ns/void#inDataset.value": "33321"}, "geometry": {"type": "Point", "coordinates": [7.2353549208, 51.2308132463, 299.9]}}, {"type": "Feature", "id": "https://registry.gdi-de.org/de.nw/radnetz/instances/Knoten_Wuppertal_3938", "name": " (ex-nw:Knoten_Wuppertal_3938)", "dateprops": [], "properties": {"https://registry.gdi-de.org/up3/ontology/hoehe": "245.25", "https://registry.gdi-de.org/up3/ontology/knoten-ID": "3938", "http://rdfs.org/ns/void#inDataset.value": "33321"}, "geometry": {"type": "Point", "coordinates": [7.1226371543, 51.2772338925, 245.25]}}, {"type": "Feature", "id": "https://registry.gdi-de.org/de.nw/radnetz/instances/Knoten_Wuppertal_3357", "name": " (ex-nw:Knoten_Wuppertal_3357)", "dateprops": [], "properties": {"https://registry.gdi-de.org/up3/ontology/hoehe": "162.43", "https://registry.gdi-de.org/up3/ontology/knoten-ID": "3357", "http://rdfs.org/ns/void#inDataset.value": "33321"}, "geometry": {"type": "Point", "coordinates": [7.1059724914, 51.255502084, 162.43]}}, {"type": "Feature", "id": "https://registry.gdi-de.org/de.nw/radnetz/instances/Knoten_Wuppertal_60237", "name": " (ex-nw:Knoten_Wuppertal_60237)", "dateprops": [], "properties": {"https://registry.gdi-de.org/up3/ontology/hoehe": "176.98", "https://registry.gdi-de.org/up3/ontology/knoten-ID": "60237", "http://rdfs.org/ns/void#inDataset.value": "33321"}, "geometry": {"type": "Point", "coordinates": [7.1341561015, 51.2657623436, 176.98]}}, {"type": "Feature", "id": "https://registry.gdi-de.org/de.nw/radnetz/instances/Knoten_Wuppertal_4341", "name": " (ex-nw:Knoten_Wuppertal_4341)", "dateprops": [], "properties": {"https://registry.gdi-de.org/up3/ontology/hoehe": "243.78", "https://registry.gdi-de.org/up3/ontology/knoten-ID": "4341", "http://rdfs.org/ns/void#inDataset.value": "33321"}, "geometry": {"type": "Point", "coordinates": [7.1302414613, 51.2705720112, 243.78]}}, {"type": "Feature", "id": "https://registry.gdi-de.org/de.nw/radnetz/instances/Knoten_Wuppertal_6682", "name": " (ex-nw:Knoten_Wuppertal_6682)", "dateprops": [], "properties": {"https://registry.gdi-de.org/up3/ontology/hoehe": "264.45", "https://registry.gdi-de.org/up3/ontology/knoten-ID": "6682", "http://rdfs.org/ns/void#inDataset.value": "33321"}, "geometry": {"type": "Point", "coordinates": [7.1812077999, 51.2870512026, 264.45]}}, {"type": "Feature", "id": "https://registry.gdi-de.org/de.nw/radnetz/instances/Knoten_Wuppertal_5261", "name": " (ex-nw:Knoten_Wuppertal_5261)", "dateprops": [], "properties": {"https://registry.gdi-de.org/up3/ontology/hoehe": "143.54", "https://registry.gdi-de.org/up3/ontology/knoten-ID": "5261", "http://rdfs.org/ns/void#inDataset.value": "33321"}, "geometry": {"type": "Point", "coordinates": [7.1480038095, 51.2568676512, 143.54]}}, {"type": "Feature", "id": "https://registry.gdi-de.org/de.nw/radnetz/instances/Knoten_Wuppertal_114140201", "name": " (ex-nw:Knoten_Wuppertal_114140201)", "dateprops": [], "properties": {"https://registry.gdi-de.org/up3/ontology/hoehe": "328.05", "https://registry.gdi-de.org/up3/ontology/knoten-ID": "114140201", "http://rdfs.org/ns/void#inDataset.value": "33321"}, "geometry": {"type": "Point", "coordinates": [7.1494867828, 51.2261836387, 328.05]}}, {"type": "Feature", "id": "https://registry.gdi-de.org/de.nw/radnetz/instances/Knoten_Wuppertal_2606", "name": " (ex-nw:Knoten_Wuppertal_2606)", "dateprops": [], "properties": {"https://registry.gdi-de.org/up3/ontology/hoehe": "202.98", "https://registry.gdi-de.org/up3/ontology/knoten-ID": "2606", "http://rdfs.org/ns/void#inDataset.value": "33321"}, "geometry": {"type": "Point", "coordinates": [7.0707802565, 51.2434903692, 202.98]}}, {"type": "Feature", "id": "https://registry.gdi-de.org/de.nw/radnetz/instances/Knoten_Wuppertal_60244", "name": " (ex-nw:Knoten_Wuppertal_60244)", "dateprops": [], "properties": {"https://registry.gdi-de.org/up3/ontology/hoehe": "178.55", "https://registry.gdi-de.org/up3/ontology/knoten-ID": "60244", "http://rdfs.org/ns/void#inDataset.value": "33321"}, "geometry": {"type": "Point", "coordinates": [7.155541097, 51.2675653349, 178.55]}}, {"type": "Feature", "id": "https://registry.gdi-de.org/de.nw/radnetz/instances/Knoten_Wuppertal_2927", "name": " (ex-nw:Knoten_Wuppertal_2927)", "dateprops": [], "properties": {"https://registry.gdi-de.org/up3/ontology/hoehe": "155.59", "https://registry.gdi-de.org/up3/ontology/knoten-ID": "2927", "http://rdfs.org/ns/void#inDataset.value": "33321"}, "geometry": {"type": "Point", "coordinates": [7.0862042043, 51.2467821136, 155.59]}}, {"type": "Feature", "id": "https://registry.gdi-de.org/de.nw/radnetz/instances/Knoten_Wuppertal_115620102", "name": " (ex-nw:Knoten_Wuppertal_115620102)", "dateprops": [], "properties": {"https://registry.gdi-de.org/up3/ontology/hoehe": "335.25", "https://registry.gdi-de.org/up3/ontology/knoten-ID": "115620102", "http://rdfs.org/ns/void#inDataset.value": "33321"}, "geometry": {"type": "Point", "coordinates": [7.2055729693, 51.2371752936, 335.25]}}, {"type": "Feature", "id": "https://registry.gdi-de.org/de.nw/radnetz/instances/Knoten_Wuppertal_9086", "name": " (ex-nw:Knoten_Wuppertal_9086)", "dateprops": [], "properties": {"https://registry.gdi-de.org/up3/ontology/hoehe": "296.7", "https://registry.gdi-de.org/up3/ontology/knoten-ID": "9086", "http://rdfs.org/ns/void#inDataset.value": "33321"}, "geometry": {"type": "Point", "coordinates": [7.2427290493, 51.2230670595, 296.7]}}, {"type": "Feature", "id": "https://registry.gdi-de.org/de.nw/radnetz/instances/Knoten_Wuppertal_3660", "name": " (ex-nw:Knoten_Wuppertal_3660)", "dateprops": [], "properties": {"https://registry.gdi-de.org/up3/ontology/hoehe": "268.65", "https://registry.gdi-de.org/up3/ontology/knoten-ID": "3660", "http://rdfs.org/ns/void#inDataset.value": "33321"}, "geometry": {"type": "Point", "coordinates": [7.1146938903, 51.2835927279, 268.65]}}, {"type": "Feature", "id": "https://registry.gdi-de.org/de.nw/radnetz/instances/Knoten_Wuppertal_1189691194", "name": " (ex-nw:Knoten_Wuppertal_1189691194)", "dateprops": [], "properties": {"https://registry.gdi-de.org/up3/ontology/hoehe": "193.21", "https://registry.gdi-de.org/up3/ontology/knoten-ID": "1189691194", "http://rdfs.org/ns/void#inDataset.value": "33321"}, "geometry": {"type": "Point", "coordinates": [7.1585325643, 51.2522630857, 193.21]}}, {"type": "Feature", "id": "https://registry.gdi-de.org/de.nw/radnetz/instances/Knoten_Wuppertal_1189691369", "name": " (ex-nw:Knoten_Wuppertal_1189691369)", "dateprops": [], "properties": {"https://registry.gdi-de.org/up3/ontology/hoehe": "231.0", "https://registry.gdi-de.org/up3/ontology/knoten-ID": "1189691369", "http://rdfs.org/ns/void#inDataset.value": "33321"}, "geometry": {"type": "Point", "coordinates": [7.2387880683, 51.2954361129, 231.0]}}, {"type": "Feature", "id": "https://registry.gdi-de.org/de.nw/radnetz/instances/Knoten_Wuppertal_113260101", "name": " (ex-nw:Knoten_Wuppertal_113260101)", "dateprops": [], "properties": {"https://registry.gdi-de.org/up3/ontology/hoehe": "198.57", "https://registry.gdi-de.org/up3/ontology/knoten-ID": "113260101", "http://rdfs.org/ns/void#inDataset.value": "33321"}, "geometry": {"type": "Point", "coordinates": [7.0844584805, 51.2562373558, 198.57]}}, {"type": "Feature", "id": "https://registry.gdi-de.org/de.nw/radnetz/instances/Knoten_Wuppertal_8759", "name": " (ex-nw:Knoten_Wuppertal_8759)", "dateprops": [], "properties": {"https://registry.gdi-de.org/up3/ontology/hoehe": "176.23", "https://registry.gdi-de.org/up3/ontology/knoten-ID": "8759", "http://rdfs.org/ns/void#inDataset.value": "33321"}, "geometry": {"type": "Point", "coordinates": [7.2306793006, 51.2569589251, 176.23]}}, {"type": "Feature", "id": "https://registry.gdi-de.org/de.nw/radnetz/instances/Knoten_Wuppertal_60298", "name": " (ex-nw:Knoten_Wuppertal_60298)", "dateprops": [], "properties": {"https://registry.gdi-de.org/up3/ontology/hoehe": "250.0", "https://registry.gdi-de.org/up3/ontology/knoten-ID": "60298", "http://rdfs.org/ns/void#inDataset.value": "33321"}, "geometry": {"type": "Point", "coordinates": [7.2387301728, 51.3132630895, 250.0]}}, {"type": "Feature", "id": "https://registry.gdi-de.org/de.nw/radnetz/instances/Knoten_Wuppertal_4345", "name": " (ex-nw:Knoten_Wuppertal_4345)", "dateprops": [], "properties": {"https://registry.gdi-de.org/up3/ontology/hoehe": "239.44", "https://registry.gdi-de.org/up3/ontology/knoten-ID": "4345", "http://rdfs.org/ns/void#inDataset.value": "33321"}, "geometry": {"type": "Point", "coordinates": [7.1303203612, 51.2699049552, 239.44]}}, {"type": "Feature", "id": "https://registry.gdi-de.org/de.nw/radnetz/instances/Knoten_Wuppertal_7447", "name": " (ex-nw:Knoten_Wuppertal_7447)", "dateprops": [], "properties": {"https://registry.gdi-de.org/up3/ontology/hoehe": "342.5", "https://registry.gdi-de.org/up3/ontology/knoten-ID": "7447", "http://rdfs.org/ns/void#inDataset.value": "33321"}, "geometry": {"type": "Point", "coordinates": [7.1992059806, 51.2374731159, 342.5]}}, {"type": "Feature", "id": "https://registry.gdi-de.org/de.nw/radnetz/instances/Knoten_Wuppertal_112780102", "name": " (ex-nw:Knoten_Wuppertal_112780102)", "dateprops": [], "properties": {"https://registry.gdi-de.org/up3/ontology/hoehe": "258.92", "https://registry.gdi-de.org/up3/ontology/knoten-ID": "112780102", "http://rdfs.org/ns/void#inDataset.value": "33321"}, "geometry": {"type": "Point", "coordinates": [7.1309148567, 51.2738014639, 258.92]}}, {"type": "Feature", "id": "https://registry.gdi-de.org/de.nw/radnetz/instances/Knoten_Wuppertal_1189691210", "name": " (ex-nw:Knoten_Wuppertal_1189691210)", "dateprops": [], "properties": {"https://registry.gdi-de.org/up3/ontology/hoehe": "204.21", "https://registry.gdi-de.org/up3/ontology/knoten-ID": "1189691210", "http://rdfs.org/ns/void#inDataset.value": "33321"}, "geometry": {"type": "Point", "coordinates": [7.168731901, 51.2804144191, 204.21]}}, {"type": "Feature", "id": "https://registry.gdi-de.org/de.nw/radnetz/instances/Knoten_Wuppertal_9500", "name": " (ex-nw:Knoten_Wuppertal_9500)", "dateprops": [], "properties": {"https://registry.gdi-de.org/up3/ontology/hoehe": "181.25", "https://registry.gdi-de.org/up3/ontology/knoten-ID": "9500", "http://rdfs.org/ns/void#inDataset.value": "33321"}, "geometry": {"type": "Point", "coordinates": [7.2573887427, 51.2832620162, 181.25]}}, {"type": "Feature", "id": "https://registry.gdi-de.org/de.nw/radnetz/instances/Knoten_Wuppertal_115050101", "name": " (ex-nw:Knoten_Wuppertal_115050101)", "dateprops": [], "properties": {"https://registry.gdi-de.org/up3/ontology/hoehe": "346.08", "https://registry.gdi-de.org/up3/ontology/knoten-ID": "115050101", "http://rdfs.org/ns/void#inDataset.value": "33321"}, "geometry": {"type": "Point", "coordinates": [7.19490098, 51.2367115179, 346.08]}}, {"type": "Feature", "id": "https://registry.gdi-de.org/de.nw/radnetz/instances/Knoten_Wuppertal_60299", "name": " (ex-nw:Knoten_Wuppertal_60299)", "dateprops": [], "properties": {"https://registry.gdi-de.org/up3/ontology/hoehe": "187.41", "https://registry.gdi-de.org/up3/ontology/knoten-ID": "60299", "http://rdfs.org/ns/void#inDataset.value": "33321"}, "geometry": {"type": "Point", "coordinates": [7.1122844308, 51.2456080202, 187.41]}}, {"type": "Feature", "id": "https://registry.gdi-de.org/de.nw/radnetz/instances/Knoten_Wuppertal_8055", "name": " (ex-nw:Knoten_Wuppertal_8055)", "dateprops": [], "properties": {"https://registry.gdi-de.org/up3/ontology/hoehe": "157.1", "https://registry.gdi-de.org/up3/ontology/knoten-ID": "8055", "http://rdfs.org/ns/void#inDataset.value": "33321"}, "geometry": {"type": "Point", "coordinates": [7.2111047932, 51.2742134322, 157.1]}}, {"type": "Feature", "id": "https://registry.gdi-de.org/de.nw/radnetz/instances/Knoten_Wuppertal_7692", "name": " (ex-nw:Knoten_Wuppertal_7692)", "dateprops": [], "properties": {"https://registry.gdi-de.org/up3/ontology/hoehe": "166.78", "https://registry.gdi-de.org/up3/ontology/knoten-ID": "7692", "http://rdfs.org/ns/void#inDataset.value": "33321"}, "geometry": {"type": "Point", "coordinates": [7.2027042531, 51.2765193982, 166.78]}}, {"type": "Feature", "id": "https://registry.gdi-de.org/de.nw/radnetz/instances/Knoten_Wuppertal_113070204", "name": " (ex-nw:Knoten_Wuppertal_113070204)", "dateprops": [], "properties": {"https://registry.gdi-de.org/up3/ontology/hoehe": "137.86", "https://registry.gdi-de.org/up3/ontology/knoten-ID": "113070204", "http://rdfs.org/ns/void#inDataset.value": "33321"}, "geometry": {"type": "Point", "coordinates": [7.1029402311, 51.2410690648, 137.86]}}, {"type": "Feature", "id": "https://registry.gdi-de.org/de.nw/radnetz/instances/Knoten_Wuppertal_6277", "name": " (ex-nw:Knoten_Wuppertal_6277)", "dateprops": [], "properties": {"https://registry.gdi-de.org/up3/ontology/hoehe": "149.19", "https://registry.gdi-de.org/up3/ontology/knoten-ID": "6277", "http://rdfs.org/ns/void#inDataset.value": "33321"}, "geometry": {"type": "Point", "coordinates": [7.1695049334, 51.2621321051, 149.19]}}, {"type": "Feature", "id": "https://registry.gdi-de.org/de.nw/radnetz/instances/Knoten_Wuppertal_3501", "name": " (ex-nw:Knoten_Wuppertal_3501)", "dateprops": [], "properties": {"https://registry.gdi-de.org/up3/ontology/hoehe": "253.4", "https://registry.gdi-de.org/up3/ontology/knoten-ID": "3501", "http://rdfs.org/ns/void#inDataset.value": "33321"}, "geometry": {"type": "Point", "coordinates": [7.1096027653, 51.2880774434, 253.4]}}, {"type": "Feature", "id": "https://registry.gdi-de.org/de.nw/radnetz/instances/Knoten_Wuppertal_8077", "name": " (ex-nw:Knoten_Wuppertal_8077)", "dateprops": [], "properties": {"https://registry.gdi-de.org/up3/ontology/hoehe": "157.31", "https://registry.gdi-de.org/up3/ontology/knoten-ID": "8077", "http://rdfs.org/ns/void#inDataset.value": "33321"}, "geometry": {"type": "Point", "coordinates": [7.2114240781, 51.2742409595, 157.31]}}, {"type": "Feature", "id": "https://registry.gdi-de.org/de.nw/radnetz/instances/Knoten_Wuppertal_9128", "name": " (ex-nw:Knoten_Wuppertal_9128)", "dateprops": [], "properties": {"https://registry.gdi-de.org/up3/ontology/hoehe": "259.76", "https://registry.gdi-de.org/up3/ontology/knoten-ID": "9128", "http://rdfs.org/ns/void#inDataset.value": "33321"}, "geometry": {"type": "Point", "coordinates": [7.2438039954, 51.2289380857, 259.76]}}, {"type": "Feature", "id": "https://registry.gdi-de.org/de.nw/radnetz/instances/Knoten_Wuppertal_2544", "name": " (ex-nw:Knoten_Wuppertal_2544)", "dateprops": [], "properties": {"https://registry.gdi-de.org/up3/ontology/hoehe": "198.56", "https://registry.gdi-de.org/up3/ontology/knoten-ID": "2544", "http://rdfs.org/ns/void#inDataset.value": "33321"}, "geometry": {"type": "Point", "coordinates": [7.0695182387, 51.2265798333, 198.56]}}, {"type": "Feature", "id": "https://registry.gdi-de.org/de.nw/radnetz/instances/Knoten_Wuppertal_4246", "name": " (ex-nw:Knoten_Wuppertal_4246)", "dateprops": [], "properties": {"https://registry.gdi-de.org/up3/ontology/hoehe": "279.13", "https://registry.gdi-de.org/up3/ontology/knoten-ID": "4246", "http://rdfs.org/ns/void#inDataset.value": "33321"}, "geometry": {"type": "Point", "coordinates": [7.1313464722, 51.2028947051, 279.13]}}, {"type": "Feature", "id": "https://registry.gdi-de.org/de.nw/radnetz/instances/Knoten_Wuppertal_60308", "name": " (ex-nw:Knoten_Wuppertal_60308)", "dateprops": [], "properties": {"https://registry.gdi-de.org/up3/ontology/hoehe": "239.75", "https://registry.gdi-de.org/up3/ontology/knoten-ID": "60308", "http://rdfs.org/ns/void#inDataset.value": "33321"}, "geometry": {"type": "Point", "coordinates": [7.1182388797, 51.2345780345, 239.75]}}, {"type": "Feature", "id": "https://registry.gdi-de.org/de.nw/radnetz/instances/Knoten_Wuppertal_3252", "name": " (ex-nw:Knoten_Wuppertal_3252)", "dateprops": [], "properties": {"https://registry.gdi-de.org/up3/ontology/hoehe": "139.73", "https://registry.gdi-de.org/up3/ontology/knoten-ID": "3252", "http://rdfs.org/ns/void#inDataset.value": "33321"}, "geometry": {"type": "Point", "coordinates": [7.1024484265, 51.2376442899, 139.73]}}, {"type": "Feature", "id": "https://registry.gdi-de.org/de.nw/radnetz/instances/Knoten_Wuppertal_60256", "name": " (ex-nw:Knoten_Wuppertal_60256)", "dateprops": [], "properties": {"https://registry.gdi-de.org/up3/ontology/hoehe": "181.15", "https://registry.gdi-de.org/up3/ontology/knoten-ID": "60256", "http://rdfs.org/ns/void#inDataset.value": "33321"}, "geometry": {"type": "Point", "coordinates": [7.1828759779, 51.270946887, 181.15]}}, {"type": "Feature", "id": "https://registry.gdi-de.org/de.nw/radnetz/instances/Knoten_Wuppertal_112340102", "name": " (ex-nw:Knoten_Wuppertal_112340102)", "dateprops": [], "properties": {"https://registry.gdi-de.org/up3/ontology/hoehe": "248.5", "https://registry.gdi-de.org/up3/ontology/knoten-ID": "112340102", "http://rdfs.org/ns/void#inDataset.value": "33321"}, "geometry": {"type": "Point", "coordinates": [7.1640497747, 51.2452799983, 248.5]}}, {"type": "Feature", "id": "https://registry.gdi-de.org/de.nw/radnetz/instances/Knoten_Wuppertal_7801", "name": " (ex-nw:Knoten_Wuppertal_7801)", "dateprops": [], "properties": {"https://registry.gdi-de.org/up3/ontology/hoehe": "155.36", "https://registry.gdi-de.org/up3/ontology/knoten-ID": "7801", "http://rdfs.org/ns/void#inDataset.value": "33321"}, "geometry": {"type": "Point", "coordinates": [7.2054450535, 51.2736222865, 155.36]}}, {"type": "Feature", "id": "https://registry.gdi-de.org/de.nw/radnetz/instances/Knoten_Wuppertal_1189691313", "name": " (ex-nw:Knoten_Wuppertal_1189691313)", "dateprops": [], "properties": {"https://registry.gdi-de.org/up3/ontology/hoehe": "188.5", "https://registry.gdi-de.org/up3/ontology/knoten-ID": "1189691313", "http://rdfs.org/ns/void#inDataset.value": "33321"}, "geometry": {"type": "Point", "coordinates": [7.1120998023, 51.2450282932, 188.5]}}, {"type": "Feature", "id": "https://registry.gdi-de.org/de.nw/radnetz/instances/Knoten_Wuppertal_4548", "name": " (ex-nw:Knoten_Wuppertal_4548)", "dateprops": [], "properties": {"https://registry.gdi-de.org/up3/ontology/hoehe": "297.99", "https://registry.gdi-de.org/up3/ontology/knoten-ID": "4548", "http://rdfs.org/ns/void#inDataset.value": "33321"}, "geometry": {"type": "Point", "coordinates": [7.1366432944, 51.206608697, 297.99]}}, {"type": "Feature", "id": "https://registry.gdi-de.org/de.nw/radnetz/instances/Knoten_Wuppertal_1189690456", "name": " (ex-nw:Knoten_Wuppertal_1189690456)", "dateprops": [], "properties": {"https://registry.gdi-de.org/up3/ontology/hoehe": "200.2", "https://registry.gdi-de.org/up3/ontology/knoten-ID": "1189690456", "http://rdfs.org/ns/void#inDataset.value": "33321"}, "geometry": {"type": "Point", "coordinates": [7.1645071823, 51.277527213, 200.2]}}, {"type": "Feature", "id": "https://registry.gdi-de.org/de.nw/radnetz/instances/Knoten_Wuppertal_113420101", "name": " (ex-nw:Knoten_Wuppertal_113420101)", "dateprops": [], "properties": {"https://registry.gdi-de.org/up3/ontology/hoehe": "154.36", "https://registry.gdi-de.org/up3/ontology/knoten-ID": "113420101", "http://rdfs.org/ns/void#inDataset.value": "33321"}, "geometry": {"type": "Point", "coordinates": [7.0836517764, 51.2331201428, 154.36]}}, {"type": "Feature", "id": "https://registry.gdi-de.org/de.nw/radnetz/instances/Knoten_Wuppertal_3312", "name": " (ex-nw:Knoten_Wuppertal_3312)", "dateprops": [], "properties": {"https://registry.gdi-de.org/up3/ontology/hoehe": "156.48", "https://registry.gdi-de.org/up3/ontology/knoten-ID": "3312", "http://rdfs.org/ns/void#inDataset.value": "33321"}, "geometry": {"type": "Point", "coordinates": [7.1044024698, 51.2531555929, 156.48]}}, {"type": "Feature", "id": "https://registry.gdi-de.org/de.nw/radnetz/instances/Knoten_Wuppertal_60278", "name": " (ex-nw:Knoten_Wuppertal_60278)", "dateprops": [], "properties": {"https://registry.gdi-de.org/up3/ontology/hoehe": "188.68", "https://registry.gdi-de.org/up3/ontology/knoten-ID": "60278", "http://rdfs.org/ns/void#inDataset.value": "33321"}, "geometry": {"type": "Point", "coordinates": [7.2237091524, 51.2795928757, 188.68]}}, {"type": "Feature", "id": "https://registry.gdi-de.org/de.nw/radnetz/instances/Knoten_Wuppertal_8350", "name": " (ex-nw:Knoten_Wuppertal_8350)", "dateprops": [], "properties": {"https://registry.gdi-de.org/up3/ontology/hoehe": "160.98", "https://registry.gdi-de.org/up3/ontology/knoten-ID": "8350", "http://rdfs.org/ns/void#inDataset.value": "33321"}, "geometry": {"type": "Point", "coordinates": [7.2178074186, 51.2757214571, 160.98]}}, {"type": "Feature", "id": "https://registry.gdi-de.org/de.nw/radnetz/instances/Knoten_Wuppertal_60085", "name": " (ex-nw:Knoten_Wuppertal_60085)", "dateprops": [], "properties": {"https://registry.gdi-de.org/up3/ontology/hoehe": "328.5", "https://registry.gdi-de.org/up3/ontology/knoten-ID": "60085", "http://rdfs.org/ns/void#inDataset.value": "33321"}, "geometry": {"type": "Point", "coordinates": [7.1784718655, 51.242476339, 328.5]}}, {"type": "Feature", "id": "https://registry.gdi-de.org/de.nw/radnetz/instances/Knoten_Wuppertal_114080101", "name": " (ex-nw:Knoten_Wuppertal_114080101)", "dateprops": [], "properties": {"https://registry.gdi-de.org/up3/ontology/hoehe": "334.12", "https://registry.gdi-de.org/up3/ontology/knoten-ID": "114080101", "http://rdfs.org/ns/void#inDataset.value": "33321"}, "geometry": {"type": "Point", "coordinates": [7.1503473616, 51.228203321, 334.12]}}, {"type": "Feature", "id": "https://registry.gdi-de.org/de.nw/radnetz/instances/Knoten_Wuppertal_5788", "name": " (ex-nw:Knoten_Wuppertal_5788)", "dateprops": [], "properties": {"https://registry.gdi-de.org/up3/ontology/hoehe": "145.82", "https://registry.gdi-de.org/up3/ontology/knoten-ID": "5788", "http://rdfs.org/ns/void#inDataset.value": "33321"}, "geometry": {"type": "Point", "coordinates": [7.1573417144, 51.257578937, 145.82]}}, {"type": "Feature", "id": "https://registry.gdi-de.org/de.nw/radnetz/instances/Knoten_Wuppertal_1189691314", "name": " (ex-nw:Knoten_Wuppertal_1189691314)", "dateprops": [], "properties": {"https://registry.gdi-de.org/up3/ontology/hoehe": "241.53", "https://registry.gdi-de.org/up3/ontology/knoten-ID": "1189691314", "http://rdfs.org/ns/void#inDataset.value": "33321"}, "geometry": {"type": "Point", "coordinates": [7.237466168, 51.3172081542, 241.53]}}, {"type": "Feature", "id": "https://registry.gdi-de.org/de.nw/radnetz/instances/Knoten_Wuppertal_4662", "name": " (ex-nw:Knoten_Wuppertal_4662)", "dateprops": [], "properties": {"https://registry.gdi-de.org/up3/ontology/hoehe": "298.2", "https://registry.gdi-de.org/up3/ontology/knoten-ID": "4662", "http://rdfs.org/ns/void#inDataset.value": "33321"}, "geometry": {"type": "Point", "coordinates": [7.1395492266, 51.2104645175, 298.2]}}, {"type": "Feature", "id": "https://registry.gdi-de.org/de.nw/radnetz/instances/Knoten_Wuppertal_110670102", "name": " (ex-nw:Knoten_Wuppertal_110670102)", "dateprops": [], "properties": {"https://registry.gdi-de.org/up3/ontology/hoehe": "164.39", "https://registry.gdi-de.org/up3/ontology/knoten-ID": "110670102", "http://rdfs.org/ns/void#inDataset.value": "33321"}, "geometry": {"type": "Point", "coordinates": [7.1065936612, 51.2560914727, 164.39]}}, {"type": "Feature", "id": "https://registry.gdi-de.org/de.nw/radnetz/instances/Knoten_Wuppertal_116020209", "name": " (ex-nw:Knoten_Wuppertal_116020209)", "dateprops": [], "properties": {"https://registry.gdi-de.org/up3/ontology/hoehe": "161.94", "https://registry.gdi-de.org/up3/ontology/knoten-ID": "116020209", "http://rdfs.org/ns/void#inDataset.value": "33321"}, "geometry": {"type": "Point", "coordinates": [7.2220612375, 51.2753659312, 161.94]}}, {"type": "Feature", "id": "https://registry.gdi-de.org/de.nw/radnetz/instances/Knoten_Wuppertal_8737", "name": " (ex-nw:Knoten_Wuppertal_8737)", "dateprops": [], "properties": {"https://registry.gdi-de.org/up3/ontology/hoehe": "180.85", "https://registry.gdi-de.org/up3/ontology/knoten-ID": "8737", "http://rdfs.org/ns/void#inDataset.value": "33321"}, "geometry": {"type": "Point", "coordinates": [7.2297565885, 51.2586017062, 180.85]}}, {"type": "Feature", "id": "https://registry.gdi-de.org/de.nw/radnetz/instances/Knoten_Wuppertal_112100101", "name": " (ex-nw:Knoten_Wuppertal_112100101)", "dateprops": [], "properties": {"https://registry.gdi-de.org/up3/ontology/hoehe": "211.33", "https://registry.gdi-de.org/up3/ontology/knoten-ID": "112100101", "http://rdfs.org/ns/void#inDataset.value": "33321"}, "geometry": {"type": "Point", "coordinates": [7.1721055695, 51.2820089161, 211.33]}}, {"type": "Feature", "id": "https://registry.gdi-de.org/de.nw/radnetz/instances/Knoten_Wuppertal_60240", "name": " (ex-nw:Knoten_Wuppertal_60240)", "dateprops": [], "properties": {"https://registry.gdi-de.org/up3/ontology/hoehe": "176.55", "https://registry.gdi-de.org/up3/ontology/knoten-ID": "60240", "http://rdfs.org/ns/void#inDataset.value": "33321"}, "geometry": {"type": "Point", "coordinates": [7.1451566421, 51.2670512224, 176.55]}}, {"type": "Feature", "id": "https://registry.gdi-de.org/de.nw/radnetz/instances/Knoten_Wuppertal_8161", "name": " (ex-nw:Knoten_Wuppertal_8161)", "dateprops": [], "properties": {"https://registry.gdi-de.org/up3/ontology/hoehe": "157.84", "https://registry.gdi-de.org/up3/ontology/knoten-ID": "8161", "http://rdfs.org/ns/void#inDataset.value": "33321"}, "geometry": {"type": "Point", "coordinates": [7.2132675166, 51.2744012771, 157.84]}}, {"type": "Feature", "id": "https://registry.gdi-de.org/de.nw/radnetz/instances/Knoten_Wuppertal_1189691223", "name": " (ex-nw:Knoten_Wuppertal_1189691223)", "dateprops": [], "properties": {"https://registry.gdi-de.org/up3/ontology/hoehe": "335.34", "https://registry.gdi-de.org/up3/ontology/knoten-ID": "1189691223", "http://rdfs.org/ns/void#inDataset.value": "33321"}, "geometry": {"type": "Point", "coordinates": [7.1862149045, 51.2435227185, 335.34]}}, {"type": "Feature", "id": "https://registry.gdi-de.org/de.nw/radnetz/instances/Knoten_Wuppertal_7860", "name": " (ex-nw:Knoten_Wuppertal_7860)", "dateprops": [], "properties": {"https://registry.gdi-de.org/up3/ontology/hoehe": "157.18", "https://registry.gdi-de.org/up3/ontology/knoten-ID": "7860", "http://rdfs.org/ns/void#inDataset.value": "33321"}, "geometry": {"type": "Point", "coordinates": [7.206825821, 51.2730163271, 157.18]}}, {"type": "Feature", "id": "https://registry.gdi-de.org/de.nw/radnetz/instances/Knoten_Wuppertal_114070102", "name": " (ex-nw:Knoten_Wuppertal_114070102)", "dateprops": [], "properties": {"https://registry.gdi-de.org/up3/ontology/hoehe": "327.85", "https://registry.gdi-de.org/up3/ontology/knoten-ID": "114070102", "http://rdfs.org/ns/void#inDataset.value": "33321"}, "geometry": {"type": "Point", "coordinates": [7.1520090037, 51.2233381483, 327.85]}}, {"type": "Feature", "id": "https://registry.gdi-de.org/de.nw/radnetz/instances/Knoten_Wuppertal_3015", "name": " (ex-nw:Knoten_Wuppertal_3015)", "dateprops": [], "properties": {"https://registry.gdi-de.org/up3/ontology/hoehe": "211.26", "https://registry.gdi-de.org/up3/ontology/knoten-ID": "3015", "http://rdfs.org/ns/void#inDataset.value": "33321"}, "geometry": {"type": "Point", "coordinates": [7.0904482988, 51.2572683311, 211.26]}}, {"type": "Feature", "id": "https://registry.gdi-de.org/de.nw/radnetz/instances/Knoten_Wuppertal_4237", "name": " (ex-nw:Knoten_Wuppertal_4237)", "dateprops": [], "properties": {"https://registry.gdi-de.org/up3/ontology/hoehe": "294.81", "https://registry.gdi-de.org/up3/ontology/knoten-ID": "4237", "http://rdfs.org/ns/void#inDataset.value": "33321"}, "geometry": {"type": "Point", "coordinates": [7.128125873, 51.2783908854, 294.81]}}, {"type": "Feature", "id": "https://registry.gdi-de.org/de.nw/radnetz/instances/Knoten_Wuppertal_5094", "name": " (ex-nw:Knoten_Wuppertal_5094)", "dateprops": [], "properties": {"https://registry.gdi-de.org/up3/ontology/hoehe": "299.51", "https://registry.gdi-de.org/up3/ontology/knoten-ID": "5094", "http://rdfs.org/ns/void#inDataset.value": "33321"}, "geometry": {"type": "Point", "coordinates": [7.1469917673, 51.2153631582, 299.51]}}, {"type": "Feature", "id": "https://registry.gdi-de.org/de.nw/radnetz/instances/Knoten_Wuppertal_1189690258", "name": " (ex-nw:Knoten_Wuppertal_1189690258)", "dateprops": [], "properties": {"https://registry.gdi-de.org/up3/ontology/hoehe": "143.17", "https://registry.gdi-de.org/up3/ontology/knoten-ID": "1189690258", "http://rdfs.org/ns/void#inDataset.value": "33321"}, "geometry": {"type": "Point", "coordinates": [7.1429296079, 51.2556947044, 143.17]}}, {"type": "Feature", "id": "https://registry.gdi-de.org/de.nw/radnetz/instances/Knoten_Wuppertal_9323", "name": " (ex-nw:Knoten_Wuppertal_9323)", "dateprops": [], "properties": {"https://registry.gdi-de.org/up3/ontology/hoehe": "320.29", "https://registry.gdi-de.org/up3/ontology/knoten-ID": "9323", "http://rdfs.org/ns/void#inDataset.value": "33321"}, "geometry": {"type": "Point", "coordinates": [7.2489745361, 51.3114055366, 320.29]}}, {"type": "Feature", "id": "https://registry.gdi-de.org/de.nw/radnetz/instances/Knoten_Wuppertal_8867", "name": " (ex-nw:Knoten_Wuppertal_8867)", "dateprops": [], "properties": {"https://registry.gdi-de.org/up3/ontology/hoehe": "168.18", "https://registry.gdi-de.org/up3/ontology/knoten-ID": "8867", "http://rdfs.org/ns/void#inDataset.value": "33321"}, "geometry": {"type": "Point", "coordinates": [7.2340490174, 51.2607345285, 168.18]}}, {"type": "Feature", "id": "https://registry.gdi-de.org/de.nw/radnetz/instances/Knoten_Wuppertal_116150101", "name": " (ex-nw:Knoten_Wuppertal_116150101)", "dateprops": [], "properties": {"https://registry.gdi-de.org/up3/ontology/hoehe": "319.68", "https://registry.gdi-de.org/up3/ontology/knoten-ID": "116150101", "http://rdfs.org/ns/void#inDataset.value": "33321"}, "geometry": {"type": "Point", "coordinates": [7.249065522, 51.3111552552, 319.68]}}, {"type": "Feature", "id": "https://registry.gdi-de.org/de.nw/radnetz/instances/Knoten_Wuppertal_116200101", "name": " (ex-nw:Knoten_Wuppertal_116200101)", "dateprops": [], "properties": {"https://registry.gdi-de.org/up3/ontology/hoehe": "165.34", "https://registry.gdi-de.org/up3/ontology/knoten-ID": "116200101", "http://rdfs.org/ns/void#inDataset.value": "33321"}, "geometry": {"type": "Point", "coordinates": [7.2309257646, 51.2759867376, 165.34]}}, {"type": "Feature", "id": "https://registry.gdi-de.org/de.nw/radnetz/instances/Knoten_Wuppertal_116960101", "name": " (ex-nw:Knoten_Wuppertal_116960101)", "dateprops": [], "properties": {"https://registry.gdi-de.org/up3/ontology/hoehe": "220.86", "https://registry.gdi-de.org/up3/ontology/knoten-ID": "116960101", "http://rdfs.org/ns/void#inDataset.value": "33321"}, "geometry": {"type": "Point", "coordinates": [7.270700372, 51.278553378, 220.86]}}, {"type": "Feature", "id": "https://registry.gdi-de.org/de.nw/radnetz/instances/Knoten_Wuppertal_112670102", "name": " (ex-nw:Knoten_Wuppertal_112670102)", "dateprops": [], "properties": {"https://registry.gdi-de.org/up3/ontology/hoehe": "269.24", "https://registry.gdi-de.org/up3/ontology/knoten-ID": "112670102", "http://rdfs.org/ns/void#inDataset.value": "33321"}, "geometry": {"type": "Point", "coordinates": [7.124382851, 51.2805602896, 269.24]}}, {"type": "Feature", "id": "https://registry.gdi-de.org/de.nw/radnetz/instances/Knoten_Wuppertal_9379", "name": " (ex-nw:Knoten_Wuppertal_9379)", "dateprops": [], "properties": {"https://registry.gdi-de.org/up3/ontology/hoehe": "308.62", "https://registry.gdi-de.org/up3/ontology/knoten-ID": "9379", "http://rdfs.org/ns/void#inDataset.value": "33321"}, "geometry": {"type": "Point", "coordinates": [7.2510211104, 51.3091318242, 308.62]}}, {"type": "Feature", "id": "https://registry.gdi-de.org/de.nw/radnetz/instances/Knoten_Wuppertal_110670101", "name": " (ex-nw:Knoten_Wuppertal_110670101)", "dateprops": [], "properties": {"https://registry.gdi-de.org/up3/ontology/hoehe": "163.83", "https://registry.gdi-de.org/up3/ontology/knoten-ID": "110670101", "http://rdfs.org/ns/void#inDataset.value": "33321"}, "geometry": {"type": "Point", "coordinates": [7.1064119576, 51.2559190674, 163.83]}}, {"type": "Feature", "id": "https://registry.gdi-de.org/de.nw/radnetz/instances/Knoten_Wuppertal_9361", "name": " (ex-nw:Knoten_Wuppertal_9361)", "dateprops": [], "properties": {"https://registry.gdi-de.org/up3/ontology/hoehe": "315.82", "https://registry.gdi-de.org/up3/ontology/knoten-ID": "9361", "http://rdfs.org/ns/void#inDataset.value": "33321"}, "geometry": {"type": "Point", "coordinates": [7.2498060894, 51.3146441258, 315.82]}}, {"type": "Feature", "id": "https://registry.gdi-de.org/de.nw/radnetz/instances/Knoten_Wuppertal_5103", "name": " (ex-nw:Knoten_Wuppertal_5103)", "dateprops": [], "properties": {"https://registry.gdi-de.org/up3/ontology/hoehe": "171.27", "https://registry.gdi-de.org/up3/ontology/knoten-ID": "5103", "http://rdfs.org/ns/void#inDataset.value": "33321"}, "geometry": {"type": "Point", "coordinates": [7.1451539744, 51.2663551478, 171.27]}}, {"type": "Feature", "id": "https://registry.gdi-de.org/de.nw/radnetz/instances/Knoten_Wuppertal_1189690155", "name": " (ex-nw:Knoten_Wuppertal_1189690155)", "dateprops": [], "properties": {"https://registry.gdi-de.org/up3/ontology/hoehe": "298.46", "https://registry.gdi-de.org/up3/ontology/knoten-ID": "1189690155", "http://rdfs.org/ns/void#inDataset.value": "33321"}, "geometry": {"type": "Point", "coordinates": [7.140504694, 51.2113938949, 298.46]}}, {"type": "Feature", "id": "https://registry.gdi-de.org/de.nw/radnetz/instances/Knoten_Wuppertal_2256", "name": " (ex-nw:Knoten_Wuppertal_2256)", "dateprops": [], "properties": {"https://registry.gdi-de.org/up3/ontology/hoehe": "206.73", "https://registry.gdi-de.org/up3/ontology/knoten-ID": "2256", "http://rdfs.org/ns/void#inDataset.value": "33321"}, "geometry": {"type": "Point", "coordinates": [7.0556123657, 51.2340483056, 206.73]}}, {"type": "Feature", "id": "https://registry.gdi-de.org/de.nw/radnetz/instances/Knoten_Wuppertal_5056", "name": " (ex-nw:Knoten_Wuppertal_5056)", "dateprops": [], "properties": {"https://registry.gdi-de.org/up3/ontology/hoehe": "320.31", "https://registry.gdi-de.org/up3/ontology/knoten-ID": "5056", "http://rdfs.org/ns/void#inDataset.value": "33321"}, "geometry": {"type": "Point", "coordinates": [7.145749544, 51.2275256275, 320.31]}}, {"type": "Feature", "id": "https://registry.gdi-de.org/de.nw/radnetz/instances/Knoten_Wuppertal_8976", "name": " (ex-nw:Knoten_Wuppertal_8976)", "dateprops": [], "properties": {"https://registry.gdi-de.org/up3/ontology/hoehe": "198.37", "https://registry.gdi-de.org/up3/ontology/knoten-ID": "8976", "http://rdfs.org/ns/void#inDataset.value": "33321"}, "geometry": {"type": "Point", "coordinates": [7.2368694539, 51.2735788868, 198.37]}}, {"type": "Feature", "id": "https://registry.gdi-de.org/de.nw/radnetz/instances/Knoten_Wuppertal_7833", "name": " (ex-nw:Knoten_Wuppertal_7833)", "dateprops": [], "properties": {"https://registry.gdi-de.org/up3/ontology/hoehe": "332.86", "https://registry.gdi-de.org/up3/ontology/knoten-ID": "7833", "http://rdfs.org/ns/void#inDataset.value": "33321"}, "geometry": {"type": "Point", "coordinates": [7.2077064682, 51.2365682732, 332.86]}}, {"type": "Feature", "id": "https://registry.gdi-de.org/de.nw/radnetz/instances/Knoten_Wuppertal_8823", "name": " (ex-nw:Knoten_Wuppertal_8823)", "dateprops": [], "properties": {"https://registry.gdi-de.org/up3/ontology/hoehe": "170.46", "https://registry.gdi-de.org/up3/ontology/knoten-ID": "8823", "http://rdfs.org/ns/void#inDataset.value": "33321"}, "geometry": {"type": "Point", "coordinates": [7.2328726713, 51.2574508414, 170.46]}}, {"type": "Feature", "id": "https://registry.gdi-de.org/de.nw/radnetz/instances/Knoten_Wuppertal_8945", "name": " (ex-nw:Knoten_Wuppertal_8945)", "dateprops": [], "properties": {"https://registry.gdi-de.org/up3/ontology/hoehe": "197.54", "https://registry.gdi-de.org/up3/ontology/knoten-ID": "8945", "http://rdfs.org/ns/void#inDataset.value": "33321"}, "geometry": {"type": "Point", "coordinates": [7.2356677776, 51.2733534928, 197.54]}}, {"type": "Feature", "id": "https://registry.gdi-de.org/de.nw/radnetz/instances/Knoten_Wuppertal_117200101", "name": " (ex-nw:Knoten_Wuppertal_117200101)", "dateprops": [], "properties": {"https://registry.gdi-de.org/up3/ontology/hoehe": "180.09", "https://registry.gdi-de.org/up3/ontology/knoten-ID": "117200101", "http://rdfs.org/ns/void#inDataset.value": "33321"}, "geometry": {"type": "Point", "coordinates": [7.059771946, 51.2539119558, 180.09]}}, {"type": "Feature", "id": "https://registry.gdi-de.org/de.nw/radnetz/instances/Knoten_Wuppertal_118260101", "name": " (ex-nw:Knoten_Wuppertal_118260101)", "dateprops": [], "properties": {"https://registry.gdi-de.org/up3/ontology/hoehe": "301.15", "https://registry.gdi-de.org/up3/ontology/knoten-ID": "118260101", "http://rdfs.org/ns/void#inDataset.value": "33321"}, "geometry": {"type": "Point", "coordinates": [7.1620431262, 51.3002648807, 301.15]}}, {"type": "Feature", "id": "https://registry.gdi-de.org/de.nw/radnetz/instances/Knoten_Wuppertal_2475", "name": " (ex-nw:Knoten_Wuppertal_2475)", "dateprops": [], "properties": {"https://registry.gdi-de.org/up3/ontology/hoehe": "194.73", "https://registry.gdi-de.org/up3/ontology/knoten-ID": "2475", "http://rdfs.org/ns/void#inDataset.value": "33321"}, "geometry": {"type": "Point", "coordinates": [7.0661855441, 51.2337731788, 194.73]}}, {"type": "Feature", "id": "https://registry.gdi-de.org/de.nw/radnetz/instances/Knoten_Wuppertal_112810102", "name": " (ex-nw:Knoten_Wuppertal_112810102)", "dateprops": [], "properties": {"https://registry.gdi-de.org/up3/ontology/hoehe": "295.49", "https://registry.gdi-de.org/up3/ontology/knoten-ID": "112810102", "http://rdfs.org/ns/void#inDataset.value": "33321"}, "geometry": {"type": "Point", "coordinates": [7.1323847925, 51.2797978701, 295.49]}}, {"type": "Feature", "id": "https://registry.gdi-de.org/de.nw/radnetz/instances/Knoten_Wuppertal_8651", "name": " (ex-nw:Knoten_Wuppertal_8651)", "dateprops": [], "properties": {"https://registry.gdi-de.org/up3/ontology/hoehe": "231.29", "https://registry.gdi-de.org/up3/ontology/knoten-ID": "8651", "http://rdfs.org/ns/void#inDataset.value": "33321"}, "geometry": {"type": "Point", "coordinates": [7.2267115278, 51.2476997814, 231.29]}}, {"type": "Feature", "id": "https://registry.gdi-de.org/de.nw/radnetz/instances/Knoten_Wuppertal_3365", "name": " (ex-nw:Knoten_Wuppertal_3365)", "dateprops": [], "properties": {"https://registry.gdi-de.org/up3/ontology/hoehe": "137.05", "https://registry.gdi-de.org/up3/ontology/knoten-ID": "3365", "http://rdfs.org/ns/void#inDataset.value": "33321"}, "geometry": {"type": "Point", "coordinates": [7.1065395919, 51.2465599868, 137.05]}}, {"type": "Feature", "id": "https://registry.gdi-de.org/de.nw/radnetz/instances/Knoten_Wuppertal_1189690604", "name": " (ex-nw:Knoten_Wuppertal_1189690604)", "dateprops": [], "properties": {"https://registry.gdi-de.org/up3/ontology/hoehe": "298.86", "https://registry.gdi-de.org/up3/ontology/knoten-ID": "1189690604", "http://rdfs.org/ns/void#inDataset.value": "33321"}, "geometry": {"type": "Point", "coordinates": [7.1384656676, 51.2098670056, 298.86]}}, {"type": "Feature", "id": "https://registry.gdi-de.org/de.nw/radnetz/instances/Knoten_Wuppertal_2662", "name": " (ex-nw:Knoten_Wuppertal_2662)", "dateprops": [], "properties": {"https://registry.gdi-de.org/up3/ontology/hoehe": "184.52", "https://registry.gdi-de.org/up3/ontology/knoten-ID": "2662", "http://rdfs.org/ns/void#inDataset.value": "33321"}, "geometry": {"type": "Point", "coordinates": [7.0723585824, 51.2515498054, 184.52]}}, {"type": "Feature", "id": "https://registry.gdi-de.org/de.nw/radnetz/instances/Knoten_Wuppertal_3994", "name": " (ex-nw:Knoten_Wuppertal_3994)", "dateprops": [], "properties": {"https://registry.gdi-de.org/up3/ontology/hoehe": "289.97", "https://registry.gdi-de.org/up3/ontology/knoten-ID": "3994", "http://rdfs.org/ns/void#inDataset.value": "33321"}, "geometry": {"type": "Point", "coordinates": [7.1268367148, 51.2052103389, 289.97]}}, {"type": "Feature", "id": "https://registry.gdi-de.org/de.nw/radnetz/instances/Knoten_Wuppertal_115400102", "name": " (ex-nw:Knoten_Wuppertal_115400102)", "dateprops": [], "properties": {"https://registry.gdi-de.org/up3/ontology/hoehe": "259.33", "https://registry.gdi-de.org/up3/ontology/knoten-ID": "115400102", "http://rdfs.org/ns/void#inDataset.value": "33321"}, "geometry": {"type": "Point", "coordinates": [7.2006578106, 51.2194768232, 259.33]}}, {"type": "Feature", "id": "https://registry.gdi-de.org/de.nw/radnetz/instances/Knoten_Wuppertal_3105", "name": " (ex-nw:Knoten_Wuppertal_3105)", "dateprops": [], "properties": {"https://registry.gdi-de.org/up3/ontology/hoehe": "208.49", "https://registry.gdi-de.org/up3/ontology/knoten-ID": "3105", "http://rdfs.org/ns/void#inDataset.value": "33321"}, "geometry": {"type": "Point", "coordinates": [7.0936469179, 51.2925094548, 208.49]}}, {"type": "Feature", "id": "https://registry.gdi-de.org/de.nw/radnetz/instances/Knoten_Wuppertal_4349", "name": " (ex-nw:Knoten_Wuppertal_4349)", "dateprops": [], "properties": {"https://registry.gdi-de.org/up3/ontology/hoehe": "274.73", "https://registry.gdi-de.org/up3/ontology/knoten-ID": "4349", "http://rdfs.org/ns/void#inDataset.value": "33321"}, "geometry": {"type": "Point", "coordinates": [7.1301600402, 51.2751720333, 274.73]}}, {"type": "Feature", "id": "https://registry.gdi-de.org/de.nw/radnetz/instances/Knoten_Wuppertal_114320101", "name": " (ex-nw:Knoten_Wuppertal_114320101)", "dateprops": [], "properties": {"https://registry.gdi-de.org/up3/ontology/hoehe": "115.06", "https://registry.gdi-de.org/up3/ontology/knoten-ID": "114320101", "http://rdfs.org/ns/void#inDataset.value": "33321"}, "geometry": {"type": "Point", "coordinates": [7.109545362, 51.1939388161, 115.06]}}, {"type": "Feature", "id": "https://registry.gdi-de.org/de.nw/radnetz/instances/Knoten_Wuppertal_9080", "name": " (ex-nw:Knoten_Wuppertal_9080)", "dateprops": [], "properties": {"https://registry.gdi-de.org/up3/ontology/hoehe": "178.97", "https://registry.gdi-de.org/up3/ontology/knoten-ID": "9080", "http://rdfs.org/ns/void#inDataset.value": "33321"}, "geometry": {"type": "Point", "coordinates": [7.2403998452, 51.2777080726, 178.97]}}, {"type": "Feature", "id": "https://registry.gdi-de.org/de.nw/radnetz/instances/Knoten_Wuppertal_113550102", "name": " (ex-nw:Knoten_Wuppertal_113550102)", "dateprops": [], "properties": {"https://registry.gdi-de.org/up3/ontology/hoehe": "202.06", "https://registry.gdi-de.org/up3/ontology/knoten-ID": "113550102", "http://rdfs.org/ns/void#inDataset.value": "33321"}, "geometry": {"type": "Point", "coordinates": [7.0624243249, 51.2246643604, 202.06]}}, {"type": "Feature", "id": "https://registry.gdi-de.org/de.nw/radnetz/instances/Knoten_Wuppertal_2738", "name": " (ex-nw:Knoten_Wuppertal_2738)", "dateprops": [], "properties": {"https://registry.gdi-de.org/up3/ontology/hoehe": "171.12", "https://registry.gdi-de.org/up3/ontology/knoten-ID": "2738", "http://rdfs.org/ns/void#inDataset.value": "33321"}, "geometry": {"type": "Point", "coordinates": [7.075820368, 51.2422660958, 171.12]}}, {"type": "Feature", "id": "https://registry.gdi-de.org/de.nw/radnetz/instances/Knoten_Wuppertal_3011", "name": " (ex-nw:Knoten_Wuppertal_3011)", "dateprops": [], "properties": {"https://registry.gdi-de.org/up3/ontology/hoehe": "132.46", "https://registry.gdi-de.org/up3/ontology/knoten-ID": "3011", "http://rdfs.org/ns/void#inDataset.value": "33321"}, "geometry": {"type": "Point", "coordinates": [7.0911402458, 51.2374953702, 132.46]}}, {"type": "Feature", "id": "https://registry.gdi-de.org/de.nw/radnetz/instances/Knoten_Wuppertal_8787", "name": " (ex-nw:Knoten_Wuppertal_8787)", "dateprops": [], "properties": {"https://registry.gdi-de.org/up3/ontology/hoehe": "163.24", "https://registry.gdi-de.org/up3/ontology/knoten-ID": "8787", "http://rdfs.org/ns/void#inDataset.value": "33321"}, "geometry": {"type": "Point", "coordinates": [7.2311540914, 51.270764602, 163.24]}}, {"type": "Feature", "id": "https://registry.gdi-de.org/de.nw/radnetz/instances/Knoten_Wuppertal_5150", "name": " (ex-nw:Knoten_Wuppertal_5150)", "dateprops": [], "properties": {"https://registry.gdi-de.org/up3/ontology/hoehe": "160.67", "https://registry.gdi-de.org/up3/ontology/knoten-ID": "5150", "http://rdfs.org/ns/void#inDataset.value": "33321"}, "geometry": {"type": "Point", "coordinates": [7.1459628353, 51.2625645254, 160.67]}}, {"type": "Feature", "id": "https://registry.gdi-de.org/de.nw/radnetz/instances/Knoten_Wuppertal_9014", "name": " (ex-nw:Knoten_Wuppertal_9014)", "dateprops": [], "properties": {"https://registry.gdi-de.org/up3/ontology/hoehe": "180.59", "https://registry.gdi-de.org/up3/ontology/knoten-ID": "9014", "http://rdfs.org/ns/void#inDataset.value": "33321"}, "geometry": {"type": "Point", "coordinates": [7.238432739, 51.2679064453, 180.59]}}, {"type": "Feature", "id": "https://registry.gdi-de.org/de.nw/radnetz/instances/Knoten_Wuppertal_9266", "name": " (ex-nw:Knoten_Wuppertal_9266)", "dateprops": [], "properties": {"https://registry.gdi-de.org/up3/ontology/hoehe": "221.44", "https://registry.gdi-de.org/up3/ontology/knoten-ID": "9266", "http://rdfs.org/ns/void#inDataset.value": "33321"}, "geometry": {"type": "Point", "coordinates": [7.2468808099, 51.2952666815, 221.44]}}, {"type": "Feature", "id": "https://registry.gdi-de.org/de.nw/radnetz/instances/Knoten_Wuppertal_3318", "name": " (ex-nw:Knoten_Wuppertal_3318)", "dateprops": [], "properties": {"https://registry.gdi-de.org/up3/ontology/hoehe": "142.38", "https://registry.gdi-de.org/up3/ontology/knoten-ID": "3318", "http://rdfs.org/ns/void#inDataset.value": "33321"}, "geometry": {"type": "Point", "coordinates": [7.1048202795, 51.2472726508, 142.38]}}, {"type": "Feature", "id": "https://registry.gdi-de.org/de.nw/radnetz/instances/Knoten_Wuppertal_9705", "name": " (ex-nw:Knoten_Wuppertal_9705)", "dateprops": [], "properties": {"https://registry.gdi-de.org/up3/ontology/hoehe": "183.43", "https://registry.gdi-de.org/up3/ontology/knoten-ID": "9705", "http://rdfs.org/ns/void#inDataset.value": "33321"}, "geometry": {"type": "Point", "coordinates": [7.270594213, 51.2529957137, 183.43]}}, {"type": "Feature", "id": "https://registry.gdi-de.org/de.nw/radnetz/instances/Knoten_Wuppertal_60242", "name": " (ex-nw:Knoten_Wuppertal_60242)", "dateprops": [], "properties": {"https://registry.gdi-de.org/up3/ontology/hoehe": "176.53", "https://registry.gdi-de.org/up3/ontology/knoten-ID": "60242", "http://rdfs.org/ns/void#inDataset.value": "33321"}, "geometry": {"type": "Point", "coordinates": [7.1500993774, 51.2684984936, 176.53]}}, {"type": "Feature", "id": "https://registry.gdi-de.org/de.nw/radnetz/instances/Knoten_Wuppertal_117070101", "name": " (ex-nw:Knoten_Wuppertal_117070101)", "dateprops": [], "properties": {"https://registry.gdi-de.org/up3/ontology/hoehe": "193.29", "https://registry.gdi-de.org/up3/ontology/knoten-ID": "117070101", "http://rdfs.org/ns/void#inDataset.value": "33321"}, "geometry": {"type": "Point", "coordinates": [7.0836333993, 51.2812726151, 193.29]}}, {"type": "Feature", "id": "https://registry.gdi-de.org/de.nw/radnetz/instances/Knoten_Wuppertal_1189691245", "name": " (ex-nw:Knoten_Wuppertal_1189691245)", "dateprops": [], "properties": {"https://registry.gdi-de.org/up3/ontology/hoehe": "115.44", "https://registry.gdi-de.org/up3/ontology/knoten-ID": "1189691245", "http://rdfs.org/ns/void#inDataset.value": "33321"}, "geometry": {"type": "Point", "coordinates": [7.1080312034, 51.1958352537, 115.44]}}, {"type": "Feature", "id": "https://registry.gdi-de.org/de.nw/radnetz/instances/Knoten_Wuppertal_9779", "name": " (ex-nw:Knoten_Wuppertal_9779)", "dateprops": [], "properties": {"https://registry.gdi-de.org/up3/ontology/hoehe": "187.44", "https://registry.gdi-de.org/up3/ontology/knoten-ID": "9779", "http://rdfs.org/ns/void#inDataset.value": "33321"}, "geometry": {"type": "Point", "coordinates": [7.2767032125, 51.2591984572, 187.44]}}, {"type": "Feature", "id": "https://registry.gdi-de.org/de.nw/radnetz/instances/Knoten_Wuppertal_60290", "name": " (ex-nw:Knoten_Wuppertal_60290)", "dateprops": [], "properties": {"https://registry.gdi-de.org/up3/ontology/hoehe": "197.2", "https://registry.gdi-de.org/up3/ontology/knoten-ID": "60290", "http://rdfs.org/ns/void#inDataset.value": "33321"}, "geometry": {"type": "Point", "coordinates": [7.2415105692, 51.2840347984, 197.2]}}, {"type": "Feature", "id": "https://registry.gdi-de.org/de.nw/radnetz/instances/Knoten_Wuppertal_3740", "name": " (ex-nw:Knoten_Wuppertal_3740)", "dateprops": [], "properties": {"https://registry.gdi-de.org/up3/ontology/hoehe": "272.58", "https://registry.gdi-de.org/up3/ontology/knoten-ID": "3740", "http://rdfs.org/ns/void#inDataset.value": "33321"}, "geometry": {"type": "Point", "coordinates": [7.1170456461, 51.2827801855, 272.58]}}, {"type": "Feature", "id": "https://registry.gdi-de.org/de.nw/radnetz/instances/Knoten_Wuppertal_60218", "name": " (ex-nw:Knoten_Wuppertal_60218)", "dateprops": [], "properties": {"https://registry.gdi-de.org/up3/ontology/hoehe": "174.84", "https://registry.gdi-de.org/up3/ontology/knoten-ID": "60218", "http://rdfs.org/ns/void#inDataset.value": "33321"}, "geometry": {"type": "Point", "coordinates": [7.0833751467, 51.2459643973, 174.84]}}, {"type": "Feature", "id": "https://registry.gdi-de.org/de.nw/radnetz/instances/Knoten_Wuppertal_1189691147", "name": " (ex-nw:Knoten_Wuppertal_1189691147)", "dateprops": [], "properties": {"https://registry.gdi-de.org/up3/ontology/hoehe": "201.06", "https://registry.gdi-de.org/up3/ontology/knoten-ID": "1189691147", "http://rdfs.org/ns/void#inDataset.value": "33321"}, "geometry": {"type": "Point", "coordinates": [7.2482677638, 51.2754904634, 201.06]}}, {"type": "Feature", "id": "https://registry.gdi-de.org/de.nw/radnetz/instances/Knoten_Wuppertal_116310101", "name": " (ex-nw:Knoten_Wuppertal_116310101)", "dateprops": [], "properties": {"https://registry.gdi-de.org/up3/ontology/hoehe": "198.68", "https://registry.gdi-de.org/up3/ontology/knoten-ID": "116310101", "http://rdfs.org/ns/void#inDataset.value": "33321"}, "geometry": {"type": "Point", "coordinates": [7.237293183, 51.2736601013, 198.68]}}, {"type": "Feature", "id": "https://registry.gdi-de.org/de.nw/radnetz/instances/Knoten_Wuppertal_7716", "name": " (ex-nw:Knoten_Wuppertal_7716)", "dateprops": [], "properties": {"https://registry.gdi-de.org/up3/ontology/hoehe": "171.78", "https://registry.gdi-de.org/up3/ontology/knoten-ID": "7716", "http://rdfs.org/ns/void#inDataset.value": "33321"}, "geometry": {"type": "Point", "coordinates": [7.2032681844, 51.2778428431, 171.78]}}, {"type": "Feature", "id": "https://registry.gdi-de.org/de.nw/radnetz/instances/Knoten_Wuppertal_116460101", "name": " (ex-nw:Knoten_Wuppertal_116460101)", "dateprops": [], "properties": {"https://registry.gdi-de.org/up3/ontology/hoehe": "177.73", "https://registry.gdi-de.org/up3/ontology/knoten-ID": "116460101", "http://rdfs.org/ns/void#inDataset.value": "33321"}, "geometry": {"type": "Point", "coordinates": [7.2555282238, 51.2556578467, 177.73]}}, {"type": "Feature", "id": "https://registry.gdi-de.org/de.nw/radnetz/instances/Knoten_Wuppertal_112210102", "name": " (ex-nw:Knoten_Wuppertal_112210102)", "dateprops": [], "properties": {"https://registry.gdi-de.org/up3/ontology/hoehe": "146.34", "https://registry.gdi-de.org/up3/ontology/knoten-ID": "112210102", "http://rdfs.org/ns/void#inDataset.value": "33321"}, "geometry": {"type": "Point", "coordinates": [7.1533501546, 51.2591942267, 146.34]}}, {"type": "Feature", "id": "https://registry.gdi-de.org/de.nw/radnetz/instances/Knoten_Wuppertal_9234", "name": " (ex-nw:Knoten_Wuppertal_9234)", "dateprops": [], "properties": {"https://registry.gdi-de.org/up3/ontology/hoehe": "221.55", "https://registry.gdi-de.org/up3/ontology/knoten-ID": "9234", "http://rdfs.org/ns/void#inDataset.value": "33321"}, "geometry": {"type": "Point", "coordinates": [7.2455668625, 51.2939055737, 221.55]}}, {"type": "Feature", "id": "https://registry.gdi-de.org/de.nw/radnetz/instances/Knoten_Wuppertal_138860101", "name": " (ex-nw:Knoten_Wuppertal_138860101)", "dateprops": [], "properties": {"https://registry.gdi-de.org/up3/ontology/hoehe": "175.94", "https://registry.gdi-de.org/up3/ontology/knoten-ID": "138860101", "http://rdfs.org/ns/void#inDataset.value": "33321"}, "geometry": {"type": "Point", "coordinates": [7.0279798282, 51.2058374511, 175.94]}}, {"type": "Feature", "id": "https://registry.gdi-de.org/de.nw/radnetz/instances/Knoten_Wuppertal_112800101", "name": " (ex-nw:Knoten_Wuppertal_112800101)", "dateprops": [], "properties": {"https://registry.gdi-de.org/up3/ontology/hoehe": "291.26", "https://registry.gdi-de.org/up3/ontology/knoten-ID": "112800101", "http://rdfs.org/ns/void#inDataset.value": "33321"}, "geometry": {"type": "Point", "coordinates": [7.1280039254, 51.2788973974, 291.26]}}, {"type": "Feature", "id": "https://registry.gdi-de.org/de.nw/radnetz/instances/Knoten_Wuppertal_9303", "name": " (ex-nw:Knoten_Wuppertal_9303)", "dateprops": [], "properties": {"https://registry.gdi-de.org/up3/ontology/hoehe": "319.66", "https://registry.gdi-de.org/up3/ontology/knoten-ID": "9303", "http://rdfs.org/ns/void#inDataset.value": "33321"}, "geometry": {"type": "Point", "coordinates": [7.2481106144, 51.3122591463, 319.66]}}, {"type": "Feature", "id": "https://registry.gdi-de.org/de.nw/radnetz/instances/Knoten_Wuppertal_114210102", "name": " (ex-nw:Knoten_Wuppertal_114210102)", "dateprops": [], "properties": {"https://registry.gdi-de.org/up3/ontology/hoehe": "263.63", "https://registry.gdi-de.org/up3/ontology/knoten-ID": "114210102", "http://rdfs.org/ns/void#inDataset.value": "33321"}, "geometry": {"type": "Point", "coordinates": [7.1314453087, 51.1996529312, 263.63]}}, {"type": "Feature", "id": "https://registry.gdi-de.org/de.nw/radnetz/instances/Knoten_Wuppertal_1189690679", "name": " (ex-nw:Knoten_Wuppertal_1189690679)", "dateprops": [], "properties": {"https://registry.gdi-de.org/up3/ontology/hoehe": "150.12", "https://registry.gdi-de.org/up3/ontology/knoten-ID": "1189690679", "http://rdfs.org/ns/void#inDataset.value": "33321"}, "geometry": {"type": "Point", "coordinates": [7.1745492189, 51.2638616457, 150.12]}}, {"type": "Feature", "id": "https://registry.gdi-de.org/de.nw/radnetz/instances/Knoten_Wuppertal_2584", "name": " (ex-nw:Knoten_Wuppertal_2584)", "dateprops": [], "properties": {"https://registry.gdi-de.org/up3/ontology/hoehe": "208.45", "https://registry.gdi-de.org/up3/ontology/knoten-ID": "2584", "http://rdfs.org/ns/void#inDataset.value": "33321"}, "geometry": {"type": "Point", "coordinates": [7.0702095686, 51.2407542266, 208.45]}}, {"type": "Feature", "id": "https://registry.gdi-de.org/de.nw/radnetz/instances/Knoten_Wuppertal_10985", "name": " (ex-nw:Knoten_Wuppertal_10985)", "dateprops": [], "properties": {"https://registry.gdi-de.org/up3/ontology/hoehe": "183.05", "https://registry.gdi-de.org/up3/ontology/knoten-ID": "10985", "http://rdfs.org/ns/void#inDataset.value": "33321"}, "geometry": {"type": "Point", "coordinates": [7.1976765321, 51.2741425865, 183.05]}}, {"type": "Feature", "id": "https://registry.gdi-de.org/de.nw/radnetz/instances/Knoten_Wuppertal_60305", "name": " (ex-nw:Knoten_Wuppertal_60305)", "dateprops": [], "properties": {"https://registry.gdi-de.org/up3/ontology/hoehe": "208.78", "https://registry.gdi-de.org/up3/ontology/knoten-ID": "60305", "http://rdfs.org/ns/void#inDataset.value": "33321"}, "geometry": {"type": "Point", "coordinates": [7.1103323869, 51.2374826354, 208.78]}}, {"type": "Feature", "id": "https://registry.gdi-de.org/de.nw/radnetz/instances/Knoten_Wuppertal_8905", "name": " (ex-nw:Knoten_Wuppertal_8905)", "dateprops": [], "properties": {"https://registry.gdi-de.org/up3/ontology/hoehe": "300.85", "https://registry.gdi-de.org/up3/ontology/knoten-ID": "8905", "http://rdfs.org/ns/void#inDataset.value": "33321"}, "geometry": {"type": "Point", "coordinates": [7.2360355125, 51.2337072088, 300.85]}}, {"type": "Feature", "id": "https://registry.gdi-de.org/de.nw/radnetz/instances/Knoten_Wuppertal_4389", "name": " (ex-nw:Knoten_Wuppertal_4389)", "dateprops": [], "properties": {"https://registry.gdi-de.org/up3/ontology/hoehe": "252.96", "https://registry.gdi-de.org/up3/ontology/knoten-ID": "4389", "http://rdfs.org/ns/void#inDataset.value": "33321"}, "geometry": {"type": "Point", "coordinates": [7.1308761776, 51.2730825465, 252.96]}}, {"type": "Feature", "id": "https://registry.gdi-de.org/de.nw/radnetz/instances/Knoten_Wuppertal_5321", "name": " (ex-nw:Knoten_Wuppertal_5321)", "dateprops": [], "properties": {"https://registry.gdi-de.org/up3/ontology/hoehe": "335.68", "https://registry.gdi-de.org/up3/ontology/knoten-ID": "5321", "http://rdfs.org/ns/void#inDataset.value": "33321"}, "geometry": {"type": "Point", "coordinates": [7.1500441385, 51.2286610954, 335.68]}}, {"type": "Feature", "id": "https://registry.gdi-de.org/de.nw/radnetz/instances/Knoten_Wuppertal_3270", "name": " (ex-nw:Knoten_Wuppertal_3270)", "dateprops": [], "properties": {"https://registry.gdi-de.org/up3/ontology/hoehe": "145.38", "https://registry.gdi-de.org/up3/ontology/knoten-ID": "3270", "http://rdfs.org/ns/void#inDataset.value": "33321"}, "geometry": {"type": "Point", "coordinates": [7.1029849755, 51.2488111283, 145.38]}}, {"type": "Feature", "id": "https://registry.gdi-de.org/de.nw/radnetz/instances/Knoten_Wuppertal_3268", "name": " (ex-nw:Knoten_Wuppertal_3268)", "dateprops": [], "properties": {"https://registry.gdi-de.org/up3/ontology/hoehe": "237.25", "https://registry.gdi-de.org/up3/ontology/knoten-ID": "3268", "http://rdfs.org/ns/void#inDataset.value": "33321"}, "geometry": {"type": "Point", "coordinates": [7.1019835287, 51.2675875999, 237.25]}}, {"type": "Feature", "id": "https://registry.gdi-de.org/de.nw/radnetz/instances/Knoten_Wuppertal_6952", "name": " (ex-nw:Knoten_Wuppertal_6952)", "dateprops": [], "properties": {"https://registry.gdi-de.org/up3/ontology/hoehe": "152.03", "https://registry.gdi-de.org/up3/ontology/knoten-ID": "6952", "http://rdfs.org/ns/void#inDataset.value": "33321"}, "geometry": {"type": "Point", "coordinates": [7.1897361331, 51.2674453105, 152.03]}}, {"type": "Feature", "id": "https://registry.gdi-de.org/de.nw/radnetz/instances/Knoten_Wuppertal_7438", "name": " (ex-nw:Knoten_Wuppertal_7438)", "dateprops": [], "properties": {"https://registry.gdi-de.org/up3/ontology/hoehe": "264.28", "https://registry.gdi-de.org/up3/ontology/knoten-ID": "7438", "http://rdfs.org/ns/void#inDataset.value": "33321"}, "geometry": {"type": "Point", "coordinates": [7.1996268116, 51.2222033951, 264.28]}}, {"type": "Feature", "id": "https://registry.gdi-de.org/de.nw/radnetz/instances/Knoten_Wuppertal_9182", "name": " (ex-nw:Knoten_Wuppertal_9182)", "dateprops": [], "properties": {"https://registry.gdi-de.org/up3/ontology/hoehe": "177.74", "https://registry.gdi-de.org/up3/ontology/knoten-ID": "9182", "http://rdfs.org/ns/void#inDataset.value": "33321"}, "geometry": {"type": "Point", "coordinates": [7.2438814767, 51.2818390897, 177.74]}}, {"type": "Feature", "id": "https://registry.gdi-de.org/de.nw/radnetz/instances/Knoten_Wuppertal_8875", "name": " (ex-nw:Knoten_Wuppertal_8875)", "dateprops": [], "properties": {"https://registry.gdi-de.org/up3/ontology/hoehe": "299.77", "https://registry.gdi-de.org/up3/ontology/knoten-ID": "8875", "http://rdfs.org/ns/void#inDataset.value": "33321"}, "geometry": {"type": "Point", "coordinates": [7.2354538782, 51.2312026741, 299.77]}}, {"type": "Feature", "id": "https://registry.gdi-de.org/de.nw/radnetz/instances/Knoten_Wuppertal_115060201", "name": " (ex-nw:Knoten_Wuppertal_115060201)", "dateprops": [], "properties": {"https://registry.gdi-de.org/up3/ontology/hoehe": "341.45", "https://registry.gdi-de.org/up3/ontology/knoten-ID": "115060201", "http://rdfs.org/ns/void#inDataset.value": "33321"}, "geometry": {"type": "Point", "coordinates": [7.1912939434, 51.242538942, 341.45]}}, {"type": "Feature", "id": "https://registry.gdi-de.org/de.nw/radnetz/instances/Knoten_Wuppertal_2922", "name": " (ex-nw:Knoten_Wuppertal_2922)", "dateprops": [], "properties": {"https://registry.gdi-de.org/up3/ontology/hoehe": "193.72", "https://registry.gdi-de.org/up3/ontology/knoten-ID": "2922", "http://rdfs.org/ns/void#inDataset.value": "33321"}, "geometry": {"type": "Point", "coordinates": [7.0845275665, 51.2815982804, 193.72]}}, {"type": "Feature", "id": "https://registry.gdi-de.org/de.nw/radnetz/instances/Knoten_Wuppertal_9158", "name": " (ex-nw:Knoten_Wuppertal_9158)", "dateprops": [], "properties": {"https://registry.gdi-de.org/up3/ontology/hoehe": "233.12", "https://registry.gdi-de.org/up3/ontology/knoten-ID": "9158", "http://rdfs.org/ns/void#inDataset.value": "33321"}, "geometry": {"type": "Point", "coordinates": [7.2447279586, 51.2380104788, 233.12]}}, {"type": "Feature", "id": "https://registry.gdi-de.org/de.nw/radnetz/instances/Knoten_Wuppertal_2906", "name": " (ex-nw:Knoten_Wuppertal_2906)", "dateprops": [], "properties": {"https://registry.gdi-de.org/up3/ontology/hoehe": "139.56", "https://registry.gdi-de.org/up3/ontology/knoten-ID": "2906", "http://rdfs.org/ns/void#inDataset.value": "33321"}, "geometry": {"type": "Point", "coordinates": [7.0858930198, 51.2354049473, 139.56]}}, {"type": "Feature", "id": "https://registry.gdi-de.org/de.nw/radnetz/instances/Knoten_Wuppertal_115410101", "name": " (ex-nw:Knoten_Wuppertal_115410101)", "dateprops": [], "properties": {"https://registry.gdi-de.org/up3/ontology/hoehe": "251.79", "https://registry.gdi-de.org/up3/ontology/knoten-ID": "115410101", "http://rdfs.org/ns/void#inDataset.value": "33321"}, "geometry": {"type": "Point", "coordinates": [7.205721051, 51.2164123702, 251.79]}}, {"type": "Feature", "id": "https://registry.gdi-de.org/de.nw/radnetz/instances/Knoten_Wuppertal_8839", "name": " (ex-nw:Knoten_Wuppertal_8839)", "dateprops": [], "properties": {"https://registry.gdi-de.org/up3/ontology/hoehe": "169.14", "https://registry.gdi-de.org/up3/ontology/knoten-ID": "8839", "http://rdfs.org/ns/void#inDataset.value": "33321"}, "geometry": {"type": "Point", "coordinates": [7.23312816, 51.2593302614, 169.14]}}, {"type": "Feature", "id": "https://registry.gdi-de.org/de.nw/radnetz/instances/Knoten_Wuppertal_2608", "name": " (ex-nw:Knoten_Wuppertal_2608)", "dateprops": [], "properties": {"https://registry.gdi-de.org/up3/ontology/hoehe": "198.71", "https://registry.gdi-de.org/up3/ontology/knoten-ID": "2608", "http://rdfs.org/ns/void#inDataset.value": "33321"}, "geometry": {"type": "Point", "coordinates": [7.0707174733, 51.2463581624, 198.71]}}, {"type": "Feature", "id": "https://registry.gdi-de.org/de.nw/radnetz/instances/Knoten_Wuppertal_10865", "name": " (ex-nw:Knoten_Wuppertal_10865)", "dateprops": [], "properties": {"https://registry.gdi-de.org/up3/ontology/hoehe": "149.57", "https://registry.gdi-de.org/up3/ontology/knoten-ID": "10865", "http://rdfs.org/ns/void#inDataset.value": "33321"}, "geometry": {"type": "Point", "coordinates": [7.1477375269, 51.2626244752, 149.57]}}, {"type": "Feature", "id": "https://registry.gdi-de.org/de.nw/radnetz/instances/Knoten_Wuppertal_6208", "name": " (ex-nw:Knoten_Wuppertal_6208)", "dateprops": [], "properties": {"https://registry.gdi-de.org/up3/ontology/hoehe": "184.49", "https://registry.gdi-de.org/up3/ontology/knoten-ID": "6208", "http://rdfs.org/ns/void#inDataset.value": "33321"}, "geometry": {"type": "Point", "coordinates": [7.1668434199, 51.2691588008, 184.49]}}, {"type": "Feature", "id": "https://registry.gdi-de.org/de.nw/radnetz/instances/Knoten_Wuppertal_119730101", "name": " (ex-nw:Knoten_Wuppertal_119730101)", "dateprops": [], "properties": {"https://registry.gdi-de.org/up3/ontology/hoehe": "154.43", "https://registry.gdi-de.org/up3/ontology/knoten-ID": "119730101", "http://rdfs.org/ns/void#inDataset.value": "33321"}, "geometry": {"type": "Point", "coordinates": [7.0869270591, 51.2470018221, 154.43]}}, {"type": "Feature", "id": "https://registry.gdi-de.org/de.nw/radnetz/instances/Knoten_Wuppertal_5276", "name": " (ex-nw:Knoten_Wuppertal_5276)", "dateprops": [], "properties": {"https://registry.gdi-de.org/up3/ontology/hoehe": "303.61", "https://registry.gdi-de.org/up3/ontology/knoten-ID": "5276", "http://rdfs.org/ns/void#inDataset.value": "33321"}, "geometry": {"type": "Point", "coordinates": [7.1498666731, 51.2169503293, 303.61]}}, {"type": "Feature", "id": "https://registry.gdi-de.org/de.nw/radnetz/instances/Knoten_Wuppertal_5330", "name": " (ex-nw:Knoten_Wuppertal_5330)", "dateprops": [], "properties": {"https://registry.gdi-de.org/up3/ontology/hoehe": "331.1", "https://registry.gdi-de.org/up3/ontology/knoten-ID": "5330", "http://rdfs.org/ns/void#inDataset.value": "33321"}, "geometry": {"type": "Point", "coordinates": [7.1501194186, 51.2308065563, 331.1]}}, {"type": "Feature", "id": "https://registry.gdi-de.org/de.nw/radnetz/instances/Knoten_Wuppertal_115570101", "name": " (ex-nw:Knoten_Wuppertal_115570101)", "dateprops": [], "properties": {"https://registry.gdi-de.org/up3/ontology/hoehe": "299.81", "https://registry.gdi-de.org/up3/ontology/knoten-ID": "115570101", "http://rdfs.org/ns/void#inDataset.value": "33321"}, "geometry": {"type": "Point", "coordinates": [7.2354328897, 51.2311174856, 299.81]}}, {"type": "Feature", "id": "https://registry.gdi-de.org/de.nw/radnetz/instances/Knoten_Wuppertal_7848", "name": " (ex-nw:Knoten_Wuppertal_7848)", "dateprops": [], "properties": {"https://registry.gdi-de.org/up3/ontology/hoehe": "157.24", "https://registry.gdi-de.org/up3/ontology/knoten-ID": "7848", "http://rdfs.org/ns/void#inDataset.value": "33321"}, "geometry": {"type": "Point", "coordinates": [7.2066494263, 51.2728473569, 157.24]}}, {"type": "Feature", "id": "https://registry.gdi-de.org/de.nw/radnetz/instances/Knoten_Wuppertal_2655", "name": " (ex-nw:Knoten_Wuppertal_2655)", "dateprops": [], "properties": {"https://registry.gdi-de.org/up3/ontology/hoehe": "186.54", "https://registry.gdi-de.org/up3/ontology/knoten-ID": "2655", "http://rdfs.org/ns/void#inDataset.value": "33321"}, "geometry": {"type": "Point", "coordinates": [7.072035535, 51.2510097473, 186.54]}}, {"type": "Feature", "id": "https://registry.gdi-de.org/de.nw/radnetz/instances/Knoten_Wuppertal_114550103", "name": " (ex-nw:Knoten_Wuppertal_114550103)", "dateprops": [], "properties": {"https://registry.gdi-de.org/up3/ontology/hoehe": "269.3", "https://registry.gdi-de.org/up3/ontology/knoten-ID": "114550103", "http://rdfs.org/ns/void#inDataset.value": "33321"}, "geometry": {"type": "Point", "coordinates": [7.1554569987, 51.2395601616, 269.3]}}, {"type": "Feature", "id": "https://registry.gdi-de.org/de.nw/radnetz/instances/Knoten_Wuppertal_7229", "name": " (ex-nw:Knoten_Wuppertal_7229)", "dateprops": [], "properties": {"https://registry.gdi-de.org/up3/ontology/hoehe": "153.27", "https://registry.gdi-de.org/up3/ontology/knoten-ID": "7229", "http://rdfs.org/ns/void#inDataset.value": "33321"}, "geometry": {"type": "Point", "coordinates": [7.1946809077, 51.2692806322, 153.27]}}, {"type": "Feature", "id": "https://registry.gdi-de.org/de.nw/radnetz/instances/Knoten_Wuppertal_6475", "name": " (ex-nw:Knoten_Wuppertal_6475)", "dateprops": [], "properties": {"https://registry.gdi-de.org/up3/ontology/hoehe": "151.2", "https://registry.gdi-de.org/up3/ontology/knoten-ID": "6475", "http://rdfs.org/ns/void#inDataset.value": "33321"}, "geometry": {"type": "Point", "coordinates": [7.1763406596, 51.2647817458, 151.2]}}, {"type": "Feature", "id": "https://registry.gdi-de.org/de.nw/radnetz/instances/Knoten_Wuppertal_2523", "name": " (ex-nw:Knoten_Wuppertal_2523)", "dateprops": [], "properties": {"https://registry.gdi-de.org/up3/ontology/hoehe": "177.13", "https://registry.gdi-de.org/up3/ontology/knoten-ID": "2523", "http://rdfs.org/ns/void#inDataset.value": "33321"}, "geometry": {"type": "Point", "coordinates": [7.0683859965, 51.2353012516, 177.13]}}, {"type": "Feature", "id": "https://registry.gdi-de.org/de.nw/radnetz/instances/Knoten_Wuppertal_5247", "name": " (ex-nw:Knoten_Wuppertal_5247)", "dateprops": [], "properties": {"https://registry.gdi-de.org/up3/ontology/hoehe": "148.37", "https://registry.gdi-de.org/up3/ontology/knoten-ID": "5247", "http://rdfs.org/ns/void#inDataset.value": "33321"}, "geometry": {"type": "Point", "coordinates": [7.147603757, 51.261672315, 148.37]}}, {"type": "Feature", "id": "https://registry.gdi-de.org/de.nw/radnetz/instances/Knoten_Wuppertal_8834", "name": " (ex-nw:Knoten_Wuppertal_8834)", "dateprops": [], "properties": {"https://registry.gdi-de.org/up3/ontology/hoehe": "163.51", "https://registry.gdi-de.org/up3/ontology/knoten-ID": "8834", "http://rdfs.org/ns/void#inDataset.value": "33321"}, "geometry": {"type": "Point", "coordinates": [7.2326142352, 51.2690258964, 163.51]}}, {"type": "Feature", "id": "https://registry.gdi-de.org/de.nw/radnetz/instances/Knoten_Wuppertal_2580", "name": " (ex-nw:Knoten_Wuppertal_2580)", "dateprops": [], "properties": {"https://registry.gdi-de.org/up3/ontology/hoehe": "207.28", "https://registry.gdi-de.org/up3/ontology/knoten-ID": "2580", "http://rdfs.org/ns/void#inDataset.value": "33321"}, "geometry": {"type": "Point", "coordinates": [7.0701059114, 51.2401175017, 207.28]}}, {"type": "Feature", "id": "https://registry.gdi-de.org/de.nw/radnetz/instances/Knoten_Wuppertal_60253", "name": " (ex-nw:Knoten_Wuppertal_60253)", "dateprops": [], "properties": {"https://registry.gdi-de.org/up3/ontology/hoehe": "180.81", "https://registry.gdi-de.org/up3/ontology/knoten-ID": "60253", "http://rdfs.org/ns/void#inDataset.value": "33321"}, "geometry": {"type": "Point", "coordinates": [7.1653050453, 51.268521135, 180.81]}}, {"type": "Feature", "id": "https://registry.gdi-de.org/de.nw/radnetz/instances/Knoten_Wuppertal_121990101", "name": " (ex-nw:Knoten_Wuppertal_121990101)", "dateprops": [], "properties": {"https://registry.gdi-de.org/up3/ontology/hoehe": "299.85", "https://registry.gdi-de.org/up3/ontology/knoten-ID": "121990101", "http://rdfs.org/ns/void#inDataset.value": "33321"}, "geometry": {"type": "Point", "coordinates": [7.2354200873, 51.2247565494, 299.85]}}, {"type": "Feature", "id": "https://registry.gdi-de.org/de.nw/radnetz/instances/Knoten_Wuppertal_110680203", "name": " (ex-nw:Knoten_Wuppertal_110680203)", "dateprops": [], "properties": {"https://registry.gdi-de.org/up3/ontology/hoehe": "158.86", "https://registry.gdi-de.org/up3/ontology/knoten-ID": "110680203", "http://rdfs.org/ns/void#inDataset.value": "33321"}, "geometry": {"type": "Point", "coordinates": [7.1036208299, 51.253789495, 158.86]}}, {"type": "Feature", "id": "https://registry.gdi-de.org/de.nw/radnetz/instances/Knoten_Wuppertal_60279", "name": " (ex-nw:Knoten_Wuppertal_60279)", "dateprops": [], "properties": {"https://registry.gdi-de.org/up3/ontology/hoehe": "188.84", "https://registry.gdi-de.org/up3/ontology/knoten-ID": "60279", "http://rdfs.org/ns/void#inDataset.value": "33321"}, "geometry": {"type": "Point", "coordinates": [7.2233552168, 51.2795724706, 188.84]}}, {"type": "Feature", "id": "https://registry.gdi-de.org/de.nw/radnetz/instances/Knoten_Wuppertal_60260", "name": " (ex-nw:Knoten_Wuppertal_60260)", "dateprops": [], "properties": {"https://registry.gdi-de.org/up3/ontology/hoehe": "181.35", "https://registry.gdi-de.org/up3/ontology/knoten-ID": "60260", "http://rdfs.org/ns/void#inDataset.value": "33321"}, "geometry": {"type": "Point", "coordinates": [7.190254795, 51.2724340432, 181.35]}}, {"type": "Feature", "id": "https://registry.gdi-de.org/de.nw/radnetz/instances/Knoten_Wuppertal_112360101", "name": " (ex-nw:Knoten_Wuppertal_112360101)", "dateprops": [], "properties": {"https://registry.gdi-de.org/up3/ontology/hoehe": "323.2", "https://registry.gdi-de.org/up3/ontology/knoten-ID": "112360101", "http://rdfs.org/ns/void#inDataset.value": "33321"}, "geometry": {"type": "Point", "coordinates": [7.1676382404, 51.2399131247, 323.2]}}, {"type": "Feature", "id": "https://registry.gdi-de.org/de.nw/radnetz/instances/Knoten_Wuppertal_5657", "name": " (ex-nw:Knoten_Wuppertal_5657)", "dateprops": [], "properties": {"https://registry.gdi-de.org/up3/ontology/hoehe": "289.47", "https://registry.gdi-de.org/up3/ontology/knoten-ID": "5657", "http://rdfs.org/ns/void#inDataset.value": "33321"}, "geometry": {"type": "Point", "coordinates": [7.1532635779, 51.303946863, 289.47]}}, {"type": "Feature", "id": "https://registry.gdi-de.org/de.nw/radnetz/instances/Knoten_Wuppertal_114050102", "name": " (ex-nw:Knoten_Wuppertal_114050102)", "dateprops": [], "properties": {"https://registry.gdi-de.org/up3/ontology/hoehe": "306.89", "https://registry.gdi-de.org/up3/ontology/knoten-ID": "114050102", "http://rdfs.org/ns/void#inDataset.value": "33321"}, "geometry": {"type": "Point", "coordinates": [7.150317048, 51.2174862922, 306.89]}}, {"type": "Feature", "id": "https://registry.gdi-de.org/de.nw/radnetz/instances/Knoten_Wuppertal_118350102", "name": " (ex-nw:Knoten_Wuppertal_118350102)", "dateprops": [], "properties": {"https://registry.gdi-de.org/up3/ontology/hoehe": "252.46", "https://registry.gdi-de.org/up3/ontology/knoten-ID": "118350102", "http://rdfs.org/ns/void#inDataset.value": "33321"}, "geometry": {"type": "Point", "coordinates": [7.1099484457, 51.287488638, 252.46]}}, {"type": "Feature", "id": "https://registry.gdi-de.org/de.nw/radnetz/instances/Knoten_Wuppertal_99999901", "name": " (ex-nw:Knoten_Wuppertal_99999901)", "dateprops": [], "properties": {"https://registry.gdi-de.org/up3/ontology/hoehe": "188.7", "https://registry.gdi-de.org/up3/ontology/knoten-ID": "99999901", "http://rdfs.org/ns/void#inDataset.value": "33321"}, "geometry": {"type": "Point", "coordinates": [7.2239084422, 51.2781280255, 188.7]}}, {"type": "Feature", "id": "https://registry.gdi-de.org/de.nw/radnetz/instances/Knoten_Wuppertal_3210", "name": " (ex-nw:Knoten_Wuppertal_3210)", "dateprops": [], "properties": {"https://registry.gdi-de.org/up3/ontology/hoehe": "200.34", "https://registry.gdi-de.org/up3/ontology/knoten-ID": "3210", "http://rdfs.org/ns/void#inDataset.value": "33321"}, "geometry": {"type": "Point", "coordinates": [7.0977898186, 51.2952671445, 200.34]}}, {"type": "Feature", "id": "https://registry.gdi-de.org/de.nw/radnetz/instances/Knoten_Wuppertal_110600101", "name": " (ex-nw:Knoten_Wuppertal_110600101)", "dateprops": [], "properties": {"https://registry.gdi-de.org/up3/ontology/hoehe": "315.07", "https://registry.gdi-de.org/up3/ontology/knoten-ID": "110600101", "http://rdfs.org/ns/void#inDataset.value": "33321"}, "geometry": {"type": "Point", "coordinates": [7.1905706165, 51.2249600269, 315.07]}}, {"type": "Feature", "id": "https://registry.gdi-de.org/de.nw/radnetz/instances/Knoten_Wuppertal_2709", "name": " (ex-nw:Knoten_Wuppertal_2709)", "dateprops": [], "properties": {"https://registry.gdi-de.org/up3/ontology/hoehe": "185.36", "https://registry.gdi-de.org/up3/ontology/knoten-ID": "2709", "http://rdfs.org/ns/void#inDataset.value": "33321"}, "geometry": {"type": "Point", "coordinates": [7.0737296429, 51.2530612012, 185.36]}}, {"type": "Feature", "id": "https://registry.gdi-de.org/de.nw/radnetz/instances/Knoten_Wuppertal_2764", "name": " (ex-nw:Knoten_Wuppertal_2764)", "dateprops": [], "properties": {"https://registry.gdi-de.org/up3/ontology/hoehe": "187.33", "https://registry.gdi-de.org/up3/ontology/knoten-ID": "2764", "http://rdfs.org/ns/void#inDataset.value": "33321"}, "geometry": {"type": "Point", "coordinates": [7.0770672335, 51.2455811832, 187.33]}}, {"type": "Feature", "id": "https://registry.gdi-de.org/de.nw/radnetz/instances/Knoten_Wuppertal_9480", "name": " (ex-nw:Knoten_Wuppertal_9480)", "dateprops": [], "properties": {"https://registry.gdi-de.org/up3/ontology/hoehe": "180.83", "https://registry.gdi-de.org/up3/ontology/knoten-ID": "9480", "http://rdfs.org/ns/void#inDataset.value": "33321"}, "geometry": {"type": "Point", "coordinates": [7.2562050491, 51.2836469456, 180.83]}}, {"type": "Feature", "id": "https://registry.gdi-de.org/de.nw/radnetz/instances/Knoten_Wuppertal_6949", "name": " (ex-nw:Knoten_Wuppertal_6949)", "dateprops": [], "properties": {"https://registry.gdi-de.org/up3/ontology/hoehe": "342.5", "https://registry.gdi-de.org/up3/ontology/knoten-ID": "6949", "http://rdfs.org/ns/void#inDataset.value": "33321"}, "geometry": {"type": "Point", "coordinates": [7.1906125292, 51.2434770573, 342.5]}}, {"type": "Feature", "id": "https://registry.gdi-de.org/de.nw/radnetz/instances/Knoten_Wuppertal_2604", "name": " (ex-nw:Knoten_Wuppertal_2604)", "dateprops": [], "properties": {"https://registry.gdi-de.org/up3/ontology/hoehe": "199.12", "https://registry.gdi-de.org/up3/ontology/knoten-ID": "2604", "http://rdfs.org/ns/void#inDataset.value": "33321"}, "geometry": {"type": "Point", "coordinates": [7.070604115, 51.2468266504, 199.12]}}, {"type": "Feature", "id": "https://registry.gdi-de.org/de.nw/radnetz/instances/Knoten_Wuppertal_9384", "name": " (ex-nw:Knoten_Wuppertal_9384)", "dateprops": [], "properties": {"https://registry.gdi-de.org/up3/ontology/hoehe": "216.23", "https://registry.gdi-de.org/up3/ontology/knoten-ID": "9384", "http://rdfs.org/ns/void#inDataset.value": "33321"}, "geometry": {"type": "Point", "coordinates": [7.2519066412, 51.2903772954, 216.23]}}, {"type": "Feature", "id": "https://registry.gdi-de.org/de.nw/radnetz/instances/Knoten_Wuppertal_115530102", "name": " (ex-nw:Knoten_Wuppertal_115530102)", "dateprops": [], "properties": {"https://registry.gdi-de.org/up3/ontology/hoehe": "260.38", "https://registry.gdi-de.org/up3/ontology/knoten-ID": "115530102", "http://rdfs.org/ns/void#inDataset.value": "33321"}, "geometry": {"type": "Point", "coordinates": [7.2292747788, 51.2434831309, 260.38]}}, {"type": "Feature", "id": "https://registry.gdi-de.org/de.nw/radnetz/instances/Knoten_Wuppertal_115510102", "name": " (ex-nw:Knoten_Wuppertal_115510102)", "dateprops": [], "properties": {"https://registry.gdi-de.org/up3/ontology/hoehe": "174.05", "https://registry.gdi-de.org/up3/ontology/knoten-ID": "115510102", "http://rdfs.org/ns/void#inDataset.value": "33321"}, "geometry": {"type": "Point", "coordinates": [7.2310781383, 51.2565748455, 174.05]}}, {"type": "Feature", "id": "https://registry.gdi-de.org/de.nw/radnetz/instances/Knoten_Wuppertal_3168", "name": " (ex-nw:Knoten_Wuppertal_3168)", "dateprops": [], "properties": {"https://registry.gdi-de.org/up3/ontology/hoehe": "206.58", "https://registry.gdi-de.org/up3/ontology/knoten-ID": "3168", "http://rdfs.org/ns/void#inDataset.value": "33321"}, "geometry": {"type": "Point", "coordinates": [7.0958555493, 51.2922970675, 206.58]}}, {"type": "Feature", "id": "https://registry.gdi-de.org/de.nw/radnetz/instances/Knoten_Wuppertal_5218", "name": " (ex-nw:Knoten_Wuppertal_5218)", "dateprops": [], "properties": {"https://registry.gdi-de.org/up3/ontology/hoehe": "146.06", "https://registry.gdi-de.org/up3/ontology/knoten-ID": "5218", "http://rdfs.org/ns/void#inDataset.value": "33321"}, "geometry": {"type": "Point", "coordinates": [7.1471372708, 51.2591173911, 146.06]}}, {"type": "Feature", "id": "https://registry.gdi-de.org/de.nw/radnetz/instances/Knoten_Wuppertal_60198", "name": " (ex-nw:Knoten_Wuppertal_60198)", "dateprops": [], "properties": {"https://registry.gdi-de.org/up3/ontology/hoehe": "139.79", "https://registry.gdi-de.org/up3/ontology/knoten-ID": "60198", "http://rdfs.org/ns/void#inDataset.value": "33321"}, "geometry": {"type": "Point", "coordinates": [7.102750978, 51.2381657893, 139.79]}}, {"type": "Feature", "id": "https://registry.gdi-de.org/de.nw/radnetz/instances/Knoten_Wuppertal_111550101", "name": " (ex-nw:Knoten_Wuppertal_111550101)", "dateprops": [], "properties": {"https://registry.gdi-de.org/up3/ontology/hoehe": "280.16", "https://registry.gdi-de.org/up3/ontology/knoten-ID": "111550101", "http://rdfs.org/ns/void#inDataset.value": "33321"}, "geometry": {"type": "Point", "coordinates": [7.1818978454, 51.2901022987, 280.16]}}, {"type": "Feature", "id": "https://registry.gdi-de.org/de.nw/radnetz/instances/Knoten_Wuppertal_121350101", "name": " (ex-nw:Knoten_Wuppertal_121350101)", "dateprops": [], "properties": {"https://registry.gdi-de.org/up3/ontology/hoehe": "275.88", "https://registry.gdi-de.org/up3/ontology/knoten-ID": "121350101", "http://rdfs.org/ns/void#inDataset.value": "33321"}, "geometry": {"type": "Point", "coordinates": [7.2207129166, 51.2193454008, 275.88]}}, {"type": "Feature", "id": "https://registry.gdi-de.org/de.nw/radnetz/instances/Knoten_Wuppertal_113280101", "name": " (ex-nw:Knoten_Wuppertal_113280101)", "dateprops": [], "properties": {"https://registry.gdi-de.org/up3/ontology/hoehe": "210.3", "https://registry.gdi-de.org/up3/ontology/knoten-ID": "113280101", "http://rdfs.org/ns/void#inDataset.value": "33321"}, "geometry": {"type": "Point", "coordinates": [7.0598345543, 51.2345105118, 210.3]}}, {"type": "Feature", "id": "https://registry.gdi-de.org/de.nw/radnetz/instances/Knoten_Wuppertal_1189690296", "name": " (ex-nw:Knoten_Wuppertal_1189690296)", "dateprops": [], "properties": {"https://registry.gdi-de.org/up3/ontology/hoehe": "161.43", "https://registry.gdi-de.org/up3/ontology/knoten-ID": "1189690296", "http://rdfs.org/ns/void#inDataset.value": "33321"}, "geometry": {"type": "Point", "coordinates": [7.1458424582, 51.2631794415, 161.43]}}, {"type": "Feature", "id": "https://registry.gdi-de.org/de.nw/radnetz/instances/Knoten_Wuppertal_112100102", "name": " (ex-nw:Knoten_Wuppertal_112100102)", "dateprops": [], "properties": {"https://registry.gdi-de.org/up3/ontology/hoehe": "212.19", "https://registry.gdi-de.org/up3/ontology/knoten-ID": "112100102", "http://rdfs.org/ns/void#inDataset.value": "33321"}, "geometry": {"type": "Point", "coordinates": [7.1723047711, 51.2822399214, 212.19]}}, {"type": "Feature", "id": "https://registry.gdi-de.org/de.nw/radnetz/instances/Knoten_Wuppertal_115530101", "name": " (ex-nw:Knoten_Wuppertal_115530101)", "dateprops": [], "properties": {"https://registry.gdi-de.org/up3/ontology/hoehe": "255.86", "https://registry.gdi-de.org/up3/ontology/knoten-ID": "115530101", "http://rdfs.org/ns/void#inDataset.value": "33321"}, "geometry": {"type": "Point", "coordinates": [7.2287833972, 51.244118844, 255.86]}}, {"type": "Feature", "id": "https://registry.gdi-de.org/de.nw/radnetz/instances/Knoten_Wuppertal_3752", "name": " (ex-nw:Knoten_Wuppertal_3752)", "dateprops": [], "properties": {"https://registry.gdi-de.org/up3/ontology/hoehe": "275.57", "https://registry.gdi-de.org/up3/ontology/knoten-ID": "3752", "http://rdfs.org/ns/void#inDataset.value": "33321"}, "geometry": {"type": "Point", "coordinates": [7.1194358187, 51.2369402103, 275.57]}}, {"type": "Feature", "id": "https://registry.gdi-de.org/de.nw/radnetz/instances/Knoten_Wuppertal_1189690451", "name": " (ex-nw:Knoten_Wuppertal_1189690451)", "dateprops": [], "properties": {"https://registry.gdi-de.org/up3/ontology/hoehe": "212.91", "https://registry.gdi-de.org/up3/ontology/knoten-ID": "1189690451", "http://rdfs.org/ns/void#inDataset.value": "33321"}, "geometry": {"type": "Point", "coordinates": [7.15992905, 51.2752506785, 212.91]}}, {"type": "Feature", "id": "https://registry.gdi-de.org/de.nw/radnetz/instances/Knoten_Wuppertal_8880", "name": " (ex-nw:Knoten_Wuppertal_8880)", "dateprops": [], "properties": {"https://registry.gdi-de.org/up3/ontology/hoehe": "165.03", "https://registry.gdi-de.org/up3/ontology/knoten-ID": "8880", "http://rdfs.org/ns/void#inDataset.value": "33321"}, "geometry": {"type": "Point", "coordinates": [7.2341186189, 51.2668296687, 165.03]}}, {"type": "Feature", "id": "https://registry.gdi-de.org/de.nw/radnetz/instances/Knoten_Wuppertal_9005", "name": " (ex-nw:Knoten_Wuppertal_9005)", "dateprops": [], "properties": {"https://registry.gdi-de.org/up3/ontology/hoehe": "171.82", "https://registry.gdi-de.org/up3/ontology/knoten-ID": "9005", "http://rdfs.org/ns/void#inDataset.value": "33321"}, "geometry": {"type": "Point", "coordinates": [7.2376857966, 51.2789862092, 171.82]}}, {"type": "Feature", "id": "https://registry.gdi-de.org/de.nw/radnetz/instances/Knoten_Wuppertal_60239", "name": " (ex-nw:Knoten_Wuppertal_60239)", "dateprops": [], "properties": {"https://registry.gdi-de.org/up3/ontology/hoehe": "176.37", "https://registry.gdi-de.org/up3/ontology/knoten-ID": "60239", "http://rdfs.org/ns/void#inDataset.value": "33321"}, "geometry": {"type": "Point", "coordinates": [7.1387696389, 51.2659652541, 176.37]}}, {"type": "Feature", "id": "https://registry.gdi-de.org/de.nw/radnetz/instances/Knoten_Wuppertal_60296", "name": " (ex-nw:Knoten_Wuppertal_60296)", "dateprops": [], "properties": {"https://registry.gdi-de.org/up3/ontology/hoehe": "249.64", "https://registry.gdi-de.org/up3/ontology/knoten-ID": "60296", "http://rdfs.org/ns/void#inDataset.value": "33321"}, "geometry": {"type": "Point", "coordinates": [7.2411012977, 51.3068592605, 249.64]}}, {"type": "Feature", "id": "https://registry.gdi-de.org/de.nw/radnetz/instances/Knoten_Wuppertal_113250102", "name": " (ex-nw:Knoten_Wuppertal_113250102)", "dateprops": [], "properties": {"https://registry.gdi-de.org/up3/ontology/hoehe": "207.81", "https://registry.gdi-de.org/up3/ontology/knoten-ID": "113250102", "http://rdfs.org/ns/void#inDataset.value": "33321"}, "geometry": {"type": "Point", "coordinates": [7.081323381, 51.2547049261, 207.81]}}, {"type": "Feature", "id": "https://registry.gdi-de.org/de.nw/radnetz/instances/Knoten_Wuppertal_1189690523", "name": " (ex-nw:Knoten_Wuppertal_1189690523)", "dateprops": [], "properties": {"https://registry.gdi-de.org/up3/ontology/hoehe": "199.88", "https://registry.gdi-de.org/up3/ontology/knoten-ID": "1189690523", "http://rdfs.org/ns/void#inDataset.value": "33321"}, "geometry": {"type": "Point", "coordinates": [7.0677144265, 51.2266168403, 199.88]}}, {"type": "Feature", "id": "https://registry.gdi-de.org/de.nw/radnetz/instances/Knoten_Wuppertal_113200305", "name": " (ex-nw:Knoten_Wuppertal_113200305)", "dateprops": [], "properties": {"https://registry.gdi-de.org/up3/ontology/hoehe": "178.39", "https://registry.gdi-de.org/up3/ontology/knoten-ID": "113200305", "http://rdfs.org/ns/void#inDataset.value": "33321"}, "geometry": {"type": "Point", "coordinates": [7.0693865977, 51.2350493744, 178.39]}}, {"type": "Feature", "id": "https://registry.gdi-de.org/de.nw/radnetz/instances/Knoten_Wuppertal_2364", "name": " (ex-nw:Knoten_Wuppertal_2364)", "dateprops": [], "properties": {"https://registry.gdi-de.org/up3/ontology/hoehe": "195.93", "https://registry.gdi-de.org/up3/ontology/knoten-ID": "2364", "http://rdfs.org/ns/void#inDataset.value": "33321"}, "geometry": {"type": "Point", "coordinates": [7.0616310792, 51.2320235321, 195.93]}}, {"type": "Feature", "id": "https://registry.gdi-de.org/de.nw/radnetz/instances/Knoten_Wuppertal_2344", "name": " (ex-nw:Knoten_Wuppertal_2344)", "dateprops": [], "properties": {"https://registry.gdi-de.org/up3/ontology/hoehe": "211.71", "https://registry.gdi-de.org/up3/ontology/knoten-ID": "2344", "http://rdfs.org/ns/void#inDataset.value": "33321"}, "geometry": {"type": "Point", "coordinates": [7.0606244956, 51.2349451905, 211.71]}}, {"type": "Feature", "id": "https://registry.gdi-de.org/de.nw/radnetz/instances/Knoten_Wuppertal_3292", "name": " (ex-nw:Knoten_Wuppertal_3292)", "dateprops": [], "properties": {"https://registry.gdi-de.org/up3/ontology/hoehe": "143.96", "https://registry.gdi-de.org/up3/ontology/knoten-ID": "3292", "http://rdfs.org/ns/void#inDataset.value": "33321"}, "geometry": {"type": "Point", "coordinates": [7.1038623294, 51.2480899252, 143.96]}}, {"type": "Feature", "id": "https://registry.gdi-de.org/de.nw/radnetz/instances/Knoten_Wuppertal_1189691342", "name": " (ex-nw:Knoten_Wuppertal_1189691342)", "dateprops": [], "properties": {"https://registry.gdi-de.org/up3/ontology/hoehe": "342.0", "https://registry.gdi-de.org/up3/ontology/knoten-ID": "1189691342", "http://rdfs.org/ns/void#inDataset.value": "33321"}, "geometry": {"type": "Point", "coordinates": [7.2501642961, 51.1807777903, 342.0]}}, {"type": "Feature", "id": "https://registry.gdi-de.org/de.nw/radnetz/instances/Knoten_Wuppertal_5171", "name": " (ex-nw:Knoten_Wuppertal_5171)", "dateprops": [], "properties": {"https://registry.gdi-de.org/up3/ontology/hoehe": "144.86", "https://registry.gdi-de.org/up3/ontology/knoten-ID": "5171", "http://rdfs.org/ns/void#inDataset.value": "33321"}, "geometry": {"type": "Point", "coordinates": [7.146538349, 51.2553501562, 144.86]}}, {"type": "Feature", "id": "https://registry.gdi-de.org/de.nw/radnetz/instances/Knoten_Wuppertal_114310102", "name": " (ex-nw:Knoten_Wuppertal_114310102)", "dateprops": [], "properties": {"https://registry.gdi-de.org/up3/ontology/hoehe": "248.39", "https://registry.gdi-de.org/up3/ontology/knoten-ID": "114310102", "http://rdfs.org/ns/void#inDataset.value": "33321"}, "geometry": {"type": "Point", "coordinates": [7.1165910096, 51.2019104959, 248.39]}}, {"type": "Feature", "id": "https://registry.gdi-de.org/de.nw/radnetz/instances/Knoten_Wuppertal_8732", "name": " (ex-nw:Knoten_Wuppertal_8732)", "dateprops": [], "properties": {"https://registry.gdi-de.org/up3/ontology/hoehe": "264.03", "https://registry.gdi-de.org/up3/ontology/knoten-ID": "8732", "http://rdfs.org/ns/void#inDataset.value": "33321"}, "geometry": {"type": "Point", "coordinates": [7.2301068598, 51.2432185628, 264.03]}}, {"type": "Feature", "id": "https://registry.gdi-de.org/de.nw/radnetz/instances/Knoten_Wuppertal_4422", "name": " (ex-nw:Knoten_Wuppertal_4422)", "dateprops": [], "properties": {"https://registry.gdi-de.org/up3/ontology/hoehe": "300.45", "https://registry.gdi-de.org/up3/ontology/knoten-ID": "4422", "http://rdfs.org/ns/void#inDataset.value": "33321"}, "geometry": {"type": "Point", "coordinates": [7.1341655172, 51.2074868818, 300.45]}}, {"type": "Feature", "id": "https://registry.gdi-de.org/de.nw/radnetz/instances/Knoten_Wuppertal_4723", "name": " (ex-nw:Knoten_Wuppertal_4723)", "dateprops": [], "properties": {"https://registry.gdi-de.org/up3/ontology/hoehe": "142.24", "https://registry.gdi-de.org/up3/ontology/knoten-ID": "4723", "http://rdfs.org/ns/void#inDataset.value": "33321"}, "geometry": {"type": "Point", "coordinates": [7.1391970801, 51.2543500209, 142.24]}}, {"type": "Feature", "id": "https://registry.gdi-de.org/de.nw/radnetz/instances/Knoten_Wuppertal_9284", "name": " (ex-nw:Knoten_Wuppertal_9284)", "dateprops": [], "properties": {"https://registry.gdi-de.org/up3/ontology/hoehe": "200.95", "https://registry.gdi-de.org/up3/ontology/knoten-ID": "9284", "http://rdfs.org/ns/void#inDataset.value": "33321"}, "geometry": {"type": "Point", "coordinates": [7.248599334, 51.2755173193, 200.95]}}, {"type": "Feature", "id": "https://registry.gdi-de.org/de.nw/radnetz/instances/Knoten_Wuppertal_60230", "name": " (ex-nw:Knoten_Wuppertal_60230)", "dateprops": [], "properties": {"https://registry.gdi-de.org/up3/ontology/hoehe": "176.48", "https://registry.gdi-de.org/up3/ontology/knoten-ID": "60230", "http://rdfs.org/ns/void#inDataset.value": "33321"}, "geometry": {"type": "Point", "coordinates": [7.1208253384, 51.2620863965, 176.48]}}, {"type": "Feature", "id": "https://registry.gdi-de.org/de.nw/radnetz/instances/Knoten_Wuppertal_114620101", "name": " (ex-nw:Knoten_Wuppertal_114620101)", "dateprops": [], "properties": {"https://registry.gdi-de.org/up3/ontology/hoehe": "244.56", "https://registry.gdi-de.org/up3/ontology/knoten-ID": "114620101", "http://rdfs.org/ns/void#inDataset.value": "33321"}, "geometry": {"type": "Point", "coordinates": [7.0991032726, 51.2650122647, 244.56]}}, {"type": "Feature", "id": "https://registry.gdi-de.org/de.nw/radnetz/instances/Knoten_Wuppertal_9452", "name": " (ex-nw:Knoten_Wuppertal_9452)", "dateprops": [], "properties": {"https://registry.gdi-de.org/up3/ontology/hoehe": "189.94", "https://registry.gdi-de.org/up3/ontology/knoten-ID": "9452", "http://rdfs.org/ns/void#inDataset.value": "33321"}, "geometry": {"type": "Point", "coordinates": [7.2546860833, 51.2848037824, 189.94]}}, {"type": "Feature", "id": "https://registry.gdi-de.org/de.nw/radnetz/instances/Knoten_Wuppertal_5074", "name": " (ex-nw:Knoten_Wuppertal_5074)", "dateprops": [], "properties": {"https://registry.gdi-de.org/up3/ontology/hoehe": "172.28", "https://registry.gdi-de.org/up3/ontology/knoten-ID": "5074", "http://rdfs.org/ns/void#inDataset.value": "33321"}, "geometry": {"type": "Point", "coordinates": [7.1445395894, 51.2662993071, 172.28]}}, {"type": "Feature", "id": "https://registry.gdi-de.org/de.nw/radnetz/instances/Knoten_Wuppertal_114310101", "name": " (ex-nw:Knoten_Wuppertal_114310101)", "dateprops": [], "properties": {"https://registry.gdi-de.org/up3/ontology/hoehe": "224.72", "https://registry.gdi-de.org/up3/ontology/knoten-ID": "114310101", "http://rdfs.org/ns/void#inDataset.value": "33321"}, "geometry": {"type": "Point", "coordinates": [7.1138414382, 51.200275464, 224.72]}}, {"type": "Feature", "id": "https://registry.gdi-de.org/de.nw/radnetz/instances/Knoten_Wuppertal_5380", "name": " (ex-nw:Knoten_Wuppertal_5380)", "dateprops": [], "properties": {"https://registry.gdi-de.org/up3/ontology/hoehe": "172.3", "https://registry.gdi-de.org/up3/ontology/knoten-ID": "5380", "http://rdfs.org/ns/void#inDataset.value": "33321"}, "geometry": {"type": "Point", "coordinates": [7.149257496, 51.2728946362, 172.3]}}, {"type": "Feature", "id": "https://registry.gdi-de.org/de.nw/radnetz/instances/Knoten_Wuppertal_1189691250", "name": " (ex-nw:Knoten_Wuppertal_1189691250)", "dateprops": [], "properties": {"https://registry.gdi-de.org/up3/ontology/hoehe": "158.58", "https://registry.gdi-de.org/up3/ontology/knoten-ID": "1189691250", "http://rdfs.org/ns/void#inDataset.value": "33321"}, "geometry": {"type": "Point", "coordinates": [7.2155343199, 51.2747316091, 158.58]}}, {"type": "Feature", "id": "https://registry.gdi-de.org/de.nw/radnetz/instances/Knoten_Wuppertal_6001", "name": " (ex-nw:Knoten_Wuppertal_6001)", "dateprops": [], "properties": {"https://registry.gdi-de.org/up3/ontology/hoehe": "148.0", "https://registry.gdi-de.org/up3/ontology/knoten-ID": "6001", "http://rdfs.org/ns/void#inDataset.value": "33321"}, "geometry": {"type": "Point", "coordinates": [7.1619243207, 51.2580395689, 148.0]}}, {"type": "Feature", "id": "https://registry.gdi-de.org/de.nw/radnetz/instances/Knoten_Wuppertal_1189691374", "name": " (ex-nw:Knoten_Wuppertal_1189691374)", "dateprops": [], "properties": {"https://registry.gdi-de.org/up3/ontology/hoehe": "183.1", "https://registry.gdi-de.org/up3/ontology/knoten-ID": "1189691374", "http://rdfs.org/ns/void#inDataset.value": "33321"}, "geometry": {"type": "Point", "coordinates": [7.2028066806, 51.2776413531, 183.1]}}, {"type": "Feature", "id": "https://registry.gdi-de.org/de.nw/radnetz/instances/Knoten_Wuppertal_8817", "name": " (ex-nw:Knoten_Wuppertal_8817)", "dateprops": [], "properties": {"https://registry.gdi-de.org/up3/ontology/hoehe": "163.53", "https://registry.gdi-de.org/up3/ontology/knoten-ID": "8817", "http://rdfs.org/ns/void#inDataset.value": "33321"}, "geometry": {"type": "Point", "coordinates": [7.2321517907, 51.2696038242, 163.53]}}, {"type": "Feature", "id": "https://registry.gdi-de.org/de.nw/radnetz/instances/Knoten_Wuppertal_115500102", "name": " (ex-nw:Knoten_Wuppertal_115500102)", "dateprops": [], "properties": {"https://registry.gdi-de.org/up3/ontology/hoehe": "180.7", "https://registry.gdi-de.org/up3/ontology/knoten-ID": "115500102", "http://rdfs.org/ns/void#inDataset.value": "33321"}, "geometry": {"type": "Point", "coordinates": [7.2297600522, 51.2584307445, 180.7]}}, {"type": "Feature", "id": "https://registry.gdi-de.org/de.nw/radnetz/instances/Knoten_Wuppertal_1189691290", "name": " (ex-nw:Knoten_Wuppertal_1189691290)", "dateprops": [], "properties": {"https://registry.gdi-de.org/up3/ontology/hoehe": "197.58", "https://registry.gdi-de.org/up3/ontology/knoten-ID": "1189691290", "http://rdfs.org/ns/void#inDataset.value": "33321"}, "geometry": {"type": "Point", "coordinates": [7.0344834693, 51.2089743657, 197.58]}}, {"type": "Feature", "id": "https://registry.gdi-de.org/de.nw/radnetz/instances/Knoten_Wuppertal_6935", "name": " (ex-nw:Knoten_Wuppertal_6935)", "dateprops": [], "properties": {"https://registry.gdi-de.org/up3/ontology/hoehe": "314.88", "https://registry.gdi-de.org/up3/ontology/knoten-ID": "6935", "http://rdfs.org/ns/void#inDataset.value": "33321"}, "geometry": {"type": "Point", "coordinates": [7.1910677868, 51.2220429685, 314.88]}}, {"type": "Feature", "id": "https://registry.gdi-de.org/de.nw/radnetz/instances/Knoten_Wuppertal_2976", "name": " (ex-nw:Knoten_Wuppertal_2976)", "dateprops": [], "properties": {"https://registry.gdi-de.org/up3/ontology/hoehe": "136.95", "https://registry.gdi-de.org/up3/ontology/knoten-ID": "2976", "http://rdfs.org/ns/void#inDataset.value": "33321"}, "geometry": {"type": "Point", "coordinates": [7.0893794992, 51.2360983904, 136.95]}}, {"type": "Feature", "id": "https://registry.gdi-de.org/de.nw/radnetz/instances/Knoten_Wuppertal_111810701", "name": " (ex-nw:Knoten_Wuppertal_111810701)", "dateprops": [], "properties": {"https://registry.gdi-de.org/up3/ontology/hoehe": "156.91", "https://registry.gdi-de.org/up3/ontology/knoten-ID": "111810701", "http://rdfs.org/ns/void#inDataset.value": "33321"}, "geometry": {"type": "Point", "coordinates": [7.2064370343, 51.2725257258, 156.91]}}, {"type": "Feature", "id": "https://registry.gdi-de.org/de.nw/radnetz/instances/Knoten_Wuppertal_2963", "name": " (ex-nw:Knoten_Wuppertal_2963)", "dateprops": [], "properties": {"https://registry.gdi-de.org/up3/ontology/hoehe": "153.83", "https://registry.gdi-de.org/up3/ontology/knoten-ID": "2963", "http://rdfs.org/ns/void#inDataset.value": "33321"}, "geometry": {"type": "Point", "coordinates": [7.0883828809, 51.2468516338, 153.83]}}, {"type": "Feature", "id": "https://registry.gdi-de.org/de.nw/radnetz/instances/Knoten_Wuppertal_60263", "name": " (ex-nw:Knoten_Wuppertal_60263)", "dateprops": [], "properties": {"https://registry.gdi-de.org/up3/ontology/hoehe": "182.34", "https://registry.gdi-de.org/up3/ontology/knoten-ID": "60263", "http://rdfs.org/ns/void#inDataset.value": "33321"}, "geometry": {"type": "Point", "coordinates": [7.1975822081, 51.2742948215, 182.34]}}, {"type": "Feature", "id": "https://registry.gdi-de.org/de.nw/radnetz/instances/Knoten_Wuppertal_112890101", "name": " (ex-nw:Knoten_Wuppertal_112890101)", "dateprops": [], "properties": {"https://registry.gdi-de.org/up3/ontology/hoehe": "291.0", "https://registry.gdi-de.org/up3/ontology/knoten-ID": "112890101", "http://rdfs.org/ns/void#inDataset.value": "33321"}, "geometry": {"type": "Point", "coordinates": [7.1449270813, 51.2831406909, 291.0]}}, {"type": "Feature", "id": "https://registry.gdi-de.org/de.nw/radnetz/instances/Knoten_Wuppertal_9286", "name": " (ex-nw:Knoten_Wuppertal_9286)", "dateprops": [], "properties": {"https://registry.gdi-de.org/up3/ontology/hoehe": "317.67", "https://registry.gdi-de.org/up3/ontology/knoten-ID": "9286", "http://rdfs.org/ns/void#inDataset.value": "33321"}, "geometry": {"type": "Point", "coordinates": [7.2472386828, 51.3122669047, 317.67]}}, {"type": "Feature", "id": "https://registry.gdi-de.org/de.nw/radnetz/instances/Knoten_Wuppertal_112350102", "name": " (ex-nw:Knoten_Wuppertal_112350102)", "dateprops": [], "properties": {"https://registry.gdi-de.org/up3/ontology/hoehe": "278.02", "https://registry.gdi-de.org/up3/ontology/knoten-ID": "112350102", "http://rdfs.org/ns/void#inDataset.value": "33321"}, "geometry": {"type": "Point", "coordinates": [7.1697232928, 51.2433440097, 278.02]}}, {"type": "Feature", "id": "https://registry.gdi-de.org/de.nw/radnetz/instances/Knoten_Wuppertal_114320102", "name": " (ex-nw:Knoten_Wuppertal_114320102)", "dateprops": [], "properties": {"https://registry.gdi-de.org/up3/ontology/hoehe": "115.35", "https://registry.gdi-de.org/up3/ontology/knoten-ID": "114320102", "http://rdfs.org/ns/void#inDataset.value": "33321"}, "geometry": {"type": "Point", "coordinates": [7.109813482, 51.1936407529, 115.35]}}, {"type": "Feature", "id": "https://registry.gdi-de.org/de.nw/radnetz/instances/Knoten_Wuppertal_2441", "name": " (ex-nw:Knoten_Wuppertal_2441)", "dateprops": [], "properties": {"https://registry.gdi-de.org/up3/ontology/hoehe": "200.36", "https://registry.gdi-de.org/up3/ontology/knoten-ID": "2441", "http://rdfs.org/ns/void#inDataset.value": "33321"}, "geometry": {"type": "Point", "coordinates": [7.0644925789, 51.234301364, 200.36]}}, {"type": "Feature", "id": "https://registry.gdi-de.org/de.nw/radnetz/instances/Knoten_Wuppertal_6401", "name": " (ex-nw:Knoten_Wuppertal_6401)", "dateprops": [], "properties": {"https://registry.gdi-de.org/up3/ontology/hoehe": "214.29", "https://registry.gdi-de.org/up3/ontology/knoten-ID": "6401", "http://rdfs.org/ns/void#inDataset.value": "33321"}, "geometry": {"type": "Point", "coordinates": [7.1727154043, 51.2829812574, 214.29]}}, {"type": "Feature", "id": "https://registry.gdi-de.org/de.nw/radnetz/instances/Knoten_Wuppertal_5491", "name": " (ex-nw:Knoten_Wuppertal_5491)", "dateprops": [], "properties": {"https://registry.gdi-de.org/up3/ontology/hoehe": "144.39", "https://registry.gdi-de.org/up3/ontology/knoten-ID": "5491", "http://rdfs.org/ns/void#inDataset.value": "33321"}, "geometry": {"type": "Point", "coordinates": [7.151848776, 51.2585687745, 144.39]}}, {"type": "Feature", "id": "https://registry.gdi-de.org/de.nw/radnetz/instances/Knoten_Wuppertal_2465", "name": " (ex-nw:Knoten_Wuppertal_2465)", "dateprops": [], "properties": {"https://registry.gdi-de.org/up3/ontology/hoehe": "185.04", "https://registry.gdi-de.org/up3/ontology/knoten-ID": "2465", "http://rdfs.org/ns/void#inDataset.value": "33321"}, "geometry": {"type": "Point", "coordinates": [7.0656190344, 51.2317355198, 185.04]}}, {"type": "Feature", "id": "https://registry.gdi-de.org/de.nw/radnetz/instances/Knoten_Wuppertal_60212", "name": " (ex-nw:Knoten_Wuppertal_60212)", "dateprops": [], "properties": {"https://registry.gdi-de.org/up3/ontology/hoehe": "169.44", "https://registry.gdi-de.org/up3/ontology/knoten-ID": "60212", "http://rdfs.org/ns/void#inDataset.value": "33321"}, "geometry": {"type": "Point", "coordinates": [7.0523924074, 51.2242666945, 169.44]}}, {"type": "Feature", "id": "https://registry.gdi-de.org/de.nw/radnetz/instances/Knoten_Wuppertal_11028", "name": " (ex-nw:Knoten_Wuppertal_11028)", "dateprops": [], "properties": {"https://registry.gdi-de.org/up3/ontology/hoehe": "173.11", "https://registry.gdi-de.org/up3/ontology/knoten-ID": "11028", "http://rdfs.org/ns/void#inDataset.value": "33321"}, "geometry": {"type": "Point", "coordinates": [7.2286437157, 51.2733200847, 173.11]}}, {"type": "Feature", "id": "https://registry.gdi-de.org/de.nw/radnetz/instances/Knoten_Wuppertal_3171", "name": " (ex-nw:Knoten_Wuppertal_3171)", "dateprops": [], "properties": {"https://registry.gdi-de.org/up3/ontology/hoehe": "252.29", "https://registry.gdi-de.org/up3/ontology/knoten-ID": "3171", "http://rdfs.org/ns/void#inDataset.value": "33321"}, "geometry": {"type": "Point", "coordinates": [7.0971274508, 51.2628241569, 252.29]}}, {"type": "Feature", "id": "https://registry.gdi-de.org/de.nw/radnetz/instances/Knoten_Wuppertal_9008", "name": " (ex-nw:Knoten_Wuppertal_9008)", "dateprops": [], "properties": {"https://registry.gdi-de.org/up3/ontology/hoehe": "192.78", "https://registry.gdi-de.org/up3/ontology/knoten-ID": "9008", "http://rdfs.org/ns/void#inDataset.value": "33321"}, "geometry": {"type": "Point", "coordinates": [7.2381466232, 51.2701450524, 192.78]}}, {"type": "Feature", "id": "https://registry.gdi-de.org/de.nw/radnetz/instances/Knoten_Wuppertal_114020102", "name": " (ex-nw:Knoten_Wuppertal_114020102)", "dateprops": [], "properties": {"https://registry.gdi-de.org/up3/ontology/hoehe": "298.26", "https://registry.gdi-de.org/up3/ontology/knoten-ID": "114020102", "http://rdfs.org/ns/void#inDataset.value": "33321"}, "geometry": {"type": "Point", "coordinates": [7.1403234833, 51.2111212323, 298.26]}}, {"type": "Feature", "id": "https://registry.gdi-de.org/de.nw/radnetz/instances/Knoten_Wuppertal_112040101", "name": " (ex-nw:Knoten_Wuppertal_112040101)", "dateprops": [], "properties": {"https://registry.gdi-de.org/up3/ontology/hoehe": "169.69", "https://registry.gdi-de.org/up3/ontology/knoten-ID": "112040101", "http://rdfs.org/ns/void#inDataset.value": "33321"}, "geometry": {"type": "Point", "coordinates": [7.1487965974, 51.271839714, 169.69]}}, {"type": "Feature", "id": "https://registry.gdi-de.org/de.nw/radnetz/instances/Knoten_Wuppertal_1189691379", "name": " (ex-nw:Knoten_Wuppertal_1189691379)", "dateprops": [], "properties": {"https://registry.gdi-de.org/up3/ontology/hoehe": "188.3", "https://registry.gdi-de.org/up3/ontology/knoten-ID": "1189691379", "http://rdfs.org/ns/void#inDataset.value": "33321"}, "geometry": {"type": "Point", "coordinates": [7.2189461136, 51.2779154697, 188.3]}}, {"type": "Feature", "id": "https://registry.gdi-de.org/de.nw/radnetz/instances/Knoten_Wuppertal_6962", "name": " (ex-nw:Knoten_Wuppertal_6962)", "dateprops": [], "properties": {"https://registry.gdi-de.org/up3/ontology/hoehe": "342.2", "https://registry.gdi-de.org/up3/ontology/knoten-ID": "6962", "http://rdfs.org/ns/void#inDataset.value": "33321"}, "geometry": {"type": "Point", "coordinates": [7.1908285383, 51.2432313839, 342.2]}}, {"type": "Feature", "id": "https://registry.gdi-de.org/de.nw/radnetz/instances/Knoten_Wuppertal_1189691143", "name": " (ex-nw:Knoten_Wuppertal_1189691143)", "dateprops": [], "properties": {"https://registry.gdi-de.org/up3/ontology/hoehe": "136.6", "https://registry.gdi-de.org/up3/ontology/knoten-ID": "1189691143", "http://rdfs.org/ns/void#inDataset.value": "33321"}, "geometry": {"type": "Point", "coordinates": [7.0882320347, 51.2363555776, 136.6]}}, {"type": "Feature", "id": "https://registry.gdi-de.org/de.nw/radnetz/instances/Knoten_Wuppertal_112760101", "name": " (ex-nw:Knoten_Wuppertal_112760101)", "dateprops": [], "properties": {"https://registry.gdi-de.org/up3/ontology/hoehe": "243.35", "https://registry.gdi-de.org/up3/ontology/knoten-ID": "112760101", "http://rdfs.org/ns/void#inDataset.value": "33321"}, "geometry": {"type": "Point", "coordinates": [7.130253554, 51.27046593, 243.35]}}, {"type": "Feature", "id": "https://registry.gdi-de.org/de.nw/radnetz/instances/Knoten_Wuppertal_5169", "name": " (ex-nw:Knoten_Wuppertal_5169)", "dateprops": [], "properties": {"https://registry.gdi-de.org/up3/ontology/hoehe": "151.73", "https://registry.gdi-de.org/up3/ontology/knoten-ID": "5169", "http://rdfs.org/ns/void#inDataset.value": "33321"}, "geometry": {"type": "Point", "coordinates": [7.1462976295, 51.2610178908, 151.73]}}, {"type": "Feature", "id": "https://registry.gdi-de.org/de.nw/radnetz/instances/Knoten_Wuppertal_4999", "name": " (ex-nw:Knoten_Wuppertal_4999)", "dateprops": [], "properties": {"https://registry.gdi-de.org/up3/ontology/hoehe": "146.34", "https://registry.gdi-de.org/up3/ontology/knoten-ID": "4999", "http://rdfs.org/ns/void#inDataset.value": "33321"}, "geometry": {"type": "Point", "coordinates": [7.1438149385, 51.2585842286, 146.34]}}, {"type": "Feature", "id": "https://registry.gdi-de.org/de.nw/radnetz/instances/Knoten_Wuppertal_6611", "name": " (ex-nw:Knoten_Wuppertal_6611)", "dateprops": [], "properties": {"https://registry.gdi-de.org/up3/ontology/hoehe": "155.51", "https://registry.gdi-de.org/up3/ontology/knoten-ID": "6611", "http://rdfs.org/ns/void#inDataset.value": "33321"}, "geometry": {"type": "Point", "coordinates": [7.1798524109, 51.2677250427, 155.51]}}, {"type": "Feature", "id": "https://registry.gdi-de.org/de.nw/radnetz/instances/Knoten_Wuppertal_8486", "name": " (ex-nw:Knoten_Wuppertal_8486)", "dateprops": [], "properties": {"https://registry.gdi-de.org/up3/ontology/hoehe": "161.47", "https://registry.gdi-de.org/up3/ontology/knoten-ID": "8486", "http://rdfs.org/ns/void#inDataset.value": "33321"}, "geometry": {"type": "Point", "coordinates": [7.2213036619, 51.2753290684, 161.47]}}, {"type": "Feature", "id": "https://registry.gdi-de.org/de.nw/radnetz/instances/Knoten_Wuppertal_3502", "name": " (ex-nw:Knoten_Wuppertal_3502)", "dateprops": [], "properties": {"https://registry.gdi-de.org/up3/ontology/hoehe": "203.17", "https://registry.gdi-de.org/up3/ontology/knoten-ID": "3502", "http://rdfs.org/ns/void#inDataset.value": "33321"}, "geometry": {"type": "Point", "coordinates": [7.1106690667, 51.2622616252, 203.17]}}, {"type": "Feature", "id": "https://registry.gdi-de.org/de.nw/radnetz/instances/Knoten_Wuppertal_60267", "name": " (ex-nw:Knoten_Wuppertal_60267)", "dateprops": [], "properties": {"https://registry.gdi-de.org/up3/ontology/hoehe": "187.29", "https://registry.gdi-de.org/up3/ontology/knoten-ID": "60267", "http://rdfs.org/ns/void#inDataset.value": "33321"}, "geometry": {"type": "Point", "coordinates": [7.213101617, 51.2774542699, 187.29]}}, {"type": "Feature", "id": "https://registry.gdi-de.org/de.nw/radnetz/instances/Knoten_Wuppertal_3540", "name": " (ex-nw:Knoten_Wuppertal_3540)", "dateprops": [], "properties": {"https://registry.gdi-de.org/up3/ontology/hoehe": "252.4", "https://registry.gdi-de.org/up3/ontology/knoten-ID": "3540", "http://rdfs.org/ns/void#inDataset.value": "33321"}, "geometry": {"type": "Point", "coordinates": [7.1109281397, 51.2858545221, 252.4]}}, {"type": "Feature", "id": "https://registry.gdi-de.org/de.nw/radnetz/instances/Knoten_Wuppertal_5204", "name": " (ex-nw:Knoten_Wuppertal_5204)", "dateprops": [], "properties": {"https://registry.gdi-de.org/up3/ontology/hoehe": "291.94", "https://registry.gdi-de.org/up3/ontology/knoten-ID": "5204", "http://rdfs.org/ns/void#inDataset.value": "33321"}, "geometry": {"type": "Point", "coordinates": [7.1459249847, 51.2832088987, 291.94]}}, {"type": "Feature", "id": "https://registry.gdi-de.org/de.nw/radnetz/instances/Knoten_Wuppertal_1189691375", "name": " (ex-nw:Knoten_Wuppertal_1189691375)", "dateprops": [], "properties": {"https://registry.gdi-de.org/up3/ontology/hoehe": "183.52", "https://registry.gdi-de.org/up3/ontology/knoten-ID": "1189691375", "http://rdfs.org/ns/void#inDataset.value": "33321"}, "geometry": {"type": "Point", "coordinates": [7.2037886164, 51.2779064668, 183.52]}}, {"type": "Feature", "id": "https://registry.gdi-de.org/de.nw/radnetz/instances/Knoten_Wuppertal_4010", "name": " (ex-nw:Knoten_Wuppertal_4010)", "dateprops": [], "properties": {"https://registry.gdi-de.org/up3/ontology/hoehe": "139.97", "https://registry.gdi-de.org/up3/ontology/knoten-ID": "4010", "http://rdfs.org/ns/void#inDataset.value": "33321"}, "geometry": {"type": "Point", "coordinates": [7.125445244, 51.2497983397, 139.97]}}, {"type": "Feature", "id": "https://registry.gdi-de.org/de.nw/radnetz/instances/Knoten_Wuppertal_5463", "name": " (ex-nw:Knoten_Wuppertal_5463)", "dateprops": [], "properties": {"https://registry.gdi-de.org/up3/ontology/hoehe": "144.03", "https://registry.gdi-de.org/up3/ontology/knoten-ID": "5463", "http://rdfs.org/ns/void#inDataset.value": "33321"}, "geometry": {"type": "Point", "coordinates": [7.1512485377, 51.2585379993, 144.03]}}, {"type": "Feature", "id": "https://registry.gdi-de.org/de.nw/radnetz/instances/Knoten_Wuppertal_1189691383", "name": " (ex-nw:Knoten_Wuppertal_1189691383)", "dateprops": [], "properties": {"https://registry.gdi-de.org/up3/ontology/hoehe": "125.1", "https://registry.gdi-de.org/up3/ontology/knoten-ID": "1189691383", "http://rdfs.org/ns/void#inDataset.value": "33321"}, "geometry": {"type": "Point", "coordinates": [7.1324445808, 51.1663416869, 125.1]}}, {"type": "Feature", "id": "https://registry.gdi-de.org/de.nw/radnetz/instances/Knoten_Wuppertal_60258", "name": " (ex-nw:Knoten_Wuppertal_60258)", "dateprops": [], "properties": {"https://registry.gdi-de.org/up3/ontology/hoehe": "181.33", "https://registry.gdi-de.org/up3/ontology/knoten-ID": "60258", "http://rdfs.org/ns/void#inDataset.value": "33321"}, "geometry": {"type": "Point", "coordinates": [7.1848822008, 51.2713990994, 181.33]}}, {"type": "Feature", "id": "https://registry.gdi-de.org/de.nw/radnetz/instances/Knoten_Wuppertal_5377", "name": " (ex-nw:Knoten_Wuppertal_5377)", "dateprops": [], "properties": {"https://registry.gdi-de.org/up3/ontology/hoehe": "330.71", "https://registry.gdi-de.org/up3/ontology/knoten-ID": "5377", "http://rdfs.org/ns/void#inDataset.value": "33321"}, "geometry": {"type": "Point", "coordinates": [7.1511098249, 51.2260438415, 330.71]}}, {"type": "Feature", "id": "https://registry.gdi-de.org/de.nw/radnetz/instances/Knoten_Wuppertal_5319", "name": " (ex-nw:Knoten_Wuppertal_5319)", "dateprops": [], "properties": {"https://registry.gdi-de.org/up3/ontology/hoehe": "145.11", "https://registry.gdi-de.org/up3/ontology/knoten-ID": "5319", "http://rdfs.org/ns/void#inDataset.value": "33321"}, "geometry": {"type": "Point", "coordinates": [7.148811529, 51.2591263549, 145.11]}}, {"type": "Feature", "id": "https://registry.gdi-de.org/de.nw/radnetz/instances/Knoten_Wuppertal_115550102", "name": " (ex-nw:Knoten_Wuppertal_115550102)", "dateprops": [], "properties": {"https://registry.gdi-de.org/up3/ontology/hoehe": "291.11", "https://registry.gdi-de.org/up3/ontology/knoten-ID": "115550102", "http://rdfs.org/ns/void#inDataset.value": "33321"}, "geometry": {"type": "Point", "coordinates": [7.2349506995, 51.2390862944, 291.11]}}, {"type": "Feature", "id": "https://registry.gdi-de.org/de.nw/radnetz/instances/Knoten_Wuppertal_116440101", "name": " (ex-nw:Knoten_Wuppertal_116440101)", "dateprops": [], "properties": {"https://registry.gdi-de.org/up3/ontology/hoehe": "172.88", "https://registry.gdi-de.org/up3/ontology/knoten-ID": "116440101", "http://rdfs.org/ns/void#inDataset.value": "33321"}, "geometry": {"type": "Point", "coordinates": [7.2432828435, 51.2544072717, 172.88]}}, {"type": "Feature", "id": "https://registry.gdi-de.org/de.nw/radnetz/instances/Knoten_Wuppertal_3024", "name": " (ex-nw:Knoten_Wuppertal_3024)", "dateprops": [], "properties": {"https://registry.gdi-de.org/up3/ontology/hoehe": "200.26", "https://registry.gdi-de.org/up3/ontology/knoten-ID": "3024", "http://rdfs.org/ns/void#inDataset.value": "33321"}, "geometry": {"type": "Point", "coordinates": [7.0908660642, 51.2561587021, 200.26]}}, {"type": "Feature", "id": "https://registry.gdi-de.org/de.nw/radnetz/instances/Knoten_Wuppertal_60246", "name": " (ex-nw:Knoten_Wuppertal_60246)", "dateprops": [], "properties": {"https://registry.gdi-de.org/up3/ontology/hoehe": "179.48", "https://registry.gdi-de.org/up3/ontology/knoten-ID": "60246", "http://rdfs.org/ns/void#inDataset.value": "33321"}, "geometry": {"type": "Point", "coordinates": [7.1583729108, 51.2671781118, 179.48]}}, {"type": "Feature", "id": "https://registry.gdi-de.org/de.nw/radnetz/instances/Knoten_Wuppertal_1189691372", "name": " (ex-nw:Knoten_Wuppertal_1189691372)", "dateprops": [], "properties": {"https://registry.gdi-de.org/up3/ontology/hoehe": "180.03", "https://registry.gdi-de.org/up3/ontology/knoten-ID": "1189691372", "http://rdfs.org/ns/void#inDataset.value": "33321"}, "geometry": {"type": "Point", "coordinates": [7.1610140578, 51.2676263745, 180.03]}}, {"type": "Feature", "id": "https://registry.gdi-de.org/de.nw/radnetz/instances/Knoten_Wuppertal_3827", "name": " (ex-nw:Knoten_Wuppertal_3827)", "dateprops": [], "properties": {"https://registry.gdi-de.org/up3/ontology/hoehe": "285.62", "https://registry.gdi-de.org/up3/ontology/knoten-ID": "3827", "http://rdfs.org/ns/void#inDataset.value": "33321"}, "geometry": {"type": "Point", "coordinates": [7.1197513319, 51.2811445845, 285.62]}}, {"type": "Feature", "id": "https://registry.gdi-de.org/de.nw/radnetz/instances/Knoten_Wuppertal_5335", "name": " (ex-nw:Knoten_Wuppertal_5335)", "dateprops": [], "properties": {"https://registry.gdi-de.org/up3/ontology/hoehe": "168.37", "https://registry.gdi-de.org/up3/ontology/knoten-ID": "5335", "http://rdfs.org/ns/void#inDataset.value": "33321"}, "geometry": {"type": "Point", "coordinates": [7.1485888884, 51.2713642865, 168.37]}}, {"type": "Feature", "id": "https://registry.gdi-de.org/de.nw/radnetz/instances/Knoten_Wuppertal_1189691309", "name": " (ex-nw:Knoten_Wuppertal_1189691309)", "dateprops": [], "properties": {"https://registry.gdi-de.org/up3/ontology/hoehe": "200.13", "https://registry.gdi-de.org/up3/ontology/knoten-ID": "1189691309", "http://rdfs.org/ns/void#inDataset.value": "33321"}, "geometry": {"type": "Point", "coordinates": [7.1971125255, 51.199731011, 200.13]}}, {"type": "Feature", "id": "https://registry.gdi-de.org/de.nw/radnetz/instances/Knoten_Wuppertal_7005", "name": " (ex-nw:Knoten_Wuppertal_7005)", "dateprops": [], "properties": {"https://registry.gdi-de.org/up3/ontology/hoehe": "151.58", "https://registry.gdi-de.org/up3/ontology/knoten-ID": "7005", "http://rdfs.org/ns/void#inDataset.value": "33321"}, "geometry": {"type": "Point", "coordinates": [7.1907391098, 51.2680167814, 151.58]}}, {"type": "Feature", "id": "https://registry.gdi-de.org/de.nw/radnetz/instances/Knoten_Wuppertal_8864", "name": " (ex-nw:Knoten_Wuppertal_8864)", "dateprops": [], "properties": {"https://registry.gdi-de.org/up3/ontology/hoehe": "300.02", "https://registry.gdi-de.org/up3/ontology/knoten-ID": "8864", "http://rdfs.org/ns/void#inDataset.value": "33321"}, "geometry": {"type": "Point", "coordinates": [7.2353276426, 51.2249070121, 300.02]}}, {"type": "Feature", "id": "https://registry.gdi-de.org/de.nw/radnetz/instances/Knoten_Wuppertal_8871", "name": " (ex-nw:Knoten_Wuppertal_8871)", "dateprops": [], "properties": {"https://registry.gdi-de.org/up3/ontology/hoehe": "290.85", "https://registry.gdi-de.org/up3/ontology/knoten-ID": "8871", "http://rdfs.org/ns/void#inDataset.value": "33321"}, "geometry": {"type": "Point", "coordinates": [7.2351004017, 51.2389801493, 290.85]}}, {"type": "Feature", "id": "https://registry.gdi-de.org/de.nw/radnetz/instances/Knoten_Wuppertal_1189691387", "name": " (ex-nw:Knoten_Wuppertal_1189691387)", "dateprops": [], "properties": {"https://registry.gdi-de.org/up3/ontology/hoehe": "231.1", "https://registry.gdi-de.org/up3/ontology/knoten-ID": "1189691387", "http://rdfs.org/ns/void#inDataset.value": "33321"}, "geometry": {"type": "Point", "coordinates": [7.1305651288, 51.2690606556, 231.1]}}, {"type": "Feature", "id": "https://registry.gdi-de.org/de.nw/radnetz/instances/Knoten_Wuppertal_5044", "name": " (ex-nw:Knoten_Wuppertal_5044)", "dateprops": [], "properties": {"https://registry.gdi-de.org/up3/ontology/hoehe": "298.68", "https://registry.gdi-de.org/up3/ontology/knoten-ID": "5044", "http://rdfs.org/ns/void#inDataset.value": "33321"}, "geometry": {"type": "Point", "coordinates": [7.1461379728, 51.2149284608, 298.68]}}, {"type": "Feature", "id": "https://registry.gdi-de.org/de.nw/radnetz/instances/Knoten_Wuppertal_9025", "name": " (ex-nw:Knoten_Wuppertal_9025)", "dateprops": [], "properties": {"https://registry.gdi-de.org/up3/ontology/hoehe": "173.04", "https://registry.gdi-de.org/up3/ontology/knoten-ID": "9025", "http://rdfs.org/ns/void#inDataset.value": "33321"}, "geometry": {"type": "Point", "coordinates": [7.2386952637, 51.2673574774, 173.04]}}, {"type": "Feature", "id": "https://registry.gdi-de.org/de.nw/radnetz/instances/Knoten_Wuppertal_113700102", "name": " (ex-nw:Knoten_Wuppertal_113700102)", "dateprops": [], "properties": {"https://registry.gdi-de.org/up3/ontology/hoehe": "198.98", "https://registry.gdi-de.org/up3/ontology/knoten-ID": "113700102", "http://rdfs.org/ns/void#inDataset.value": "33321"}, "geometry": {"type": "Point", "coordinates": [7.1091510769, 51.2626729745, 198.98]}}, {"type": "Feature", "id": "https://registry.gdi-de.org/de.nw/radnetz/instances/Knoten_Wuppertal_112480104", "name": " (ex-nw:Knoten_Wuppertal_112480104)", "dateprops": [], "properties": {"https://registry.gdi-de.org/up3/ontology/hoehe": "326.24", "https://registry.gdi-de.org/up3/ontology/knoten-ID": "112480104", "http://rdfs.org/ns/void#inDataset.value": "33321"}, "geometry": {"type": "Point", "coordinates": [7.1538278344, 51.2348710737, 326.24]}}, {"type": "Feature", "id": "https://registry.gdi-de.org/de.nw/radnetz/instances/Knoten_Wuppertal_3026", "name": " (ex-nw:Knoten_Wuppertal_3026)", "dateprops": [], "properties": {"https://registry.gdi-de.org/up3/ontology/hoehe": "226.03", "https://registry.gdi-de.org/up3/ontology/knoten-ID": "3026", "http://rdfs.org/ns/void#inDataset.value": "33321"}, "geometry": {"type": "Point", "coordinates": [7.0908696663, 51.2593318848, 226.03]}}, {"type": "Feature", "id": "https://registry.gdi-de.org/de.nw/radnetz/instances/Knoten_Wuppertal_3490", "name": " (ex-nw:Knoten_Wuppertal_3490)", "dateprops": [], "properties": {"https://registry.gdi-de.org/up3/ontology/hoehe": "202.77", "https://registry.gdi-de.org/up3/ontology/knoten-ID": "3490", "http://rdfs.org/ns/void#inDataset.value": "33321"}, "geometry": {"type": "Point", "coordinates": [7.1103129205, 51.2622519362, 202.77]}}, {"type": "Feature", "id": "https://registry.gdi-de.org/de.nw/radnetz/instances/Knoten_Wuppertal_4953", "name": " (ex-nw:Knoten_Wuppertal_4953)", "dateprops": [], "properties": {"https://registry.gdi-de.org/up3/ontology/hoehe": "145.53", "https://registry.gdi-de.org/up3/ontology/knoten-ID": "4953", "http://rdfs.org/ns/void#inDataset.value": "33321"}, "geometry": {"type": "Point", "coordinates": [7.1430746778, 51.2583534129, 145.53]}}, {"type": "Feature", "id": "https://registry.gdi-de.org/de.nw/radnetz/instances/Knoten_Wuppertal_112800102", "name": " (ex-nw:Knoten_Wuppertal_112800102)", "dateprops": [], "properties": {"https://registry.gdi-de.org/up3/ontology/hoehe": "294.94", "https://registry.gdi-de.org/up3/ontology/knoten-ID": "112800102", "http://rdfs.org/ns/void#inDataset.value": "33321"}, "geometry": {"type": "Point", "coordinates": [7.1281751057, 51.2781456761, 294.94]}}, {"type": "Feature", "id": "https://registry.gdi-de.org/de.nw/radnetz/instances/Knoten_Wuppertal_3647", "name": " (ex-nw:Knoten_Wuppertal_3647)", "dateprops": [], "properties": {"https://registry.gdi-de.org/up3/ontology/hoehe": "138.11", "https://registry.gdi-de.org/up3/ontology/knoten-ID": "3647", "http://rdfs.org/ns/void#inDataset.value": "33321"}, "geometry": {"type": "Point", "coordinates": [7.1157309573, 51.2495061995, 138.11]}}, {"type": "Feature", "id": "https://registry.gdi-de.org/de.nw/radnetz/instances/Knoten_Wuppertal_5164", "name": " (ex-nw:Knoten_Wuppertal_5164)", "dateprops": [], "properties": {"https://registry.gdi-de.org/up3/ontology/hoehe": "160.68", "https://registry.gdi-de.org/up3/ontology/knoten-ID": "5164", "http://rdfs.org/ns/void#inDataset.value": "33321"}, "geometry": {"type": "Point", "coordinates": [7.1462128755, 51.2627436522, 160.68]}}, {"type": "Feature", "id": "https://registry.gdi-de.org/de.nw/radnetz/instances/Knoten_Wuppertal_1189691222", "name": " (ex-nw:Knoten_Wuppertal_1189691222)", "dateprops": [], "properties": {"https://registry.gdi-de.org/up3/ontology/hoehe": "331.47", "https://registry.gdi-de.org/up3/ontology/knoten-ID": "1189691222", "http://rdfs.org/ns/void#inDataset.value": "33321"}, "geometry": {"type": "Point", "coordinates": [7.1829797164, 51.2429053134, 331.47]}}, {"type": "Feature", "id": "https://registry.gdi-de.org/de.nw/radnetz/instances/Knoten_Wuppertal_6048", "name": " (ex-nw:Knoten_Wuppertal_6048)", "dateprops": [], "properties": {"https://registry.gdi-de.org/up3/ontology/hoehe": "246.53", "https://registry.gdi-de.org/up3/ontology/knoten-ID": "6048", "http://rdfs.org/ns/void#inDataset.value": "33321"}, "geometry": {"type": "Point", "coordinates": [7.1637822984, 51.2455863698, 246.53]}}, {"type": "Feature", "id": "https://registry.gdi-de.org/de.nw/radnetz/instances/Knoten_Wuppertal_60228", "name": " (ex-nw:Knoten_Wuppertal_60228)", "dateprops": [], "properties": {"https://registry.gdi-de.org/up3/ontology/hoehe": "170.18", "https://registry.gdi-de.org/up3/ontology/knoten-ID": "60228", "http://rdfs.org/ns/void#inDataset.value": "33321"}, "geometry": {"type": "Point", "coordinates": [7.0579207464, 51.2277255871, 170.18]}}, {"type": "Feature", "id": "https://registry.gdi-de.org/de.nw/radnetz/instances/Knoten_Wuppertal_112680101", "name": " (ex-nw:Knoten_Wuppertal_112680101)", "dateprops": [], "properties": {"https://registry.gdi-de.org/up3/ontology/hoehe": "282.09", "https://registry.gdi-de.org/up3/ontology/knoten-ID": "112680101", "http://rdfs.org/ns/void#inDataset.value": "33321"}, "geometry": {"type": "Point", "coordinates": [7.1190283965, 51.28171485, 282.09]}}, {"type": "Feature", "id": "https://registry.gdi-de.org/de.nw/radnetz/instances/Knoten_Wuppertal_60232", "name": " (ex-nw:Knoten_Wuppertal_60232)", "dateprops": [], "properties": {"https://registry.gdi-de.org/up3/ontology/hoehe": "181.74", "https://registry.gdi-de.org/up3/ontology/knoten-ID": "60232", "http://rdfs.org/ns/void#inDataset.value": "33321"}, "geometry": {"type": "Point", "coordinates": [7.1233682513, 51.2617062786, 181.74]}}, {"type": "Feature", "id": "https://registry.gdi-de.org/de.nw/radnetz/instances/Knoten_Wuppertal_9028", "name": " (ex-nw:Knoten_Wuppertal_9028)", "dateprops": [], "properties": {"https://registry.gdi-de.org/up3/ontology/hoehe": "311.59", "https://registry.gdi-de.org/up3/ontology/knoten-ID": "9028", "http://rdfs.org/ns/void#inDataset.value": "33321"}, "geometry": {"type": "Point", "coordinates": [7.2405420076, 51.2213878688, 311.59]}}, {"type": "Feature", "id": "https://registry.gdi-de.org/de.nw/radnetz/instances/Knoten_Wuppertal_2166", "name": " (ex-nw:Knoten_Wuppertal_2166)", "dateprops": [], "properties": {"https://registry.gdi-de.org/up3/ontology/hoehe": "154.8", "https://registry.gdi-de.org/up3/ontology/knoten-ID": "2166", "http://rdfs.org/ns/void#inDataset.value": "33321"}, "geometry": {"type": "Point", "coordinates": [7.0471288371, 51.25036561, 154.8]}}, {"type": "Feature", "id": "https://registry.gdi-de.org/de.nw/radnetz/instances/Knoten_Wuppertal_60316", "name": " (ex-nw:Knoten_Wuppertal_60316)", "dateprops": [], "properties": {"https://registry.gdi-de.org/up3/ontology/hoehe": "299.14", "https://registry.gdi-de.org/up3/ontology/knoten-ID": "60316", "http://rdfs.org/ns/void#inDataset.value": "33321"}, "geometry": {"type": "Point", "coordinates": [7.1469277245, 51.2154708569, 299.14]}}, {"type": "Feature", "id": "https://registry.gdi-de.org/de.nw/radnetz/instances/Knoten_Wuppertal_7750", "name": " (ex-nw:Knoten_Wuppertal_7750)", "dateprops": [], "properties": {"https://registry.gdi-de.org/up3/ontology/hoehe": "155.52", "https://registry.gdi-de.org/up3/ontology/knoten-ID": "7750", "http://rdfs.org/ns/void#inDataset.value": "33321"}, "geometry": {"type": "Point", "coordinates": [7.2042972312, 51.2712644837, 155.52]}}, {"type": "Feature", "id": "https://registry.gdi-de.org/de.nw/radnetz/instances/Knoten_Wuppertal_2139", "name": " (ex-nw:Knoten_Wuppertal_2139)", "dateprops": [], "properties": {"https://registry.gdi-de.org/up3/ontology/hoehe": "211.77", "https://registry.gdi-de.org/up3/ontology/knoten-ID": "2139", "http://rdfs.org/ns/void#inDataset.value": "33321"}, "geometry": {"type": "Point", "coordinates": [7.0465377693, 51.210478105, 211.77]}}, {"type": "Feature", "id": "https://registry.gdi-de.org/de.nw/radnetz/instances/Knoten_Wuppertal_116740102", "name": " (ex-nw:Knoten_Wuppertal_116740102)", "dateprops": [], "properties": {"https://registry.gdi-de.org/up3/ontology/hoehe": "164.67", "https://registry.gdi-de.org/up3/ontology/knoten-ID": "116740102", "http://rdfs.org/ns/void#inDataset.value": "33321"}, "geometry": {"type": "Point", "coordinates": [7.2332789948, 51.2670121723, 164.67]}}, {"type": "Feature", "id": "https://registry.gdi-de.org/de.nw/radnetz/instances/Knoten_Wuppertal_60303", "name": " (ex-nw:Knoten_Wuppertal_60303)", "dateprops": [], "properties": {"https://registry.gdi-de.org/up3/ontology/hoehe": "198.41", "https://registry.gdi-de.org/up3/ontology/knoten-ID": "60303", "http://rdfs.org/ns/void#inDataset.value": "33321"}, "geometry": {"type": "Point", "coordinates": [7.1139932034, 51.2417674539, 198.41]}}, {"type": "Feature", "id": "https://registry.gdi-de.org/de.nw/radnetz/instances/Knoten_Wuppertal_114070101", "name": " (ex-nw:Knoten_Wuppertal_114070101)", "dateprops": [], "properties": {"https://registry.gdi-de.org/up3/ontology/hoehe": "327.99", "https://registry.gdi-de.org/up3/ontology/knoten-ID": "114070101", "http://rdfs.org/ns/void#inDataset.value": "33321"}, "geometry": {"type": "Point", "coordinates": [7.1520063965, 51.2234309444, 327.99]}}, {"type": "Feature", "id": "https://registry.gdi-de.org/de.nw/radnetz/instances/Knoten_Wuppertal_5160", "name": " (ex-nw:Knoten_Wuppertal_5160)", "dateprops": [], "properties": {"https://registry.gdi-de.org/up3/ontology/hoehe": "154.34", "https://registry.gdi-de.org/up3/ontology/knoten-ID": "5160", "http://rdfs.org/ns/void#inDataset.value": "33321"}, "geometry": {"type": "Point", "coordinates": [7.1461668936, 51.2615109925, 154.34]}}, {"type": "Feature", "id": "https://registry.gdi-de.org/de.nw/radnetz/instances/Knoten_Wuppertal_110600202", "name": " (ex-nw:Knoten_Wuppertal_110600202)", "dateprops": [], "properties": {"https://registry.gdi-de.org/up3/ontology/hoehe": "314.33", "https://registry.gdi-de.org/up3/ontology/knoten-ID": "110600202", "http://rdfs.org/ns/void#inDataset.value": "33321"}, "geometry": {"type": "Point", "coordinates": [7.1905694435, 51.2251998192, 314.33]}}, {"type": "Feature", "id": "https://registry.gdi-de.org/de.nw/radnetz/instances/Knoten_Wuppertal_1189691311", "name": " (ex-nw:Knoten_Wuppertal_1189691311)", "dateprops": [], "properties": {"https://registry.gdi-de.org/up3/ontology/hoehe": "256.25", "https://registry.gdi-de.org/up3/ontology/knoten-ID": "1189691311", "http://rdfs.org/ns/void#inDataset.value": "33321"}, "geometry": {"type": "Point", "coordinates": [7.2213818349, 51.2176494076, 256.25]}}, {"type": "Feature", "id": "https://registry.gdi-de.org/de.nw/radnetz/instances/Knoten_Wuppertal_3042", "name": " (ex-nw:Knoten_Wuppertal_3042)", "dateprops": [], "properties": {"https://registry.gdi-de.org/up3/ontology/hoehe": "134.31", "https://registry.gdi-de.org/up3/ontology/knoten-ID": "3042", "http://rdfs.org/ns/void#inDataset.value": "33321"}, "geometry": {"type": "Point", "coordinates": [7.09255925, 51.2394459434, 134.31]}}, {"type": "Feature", "id": "https://registry.gdi-de.org/de.nw/radnetz/instances/Knoten_Wuppertal_1189691218", "name": " (ex-nw:Knoten_Wuppertal_1189691218)", "dateprops": [], "properties": {"https://registry.gdi-de.org/up3/ontology/hoehe": "320.63", "https://registry.gdi-de.org/up3/ontology/knoten-ID": "1189691218", "http://rdfs.org/ns/void#inDataset.value": "33321"}, "geometry": {"type": "Point", "coordinates": [7.1679769052, 51.2390286139, 320.63]}}, {"type": "Feature", "id": "https://registry.gdi-de.org/de.nw/radnetz/instances/Knoten_Wuppertal_1189691220", "name": " (ex-nw:Knoten_Wuppertal_1189691220)", "dateprops": [], "properties": {"https://registry.gdi-de.org/up3/ontology/hoehe": "345.55", "https://registry.gdi-de.org/up3/ontology/knoten-ID": "1189691220", "http://rdfs.org/ns/void#inDataset.value": "33321"}, "geometry": {"type": "Point", "coordinates": [7.1934197443, 51.2392012004, 345.55]}}, {"type": "Feature", "id": "https://registry.gdi-de.org/de.nw/radnetz/instances/Knoten_Wuppertal_2408", "name": " (ex-nw:Knoten_Wuppertal_2408)", "dateprops": [], "properties": {"https://registry.gdi-de.org/up3/ontology/hoehe": "205.39", "https://registry.gdi-de.org/up3/ontology/knoten-ID": "2408", "http://rdfs.org/ns/void#inDataset.value": "33321"}, "geometry": {"type": "Point", "coordinates": [7.0634729979, 51.234433455, 205.39]}}, {"type": "Feature", "id": "https://registry.gdi-de.org/de.nw/radnetz/instances/Knoten_Wuppertal_60235", "name": " (ex-nw:Knoten_Wuppertal_60235)", "dateprops": [], "properties": {"https://registry.gdi-de.org/up3/ontology/hoehe": "181.29", "https://registry.gdi-de.org/up3/ontology/knoten-ID": "60235", "http://rdfs.org/ns/void#inDataset.value": "33321"}, "geometry": {"type": "Point", "coordinates": [7.1311613416, 51.2642683947, 181.29]}}, {"type": "Feature", "id": "https://registry.gdi-de.org/de.nw/radnetz/instances/Knoten_Wuppertal_112770101", "name": " (ex-nw:Knoten_Wuppertal_112770101)", "dateprops": [], "properties": {"https://registry.gdi-de.org/up3/ontology/hoehe": "245.43", "https://registry.gdi-de.org/up3/ontology/knoten-ID": "112770101", "http://rdfs.org/ns/void#inDataset.value": "33321"}, "geometry": {"type": "Point", "coordinates": [7.1301921386, 51.2716901964, 245.43]}}, {"type": "Feature", "id": "https://registry.gdi-de.org/de.nw/radnetz/instances/Knoten_Wuppertal_3562", "name": " (ex-nw:Knoten_Wuppertal_3562)", "dateprops": [], "properties": {"https://registry.gdi-de.org/up3/ontology/hoehe": "257.19", "https://registry.gdi-de.org/up3/ontology/knoten-ID": "3562", "http://rdfs.org/ns/void#inDataset.value": "33321"}, "geometry": {"type": "Point", "coordinates": [7.1116186151, 51.2850334822, 257.19]}}, {"type": "Feature", "id": "https://registry.gdi-de.org/de.nw/radnetz/instances/Knoten_Wuppertal_8270", "name": " (ex-nw:Knoten_Wuppertal_8270)", "dateprops": [], "properties": {"https://registry.gdi-de.org/up3/ontology/hoehe": "158.91", "https://registry.gdi-de.org/up3/ontology/knoten-ID": "8270", "http://rdfs.org/ns/void#inDataset.value": "33321"}, "geometry": {"type": "Point", "coordinates": [7.2161149131, 51.2748833662, 158.91]}}, {"type": "Feature", "id": "https://registry.gdi-de.org/de.nw/radnetz/instances/Knoten_Wuppertal_1189691241", "name": " (ex-nw:Knoten_Wuppertal_1189691241)", "dateprops": [], "properties": {"https://registry.gdi-de.org/up3/ontology/hoehe": "143.23", "https://registry.gdi-de.org/up3/ontology/knoten-ID": "1189691241", "http://rdfs.org/ns/void#inDataset.value": "33321"}, "geometry": {"type": "Point", "coordinates": [7.106724999, 51.2211835207, 143.23]}}, {"type": "Feature", "id": "https://registry.gdi-de.org/de.nw/radnetz/instances/Knoten_Wuppertal_114140101", "name": " (ex-nw:Knoten_Wuppertal_114140101)", "dateprops": [], "properties": {"https://registry.gdi-de.org/up3/ontology/hoehe": "329.89", "https://registry.gdi-de.org/up3/ontology/knoten-ID": "114140101", "http://rdfs.org/ns/void#inDataset.value": "33321"}, "geometry": {"type": "Point", "coordinates": [7.1502043023, 51.2262970535, 329.89]}}, {"type": "Feature", "id": "https://registry.gdi-de.org/de.nw/radnetz/instances/Knoten_Wuppertal_112200101", "name": " (ex-nw:Knoten_Wuppertal_112200101)", "dateprops": [], "properties": {"https://registry.gdi-de.org/up3/ontology/hoehe": "143.57", "https://registry.gdi-de.org/up3/ontology/knoten-ID": "112200101", "http://rdfs.org/ns/void#inDataset.value": "33321"}, "geometry": {"type": "Point", "coordinates": [7.1461643868, 51.2575443799, 143.57]}}, {"type": "Feature", "id": "https://registry.gdi-de.org/de.nw/radnetz/instances/Knoten_Wuppertal_4274", "name": " (ex-nw:Knoten_Wuppertal_4274)", "dateprops": [], "properties": {"https://registry.gdi-de.org/up3/ontology/hoehe": "283.17", "https://registry.gdi-de.org/up3/ontology/knoten-ID": "4274", "http://rdfs.org/ns/void#inDataset.value": "33321"}, "geometry": {"type": "Point", "coordinates": [7.1317831348, 51.2035816255, 283.17]}}, {"type": "Feature", "id": "https://registry.gdi-de.org/de.nw/radnetz/instances/Knoten_Wuppertal_113830101", "name": " (ex-nw:Knoten_Wuppertal_113830101)", "dateprops": [], "properties": {"https://registry.gdi-de.org/up3/ontology/hoehe": "137.9", "https://registry.gdi-de.org/up3/ontology/knoten-ID": "113830101", "http://rdfs.org/ns/void#inDataset.value": "33321"}, "geometry": {"type": "Point", "coordinates": [7.1130976909, 51.2495041388, 137.9]}}, {"type": "Feature", "id": "https://registry.gdi-de.org/de.nw/radnetz/instances/Knoten_Wuppertal_6549", "name": " (ex-nw:Knoten_Wuppertal_6549)", "dateprops": [], "properties": {"https://registry.gdi-de.org/up3/ontology/hoehe": "150.79", "https://registry.gdi-de.org/up3/ontology/knoten-ID": "6549", "http://rdfs.org/ns/void#inDataset.value": "33321"}, "geometry": {"type": "Point", "coordinates": [7.1785162215, 51.2653700195, 150.79]}}, {"type": "Feature", "id": "https://registry.gdi-de.org/de.nw/radnetz/instances/Knoten_Wuppertal_3419", "name": " (ex-nw:Knoten_Wuppertal_3419)", "dateprops": [], "properties": {"https://registry.gdi-de.org/up3/ontology/hoehe": "229.3", "https://registry.gdi-de.org/up3/ontology/knoten-ID": "3419", "http://rdfs.org/ns/void#inDataset.value": "33321"}, "geometry": {"type": "Point", "coordinates": [7.1090158304, 51.2359249105, 229.3]}}, {"type": "Feature", "id": "https://registry.gdi-de.org/de.nw/radnetz/instances/Knoten_Wuppertal_112310101", "name": " (ex-nw:Knoten_Wuppertal_112310101)", "dateprops": [], "properties": {"https://registry.gdi-de.org/up3/ontology/hoehe": "176.94", "https://registry.gdi-de.org/up3/ontology/knoten-ID": "112310101", "http://rdfs.org/ns/void#inDataset.value": "33321"}, "geometry": {"type": "Point", "coordinates": [7.1540665094, 51.2509422291, 176.94]}}, {"type": "Feature", "id": "https://registry.gdi-de.org/de.nw/radnetz/instances/Knoten_Wuppertal_5348", "name": " (ex-nw:Knoten_Wuppertal_5348)", "dateprops": [], "properties": {"https://registry.gdi-de.org/up3/ontology/hoehe": "333.84", "https://registry.gdi-de.org/up3/ontology/knoten-ID": "5348", "http://rdfs.org/ns/void#inDataset.value": "33321"}, "geometry": {"type": "Point", "coordinates": [7.1503371651, 51.233264373, 333.84]}}, {"type": "Feature", "id": "https://registry.gdi-de.org/de.nw/radnetz/instances/Knoten_Wuppertal_1189691182", "name": " (ex-nw:Knoten_Wuppertal_1189691182)", "dateprops": [], "properties": {"https://registry.gdi-de.org/up3/ontology/hoehe": "335.1", "https://registry.gdi-de.org/up3/ontology/knoten-ID": "1189691182", "http://rdfs.org/ns/void#inDataset.value": "33321"}, "geometry": {"type": "Point", "coordinates": [7.2057905525, 51.2371368725, 335.1]}}, {"type": "Feature", "id": "https://registry.gdi-de.org/de.nw/radnetz/instances/Knoten_Wuppertal_1189691172", "name": " (ex-nw:Knoten_Wuppertal_1189691172)", "dateprops": [], "properties": {"https://registry.gdi-de.org/up3/ontology/hoehe": "137.74", "https://registry.gdi-de.org/up3/ontology/knoten-ID": "1189691172", "http://rdfs.org/ns/void#inDataset.value": "33321"}, "geometry": {"type": "Point", "coordinates": [7.1124889805, 51.2494351723, 137.74]}}, {"type": "Feature", "id": "https://registry.gdi-de.org/de.nw/radnetz/instances/Knoten_Wuppertal_114050101", "name": " (ex-nw:Knoten_Wuppertal_114050101)", "dateprops": [], "properties": {"https://registry.gdi-de.org/up3/ontology/hoehe": "309.36", "https://registry.gdi-de.org/up3/ontology/knoten-ID": "114050101", "http://rdfs.org/ns/void#inDataset.value": "33321"}, "geometry": {"type": "Point", "coordinates": [7.1505553569, 51.2177898784, 309.36]}}, {"type": "Feature", "id": "https://registry.gdi-de.org/de.nw/radnetz/instances/Knoten_Wuppertal_115510101", "name": " (ex-nw:Knoten_Wuppertal_115510101)", "dateprops": [], "properties": {"https://registry.gdi-de.org/up3/ontology/hoehe": "174.89", "https://registry.gdi-de.org/up3/ontology/knoten-ID": "115510101", "http://rdfs.org/ns/void#inDataset.value": "33321"}, "geometry": {"type": "Point", "coordinates": [7.2305422257, 51.2554522433, 174.89]}}, {"type": "Feature", "id": "https://registry.gdi-de.org/de.nw/radnetz/instances/Knoten_Wuppertal_110711010", "name": " (ex-nw:Knoten_Wuppertal_110711010)", "dateprops": [], "properties": {"https://registry.gdi-de.org/up3/ontology/hoehe": "154.43", "https://registry.gdi-de.org/up3/ontology/knoten-ID": "110711010", "http://rdfs.org/ns/void#inDataset.value": "33321"}, "geometry": {"type": "Point", "coordinates": [7.1961690765, 51.2705443547, 154.43]}}, {"type": "Feature", "id": "https://registry.gdi-de.org/de.nw/radnetz/instances/Knoten_Wuppertal_118160101", "name": " (ex-nw:Knoten_Wuppertal_118160101)", "dateprops": [], "properties": {"https://registry.gdi-de.org/up3/ontology/hoehe": "244.91", "https://registry.gdi-de.org/up3/ontology/knoten-ID": "118160101", "http://rdfs.org/ns/void#inDataset.value": "33321"}, "geometry": {"type": "Point", "coordinates": [7.1325283639, 51.306250657, 244.91]}}, {"type": "Feature", "id": "https://registry.gdi-de.org/de.nw/radnetz/instances/Knoten_Wuppertal_1189691319", "name": " (ex-nw:Knoten_Wuppertal_1189691319)", "dateprops": [], "properties": {"https://registry.gdi-de.org/up3/ontology/hoehe": "182.5", "https://registry.gdi-de.org/up3/ontology/knoten-ID": "1189691319", "http://rdfs.org/ns/void#inDataset.value": "33321"}, "geometry": {"type": "Point", "coordinates": [7.198623051, 51.2750570492, 182.5]}}, {"type": "Feature", "id": "https://registry.gdi-de.org/de.nw/radnetz/instances/Knoten_Wuppertal_3314", "name": " (ex-nw:Knoten_Wuppertal_3314)", "dateprops": [], "properties": {"https://registry.gdi-de.org/up3/ontology/hoehe": "227.46", "https://registry.gdi-de.org/up3/ontology/knoten-ID": "3314", "http://rdfs.org/ns/void#inDataset.value": "33321"}, "geometry": {"type": "Point", "coordinates": [7.1029248632, 51.2910113624, 227.46]}}, {"type": "Feature", "id": "https://registry.gdi-de.org/de.nw/radnetz/instances/Knoten_Wuppertal_5115", "name": " (ex-nw:Knoten_Wuppertal_5115)", "dateprops": [], "properties": {"https://registry.gdi-de.org/up3/ontology/hoehe": "142.45", "https://registry.gdi-de.org/up3/ontology/knoten-ID": "5115", "http://rdfs.org/ns/void#inDataset.value": "33321"}, "geometry": {"type": "Point", "coordinates": [7.1457097995, 51.2564531807, 142.45]}}, {"type": "Feature", "id": "https://registry.gdi-de.org/de.nw/radnetz/instances/Knoten_Wuppertal_8717", "name": " (ex-nw:Knoten_Wuppertal_8717)", "dateprops": [], "properties": {"https://registry.gdi-de.org/up3/ontology/hoehe": "172.04", "https://registry.gdi-de.org/up3/ontology/knoten-ID": "8717", "http://rdfs.org/ns/void#inDataset.value": "33321"}, "geometry": {"type": "Point", "coordinates": [7.2284520006, 51.2755320448, 172.04]}}, {"type": "Feature", "id": "https://registry.gdi-de.org/de.nw/radnetz/instances/Knoten_Wuppertal_5295", "name": " (ex-nw:Knoten_Wuppertal_5295)", "dateprops": [], "properties": {"https://registry.gdi-de.org/up3/ontology/hoehe": "305.18", "https://registry.gdi-de.org/up3/ontology/knoten-ID": "5295", "http://rdfs.org/ns/void#inDataset.value": "33321"}, "geometry": {"type": "Point", "coordinates": [7.1501370418, 51.2172543659, 305.18]}}, {"type": "Feature", "id": "https://registry.gdi-de.org/de.nw/radnetz/instances/Knoten_Wuppertal_114200203", "name": " (ex-nw:Knoten_Wuppertal_114200203)", "dateprops": [], "properties": {"https://registry.gdi-de.org/up3/ontology/hoehe": "284.34", "https://registry.gdi-de.org/up3/ontology/knoten-ID": "114200203", "http://rdfs.org/ns/void#inDataset.value": "33321"}, "geometry": {"type": "Point", "coordinates": [7.1320843805, 51.2038305838, 284.34]}}, {"type": "Feature", "id": "https://registry.gdi-de.org/de.nw/radnetz/instances/Knoten_Wuppertal_5553", "name": " (ex-nw:Knoten_Wuppertal_5553)", "dateprops": [], "properties": {"https://registry.gdi-de.org/up3/ontology/hoehe": "265.99", "https://registry.gdi-de.org/up3/ontology/knoten-ID": "5553", "http://rdfs.org/ns/void#inDataset.value": "33321"}, "geometry": {"type": "Point", "coordinates": [7.1537123638, 51.2427192021, 265.99]}}, {"type": "Feature", "id": "https://registry.gdi-de.org/de.nw/radnetz/instances/Knoten_Wuppertal_6305", "name": " (ex-nw:Knoten_Wuppertal_6305)", "dateprops": [], "properties": {"https://registry.gdi-de.org/up3/ontology/hoehe": "205.6", "https://registry.gdi-de.org/up3/ontology/knoten-ID": "6305", "http://rdfs.org/ns/void#inDataset.value": "33321"}, "geometry": {"type": "Point", "coordinates": [7.1694849929, 51.2807327064, 205.6]}}, {"type": "Feature", "id": "https://registry.gdi-de.org/de.nw/radnetz/instances/Knoten_Wuppertal_10102", "name": " (ex-nw:Knoten_Wuppertal_10102)", "dateprops": [], "properties": {"https://registry.gdi-de.org/up3/ontology/hoehe": "202.04", "https://registry.gdi-de.org/up3/ontology/knoten-ID": "10102", "http://rdfs.org/ns/void#inDataset.value": "33321"}, "geometry": {"type": "Point", "coordinates": [7.3063529929, 51.2414726088, 202.04]}}, {"type": "Feature", "id": "https://registry.gdi-de.org/de.nw/radnetz/instances/Knoten_Wuppertal_1189691367", "name": " (ex-nw:Knoten_Wuppertal_1189691367)", "dateprops": [], "properties": {"https://registry.gdi-de.org/up3/ontology/hoehe": "295.7", "https://registry.gdi-de.org/up3/ontology/knoten-ID": "1189691367", "http://rdfs.org/ns/void#inDataset.value": "33321"}, "geometry": {"type": "Point", "coordinates": [7.2277095677, 51.2389783468, 295.7]}}, {"type": "Feature", "id": "https://registry.gdi-de.org/de.nw/radnetz/instances/Knoten_Wuppertal_7548", "name": " (ex-nw:Knoten_Wuppertal_7548)", "dateprops": [], "properties": {"https://registry.gdi-de.org/up3/ontology/hoehe": "301.07", "https://registry.gdi-de.org/up3/ontology/knoten-ID": "7548", "http://rdfs.org/ns/void#inDataset.value": "33321"}, "geometry": {"type": "Point", "coordinates": [7.2015949435, 51.2318106553, 301.07]}}, {"type": "Feature", "id": "https://registry.gdi-de.org/de.nw/radnetz/instances/Knoten_Wuppertal_1189691154", "name": " (ex-nw:Knoten_Wuppertal_1189691154)", "dateprops": [], "properties": {"https://registry.gdi-de.org/up3/ontology/hoehe": "155.24", "https://registry.gdi-de.org/up3/ontology/knoten-ID": "1189691154", "http://rdfs.org/ns/void#inDataset.value": "33321"}, "geometry": {"type": "Point", "coordinates": [7.2041349671, 51.2712238862, 155.24]}}, {"type": "Feature", "id": "https://registry.gdi-de.org/de.nw/radnetz/instances/Knoten_Wuppertal_4184", "name": " (ex-nw:Knoten_Wuppertal_4184)", "dateprops": [], "properties": {"https://registry.gdi-de.org/up3/ontology/hoehe": "207.5", "https://registry.gdi-de.org/up3/ontology/knoten-ID": "4184", "http://rdfs.org/ns/void#inDataset.value": "33321"}, "geometry": {"type": "Point", "coordinates": [7.1266459556, 51.2960766004, 207.5]}}, {"type": "Feature", "id": "https://registry.gdi-de.org/de.nw/radnetz/instances/Knoten_Wuppertal_5938", "name": " (ex-nw:Knoten_Wuppertal_5938)", "dateprops": [], "properties": {"https://registry.gdi-de.org/up3/ontology/hoehe": "214.75", "https://registry.gdi-de.org/up3/ontology/knoten-ID": "5938", "http://rdfs.org/ns/void#inDataset.value": "33321"}, "geometry": {"type": "Point", "coordinates": [7.1606347483, 51.2510557035, 214.75]}}, {"type": "Feature", "id": "https://registry.gdi-de.org/de.nw/radnetz/instances/Knoten_Wuppertal_4823", "name": " (ex-nw:Knoten_Wuppertal_4823)", "dateprops": [], "properties": {"https://registry.gdi-de.org/up3/ontology/hoehe": "143.53", "https://registry.gdi-de.org/up3/ontology/knoten-ID": "4823", "http://rdfs.org/ns/void#inDataset.value": "33321"}, "geometry": {"type": "Point", "coordinates": [7.1410749994, 51.2576605987, 143.53]}}, {"type": "Feature", "id": "https://registry.gdi-de.org/de.nw/radnetz/instances/Knoten_Wuppertal_2563", "name": " (ex-nw:Knoten_Wuppertal_2563)", "dateprops": [], "properties": {"https://registry.gdi-de.org/up3/ontology/hoehe": "263.1", "https://registry.gdi-de.org/up3/ontology/knoten-ID": "2563", "http://rdfs.org/ns/void#inDataset.value": "33321"}, "geometry": {"type": "Point", "coordinates": [7.0664299981, 51.3133230854, 263.1]}}, {"type": "Feature", "id": "https://registry.gdi-de.org/de.nw/radnetz/instances/Knoten_Wuppertal_7012", "name": " (ex-nw:Knoten_Wuppertal_7012)", "dateprops": [], "properties": {"https://registry.gdi-de.org/up3/ontology/hoehe": "190.38", "https://registry.gdi-de.org/up3/ontology/knoten-ID": "7012", "http://rdfs.org/ns/void#inDataset.value": "33321"}, "geometry": {"type": "Point", "coordinates": [7.1903754181, 51.2795968486, 190.38]}}, {"type": "Feature", "id": "https://registry.gdi-de.org/de.nw/radnetz/instances/Knoten_Wuppertal_2154", "name": " (ex-nw:Knoten_Wuppertal_2154)", "dateprops": [], "properties": {"https://registry.gdi-de.org/up3/ontology/hoehe": "142.97", "https://registry.gdi-de.org/up3/ontology/knoten-ID": "2154", "http://rdfs.org/ns/void#inDataset.value": "33321"}, "geometry": {"type": "Point", "coordinates": [7.0456287903, 51.2486441832, 142.97]}}, {"type": "Feature", "id": "https://registry.gdi-de.org/de.nw/radnetz/instances/Knoten_Wuppertal_9310", "name": " (ex-nw:Knoten_Wuppertal_9310)", "dateprops": [], "properties": {"https://registry.gdi-de.org/up3/ontology/hoehe": "176.21", "https://registry.gdi-de.org/up3/ontology/knoten-ID": "9310", "http://rdfs.org/ns/void#inDataset.value": "33321"}, "geometry": {"type": "Point", "coordinates": [7.2506623866, 51.2555026032, 176.21]}}, {"type": "Feature", "id": "https://registry.gdi-de.org/de.nw/radnetz/instances/Knoten_Wuppertal_1189690401", "name": " (ex-nw:Knoten_Wuppertal_1189690401)", "dateprops": [], "properties": {"https://registry.gdi-de.org/up3/ontology/hoehe": "171.6", "https://registry.gdi-de.org/up3/ontology/knoten-ID": "1189690401", "http://rdfs.org/ns/void#inDataset.value": "33321"}, "geometry": {"type": "Point", "coordinates": [7.1092439772, 51.2580313415, 171.6]}}, {"type": "Feature", "id": "https://registry.gdi-de.org/de.nw/radnetz/instances/Knoten_Wuppertal_116000401", "name": " (ex-nw:Knoten_Wuppertal_116000401)", "dateprops": [], "properties": {"https://registry.gdi-de.org/up3/ontology/hoehe": "158.16", "https://registry.gdi-de.org/up3/ontology/knoten-ID": "116000401", "http://rdfs.org/ns/void#inDataset.value": "33321"}, "geometry": {"type": "Point", "coordinates": [7.214692654, 51.2745705983, 158.16]}}, {"type": "Feature", "id": "https://registry.gdi-de.org/de.nw/radnetz/instances/Knoten_Wuppertal_9373", "name": " (ex-nw:Knoten_Wuppertal_9373)", "dateprops": [], "properties": {"https://registry.gdi-de.org/up3/ontology/hoehe": "256.06", "https://registry.gdi-de.org/up3/ontology/knoten-ID": "9373", "http://rdfs.org/ns/void#inDataset.value": "33321"}, "geometry": {"type": "Point", "coordinates": [7.250858522, 51.300240011, 256.06]}}, {"type": "Feature", "id": "https://registry.gdi-de.org/de.nw/radnetz/instances/Knoten_Wuppertal_8238", "name": " (ex-nw:Knoten_Wuppertal_8238)", "dateprops": [], "properties": {"https://registry.gdi-de.org/up3/ontology/hoehe": "298.51", "https://registry.gdi-de.org/up3/ontology/knoten-ID": "8238", "http://rdfs.org/ns/void#inDataset.value": "33321"}, "geometry": {"type": "Point", "coordinates": [7.2173887237, 51.2214002281, 298.51]}}, {"type": "Feature", "id": "https://registry.gdi-de.org/de.nw/radnetz/instances/Knoten_Wuppertal_6561", "name": " (ex-nw:Knoten_Wuppertal_6561)", "dateprops": [], "properties": {"https://registry.gdi-de.org/up3/ontology/hoehe": "159.89", "https://registry.gdi-de.org/up3/ontology/knoten-ID": "6561", "http://rdfs.org/ns/void#inDataset.value": "33321"}, "geometry": {"type": "Point", "coordinates": [7.1788414618, 51.2669938228, 159.89]}}, {"type": "Feature", "id": "https://registry.gdi-de.org/de.nw/radnetz/instances/Knoten_Wuppertal_1189691145", "name": " (ex-nw:Knoten_Wuppertal_1189691145)", "dateprops": [], "properties": {"https://registry.gdi-de.org/up3/ontology/hoehe": "174.8", "https://registry.gdi-de.org/up3/ontology/knoten-ID": "1189691145", "http://rdfs.org/ns/void#inDataset.value": "33321"}, "geometry": {"type": "Point", "coordinates": [7.0489744235, 51.219385987, 174.8]}}, {"type": "Feature", "id": "https://registry.gdi-de.org/de.nw/radnetz/instances/Knoten_Wuppertal_113040401", "name": " (ex-nw:Knoten_Wuppertal_113040401)", "dateprops": [], "properties": {"https://registry.gdi-de.org/up3/ontology/hoehe": "137.39", "https://registry.gdi-de.org/up3/ontology/knoten-ID": "113040401", "http://rdfs.org/ns/void#inDataset.value": "33321"}, "geometry": {"type": "Point", "coordinates": [7.0876053572, 51.2361008896, 137.39]}}, {"type": "Feature", "id": "https://registry.gdi-de.org/de.nw/radnetz/instances/Knoten_Wuppertal_8951", "name": " (ex-nw:Knoten_Wuppertal_8951)", "dateprops": [], "properties": {"https://registry.gdi-de.org/up3/ontology/hoehe": "169.26", "https://registry.gdi-de.org/up3/ontology/knoten-ID": "8951", "http://rdfs.org/ns/void#inDataset.value": "33321"}, "geometry": {"type": "Point", "coordinates": [7.2364472649, 51.2632141693, 169.26]}}, {"type": "Feature", "id": "https://registry.gdi-de.org/de.nw/radnetz/instances/Knoten_Wuppertal_115500101", "name": " (ex-nw:Knoten_Wuppertal_115500101)", "dateprops": [], "properties": {"https://registry.gdi-de.org/up3/ontology/hoehe": "180.87", "https://registry.gdi-de.org/up3/ontology/knoten-ID": "115500101", "http://rdfs.org/ns/void#inDataset.value": "33321"}, "geometry": {"type": "Point", "coordinates": [7.2312482176, 51.2601227277, 180.87]}}, {"type": "Feature", "id": "https://registry.gdi-de.org/de.nw/radnetz/instances/Knoten_Wuppertal_3425", "name": " (ex-nw:Knoten_Wuppertal_3425)", "dateprops": [], "properties": {"https://registry.gdi-de.org/up3/ontology/hoehe": "194.77", "https://registry.gdi-de.org/up3/ontology/knoten-ID": "3425", "http://rdfs.org/ns/void#inDataset.value": "33321"}, "geometry": {"type": "Point", "coordinates": [7.1081009924, 51.2633770338, 194.77]}}, {"type": "Feature", "id": "https://registry.gdi-de.org/de.nw/radnetz/instances/Knoten_Wuppertal_115520102", "name": " (ex-nw:Knoten_Wuppertal_115520102)", "dateprops": [], "properties": {"https://registry.gdi-de.org/up3/ontology/hoehe": "198.4", "https://registry.gdi-de.org/up3/ontology/knoten-ID": "115520102", "http://rdfs.org/ns/void#inDataset.value": "33321"}, "geometry": {"type": "Point", "coordinates": [7.226638778, 51.2526942133, 198.4]}}, {"type": "Feature", "id": "https://registry.gdi-de.org/de.nw/radnetz/instances/Knoten_Wuppertal_2270", "name": " (ex-nw:Knoten_Wuppertal_2270)", "dateprops": [], "properties": {"https://registry.gdi-de.org/up3/ontology/hoehe": "224.4", "https://registry.gdi-de.org/up3/ontology/knoten-ID": "2270", "http://rdfs.org/ns/void#inDataset.value": "33321"}, "geometry": {"type": "Point", "coordinates": [7.0573384547, 51.2107957456, 224.4]}}, {"type": "Feature", "id": "https://registry.gdi-de.org/de.nw/radnetz/instances/Knoten_Wuppertal_6933", "name": " (ex-nw:Knoten_Wuppertal_6933)", "dateprops": [], "properties": {"https://registry.gdi-de.org/up3/ontology/hoehe": "152.7", "https://registry.gdi-de.org/up3/ontology/knoten-ID": "6933", "http://rdfs.org/ns/void#inDataset.value": "33321"}, "geometry": {"type": "Point", "coordinates": [7.1892598408, 51.2672687564, 152.7]}}, {"type": "Feature", "id": "https://registry.gdi-de.org/de.nw/radnetz/instances/Knoten_Wuppertal_112790102", "name": " (ex-nw:Knoten_Wuppertal_112790102)", "dateprops": [], "properties": {"https://registry.gdi-de.org/up3/ontology/hoehe": "285.43", "https://registry.gdi-de.org/up3/ontology/knoten-ID": "112790102", "http://rdfs.org/ns/void#inDataset.value": "33321"}, "geometry": {"type": "Point", "coordinates": [7.1292126713, 51.2767932672, 285.43]}}, {"type": "Feature", "id": "https://registry.gdi-de.org/de.nw/radnetz/instances/Knoten_Wuppertal_112200102", "name": " (ex-nw:Knoten_Wuppertal_112200102)", "dateprops": [], "properties": {"https://registry.gdi-de.org/up3/ontology/hoehe": "143.39", "https://registry.gdi-de.org/up3/ontology/knoten-ID": "112200102", "http://rdfs.org/ns/void#inDataset.value": "33321"}, "geometry": {"type": "Point", "coordinates": [7.1461569999, 51.2571641031, 143.39]}}, {"type": "Feature", "id": "https://registry.gdi-de.org/de.nw/radnetz/instances/Knoten_Wuppertal_5057", "name": " (ex-nw:Knoten_Wuppertal_5057)", "dateprops": [], "properties": {"https://registry.gdi-de.org/up3/ontology/hoehe": "148.43", "https://registry.gdi-de.org/up3/ontology/knoten-ID": "5057", "http://rdfs.org/ns/void#inDataset.value": "33321"}, "geometry": {"type": "Point", "coordinates": [7.1444870453, 51.2589169536, 148.43]}}, {"type": "Feature", "id": "https://registry.gdi-de.org/de.nw/radnetz/instances/Knoten_Wuppertal_6378", "name": " (ex-nw:Knoten_Wuppertal_6378)", "dateprops": [], "properties": {"https://registry.gdi-de.org/up3/ontology/hoehe": "320.92", "https://registry.gdi-de.org/up3/ontology/knoten-ID": "6378", "http://rdfs.org/ns/void#inDataset.value": "33321"}, "geometry": {"type": "Point", "coordinates": [7.1736975669, 51.2422422872, 320.92]}}, {"type": "Feature", "id": "https://registry.gdi-de.org/de.nw/radnetz/instances/Knoten_Wuppertal_3823", "name": " (ex-nw:Knoten_Wuppertal_3823)", "dateprops": [], "properties": {"https://registry.gdi-de.org/up3/ontology/hoehe": "139.31", "https://registry.gdi-de.org/up3/ontology/knoten-ID": "3823", "http://rdfs.org/ns/void#inDataset.value": "33321"}, "geometry": {"type": "Point", "coordinates": [7.1209930831, 51.2489001563, 139.31]}}, {"type": "Feature", "id": "https://registry.gdi-de.org/de.nw/radnetz/instances/Knoten_Wuppertal_5214", "name": " (ex-nw:Knoten_Wuppertal_5214)", "dateprops": [], "properties": {"https://registry.gdi-de.org/up3/ontology/hoehe": "143.03", "https://registry.gdi-de.org/up3/ontology/knoten-ID": "5214", "http://rdfs.org/ns/void#inDataset.value": "33321"}, "geometry": {"type": "Point", "coordinates": [7.1471291301, 51.2567014871, 143.03]}}, {"type": "Feature", "id": "https://registry.gdi-de.org/de.nw/radnetz/instances/Knoten_Wuppertal_116220101", "name": " (ex-nw:Knoten_Wuppertal_116220101)", "dateprops": [], "properties": {"https://registry.gdi-de.org/up3/ontology/hoehe": "172.08", "https://registry.gdi-de.org/up3/ontology/knoten-ID": "116220101", "http://rdfs.org/ns/void#inDataset.value": "33321"}, "geometry": {"type": "Point", "coordinates": [7.2379457595, 51.2792715962, 172.08]}}, {"type": "Feature", "id": "https://registry.gdi-de.org/de.nw/radnetz/instances/Knoten_Wuppertal_4868", "name": " (ex-nw:Knoten_Wuppertal_4868)", "dateprops": [], "properties": {"https://registry.gdi-de.org/up3/ontology/hoehe": "283.81", "https://registry.gdi-de.org/up3/ontology/knoten-ID": "4868", "http://rdfs.org/ns/void#inDataset.value": "33321"}, "geometry": {"type": "Point", "coordinates": [7.1408932744, 51.2822533637, 283.81]}}, {"type": "Feature", "id": "https://registry.gdi-de.org/de.nw/radnetz/instances/Knoten_Wuppertal_6679", "name": " (ex-nw:Knoten_Wuppertal_6679)", "dateprops": [], "properties": {"https://registry.gdi-de.org/up3/ontology/hoehe": "279.13", "https://registry.gdi-de.org/up3/ontology/knoten-ID": "6679", "http://rdfs.org/ns/void#inDataset.value": "33321"}, "geometry": {"type": "Point", "coordinates": [7.1810193724, 51.2898731345, 279.13]}}, {"type": "Feature", "id": "https://registry.gdi-de.org/de.nw/radnetz/instances/Knoten_Wuppertal_9129", "name": " (ex-nw:Knoten_Wuppertal_9129)", "dateprops": [], "properties": {"https://registry.gdi-de.org/up3/ontology/hoehe": "259.82", "https://registry.gdi-de.org/up3/ontology/knoten-ID": "9129", "http://rdfs.org/ns/void#inDataset.value": "33321"}, "geometry": {"type": "Point", "coordinates": [7.2438441881, 51.2286623153, 259.82]}}, {"type": "Feature", "id": "https://registry.gdi-de.org/de.nw/radnetz/instances/Knoten_Wuppertal_1189691201", "name": " (ex-nw:Knoten_Wuppertal_1189691201)", "dateprops": [], "properties": {"https://registry.gdi-de.org/up3/ontology/hoehe": "290.62", "https://registry.gdi-de.org/up3/ontology/knoten-ID": "1189691201", "http://rdfs.org/ns/void#inDataset.value": "33321"}, "geometry": {"type": "Point", "coordinates": [7.2351704379, 51.2389092468, 290.62]}}, {"type": "Feature", "id": "https://registry.gdi-de.org/de.nw/radnetz/instances/Knoten_Wuppertal_112040102", "name": " (ex-nw:Knoten_Wuppertal_112040102)", "dateprops": [], "properties": {"https://registry.gdi-de.org/up3/ontology/hoehe": "169.2", "https://registry.gdi-de.org/up3/ontology/knoten-ID": "112040102", "http://rdfs.org/ns/void#inDataset.value": "33321"}, "geometry": {"type": "Point", "coordinates": [7.1487131313, 51.2716486683, 169.2]}}, {"type": "Feature", "id": "https://registry.gdi-de.org/de.nw/radnetz/instances/Knoten_Wuppertal_60317", "name": " (ex-nw:Knoten_Wuppertal_60317)", "dateprops": [], "properties": {"https://registry.gdi-de.org/up3/ontology/hoehe": "299.37", "https://registry.gdi-de.org/up3/ontology/knoten-ID": "60317", "http://rdfs.org/ns/void#inDataset.value": "33321"}, "geometry": {"type": "Point", "coordinates": [7.1428283156, 51.2132545565, 299.37]}}, {"type": "Feature", "id": "https://registry.gdi-de.org/de.nw/radnetz/instances/Knoten_Wuppertal_4339", "name": " (ex-nw:Knoten_Wuppertal_4339)", "dateprops": [], "properties": {"https://registry.gdi-de.org/up3/ontology/hoehe": "224.14", "https://registry.gdi-de.org/up3/ontology/knoten-ID": "4339", "http://rdfs.org/ns/void#inDataset.value": "33321"}, "geometry": {"type": "Point", "coordinates": [7.1288274524, 51.3042775893, 224.14]}}, {"type": "Feature", "id": "https://registry.gdi-de.org/de.nw/radnetz/instances/Knoten_Wuppertal_60311", "name": " (ex-nw:Knoten_Wuppertal_60311)", "dateprops": [], "properties": {"https://registry.gdi-de.org/up3/ontology/hoehe": "277.64", "https://registry.gdi-de.org/up3/ontology/knoten-ID": "60311", "http://rdfs.org/ns/void#inDataset.value": "33321"}, "geometry": {"type": "Point", "coordinates": [7.1267839209, 51.2249156951, 277.64]}}, {"type": "Feature", "id": "https://registry.gdi-de.org/de.nw/radnetz/instances/Knoten_Wuppertal_1189691385", "name": " (ex-nw:Knoten_Wuppertal_1189691385)", "dateprops": [], "properties": {"https://registry.gdi-de.org/up3/ontology/hoehe": "188.5", "https://registry.gdi-de.org/up3/ontology/knoten-ID": "1189691385", "http://rdfs.org/ns/void#inDataset.value": "33321"}, "geometry": {"type": "Point", "coordinates": [7.0729233757, 51.2540353682, 188.5]}}, {"type": "Feature", "id": "https://registry.gdi-de.org/de.nw/radnetz/instances/Knoten_Wuppertal_6948", "name": " (ex-nw:Knoten_Wuppertal_6948)", "dateprops": [], "properties": {"https://registry.gdi-de.org/up3/ontology/hoehe": "308.34", "https://registry.gdi-de.org/up3/ontology/knoten-ID": "6948", "http://rdfs.org/ns/void#inDataset.value": "33321"}, "geometry": {"type": "Point", "coordinates": [7.1914705387, 51.2212022578, 308.34]}}, {"type": "Feature", "id": "https://registry.gdi-de.org/de.nw/radnetz/instances/Knoten_Wuppertal_114080102", "name": " (ex-nw:Knoten_Wuppertal_114080102)", "dateprops": [], "properties": {"https://registry.gdi-de.org/up3/ontology/hoehe": "332.53", "https://registry.gdi-de.org/up3/ontology/knoten-ID": "114080102", "http://rdfs.org/ns/void#inDataset.value": "33321"}, "geometry": {"type": "Point", "coordinates": [7.1505604753, 51.227606117, 332.53]}}, {"type": "Feature", "id": "https://registry.gdi-de.org/de.nw/radnetz/instances/Knoten_Wuppertal_60219", "name": " (ex-nw:Knoten_Wuppertal_60219)", "dateprops": [], "properties": {"https://registry.gdi-de.org/up3/ontology/hoehe": "172.96", "https://registry.gdi-de.org/up3/ontology/knoten-ID": "60219", "http://rdfs.org/ns/void#inDataset.value": "33321"}, "geometry": {"type": "Point", "coordinates": [7.0836234805, 51.2451873633, 172.96]}}, {"type": "Feature", "id": "https://registry.gdi-de.org/de.nw/radnetz/instances/Knoten_Wuppertal_4247", "name": " (ex-nw:Knoten_Wuppertal_4247)", "dateprops": [], "properties": {"https://registry.gdi-de.org/up3/ontology/hoehe": "281.6", "https://registry.gdi-de.org/up3/ontology/knoten-ID": "4247", "http://rdfs.org/ns/void#inDataset.value": "33321"}, "geometry": {"type": "Point", "coordinates": [7.1313641234, 51.2032884148, 281.6]}}, {"type": "Feature", "id": "https://registry.gdi-de.org/de.nw/radnetz/instances/Knoten_Wuppertal_116430101", "name": " (ex-nw:Knoten_Wuppertal_116430101)", "dateprops": [], "properties": {"https://registry.gdi-de.org/up3/ontology/hoehe": "170.6", "https://registry.gdi-de.org/up3/ontology/knoten-ID": "116430101", "http://rdfs.org/ns/void#inDataset.value": "33321"}, "geometry": {"type": "Point", "coordinates": [7.2332010463, 51.2570211149, 170.6]}}, {"type": "Feature", "id": "https://registry.gdi-de.org/de.nw/radnetz/instances/Knoten_Wuppertal_60270", "name": " (ex-nw:Knoten_Wuppertal_60270)", "dateprops": [], "properties": {"https://registry.gdi-de.org/up3/ontology/hoehe": "187.53", "https://registry.gdi-de.org/up3/ontology/knoten-ID": "60270", "http://rdfs.org/ns/void#inDataset.value": "33321"}, "geometry": {"type": "Point", "coordinates": [7.2147959159, 51.2775273962, 187.53]}}, {"type": "Feature", "id": "https://registry.gdi-de.org/de.nw/radnetz/instances/Knoten_Wuppertal_4340", "name": " (ex-nw:Knoten_Wuppertal_4340)", "dateprops": [], "properties": {"https://registry.gdi-de.org/up3/ontology/hoehe": "244.81", "https://registry.gdi-de.org/up3/ontology/knoten-ID": "4340", "http://rdfs.org/ns/void#inDataset.value": "33321"}, "geometry": {"type": "Point", "coordinates": [7.130190513, 51.2712587526, 244.81]}}, {"type": "Feature", "id": "https://registry.gdi-de.org/de.nw/radnetz/instances/Knoten_Wuppertal_116300102", "name": " (ex-nw:Knoten_Wuppertal_116300102)", "dateprops": [], "properties": {"https://registry.gdi-de.org/up3/ontology/hoehe": "174.22", "https://registry.gdi-de.org/up3/ontology/knoten-ID": "116300102", "http://rdfs.org/ns/void#inDataset.value": "33321"}, "geometry": {"type": "Point", "coordinates": [7.2288701326, 51.2732355639, 174.22]}}, {"type": "Feature", "id": "https://registry.gdi-de.org/de.nw/radnetz/instances/Knoten_Wuppertal_113810204", "name": " (ex-nw:Knoten_Wuppertal_113810204)", "dateprops": [], "properties": {"https://registry.gdi-de.org/up3/ontology/hoehe": "139.94", "https://registry.gdi-de.org/up3/ontology/knoten-ID": "113810204", "http://rdfs.org/ns/void#inDataset.value": "33321"}, "geometry": {"type": "Point", "coordinates": [7.1248263519, 51.2495157284, 139.94]}}, {"type": "Feature", "id": "https://registry.gdi-de.org/de.nw/radnetz/instances/Knoten_Wuppertal_6159", "name": " (ex-nw:Knoten_Wuppertal_6159)", "dateprops": [], "properties": {"https://registry.gdi-de.org/up3/ontology/hoehe": "325.2", "https://registry.gdi-de.org/up3/ontology/knoten-ID": "6159", "http://rdfs.org/ns/void#inDataset.value": "33321"}, "geometry": {"type": "Point", "coordinates": [7.1664683417, 51.2397655024, 325.2]}}, {"type": "Feature", "id": "https://registry.gdi-de.org/de.nw/radnetz/instances/Knoten_Wuppertal_8798", "name": " (ex-nw:Knoten_Wuppertal_8798)", "dateprops": [], "properties": {"https://registry.gdi-de.org/up3/ontology/hoehe": "185.1", "https://registry.gdi-de.org/up3/ontology/knoten-ID": "8798", "http://rdfs.org/ns/void#inDataset.value": "33321"}, "geometry": {"type": "Point", "coordinates": [7.2314957624, 51.2728169826, 185.1]}}, {"type": "Feature", "id": "https://registry.gdi-de.org/de.nw/radnetz/instances/Knoten_Wuppertal_119610204", "name": " (ex-nw:Knoten_Wuppertal_119610204)", "dateprops": [], "properties": {"https://registry.gdi-de.org/up3/ontology/hoehe": "137.02", "https://registry.gdi-de.org/up3/ontology/knoten-ID": "119610204", "http://rdfs.org/ns/void#inDataset.value": "33321"}, "geometry": {"type": "Point", "coordinates": [7.1065843468, 51.2465930576, 137.02]}}, {"type": "Feature", "id": "https://registry.gdi-de.org/de.nw/radnetz/instances/Knoten_Wuppertal_10770", "name": " (ex-nw:Knoten_Wuppertal_10770)", "dateprops": [], "properties": {"https://registry.gdi-de.org/up3/ontology/hoehe": "177.16", "https://registry.gdi-de.org/up3/ontology/knoten-ID": "10770", "http://rdfs.org/ns/void#inDataset.value": "33321"}, "geometry": {"type": "Point", "coordinates": [7.0685599588, 51.2352610521, 177.16]}}, {"type": "Feature", "id": "https://registry.gdi-de.org/de.nw/radnetz/instances/Knoten_Wuppertal_3003", "name": " (ex-nw:Knoten_Wuppertal_3003)", "dateprops": [], "properties": {"https://registry.gdi-de.org/up3/ontology/hoehe": "139.78", "https://registry.gdi-de.org/up3/ontology/knoten-ID": "3003", "http://rdfs.org/ns/void#inDataset.value": "33321"}, "geometry": {"type": "Point", "coordinates": [7.0908071019, 51.2369790883, 139.78]}}, {"type": "Feature", "id": "https://registry.gdi-de.org/de.nw/radnetz/instances/Knoten_Wuppertal_116740101", "name": " (ex-nw:Knoten_Wuppertal_116740101)", "dateprops": [], "properties": {"https://registry.gdi-de.org/up3/ontology/hoehe": "164.13", "https://registry.gdi-de.org/up3/ontology/knoten-ID": "116740101", "http://rdfs.org/ns/void#inDataset.value": "33321"}, "geometry": {"type": "Point", "coordinates": [7.2335973204, 51.2678640178, 164.13]}}, {"type": "Feature", "id": "https://registry.gdi-de.org/de.nw/radnetz/instances/Knoten_Wuppertal_3511", "name": " (ex-nw:Knoten_Wuppertal_3511)", "dateprops": [], "properties": {"https://registry.gdi-de.org/up3/ontology/hoehe": "252.91", "https://registry.gdi-de.org/up3/ontology/knoten-ID": "3511", "http://rdfs.org/ns/void#inDataset.value": "33321"}, "geometry": {"type": "Point", "coordinates": [7.1097991701, 51.2877464084, 252.91]}}, {"type": "Feature", "id": "https://registry.gdi-de.org/de.nw/radnetz/instances/Knoten_Wuppertal_8800", "name": " (ex-nw:Knoten_Wuppertal_8800)", "dateprops": [], "properties": {"https://registry.gdi-de.org/up3/ontology/hoehe": "163.26", "https://registry.gdi-de.org/up3/ontology/knoten-ID": "8800", "http://rdfs.org/ns/void#inDataset.value": "33321"}, "geometry": {"type": "Point", "coordinates": [7.2316567479, 51.2701955853, 163.26]}}, {"type": "Feature", "id": "https://registry.gdi-de.org/de.nw/radnetz/instances/Knoten_Wuppertal_116470101", "name": " (ex-nw:Knoten_Wuppertal_116470101)", "dateprops": [], "properties": {"https://registry.gdi-de.org/up3/ontology/hoehe": "178.37", "https://registry.gdi-de.org/up3/ontology/knoten-ID": "116470101", "http://rdfs.org/ns/void#inDataset.value": "33321"}, "geometry": {"type": "Point", "coordinates": [7.2609660239, 51.2557976176, 178.37]}}, {"type": "Feature", "id": "https://registry.gdi-de.org/de.nw/radnetz/instances/Knoten_Wuppertal_5624", "name": " (ex-nw:Knoten_Wuppertal_5624)", "dateprops": [], "properties": {"https://registry.gdi-de.org/up3/ontology/hoehe": "325.13", "https://registry.gdi-de.org/up3/ontology/knoten-ID": "5624", "http://rdfs.org/ns/void#inDataset.value": "33321"}, "geometry": {"type": "Point", "coordinates": [7.1555314719, 51.235449341, 325.13]}}, {"type": "Feature", "id": "https://registry.gdi-de.org/de.nw/radnetz/instances/Knoten_Wuppertal_114300102", "name": " (ex-nw:Knoten_Wuppertal_114300102)", "dateprops": [], "properties": {"https://registry.gdi-de.org/up3/ontology/hoehe": "280.95", "https://registry.gdi-de.org/up3/ontology/knoten-ID": "114300102", "http://rdfs.org/ns/void#inDataset.value": "33321"}, "geometry": {"type": "Point", "coordinates": [7.1227520474, 51.2043571327, 280.95]}}, {"type": "Feature", "id": "https://registry.gdi-de.org/de.nw/radnetz/instances/Knoten_Wuppertal_1189691186", "name": " (ex-nw:Knoten_Wuppertal_1189691186)", "dateprops": [], "properties": {"https://registry.gdi-de.org/up3/ontology/hoehe": "138.03", "https://registry.gdi-de.org/up3/ontology/knoten-ID": "1189691186", "http://rdfs.org/ns/void#inDataset.value": "33321"}, "geometry": {"type": "Point", "coordinates": [7.1029326217, 51.240739261, 138.03]}}, {"type": "Feature", "id": "https://registry.gdi-de.org/de.nw/radnetz/instances/Knoten_Wuppertal_6262", "name": " (ex-nw:Knoten_Wuppertal_6262)", "dateprops": [], "properties": {"https://registry.gdi-de.org/up3/ontology/hoehe": "202.11", "https://registry.gdi-de.org/up3/ontology/knoten-ID": "6262", "http://rdfs.org/ns/void#inDataset.value": "33321"}, "geometry": {"type": "Point", "coordinates": [7.1682534991, 51.2796396418, 202.11]}}, {"type": "Feature", "id": "https://registry.gdi-de.org/de.nw/radnetz/instances/Knoten_Wuppertal_4055", "name": " (ex-nw:Knoten_Wuppertal_4055)", "dateprops": [], "properties": {"https://registry.gdi-de.org/up3/ontology/hoehe": "201.56", "https://registry.gdi-de.org/up3/ontology/knoten-ID": "4055", "http://rdfs.org/ns/void#inDataset.value": "33321"}, "geometry": {"type": "Point", "coordinates": [7.1245745057, 51.2977895251, 201.56]}}, {"type": "Feature", "id": "https://registry.gdi-de.org/de.nw/radnetz/instances/Knoten_Wuppertal_1189691289", "name": " (ex-nw:Knoten_Wuppertal_1189691289)", "dateprops": [], "properties": {"https://registry.gdi-de.org/up3/ontology/hoehe": "187.6", "https://registry.gdi-de.org/up3/ontology/knoten-ID": "1189691289", "http://rdfs.org/ns/void#inDataset.value": "33321"}, "geometry": {"type": "Point", "coordinates": [7.0472385156, 51.2178629887, 187.6]}}, {"type": "Feature", "id": "https://registry.gdi-de.org/de.nw/radnetz/instances/Knoten_Wuppertal_115520101", "name": " (ex-nw:Knoten_Wuppertal_115520101)", "dateprops": [], "properties": {"https://registry.gdi-de.org/up3/ontology/hoehe": "195.27", "https://registry.gdi-de.org/up3/ontology/knoten-ID": "115520101", "http://rdfs.org/ns/void#inDataset.value": "33321"}, "geometry": {"type": "Point", "coordinates": [7.2270304056, 51.2531111702, 195.27]}}, {"type": "Feature", "id": "https://registry.gdi-de.org/de.nw/radnetz/instances/Knoten_Wuppertal_3276", "name": " (ex-nw:Knoten_Wuppertal_3276)", "dateprops": [], "properties": {"https://registry.gdi-de.org/up3/ontology/hoehe": "144.72", "https://registry.gdi-de.org/up3/ontology/knoten-ID": "3276", "http://rdfs.org/ns/void#inDataset.value": "33321"}, "geometry": {"type": "Point", "coordinates": [7.1033242072, 51.2485376254, 144.72]}}, {"type": "Feature", "id": "https://registry.gdi-de.org/de.nw/radnetz/instances/Knoten_Wuppertal_4344", "name": " (ex-nw:Knoten_Wuppertal_4344)", "dateprops": [], "properties": {"https://registry.gdi-de.org/up3/ontology/hoehe": "140.65", "https://registry.gdi-de.org/up3/ontology/knoten-ID": "4344", "http://rdfs.org/ns/void#inDataset.value": "33321"}, "geometry": {"type": "Point", "coordinates": [7.1310273353, 51.2524067336, 140.65]}}, {"type": "Feature", "id": "https://registry.gdi-de.org/de.nw/radnetz/instances/Knoten_Wuppertal_114620102", "name": " (ex-nw:Knoten_Wuppertal_114620102)", "dateprops": [], "properties": {"https://registry.gdi-de.org/up3/ontology/hoehe": "244.42", "https://registry.gdi-de.org/up3/ontology/knoten-ID": "114620102", "http://rdfs.org/ns/void#inDataset.value": "33321"}, "geometry": {"type": "Point", "coordinates": [7.0990946376, 51.2653914829, 244.42]}}, {"type": "Feature", "id": "https://registry.gdi-de.org/de.nw/radnetz/instances/Knoten_Wuppertal_5153", "name": " (ex-nw:Knoten_Wuppertal_5153)", "dateprops": [], "properties": {"https://registry.gdi-de.org/up3/ontology/hoehe": "158.46", "https://registry.gdi-de.org/up3/ontology/knoten-ID": "5153", "http://rdfs.org/ns/void#inDataset.value": "33321"}, "geometry": {"type": "Point", "coordinates": [7.1460404639, 51.2621720628, 158.46]}}, {"type": "Feature", "id": "https://registry.gdi-de.org/de.nw/radnetz/instances/Knoten_Wuppertal_112330101", "name": " (ex-nw:Knoten_Wuppertal_112330101)", "dateprops": [], "properties": {"https://registry.gdi-de.org/up3/ontology/hoehe": "210.74", "https://registry.gdi-de.org/up3/ontology/knoten-ID": "112330101", "http://rdfs.org/ns/void#inDataset.value": "33321"}, "geometry": {"type": "Point", "coordinates": [7.1604496904, 51.2515936764, 210.74]}}, {"type": "Feature", "id": "https://registry.gdi-de.org/de.nw/radnetz/instances/Knoten_Wuppertal_112790101", "name": " (ex-nw:Knoten_Wuppertal_112790101)", "dateprops": [], "properties": {"https://registry.gdi-de.org/up3/ontology/hoehe": "284.06", "https://registry.gdi-de.org/up3/ontology/knoten-ID": "112790101", "http://rdfs.org/ns/void#inDataset.value": "33321"}, "geometry": {"type": "Point", "coordinates": [7.1295925875, 51.2762607694, 284.06]}}, {"type": "Feature", "id": "https://registry.gdi-de.org/de.nw/radnetz/instances/Knoten_Wuppertal_113420102", "name": " (ex-nw:Knoten_Wuppertal_113420102)", "dateprops": [], "properties": {"https://registry.gdi-de.org/up3/ontology/hoehe": "149.94", "https://registry.gdi-de.org/up3/ontology/knoten-ID": "113420102", "http://rdfs.org/ns/void#inDataset.value": "33321"}, "geometry": {"type": "Point", "coordinates": [7.0853242583, 51.2339786729, 149.94]}}, {"type": "Feature", "id": "https://registry.gdi-de.org/de.nw/radnetz/instances/Knoten_Wuppertal_3257", "name": " (ex-nw:Knoten_Wuppertal_3257)", "dateprops": [], "properties": {"https://registry.gdi-de.org/up3/ontology/hoehe": "161.94", "https://registry.gdi-de.org/up3/ontology/knoten-ID": "3257", "http://rdfs.org/ns/void#inDataset.value": "33321"}, "geometry": {"type": "Point", "coordinates": [7.1020672007, 51.2542791566, 161.94]}}, {"type": "Feature", "id": "https://registry.gdi-de.org/de.nw/radnetz/instances/Knoten_Wuppertal_5334", "name": " (ex-nw:Knoten_Wuppertal_5334)", "dateprops": [], "properties": {"https://registry.gdi-de.org/up3/ontology/hoehe": "143.4", "https://registry.gdi-de.org/up3/ontology/knoten-ID": "5334", "http://rdfs.org/ns/void#inDataset.value": "33321"}, "geometry": {"type": "Point", "coordinates": [7.1491136582, 51.257372414, 143.4]}}, {"type": "Feature", "id": "https://registry.gdi-de.org/de.nw/radnetz/instances/Knoten_Wuppertal_116480102", "name": " (ex-nw:Knoten_Wuppertal_116480102)", "dateprops": [], "properties": {"https://registry.gdi-de.org/up3/ontology/hoehe": "180.47", "https://registry.gdi-de.org/up3/ontology/knoten-ID": "116480102", "http://rdfs.org/ns/void#inDataset.value": "33321"}, "geometry": {"type": "Point", "coordinates": [7.2681557989, 51.2540042186, 180.47]}}, {"type": "Feature", "id": "https://registry.gdi-de.org/de.nw/radnetz/instances/Knoten_Wuppertal_1189691370", "name": " (ex-nw:Knoten_Wuppertal_1189691370)", "dateprops": [], "properties": {"https://registry.gdi-de.org/up3/ontology/hoehe": "230.5", "https://registry.gdi-de.org/up3/ontology/knoten-ID": "1189691370", "http://rdfs.org/ns/void#inDataset.value": "33321"}, "geometry": {"type": "Point", "coordinates": [7.2392871426, 51.2950387737, 230.5]}}, {"type": "Feature", "id": "https://registry.gdi-de.org/de.nw/radnetz/instances/Knoten_Wuppertal_5165", "name": " (ex-nw:Knoten_Wuppertal_5165)", "dateprops": [], "properties": {"https://registry.gdi-de.org/up3/ontology/hoehe": "144.35", "https://registry.gdi-de.org/up3/ontology/knoten-ID": "5165", "http://rdfs.org/ns/void#inDataset.value": "33321"}, "geometry": {"type": "Point", "coordinates": [7.1463979484, 51.2581898517, 144.35]}}, {"type": "Feature", "id": "https://registry.gdi-de.org/de.nw/radnetz/instances/Knoten_Wuppertal_118340101", "name": " (ex-nw:Knoten_Wuppertal_118340101)", "dateprops": [], "properties": {"https://registry.gdi-de.org/up3/ontology/hoehe": "226.26", "https://registry.gdi-de.org/up3/ontology/knoten-ID": "118340101", "http://rdfs.org/ns/void#inDataset.value": "33321"}, "geometry": {"type": "Point", "coordinates": [7.1022714263, 51.2912254695, 226.26]}}, {"type": "Feature", "id": "https://registry.gdi-de.org/de.nw/radnetz/instances/Knoten_Wuppertal_60284", "name": " (ex-nw:Knoten_Wuppertal_60284)", "dateprops": [], "properties": {"https://registry.gdi-de.org/up3/ontology/hoehe": "191.19", "https://registry.gdi-de.org/up3/ontology/knoten-ID": "60284", "http://rdfs.org/ns/void#inDataset.value": "33321"}, "geometry": {"type": "Point", "coordinates": [7.227264576, 51.2855935188, 191.19]}}, {"type": "Feature", "id": "https://registry.gdi-de.org/de.nw/radnetz/instances/Knoten_Wuppertal_5587", "name": " (ex-nw:Knoten_Wuppertal_5587)", "dateprops": [], "properties": {"https://registry.gdi-de.org/up3/ontology/hoehe": "147.69", "https://registry.gdi-de.org/up3/ontology/knoten-ID": "5587", "http://rdfs.org/ns/void#inDataset.value": "33321"}, "geometry": {"type": "Point", "coordinates": [7.1536993083, 51.2597608991, 147.69]}}, {"type": "Feature", "id": "https://registry.gdi-de.org/de.nw/radnetz/instances/Knoten_Wuppertal_7148", "name": " (ex-nw:Knoten_Wuppertal_7148)", "dateprops": [], "properties": {"https://registry.gdi-de.org/up3/ontology/hoehe": "152.39", "https://registry.gdi-de.org/up3/ontology/knoten-ID": "7148", "http://rdfs.org/ns/void#inDataset.value": "33321"}, "geometry": {"type": "Point", "coordinates": [7.1933686213, 51.2693245788, 152.39]}}, {"type": "Feature", "id": "https://registry.gdi-de.org/de.nw/radnetz/instances/Knoten_Wuppertal_60318", "name": " (ex-nw:Knoten_Wuppertal_60318)", "dateprops": [], "properties": {"https://registry.gdi-de.org/up3/ontology/hoehe": "298.71", "https://registry.gdi-de.org/up3/ontology/knoten-ID": "60318", "http://rdfs.org/ns/void#inDataset.value": "33321"}, "geometry": {"type": "Point", "coordinates": [7.1409458477, 51.210430854, 298.71]}}, {"type": "Feature", "id": "https://registry.gdi-de.org/de.nw/radnetz/instances/Knoten_Wuppertal_9768", "name": " (ex-nw:Knoten_Wuppertal_9768)", "dateprops": [], "properties": {"https://registry.gdi-de.org/up3/ontology/hoehe": "322.71", "https://registry.gdi-de.org/up3/ontology/knoten-ID": "9768", "http://rdfs.org/ns/void#inDataset.value": "33321"}, "geometry": {"type": "Point", "coordinates": [7.2779646736, 51.2120473482, 322.71]}}, {"type": "Feature", "id": "https://registry.gdi-de.org/de.nw/radnetz/instances/Knoten_Wuppertal_115400101", "name": " (ex-nw:Knoten_Wuppertal_115400101)", "dateprops": [], "properties": {"https://registry.gdi-de.org/up3/ontology/hoehe": "260.71", "https://registry.gdi-de.org/up3/ontology/knoten-ID": "115400101", "http://rdfs.org/ns/void#inDataset.value": "33321"}, "geometry": {"type": "Point", "coordinates": [7.2001118886, 51.2197709454, 260.71]}}, {"type": "Feature", "id": "https://registry.gdi-de.org/de.nw/radnetz/instances/Knoten_Wuppertal_116010201", "name": " (ex-nw:Knoten_Wuppertal_116010201)", "dateprops": [], "properties": {"https://registry.gdi-de.org/up3/ontology/hoehe": "159.47", "https://registry.gdi-de.org/up3/ontology/knoten-ID": "116010201", "http://rdfs.org/ns/void#inDataset.value": "33321"}, "geometry": {"type": "Point", "coordinates": [7.2171127244, 51.2750910816, 159.47]}}, {"type": "Feature", "id": "https://registry.gdi-de.org/de.nw/radnetz/instances/Knoten_Wuppertal_110720102", "name": " (ex-nw:Knoten_Wuppertal_110720102)", "dateprops": [], "properties": {"https://registry.gdi-de.org/up3/ontology/hoehe": "143.77", "https://registry.gdi-de.org/up3/ontology/knoten-ID": "110720102", "http://rdfs.org/ns/void#inDataset.value": "33321"}, "geometry": {"type": "Point", "coordinates": [7.1404053458, 51.2545667887, 143.77]}}, {"type": "Feature", "id": "https://registry.gdi-de.org/de.nw/radnetz/instances/Knoten_Wuppertal_2779", "name": " (ex-nw:Knoten_Wuppertal_2779)", "dateprops": [], "properties": {"https://registry.gdi-de.org/up3/ontology/hoehe": "167.34", "https://registry.gdi-de.org/up3/ontology/knoten-ID": "2779", "http://rdfs.org/ns/void#inDataset.value": "33321"}, "geometry": {"type": "Point", "coordinates": [7.0782287765, 51.2316955168, 167.34]}}, {"type": "Feature", "id": "https://registry.gdi-de.org/de.nw/radnetz/instances/Knoten_Wuppertal_5795", "name": " (ex-nw:Knoten_Wuppertal_5795)", "dateprops": [], "properties": {"https://registry.gdi-de.org/up3/ontology/hoehe": "323.27", "https://registry.gdi-de.org/up3/ontology/knoten-ID": "5795", "http://rdfs.org/ns/void#inDataset.value": "33321"}, "geometry": {"type": "Point", "coordinates": [7.1583330387, 51.2370186248, 323.27]}}, {"type": "Feature", "id": "https://registry.gdi-de.org/de.nw/radnetz/instances/Knoten_Wuppertal_1189691255", "name": " (ex-nw:Knoten_Wuppertal_1189691255)", "dateprops": [], "properties": {"https://registry.gdi-de.org/up3/ontology/hoehe": "161.39", "https://registry.gdi-de.org/up3/ontology/knoten-ID": "1189691255", "http://rdfs.org/ns/void#inDataset.value": "33321"}, "geometry": {"type": "Point", "coordinates": [7.2211313304, 51.2753191841, 161.39]}}, {"type": "Feature", "id": "https://registry.gdi-de.org/de.nw/radnetz/instances/Knoten_Wuppertal_116010101", "name": " (ex-nw:Knoten_Wuppertal_116010101)", "dateprops": [], "properties": {"https://registry.gdi-de.org/up3/ontology/hoehe": "160.57", "https://registry.gdi-de.org/up3/ontology/knoten-ID": "116010101", "http://rdfs.org/ns/void#inDataset.value": "33321"}, "geometry": {"type": "Point", "coordinates": [7.2191342419, 51.2752046148, 160.57]}}, {"type": "Feature", "id": "https://registry.gdi-de.org/de.nw/radnetz/instances/Knoten_Wuppertal_60234", "name": " (ex-nw:Knoten_Wuppertal_60234)", "dateprops": [], "properties": {"https://registry.gdi-de.org/up3/ontology/hoehe": "176.62", "https://registry.gdi-de.org/up3/ontology/knoten-ID": "60234", "http://rdfs.org/ns/void#inDataset.value": "33321"}, "geometry": {"type": "Point", "coordinates": [7.124420181, 51.2621781798, 176.62]}}, {"type": "Feature", "id": "https://registry.gdi-de.org/de.nw/radnetz/instances/Knoten_Wuppertal_115550101", "name": " (ex-nw:Knoten_Wuppertal_115550101)", "dateprops": [], "properties": {"https://registry.gdi-de.org/up3/ontology/hoehe": "290.03", "https://registry.gdi-de.org/up3/ontology/knoten-ID": "115550101", "http://rdfs.org/ns/void#inDataset.value": "33321"}, "geometry": {"type": "Point", "coordinates": [7.2354841177, 51.238565189, 290.03]}}, {"type": "Feature", "id": "https://registry.gdi-de.org/de.nw/radnetz/instances/Knoten_Wuppertal_8769", "name": " (ex-nw:Knoten_Wuppertal_8769)", "dateprops": [], "properties": {"https://registry.gdi-de.org/up3/ontology/hoehe": "163.42", "https://registry.gdi-de.org/up3/ontology/knoten-ID": "8769", "http://rdfs.org/ns/void#inDataset.value": "33321"}, "geometry": {"type": "Point", "coordinates": [7.2306312334, 51.2698434564, 163.42]}}, {"type": "Feature", "id": "https://registry.gdi-de.org/de.nw/radnetz/instances/Knoten_Wuppertal_5596", "name": " (ex-nw:Knoten_Wuppertal_5596)", "dateprops": [], "properties": {"https://registry.gdi-de.org/up3/ontology/hoehe": "270.39", "https://registry.gdi-de.org/up3/ontology/knoten-ID": "5596", "http://rdfs.org/ns/void#inDataset.value": "33321"}, "geometry": {"type": "Point", "coordinates": [7.1547620885, 51.2392578531, 270.39]}}, {"type": "Feature", "id": "https://registry.gdi-de.org/de.nw/radnetz/instances/Knoten_Wuppertal_5095", "name": " (ex-nw:Knoten_Wuppertal_5095)", "dateprops": [], "properties": {"https://registry.gdi-de.org/up3/ontology/hoehe": "146.42", "https://registry.gdi-de.org/up3/ontology/knoten-ID": "5095", "http://rdfs.org/ns/void#inDataset.value": "33321"}, "geometry": {"type": "Point", "coordinates": [7.1454741071, 51.2544596566, 146.42]}}, {"type": "Feature", "id": "https://registry.gdi-de.org/de.nw/radnetz/instances/Knoten_Wuppertal_60251", "name": " (ex-nw:Knoten_Wuppertal_60251)", "dateprops": [], "properties": {"https://registry.gdi-de.org/up3/ontology/hoehe": "181.05", "https://registry.gdi-de.org/up3/ontology/knoten-ID": "60251", "http://rdfs.org/ns/void#inDataset.value": "33321"}, "geometry": {"type": "Point", "coordinates": [7.165178087, 51.2687509873, 181.05]}}, {"type": "Feature", "id": "https://registry.gdi-de.org/de.nw/radnetz/instances/Knoten_Wuppertal_7730", "name": " (ex-nw:Knoten_Wuppertal_7730)", "dateprops": [], "properties": {"https://registry.gdi-de.org/up3/ontology/hoehe": "157.4", "https://registry.gdi-de.org/up3/ontology/knoten-ID": "7730", "http://rdfs.org/ns/void#inDataset.value": "33321"}, "geometry": {"type": "Point", "coordinates": [7.2036045252, 51.2744177911, 157.4]}}, {"type": "Feature", "id": "https://registry.gdi-de.org/de.nw/radnetz/instances/Knoten_Wuppertal_119730102", "name": " (ex-nw:Knoten_Wuppertal_119730102)", "dateprops": [], "properties": {"https://registry.gdi-de.org/up3/ontology/hoehe": "154.91", "https://registry.gdi-de.org/up3/ontology/knoten-ID": "119730102", "http://rdfs.org/ns/void#inDataset.value": "33321"}, "geometry": {"type": "Point", "coordinates": [7.0865291564, 51.2468808814, 154.91]}}, {"type": "Feature", "id": "https://registry.gdi-de.org/de.nw/radnetz/instances/Knoten_Wuppertal_1189691232", "name": " (ex-nw:Knoten_Wuppertal_1189691232)", "dateprops": [], "properties": {"https://registry.gdi-de.org/up3/ontology/hoehe": "327.32", "https://registry.gdi-de.org/up3/ontology/knoten-ID": "1189691232", "http://rdfs.org/ns/void#inDataset.value": "33321"}, "geometry": {"type": "Point", "coordinates": [7.1634443719, 51.2388130921, 327.32]}}, {"type": "Feature", "id": "https://registry.gdi-de.org/de.nw/radnetz/instances/Knoten_Wuppertal_9311", "name": " (ex-nw:Knoten_Wuppertal_9311)", "dateprops": [], "properties": {"https://registry.gdi-de.org/up3/ontology/hoehe": "205.23", "https://registry.gdi-de.org/up3/ontology/knoten-ID": "9311", "http://rdfs.org/ns/void#inDataset.value": "33321"}, "geometry": {"type": "Point", "coordinates": [7.2496202886, 51.2845976463, 205.23]}}, {"type": "Feature", "id": "https://registry.gdi-de.org/de.nw/radnetz/instances/Knoten_Wuppertal_3200", "name": " (ex-nw:Knoten_Wuppertal_3200)", "dateprops": [], "properties": {"https://registry.gdi-de.org/up3/ontology/hoehe": "197.28", "https://registry.gdi-de.org/up3/ontology/knoten-ID": "3200", "http://rdfs.org/ns/void#inDataset.value": "33321"}, "geometry": {"type": "Point", "coordinates": [7.0972084069, 51.2958949498, 197.28]}}, {"type": "Feature", "id": "https://registry.gdi-de.org/de.nw/radnetz/instances/Knoten_Wuppertal_5372", "name": " (ex-nw:Knoten_Wuppertal_5372)", "dateprops": [], "properties": {"https://registry.gdi-de.org/up3/ontology/hoehe": "330.29", "https://registry.gdi-de.org/up3/ontology/knoten-ID": "5372", "http://rdfs.org/ns/void#inDataset.value": "33321"}, "geometry": {"type": "Point", "coordinates": [7.1507668271, 51.2318002288, 330.29]}}, {"type": "Feature", "id": "https://registry.gdi-de.org/de.nw/radnetz/instances/Knoten_Wuppertal_1189691377", "name": " (ex-nw:Knoten_Wuppertal_1189691377)", "dateprops": [], "properties": {"https://registry.gdi-de.org/up3/ontology/hoehe": "185.4", "https://registry.gdi-de.org/up3/ontology/knoten-ID": "1189691377", "http://rdfs.org/ns/void#inDataset.value": "33321"}, "geometry": {"type": "Point", "coordinates": [7.2112441312, 51.2777896595, 185.4]}}, {"type": "Feature", "id": "https://registry.gdi-de.org/de.nw/radnetz/instances/Knoten_Wuppertal_2997", "name": " (ex-nw:Knoten_Wuppertal_2997)", "dateprops": [], "properties": {"https://registry.gdi-de.org/up3/ontology/hoehe": "195.15", "https://registry.gdi-de.org/up3/ontology/knoten-ID": "2997", "http://rdfs.org/ns/void#inDataset.value": "33321"}, "geometry": {"type": "Point", "coordinates": [7.0885245994, 51.2835545346, 195.15]}}, {"type": "Feature", "id": "https://registry.gdi-de.org/de.nw/radnetz/instances/Knoten_Wuppertal_5162", "name": " (ex-nw:Knoten_Wuppertal_5162)", "dateprops": [], "properties": {"https://registry.gdi-de.org/up3/ontology/hoehe": "169.53", "https://registry.gdi-de.org/up3/ontology/knoten-ID": "5162", "http://rdfs.org/ns/void#inDataset.value": "33321"}, "geometry": {"type": "Point", "coordinates": [7.1460199536, 51.2666073462, 169.53]}}, {"type": "Feature", "id": "https://registry.gdi-de.org/de.nw/radnetz/instances/Knoten_Wuppertal_2377", "name": " (ex-nw:Knoten_Wuppertal_2377)", "dateprops": [], "properties": {"https://registry.gdi-de.org/up3/ontology/hoehe": "201.93", "https://registry.gdi-de.org/up3/ontology/knoten-ID": "2377", "http://rdfs.org/ns/void#inDataset.value": "33321"}, "geometry": {"type": "Point", "coordinates": [7.0627110169, 51.2247673557, 201.93]}}, {"type": "Feature", "id": "https://registry.gdi-de.org/de.nw/radnetz/instances/Knoten_Wuppertal_3167", "name": " (ex-nw:Knoten_Wuppertal_3167)", "dateprops": [], "properties": {"https://registry.gdi-de.org/up3/ontology/hoehe": "130.53", "https://registry.gdi-de.org/up3/ontology/knoten-ID": "3167", "http://rdfs.org/ns/void#inDataset.value": "33321"}, "geometry": {"type": "Point", "coordinates": [7.0983612622, 51.2312292327, 130.53]}}, {"type": "Feature", "id": "https://registry.gdi-de.org/de.nw/radnetz/instances/Knoten_Wuppertal_110620101", "name": " (ex-nw:Knoten_Wuppertal_110620101)", "dateprops": [], "properties": {"https://registry.gdi-de.org/up3/ontology/hoehe": "185.63", "https://registry.gdi-de.org/up3/ontology/knoten-ID": "110620101", "http://rdfs.org/ns/void#inDataset.value": "33321"}, "geometry": {"type": "Point", "coordinates": [7.0732859113, 51.2657761197, 185.63]}}, {"type": "Feature", "id": "https://registry.gdi-de.org/de.nw/radnetz/instances/Knoten_Wuppertal_113260102", "name": " (ex-nw:Knoten_Wuppertal_113260102)", "dateprops": [], "properties": {"https://registry.gdi-de.org/up3/ontology/hoehe": "199.72", "https://registry.gdi-de.org/up3/ontology/knoten-ID": "113260102", "http://rdfs.org/ns/void#inDataset.value": "33321"}, "geometry": {"type": "Point", "coordinates": [7.0837532754, 51.2559330346, 199.72]}}, {"type": "Feature", "id": "https://registry.gdi-de.org/de.nw/radnetz/instances/Knoten_Wuppertal_1189691310", "name": " (ex-nw:Knoten_Wuppertal_1189691310)", "dateprops": [], "properties": {"https://registry.gdi-de.org/up3/ontology/hoehe": "230.28", "https://registry.gdi-de.org/up3/ontology/knoten-ID": "1189691310", "http://rdfs.org/ns/void#inDataset.value": "33321"}, "geometry": {"type": "Point", "coordinates": [7.215648133, 51.2081072377, 230.28]}}, {"type": "Feature", "id": "https://registry.gdi-de.org/de.nw/radnetz/instances/Knoten_Wuppertal_6148", "name": " (ex-nw:Knoten_Wuppertal_6148)", "dateprops": [], "properties": {"https://registry.gdi-de.org/up3/ontology/hoehe": "303.17", "https://registry.gdi-de.org/up3/ontology/knoten-ID": "6148", "http://rdfs.org/ns/void#inDataset.value": "33321"}, "geometry": {"type": "Point", "coordinates": [7.1637921855, 51.2995746096, 303.17]}}, {"type": "Feature", "id": "https://registry.gdi-de.org/de.nw/radnetz/instances/Knoten_Wuppertal_116310102", "name": " (ex-nw:Knoten_Wuppertal_116310102)", "dateprops": [], "properties": {"https://registry.gdi-de.org/up3/ontology/hoehe": "198.81", "https://registry.gdi-de.org/up3/ontology/knoten-ID": "116310102", "http://rdfs.org/ns/void#inDataset.value": "33321"}, "geometry": {"type": "Point", "coordinates": [7.2374035153, 51.2736812479, 198.81]}}, {"type": "Feature", "id": "https://registry.gdi-de.org/de.nw/radnetz/instances/Knoten_Wuppertal_6302", "name": " (ex-nw:Knoten_Wuppertal_6302)", "dateprops": [], "properties": {"https://registry.gdi-de.org/up3/ontology/hoehe": "283.59", "https://registry.gdi-de.org/up3/ontology/knoten-ID": "6302", "http://rdfs.org/ns/void#inDataset.value": "33321"}, "geometry": {"type": "Point", "coordinates": [7.1708832292, 51.2430794921, 283.59]}}, {"type": "Feature", "id": "https://registry.gdi-de.org/de.nw/radnetz/instances/Knoten_Wuppertal_8904", "name": " (ex-nw:Knoten_Wuppertal_8904)", "dateprops": [], "properties": {"https://registry.gdi-de.org/up3/ontology/hoehe": "301.11", "https://registry.gdi-de.org/up3/ontology/knoten-ID": "8904", "http://rdfs.org/ns/void#inDataset.value": "33321"}, "geometry": {"type": "Point", "coordinates": [7.2359391209, 51.2353898895, 301.11]}}, {"type": "Feature", "id": "https://registry.gdi-de.org/de.nw/radnetz/instances/Knoten_Wuppertal_9264", "name": " (ex-nw:Knoten_Wuppertal_9264)", "dateprops": [], "properties": {"https://registry.gdi-de.org/up3/ontology/hoehe": "230.92", "https://registry.gdi-de.org/up3/ontology/knoten-ID": "9264", "http://rdfs.org/ns/void#inDataset.value": "33321"}, "geometry": {"type": "Point", "coordinates": [7.2466050625, 51.2967348717, 230.92]}}, {"type": "Feature", "id": "https://registry.gdi-de.org/de.nw/radnetz/instances/Knoten_Wuppertal_113830102", "name": " (ex-nw:Knoten_Wuppertal_113830102)", "dateprops": [], "properties": {"https://registry.gdi-de.org/up3/ontology/hoehe": "137.7", "https://registry.gdi-de.org/up3/ontology/knoten-ID": "113830102", "http://rdfs.org/ns/void#inDataset.value": "33321"}, "geometry": {"type": "Point", "coordinates": [7.1120738816, 51.2493631678, 137.7]}}, {"type": "Feature", "id": "https://registry.gdi-de.org/de.nw/radnetz/instances/Knoten_Wuppertal_8842", "name": " (ex-nw:Knoten_Wuppertal_8842)", "dateprops": [], "properties": {"https://registry.gdi-de.org/up3/ontology/hoehe": "299.65", "https://registry.gdi-de.org/up3/ontology/knoten-ID": "8842", "http://rdfs.org/ns/void#inDataset.value": "33321"}, "geometry": {"type": "Point", "coordinates": [7.2345540186, 51.2278332473, 299.65]}}, {"type": "Feature", "id": "https://registry.gdi-de.org/de.nw/radnetz/instances/Knoten_Wuppertal_5170", "name": " (ex-nw:Knoten_Wuppertal_5170)", "dateprops": [], "properties": {"https://registry.gdi-de.org/up3/ontology/hoehe": "144.88", "https://registry.gdi-de.org/up3/ontology/knoten-ID": "5170", "http://rdfs.org/ns/void#inDataset.value": "33321"}, "geometry": {"type": "Point", "coordinates": [7.1465219628, 51.2557208134, 144.88]}}, {"type": "Feature", "id": "https://registry.gdi-de.org/de.nw/radnetz/instances/Knoten_Wuppertal_60211", "name": " (ex-nw:Knoten_Wuppertal_60211)", "dateprops": [], "properties": {"https://registry.gdi-de.org/up3/ontology/hoehe": "171.51", "https://registry.gdi-de.org/up3/ontology/knoten-ID": "60211", "http://rdfs.org/ns/void#inDataset.value": "33321"}, "geometry": {"type": "Point", "coordinates": [7.065504786, 51.2302197664, 171.51]}}, {"type": "Feature", "id": "https://registry.gdi-de.org/de.nw/radnetz/instances/Knoten_Wuppertal_112290301", "name": " (ex-nw:Knoten_Wuppertal_112290301)", "dateprops": [], "properties": {"https://registry.gdi-de.org/up3/ontology/hoehe": "141.88", "https://registry.gdi-de.org/up3/ontology/knoten-ID": "112290301", "http://rdfs.org/ns/void#inDataset.value": "33321"}, "geometry": {"type": "Point", "coordinates": [7.1349324998, 51.2532671937, 141.88]}}, {"type": "Feature", "id": "https://registry.gdi-de.org/de.nw/radnetz/instances/Knoten_Wuppertal_3979", "name": " (ex-nw:Knoten_Wuppertal_3979)", "dateprops": [], "properties": {"https://registry.gdi-de.org/up3/ontology/hoehe": "139.92", "https://registry.gdi-de.org/up3/ontology/knoten-ID": "3979", "http://rdfs.org/ns/void#inDataset.value": "33321"}, "geometry": {"type": "Point", "coordinates": [7.1248196651, 51.2495126751, 139.92]}}, {"type": "Feature", "id": "https://registry.gdi-de.org/de.nw/radnetz/instances/Knoten_Wuppertal_118430102", "name": " (ex-nw:Knoten_Wuppertal_118430102)", "dateprops": [], "properties": {"https://registry.gdi-de.org/up3/ontology/hoehe": "188.4", "https://registry.gdi-de.org/up3/ontology/knoten-ID": "118430102", "http://rdfs.org/ns/void#inDataset.value": "33321"}, "geometry": {"type": "Point", "coordinates": [7.1123466655, 51.2450066407, 188.4]}}, {"type": "Feature", "id": "https://registry.gdi-de.org/de.nw/radnetz/instances/Knoten_Wuppertal_5635", "name": " (ex-nw:Knoten_Wuppertal_5635)", "dateprops": [], "properties": {"https://registry.gdi-de.org/up3/ontology/hoehe": "145.58", "https://registry.gdi-de.org/up3/ontology/knoten-ID": "5635", "http://rdfs.org/ns/void#inDataset.value": "33321"}, "geometry": {"type": "Point", "coordinates": [7.1547066702, 51.2579795458, 145.58]}}, {"type": "Feature", "id": "https://registry.gdi-de.org/de.nw/radnetz/instances/Knoten_Wuppertal_112490101", "name": " (ex-nw:Knoten_Wuppertal_112490101)", "dateprops": [], "properties": {"https://registry.gdi-de.org/up3/ontology/hoehe": "330.34", "https://registry.gdi-de.org/up3/ontology/knoten-ID": "112490101", "http://rdfs.org/ns/void#inDataset.value": "33321"}, "geometry": {"type": "Point", "coordinates": [7.1507070237, 51.2317084421, 330.34]}}, {"type": "Feature", "id": "https://registry.gdi-de.org/de.nw/radnetz/instances/Knoten_Wuppertal_7696", "name": " (ex-nw:Knoten_Wuppertal_7696)", "dateprops": [], "properties": {"https://registry.gdi-de.org/up3/ontology/hoehe": "165.44", "https://registry.gdi-de.org/up3/ontology/knoten-ID": "7696", "http://rdfs.org/ns/void#inDataset.value": "33321"}, "geometry": {"type": "Point", "coordinates": [7.2028104359, 51.2761947407, 165.44]}}, {"type": "Feature", "id": "https://registry.gdi-de.org/de.nw/radnetz/instances/Knoten_Wuppertal_60221", "name": " (ex-nw:Knoten_Wuppertal_60221)", "dateprops": [], "properties": {"https://registry.gdi-de.org/up3/ontology/hoehe": "176.43", "https://registry.gdi-de.org/up3/ontology/knoten-ID": "60221", "http://rdfs.org/ns/void#inDataset.value": "33321"}, "geometry": {"type": "Point", "coordinates": [7.0916450933, 51.2502090685, 176.43]}}, {"type": "Feature", "id": "https://registry.gdi-de.org/de.nw/radnetz/instances/Knoten_Wuppertal_9265", "name": " (ex-nw:Knoten_Wuppertal_9265)", "dateprops": [], "properties": {"https://registry.gdi-de.org/up3/ontology/hoehe": "201.39", "https://registry.gdi-de.org/up3/ontology/knoten-ID": "9265", "http://rdfs.org/ns/void#inDataset.value": "33321"}, "geometry": {"type": "Point", "coordinates": [7.2474316656, 51.2754186436, 201.39]}}, {"type": "Feature", "id": "https://registry.gdi-de.org/de.nw/radnetz/instances/Knoten_Wuppertal_4295", "name": " (ex-nw:Knoten_Wuppertal_4295)", "dateprops": [], "properties": {"https://registry.gdi-de.org/up3/ontology/hoehe": "140.6", "https://registry.gdi-de.org/up3/ontology/knoten-ID": "4295", "http://rdfs.org/ns/void#inDataset.value": "33321"}, "geometry": {"type": "Point", "coordinates": [7.1301983547, 51.2520193316, 140.6]}}, {"type": "Feature", "id": "https://registry.gdi-de.org/de.nw/radnetz/instances/Knoten_Wuppertal_8766", "name": " (ex-nw:Knoten_Wuppertal_8766)", "dateprops": [], "properties": {"https://registry.gdi-de.org/up3/ontology/hoehe": "165.65", "https://registry.gdi-de.org/up3/ontology/knoten-ID": "8766", "http://rdfs.org/ns/void#inDataset.value": "33321"}, "geometry": {"type": "Point", "coordinates": [7.2303021993, 51.2759716073, 165.65]}}, {"type": "Feature", "id": "https://registry.gdi-de.org/de.nw/radnetz/instances/Knoten_Wuppertal_110190203", "name": " (ex-nw:Knoten_Wuppertal_110190203)", "dateprops": [], "properties": {"https://registry.gdi-de.org/up3/ontology/hoehe": "145.74", "https://registry.gdi-de.org/up3/ontology/knoten-ID": "110190203", "http://rdfs.org/ns/void#inDataset.value": "33321"}, "geometry": {"type": "Point", "coordinates": [7.1476521332, 51.2554794159, 145.74]}}, {"type": "Feature", "id": "https://registry.gdi-de.org/de.nw/radnetz/instances/Knoten_Wuppertal_112760102", "name": " (ex-nw:Knoten_Wuppertal_112760102)", "dateprops": [], "properties": {"https://registry.gdi-de.org/up3/ontology/hoehe": "240.34", "https://registry.gdi-de.org/up3/ontology/knoten-ID": "112760102", "http://rdfs.org/ns/void#inDataset.value": "33321"}, "geometry": {"type": "Point", "coordinates": [7.130304144, 51.2700220977, 240.34]}}, {"type": "Feature", "id": "https://registry.gdi-de.org/de.nw/radnetz/instances/Knoten_Wuppertal_2615", "name": " (ex-nw:Knoten_Wuppertal_2615)", "dateprops": [], "properties": {"https://registry.gdi-de.org/up3/ontology/hoehe": "203.25", "https://registry.gdi-de.org/up3/ontology/knoten-ID": "2615", "http://rdfs.org/ns/void#inDataset.value": "33321"}, "geometry": {"type": "Point", "coordinates": [7.0709851244, 51.2443963199, 203.25]}}, {"type": "Feature", "id": "https://registry.gdi-de.org/de.nw/radnetz/instances/Knoten_Wuppertal_6268", "name": " (ex-nw:Knoten_Wuppertal_6268)", "dateprops": [], "properties": {"https://registry.gdi-de.org/up3/ontology/hoehe": "203.77", "https://registry.gdi-de.org/up3/ontology/knoten-ID": "6268", "http://rdfs.org/ns/void#inDataset.value": "33321"}, "geometry": {"type": "Point", "coordinates": [7.1684617975, 51.280300261, 203.77]}}, {"type": "Feature", "id": "https://registry.gdi-de.org/de.nw/radnetz/instances/Knoten_Wuppertal_60286", "name": " (ex-nw:Knoten_Wuppertal_60286)", "dateprops": [], "properties": {"https://registry.gdi-de.org/up3/ontology/hoehe": "192.92", "https://registry.gdi-de.org/up3/ontology/knoten-ID": "60286", "http://rdfs.org/ns/void#inDataset.value": "33321"}, "geometry": {"type": "Point", "coordinates": [7.232026131, 51.2886356693, 192.92]}}, {"type": "Feature", "id": "https://registry.gdi-de.org/de.nw/radnetz/instances/Knoten_Wuppertal_5961", "name": " (ex-nw:Knoten_Wuppertal_5961)", "dateprops": [], "properties": {"https://registry.gdi-de.org/up3/ontology/hoehe": "222.71", "https://registry.gdi-de.org/up3/ontology/knoten-ID": "5961", "http://rdfs.org/ns/void#inDataset.value": "33321"}, "geometry": {"type": "Point", "coordinates": [7.1622539043, 51.2217110243, 222.71]}}, {"type": "Feature", "id": "https://registry.gdi-de.org/de.nw/radnetz/instances/Knoten_Wuppertal_119610203", "name": " (ex-nw:Knoten_Wuppertal_119610203)", "dateprops": [], "properties": {"https://registry.gdi-de.org/up3/ontology/hoehe": "136.93", "https://registry.gdi-de.org/up3/ontology/knoten-ID": "119610203", "http://rdfs.org/ns/void#inDataset.value": "33321"}, "geometry": {"type": "Point", "coordinates": [7.1067646447, 51.2466929842, 136.93]}}, {"type": "Feature", "id": "https://registry.gdi-de.org/de.nw/radnetz/instances/Knoten_Wuppertal_9612", "name": " (ex-nw:Knoten_Wuppertal_9612)", "dateprops": [], "properties": {"https://registry.gdi-de.org/up3/ontology/hoehe": "186.17", "https://registry.gdi-de.org/up3/ontology/knoten-ID": "9612", "http://rdfs.org/ns/void#inDataset.value": "33321"}, "geometry": {"type": "Point", "coordinates": [7.2635657091, 51.2862261714, 186.17]}}, {"type": "Feature", "id": "https://registry.gdi-de.org/de.nw/radnetz/instances/Knoten_Wuppertal_1189691165", "name": " (ex-nw:Knoten_Wuppertal_1189691165)", "dateprops": [], "properties": {"https://registry.gdi-de.org/up3/ontology/hoehe": "167.47", "https://registry.gdi-de.org/up3/ontology/knoten-ID": "1189691165", "http://rdfs.org/ns/void#inDataset.value": "33321"}, "geometry": {"type": "Point", "coordinates": [7.2027279985, 51.2766508335, 167.47]}}, {"type": "Feature", "id": "https://registry.gdi-de.org/de.nw/radnetz/instances/Knoten_Wuppertal_3793", "name": " (ex-nw:Knoten_Wuppertal_3793)", "dateprops": [], "properties": {"https://registry.gdi-de.org/up3/ontology/hoehe": "280.36", "https://registry.gdi-de.org/up3/ontology/knoten-ID": "3793", "http://rdfs.org/ns/void#inDataset.value": "33321"}, "geometry": {"type": "Point", "coordinates": [7.1187247565, 51.2819543618, 280.36]}}, {"type": "Feature", "id": "https://registry.gdi-de.org/de.nw/radnetz/instances/Knoten_Wuppertal_6873", "name": " (ex-nw:Knoten_Wuppertal_6873)", "dateprops": [], "properties": {"https://registry.gdi-de.org/up3/ontology/hoehe": "318.24", "https://registry.gdi-de.org/up3/ontology/knoten-ID": "6873", "http://rdfs.org/ns/void#inDataset.value": "33321"}, "geometry": {"type": "Point", "coordinates": [7.189529201, 51.2274407115, 318.24]}}, {"type": "Feature", "id": "https://registry.gdi-de.org/de.nw/radnetz/instances/Knoten_Wuppertal_1189690279", "name": " (ex-nw:Knoten_Wuppertal_1189690279)", "dateprops": [], "properties": {"https://registry.gdi-de.org/up3/ontology/hoehe": "144.66", "https://registry.gdi-de.org/up3/ontology/knoten-ID": "1189690279", "http://rdfs.org/ns/void#inDataset.value": "33321"}, "geometry": {"type": "Point", "coordinates": [7.1461698614, 51.2584254918, 144.66]}}, {"type": "Feature", "id": "https://registry.gdi-de.org/de.nw/radnetz/instances/Knoten_Wuppertal_4859", "name": " (ex-nw:Knoten_Wuppertal_4859)", "dateprops": [], "properties": {"https://registry.gdi-de.org/up3/ontology/hoehe": "142.46", "https://registry.gdi-de.org/up3/ontology/knoten-ID": "4859", "http://rdfs.org/ns/void#inDataset.value": "33321"}, "geometry": {"type": "Point", "coordinates": [7.1419749991, 51.2554513751, 142.46]}}, {"type": "Feature", "id": "https://registry.gdi-de.org/de.nw/radnetz/instances/Knoten_Wuppertal_4453", "name": " (ex-nw:Knoten_Wuppertal_4453)", "dateprops": [], "properties": {"https://registry.gdi-de.org/up3/ontology/hoehe": "297.87", "https://registry.gdi-de.org/up3/ontology/knoten-ID": "4453", "http://rdfs.org/ns/void#inDataset.value": "33321"}, "geometry": {"type": "Point", "coordinates": [7.1347816198, 51.2059244765, 297.87]}}, {"type": "Feature", "id": "https://registry.gdi-de.org/de.nw/radnetz/instances/Knoten_Wuppertal_6008", "name": " (ex-nw:Knoten_Wuppertal_6008)", "dateprops": [], "properties": {"https://registry.gdi-de.org/up3/ontology/hoehe": "203.75", "https://registry.gdi-de.org/up3/ontology/knoten-ID": "6008", "http://rdfs.org/ns/void#inDataset.value": "33321"}, "geometry": {"type": "Point", "coordinates": [7.161399078, 51.2761469323, 203.75]}}, {"type": "Feature", "id": "https://registry.gdi-de.org/de.nw/radnetz/instances/Knoten_Wuppertal_8825", "name": " (ex-nw:Knoten_Wuppertal_8825)", "dateprops": [], "properties": {"https://registry.gdi-de.org/up3/ontology/hoehe": "169.64", "https://registry.gdi-de.org/up3/ontology/knoten-ID": "8825", "http://rdfs.org/ns/void#inDataset.value": "33321"}, "geometry": {"type": "Point", "coordinates": [7.2328127772, 51.2586872855, 169.64]}}, {"type": "Feature", "id": "https://registry.gdi-de.org/de.nw/radnetz/instances/Knoten_Wuppertal_7039", "name": " (ex-nw:Knoten_Wuppertal_7039)", "dateprops": [], "properties": {"https://registry.gdi-de.org/up3/ontology/hoehe": "344.18", "https://registry.gdi-de.org/up3/ontology/knoten-ID": "7039", "http://rdfs.org/ns/void#inDataset.value": "33321"}, "geometry": {"type": "Point", "coordinates": [7.1923747602, 51.2406872885, 344.18]}}, {"type": "Feature", "id": "https://registry.gdi-de.org/de.nw/radnetz/instances/Knoten_Wuppertal_9190", "name": " (ex-nw:Knoten_Wuppertal_9190)", "dateprops": [], "properties": {"https://registry.gdi-de.org/up3/ontology/hoehe": "174.81", "https://registry.gdi-de.org/up3/ontology/knoten-ID": "9190", "http://rdfs.org/ns/void#inDataset.value": "33321"}, "geometry": {"type": "Point", "coordinates": [7.2441659638, 51.2809743917, 174.81]}}, {"type": "Feature", "id": "https://registry.gdi-de.org/de.nw/radnetz/instances/Knoten_Wuppertal_2685", "name": " (ex-nw:Knoten_Wuppertal_2685)", "dateprops": [], "properties": {"https://registry.gdi-de.org/up3/ontology/hoehe": "184.83", "https://registry.gdi-de.org/up3/ontology/knoten-ID": "2685", "http://rdfs.org/ns/void#inDataset.value": "33321"}, "geometry": {"type": "Point", "coordinates": [7.0731091648, 51.2529692262, 184.83]}}, {"type": "Feature", "id": "https://registry.gdi-de.org/de.nw/radnetz/instances/Knoten_Wuppertal_99999902", "name": " (ex-nw:Knoten_Wuppertal_99999902)", "dateprops": [], "properties": {"https://registry.gdi-de.org/up3/ontology/hoehe": "188.7", "https://registry.gdi-de.org/up3/ontology/knoten-ID": "99999902", "http://rdfs.org/ns/void#inDataset.value": "33321"}, "geometry": {"type": "Point", "coordinates": [7.2258597333, 51.2769747193, 188.7]}}, {"type": "Feature", "id": "https://registry.gdi-de.org/de.nw/radnetz/instances/Knoten_Wuppertal_60204", "name": " (ex-nw:Knoten_Wuppertal_60204)", "dateprops": [], "properties": {"https://registry.gdi-de.org/up3/ontology/hoehe": "182.86", "https://registry.gdi-de.org/up3/ontology/knoten-ID": "60204", "http://rdfs.org/ns/void#inDataset.value": "33321"}, "geometry": {"type": "Point", "coordinates": [7.195694733, 51.2734470758, 182.86]}}, {"type": "Feature", "id": "https://registry.gdi-de.org/de.nw/radnetz/instances/Knoten_Wuppertal_4743", "name": " (ex-nw:Knoten_Wuppertal_4743)", "dateprops": [], "properties": {"https://registry.gdi-de.org/up3/ontology/hoehe": "144.42", "https://registry.gdi-de.org/up3/ontology/knoten-ID": "4743", "http://rdfs.org/ns/void#inDataset.value": "33321"}, "geometry": {"type": "Point", "coordinates": [7.1395638907, 51.2572537481, 144.42]}}, {"type": "Feature", "id": "https://registry.gdi-de.org/de.nw/radnetz/instances/Knoten_Wuppertal_5418", "name": " (ex-nw:Knoten_Wuppertal_5418)", "dateprops": [], "properties": {"https://registry.gdi-de.org/up3/ontology/hoehe": "323.64", "https://registry.gdi-de.org/up3/ontology/knoten-ID": "5418", "http://rdfs.org/ns/void#inDataset.value": "33321"}, "geometry": {"type": "Point", "coordinates": [7.1520125802, 51.2196327765, 323.64]}}, {"type": "Feature", "id": "https://registry.gdi-de.org/de.nw/radnetz/instances/Knoten_Wuppertal_3145", "name": " (ex-nw:Knoten_Wuppertal_3145)", "dateprops": [], "properties": {"https://registry.gdi-de.org/up3/ontology/hoehe": "136.35", "https://registry.gdi-de.org/up3/ontology/knoten-ID": "3145", "http://rdfs.org/ns/void#inDataset.value": "33321"}, "geometry": {"type": "Point", "coordinates": [7.097301571, 51.236521, 136.35]}}, {"type": "Feature", "id": "https://registry.gdi-de.org/de.nw/radnetz/instances/Knoten_Wuppertal_4681", "name": " (ex-nw:Knoten_Wuppertal_4681)", "dateprops": [], "properties": {"https://registry.gdi-de.org/up3/ontology/hoehe": "141.74", "https://registry.gdi-de.org/up3/ontology/knoten-ID": "4681", "http://rdfs.org/ns/void#inDataset.value": "33321"}, "geometry": {"type": "Point", "coordinates": [7.1381521574, 51.2541065784, 141.74]}}, {"type": "Feature", "id": "https://registry.gdi-de.org/de.nw/radnetz/instances/Knoten_Wuppertal_1189691362", "name": " (ex-nw:Knoten_Wuppertal_1189691362)", "dateprops": [], "properties": {"https://registry.gdi-de.org/up3/ontology/hoehe": "155.0", "https://registry.gdi-de.org/up3/ontology/knoten-ID": "1189691362", "http://rdfs.org/ns/void#inDataset.value": "33321"}, "geometry": {"type": "Point", "coordinates": [7.0217047775, 51.2931051622, 155.0]}}, {"type": "Feature", "id": "https://registry.gdi-de.org/de.nw/radnetz/instances/Knoten_Wuppertal_5053", "name": " (ex-nw:Knoten_Wuppertal_5053)", "dateprops": [], "properties": {"https://registry.gdi-de.org/up3/ontology/hoehe": "147.24", "https://registry.gdi-de.org/up3/ontology/knoten-ID": "5053", "http://rdfs.org/ns/void#inDataset.value": "33321"}, "geometry": {"type": "Point", "coordinates": [7.1446462299, 51.254575574, 147.24]}}, {"type": "Feature", "id": "https://registry.gdi-de.org/de.nw/radnetz/instances/Knoten_Wuppertal_6571", "name": " (ex-nw:Knoten_Wuppertal_6571)", "dateprops": [], "properties": {"https://registry.gdi-de.org/up3/ontology/hoehe": "323.68", "https://registry.gdi-de.org/up3/ontology/knoten-ID": "6571", "http://rdfs.org/ns/void#inDataset.value": "33321"}, "geometry": {"type": "Point", "coordinates": [7.1799338598, 51.2430694526, 323.68]}}, {"type": "Feature", "id": "https://registry.gdi-de.org/de.nw/radnetz/instances/Knoten_Wuppertal_5014", "name": " (ex-nw:Knoten_Wuppertal_5014)", "dateprops": [], "properties": {"https://registry.gdi-de.org/up3/ontology/hoehe": "172.33", "https://registry.gdi-de.org/up3/ontology/knoten-ID": "5014", "http://rdfs.org/ns/void#inDataset.value": "33321"}, "geometry": {"type": "Point", "coordinates": [7.1437330865, 51.2662143389, 172.33]}}, {"type": "Feature", "id": "https://registry.gdi-de.org/de.nw/radnetz/instances/Knoten_Wuppertal_5489", "name": " (ex-nw:Knoten_Wuppertal_5489)", "dateprops": [], "properties": {"https://registry.gdi-de.org/up3/ontology/hoehe": "328.59", "https://registry.gdi-de.org/up3/ontology/knoten-ID": "5489", "http://rdfs.org/ns/void#inDataset.value": "33321"}, "geometry": {"type": "Point", "coordinates": [7.152772332, 51.2347022019, 328.59]}}, {"type": "Feature", "id": "https://registry.gdi-de.org/de.nw/radnetz/instances/Knoten_Wuppertal_5135", "name": " (ex-nw:Knoten_Wuppertal_5135)", "dateprops": [], "properties": {"https://registry.gdi-de.org/up3/ontology/hoehe": "161.11", "https://registry.gdi-de.org/up3/ontology/knoten-ID": "5135", "http://rdfs.org/ns/void#inDataset.value": "33321"}, "geometry": {"type": "Point", "coordinates": [7.1457479504, 51.2636284559, 161.11]}}, {"type": "Feature", "id": "https://registry.gdi-de.org/de.nw/radnetz/instances/Knoten_Wuppertal_113250101", "name": " (ex-nw:Knoten_Wuppertal_113250101)", "dateprops": [], "properties": {"https://registry.gdi-de.org/up3/ontology/hoehe": "207.88", "https://registry.gdi-de.org/up3/ontology/knoten-ID": "113250101", "http://rdfs.org/ns/void#inDataset.value": "33321"}, "geometry": {"type": "Point", "coordinates": [7.0811043027, 51.2546264782, 207.88]}}, {"type": "Feature", "id": "https://registry.gdi-de.org/de.nw/radnetz/instances/Knoten_Wuppertal_9281", "name": " (ex-nw:Knoten_Wuppertal_9281)", "dateprops": [], "properties": {"https://registry.gdi-de.org/up3/ontology/hoehe": "201.02", "https://registry.gdi-de.org/up3/ontology/knoten-ID": "9281", "http://rdfs.org/ns/void#inDataset.value": "33321"}, "geometry": {"type": "Point", "coordinates": [7.2484224039, 51.2755037463, 201.02]}}, {"type": "Feature", "id": "https://registry.gdi-de.org/de.nw/radnetz/instances/Knoten_Wuppertal_99999906", "name": " (ex-nw:Knoten_Wuppertal_99999906)", "dateprops": [], "properties": {"https://registry.gdi-de.org/up3/ontology/hoehe": "183.7", "https://registry.gdi-de.org/up3/ontology/knoten-ID": "99999906", "http://rdfs.org/ns/void#inDataset.value": "33321"}, "geometry": {"type": "Point", "coordinates": [7.2370770769, 51.2808462783, 183.7]}}, {"type": "Feature", "id": "https://registry.gdi-de.org/de.nw/radnetz/instances/Knoten_Wuppertal_119780101", "name": " (ex-nw:Knoten_Wuppertal_119780101)", "dateprops": [], "properties": {"https://registry.gdi-de.org/up3/ontology/hoehe": "178.12", "https://registry.gdi-de.org/up3/ontology/knoten-ID": "119780101", "http://rdfs.org/ns/void#inDataset.value": "33321"}, "geometry": {"type": "Point", "coordinates": [7.0476584924, 51.218629882, 178.12]}}, {"type": "Feature", "id": "https://registry.gdi-de.org/de.nw/radnetz/instances/Knoten_Wuppertal_122800101", "name": " (ex-nw:Knoten_Wuppertal_122800101)", "dateprops": [], "properties": {"https://registry.gdi-de.org/up3/ontology/hoehe": "206.39", "https://registry.gdi-de.org/up3/ontology/knoten-ID": "122800101", "http://rdfs.org/ns/void#inDataset.value": "33321"}, "geometry": {"type": "Point", "coordinates": [7.2994136398, 51.2466901554, 206.39]}}, {"type": "Feature", "id": "https://registry.gdi-de.org/de.nw/radnetz/instances/Knoten_Wuppertal_60089", "name": " (ex-nw:Knoten_Wuppertal_60089)", "dateprops": [], "properties": {"https://registry.gdi-de.org/up3/ontology/hoehe": "338.04", "https://registry.gdi-de.org/up3/ontology/knoten-ID": "60089", "http://rdfs.org/ns/void#inDataset.value": "33321"}, "geometry": {"type": "Point", "coordinates": [7.2031930731, 51.2375659469, 338.04]}}, {"type": "Feature", "id": "https://registry.gdi-de.org/de.nw/radnetz/instances/Knoten_Wuppertal_3412", "name": " (ex-nw:Knoten_Wuppertal_3412)", "dateprops": [], "properties": {"https://registry.gdi-de.org/up3/ontology/hoehe": "241.24", "https://registry.gdi-de.org/up3/ontology/knoten-ID": "3412", "http://rdfs.org/ns/void#inDataset.value": "33321"}, "geometry": {"type": "Point", "coordinates": [7.1074591832, 51.2702251542, 241.24]}}, {"type": "Feature", "id": "https://registry.gdi-de.org/de.nw/radnetz/instances/Knoten_Wuppertal_7789", "name": " (ex-nw:Knoten_Wuppertal_7789)", "dateprops": [], "properties": {"https://registry.gdi-de.org/up3/ontology/hoehe": "155.97", "https://registry.gdi-de.org/up3/ontology/knoten-ID": "7789", "http://rdfs.org/ns/void#inDataset.value": "33321"}, "geometry": {"type": "Point", "coordinates": [7.2051197577, 51.2714720105, 155.97]}}, {"type": "Feature", "id": "https://registry.gdi-de.org/de.nw/radnetz/instances/Knoten_Wuppertal_9224", "name": " (ex-nw:Knoten_Wuppertal_9224)", "dateprops": [], "properties": {"https://registry.gdi-de.org/up3/ontology/hoehe": "203.79", "https://registry.gdi-de.org/up3/ontology/knoten-ID": "9224", "http://rdfs.org/ns/void#inDataset.value": "33321"}, "geometry": {"type": "Point", "coordinates": [7.2452448793, 51.2872658074, 203.79]}}, {"type": "Feature", "id": "https://registry.gdi-de.org/de.nw/radnetz/instances/Knoten_Wuppertal_60314", "name": " (ex-nw:Knoten_Wuppertal_60314)", "dateprops": [], "properties": {"https://registry.gdi-de.org/up3/ontology/hoehe": "299.09", "https://registry.gdi-de.org/up3/ontology/knoten-ID": "60314", "http://rdfs.org/ns/void#inDataset.value": "33321"}, "geometry": {"type": "Point", "coordinates": [7.1463316758, 51.2252305617, 299.09]}}, {"type": "Feature", "id": "https://registry.gdi-de.org/de.nw/radnetz/instances/Knoten_Wuppertal_4673", "name": " (ex-nw:Knoten_Wuppertal_4673)", "dateprops": [], "properties": {"https://registry.gdi-de.org/up3/ontology/hoehe": "143.48", "https://registry.gdi-de.org/up3/ontology/knoten-ID": "4673", "http://rdfs.org/ns/void#inDataset.value": "33321"}, "geometry": {"type": "Point", "coordinates": [7.1379537919, 51.2567216724, 143.48]}}, {"type": "Feature", "id": "https://registry.gdi-de.org/de.nw/radnetz/instances/Knoten_Wuppertal_7943", "name": " (ex-nw:Knoten_Wuppertal_7943)", "dateprops": [], "properties": {"https://registry.gdi-de.org/up3/ontology/hoehe": "156.71", "https://registry.gdi-de.org/up3/ontology/knoten-ID": "7943", "http://rdfs.org/ns/void#inDataset.value": "33321"}, "geometry": {"type": "Point", "coordinates": [7.2086480506, 51.2738232246, 156.71]}}, {"type": "Feature", "id": "https://registry.gdi-de.org/de.nw/radnetz/instances/Knoten_Wuppertal_60272", "name": " (ex-nw:Knoten_Wuppertal_60272)", "dateprops": [], "properties": {"https://registry.gdi-de.org/up3/ontology/hoehe": "188.38", "https://registry.gdi-de.org/up3/ontology/knoten-ID": "60272", "http://rdfs.org/ns/void#inDataset.value": "33321"}, "geometry": {"type": "Point", "coordinates": [7.2207314702, 51.2782457708, 188.38]}}, {"type": "Feature", "id": "https://registry.gdi-de.org/de.nw/radnetz/instances/Knoten_Wuppertal_9022", "name": " (ex-nw:Knoten_Wuppertal_9022)", "dateprops": [], "properties": {"https://registry.gdi-de.org/up3/ontology/hoehe": "196.83", "https://registry.gdi-de.org/up3/ontology/knoten-ID": "9022", "http://rdfs.org/ns/void#inDataset.value": "33321"}, "geometry": {"type": "Point", "coordinates": [7.2384832722, 51.2720313239, 196.83]}}, {"type": "Feature", "id": "https://registry.gdi-de.org/de.nw/radnetz/instances/Knoten_Wuppertal_2335", "name": " (ex-nw:Knoten_Wuppertal_2335)", "dateprops": [], "properties": {"https://registry.gdi-de.org/up3/ontology/hoehe": "180.66", "https://registry.gdi-de.org/up3/ontology/knoten-ID": "2335", "http://rdfs.org/ns/void#inDataset.value": "33321"}, "geometry": {"type": "Point", "coordinates": [7.0594137818, 51.2540787533, 180.66]}}, {"type": "Feature", "id": "https://registry.gdi-de.org/de.nw/radnetz/instances/Knoten_Wuppertal_3348", "name": " (ex-nw:Knoten_Wuppertal_3348)", "dateprops": [], "properties": {"https://registry.gdi-de.org/up3/ontology/hoehe": "161.44", "https://registry.gdi-de.org/up3/ontology/knoten-ID": "3348", "http://rdfs.org/ns/void#inDataset.value": "33321"}, "geometry": {"type": "Point", "coordinates": [7.1057516758, 51.2552068454, 161.44]}}, {"type": "Feature", "id": "https://registry.gdi-de.org/de.nw/radnetz/instances/Knoten_Wuppertal_117070102", "name": " (ex-nw:Knoten_Wuppertal_117070102)", "dateprops": [], "properties": {"https://registry.gdi-de.org/up3/ontology/hoehe": "193.41", "https://registry.gdi-de.org/up3/ontology/knoten-ID": "117070102", "http://rdfs.org/ns/void#inDataset.value": "33321"}, "geometry": {"type": "Point", "coordinates": [7.0842527858, 51.2814982041, 193.41]}}, {"type": "Feature", "id": "https://registry.gdi-de.org/de.nw/radnetz/instances/Knoten_Wuppertal_1189690435", "name": " (ex-nw:Knoten_Wuppertal_1189690435)", "dateprops": [], "properties": {"https://registry.gdi-de.org/up3/ontology/hoehe": "140.1", "https://registry.gdi-de.org/up3/ontology/knoten-ID": "1189690435", "http://rdfs.org/ns/void#inDataset.value": "33321"}, "geometry": {"type": "Point", "coordinates": [7.1266385095, 51.2503597639, 140.1]}}, {"type": "Feature", "id": "https://registry.gdi-de.org/de.nw/radnetz/instances/Knoten_Wuppertal_5562", "name": " (ex-nw:Knoten_Wuppertal_5562)", "dateprops": [], "properties": {"https://registry.gdi-de.org/up3/ontology/hoehe": "176.79", "https://registry.gdi-de.org/up3/ontology/knoten-ID": "5562", "http://rdfs.org/ns/void#inDataset.value": "33321"}, "geometry": {"type": "Point", "coordinates": [7.1535067399, 51.2508288323, 176.79]}}, {"type": "Feature", "id": "https://registry.gdi-de.org/de.nw/radnetz/instances/Knoten_Wuppertal_112490102", "name": " (ex-nw:Knoten_Wuppertal_112490102)", "dateprops": [], "properties": {"https://registry.gdi-de.org/up3/ontology/hoehe": "330.42", "https://registry.gdi-de.org/up3/ontology/knoten-ID": "112490102", "http://rdfs.org/ns/void#inDataset.value": "33321"}, "geometry": {"type": "Point", "coordinates": [7.1505748078, 51.2315055146, 330.42]}}, {"type": "Feature", "id": "https://registry.gdi-de.org/de.nw/radnetz/instances/Knoten_Wuppertal_2300", "name": " (ex-nw:Knoten_Wuppertal_2300)", "dateprops": [], "properties": {"https://registry.gdi-de.org/up3/ontology/hoehe": "246.93", "https://registry.gdi-de.org/up3/ontology/knoten-ID": "2300", "http://rdfs.org/ns/void#inDataset.value": "33321"}, "geometry": {"type": "Point", "coordinates": [7.0594591704, 51.2142191015, 246.93]}}, {"type": "Feature", "id": "https://registry.gdi-de.org/de.nw/radnetz/instances/Knoten_Wuppertal_120650101", "name": " (ex-nw:Knoten_Wuppertal_120650101)", "dateprops": [], "properties": {"https://registry.gdi-de.org/up3/ontology/hoehe": "248.8", "https://registry.gdi-de.org/up3/ontology/knoten-ID": "120650101", "http://rdfs.org/ns/void#inDataset.value": "33321"}, "geometry": {"type": "Point", "coordinates": [7.2075091979, 51.2151573355, 248.8]}}, {"type": "Feature", "id": "https://registry.gdi-de.org/de.nw/radnetz/instances/Knoten_Wuppertal_5929", "name": " (ex-nw:Knoten_Wuppertal_5929)", "dateprops": [], "properties": {"https://registry.gdi-de.org/up3/ontology/hoehe": "208.18", "https://registry.gdi-de.org/up3/ontology/knoten-ID": "5929", "http://rdfs.org/ns/void#inDataset.value": "33321"}, "geometry": {"type": "Point", "coordinates": [7.1603938774, 51.2519539596, 208.18]}}, {"type": "Feature", "id": "https://registry.gdi-de.org/de.nw/radnetz/instances/Knoten_Wuppertal_60222", "name": " (ex-nw:Knoten_Wuppertal_60222)", "dateprops": [], "properties": {"https://registry.gdi-de.org/up3/ontology/hoehe": "176.55", "https://registry.gdi-de.org/up3/ontology/knoten-ID": "60222", "http://rdfs.org/ns/void#inDataset.value": "33321"}, "geometry": {"type": "Point", "coordinates": [7.0984602386, 51.2535659204, 176.55]}}, {"type": "Feature", "id": "https://registry.gdi-de.org/de.nw/radnetz/instances/Knoten_Wuppertal_112320101", "name": " (ex-nw:Knoten_Wuppertal_112320101)", "dateprops": [], "properties": {"https://registry.gdi-de.org/up3/ontology/hoehe": "195.21", "https://registry.gdi-de.org/up3/ontology/knoten-ID": "112320101", "http://rdfs.org/ns/void#inDataset.value": "33321"}, "geometry": {"type": "Point", "coordinates": [7.1589806566, 51.2524466274, 195.21]}}, {"type": "Feature", "id": "https://registry.gdi-de.org/de.nw/radnetz/instances/Knoten_Wuppertal_4312", "name": " (ex-nw:Knoten_Wuppertal_4312)", "dateprops": [], "properties": {"https://registry.gdi-de.org/up3/ontology/hoehe": "284.47", "https://registry.gdi-de.org/up3/ontology/knoten-ID": "4312", "http://rdfs.org/ns/void#inDataset.value": "33321"}, "geometry": {"type": "Point", "coordinates": [7.1294805392, 51.2764700039, 284.47]}}, {"type": "Feature", "id": "https://registry.gdi-de.org/de.nw/radnetz/instances/Knoten_Wuppertal_5432", "name": " (ex-nw:Knoten_Wuppertal_5432)", "dateprops": [], "properties": {"https://registry.gdi-de.org/up3/ontology/hoehe": "326.18", "https://registry.gdi-de.org/up3/ontology/knoten-ID": "5432", "http://rdfs.org/ns/void#inDataset.value": "33321"}, "geometry": {"type": "Point", "coordinates": [7.1521174957, 51.221683266, 326.18]}}, {"type": "Feature", "id": "https://registry.gdi-de.org/de.nw/radnetz/instances/Knoten_Wuppertal_5986", "name": " (ex-nw:Knoten_Wuppertal_5986)", "dateprops": [], "properties": {"https://registry.gdi-de.org/up3/ontology/hoehe": "221.56", "https://registry.gdi-de.org/up3/ontology/knoten-ID": "5986", "http://rdfs.org/ns/void#inDataset.value": "33321"}, "geometry": {"type": "Point", "coordinates": [7.1628653617, 51.2230819084, 221.56]}}, {"type": "Feature", "id": "https://registry.gdi-de.org/de.nw/radnetz/instances/Knoten_Wuppertal_1189691244", "name": " (ex-nw:Knoten_Wuppertal_1189691244)", "dateprops": [], "properties": {"https://registry.gdi-de.org/up3/ontology/hoehe": "120.79", "https://registry.gdi-de.org/up3/ontology/knoten-ID": "1189691244", "http://rdfs.org/ns/void#inDataset.value": "33321"}, "geometry": {"type": "Point", "coordinates": [7.1076219028, 51.2036482414, 120.79]}}, {"type": "Feature", "id": "https://registry.gdi-de.org/de.nw/radnetz/instances/Knoten_Wuppertal_1189691282", "name": " (ex-nw:Knoten_Wuppertal_1189691282)", "dateprops": [], "properties": {"https://registry.gdi-de.org/up3/ontology/hoehe": "137.45", "https://registry.gdi-de.org/up3/ontology/knoten-ID": "1189691282", "http://rdfs.org/ns/void#inDataset.value": "33321"}, "geometry": {"type": "Point", "coordinates": [7.1243475457, 51.177922131, 137.45]}}, {"type": "Feature", "id": "https://registry.gdi-de.org/de.nw/radnetz/instances/Knoten_Wuppertal_9576", "name": " (ex-nw:Knoten_Wuppertal_9576)", "dateprops": [], "properties": {"https://registry.gdi-de.org/up3/ontology/hoehe": "178.61", "https://registry.gdi-de.org/up3/ontology/knoten-ID": "9576", "http://rdfs.org/ns/void#inDataset.value": "33321"}, "geometry": {"type": "Point", "coordinates": [7.2624333258, 51.2555284555, 178.61]}}, {"type": "Feature", "id": "https://registry.gdi-de.org/de.nw/radnetz/instances/Knoten_Wuppertal_5884", "name": " (ex-nw:Knoten_Wuppertal_5884)", "dateprops": [], "properties": {"https://registry.gdi-de.org/up3/ontology/hoehe": "223.97", "https://registry.gdi-de.org/up3/ontology/knoten-ID": "5884", "http://rdfs.org/ns/void#inDataset.value": "33321"}, "geometry": {"type": "Point", "coordinates": [7.1584083962, 51.2743594261, 223.97]}}, {"type": "Feature", "id": "https://registry.gdi-de.org/de.nw/radnetz/instances/Knoten_Wuppertal_9426", "name": " (ex-nw:Knoten_Wuppertal_9426)", "dateprops": [], "properties": {"https://registry.gdi-de.org/up3/ontology/hoehe": "296.41", "https://registry.gdi-de.org/up3/ontology/knoten-ID": "9426", "http://rdfs.org/ns/void#inDataset.value": "33321"}, "geometry": {"type": "Point", "coordinates": [7.2524027698, 51.3072132971, 296.41]}}, {"type": "Feature", "id": "https://registry.gdi-de.org/de.nw/radnetz/instances/Knoten_Wuppertal_8252", "name": " (ex-nw:Knoten_Wuppertal_8252)", "dateprops": [], "properties": {"https://registry.gdi-de.org/up3/ontology/hoehe": "158.67", "https://registry.gdi-de.org/up3/ontology/knoten-ID": "8252", "http://rdfs.org/ns/void#inDataset.value": "33321"}, "geometry": {"type": "Point", "coordinates": [7.2157394743, 51.2747772268, 158.67]}}, {"type": "Feature", "id": "https://registry.gdi-de.org/de.nw/radnetz/instances/Knoten_Wuppertal_116140101", "name": " (ex-nw:Knoten_Wuppertal_116140101)", "dateprops": [], "properties": {"https://registry.gdi-de.org/up3/ontology/hoehe": "300.12", "https://registry.gdi-de.org/up3/ontology/knoten-ID": "116140101", "http://rdfs.org/ns/void#inDataset.value": "33321"}, "geometry": {"type": "Point", "coordinates": [7.2522556043, 51.3078367011, 300.12]}}, {"type": "Feature", "id": "https://registry.gdi-de.org/de.nw/radnetz/instances/Knoten_Wuppertal_60265", "name": " (ex-nw:Knoten_Wuppertal_60265)", "dateprops": [], "properties": {"https://registry.gdi-de.org/up3/ontology/hoehe": "184.33", "https://registry.gdi-de.org/up3/ontology/knoten-ID": "60265", "http://rdfs.org/ns/void#inDataset.value": "33321"}, "geometry": {"type": "Point", "coordinates": [7.2057845097, 51.2783375289, 184.33]}}, {"type": "Feature", "id": "https://registry.gdi-de.org/de.nw/radnetz/instances/Knoten_Wuppertal_9428", "name": " (ex-nw:Knoten_Wuppertal_9428)", "dateprops": [], "properties": {"https://registry.gdi-de.org/up3/ontology/hoehe": "180.87", "https://registry.gdi-de.org/up3/ontology/knoten-ID": "9428", "http://rdfs.org/ns/void#inDataset.value": "33321"}, "geometry": {"type": "Point", "coordinates": [7.2533827355, 51.2826595978, 180.87]}}, {"type": "Feature", "id": "https://registry.gdi-de.org/de.nw/radnetz/instances/Knoten_Wuppertal_3264", "name": " (ex-nw:Knoten_Wuppertal_3264)", "dateprops": [], "properties": {"https://registry.gdi-de.org/up3/ontology/hoehe": "138.05", "https://registry.gdi-de.org/up3/ontology/knoten-ID": "3264", "http://rdfs.org/ns/void#inDataset.value": "33321"}, "geometry": {"type": "Point", "coordinates": [7.1029295404, 51.240633015, 138.05]}}, {"type": "Feature", "id": "https://registry.gdi-de.org/de.nw/radnetz/instances/Knoten_Wuppertal_3192", "name": " (ex-nw:Knoten_Wuppertal_3192)", "dateprops": [], "properties": {"https://registry.gdi-de.org/up3/ontology/hoehe": "174.83", "https://registry.gdi-de.org/up3/ontology/knoten-ID": "3192", "http://rdfs.org/ns/void#inDataset.value": "33321"}, "geometry": {"type": "Point", "coordinates": [7.0988295723, 51.2531091079, 174.83]}}, {"type": "Feature", "id": "https://registry.gdi-de.org/de.nw/radnetz/instances/Knoten_Wuppertal_2514", "name": " (ex-nw:Knoten_Wuppertal_2514)", "dateprops": [], "properties": {"https://registry.gdi-de.org/up3/ontology/hoehe": "186.4", "https://registry.gdi-de.org/up3/ontology/knoten-ID": "2514", "http://rdfs.org/ns/void#inDataset.value": "33321"}, "geometry": {"type": "Point", "coordinates": [7.068132564, 51.2333125747, 186.4]}}, {"type": "Feature", "id": "https://registry.gdi-de.org/de.nw/radnetz/instances/Knoten_Wuppertal_9072", "name": " (ex-nw:Knoten_Wuppertal_9072)", "dateprops": [], "properties": {"https://registry.gdi-de.org/up3/ontology/hoehe": "201.93", "https://registry.gdi-de.org/up3/ontology/knoten-ID": "9072", "http://rdfs.org/ns/void#inDataset.value": "33321"}, "geometry": {"type": "Point", "coordinates": [7.2402836665, 51.2740503591, 201.93]}}, {"type": "Feature", "id": "https://registry.gdi-de.org/de.nw/radnetz/instances/Knoten_Wuppertal_3805", "name": " (ex-nw:Knoten_Wuppertal_3805)", "dateprops": [], "properties": {"https://registry.gdi-de.org/up3/ontology/hoehe": "279.1", "https://registry.gdi-de.org/up3/ontology/knoten-ID": "3805", "http://rdfs.org/ns/void#inDataset.value": "33321"}, "geometry": {"type": "Point", "coordinates": [7.1221459673, 51.2042266126, 279.1]}}, {"type": "Feature", "id": "https://registry.gdi-de.org/de.nw/radnetz/instances/Knoten_Wuppertal_60227", "name": " (ex-nw:Knoten_Wuppertal_60227)", "dateprops": [], "properties": {"https://registry.gdi-de.org/up3/ontology/hoehe": "187.41", "https://registry.gdi-de.org/up3/ontology/knoten-ID": "60227", "http://rdfs.org/ns/void#inDataset.value": "33321"}, "geometry": {"type": "Point", "coordinates": [7.1123974754, 51.2599248802, 187.41]}}, {"type": "Feature", "id": "https://registry.gdi-de.org/de.nw/radnetz/instances/Knoten_Wuppertal_2374", "name": " (ex-nw:Knoten_Wuppertal_2374)", "dateprops": [], "properties": {"https://registry.gdi-de.org/up3/ontology/hoehe": "191.65", "https://registry.gdi-de.org/up3/ontology/knoten-ID": "2374", "http://rdfs.org/ns/void#inDataset.value": "33321"}, "geometry": {"type": "Point", "coordinates": [7.0622950452, 51.231727853, 191.65]}}, {"type": "Feature", "id": "https://registry.gdi-de.org/de.nw/radnetz/instances/Knoten_Wuppertal_113820204", "name": " (ex-nw:Knoten_Wuppertal_113820204)", "dateprops": [], "properties": {"https://registry.gdi-de.org/up3/ontology/hoehe": "138.67", "https://registry.gdi-de.org/up3/ontology/knoten-ID": "113820204", "http://rdfs.org/ns/void#inDataset.value": "33321"}, "geometry": {"type": "Point", "coordinates": [7.1181436111, 51.24922938, 138.67]}}, {"type": "Feature", "id": "https://registry.gdi-de.org/de.nw/radnetz/instances/Knoten_Wuppertal_2692", "name": " (ex-nw:Knoten_Wuppertal_2692)", "dateprops": [], "properties": {"https://registry.gdi-de.org/up3/ontology/hoehe": "160.63", "https://registry.gdi-de.org/up3/ontology/knoten-ID": "2692", "http://rdfs.org/ns/void#inDataset.value": "33321"}, "geometry": {"type": "Point", "coordinates": [7.0724257853, 51.2719068599, 160.63]}}, {"type": "Feature", "id": "https://registry.gdi-de.org/de.nw/radnetz/instances/Knoten_Wuppertal_2696", "name": " (ex-nw:Knoten_Wuppertal_2696)", "dateprops": [], "properties": {"https://registry.gdi-de.org/up3/ontology/hoehe": "170.44", "https://registry.gdi-de.org/up3/ontology/knoten-ID": "2696", "http://rdfs.org/ns/void#inDataset.value": "33321"}, "geometry": {"type": "Point", "coordinates": [7.0727480261, 51.2695813342, 170.44]}}, {"type": "Feature", "id": "https://registry.gdi-de.org/de.nw/radnetz/instances/Knoten_Wuppertal_99999905", "name": " (ex-nw:Knoten_Wuppertal_99999905)", "dateprops": [], "properties": {"https://registry.gdi-de.org/up3/ontology/hoehe": "187.3", "https://registry.gdi-de.org/up3/ontology/knoten-ID": "99999905", "http://rdfs.org/ns/void#inDataset.value": "33321"}, "geometry": {"type": "Point", "coordinates": [7.2332597635, 51.2800344497, 187.3]}}, {"type": "Feature", "id": "https://registry.gdi-de.org/de.nw/radnetz/instances/Knoten_Wuppertal_1189691312", "name": " (ex-nw:Knoten_Wuppertal_1189691312)", "dateprops": [], "properties": {"https://registry.gdi-de.org/up3/ontology/hoehe": "136.8", "https://registry.gdi-de.org/up3/ontology/knoten-ID": "1189691312", "http://rdfs.org/ns/void#inDataset.value": "33321"}, "geometry": {"type": "Point", "coordinates": [7.0995085887, 51.2371610488, 136.8]}}, {"type": "Feature", "id": "https://registry.gdi-de.org/de.nw/radnetz/instances/Knoten_Wuppertal_2788", "name": " (ex-nw:Knoten_Wuppertal_2788)", "dateprops": [], "properties": {"https://registry.gdi-de.org/up3/ontology/hoehe": "221.0", "https://registry.gdi-de.org/up3/ontology/knoten-ID": "2788", "http://rdfs.org/ns/void#inDataset.value": "33321"}, "geometry": {"type": "Point", "coordinates": [7.0806676788, 51.1807538503, 221.0]}}, {"type": "Feature", "id": "https://registry.gdi-de.org/de.nw/radnetz/instances/Knoten_Wuppertal_60277", "name": " (ex-nw:Knoten_Wuppertal_60277)", "dateprops": [], "properties": {"https://registry.gdi-de.org/up3/ontology/hoehe": "183.11", "https://registry.gdi-de.org/up3/ontology/knoten-ID": "60277", "http://rdfs.org/ns/void#inDataset.value": "33321"}, "geometry": {"type": "Point", "coordinates": [7.2238874251, 51.2789999184, 183.11]}}, {"type": "Feature", "id": "https://registry.gdi-de.org/de.nw/radnetz/instances/Knoten_Wuppertal_1189691384", "name": " (ex-nw:Knoten_Wuppertal_1189691384)", "dateprops": [], "properties": {"https://registry.gdi-de.org/up3/ontology/hoehe": "138.6", "https://registry.gdi-de.org/up3/ontology/knoten-ID": "1189691384", "http://rdfs.org/ns/void#inDataset.value": "33321"}, "geometry": {"type": "Point", "coordinates": [7.101317467, 51.2371115536, 138.6]}}, {"type": "Feature", "id": "https://registry.gdi-de.org/de.nw/radnetz/instances/Knoten_Wuppertal_1189691283", "name": " (ex-nw:Knoten_Wuppertal_1189691283)", "dateprops": [], "properties": {"https://registry.gdi-de.org/up3/ontology/hoehe": "137.75", "https://registry.gdi-de.org/up3/ontology/knoten-ID": "1189691283", "http://rdfs.org/ns/void#inDataset.value": "33321"}, "geometry": {"type": "Point", "coordinates": [7.126410389, 51.1805195711, 137.75]}}, {"type": "Feature", "id": "https://registry.gdi-de.org/de.nw/radnetz/instances/Knoten_Wuppertal_60215", "name": " (ex-nw:Knoten_Wuppertal_60215)", "dateprops": [], "properties": {"https://registry.gdi-de.org/up3/ontology/hoehe": "170.2", "https://registry.gdi-de.org/up3/ontology/knoten-ID": "60215", "http://rdfs.org/ns/void#inDataset.value": "33321"}, "geometry": {"type": "Point", "coordinates": [7.0807197445, 51.2372537916, 170.2]}}, {"type": "Feature", "id": "https://registry.gdi-de.org/de.nw/radnetz/instances/Knoten_Wuppertal_5946", "name": " (ex-nw:Knoten_Wuppertal_5946)", "dateprops": [], "properties": {"https://registry.gdi-de.org/up3/ontology/hoehe": "202.7", "https://registry.gdi-de.org/up3/ontology/knoten-ID": "5946", "http://rdfs.org/ns/void#inDataset.value": "33321"}, "geometry": {"type": "Point", "coordinates": [7.160706756, 51.2528829205, 202.7]}}, {"type": "Feature", "id": "https://registry.gdi-de.org/de.nw/radnetz/instances/Knoten_Wuppertal_6969", "name": " (ex-nw:Knoten_Wuppertal_6969)", "dateprops": [], "properties": {"https://registry.gdi-de.org/up3/ontology/hoehe": "341.51", "https://registry.gdi-de.org/up3/ontology/knoten-ID": "6969", "http://rdfs.org/ns/void#inDataset.value": "33321"}, "geometry": {"type": "Point", "coordinates": [7.1911265435, 51.2428124819, 341.51]}}, {"type": "Feature", "id": "https://registry.gdi-de.org/de.nw/radnetz/instances/Knoten_Wuppertal_1189690159", "name": " (ex-nw:Knoten_Wuppertal_1189690159)", "dateprops": [], "properties": {"https://registry.gdi-de.org/up3/ontology/hoehe": "333.66", "https://registry.gdi-de.org/up3/ontology/knoten-ID": "1189690159", "http://rdfs.org/ns/void#inDataset.value": "33321"}, "geometry": {"type": "Point", "coordinates": [7.2070523321, 51.236754393, 333.66]}}, {"type": "Feature", "id": "https://registry.gdi-de.org/de.nw/radnetz/instances/Knoten_Wuppertal_1189691275", "name": " (ex-nw:Knoten_Wuppertal_1189691275)", "dateprops": [], "properties": {"https://registry.gdi-de.org/up3/ontology/hoehe": "176.29", "https://registry.gdi-de.org/up3/ontology/knoten-ID": "1189691275", "http://rdfs.org/ns/void#inDataset.value": "33321"}, "geometry": {"type": "Point", "coordinates": [7.1087234863, 51.2586693226, 176.29]}}, {"type": "Feature", "id": "https://registry.gdi-de.org/de.nw/radnetz/instances/Knoten_Wuppertal_2320", "name": " (ex-nw:Knoten_Wuppertal_2320)", "dateprops": [], "properties": {"https://registry.gdi-de.org/up3/ontology/hoehe": "211.0", "https://registry.gdi-de.org/up3/ontology/knoten-ID": "2320", "http://rdfs.org/ns/void#inDataset.value": "33321"}, "geometry": {"type": "Point", "coordinates": [7.0595683125, 51.2348875993, 211.0]}}, {"type": "Feature", "id": "https://registry.gdi-de.org/de.nw/radnetz/instances/Knoten_Wuppertal_60108", "name": " (ex-nw:Knoten_Wuppertal_60108)", "dateprops": [], "properties": {"https://registry.gdi-de.org/up3/ontology/hoehe": "172.34", "https://registry.gdi-de.org/up3/ontology/knoten-ID": "60108", "http://rdfs.org/ns/void#inDataset.value": "33321"}, "geometry": {"type": "Point", "coordinates": [7.0756699282, 51.2347672395, 172.34]}}, {"type": "Feature", "id": "https://registry.gdi-de.org/de.nw/radnetz/instances/Knoten_Wuppertal_2246", "name": " (ex-nw:Knoten_Wuppertal_2246)", "dateprops": [], "properties": {"https://registry.gdi-de.org/up3/ontology/hoehe": "204.77", "https://registry.gdi-de.org/up3/ontology/knoten-ID": "2246", "http://rdfs.org/ns/void#inDataset.value": "33321"}, "geometry": {"type": "Point", "coordinates": [7.054256141, 51.2338748586, 204.77]}}, {"type": "Feature", "id": "https://registry.gdi-de.org/de.nw/radnetz/instances/Knoten_Wuppertal_1189691277", "name": " (ex-nw:Knoten_Wuppertal_1189691277)", "dateprops": [], "properties": {"https://registry.gdi-de.org/up3/ontology/hoehe": "243.2", "https://registry.gdi-de.org/up3/ontology/knoten-ID": "1189691277", "http://rdfs.org/ns/void#inDataset.value": "33321"}, "geometry": {"type": "Point", "coordinates": [7.2407891256, 51.3027329138, 243.2]}}, {"type": "Feature", "id": "https://registry.gdi-de.org/de.nw/radnetz/instances/Knoten_Wuppertal_6768", "name": " (ex-nw:Knoten_Wuppertal_6768)", "dateprops": [], "properties": {"https://registry.gdi-de.org/up3/ontology/hoehe": "199.47", "https://registry.gdi-de.org/up3/ontology/knoten-ID": "6768", "http://rdfs.org/ns/void#inDataset.value": "33321"}, "geometry": {"type": "Point", "coordinates": [7.1842732434, 51.2784249609, 199.47]}}, {"type": "Feature", "id": "https://registry.gdi-de.org/de.nw/radnetz/instances/Knoten_Wuppertal_4211", "name": " (ex-nw:Knoten_Wuppertal_4211)", "dateprops": [], "properties": {"https://registry.gdi-de.org/up3/ontology/hoehe": "140.37", "https://registry.gdi-de.org/up3/ontology/knoten-ID": "4211", "http://rdfs.org/ns/void#inDataset.value": "33321"}, "geometry": {"type": "Point", "coordinates": [7.128912137, 51.251429422, 140.37]}}, {"type": "Feature", "id": "https://registry.gdi-de.org/de.nw/radnetz/instances/Knoten_Wuppertal_113280102", "name": " (ex-nw:Knoten_Wuppertal_113280102)", "dateprops": [], "properties": {"https://registry.gdi-de.org/up3/ontology/hoehe": "210.06", "https://registry.gdi-de.org/up3/ontology/knoten-ID": "113280102", "http://rdfs.org/ns/void#inDataset.value": "33321"}, "geometry": {"type": "Point", "coordinates": [7.0599112306, 51.2343268425, 210.06]}}, {"type": "Feature", "id": "https://registry.gdi-de.org/de.nw/radnetz/instances/Knoten_Wuppertal_1189691284", "name": " (ex-nw:Knoten_Wuppertal_1189691284)", "dateprops": [], "properties": {"https://registry.gdi-de.org/up3/ontology/hoehe": "125.1", "https://registry.gdi-de.org/up3/ontology/knoten-ID": "1189691284", "http://rdfs.org/ns/void#inDataset.value": "33321"}, "geometry": {"type": "Point", "coordinates": [7.1260705559, 51.183046246, 125.1]}}, {"type": "Feature", "id": "https://registry.gdi-de.org/de.nw/radnetz/instances/Knoten_Wuppertal_7746", "name": " (ex-nw:Knoten_Wuppertal_7746)", "dateprops": [], "properties": {"https://registry.gdi-de.org/up3/ontology/hoehe": "175.13", "https://registry.gdi-de.org/up3/ontology/knoten-ID": "7746", "http://rdfs.org/ns/void#inDataset.value": "33321"}, "geometry": {"type": "Point", "coordinates": [7.2039339841, 51.27860229, 175.13]}}, {"type": "Feature", "id": "https://registry.gdi-de.org/de.nw/radnetz/instances/Knoten_Wuppertal_119770101", "name": " (ex-nw:Knoten_Wuppertal_119770101)", "dateprops": [], "properties": {"https://registry.gdi-de.org/up3/ontology/hoehe": "186.44", "https://registry.gdi-de.org/up3/ontology/knoten-ID": "119770101", "http://rdfs.org/ns/void#inDataset.value": "33321"}, "geometry": {"type": "Point", "coordinates": [7.0385122619, 51.2147182189, 186.44]}}, {"type": "Feature", "id": "https://registry.gdi-de.org/de.nw/radnetz/instances/Knoten_Wuppertal_114700101", "name": " (ex-nw:Knoten_Wuppertal_114700101)", "dateprops": [], "properties": {"https://registry.gdi-de.org/up3/ontology/hoehe": "242.59", "https://registry.gdi-de.org/up3/ontology/knoten-ID": "114700101", "http://rdfs.org/ns/void#inDataset.value": "33321"}, "geometry": {"type": "Point", "coordinates": [7.1060179835, 51.2694088228, 242.59]}}, {"type": "Feature", "id": "https://registry.gdi-de.org/de.nw/radnetz/instances/Knoten_Wuppertal_99999907", "name": " (ex-nw:Knoten_Wuppertal_99999907)", "dateprops": [], "properties": {"https://registry.gdi-de.org/up3/ontology/hoehe": "182.5", "https://registry.gdi-de.org/up3/ontology/knoten-ID": "99999907", "http://rdfs.org/ns/void#inDataset.value": "33321"}, "geometry": {"type": "Point", "coordinates": [7.2386387854, 51.2805295877, 182.5]}}, {"type": "Feature", "id": "https://registry.gdi-de.org/de.nw/radnetz/instances/Knoten_Wuppertal_2245", "name": " (ex-nw:Knoten_Wuppertal_2245)", "dateprops": [], "properties": {"https://registry.gdi-de.org/up3/ontology/hoehe": "180.25", "https://registry.gdi-de.org/up3/ontology/knoten-ID": "2245", "http://rdfs.org/ns/void#inDataset.value": "33321"}, "geometry": {"type": "Point", "coordinates": [7.0533894198, 51.2529250817, 180.25]}}, {"type": "Feature", "id": "https://registry.gdi-de.org/de.nw/radnetz/instances/Knoten_Wuppertal_5429", "name": " (ex-nw:Knoten_Wuppertal_5429)", "dateprops": [], "properties": {"https://registry.gdi-de.org/up3/ontology/hoehe": "326.59", "https://registry.gdi-de.org/up3/ontology/knoten-ID": "5429", "http://rdfs.org/ns/void#inDataset.value": "33321"}, "geometry": {"type": "Point", "coordinates": [7.1520600693, 51.2222501287, 326.59]}}, {"type": "Feature", "id": "https://registry.gdi-de.org/de.nw/radnetz/instances/Knoten_Wuppertal_1189691246", "name": " (ex-nw:Knoten_Wuppertal_1189691246)", "dateprops": [], "properties": {"https://registry.gdi-de.org/up3/ontology/hoehe": "227.11", "https://registry.gdi-de.org/up3/ontology/knoten-ID": "1189691246", "http://rdfs.org/ns/void#inDataset.value": "33321"}, "geometry": {"type": "Point", "coordinates": [7.1027184735, 51.2910789894, 227.11]}}, {"type": "Feature", "id": "https://registry.gdi-de.org/de.nw/radnetz/instances/Knoten_Wuppertal_2693", "name": " (ex-nw:Knoten_Wuppertal_2693)", "dateprops": [], "properties": {"https://registry.gdi-de.org/up3/ontology/hoehe": "162.87", "https://registry.gdi-de.org/up3/ontology/knoten-ID": "2693", "http://rdfs.org/ns/void#inDataset.value": "33321"}, "geometry": {"type": "Point", "coordinates": [7.0725390644, 51.2709511315, 162.87]}}, {"type": "Feature", "id": "https://registry.gdi-de.org/de.nw/radnetz/instances/Knoten_Wuppertal_5794", "name": " (ex-nw:Knoten_Wuppertal_5794)", "dateprops": [], "properties": {"https://registry.gdi-de.org/up3/ontology/hoehe": "283.43", "https://registry.gdi-de.org/up3/ontology/knoten-ID": "5794", "http://rdfs.org/ns/void#inDataset.value": "33321"}, "geometry": {"type": "Point", "coordinates": [7.1585123173, 51.231786865, 283.43]}}, {"type": "Feature", "id": "https://registry.gdi-de.org/de.nw/radnetz/instances/Knoten_Wuppertal_60289", "name": " (ex-nw:Knoten_Wuppertal_60289)", "dateprops": [], "properties": {"https://registry.gdi-de.org/up3/ontology/hoehe": "196.67", "https://registry.gdi-de.org/up3/ontology/knoten-ID": "60289", "http://rdfs.org/ns/void#inDataset.value": "33321"}, "geometry": {"type": "Point", "coordinates": [7.2405907064, 51.2835279353, 196.67]}}, {"type": "Feature", "id": "https://registry.gdi-de.org/de.nw/radnetz/instances/Knoten_Wuppertal_6659", "name": " (ex-nw:Knoten_Wuppertal_6659)", "dateprops": [], "properties": {"https://registry.gdi-de.org/up3/ontology/hoehe": "277.91", "https://registry.gdi-de.org/up3/ontology/knoten-ID": "6659", "http://rdfs.org/ns/void#inDataset.value": "33321"}, "geometry": {"type": "Point", "coordinates": [7.1806654526, 51.2896391287, 277.91]}}, {"type": "Feature", "id": "https://registry.gdi-de.org/de.nw/radnetz/instances/Knoten_Wuppertal_7010", "name": " (ex-nw:Knoten_Wuppertal_7010)", "dateprops": [], "properties": {"https://registry.gdi-de.org/up3/ontology/hoehe": "328.88", "https://registry.gdi-de.org/up3/ontology/knoten-ID": "7010", "http://rdfs.org/ns/void#inDataset.value": "33321"}, "geometry": {"type": "Point", "coordinates": [7.1921362095, 51.234405197, 328.88]}}, {"type": "Feature", "id": "https://registry.gdi-de.org/de.nw/radnetz/instances/Knoten_Wuppertal_112770102", "name": " (ex-nw:Knoten_Wuppertal_112770102)", "dateprops": [], "properties": {"https://registry.gdi-de.org/up3/ontology/hoehe": "245.6", "https://registry.gdi-de.org/up3/ontology/knoten-ID": "112770102", "http://rdfs.org/ns/void#inDataset.value": "33321"}, "geometry": {"type": "Point", "coordinates": [7.1301917105, 51.271769847, 245.6]}}, {"type": "Feature", "id": "https://registry.gdi-de.org/de.nw/radnetz/instances/Knoten_Wuppertal_9714", "name": " (ex-nw:Knoten_Wuppertal_9714)", "dateprops": [], "properties": {"https://registry.gdi-de.org/up3/ontology/hoehe": "221.65", "https://registry.gdi-de.org/up3/ontology/knoten-ID": "9714", "http://rdfs.org/ns/void#inDataset.value": "33321"}, "geometry": {"type": "Point", "coordinates": [7.2710678994, 51.2786353263, 221.65]}}, {"type": "Feature", "id": "https://registry.gdi-de.org/de.nw/radnetz/instances/Knoten_Wuppertal_1189691341", "name": " (ex-nw:Knoten_Wuppertal_1189691341)", "dateprops": [], "properties": {"https://registry.gdi-de.org/up3/ontology/hoehe": "345.0", "https://registry.gdi-de.org/up3/ontology/knoten-ID": "1189691341", "http://rdfs.org/ns/void#inDataset.value": "33321"}, "geometry": {"type": "Point", "coordinates": [7.2656926384, 51.1641436011, 345.0]}}, {"type": "Feature", "id": "https://registry.gdi-de.org/de.nw/radnetz/instances/Knoten_Wuppertal_3515", "name": " (ex-nw:Knoten_Wuppertal_3515)", "dateprops": [], "properties": {"https://registry.gdi-de.org/up3/ontology/hoehe": "199.74", "https://registry.gdi-de.org/up3/ontology/knoten-ID": "3515", "http://rdfs.org/ns/void#inDataset.value": "33321"}, "geometry": {"type": "Point", "coordinates": [7.1109446021, 51.2618487728, 199.74]}}, {"type": "Feature", "id": "https://registry.gdi-de.org/de.nw/radnetz/instances/Knoten_Wuppertal_2590", "name": " (ex-nw:Knoten_Wuppertal_2590)", "dateprops": [], "properties": {"https://registry.gdi-de.org/up3/ontology/hoehe": "208.64", "https://registry.gdi-de.org/up3/ontology/knoten-ID": "2590", "http://rdfs.org/ns/void#inDataset.value": "33321"}, "geometry": {"type": "Point", "coordinates": [7.0704123925, 51.2417014384, 208.64]}}, {"type": "Feature", "id": "https://registry.gdi-de.org/de.nw/radnetz/instances/Knoten_Wuppertal_118750101", "name": " (ex-nw:Knoten_Wuppertal_118750101)", "dateprops": [], "properties": {"https://registry.gdi-de.org/up3/ontology/hoehe": "203.66", "https://registry.gdi-de.org/up3/ontology/knoten-ID": "118750101", "http://rdfs.org/ns/void#inDataset.value": "33321"}, "geometry": {"type": "Point", "coordinates": [7.063805278, 51.2343773917, 203.66]}}, {"type": "Feature", "id": "https://registry.gdi-de.org/de.nw/radnetz/instances/Knoten_Wuppertal_1189691345", "name": " (ex-nw:Knoten_Wuppertal_1189691345)", "dateprops": [], "properties": {"https://registry.gdi-de.org/up3/ontology/hoehe": "200.31", "https://registry.gdi-de.org/up3/ontology/knoten-ID": "1189691345", "http://rdfs.org/ns/void#inDataset.value": "33321"}, "geometry": {"type": "Point", "coordinates": [7.0926089073, 51.1716870844, 200.31]}}, {"type": "Feature", "id": "https://registry.gdi-de.org/de.nw/radnetz/instances/Knoten_Wuppertal_111810201", "name": " (ex-nw:Knoten_Wuppertal_111810201)", "dateprops": [], "properties": {"https://registry.gdi-de.org/up3/ontology/hoehe": "156.34", "https://registry.gdi-de.org/up3/ontology/knoten-ID": "111810201", "http://rdfs.org/ns/void#inDataset.value": "33321"}, "geometry": {"type": "Point", "coordinates": [7.2065532339, 51.2731443474, 156.34]}}, {"type": "Feature", "id": "https://registry.gdi-de.org/de.nw/radnetz/instances/Knoten_Wuppertal_8853", "name": " (ex-nw:Knoten_Wuppertal_8853)", "dateprops": [], "properties": {"https://registry.gdi-de.org/up3/ontology/hoehe": "300.93", "https://registry.gdi-de.org/up3/ontology/knoten-ID": "8853", "http://rdfs.org/ns/void#inDataset.value": "33321"}, "geometry": {"type": "Point", "coordinates": [7.2347427535, 51.2284901533, 300.93]}}, {"type": "Feature", "id": "https://registry.gdi-de.org/de.nw/radnetz/instances/Knoten_Wuppertal_114040201", "name": " (ex-nw:Knoten_Wuppertal_114040201)", "dateprops": [], "properties": {"https://registry.gdi-de.org/up3/ontology/hoehe": "299.55", "https://registry.gdi-de.org/up3/ontology/knoten-ID": "114040201", "http://rdfs.org/ns/void#inDataset.value": "33321"}, "geometry": {"type": "Point", "coordinates": [7.1470496057, 51.2153932463, 299.55]}}, {"type": "Feature", "id": "https://registry.gdi-de.org/de.nw/radnetz/instances/Knoten_Wuppertal_5188", "name": " (ex-nw:Knoten_Wuppertal_5188)", "dateprops": [], "properties": {"https://registry.gdi-de.org/up3/ontology/hoehe": "146.95", "https://registry.gdi-de.org/up3/ontology/knoten-ID": "5188", "http://rdfs.org/ns/void#inDataset.value": "33321"}, "geometry": {"type": "Point", "coordinates": [7.1466626103, 51.2590411526, 146.95]}}, {"type": "Feature", "id": "https://registry.gdi-de.org/de.nw/radnetz/instances/Knoten_Wuppertal_60306", "name": " (ex-nw:Knoten_Wuppertal_60306)", "dateprops": [], "properties": {"https://registry.gdi-de.org/up3/ontology/hoehe": "218.87", "https://registry.gdi-de.org/up3/ontology/knoten-ID": "60306", "http://rdfs.org/ns/void#inDataset.value": "33321"}, "geometry": {"type": "Point", "coordinates": [7.1070754351, 51.2350803766, 218.87]}}, {"type": "Feature", "id": "https://registry.gdi-de.org/de.nw/radnetz/instances/Knoten_Wuppertal_1189690152", "name": " (ex-nw:Knoten_Wuppertal_1189690152)", "dateprops": [], "properties": {"https://registry.gdi-de.org/up3/ontology/hoehe": "162.64", "https://registry.gdi-de.org/up3/ontology/knoten-ID": "1189690152", "http://rdfs.org/ns/void#inDataset.value": "33321"}, "geometry": {"type": "Point", "coordinates": [7.1060496938, 51.2555753373, 162.64]}}, {"type": "Feature", "id": "https://registry.gdi-de.org/de.nw/radnetz/instances/Knoten_Wuppertal_1189691373", "name": " (ex-nw:Knoten_Wuppertal_1189691373)", "dateprops": [], "properties": {"https://registry.gdi-de.org/up3/ontology/hoehe": "181.83", "https://registry.gdi-de.org/up3/ontology/knoten-ID": "1189691373", "http://rdfs.org/ns/void#inDataset.value": "33321"}, "geometry": {"type": "Point", "coordinates": [7.1946881279, 51.2728814535, 181.83]}}, {"type": "Feature", "id": "https://registry.gdi-de.org/de.nw/radnetz/instances/Knoten_Wuppertal_6858", "name": " (ex-nw:Knoten_Wuppertal_6858)", "dateprops": [], "properties": {"https://registry.gdi-de.org/up3/ontology/hoehe": "196.48", "https://registry.gdi-de.org/up3/ontology/knoten-ID": "6858", "http://rdfs.org/ns/void#inDataset.value": "33321"}, "geometry": {"type": "Point", "coordinates": [7.1870769367, 51.2792537246, 196.48]}}, {"type": "Feature", "id": "https://registry.gdi-de.org/de.nw/radnetz/instances/Knoten_Wuppertal_5328", "name": " (ex-nw:Knoten_Wuppertal_5328)", "dateprops": [], "properties": {"https://registry.gdi-de.org/up3/ontology/hoehe": "146.0", "https://registry.gdi-de.org/up3/ontology/knoten-ID": "5328", "http://rdfs.org/ns/void#inDataset.value": "33321"}, "geometry": {"type": "Point", "coordinates": [7.1492355688, 51.2557196365, 146.0]}}, {"type": "Feature", "id": "https://registry.gdi-de.org/de.nw/radnetz/instances/Knoten_Wuppertal_9558", "name": " (ex-nw:Knoten_Wuppertal_9558)", "dateprops": [], "properties": {"https://registry.gdi-de.org/up3/ontology/hoehe": "183.35", "https://registry.gdi-de.org/up3/ontology/knoten-ID": "9558", "http://rdfs.org/ns/void#inDataset.value": "33321"}, "geometry": {"type": "Point", "coordinates": [7.2606005578, 51.2840869027, 183.35]}}, {"type": "Feature", "id": "https://registry.gdi-de.org/de.nw/radnetz/instances/Knoten_Wuppertal_112810101", "name": " (ex-nw:Knoten_Wuppertal_112810101)", "dateprops": [], "properties": {"https://registry.gdi-de.org/up3/ontology/hoehe": "295.97", "https://registry.gdi-de.org/up3/ontology/knoten-ID": "112810101", "http://rdfs.org/ns/void#inDataset.value": "33321"}, "geometry": {"type": "Point", "coordinates": [7.1326781697, 51.2797815905, 295.97]}}, {"type": "Feature", "id": "https://registry.gdi-de.org/de.nw/radnetz/instances/Knoten_Wuppertal_3739", "name": " (ex-nw:Knoten_Wuppertal_3739)", "dateprops": [], "properties": {"https://registry.gdi-de.org/up3/ontology/hoehe": "272.0", "https://registry.gdi-de.org/up3/ontology/knoten-ID": "3739", "http://rdfs.org/ns/void#inDataset.value": "33321"}, "geometry": {"type": "Point", "coordinates": [7.1202625629, 51.2038427017, 272.0]}}, {"type": "Feature", "id": "https://registry.gdi-de.org/de.nw/radnetz/instances/Knoten_Wuppertal_1189691380", "name": " (ex-nw:Knoten_Wuppertal_1189691380)", "dateprops": [], "properties": {"https://registry.gdi-de.org/up3/ontology/hoehe": "178.11", "https://registry.gdi-de.org/up3/ontology/knoten-ID": "1189691380", "http://rdfs.org/ns/void#inDataset.value": "33321"}, "geometry": {"type": "Point", "coordinates": [7.2080421997, 51.2786473154, 178.11]}}, {"type": "Feature", "id": "https://registry.gdi-de.org/de.nw/radnetz/instances/Knoten_Wuppertal_60255", "name": " (ex-nw:Knoten_Wuppertal_60255)", "dateprops": [], "properties": {"https://registry.gdi-de.org/up3/ontology/hoehe": "180.96", "https://registry.gdi-de.org/up3/ontology/knoten-ID": "60255", "http://rdfs.org/ns/void#inDataset.value": "33321"}, "geometry": {"type": "Point", "coordinates": [7.1744169717, 51.2693195046, 180.96]}}, {"type": "Feature", "id": "https://registry.gdi-de.org/de.nw/radnetz/instances/Knoten_Wuppertal_8811", "name": " (ex-nw:Knoten_Wuppertal_8811)", "dateprops": [], "properties": {"https://registry.gdi-de.org/up3/ontology/hoehe": "186.61", "https://registry.gdi-de.org/up3/ontology/knoten-ID": "8811", "http://rdfs.org/ns/void#inDataset.value": "33321"}, "geometry": {"type": "Point", "coordinates": [7.2318731486, 51.272809243, 186.61]}}, {"type": "Feature", "id": "https://registry.gdi-de.org/de.nw/radnetz/instances/Knoten_Wuppertal_60243", "name": " (ex-nw:Knoten_Wuppertal_60243)", "dateprops": [], "properties": {"https://registry.gdi-de.org/up3/ontology/hoehe": "177.71", "https://registry.gdi-de.org/up3/ontology/knoten-ID": "60243", "http://rdfs.org/ns/void#inDataset.value": "33321"}, "geometry": {"type": "Point", "coordinates": [7.1533805596, 51.2683337269, 177.71]}}, {"type": "Feature", "id": "https://registry.gdi-de.org/de.nw/radnetz/instances/Knoten_Wuppertal_2558", "name": " (ex-nw:Knoten_Wuppertal_2558)", "dateprops": [], "properties": {"https://registry.gdi-de.org/up3/ontology/hoehe": "179.09", "https://registry.gdi-de.org/up3/ontology/knoten-ID": "2558", "http://rdfs.org/ns/void#inDataset.value": "33321"}, "geometry": {"type": "Point", "coordinates": [7.0696600721, 51.2349793442, 179.09]}}, {"type": "Feature", "id": "https://registry.gdi-de.org/de.nw/radnetz/instances/Knoten_Wuppertal_4820", "name": " (ex-nw:Knoten_Wuppertal_4820)", "dateprops": [], "properties": {"https://registry.gdi-de.org/up3/ontology/hoehe": "143.75", "https://registry.gdi-de.org/up3/ontology/knoten-ID": "4820", "http://rdfs.org/ns/void#inDataset.value": "33321"}, "geometry": {"type": "Point", "coordinates": [7.1411511517, 51.2546365675, 143.75]}}, {"type": "Feature", "id": "https://registry.gdi-de.org/de.nw/radnetz/instances/Knoten_Wuppertal_116890101", "name": " (ex-nw:Knoten_Wuppertal_116890101)", "dateprops": [], "properties": {"https://registry.gdi-de.org/up3/ontology/hoehe": "201.32", "https://registry.gdi-de.org/up3/ontology/knoten-ID": "116890101", "http://rdfs.org/ns/void#inDataset.value": "33321"}, "geometry": {"type": "Point", "coordinates": [7.2476904778, 51.2754408757, 201.32]}}, {"type": "Feature", "id": "https://registry.gdi-de.org/de.nw/radnetz/instances/Knoten_Wuppertal_60220", "name": " (ex-nw:Knoten_Wuppertal_60220)", "dateprops": [], "properties": {"https://registry.gdi-de.org/up3/ontology/hoehe": "177.01", "https://registry.gdi-de.org/up3/ontology/knoten-ID": "60220", "http://rdfs.org/ns/void#inDataset.value": "33321"}, "geometry": {"type": "Point", "coordinates": [7.0917780322, 51.2498463449, 177.01]}}, {"type": "Feature", "id": "https://registry.gdi-de.org/de.nw/radnetz/instances/Knoten_Wuppertal_1189691353", "name": " (ex-nw:Knoten_Wuppertal_1189691353)", "dateprops": [], "properties": {"https://registry.gdi-de.org/up3/ontology/hoehe": "170.6", "https://registry.gdi-de.org/up3/ontology/knoten-ID": "1189691353", "http://rdfs.org/ns/void#inDataset.value": "33321"}, "geometry": {"type": "Point", "coordinates": [7.0314955845, 51.2376170712, 170.6]}}, {"type": "Feature", "id": "https://registry.gdi-de.org/de.nw/radnetz/instances/Knoten_Wuppertal_114200204", "name": " (ex-nw:Knoten_Wuppertal_114200204)", "dateprops": [], "properties": {"https://registry.gdi-de.org/up3/ontology/hoehe": "285.88", "https://registry.gdi-de.org/up3/ontology/knoten-ID": "114200204", "http://rdfs.org/ns/void#inDataset.value": "33321"}, "geometry": {"type": "Point", "coordinates": [7.1324995022, 51.2041736457, 285.88]}}, {"type": "Feature", "id": "https://registry.gdi-de.org/de.nw/radnetz/instances/Knoten_Wuppertal_113700101", "name": " (ex-nw:Knoten_Wuppertal_113700101)", "dateprops": [], "properties": {"https://registry.gdi-de.org/up3/ontology/hoehe": "198.52", "https://registry.gdi-de.org/up3/ontology/knoten-ID": "113700101", "http://rdfs.org/ns/void#inDataset.value": "33321"}, "geometry": {"type": "Point", "coordinates": [7.1090491463, 51.2627262767, 198.52]}}, {"type": "Feature", "id": "https://registry.gdi-de.org/de.nw/radnetz/instances/Knoten_Wuppertal_1189690648", "name": " (ex-nw:Knoten_Wuppertal_1189690648)", "dateprops": [], "properties": {"https://registry.gdi-de.org/up3/ontology/hoehe": "152.1", "https://registry.gdi-de.org/up3/ontology/knoten-ID": "1189690648", "http://rdfs.org/ns/void#inDataset.value": "33321"}, "geometry": {"type": "Point", "coordinates": [7.1919393532, 51.2686564908, 152.1]}}, {"type": "Feature", "id": "https://registry.gdi-de.org/de.nw/radnetz/instances/Knoten_Wuppertal_114610101", "name": " (ex-nw:Knoten_Wuppertal_114610101)", "dateprops": [], "properties": {"https://registry.gdi-de.org/up3/ontology/hoehe": "179.16", "https://registry.gdi-de.org/up3/ontology/knoten-ID": "114610101", "http://rdfs.org/ns/void#inDataset.value": "33321"}, "geometry": {"type": "Point", "coordinates": [7.0427275179, 51.2161216135, 179.16]}}, {"type": "Feature", "id": "https://registry.gdi-de.org/de.nw/radnetz/instances/Knoten_Wuppertal_1189691274", "name": " (ex-nw:Knoten_Wuppertal_1189691274)", "dateprops": [], "properties": {"https://registry.gdi-de.org/up3/ontology/hoehe": "302.55", "https://registry.gdi-de.org/up3/ontology/knoten-ID": "1189691274", "http://rdfs.org/ns/void#inDataset.value": "33321"}, "geometry": {"type": "Point", "coordinates": [7.2520143743, 51.3082603263, 302.55]}}, {"type": "Feature", "id": "https://registry.gdi-de.org/de.nw/radnetz/instances/Knoten_Wuppertal_7097", "name": " (ex-nw:Knoten_Wuppertal_7097)", "dateprops": [], "properties": {"https://registry.gdi-de.org/up3/ontology/hoehe": "152.05", "https://registry.gdi-de.org/up3/ontology/knoten-ID": "7097", "http://rdfs.org/ns/void#inDataset.value": "33321"}, "geometry": {"type": "Point", "coordinates": [7.1924744548, 51.2689416878, 152.05]}}, {"type": "Feature", "id": "https://registry.gdi-de.org/de.nw/radnetz/instances/Knoten_Wuppertal_4418", "name": " (ex-nw:Knoten_Wuppertal_4418)", "dateprops": [], "properties": {"https://registry.gdi-de.org/up3/ontology/hoehe": "106.32", "https://registry.gdi-de.org/up3/ontology/knoten-ID": "4418", "http://rdfs.org/ns/void#inDataset.value": "33321"}, "geometry": {"type": "Point", "coordinates": [7.1357435355, 51.1665005542, 106.32]}}, {"type": "Feature", "id": "https://registry.gdi-de.org/de.nw/radnetz/instances/Knoten_Wuppertal_60273", "name": " (ex-nw:Knoten_Wuppertal_60273)", "dateprops": [], "properties": {"https://registry.gdi-de.org/up3/ontology/hoehe": "195.63", "https://registry.gdi-de.org/up3/ontology/knoten-ID": "60273", "http://rdfs.org/ns/void#inDataset.value": "33321"}, "geometry": {"type": "Point", "coordinates": [7.2228212042, 51.280713761, 195.63]}}, {"type": "Feature", "id": "https://registry.gdi-de.org/de.nw/radnetz/instances/Knoten_Wuppertal_112480105", "name": " (ex-nw:Knoten_Wuppertal_112480105)", "dateprops": [], "properties": {"https://registry.gdi-de.org/up3/ontology/hoehe": "326.63", "https://registry.gdi-de.org/up3/ontology/knoten-ID": "112480105", "http://rdfs.org/ns/void#inDataset.value": "33321"}, "geometry": {"type": "Point", "coordinates": [7.1532947948, 51.2346303118, 326.63]}}, {"type": "Feature", "id": "https://registry.gdi-de.org/de.nw/radnetz/instances/Knoten_Wuppertal_113820203", "name": " (ex-nw:Knoten_Wuppertal_113820203)", "dateprops": [], "properties": {"https://registry.gdi-de.org/up3/ontology/hoehe": "138.68", "https://registry.gdi-de.org/up3/ontology/knoten-ID": "113820203", "http://rdfs.org/ns/void#inDataset.value": "33321"}, "geometry": {"type": "Point", "coordinates": [7.118280526, 51.2492182565, 138.68]}}, {"type": "Feature", "id": "https://registry.gdi-de.org/de.nw/radnetz/instances/Knoten_Wuppertal_4311", "name": " (ex-nw:Knoten_Wuppertal_4311)", "dateprops": [], "properties": {"https://registry.gdi-de.org/up3/ontology/hoehe": "284.51", "https://registry.gdi-de.org/up3/ontology/knoten-ID": "4311", "http://rdfs.org/ns/void#inDataset.value": "33321"}, "geometry": {"type": "Point", "coordinates": [7.1294690645, 51.2764941775, 284.51]}}, {"type": "Feature", "id": "https://registry.gdi-de.org/de.nw/radnetz/instances/Knoten_Wuppertal_60241", "name": " (ex-nw:Knoten_Wuppertal_60241)", "dateprops": [], "properties": {"https://registry.gdi-de.org/up3/ontology/hoehe": "174.87", "https://registry.gdi-de.org/up3/ontology/knoten-ID": "60241", "http://rdfs.org/ns/void#inDataset.value": "33321"}, "geometry": {"type": "Point", "coordinates": [7.1454034232, 51.2667229944, 174.87]}}, {"type": "Feature", "id": "https://registry.gdi-de.org/de.nw/radnetz/instances/Knoten_Wuppertal_4207", "name": " (ex-nw:Knoten_Wuppertal_4207)", "dateprops": [], "properties": {"https://registry.gdi-de.org/up3/ontology/hoehe": "278.7", "https://registry.gdi-de.org/up3/ontology/knoten-ID": "4207", "http://rdfs.org/ns/void#inDataset.value": "33321"}, "geometry": {"type": "Point", "coordinates": [7.1276880459, 51.2804213012, 278.7]}}, {"type": "Feature", "id": "https://registry.gdi-de.org/de.nw/radnetz/instances/Knoten_Wuppertal_4254", "name": " (ex-nw:Knoten_Wuppertal_4254)", "dateprops": [], "properties": {"https://registry.gdi-de.org/up3/ontology/hoehe": "271.48", "https://registry.gdi-de.org/up3/ontology/knoten-ID": "4254", "http://rdfs.org/ns/void#inDataset.value": "33321"}, "geometry": {"type": "Point", "coordinates": [7.1314824241, 51.2015158954, 271.48]}}, {"type": "Feature", "id": "https://registry.gdi-de.org/de.nw/radnetz/instances/Knoten_Wuppertal_8847", "name": " (ex-nw:Knoten_Wuppertal_8847)", "dateprops": [], "properties": {"https://registry.gdi-de.org/up3/ontology/hoehe": "300.91", "https://registry.gdi-de.org/up3/ontology/knoten-ID": "8847", "http://rdfs.org/ns/void#inDataset.value": "33321"}, "geometry": {"type": "Point", "coordinates": [7.2347020183, 51.225839256, 300.91]}}, {"type": "Feature", "id": "https://registry.gdi-de.org/de.nw/radnetz/instances/Knoten_Wuppertal_1189690646", "name": " (ex-nw:Knoten_Wuppertal_1189690646)", "dateprops": [], "properties": {"https://registry.gdi-de.org/up3/ontology/hoehe": "152.13", "https://registry.gdi-de.org/up3/ontology/knoten-ID": "1189690646", "http://rdfs.org/ns/void#inDataset.value": "33321"}, "geometry": {"type": "Point", "coordinates": [7.1872476793, 51.2669752626, 152.13]}}, {"type": "Feature", "id": "https://registry.gdi-de.org/de.nw/radnetz/instances/Knoten_Wuppertal_1189691315", "name": " (ex-nw:Knoten_Wuppertal_1189691315)", "dateprops": [], "properties": {"https://registry.gdi-de.org/up3/ontology/hoehe": "209.54", "https://registry.gdi-de.org/up3/ontology/knoten-ID": "1189691315", "http://rdfs.org/ns/void#inDataset.value": "33321"}, "geometry": {"type": "Point", "coordinates": [7.0672688, 51.2084295244, 209.54]}}, {"type": "Feature", "id": "https://registry.gdi-de.org/de.nw/radnetz/instances/Knoten_Wuppertal_4540", "name": " (ex-nw:Knoten_Wuppertal_4540)", "dateprops": [], "properties": {"https://registry.gdi-de.org/up3/ontology/hoehe": "143.06", "https://registry.gdi-de.org/up3/ontology/knoten-ID": "4540", "http://rdfs.org/ns/void#inDataset.value": "33321"}, "geometry": {"type": "Point", "coordinates": [7.1345300926, 51.2552341436, 143.06]}}, {"type": "Feature", "id": "https://registry.gdi-de.org/de.nw/radnetz/instances/Knoten_Wuppertal_9215", "name": " (ex-nw:Knoten_Wuppertal_9215)", "dateprops": [], "properties": {"https://registry.gdi-de.org/up3/ontology/hoehe": "239.9", "https://registry.gdi-de.org/up3/ontology/knoten-ID": "9215", "http://rdfs.org/ns/void#inDataset.value": "33321"}, "geometry": {"type": "Point", "coordinates": [7.2468784106, 51.2324912311, 239.9]}}, {"type": "Feature", "id": "https://registry.gdi-de.org/de.nw/radnetz/instances/Knoten_Wuppertal_5152", "name": " (ex-nw:Knoten_Wuppertal_5152)", "dateprops": [], "properties": {"https://registry.gdi-de.org/up3/ontology/hoehe": "142.78", "https://registry.gdi-de.org/up3/ontology/knoten-ID": "5152", "http://rdfs.org/ns/void#inDataset.value": "33321"}, "geometry": {"type": "Point", "coordinates": [7.1462407896, 51.2565577428, 142.78]}}, {"type": "Feature", "id": "https://registry.gdi-de.org/de.nw/radnetz/instances/Knoten_Wuppertal_6047", "name": " (ex-nw:Knoten_Wuppertal_6047)", "dateprops": [], "properties": {"https://registry.gdi-de.org/up3/ontology/hoehe": "198.3", "https://registry.gdi-de.org/up3/ontology/knoten-ID": "6047", "http://rdfs.org/ns/void#inDataset.value": "33321"}, "geometry": {"type": "Point", "coordinates": [7.1623535212, 51.2785002539, 198.3]}}, {"type": "Feature", "id": "https://registry.gdi-de.org/de.nw/radnetz/instances/Knoten_Wuppertal_9585", "name": " (ex-nw:Knoten_Wuppertal_9585)", "dateprops": [], "properties": {"https://registry.gdi-de.org/up3/ontology/hoehe": "288.22", "https://registry.gdi-de.org/up3/ontology/knoten-ID": "9585", "http://rdfs.org/ns/void#inDataset.value": "33321"}, "geometry": {"type": "Point", "coordinates": [7.2647706715, 51.209906914, 288.22]}}, {"type": "Feature", "id": "https://registry.gdi-de.org/de.nw/radnetz/instances/Knoten_Wuppertal_4484", "name": " (ex-nw:Knoten_Wuppertal_4484)", "dateprops": [], "properties": {"https://registry.gdi-de.org/up3/ontology/hoehe": "108.13", "https://registry.gdi-de.org/up3/ontology/knoten-ID": "4484", "http://rdfs.org/ns/void#inDataset.value": "33321"}, "geometry": {"type": "Point", "coordinates": [7.1368803295, 51.1663522717, 108.13]}}, {"type": "Feature", "id": "https://registry.gdi-de.org/de.nw/radnetz/instances/Knoten_Wuppertal_6052", "name": " (ex-nw:Knoten_Wuppertal_6052)", "dateprops": [], "properties": {"https://registry.gdi-de.org/up3/ontology/hoehe": "148.9", "https://registry.gdi-de.org/up3/ontology/knoten-ID": "6052", "http://rdfs.org/ns/void#inDataset.value": "33321"}, "geometry": {"type": "Point", "coordinates": [7.163358056, 51.2587058184, 148.9]}}, {"type": "Feature", "id": "https://registry.gdi-de.org/de.nw/radnetz/instances/Knoten_Wuppertal_1189690829", "name": " (ex-nw:Knoten_Wuppertal_1189690829)", "dateprops": [], "properties": {"https://registry.gdi-de.org/up3/ontology/hoehe": "157.35", "https://registry.gdi-de.org/up3/ontology/knoten-ID": "1189690829", "http://rdfs.org/ns/void#inDataset.value": "33321"}, "geometry": {"type": "Point", "coordinates": [7.2119212111, 51.274283822, 157.35]}}, {"type": "Feature", "id": "https://registry.gdi-de.org/de.nw/radnetz/instances/Knoten_Wuppertal_3271", "name": " (ex-nw:Knoten_Wuppertal_3271)", "dateprops": [], "properties": {"https://registry.gdi-de.org/up3/ontology/hoehe": "131.79", "https://registry.gdi-de.org/up3/ontology/knoten-ID": "3271", "http://rdfs.org/ns/void#inDataset.value": "33321"}, "geometry": {"type": "Point", "coordinates": [7.10380322, 51.2292002685, 131.79]}}, {"type": "Feature", "id": "https://registry.gdi-de.org/de.nw/radnetz/instances/Knoten_Wuppertal_4329", "name": " (ex-nw:Knoten_Wuppertal_4329)", "dateprops": [], "properties": {"https://registry.gdi-de.org/up3/ontology/hoehe": "286.5", "https://registry.gdi-de.org/up3/ontology/knoten-ID": "4329", "http://rdfs.org/ns/void#inDataset.value": "33321"}, "geometry": {"type": "Point", "coordinates": [7.132652577, 51.2043001479, 286.5]}}, {"type": "Feature", "id": "https://registry.gdi-de.org/de.nw/radnetz/instances/Knoten_Wuppertal_60293", "name": " (ex-nw:Knoten_Wuppertal_60293)", "dateprops": [], "properties": {"https://registry.gdi-de.org/up3/ontology/hoehe": "216.29", "https://registry.gdi-de.org/up3/ontology/knoten-ID": "60293", "http://rdfs.org/ns/void#inDataset.value": "33321"}, "geometry": {"type": "Point", "coordinates": [7.2520349536, 51.2904055023, 216.29]}}, {"type": "Feature", "id": "https://registry.gdi-de.org/de.nw/radnetz/instances/Knoten_Wuppertal_113810203", "name": " (ex-nw:Knoten_Wuppertal_113810203)", "dateprops": [], "properties": {"https://registry.gdi-de.org/up3/ontology/hoehe": "139.89", "https://registry.gdi-de.org/up3/ontology/knoten-ID": "113810203", "http://rdfs.org/ns/void#inDataset.value": "33321"}, "geometry": {"type": "Point", "coordinates": [7.1245330607, 51.2493743998, 139.89]}}, {"type": "Feature", "id": "https://registry.gdi-de.org/de.nw/radnetz/instances/Knoten_Wuppertal_7846", "name": " (ex-nw:Knoten_Wuppertal_7846)", "dateprops": [], "properties": {"https://registry.gdi-de.org/up3/ontology/hoehe": "187.33", "https://registry.gdi-de.org/up3/ontology/knoten-ID": "7846", "http://rdfs.org/ns/void#inDataset.value": "33321"}, "geometry": {"type": "Point", "coordinates": [7.2062642687, 51.2806651618, 187.33]}}, {"type": "Feature", "id": "https://registry.gdi-de.org/de.nw/radnetz/instances/Knoten_Wuppertal_60223", "name": " (ex-nw:Knoten_Wuppertal_60223)", "dateprops": [], "properties": {"https://registry.gdi-de.org/up3/ontology/hoehe": "176.6", "https://registry.gdi-de.org/up3/ontology/knoten-ID": "60223", "http://rdfs.org/ns/void#inDataset.value": "33321"}, "geometry": {"type": "Point", "coordinates": [7.1052487313, 51.2569100427, 176.6]}}, {"type": "Feature", "id": "https://registry.gdi-de.org/de.nw/radnetz/instances/Knoten_Wuppertal_99999908", "name": " (ex-nw:Knoten_Wuppertal_99999908)", "dateprops": [], "properties": {"https://registry.gdi-de.org/up3/ontology/hoehe": "182.0", "https://registry.gdi-de.org/up3/ontology/knoten-ID": "99999908", "http://rdfs.org/ns/void#inDataset.value": "33321"}, "geometry": {"type": "Point", "coordinates": [7.2408404177, 51.2787375508, 182.0]}}, {"type": "Feature", "id": "https://registry.gdi-de.org/de.nw/radnetz/instances/Knoten_Wuppertal_1189691138", "name": " (ex-nw:Knoten_Wuppertal_1189691138)", "dateprops": [], "properties": {"https://registry.gdi-de.org/up3/ontology/hoehe": "299.67", "https://registry.gdi-de.org/up3/ontology/knoten-ID": "1189691138", "http://rdfs.org/ns/void#inDataset.value": "33321"}, "geometry": {"type": "Point", "coordinates": [7.2359079497, 51.2358302635, 299.67]}}, {"type": "Feature", "id": "https://registry.gdi-de.org/de.nw/radnetz/instances/Knoten_Wuppertal_112660101", "name": " (ex-nw:Knoten_Wuppertal_112660101)", "dateprops": [], "properties": {"https://registry.gdi-de.org/up3/ontology/hoehe": "250.97", "https://registry.gdi-de.org/up3/ontology/knoten-ID": "112660101", "http://rdfs.org/ns/void#inDataset.value": "33321"}, "geometry": {"type": "Point", "coordinates": [7.1235045212, 51.2780208144, 250.97]}}, {"type": "Feature", "id": "https://registry.gdi-de.org/de.nw/radnetz/instances/Knoten_Wuppertal_7509", "name": " (ex-nw:Knoten_Wuppertal_7509)", "dateprops": [], "properties": {"https://registry.gdi-de.org/up3/ontology/hoehe": "271.6", "https://registry.gdi-de.org/up3/ontology/knoten-ID": "7509", "http://rdfs.org/ns/void#inDataset.value": "33321"}, "geometry": {"type": "Point", "coordinates": [7.200896042, 51.2264152726, 271.6]}}, {"type": "Feature", "id": "https://registry.gdi-de.org/de.nw/radnetz/instances/Knoten_Wuppertal_2075", "name": " (ex-nw:Knoten_Wuppertal_2075)", "dateprops": [], "properties": {"https://registry.gdi-de.org/up3/ontology/hoehe": "186.75", "https://registry.gdi-de.org/up3/ontology/knoten-ID": "2075", "http://rdfs.org/ns/void#inDataset.value": "33321"}, "geometry": {"type": "Point", "coordinates": [7.0382489519, 51.2146081891, 186.75]}}, {"type": "Feature", "id": "https://registry.gdi-de.org/de.nw/radnetz/instances/Knoten_Wuppertal_113550101", "name": " (ex-nw:Knoten_Wuppertal_113550101)", "dateprops": [], "properties": {"https://registry.gdi-de.org/up3/ontology/hoehe": "202.02", "https://registry.gdi-de.org/up3/ontology/knoten-ID": "113550101", "http://rdfs.org/ns/void#inDataset.value": "33321"}, "geometry": {"type": "Point", "coordinates": [7.0624342509, 51.224667926, 202.02]}}, {"type": "Feature", "id": "https://registry.gdi-de.org/de.nw/radnetz/instances/Knoten_Wuppertal_6840", "name": " (ex-nw:Knoten_Wuppertal_6840)", "dateprops": [], "properties": {"https://registry.gdi-de.org/up3/ontology/hoehe": "196.22", "https://registry.gdi-de.org/up3/ontology/knoten-ID": "6840", "http://rdfs.org/ns/void#inDataset.value": "33321"}, "geometry": {"type": "Point", "coordinates": [7.1865606817, 51.2792203088, 196.22]}}, {"type": "Feature", "id": "https://registry.gdi-de.org/de.nw/radnetz/instances/Knoten_Wuppertal_6771", "name": " (ex-nw:Knoten_Wuppertal_6771)", "dateprops": [], "properties": {"https://registry.gdi-de.org/up3/ontology/hoehe": "152.51", "https://registry.gdi-de.org/up3/ontology/knoten-ID": "6771", "http://rdfs.org/ns/void#inDataset.value": "33321"}, "geometry": {"type": "Point", "coordinates": [7.1849467888, 51.2667692999, 152.51]}}, {"type": "Feature", "id": "https://registry.gdi-de.org/de.nw/radnetz/instances/Knoten_Wuppertal_5659", "name": " (ex-nw:Knoten_Wuppertal_5659)", "dateprops": [], "properties": {"https://registry.gdi-de.org/up3/ontology/hoehe": "325.01", "https://registry.gdi-de.org/up3/ontology/knoten-ID": "5659", "http://rdfs.org/ns/void#inDataset.value": "33321"}, "geometry": {"type": "Point", "coordinates": [7.156015219, 51.2355510876, 325.01]}}, {"type": "Feature", "id": "https://registry.gdi-de.org/de.nw/radnetz/instances/Knoten_Wuppertal_112290201", "name": " (ex-nw:Knoten_Wuppertal_112290201)", "dateprops": [], "properties": {"https://registry.gdi-de.org/up3/ontology/hoehe": "141.84", "https://registry.gdi-de.org/up3/ontology/knoten-ID": "112290201", "http://rdfs.org/ns/void#inDataset.value": "33321"}, "geometry": {"type": "Point", "coordinates": [7.1350535379, 51.2533006579, 141.84]}}, {"type": "Feature", "id": "https://registry.gdi-de.org/de.nw/radnetz/instances/Knoten_Wuppertal_4294", "name": " (ex-nw:Knoten_Wuppertal_4294)", "dateprops": [], "properties": {"https://registry.gdi-de.org/up3/ontology/hoehe": "146.59", "https://registry.gdi-de.org/up3/ontology/knoten-ID": "4294", "http://rdfs.org/ns/void#inDataset.value": "33321"}, "geometry": {"type": "Point", "coordinates": [7.1301221329, 51.2534672058, 146.59]}}, {"type": "Feature", "id": "https://registry.gdi-de.org/de.nw/radnetz/instances/Knoten_Wuppertal_1189691281", "name": " (ex-nw:Knoten_Wuppertal_1189691281)", "dateprops": [], "properties": {"https://registry.gdi-de.org/up3/ontology/hoehe": "127.01", "https://registry.gdi-de.org/up3/ontology/knoten-ID": "1189691281", "http://rdfs.org/ns/void#inDataset.value": "33321"}, "geometry": {"type": "Point", "coordinates": [7.1265961864, 51.1754623386, 127.01]}}, {"type": "Feature", "id": "https://registry.gdi-de.org/de.nw/radnetz/instances/Knoten_Wuppertal_118340102", "name": " (ex-nw:Knoten_Wuppertal_118340102)", "dateprops": [], "properties": {"https://registry.gdi-de.org/up3/ontology/hoehe": "225.68", "https://registry.gdi-de.org/up3/ontology/knoten-ID": "118340102", "http://rdfs.org/ns/void#inDataset.value": "33321"}, "geometry": {"type": "Point", "coordinates": [7.1019568724, 51.2913277286, 225.68]}}, {"type": "Feature", "id": "https://registry.gdi-de.org/de.nw/radnetz/instances/Knoten_Wuppertal_1189690538", "name": " (ex-nw:Knoten_Wuppertal_1189690538)", "dateprops": [], "properties": {"https://registry.gdi-de.org/up3/ontology/hoehe": "186.15", "https://registry.gdi-de.org/up3/ontology/knoten-ID": "1189690538", "http://rdfs.org/ns/void#inDataset.value": "33321"}, "geometry": {"type": "Point", "coordinates": [7.0740948256, 51.2531329827, 186.15]}}, {"type": "Feature", "id": "https://registry.gdi-de.org/de.nw/radnetz/instances/Knoten_Wuppertal_1189691371", "name": " (ex-nw:Knoten_Wuppertal_1189691371)", "dateprops": [], "properties": {"https://registry.gdi-de.org/up3/ontology/hoehe": "180.02", "https://registry.gdi-de.org/up3/ontology/knoten-ID": "1189691371", "http://rdfs.org/ns/void#inDataset.value": "33321"}, "geometry": {"type": "Point", "coordinates": [7.1604629559, 51.2674630581, 180.02]}}, {"type": "Feature", "id": "https://registry.gdi-de.org/de.nw/radnetz/instances/Knoten_Wuppertal_4225", "name": " (ex-nw:Knoten_Wuppertal_4225)", "dateprops": [], "properties": {"https://registry.gdi-de.org/up3/ontology/hoehe": "290.06", "https://registry.gdi-de.org/up3/ontology/knoten-ID": "4225", "http://rdfs.org/ns/void#inDataset.value": "33321"}, "geometry": {"type": "Point", "coordinates": [7.1279745254, 51.2790195087, 290.06]}}, {"type": "Feature", "id": "https://registry.gdi-de.org/de.nw/radnetz/instances/Knoten_Wuppertal_5811", "name": " (ex-nw:Knoten_Wuppertal_5811)", "dateprops": [], "properties": {"https://registry.gdi-de.org/up3/ontology/hoehe": "280.59", "https://registry.gdi-de.org/up3/ontology/knoten-ID": "5811", "http://rdfs.org/ns/void#inDataset.value": "33321"}, "geometry": {"type": "Point", "coordinates": [7.1559767924, 51.3027540829, 280.59]}}, {"type": "Feature", "id": "https://registry.gdi-de.org/de.nw/radnetz/instances/Knoten_Wuppertal_113800101", "name": " (ex-nw:Knoten_Wuppertal_113800101)", "dateprops": [], "properties": {"https://registry.gdi-de.org/up3/ontology/hoehe": "140.41", "https://registry.gdi-de.org/up3/ontology/knoten-ID": "113800101", "http://rdfs.org/ns/void#inDataset.value": "33321"}, "geometry": {"type": "Point", "coordinates": [7.1292259324, 51.2515738622, 140.41]}}, {"type": "Feature", "id": "https://registry.gdi-de.org/de.nw/radnetz/instances/Knoten_Wuppertal_116210101", "name": " (ex-nw:Knoten_Wuppertal_116210101)", "dateprops": [], "properties": {"https://registry.gdi-de.org/up3/ontology/hoehe": "167.61", "https://registry.gdi-de.org/up3/ontology/knoten-ID": "116210101", "http://rdfs.org/ns/void#inDataset.value": "33321"}, "geometry": {"type": "Point", "coordinates": [7.2347920473, 51.2769544945, 167.61]}}, {"type": "Feature", "id": "https://registry.gdi-de.org/de.nw/radnetz/instances/Knoten_Wuppertal_9455", "name": " (ex-nw:Knoten_Wuppertal_9455)", "dateprops": [], "properties": {"https://registry.gdi-de.org/up3/ontology/hoehe": "177.81", "https://registry.gdi-de.org/up3/ontology/knoten-ID": "9455", "http://rdfs.org/ns/void#inDataset.value": "33321"}, "geometry": {"type": "Point", "coordinates": [7.2559654384, 51.2556805233, 177.81]}}, {"type": "Feature", "id": "https://registry.gdi-de.org/de.nw/radnetz/instances/Knoten_Wuppertal_60245", "name": " (ex-nw:Knoten_Wuppertal_60245)", "dateprops": [], "properties": {"https://registry.gdi-de.org/up3/ontology/hoehe": "183.58", "https://registry.gdi-de.org/up3/ontology/knoten-ID": "60245", "http://rdfs.org/ns/void#inDataset.value": "33321"}, "geometry": {"type": "Point", "coordinates": [7.1515828271, 51.2682480147, 183.58]}}, {"type": "Feature", "id": "https://registry.gdi-de.org/de.nw/radnetz/instances/Knoten_Wuppertal_1189691344", "name": " (ex-nw:Knoten_Wuppertal_1189691344)", "dateprops": [], "properties": {"https://registry.gdi-de.org/up3/ontology/hoehe": "160.0", "https://registry.gdi-de.org/up3/ontology/knoten-ID": "1189691344", "http://rdfs.org/ns/void#inDataset.value": "33321"}, "geometry": {"type": "Point", "coordinates": [7.1241141936, 51.1743758013, 160.0]}}, {"type": "Feature", "id": "https://registry.gdi-de.org/de.nw/radnetz/instances/Knoten_Wuppertal_4637", "name": " (ex-nw:Knoten_Wuppertal_4637)", "dateprops": [], "properties": {"https://registry.gdi-de.org/up3/ontology/hoehe": "142.89", "https://registry.gdi-de.org/up3/ontology/knoten-ID": "4637", "http://rdfs.org/ns/void#inDataset.value": "33321"}, "geometry": {"type": "Point", "coordinates": [7.1370999077, 51.2564051245, 142.89]}}, {"type": "Feature", "id": "https://registry.gdi-de.org/de.nw/radnetz/instances/Knoten_Wuppertal_10011", "name": " (ex-nw:Knoten_Wuppertal_10011)", "dateprops": [], "properties": {"https://registry.gdi-de.org/up3/ontology/hoehe": "197.87", "https://registry.gdi-de.org/up3/ontology/knoten-ID": "10011", "http://rdfs.org/ns/void#inDataset.value": "33321"}, "geometry": {"type": "Point", "coordinates": [7.2955335944, 51.2491184875, 197.87]}}, {"type": "Feature", "id": "https://registry.gdi-de.org/de.nw/radnetz/instances/Knoten_Wuppertal_5149", "name": " (ex-nw:Knoten_Wuppertal_5149)", "dateprops": [], "properties": {"https://registry.gdi-de.org/up3/ontology/hoehe": "143.62", "https://registry.gdi-de.org/up3/ontology/knoten-ID": "5149", "http://rdfs.org/ns/void#inDataset.value": "33321"}, "geometry": {"type": "Point", "coordinates": [7.14616608, 51.2576315716, 143.62]}}, {"type": "Feature", "id": "https://registry.gdi-de.org/de.nw/radnetz/instances/Knoten_Wuppertal_8774", "name": " (ex-nw:Knoten_Wuppertal_8774)", "dateprops": [], "properties": {"https://registry.gdi-de.org/up3/ontology/hoehe": "165.24", "https://registry.gdi-de.org/up3/ontology/knoten-ID": "8774", "http://rdfs.org/ns/void#inDataset.value": "33321"}, "geometry": {"type": "Point", "coordinates": [7.2305547626, 51.2759678723, 165.24]}}, {"type": "Feature", "id": "https://registry.gdi-de.org/de.nw/radnetz/instances/Knoten_Wuppertal_8903", "name": " (ex-nw:Knoten_Wuppertal_8903)", "dateprops": [], "properties": {"https://registry.gdi-de.org/up3/ontology/hoehe": "293.0", "https://registry.gdi-de.org/up3/ontology/knoten-ID": "8903", "http://rdfs.org/ns/void#inDataset.value": "33321"}, "geometry": {"type": "Point", "coordinates": [7.2358039854, 51.2372989603, 293.0]}}, {"type": "Feature", "id": "https://registry.gdi-de.org/de.nw/radnetz/instances/Knoten_Wuppertal_99999913", "name": " (ex-nw:Knoten_Wuppertal_99999913)", "dateprops": [], "properties": {"https://registry.gdi-de.org/up3/ontology/hoehe": "188.9", "https://registry.gdi-de.org/up3/ontology/knoten-ID": "99999913", "http://rdfs.org/ns/void#inDataset.value": "33321"}, "geometry": {"type": "Point", "coordinates": [7.2265052814, 51.2767976813, 188.9]}}, {"type": "Feature", "id": "https://registry.gdi-de.org/de.nw/radnetz/instances/Knoten_Wuppertal_1189691216", "name": " (ex-nw:Knoten_Wuppertal_1189691216)", "dateprops": [], "properties": {"https://registry.gdi-de.org/up3/ontology/hoehe": "243.97", "https://registry.gdi-de.org/up3/ontology/knoten-ID": "1189691216", "http://rdfs.org/ns/void#inDataset.value": "33321"}, "geometry": {"type": "Point", "coordinates": [7.236813171, 51.3252735319, 243.97]}}, {"type": "Feature", "id": "https://registry.gdi-de.org/de.nw/radnetz/instances/Knoten_Wuppertal_116230103", "name": " (ex-nw:Knoten_Wuppertal_116230103)", "dateprops": [], "properties": {"https://registry.gdi-de.org/up3/ontology/hoehe": "175.46", "https://registry.gdi-de.org/up3/ontology/knoten-ID": "116230103", "http://rdfs.org/ns/void#inDataset.value": "33321"}, "geometry": {"type": "Point", "coordinates": [7.2440041787, 51.281490304, 175.46]}}, {"type": "Feature", "id": "https://registry.gdi-de.org/de.nw/radnetz/instances/Knoten_Wuppertal_2688", "name": " (ex-nw:Knoten_Wuppertal_2688)", "dateprops": [], "properties": {"https://registry.gdi-de.org/up3/ontology/hoehe": "218.25", "https://registry.gdi-de.org/up3/ontology/knoten-ID": "2688", "http://rdfs.org/ns/void#inDataset.value": "33321"}, "geometry": {"type": "Point", "coordinates": [7.0727996487, 51.2611040351, 218.25]}}, {"type": "Feature", "id": "https://registry.gdi-de.org/de.nw/radnetz/instances/Knoten_Wuppertal_112170102", "name": " (ex-nw:Knoten_Wuppertal_112170102)", "dateprops": [], "properties": {"https://registry.gdi-de.org/up3/ontology/hoehe": "199.5", "https://registry.gdi-de.org/up3/ontology/knoten-ID": "112170102", "http://rdfs.org/ns/void#inDataset.value": "33321"}, "geometry": {"type": "Point", "coordinates": [7.162573435, 51.2768335469, 199.5]}}, {"type": "Feature", "id": "https://registry.gdi-de.org/de.nw/radnetz/instances/Knoten_Wuppertal_114570101", "name": " (ex-nw:Knoten_Wuppertal_114570101)", "dateprops": [], "properties": {"https://registry.gdi-de.org/up3/ontology/hoehe": "198.63", "https://registry.gdi-de.org/up3/ontology/knoten-ID": "114570101", "http://rdfs.org/ns/void#inDataset.value": "33321"}, "geometry": {"type": "Point", "coordinates": [7.0705662165, 51.2476785322, 198.63]}}, {"type": "Feature", "id": "https://registry.gdi-de.org/de.nw/radnetz/instances/Knoten_Wuppertal_4138", "name": " (ex-nw:Knoten_Wuppertal_4138)", "dateprops": [], "properties": {"https://registry.gdi-de.org/up3/ontology/hoehe": "194.2", "https://registry.gdi-de.org/up3/ontology/knoten-ID": "4138", "http://rdfs.org/ns/void#inDataset.value": "33321"}, "geometry": {"type": "Point", "coordinates": [7.1257491443, 51.3017773837, 194.2]}}, {"type": "Feature", "id": "https://registry.gdi-de.org/de.nw/radnetz/instances/Knoten_Wuppertal_2929", "name": " (ex-nw:Knoten_Wuppertal_2929)", "dateprops": [], "properties": {"https://registry.gdi-de.org/up3/ontology/hoehe": "198.22", "https://registry.gdi-de.org/up3/ontology/knoten-ID": "2929", "http://rdfs.org/ns/void#inDataset.value": "33321"}, "geometry": {"type": "Point", "coordinates": [7.086106514, 51.2565895307, 198.22]}}, {"type": "Feature", "id": "https://registry.gdi-de.org/de.nw/radnetz/instances/Knoten_Wuppertal_60236", "name": " (ex-nw:Knoten_Wuppertal_60236)", "dateprops": [], "properties": {"https://registry.gdi-de.org/up3/ontology/hoehe": "177.61", "https://registry.gdi-de.org/up3/ontology/knoten-ID": "60236", "http://rdfs.org/ns/void#inDataset.value": "33321"}, "geometry": {"type": "Point", "coordinates": [7.1318446863, 51.2652042841, 177.61]}}, {"type": "Feature", "id": "https://registry.gdi-de.org/de.nw/radnetz/instances/Knoten_Wuppertal_1189690549", "name": " (ex-nw:Knoten_Wuppertal_1189690549)", "dateprops": [], "properties": {"https://registry.gdi-de.org/up3/ontology/hoehe": "163.86", "https://registry.gdi-de.org/up3/ontology/knoten-ID": "1189690549", "http://rdfs.org/ns/void#inDataset.value": "33321"}, "geometry": {"type": "Point", "coordinates": [7.0898360992, 51.2487711616, 163.86]}}, {"type": "Feature", "id": "https://registry.gdi-de.org/de.nw/radnetz/instances/Knoten_Wuppertal_60264", "name": " (ex-nw:Knoten_Wuppertal_60264)", "dateprops": [], "properties": {"https://registry.gdi-de.org/up3/ontology/hoehe": "185.73", "https://registry.gdi-de.org/up3/ontology/knoten-ID": "60264", "http://rdfs.org/ns/void#inDataset.value": "33321"}, "geometry": {"type": "Point", "coordinates": [7.2046130646, 51.2781070984, 185.73]}}, {"type": "Feature", "id": "https://registry.gdi-de.org/de.nw/radnetz/instances/Knoten_Wuppertal_7723", "name": " (ex-nw:Knoten_Wuppertal_7723)", "dateprops": [], "properties": {"https://registry.gdi-de.org/up3/ontology/hoehe": "251.66", "https://registry.gdi-de.org/up3/ontology/knoten-ID": "7723", "http://rdfs.org/ns/void#inDataset.value": "33321"}, "geometry": {"type": "Point", "coordinates": [7.2057932405, 51.216377244, 251.66]}}, {"type": "Feature", "id": "https://registry.gdi-de.org/de.nw/radnetz/instances/Knoten_Wuppertal_110620102", "name": " (ex-nw:Knoten_Wuppertal_110620102)", "dateprops": [], "properties": {"https://registry.gdi-de.org/up3/ontology/hoehe": "188.38", "https://registry.gdi-de.org/up3/ontology/knoten-ID": "110620102", "http://rdfs.org/ns/void#inDataset.value": "33321"}, "geometry": {"type": "Point", "coordinates": [7.0733676506, 51.2653105308, 188.38]}}, {"type": "Feature", "id": "https://registry.gdi-de.org/de.nw/radnetz/instances/Knoten_Wuppertal_1189691361", "name": " (ex-nw:Knoten_Wuppertal_1189691361)", "dateprops": [], "properties": {"https://registry.gdi-de.org/up3/ontology/hoehe": "262.5", "https://registry.gdi-de.org/up3/ontology/knoten-ID": "1189691361", "http://rdfs.org/ns/void#inDataset.value": "33321"}, "geometry": {"type": "Point", "coordinates": [7.0637966004, 51.3022607622, 262.5]}}, {"type": "Feature", "id": "https://registry.gdi-de.org/de.nw/radnetz/instances/Knoten_Wuppertal_110190409", "name": " (ex-nw:Knoten_Wuppertal_110190409)", "dateprops": [], "properties": {"https://registry.gdi-de.org/up3/ontology/hoehe": "147.0", "https://registry.gdi-de.org/up3/ontology/knoten-ID": "110190409", "http://rdfs.org/ns/void#inDataset.value": "33321"}, "geometry": {"type": "Point", "coordinates": [7.150257434, 51.2560344726, 147.0]}}, {"type": "Feature", "id": "https://registry.gdi-de.org/de.nw/radnetz/instances/Knoten_Wuppertal_3266", "name": " (ex-nw:Knoten_Wuppertal_3266)", "dateprops": [], "properties": {"https://registry.gdi-de.org/up3/ontology/hoehe": "137.71", "https://registry.gdi-de.org/up3/ontology/knoten-ID": "3266", "http://rdfs.org/ns/void#inDataset.value": "33321"}, "geometry": {"type": "Point", "coordinates": [7.102945077, 51.2415863983, 137.71]}}, {"type": "Feature", "id": "https://registry.gdi-de.org/de.nw/radnetz/instances/Knoten_Wuppertal_8896", "name": " (ex-nw:Knoten_Wuppertal_8896)", "dateprops": [], "properties": {"https://registry.gdi-de.org/up3/ontology/hoehe": "299.86", "https://registry.gdi-de.org/up3/ontology/knoten-ID": "8896", "http://rdfs.org/ns/void#inDataset.value": "33321"}, "geometry": {"type": "Point", "coordinates": [7.2358603149, 51.2326980314, 299.86]}}, {"type": "Feature", "id": "https://registry.gdi-de.org/de.nw/radnetz/instances/Knoten_Wuppertal_2365", "name": " (ex-nw:Knoten_Wuppertal_2365)", "dateprops": [], "properties": {"https://registry.gdi-de.org/up3/ontology/hoehe": "211.83", "https://registry.gdi-de.org/up3/ontology/knoten-ID": "2365", "http://rdfs.org/ns/void#inDataset.value": "33321"}, "geometry": {"type": "Point", "coordinates": [7.0615356987, 51.2347997886, 211.83]}}, {"type": "Feature", "id": "https://registry.gdi-de.org/de.nw/radnetz/instances/Knoten_Wuppertal_112340101", "name": " (ex-nw:Knoten_Wuppertal_112340101)", "dateprops": [], "properties": {"https://registry.gdi-de.org/up3/ontology/hoehe": "248.57", "https://registry.gdi-de.org/up3/ontology/knoten-ID": "112340101", "http://rdfs.org/ns/void#inDataset.value": "33321"}, "geometry": {"type": "Point", "coordinates": [7.1641113959, 51.2452228587, 248.57]}}, {"type": "Feature", "id": "https://registry.gdi-de.org/de.nw/radnetz/instances/Knoten_Wuppertal_118230101", "name": " (ex-nw:Knoten_Wuppertal_118230101)", "dateprops": [], "properties": {"https://registry.gdi-de.org/up3/ontology/hoehe": "304.49", "https://registry.gdi-de.org/up3/ontology/knoten-ID": "118230101", "http://rdfs.org/ns/void#inDataset.value": "33321"}, "geometry": {"type": "Point", "coordinates": [7.1460554964, 51.3051876983, 304.49]}}, {"type": "Feature", "id": "https://registry.gdi-de.org/de.nw/radnetz/instances/Knoten_Wuppertal_1189691348", "name": " (ex-nw:Knoten_Wuppertal_1189691348)", "dateprops": [], "properties": {"https://registry.gdi-de.org/up3/ontology/hoehe": "210.0", "https://registry.gdi-de.org/up3/ontology/knoten-ID": "1189691348", "http://rdfs.org/ns/void#inDataset.value": "33321"}, "geometry": {"type": "Point", "coordinates": [7.0564889913, 51.1860412972, 210.0]}}, {"type": "Feature", "id": "https://registry.gdi-de.org/de.nw/radnetz/instances/Knoten_Wuppertal_113850102", "name": " (ex-nw:Knoten_Wuppertal_113850102)", "dateprops": [], "properties": {"https://registry.gdi-de.org/up3/ontology/hoehe": "144.29", "https://registry.gdi-de.org/up3/ontology/knoten-ID": "113850102", "http://rdfs.org/ns/void#inDataset.value": "33321"}, "geometry": {"type": "Point", "coordinates": [7.1035968156, 51.248318492, 144.29]}}, {"type": "Feature", "id": "https://registry.gdi-de.org/de.nw/radnetz/instances/Knoten_Wuppertal_60280", "name": " (ex-nw:Knoten_Wuppertal_60280)", "dateprops": [], "properties": {"https://registry.gdi-de.org/up3/ontology/hoehe": "189.56", "https://registry.gdi-de.org/up3/ontology/knoten-ID": "60280", "http://rdfs.org/ns/void#inDataset.value": "33321"}, "geometry": {"type": "Point", "coordinates": [7.2249088313, 51.2825591341, 189.56]}}, {"type": "Feature", "id": "https://registry.gdi-de.org/de.nw/radnetz/instances/Knoten_Wuppertal_8942", "name": " (ex-nw:Knoten_Wuppertal_8942)", "dateprops": [], "properties": {"https://registry.gdi-de.org/up3/ontology/hoehe": "197.46", "https://registry.gdi-de.org/up3/ontology/knoten-ID": "8942", "http://rdfs.org/ns/void#inDataset.value": "33321"}, "geometry": {"type": "Point", "coordinates": [7.2355873012, 51.273329084, 197.46]}}, {"type": "Feature", "id": "https://registry.gdi-de.org/de.nw/radnetz/instances/Knoten_Wuppertal_6067", "name": " (ex-nw:Knoten_Wuppertal_6067)", "dateprops": [], "properties": {"https://registry.gdi-de.org/up3/ontology/hoehe": "248.57", "https://registry.gdi-de.org/up3/ontology/knoten-ID": "6067", "http://rdfs.org/ns/void#inDataset.value": "33321"}, "geometry": {"type": "Point", "coordinates": [7.1641108529, 51.2452233619, 248.57]}}, {"type": "Feature", "id": "https://registry.gdi-de.org/de.nw/radnetz/instances/Knoten_Wuppertal_2599", "name": " (ex-nw:Knoten_Wuppertal_2599)", "dateprops": [], "properties": {"https://registry.gdi-de.org/up3/ontology/hoehe": "204.53", "https://registry.gdi-de.org/up3/ontology/knoten-ID": "2599", "http://rdfs.org/ns/void#inDataset.value": "33321"}, "geometry": {"type": "Point", "coordinates": [7.0706188166, 51.242854974, 204.53]}}, {"type": "Feature", "id": "https://registry.gdi-de.org/de.nw/radnetz/instances/Knoten_Wuppertal_8840", "name": " (ex-nw:Knoten_Wuppertal_8840)", "dateprops": [], "properties": {"https://registry.gdi-de.org/up3/ontology/hoehe": "301.39", "https://registry.gdi-de.org/up3/ontology/knoten-ID": "8840", "http://rdfs.org/ns/void#inDataset.value": "33321"}, "geometry": {"type": "Point", "coordinates": [7.2344234138, 51.2263241718, 301.39]}}, {"type": "Feature", "id": "https://registry.gdi-de.org/de.nw/radnetz/instances/Knoten_Wuppertal_5515", "name": " (ex-nw:Knoten_Wuppertal_5515)", "dateprops": [], "properties": {"https://registry.gdi-de.org/up3/ontology/hoehe": "146.19", "https://registry.gdi-de.org/up3/ontology/knoten-ID": "5515", "http://rdfs.org/ns/void#inDataset.value": "33321"}, "geometry": {"type": "Point", "coordinates": [7.1523018569, 51.2588422596, 146.19]}}, {"type": "Feature", "id": "https://registry.gdi-de.org/de.nw/radnetz/instances/Knoten_Wuppertal_112660102", "name": " (ex-nw:Knoten_Wuppertal_112660102)", "dateprops": [], "properties": {"https://registry.gdi-de.org/up3/ontology/hoehe": "249.17", "https://registry.gdi-de.org/up3/ontology/knoten-ID": "112660102", "http://rdfs.org/ns/void#inDataset.value": "33321"}, "geometry": {"type": "Point", "coordinates": [7.1232247589, 51.2777873723, 249.17]}}, {"type": "Feature", "id": "https://registry.gdi-de.org/de.nw/radnetz/instances/Knoten_Wuppertal_122750101", "name": " (ex-nw:Knoten_Wuppertal_122750101)", "dateprops": [], "properties": {"https://registry.gdi-de.org/up3/ontology/hoehe": "200.35", "https://registry.gdi-de.org/up3/ontology/knoten-ID": "122750101", "http://rdfs.org/ns/void#inDataset.value": "33321"}, "geometry": {"type": "Point", "coordinates": [7.3073569459, 51.2404191327, 200.35]}}, {"type": "Feature", "id": "https://registry.gdi-de.org/de.nw/radnetz/instances/Knoten_Wuppertal_2973", "name": " (ex-nw:Knoten_Wuppertal_2973)", "dateprops": [], "properties": {"https://registry.gdi-de.org/up3/ontology/hoehe": "201.97", "https://registry.gdi-de.org/up3/ontology/knoten-ID": "2973", "http://rdfs.org/ns/void#inDataset.value": "33321"}, "geometry": {"type": "Point", "coordinates": [7.088455946, 51.2566035858, 201.97]}}, {"type": "Feature", "id": "https://registry.gdi-de.org/de.nw/radnetz/instances/Knoten_Wuppertal_6072", "name": " (ex-nw:Knoten_Wuppertal_6072)", "dateprops": [], "properties": {"https://registry.gdi-de.org/up3/ontology/hoehe": "184.15", "https://registry.gdi-de.org/up3/ontology/knoten-ID": "6072", "http://rdfs.org/ns/void#inDataset.value": "33321"}, "geometry": {"type": "Point", "coordinates": [7.1655169168, 51.2115187302, 184.15]}}, {"type": "Feature", "id": "https://registry.gdi-de.org/de.nw/radnetz/instances/Knoten_Wuppertal_1189691359", "name": " (ex-nw:Knoten_Wuppertal_1189691359)", "dateprops": [], "properties": {"https://registry.gdi-de.org/up3/ontology/hoehe": "188.9", "https://registry.gdi-de.org/up3/ontology/knoten-ID": "1189691359", "http://rdfs.org/ns/void#inDataset.value": "33321"}, "geometry": {"type": "Point", "coordinates": [7.0711300079, 51.285849334, 188.9]}}, {"type": "Feature", "id": "https://registry.gdi-de.org/de.nw/radnetz/instances/Knoten_Wuppertal_3285", "name": " (ex-nw:Knoten_Wuppertal_3285)", "dateprops": [], "properties": {"https://registry.gdi-de.org/up3/ontology/hoehe": "137.47", "https://registry.gdi-de.org/up3/ontology/knoten-ID": "3285", "http://rdfs.org/ns/void#inDataset.value": "33321"}, "geometry": {"type": "Point", "coordinates": [7.1037487457, 51.2440062585, 137.47]}}, {"type": "Feature", "id": "https://registry.gdi-de.org/de.nw/radnetz/instances/Knoten_Wuppertal_3371", "name": " (ex-nw:Knoten_Wuppertal_3371)", "dateprops": [], "properties": {"https://registry.gdi-de.org/up3/ontology/hoehe": "234.38", "https://registry.gdi-de.org/up3/ontology/knoten-ID": "3371", "http://rdfs.org/ns/void#inDataset.value": "33321"}, "geometry": {"type": "Point", "coordinates": [7.1052272774, 51.2901925313, 234.38]}}, {"type": "Feature", "id": "https://registry.gdi-de.org/de.nw/radnetz/instances/Knoten_Wuppertal_112780101", "name": " (ex-nw:Knoten_Wuppertal_112780101)", "dateprops": [], "properties": {"https://registry.gdi-de.org/up3/ontology/hoehe": "257.89", "https://registry.gdi-de.org/up3/ontology/knoten-ID": "112780101", "http://rdfs.org/ns/void#inDataset.value": "33321"}, "geometry": {"type": "Point", "coordinates": [7.1309731828, 51.2736955526, 257.89]}}, {"type": "Feature", "id": "https://registry.gdi-de.org/de.nw/radnetz/instances/Knoten_Wuppertal_8292", "name": " (ex-nw:Knoten_Wuppertal_8292)", "dateprops": [], "properties": {"https://registry.gdi-de.org/up3/ontology/hoehe": "159.28", "https://registry.gdi-de.org/up3/ontology/knoten-ID": "8292", "http://rdfs.org/ns/void#inDataset.value": "33321"}, "geometry": {"type": "Point", "coordinates": [7.2166515564, 51.2749999563, 159.28]}}, {"type": "Feature", "id": "https://registry.gdi-de.org/de.nw/radnetz/instances/Knoten_Wuppertal_5534", "name": " (ex-nw:Knoten_Wuppertal_5534)", "dateprops": [], "properties": {"https://registry.gdi-de.org/up3/ontology/hoehe": "326.4", "https://registry.gdi-de.org/up3/ontology/knoten-ID": "5534", "http://rdfs.org/ns/void#inDataset.value": "33321"}, "geometry": {"type": "Point", "coordinates": [7.1536233093, 51.2348017245, 326.4]}}, {"type": "Feature", "id": "https://registry.gdi-de.org/de.nw/radnetz/instances/Knoten_Wuppertal_113370101", "name": " (ex-nw:Knoten_Wuppertal_113370101)", "dateprops": [], "properties": {"https://registry.gdi-de.org/up3/ontology/hoehe": "194.61", "https://registry.gdi-de.org/up3/ontology/knoten-ID": "113370101", "http://rdfs.org/ns/void#inDataset.value": "33321"}, "geometry": {"type": "Point", "coordinates": [7.0618400044, 51.2319304938, 194.61]}}, {"type": "Feature", "id": "https://registry.gdi-de.org/de.nw/radnetz/instances/Knoten_Wuppertal_112720201", "name": " (ex-nw:Knoten_Wuppertal_112720201)", "dateprops": [], "properties": {"https://registry.gdi-de.org/up3/ontology/hoehe": "169.01", "https://registry.gdi-de.org/up3/ontology/knoten-ID": "112720201", "http://rdfs.org/ns/void#inDataset.value": "33321"}, "geometry": {"type": "Point", "coordinates": [7.1408113093, 51.2656663623, 169.01]}}, {"type": "Feature", "id": "https://registry.gdi-de.org/de.nw/radnetz/instances/Knoten_Wuppertal_121990102", "name": " (ex-nw:Knoten_Wuppertal_121990102)", "dateprops": [], "properties": {"https://registry.gdi-de.org/up3/ontology/hoehe": "300.25", "https://registry.gdi-de.org/up3/ontology/knoten-ID": "121990102", "http://rdfs.org/ns/void#inDataset.value": "33321"}, "geometry": {"type": "Point", "coordinates": [7.2351691885, 51.2251431292, 300.25]}}, {"type": "Feature", "id": "https://registry.gdi-de.org/de.nw/radnetz/instances/Knoten_Wuppertal_4404", "name": " (ex-nw:Knoten_Wuppertal_4404)", "dateprops": [], "properties": {"https://registry.gdi-de.org/up3/ontology/hoehe": "256.47", "https://registry.gdi-de.org/up3/ontology/knoten-ID": "4404", "http://rdfs.org/ns/void#inDataset.value": "33321"}, "geometry": {"type": "Point", "coordinates": [7.1310598602, 51.2735139466, 256.47]}}, {"type": "Feature", "id": "https://registry.gdi-de.org/de.nw/radnetz/instances/Knoten_Wuppertal_2360", "name": " (ex-nw:Knoten_Wuppertal_2360)", "dateprops": [], "properties": {"https://registry.gdi-de.org/up3/ontology/hoehe": "202.56", "https://registry.gdi-de.org/up3/ontology/knoten-ID": "2360", "http://rdfs.org/ns/void#inDataset.value": "33321"}, "geometry": {"type": "Point", "coordinates": [7.0617136613, 51.2244090452, 202.56]}}, {"type": "Feature", "id": "https://registry.gdi-de.org/de.nw/radnetz/instances/Knoten_Wuppertal_110191504", "name": " (ex-nw:Knoten_Wuppertal_110191504)", "dateprops": [], "properties": {"https://registry.gdi-de.org/up3/ontology/hoehe": "146.39", "https://registry.gdi-de.org/up3/ontology/knoten-ID": "110191504", "http://rdfs.org/ns/void#inDataset.value": "33321"}, "geometry": {"type": "Point", "coordinates": [7.1530043234, 51.2562388761, 146.39]}}, {"type": "Feature", "id": "https://registry.gdi-de.org/de.nw/radnetz/instances/Knoten_Wuppertal_2987", "name": " (ex-nw:Knoten_Wuppertal_2987)", "dateprops": [], "properties": {"https://registry.gdi-de.org/up3/ontology/hoehe": "136.93", "https://registry.gdi-de.org/up3/ontology/knoten-ID": "2987", "http://rdfs.org/ns/void#inDataset.value": "33321"}, "geometry": {"type": "Point", "coordinates": [7.089953447, 51.2364139932, 136.93]}}, {"type": "Feature", "id": "https://registry.gdi-de.org/de.nw/radnetz/instances/Knoten_Wuppertal_111030102", "name": " (ex-nw:Knoten_Wuppertal_111030102)", "dateprops": [], "properties": {"https://registry.gdi-de.org/up3/ontology/hoehe": "170.45", "https://registry.gdi-de.org/up3/ontology/knoten-ID": "111030102", "http://rdfs.org/ns/void#inDataset.value": "33321"}, "geometry": {"type": "Point", "coordinates": [7.203092958, 51.2773976351, 170.45]}}, {"type": "Feature", "id": "https://registry.gdi-de.org/de.nw/radnetz/instances/Knoten_Wuppertal_3813", "name": " (ex-nw:Knoten_Wuppertal_3813)", "dateprops": [], "properties": {"https://registry.gdi-de.org/up3/ontology/hoehe": "139.26", "https://registry.gdi-de.org/up3/ontology/knoten-ID": "3813", "http://rdfs.org/ns/void#inDataset.value": "33321"}, "geometry": {"type": "Point", "coordinates": [7.1206795816, 51.2489360508, 139.26]}}, {"type": "Feature", "id": "https://registry.gdi-de.org/de.nw/radnetz/instances/Knoten_Wuppertal_1189690723", "name": " (ex-nw:Knoten_Wuppertal_1189690723)", "dateprops": [], "properties": {"https://registry.gdi-de.org/up3/ontology/hoehe": "194.96", "https://registry.gdi-de.org/up3/ontology/knoten-ID": "1189690723", "http://rdfs.org/ns/void#inDataset.value": "33321"}, "geometry": {"type": "Point", "coordinates": [7.1893554887, 51.2794957214, 194.96]}}, {"type": "Feature", "id": "https://registry.gdi-de.org/de.nw/radnetz/instances/Knoten_Wuppertal_9925", "name": " (ex-nw:Knoten_Wuppertal_9925)", "dateprops": [], "properties": {"https://registry.gdi-de.org/up3/ontology/hoehe": "209.62", "https://registry.gdi-de.org/up3/ontology/knoten-ID": "9925", "http://rdfs.org/ns/void#inDataset.value": "33321"}, "geometry": {"type": "Point", "coordinates": [7.2882985602, 51.2483373322, 209.62]}}, {"type": "Feature", "id": "https://registry.gdi-de.org/de.nw/radnetz/instances/Knoten_Wuppertal_8973", "name": " (ex-nw:Knoten_Wuppertal_8973)", "dateprops": [], "properties": {"https://registry.gdi-de.org/up3/ontology/hoehe": "167.03", "https://registry.gdi-de.org/up3/ontology/knoten-ID": "8973", "http://rdfs.org/ns/void#inDataset.value": "33321"}, "geometry": {"type": "Point", "coordinates": [7.2371578018, 51.2655017349, 167.03]}}, {"type": "Feature", "id": "https://registry.gdi-de.org/de.nw/radnetz/instances/Knoten_Wuppertal_1189690602", "name": " (ex-nw:Knoten_Wuppertal_1189690602)", "dateprops": [], "properties": {"https://registry.gdi-de.org/up3/ontology/hoehe": "330.12", "https://registry.gdi-de.org/up3/ontology/knoten-ID": "1189690602", "http://rdfs.org/ns/void#inDataset.value": "33321"}, "geometry": {"type": "Point", "coordinates": [7.1513722803, 51.2253602423, 330.12]}}, {"type": "Feature", "id": "https://registry.gdi-de.org/de.nw/radnetz/instances/Knoten_Wuppertal_5129", "name": " (ex-nw:Knoten_Wuppertal_5129)", "dateprops": [], "properties": {"https://registry.gdi-de.org/up3/ontology/hoehe": "145.39", "https://registry.gdi-de.org/up3/ontology/knoten-ID": "5129", "http://rdfs.org/ns/void#inDataset.value": "33321"}, "geometry": {"type": "Point", "coordinates": [7.1458533395, 51.2587524927, 145.39]}}, {"type": "Feature", "id": "https://registry.gdi-de.org/de.nw/radnetz/instances/Knoten_Wuppertal_116440102", "name": " (ex-nw:Knoten_Wuppertal_116440102)", "dateprops": [], "properties": {"https://registry.gdi-de.org/up3/ontology/hoehe": "173.51", "https://registry.gdi-de.org/up3/ontology/knoten-ID": "116440102", "http://rdfs.org/ns/void#inDataset.value": "33321"}, "geometry": {"type": "Point", "coordinates": [7.2448087002, 51.2544682008, 173.51]}}, {"type": "Feature", "id": "https://registry.gdi-de.org/de.nw/radnetz/instances/Knoten_Wuppertal_2329", "name": " (ex-nw:Knoten_Wuppertal_2329)", "dateprops": [], "properties": {"https://registry.gdi-de.org/up3/ontology/hoehe": "209.46", "https://registry.gdi-de.org/up3/ontology/knoten-ID": "2329", "http://rdfs.org/ns/void#inDataset.value": "33321"}, "geometry": {"type": "Point", "coordinates": [7.0600576615, 51.2340446512, 209.46]}}, {"type": "Feature", "id": "https://registry.gdi-de.org/de.nw/radnetz/instances/Knoten_Wuppertal_3016", "name": " (ex-nw:Knoten_Wuppertal_3016)", "dateprops": [], "properties": {"https://registry.gdi-de.org/up3/ontology/hoehe": "214.83", "https://registry.gdi-de.org/up3/ontology/knoten-ID": "3016", "http://rdfs.org/ns/void#inDataset.value": "33321"}, "geometry": {"type": "Point", "coordinates": [7.0904653221, 51.2579873025, 214.83]}}, {"type": "Feature", "id": "https://registry.gdi-de.org/de.nw/radnetz/instances/Knoten_Wuppertal_116230101", "name": " (ex-nw:Knoten_Wuppertal_116230101)", "dateprops": [], "properties": {"https://registry.gdi-de.org/up3/ontology/hoehe": "174.54", "https://registry.gdi-de.org/up3/ontology/knoten-ID": "116230101", "http://rdfs.org/ns/void#inDataset.value": "33321"}, "geometry": {"type": "Point", "coordinates": [7.2420744472, 51.2810136916, 174.54]}}, {"type": "Feature", "id": "https://registry.gdi-de.org/de.nw/radnetz/instances/Knoten_Wuppertal_6023", "name": " (ex-nw:Knoten_Wuppertal_6023)", "dateprops": [], "properties": {"https://registry.gdi-de.org/up3/ontology/hoehe": "234.94", "https://registry.gdi-de.org/up3/ontology/knoten-ID": "6023", "http://rdfs.org/ns/void#inDataset.value": "33321"}, "geometry": {"type": "Point", "coordinates": [7.1638052647, 51.2276262937, 234.94]}}, {"type": "Feature", "id": "https://registry.gdi-de.org/de.nw/radnetz/instances/Knoten_Wuppertal_6080", "name": " (ex-nw:Knoten_Wuppertal_6080)", "dateprops": [], "properties": {"https://registry.gdi-de.org/up3/ontology/hoehe": "198.15", "https://registry.gdi-de.org/up3/ontology/knoten-ID": "6080", "http://rdfs.org/ns/void#inDataset.value": "33321"}, "geometry": {"type": "Point", "coordinates": [7.1631227723, 51.2771635797, 198.15]}}, {"type": "Feature", "id": "https://registry.gdi-de.org/de.nw/radnetz/instances/Knoten_Wuppertal_9793", "name": " (ex-nw:Knoten_Wuppertal_9793)", "dateprops": [], "properties": {"https://registry.gdi-de.org/up3/ontology/hoehe": "204.62", "https://registry.gdi-de.org/up3/ontology/knoten-ID": "9793", "http://rdfs.org/ns/void#inDataset.value": "33321"}, "geometry": {"type": "Point", "coordinates": [7.2781249063, 51.2538080854, 204.62]}}, {"type": "Feature", "id": "https://registry.gdi-de.org/de.nw/radnetz/instances/Knoten_Wuppertal_1189691360", "name": " (ex-nw:Knoten_Wuppertal_1189691360)", "dateprops": [], "properties": {"https://registry.gdi-de.org/up3/ontology/hoehe": "207.0", "https://registry.gdi-de.org/up3/ontology/knoten-ID": "1189691360", "http://rdfs.org/ns/void#inDataset.value": "33321"}, "geometry": {"type": "Point", "coordinates": [7.0507381282, 51.2868596429, 207.0]}}, {"type": "Feature", "id": "https://registry.gdi-de.org/de.nw/radnetz/instances/Knoten_Wuppertal_116210102", "name": " (ex-nw:Knoten_Wuppertal_116210102)", "dateprops": [], "properties": {"https://registry.gdi-de.org/up3/ontology/hoehe": "168.54", "https://registry.gdi-de.org/up3/ontology/knoten-ID": "116210102", "http://rdfs.org/ns/void#inDataset.value": "33321"}, "geometry": {"type": "Point", "coordinates": [7.2360909164, 51.2773016744, 168.54]}}, {"type": "Feature", "id": "https://registry.gdi-de.org/de.nw/radnetz/instances/Knoten_Wuppertal_1189690339", "name": " (ex-nw:Knoten_Wuppertal_1189690339)", "dateprops": [], "properties": {"https://registry.gdi-de.org/up3/ontology/hoehe": "145.91", "https://registry.gdi-de.org/up3/ontology/knoten-ID": "1189690339", "http://rdfs.org/ns/void#inDataset.value": "33321"}, "geometry": {"type": "Point", "coordinates": [7.1563652673, 51.2577747753, 145.91]}}, {"type": "Feature", "id": "https://registry.gdi-de.org/de.nw/radnetz/instances/Knoten_Wuppertal_6057", "name": " (ex-nw:Knoten_Wuppertal_6057)", "dateprops": [], "properties": {"https://registry.gdi-de.org/up3/ontology/hoehe": "184.35", "https://registry.gdi-de.org/up3/ontology/knoten-ID": "6057", "http://rdfs.org/ns/void#inDataset.value": "33321"}, "geometry": {"type": "Point", "coordinates": [7.1653209146, 51.2111251753, 184.35]}}, {"type": "Feature", "id": "https://registry.gdi-de.org/de.nw/radnetz/instances/Knoten_Wuppertal_2887", "name": " (ex-nw:Knoten_Wuppertal_2887)", "dateprops": [], "properties": {"https://registry.gdi-de.org/up3/ontology/hoehe": "150.68", "https://registry.gdi-de.org/up3/ontology/knoten-ID": "2887", "http://rdfs.org/ns/void#inDataset.value": "33321"}, "geometry": {"type": "Point", "coordinates": [7.0846632108, 51.2336455673, 150.68]}}, {"type": "Feature", "id": "https://registry.gdi-de.org/de.nw/radnetz/instances/Knoten_Wuppertal_3640", "name": " (ex-nw:Knoten_Wuppertal_3640)", "dateprops": [], "properties": {"https://registry.gdi-de.org/up3/ontology/hoehe": "255.34", "https://registry.gdi-de.org/up3/ontology/knoten-ID": "3640", "http://rdfs.org/ns/void#inDataset.value": "33321"}, "geometry": {"type": "Point", "coordinates": [7.1175174465, 51.2024349906, 255.34]}}, {"type": "Feature", "id": "https://registry.gdi-de.org/de.nw/radnetz/instances/Knoten_Wuppertal_5275", "name": " (ex-nw:Knoten_Wuppertal_5275)", "dateprops": [], "properties": {"https://registry.gdi-de.org/up3/ontology/hoehe": "159.85", "https://registry.gdi-de.org/up3/ontology/knoten-ID": "5275", "http://rdfs.org/ns/void#inDataset.value": "33321"}, "geometry": {"type": "Point", "coordinates": [7.1478673466, 51.2667343255, 159.85]}}, {"type": "Feature", "id": "https://registry.gdi-de.org/de.nw/radnetz/instances/Knoten_Wuppertal_112210204", "name": " (ex-nw:Knoten_Wuppertal_112210204)", "dateprops": [], "properties": {"https://registry.gdi-de.org/up3/ontology/hoehe": "146.35", "https://registry.gdi-de.org/up3/ontology/knoten-ID": "112210204", "http://rdfs.org/ns/void#inDataset.value": "33321"}, "geometry": {"type": "Point", "coordinates": [7.1521940477, 51.2588486242, 146.35]}}, {"type": "Feature", "id": "https://registry.gdi-de.org/de.nw/radnetz/instances/Knoten_Wuppertal_82080101", "name": " (ex-nw:Knoten_Wuppertal_82080101)", "dateprops": [], "properties": {"https://registry.gdi-de.org/up3/ontology/hoehe": "185.55", "https://registry.gdi-de.org/up3/ontology/knoten-ID": "82080101", "http://rdfs.org/ns/void#inDataset.value": "33321"}, "geometry": {"type": "Point", "coordinates": [7.2754875664, 51.2597933536, 185.55]}}, {"type": "Feature", "id": "https://registry.gdi-de.org/de.nw/radnetz/instances/Knoten_Wuppertal_60288", "name": " (ex-nw:Knoten_Wuppertal_60288)", "dateprops": [], "properties": {"https://registry.gdi-de.org/up3/ontology/hoehe": "196.61", "https://registry.gdi-de.org/up3/ontology/knoten-ID": "60288", "http://rdfs.org/ns/void#inDataset.value": "33321"}, "geometry": {"type": "Point", "coordinates": [7.2404693529, 51.2850822656, 196.61]}}, {"type": "Feature", "id": "https://registry.gdi-de.org/de.nw/radnetz/instances/Knoten_Wuppertal_9163", "name": " (ex-nw:Knoten_Wuppertal_9163)", "dateprops": [], "properties": {"https://registry.gdi-de.org/up3/ontology/hoehe": "247.11", "https://registry.gdi-de.org/up3/ontology/knoten-ID": "9163", "http://rdfs.org/ns/void#inDataset.value": "33321"}, "geometry": {"type": "Point", "coordinates": [7.2452086515, 51.2313453104, 247.11]}}, {"type": "Feature", "id": "https://registry.gdi-de.org/de.nw/radnetz/instances/Knoten_Wuppertal_2911", "name": " (ex-nw:Knoten_Wuppertal_2911)", "dateprops": [], "properties": {"https://registry.gdi-de.org/up3/ontology/hoehe": "198.15", "https://registry.gdi-de.org/up3/ontology/knoten-ID": "2911", "http://rdfs.org/ns/void#inDataset.value": "33321"}, "geometry": {"type": "Point", "coordinates": [7.0852445044, 51.2564898175, 198.15]}}, {"type": "Feature", "id": "https://registry.gdi-de.org/de.nw/radnetz/instances/Knoten_Wuppertal_116300101", "name": " (ex-nw:Knoten_Wuppertal_116300101)", "dateprops": [], "properties": {"https://registry.gdi-de.org/up3/ontology/hoehe": "172.28", "https://registry.gdi-de.org/up3/ontology/knoten-ID": "116300101", "http://rdfs.org/ns/void#inDataset.value": "33321"}, "geometry": {"type": "Point", "coordinates": [7.2284877405, 51.2733815683, 172.28]}}, {"type": "Feature", "id": "https://registry.gdi-de.org/de.nw/radnetz/instances/Knoten_Wuppertal_2524", "name": " (ex-nw:Knoten_Wuppertal_2524)", "dateprops": [], "properties": {"https://registry.gdi-de.org/up3/ontology/hoehe": "207.69", "https://registry.gdi-de.org/up3/ontology/knoten-ID": "2524", "http://rdfs.org/ns/void#inDataset.value": "33321"}, "geometry": {"type": "Point", "coordinates": [7.0687786509, 51.2077750126, 207.69]}}, {"type": "Feature", "id": "https://registry.gdi-de.org/de.nw/radnetz/instances/Knoten_Wuppertal_112090101", "name": " (ex-nw:Knoten_Wuppertal_112090101)", "dateprops": [], "properties": {"https://registry.gdi-de.org/up3/ontology/hoehe": "203.79", "https://registry.gdi-de.org/up3/ontology/knoten-ID": "112090101", "http://rdfs.org/ns/void#inDataset.value": "33321"}, "geometry": {"type": "Point", "coordinates": [7.1685022625, 51.2803173631, 203.79]}}, {"type": "Feature", "id": "https://registry.gdi-de.org/de.nw/radnetz/instances/Knoten_Wuppertal_4450", "name": " (ex-nw:Knoten_Wuppertal_4450)", "dateprops": [], "properties": {"https://registry.gdi-de.org/up3/ontology/hoehe": "294.4", "https://registry.gdi-de.org/up3/ontology/knoten-ID": "4450", "http://rdfs.org/ns/void#inDataset.value": "33321"}, "geometry": {"type": "Point", "coordinates": [7.131740049, 51.2798571175, 294.4]}}, {"type": "Feature", "id": "https://registry.gdi-de.org/de.nw/radnetz/instances/Knoten_Wuppertal_9370", "name": " (ex-nw:Knoten_Wuppertal_9370)", "dateprops": [], "properties": {"https://registry.gdi-de.org/up3/ontology/hoehe": "311.2", "https://registry.gdi-de.org/up3/ontology/knoten-ID": "9370", "http://rdfs.org/ns/void#inDataset.value": "33321"}, "geometry": {"type": "Point", "coordinates": [7.2504599713, 51.3095377747, 311.2]}}, {"type": "Feature", "id": "https://registry.gdi-de.org/de.nw/radnetz/instances/Knoten_Wuppertal_113970101", "name": " (ex-nw:Knoten_Wuppertal_113970101)", "dateprops": [], "properties": {"https://registry.gdi-de.org/up3/ontology/hoehe": "199.1", "https://registry.gdi-de.org/up3/ontology/knoten-ID": "113970101", "http://rdfs.org/ns/void#inDataset.value": "33321"}, "geometry": {"type": "Point", "coordinates": [7.0610963516, 51.2323829466, 199.1]}}, {"type": "Feature", "id": "https://registry.gdi-de.org/de.nw/radnetz/instances/Knoten_Wuppertal_3161", "name": " (ex-nw:Knoten_Wuppertal_3161)", "dateprops": [], "properties": {"https://registry.gdi-de.org/up3/ontology/hoehe": "136.03", "https://registry.gdi-de.org/up3/ontology/knoten-ID": "3161", "http://rdfs.org/ns/void#inDataset.value": "33321"}, "geometry": {"type": "Point", "coordinates": [7.0977772699, 51.2372083965, 136.03]}}, {"type": "Feature", "id": "https://registry.gdi-de.org/de.nw/radnetz/instances/Knoten_Wuppertal_112310103", "name": " (ex-nw:Knoten_Wuppertal_112310103)", "dateprops": [], "properties": {"https://registry.gdi-de.org/up3/ontology/hoehe": "186.89", "https://registry.gdi-de.org/up3/ontology/knoten-ID": "112310103", "http://rdfs.org/ns/void#inDataset.value": "33321"}, "geometry": {"type": "Point", "coordinates": [7.1571093655, 51.2516611238, 186.89]}}, {"type": "Feature", "id": "https://registry.gdi-de.org/de.nw/radnetz/instances/Knoten_Wuppertal_4256", "name": " (ex-nw:Knoten_Wuppertal_4256)", "dateprops": [], "properties": {"https://registry.gdi-de.org/up3/ontology/hoehe": "267.53", "https://registry.gdi-de.org/up3/ontology/knoten-ID": "4256", "http://rdfs.org/ns/void#inDataset.value": "33321"}, "geometry": {"type": "Point", "coordinates": [7.1315215766, 51.2007784271, 267.53]}}, {"type": "Feature", "id": "https://registry.gdi-de.org/de.nw/radnetz/instances/Knoten_Wuppertal_4288", "name": " (ex-nw:Knoten_Wuppertal_4288)", "dateprops": [], "properties": {"https://registry.gdi-de.org/up3/ontology/hoehe": "286.29", "https://registry.gdi-de.org/up3/ontology/knoten-ID": "4288", "http://rdfs.org/ns/void#inDataset.value": "33321"}, "geometry": {"type": "Point", "coordinates": [7.1290984526, 51.2769428487, 286.29]}}, {"type": "Feature", "id": "https://registry.gdi-de.org/de.nw/radnetz/instances/Knoten_Wuppertal_119580101", "name": " (ex-nw:Knoten_Wuppertal_119580101)", "dateprops": [], "properties": {"https://registry.gdi-de.org/up3/ontology/hoehe": "206.14", "https://registry.gdi-de.org/up3/ontology/knoten-ID": "119580101", "http://rdfs.org/ns/void#inDataset.value": "33321"}, "geometry": {"type": "Point", "coordinates": [7.055167394, 51.2339611437, 206.14]}}, {"type": "Feature", "id": "https://registry.gdi-de.org/de.nw/radnetz/instances/Knoten_Wuppertal_5292", "name": " (ex-nw:Knoten_Wuppertal_5292)", "dateprops": [], "properties": {"https://registry.gdi-de.org/up3/ontology/hoehe": "147.52", "https://registry.gdi-de.org/up3/ontology/knoten-ID": "5292", "http://rdfs.org/ns/void#inDataset.value": "33321"}, "geometry": {"type": "Point", "coordinates": [7.1485745326, 51.2555279468, 147.52]}}, {"type": "Feature", "id": "https://registry.gdi-de.org/de.nw/radnetz/instances/Knoten_Wuppertal_5584", "name": " (ex-nw:Knoten_Wuppertal_5584)", "dateprops": [], "properties": {"https://registry.gdi-de.org/up3/ontology/hoehe": "145.88", "https://registry.gdi-de.org/up3/ontology/knoten-ID": "5584", "http://rdfs.org/ns/void#inDataset.value": "33321"}, "geometry": {"type": "Point", "coordinates": [7.1537549116, 51.2562211081, 145.88]}}, {"type": "Feature", "id": "https://registry.gdi-de.org/de.nw/radnetz/instances/Knoten_Wuppertal_117250102", "name": " (ex-nw:Knoten_Wuppertal_117250102)", "dateprops": [], "properties": {"https://registry.gdi-de.org/up3/ontology/hoehe": "165.2", "https://registry.gdi-de.org/up3/ontology/knoten-ID": "117250102", "http://rdfs.org/ns/void#inDataset.value": "33321"}, "geometry": {"type": "Point", "coordinates": [7.0710704013, 51.2737774732, 165.2]}}, {"type": "Feature", "id": "https://registry.gdi-de.org/de.nw/radnetz/instances/Knoten_Wuppertal_113060204", "name": " (ex-nw:Knoten_Wuppertal_113060204)", "dateprops": [], "properties": {"https://registry.gdi-de.org/up3/ontology/hoehe": "137.42", "https://registry.gdi-de.org/up3/ontology/knoten-ID": "113060204", "http://rdfs.org/ns/void#inDataset.value": "33321"}, "geometry": {"type": "Point", "coordinates": [7.1026754567, 51.2379447423, 137.42]}}, {"type": "Feature", "id": "https://registry.gdi-de.org/de.nw/radnetz/instances/Knoten_Wuppertal_117230102", "name": " (ex-nw:Knoten_Wuppertal_117230102)", "dateprops": [], "properties": {"https://registry.gdi-de.org/up3/ontology/hoehe": "218.37", "https://registry.gdi-de.org/up3/ontology/knoten-ID": "117230102", "http://rdfs.org/ns/void#inDataset.value": "33321"}, "geometry": {"type": "Point", "coordinates": [7.0727454142, 51.2613605506, 218.37]}}, {"type": "Feature", "id": "https://registry.gdi-de.org/de.nw/radnetz/instances/Knoten_Wuppertal_99999914", "name": " (ex-nw:Knoten_Wuppertal_99999914)", "dateprops": [], "properties": {"https://registry.gdi-de.org/up3/ontology/hoehe": "182.2", "https://registry.gdi-de.org/up3/ontology/knoten-ID": "99999914", "http://rdfs.org/ns/void#inDataset.value": "33321"}, "geometry": {"type": "Point", "coordinates": [7.1960252855, 51.2734527994, 182.2]}}, {"type": "Feature", "id": "https://registry.gdi-de.org/de.nw/radnetz/instances/Knoten_Wuppertal_9547", "name": " (ex-nw:Knoten_Wuppertal_9547)", "dateprops": [], "properties": {"https://registry.gdi-de.org/up3/ontology/hoehe": "286.88", "https://registry.gdi-de.org/up3/ontology/knoten-ID": "9547", "http://rdfs.org/ns/void#inDataset.value": "33321"}, "geometry": {"type": "Point", "coordinates": [7.2616595442, 51.2330919297, 286.88]}}, {"type": "Feature", "id": "https://registry.gdi-de.org/de.nw/radnetz/instances/Knoten_Wuppertal_1189691279", "name": " (ex-nw:Knoten_Wuppertal_1189691279)", "dateprops": [], "properties": {"https://registry.gdi-de.org/up3/ontology/hoehe": "119.56", "https://registry.gdi-de.org/up3/ontology/knoten-ID": "1189691279", "http://rdfs.org/ns/void#inDataset.value": "33321"}, "geometry": {"type": "Point", "coordinates": [7.1324626895, 51.1704475678, 119.56]}}, {"type": "Feature", "id": "https://registry.gdi-de.org/de.nw/radnetz/instances/Knoten_Wuppertal_117200102", "name": " (ex-nw:Knoten_Wuppertal_117200102)", "dateprops": [], "properties": {"https://registry.gdi-de.org/up3/ontology/hoehe": "179.77", "https://registry.gdi-de.org/up3/ontology/knoten-ID": "117200102", "http://rdfs.org/ns/void#inDataset.value": "33321"}, "geometry": {"type": "Point", "coordinates": [7.0599754248, 51.2537789893, 179.77]}}, {"type": "Feature", "id": "https://registry.gdi-de.org/de.nw/radnetz/instances/Knoten_Wuppertal_111030101", "name": " (ex-nw:Knoten_Wuppertal_111030101)", "dateprops": [], "properties": {"https://registry.gdi-de.org/up3/ontology/hoehe": "172.76", "https://registry.gdi-de.org/up3/ontology/knoten-ID": "111030101", "http://rdfs.org/ns/void#inDataset.value": "33321"}, "geometry": {"type": "Point", "coordinates": [7.203507083, 51.2781587748, 172.76]}}, {"type": "Feature", "id": "https://registry.gdi-de.org/de.nw/radnetz/instances/Knoten_Wuppertal_3239", "name": " (ex-nw:Knoten_Wuppertal_3239)", "dateprops": [], "properties": {"https://registry.gdi-de.org/up3/ontology/hoehe": "212.23", "https://registry.gdi-de.org/up3/ontology/knoten-ID": "3239", "http://rdfs.org/ns/void#inDataset.value": "33321"}, "geometry": {"type": "Point", "coordinates": [7.0994506161, 51.2934901502, 212.23]}}, {"type": "Feature", "id": "https://registry.gdi-de.org/de.nw/radnetz/instances/Knoten_Wuppertal_5159", "name": " (ex-nw:Knoten_Wuppertal_5159)", "dateprops": [], "properties": {"https://registry.gdi-de.org/up3/ontology/hoehe": "142.89", "https://registry.gdi-de.org/up3/ontology/knoten-ID": "5159", "http://rdfs.org/ns/void#inDataset.value": "33321"}, "geometry": {"type": "Point", "coordinates": [7.146373373, 51.2563149467, 142.89]}}, {"type": "Feature", "id": "https://registry.gdi-de.org/de.nw/radnetz/instances/Knoten_Wuppertal_111040103", "name": " (ex-nw:Knoten_Wuppertal_111040103)", "dateprops": [], "properties": {"https://registry.gdi-de.org/up3/ontology/hoehe": "185.43", "https://registry.gdi-de.org/up3/ontology/knoten-ID": "111040103", "http://rdfs.org/ns/void#inDataset.value": "33321"}, "geometry": {"type": "Point", "coordinates": [7.2060106223, 51.2801442532, 185.43]}}, {"type": "Feature", "id": "https://registry.gdi-de.org/de.nw/radnetz/instances/Knoten_Wuppertal_112210203", "name": " (ex-nw:Knoten_Wuppertal_112210203)", "dateprops": [], "properties": {"https://registry.gdi-de.org/up3/ontology/hoehe": "145.65", "https://registry.gdi-de.org/up3/ontology/knoten-ID": "112210203", "http://rdfs.org/ns/void#inDataset.value": "33321"}, "geometry": {"type": "Point", "coordinates": [7.1544472973, 51.2580770375, 145.65]}}, {"type": "Feature", "id": "https://registry.gdi-de.org/de.nw/radnetz/instances/Knoten_Wuppertal_116480101", "name": " (ex-nw:Knoten_Wuppertal_116480101)", "dateprops": [], "properties": {"https://registry.gdi-de.org/up3/ontology/hoehe": "180.65", "https://registry.gdi-de.org/up3/ontology/knoten-ID": "116480101", "http://rdfs.org/ns/void#inDataset.value": "33321"}, "geometry": {"type": "Point", "coordinates": [7.2689644712, 51.2540717619, 180.65]}}, {"type": "Feature", "id": "https://registry.gdi-de.org/de.nw/radnetz/instances/Knoten_Wuppertal_110680101", "name": " (ex-nw:Knoten_Wuppertal_110680101)", "dateprops": [], "properties": {"https://registry.gdi-de.org/up3/ontology/hoehe": "155.82", "https://registry.gdi-de.org/up3/ontology/knoten-ID": "110680101", "http://rdfs.org/ns/void#inDataset.value": "33321"}, "geometry": {"type": "Point", "coordinates": [7.1042320948, 51.252708726, 155.82]}}, {"type": "Feature", "id": "https://registry.gdi-de.org/de.nw/radnetz/instances/Knoten_Wuppertal_4560", "name": " (ex-nw:Knoten_Wuppertal_4560)", "dateprops": [], "properties": {"https://registry.gdi-de.org/up3/ontology/hoehe": "142.76", "https://registry.gdi-de.org/up3/ontology/knoten-ID": "4560", "http://rdfs.org/ns/void#inDataset.value": "33321"}, "geometry": {"type": "Point", "coordinates": [7.1350844605, 51.255366998, 142.76]}}, {"type": "Feature", "id": "https://registry.gdi-de.org/de.nw/radnetz/instances/Knoten_Wuppertal_2301", "name": " (ex-nw:Knoten_Wuppertal_2301)", "dateprops": [], "properties": {"https://registry.gdi-de.org/up3/ontology/hoehe": "235.27", "https://registry.gdi-de.org/up3/ontology/knoten-ID": "2301", "http://rdfs.org/ns/void#inDataset.value": "33321"}, "geometry": {"type": "Point", "coordinates": [7.0593628424, 51.2177771328, 235.27]}}, {"type": "Feature", "id": "https://registry.gdi-de.org/de.nw/radnetz/instances/Knoten_Wuppertal_112170101", "name": " (ex-nw:Knoten_Wuppertal_112170101)", "dateprops": [], "properties": {"https://registry.gdi-de.org/up3/ontology/hoehe": "197.57", "https://registry.gdi-de.org/up3/ontology/knoten-ID": "112170101", "http://rdfs.org/ns/void#inDataset.value": "33321"}, "geometry": {"type": "Point", "coordinates": [7.162572337, 51.278130267, 197.57]}}, {"type": "Feature", "id": "https://registry.gdi-de.org/de.nw/radnetz/instances/Knoten_Wuppertal_6953", "name": " (ex-nw:Knoten_Wuppertal_6953)", "dateprops": [], "properties": {"https://registry.gdi-de.org/up3/ontology/hoehe": "305.95", "https://registry.gdi-de.org/up3/ontology/knoten-ID": "6953", "http://rdfs.org/ns/void#inDataset.value": "33321"}, "geometry": {"type": "Point", "coordinates": [7.1915990427, 51.2207691524, 305.95]}}, {"type": "Feature", "id": "https://registry.gdi-de.org/de.nw/radnetz/instances/Knoten_Wuppertal_1189690174", "name": " (ex-nw:Knoten_Wuppertal_1189690174)", "dateprops": [], "properties": {"https://registry.gdi-de.org/up3/ontology/hoehe": "335.0", "https://registry.gdi-de.org/up3/ontology/knoten-ID": "1189690174", "http://rdfs.org/ns/void#inDataset.value": "33321"}, "geometry": {"type": "Point", "coordinates": [7.2536350857, 51.1895275527, 335.0]}}, {"type": "Feature", "id": "https://registry.gdi-de.org/de.nw/radnetz/instances/Knoten_Wuppertal_1189691242", "name": " (ex-nw:Knoten_Wuppertal_1189691242)", "dateprops": [], "properties": {"https://registry.gdi-de.org/up3/ontology/hoehe": "131.54", "https://registry.gdi-de.org/up3/ontology/knoten-ID": "1189691242", "http://rdfs.org/ns/void#inDataset.value": "33321"}, "geometry": {"type": "Point", "coordinates": [7.1057470294, 51.2153404859, 131.54]}}, {"type": "Feature", "id": "https://registry.gdi-de.org/de.nw/radnetz/instances/Knoten_Wuppertal_5631", "name": " (ex-nw:Knoten_Wuppertal_5631)", "dateprops": [], "properties": {"https://registry.gdi-de.org/up3/ontology/hoehe": "178.12", "https://registry.gdi-de.org/up3/ontology/knoten-ID": "5631", "http://rdfs.org/ns/void#inDataset.value": "33321"}, "geometry": {"type": "Point", "coordinates": [7.1549499283, 51.2511211844, 178.12]}}, {"type": "Feature", "id": "https://registry.gdi-de.org/de.nw/radnetz/instances/Knoten_Wuppertal_114060102", "name": " (ex-nw:Knoten_Wuppertal_114060102)", "dateprops": [], "properties": {"https://registry.gdi-de.org/up3/ontology/hoehe": "326.03", "https://registry.gdi-de.org/up3/ontology/knoten-ID": "114060102", "http://rdfs.org/ns/void#inDataset.value": "33321"}, "geometry": {"type": "Point", "coordinates": [7.1521343026, 51.2213776272, 326.03]}}, {"type": "Feature", "id": "https://registry.gdi-de.org/de.nw/radnetz/instances/Knoten_Wuppertal_114080203", "name": " (ex-nw:Knoten_Wuppertal_114080203)", "dateprops": [], "properties": {"https://registry.gdi-de.org/up3/ontology/hoehe": "333.9", "https://registry.gdi-de.org/up3/ontology/knoten-ID": "114080203", "http://rdfs.org/ns/void#inDataset.value": "33321"}, "geometry": {"type": "Point", "coordinates": [7.1503769798, 51.2281360771, 333.9]}}, {"type": "Feature", "id": "https://registry.gdi-de.org/de.nw/radnetz/instances/Knoten_Wuppertal_3354", "name": " (ex-nw:Knoten_Wuppertal_3354)", "dateprops": [], "properties": {"https://registry.gdi-de.org/up3/ontology/hoehe": "136.89", "https://registry.gdi-de.org/up3/ontology/knoten-ID": "3354", "http://rdfs.org/ns/void#inDataset.value": "33321"}, "geometry": {"type": "Point", "coordinates": [7.106209754, 51.2462747276, 136.89]}}, {"type": "Feature", "id": "https://registry.gdi-de.org/de.nw/radnetz/instances/Knoten_Wuppertal_116220102", "name": " (ex-nw:Knoten_Wuppertal_116220102)", "dateprops": [], "properties": {"https://registry.gdi-de.org/up3/ontology/hoehe": "171.51", "https://registry.gdi-de.org/up3/ontology/knoten-ID": "116220102", "http://rdfs.org/ns/void#inDataset.value": "33321"}, "geometry": {"type": "Point", "coordinates": [7.2374386456, 51.2786021213, 171.51]}}, {"type": "Feature", "id": "https://registry.gdi-de.org/de.nw/radnetz/instances/Knoten_Wuppertal_9751", "name": " (ex-nw:Knoten_Wuppertal_9751)", "dateprops": [], "properties": {"https://registry.gdi-de.org/up3/ontology/hoehe": "198.21", "https://registry.gdi-de.org/up3/ontology/knoten-ID": "9751", "http://rdfs.org/ns/void#inDataset.value": "33321"}, "geometry": {"type": "Point", "coordinates": [7.275086245, 51.2575316116, 198.21]}}, {"type": "Feature", "id": "https://registry.gdi-de.org/de.nw/radnetz/instances/Knoten_Wuppertal_10025", "name": " (ex-nw:Knoten_Wuppertal_10025)", "dateprops": [], "properties": {"https://registry.gdi-de.org/up3/ontology/hoehe": "200.58", "https://registry.gdi-de.org/up3/ontology/knoten-ID": "10025", "http://rdfs.org/ns/void#inDataset.value": "33321"}, "geometry": {"type": "Point", "coordinates": [7.2964255167, 51.2484902522, 200.58]}}, {"type": "Feature", "id": "https://registry.gdi-de.org/de.nw/radnetz/instances/Knoten_Wuppertal_2382", "name": " (ex-nw:Knoten_Wuppertal_2382)", "dateprops": [], "properties": {"https://registry.gdi-de.org/up3/ontology/hoehe": "201.86", "https://registry.gdi-de.org/up3/ontology/knoten-ID": "2382", "http://rdfs.org/ns/void#inDataset.value": "33321"}, "geometry": {"type": "Point", "coordinates": [7.0629259816, 51.2248794843, 201.86]}}, {"type": "Feature", "id": "https://registry.gdi-de.org/de.nw/radnetz/instances/Knoten_Wuppertal_5256", "name": " (ex-nw:Knoten_Wuppertal_5256)", "dateprops": [], "properties": {"https://registry.gdi-de.org/up3/ontology/hoehe": "149.22", "https://registry.gdi-de.org/up3/ontology/knoten-ID": "5256", "http://rdfs.org/ns/void#inDataset.value": "33321"}, "geometry": {"type": "Point", "coordinates": [7.1477132063, 51.2623158199, 149.22]}}, {"type": "Feature", "id": "https://registry.gdi-de.org/de.nw/radnetz/instances/Knoten_Wuppertal_60229", "name": " (ex-nw:Knoten_Wuppertal_60229)", "dateprops": [], "properties": {"https://registry.gdi-de.org/up3/ontology/hoehe": "177.1", "https://registry.gdi-de.org/up3/ontology/knoten-ID": "60229", "http://rdfs.org/ns/void#inDataset.value": "33321"}, "geometry": {"type": "Point", "coordinates": [7.1140213827, 51.2610946722, 177.1]}}, {"type": "Feature", "id": "https://registry.gdi-de.org/de.nw/radnetz/instances/Knoten_Wuppertal_5371", "name": " (ex-nw:Knoten_Wuppertal_5371)", "dateprops": [], "properties": {"https://registry.gdi-de.org/up3/ontology/hoehe": "331.07", "https://registry.gdi-de.org/up3/ontology/knoten-ID": "5371", "http://rdfs.org/ns/void#inDataset.value": "33321"}, "geometry": {"type": "Point", "coordinates": [7.1509618114, 51.2264228267, 331.07]}}, {"type": "Feature", "id": "https://registry.gdi-de.org/de.nw/radnetz/instances/Knoten_Wuppertal_4406", "name": " (ex-nw:Knoten_Wuppertal_4406)", "dateprops": [], "properties": {"https://registry.gdi-de.org/up3/ontology/hoehe": "292.72", "https://registry.gdi-de.org/up3/ontology/knoten-ID": "4406", "http://rdfs.org/ns/void#inDataset.value": "33321"}, "geometry": {"type": "Point", "coordinates": [7.1338958774, 51.2052306047, 292.72]}}, {"type": "Feature", "id": "https://registry.gdi-de.org/de.nw/radnetz/instances/Knoten_Wuppertal_122700101", "name": " (ex-nw:Knoten_Wuppertal_122700101)", "dateprops": [], "properties": {"https://registry.gdi-de.org/up3/ontology/hoehe": "232.5", "https://registry.gdi-de.org/up3/ontology/knoten-ID": "122700101", "http://rdfs.org/ns/void#inDataset.value": "33321"}, "geometry": {"type": "Point", "coordinates": [7.3190549612, 51.2214386511, 232.5]}}, {"type": "Feature", "id": "https://registry.gdi-de.org/de.nw/radnetz/instances/Knoten_Wuppertal_8706", "name": " (ex-nw:Knoten_Wuppertal_8706)", "dateprops": [], "properties": {"https://registry.gdi-de.org/up3/ontology/hoehe": "170.84", "https://registry.gdi-de.org/up3/ontology/knoten-ID": "8706", "http://rdfs.org/ns/void#inDataset.value": "33321"}, "geometry": {"type": "Point", "coordinates": [7.2281060929, 51.2735320081, 170.84]}}, {"type": "Feature", "id": "https://registry.gdi-de.org/de.nw/radnetz/instances/Knoten_Wuppertal_9111", "name": " (ex-nw:Knoten_Wuppertal_9111)", "dateprops": [], "properties": {"https://registry.gdi-de.org/up3/ontology/hoehe": "243.8", "https://registry.gdi-de.org/up3/ontology/knoten-ID": "9111", "http://rdfs.org/ns/void#inDataset.value": "33321"}, "geometry": {"type": "Point", "coordinates": [7.2404656207, 51.3027610286, 243.8]}}, {"type": "Feature", "id": "https://registry.gdi-de.org/de.nw/radnetz/instances/Knoten_Wuppertal_115560101", "name": " (ex-nw:Knoten_Wuppertal_115560101)", "dateprops": [], "properties": {"https://registry.gdi-de.org/up3/ontology/hoehe": "301.75", "https://registry.gdi-de.org/up3/ontology/knoten-ID": "115560101", "http://rdfs.org/ns/void#inDataset.value": "33321"}, "geometry": {"type": "Point", "coordinates": [7.2359675766, 51.2349133467, 301.75]}}, {"type": "Feature", "id": "https://registry.gdi-de.org/de.nw/radnetz/instances/Knoten_Wuppertal_3157", "name": " (ex-nw:Knoten_Wuppertal_3157)", "dateprops": [], "properties": {"https://registry.gdi-de.org/up3/ontology/hoehe": "136.7", "https://registry.gdi-de.org/up3/ontology/knoten-ID": "3157", "http://rdfs.org/ns/void#inDataset.value": "33321"}, "geometry": {"type": "Point", "coordinates": [7.0975331396, 51.2367211751, 136.7]}}, {"type": "Feature", "id": "https://registry.gdi-de.org/de.nw/radnetz/instances/Knoten_Wuppertal_9259", "name": " (ex-nw:Knoten_Wuppertal_9259)", "dateprops": [], "properties": {"https://registry.gdi-de.org/up3/ontology/hoehe": "201.49", "https://registry.gdi-de.org/up3/ontology/knoten-ID": "9259", "http://rdfs.org/ns/void#inDataset.value": "33321"}, "geometry": {"type": "Point", "coordinates": [7.2472199038, 51.2753995075, 201.49]}}, {"type": "Feature", "id": "https://registry.gdi-de.org/de.nw/radnetz/instances/Knoten_Wuppertal_6359", "name": " (ex-nw:Knoten_Wuppertal_6359)", "dateprops": [], "properties": {"https://registry.gdi-de.org/up3/ontology/hoehe": "150.4", "https://registry.gdi-de.org/up3/ontology/knoten-ID": "6359", "http://rdfs.org/ns/void#inDataset.value": "33321"}, "geometry": {"type": "Point", "coordinates": [7.1723698691, 51.2629281206, 150.4]}}, {"type": "Feature", "id": "https://registry.gdi-de.org/de.nw/radnetz/instances/Knoten_Wuppertal_2633", "name": " (ex-nw:Knoten_Wuppertal_2633)", "dateprops": [], "properties": {"https://registry.gdi-de.org/up3/ontology/hoehe": "193.61", "https://registry.gdi-de.org/up3/ontology/knoten-ID": "2633", "http://rdfs.org/ns/void#inDataset.value": "33321"}, "geometry": {"type": "Point", "coordinates": [7.0723284746, 51.2275839794, 193.61]}}, {"type": "Feature", "id": "https://registry.gdi-de.org/de.nw/radnetz/instances/Knoten_Wuppertal_3538", "name": " (ex-nw:Knoten_Wuppertal_3538)", "dateprops": [], "properties": {"https://registry.gdi-de.org/up3/ontology/hoehe": "204.34", "https://registry.gdi-de.org/up3/ontology/knoten-ID": "3538", "http://rdfs.org/ns/void#inDataset.value": "33321"}, "geometry": {"type": "Point", "coordinates": [7.1117590374, 51.2623801813, 204.34]}}, {"type": "Feature", "id": "https://registry.gdi-de.org/de.nw/radnetz/instances/Knoten_Wuppertal_8118", "name": " (ex-nw:Knoten_Wuppertal_8118)", "dateprops": [], "properties": {"https://registry.gdi-de.org/up3/ontology/hoehe": "157.6", "https://registry.gdi-de.org/up3/ontology/knoten-ID": "8118", "http://rdfs.org/ns/void#inDataset.value": "33321"}, "geometry": {"type": "Point", "coordinates": [7.2123055816, 51.2743169627, 157.6]}}, {"type": "Feature", "id": "https://registry.gdi-de.org/de.nw/radnetz/instances/Knoten_Wuppertal_4233", "name": " (ex-nw:Knoten_Wuppertal_4233)", "dateprops": [], "properties": {"https://registry.gdi-de.org/up3/ontology/hoehe": "261.83", "https://registry.gdi-de.org/up3/ontology/knoten-ID": "4233", "http://rdfs.org/ns/void#inDataset.value": "33321"}, "geometry": {"type": "Point", "coordinates": [7.1313153766, 51.1987848522, 261.83]}}, {"type": "Feature", "id": "https://registry.gdi-de.org/de.nw/radnetz/instances/Knoten_Wuppertal_7382", "name": " (ex-nw:Knoten_Wuppertal_7382)", "dateprops": [], "properties": {"https://registry.gdi-de.org/up3/ontology/hoehe": "267.44", "https://registry.gdi-de.org/up3/ontology/knoten-ID": "7382", "http://rdfs.org/ns/void#inDataset.value": "33321"}, "geometry": {"type": "Point", "coordinates": [7.198810984, 51.2233084302, 267.44]}}, {"type": "Feature", "id": "https://registry.gdi-de.org/de.nw/radnetz/instances/Knoten_Wuppertal_4003", "name": " (ex-nw:Knoten_Wuppertal_4003)", "dateprops": [], "properties": {"https://registry.gdi-de.org/up3/ontology/hoehe": "254.98", "https://registry.gdi-de.org/up3/ontology/knoten-ID": "4003", "http://rdfs.org/ns/void#inDataset.value": "33321"}, "geometry": {"type": "Point", "coordinates": [7.1240880308, 51.2785502907, 254.98]}}, {"type": "Feature", "id": "https://registry.gdi-de.org/de.nw/radnetz/instances/Knoten_Wuppertal_5176", "name": " (ex-nw:Knoten_Wuppertal_5176)", "dateprops": [], "properties": {"https://registry.gdi-de.org/up3/ontology/hoehe": "323.16", "https://registry.gdi-de.org/up3/ontology/knoten-ID": "5176", "http://rdfs.org/ns/void#inDataset.value": "33321"}, "geometry": {"type": "Point", "coordinates": [7.1477949631, 51.2262113319, 323.16]}}, {"type": "Feature", "id": "https://registry.gdi-de.org/de.nw/radnetz/instances/Knoten_Wuppertal_1189691381", "name": " (ex-nw:Knoten_Wuppertal_1189691381)", "dateprops": [], "properties": {"https://registry.gdi-de.org/up3/ontology/hoehe": "184.61", "https://registry.gdi-de.org/up3/ontology/knoten-ID": "1189691381", "http://rdfs.org/ns/void#inDataset.value": "33321"}, "geometry": {"type": "Point", "coordinates": [7.2067981923, 51.278515401, 184.61]}}, {"type": "Feature", "id": "https://registry.gdi-de.org/de.nw/radnetz/instances/Knoten_Wuppertal_3915", "name": " (ex-nw:Knoten_Wuppertal_3915)", "dateprops": [], "properties": {"https://registry.gdi-de.org/up3/ontology/hoehe": "233.32", "https://registry.gdi-de.org/up3/ontology/knoten-ID": "3915", "http://rdfs.org/ns/void#inDataset.value": "33321"}, "geometry": {"type": "Point", "coordinates": [7.1220850153, 51.2754029376, 233.32]}}, {"type": "Feature", "id": "https://registry.gdi-de.org/de.nw/radnetz/instances/Knoten_Wuppertal_118350101", "name": " (ex-nw:Knoten_Wuppertal_118350101)", "dateprops": [], "properties": {"https://registry.gdi-de.org/up3/ontology/hoehe": "251.25", "https://registry.gdi-de.org/up3/ontology/knoten-ID": "118350101", "http://rdfs.org/ns/void#inDataset.value": "33321"}, "geometry": {"type": "Point", "coordinates": [7.1103933635, 51.2867063925, 251.25]}}, {"type": "Feature", "id": "https://registry.gdi-de.org/de.nw/radnetz/instances/Knoten_Wuppertal_9704", "name": " (ex-nw:Knoten_Wuppertal_9704)", "dateprops": [], "properties": {"https://registry.gdi-de.org/up3/ontology/hoehe": "218.52", "https://registry.gdi-de.org/up3/ontology/knoten-ID": "9704", "http://rdfs.org/ns/void#inDataset.value": "33321"}, "geometry": {"type": "Point", "coordinates": [7.2696237668, 51.2783072032, 218.52]}}, {"type": "Feature", "id": "https://registry.gdi-de.org/de.nw/radnetz/instances/Knoten_Wuppertal_1189691288", "name": " (ex-nw:Knoten_Wuppertal_1189691288)", "dateprops": [], "properties": {"https://registry.gdi-de.org/up3/ontology/hoehe": "115.23", "https://registry.gdi-de.org/up3/ontology/knoten-ID": "1189691288", "http://rdfs.org/ns/void#inDataset.value": "33321"}, "geometry": {"type": "Point", "coordinates": [7.1069495085, 51.1957331651, 115.23]}}, {"type": "Feature", "id": "https://registry.gdi-de.org/de.nw/radnetz/instances/Knoten_Wuppertal_114010101", "name": " (ex-nw:Knoten_Wuppertal_114010101)", "dateprops": [], "properties": {"https://registry.gdi-de.org/up3/ontology/hoehe": "301.44", "https://registry.gdi-de.org/up3/ontology/knoten-ID": "114010101", "http://rdfs.org/ns/void#inDataset.value": "33321"}, "geometry": {"type": "Point", "coordinates": [7.1345022733, 51.207673567, 301.44]}}, {"type": "Feature", "id": "https://registry.gdi-de.org/de.nw/radnetz/instances/Knoten_Wuppertal_4699", "name": " (ex-nw:Knoten_Wuppertal_4699)", "dateprops": [], "properties": {"https://registry.gdi-de.org/up3/ontology/hoehe": "298.28", "https://registry.gdi-de.org/up3/ontology/knoten-ID": "4699", "http://rdfs.org/ns/void#inDataset.value": "33321"}, "geometry": {"type": "Point", "coordinates": [7.1403336433, 51.2111379673, 298.28]}}, {"type": "Feature", "id": "https://registry.gdi-de.org/de.nw/radnetz/instances/Knoten_Wuppertal_115540101", "name": " (ex-nw:Knoten_Wuppertal_115540101)", "dateprops": [], "properties": {"https://registry.gdi-de.org/up3/ontology/hoehe": "288.37", "https://registry.gdi-de.org/up3/ontology/knoten-ID": "115540101", "http://rdfs.org/ns/void#inDataset.value": "33321"}, "geometry": {"type": "Point", "coordinates": [7.2328373141, 51.241006637, 288.37]}}, {"type": "Feature", "id": "https://registry.gdi-de.org/de.nw/radnetz/instances/Knoten_Wuppertal_112320102", "name": " (ex-nw:Knoten_Wuppertal_112320102)", "dateprops": [], "properties": {"https://registry.gdi-de.org/up3/ontology/hoehe": "196.46", "https://registry.gdi-de.org/up3/ontology/knoten-ID": "112320102", "http://rdfs.org/ns/void#inDataset.value": "33321"}, "geometry": {"type": "Point", "coordinates": [7.1592487548, 51.2525584671, 196.46]}}, {"type": "Feature", "id": "https://registry.gdi-de.org/de.nw/radnetz/instances/Knoten_Wuppertal_60257", "name": " (ex-nw:Knoten_Wuppertal_60257)", "dateprops": [], "properties": {"https://registry.gdi-de.org/up3/ontology/hoehe": "180.56", "https://registry.gdi-de.org/up3/ontology/knoten-ID": "60257", "http://rdfs.org/ns/void#inDataset.value": "33321"}, "geometry": {"type": "Point", "coordinates": [7.1829417068, 51.2708316758, 180.56]}}, {"type": "Feature", "id": "https://registry.gdi-de.org/de.nw/radnetz/instances/Knoten_Wuppertal_999999001", "name": " (ex-nw:Knoten_Wuppertal_999999001)", "dateprops": [], "properties": {"https://registry.gdi-de.org/up3/ontology/hoehe": "149.2", "https://registry.gdi-de.org/up3/ontology/knoten-ID": "999999001", "http://rdfs.org/ns/void#inDataset.value": "33321"}, "geometry": {"type": "Point", "coordinates": [7.1308516843, 51.2539530166, 149.2]}}, {"type": "Feature", "id": "https://registry.gdi-de.org/de.nw/radnetz/instances/Knoten_Wuppertal_112210101", "name": " (ex-nw:Knoten_Wuppertal_112210101)", "dateprops": [], "properties": {"https://registry.gdi-de.org/up3/ontology/hoehe": "146.6", "https://registry.gdi-de.org/up3/ontology/knoten-ID": "112210101", "http://rdfs.org/ns/void#inDataset.value": "33321"}, "geometry": {"type": "Point", "coordinates": [7.1534083567, 51.2592882561, 146.6]}}, {"type": "Feature", "id": "https://registry.gdi-de.org/de.nw/radnetz/instances/Knoten_Wuppertal_6872", "name": " (ex-nw:Knoten_Wuppertal_6872)", "dateprops": [], "properties": {"https://registry.gdi-de.org/up3/ontology/hoehe": "196.69", "https://registry.gdi-de.org/up3/ontology/knoten-ID": "6872", "http://rdfs.org/ns/void#inDataset.value": "33321"}, "geometry": {"type": "Point", "coordinates": [7.1874821304, 51.2792926606, 196.69]}}, {"type": "Feature", "id": "https://registry.gdi-de.org/de.nw/radnetz/instances/Knoten_Wuppertal_5279", "name": " (ex-nw:Knoten_Wuppertal_5279)", "dateprops": [], "properties": {"https://registry.gdi-de.org/up3/ontology/hoehe": "143.86", "https://registry.gdi-de.org/up3/ontology/knoten-ID": "5279", "http://rdfs.org/ns/void#inDataset.value": "33321"}, "geometry": {"type": "Point", "coordinates": [7.1481491418, 51.2567461662, 143.86]}}, {"type": "Feature", "id": "https://registry.gdi-de.org/de.nw/radnetz/instances/Knoten_Wuppertal_2609", "name": " (ex-nw:Knoten_Wuppertal_2609)", "dateprops": [], "properties": {"https://registry.gdi-de.org/up3/ontology/hoehe": "198.47", "https://registry.gdi-de.org/up3/ontology/knoten-ID": "2609", "http://rdfs.org/ns/void#inDataset.value": "33321"}, "geometry": {"type": "Point", "coordinates": [7.0706493651, 51.248142087, 198.47]}}, {"type": "Feature", "id": "https://registry.gdi-de.org/de.nw/radnetz/instances/Knoten_Wuppertal_4992", "name": " (ex-nw:Knoten_Wuppertal_4992)", "dateprops": [], "properties": {"https://registry.gdi-de.org/up3/ontology/hoehe": "327.28", "https://registry.gdi-de.org/up3/ontology/knoten-ID": "4992", "http://rdfs.org/ns/void#inDataset.value": "33321"}, "geometry": {"type": "Point", "coordinates": [7.1448329223, 51.2298177683, 327.28]}}, {"type": "Feature", "id": "https://registry.gdi-de.org/de.nw/radnetz/instances/Knoten_Wuppertal_1189691175", "name": " (ex-nw:Knoten_Wuppertal_1189691175)", "dateprops": [], "properties": {"https://registry.gdi-de.org/up3/ontology/hoehe": "321.1", "https://registry.gdi-de.org/up3/ontology/knoten-ID": "1189691175", "http://rdfs.org/ns/void#inDataset.value": "33321"}, "geometry": {"type": "Point", "coordinates": [7.2488787398, 51.311802704, 321.1]}}, {"type": "Feature", "id": "https://registry.gdi-de.org/de.nw/radnetz/instances/Knoten_Wuppertal_7679", "name": " (ex-nw:Knoten_Wuppertal_7679)", "dateprops": [], "properties": {"https://registry.gdi-de.org/up3/ontology/hoehe": "253.36", "https://registry.gdi-de.org/up3/ontology/knoten-ID": "7679", "http://rdfs.org/ns/void#inDataset.value": "33321"}, "geometry": {"type": "Point", "coordinates": [7.2046873111, 51.2169428075, 253.36]}}, {"type": "Feature", "id": "https://registry.gdi-de.org/de.nw/radnetz/instances/Knoten_Wuppertal_8046", "name": " (ex-nw:Knoten_Wuppertal_8046)", "dateprops": [], "properties": {"https://registry.gdi-de.org/up3/ontology/hoehe": "322.71", "https://registry.gdi-de.org/up3/ontology/knoten-ID": "8046", "http://rdfs.org/ns/void#inDataset.value": "33321"}, "geometry": {"type": "Point", "coordinates": [7.2124191081, 51.2356846455, 322.71]}}, {"type": "Feature", "id": "https://registry.gdi-de.org/de.nw/radnetz/instances/Knoten_Wuppertal_6594", "name": " (ex-nw:Knoten_Wuppertal_6594)", "dateprops": [], "properties": {"https://registry.gdi-de.org/up3/ontology/hoehe": "325.1", "https://registry.gdi-de.org/up3/ontology/knoten-ID": "6594", "http://rdfs.org/ns/void#inDataset.value": "33321"}, "geometry": {"type": "Point", "coordinates": [7.1807253778, 51.2426569969, 325.1]}}, {"type": "Feature", "id": "https://registry.gdi-de.org/de.nw/radnetz/instances/Knoten_Wuppertal_7126", "name": " (ex-nw:Knoten_Wuppertal_7126)", "dateprops": [], "properties": {"https://registry.gdi-de.org/up3/ontology/hoehe": "339.59", "https://registry.gdi-de.org/up3/ontology/knoten-ID": "7126", "http://rdfs.org/ns/void#inDataset.value": "33321"}, "geometry": {"type": "Point", "coordinates": [7.194275296, 51.2355355487, 339.59]}}, {"type": "Feature", "id": "https://registry.gdi-de.org/de.nw/radnetz/instances/Knoten_Wuppertal_1189691378", "name": " (ex-nw:Knoten_Wuppertal_1189691378)", "dateprops": [], "properties": {"https://registry.gdi-de.org/up3/ontology/hoehe": "188.3", "https://registry.gdi-de.org/up3/ontology/knoten-ID": "1189691378", "http://rdfs.org/ns/void#inDataset.value": "33321"}, "geometry": {"type": "Point", "coordinates": [7.2165072038, 51.2776249111, 188.3]}}, {"type": "Feature", "id": "https://registry.gdi-de.org/de.nw/radnetz/instances/Knoten_Wuppertal_4935", "name": " (ex-nw:Knoten_Wuppertal_4935)", "dateprops": [], "properties": {"https://registry.gdi-de.org/up3/ontology/hoehe": "144.78", "https://registry.gdi-de.org/up3/ontology/knoten-ID": "4935", "http://rdfs.org/ns/void#inDataset.value": "33321"}, "geometry": {"type": "Point", "coordinates": [7.1430018349, 51.2546994662, 144.78]}}, {"type": "Feature", "id": "https://registry.gdi-de.org/de.nw/radnetz/instances/Knoten_Wuppertal_2381", "name": " (ex-nw:Knoten_Wuppertal_2381)", "dateprops": [], "properties": {"https://registry.gdi-de.org/up3/ontology/hoehe": "209.52", "https://registry.gdi-de.org/up3/ontology/knoten-ID": "2381", "http://rdfs.org/ns/void#inDataset.value": "33321"}, "geometry": {"type": "Point", "coordinates": [7.0625121589, 51.2345922405, 209.52]}}, {"type": "Feature", "id": "https://registry.gdi-de.org/de.nw/radnetz/instances/Knoten_Wuppertal_116230102", "name": " (ex-nw:Knoten_Wuppertal_116230102)", "dateprops": [], "properties": {"https://registry.gdi-de.org/up3/ontology/hoehe": "176.14", "https://registry.gdi-de.org/up3/ontology/knoten-ID": "116230102", "http://rdfs.org/ns/void#inDataset.value": "33321"}, "geometry": {"type": "Point", "coordinates": [7.2456249391, 51.280928781, 176.14]}}, {"type": "Feature", "id": "https://registry.gdi-de.org/de.nw/radnetz/instances/Knoten_Wuppertal_4242", "name": " (ex-nw:Knoten_Wuppertal_4242)", "dateprops": [], "properties": {"https://registry.gdi-de.org/up3/ontology/hoehe": "263.5", "https://registry.gdi-de.org/up3/ontology/knoten-ID": "4242", "http://rdfs.org/ns/void#inDataset.value": "33321"}, "geometry": {"type": "Point", "coordinates": [7.1314332036, 51.1995939906, 263.5]}}, {"type": "Feature", "id": "https://registry.gdi-de.org/de.nw/radnetz/instances/Knoten_Wuppertal_4517", "name": " (ex-nw:Knoten_Wuppertal_4517)", "dateprops": [], "properties": {"https://registry.gdi-de.org/up3/ontology/hoehe": "142.28", "https://registry.gdi-de.org/up3/ontology/knoten-ID": "4517", "http://rdfs.org/ns/void#inDataset.value": "33321"}, "geometry": {"type": "Point", "coordinates": [7.1342185532, 51.2530572951, 142.28]}}, {"type": "Feature", "id": "https://registry.gdi-de.org/de.nw/radnetz/instances/Knoten_Wuppertal_4031", "name": " (ex-nw:Knoten_Wuppertal_4031)", "dateprops": [], "properties": {"https://registry.gdi-de.org/up3/ontology/hoehe": "190.84", "https://registry.gdi-de.org/up3/ontology/knoten-ID": "4031", "http://rdfs.org/ns/void#inDataset.value": "33321"}, "geometry": {"type": "Point", "coordinates": [7.1237629342, 51.3030826715, 190.84]}}, {"type": "Feature", "id": "https://registry.gdi-de.org/de.nw/radnetz/instances/Knoten_Wuppertal_116450102", "name": " (ex-nw:Knoten_Wuppertal_116450102)", "dateprops": [], "properties": {"https://registry.gdi-de.org/up3/ontology/hoehe": "176.48", "https://registry.gdi-de.org/up3/ontology/knoten-ID": "116450102", "http://rdfs.org/ns/void#inDataset.value": "33321"}, "geometry": {"type": "Point", "coordinates": [7.2512618862, 51.2556035961, 176.48]}}, {"type": "Feature", "id": "https://registry.gdi-de.org/de.nw/radnetz/instances/Knoten_Wuppertal_4041", "name": " (ex-nw:Knoten_Wuppertal_4041)", "dateprops": [], "properties": {"https://registry.gdi-de.org/up3/ontology/hoehe": "263.0", "https://registry.gdi-de.org/up3/ontology/knoten-ID": "4041", "http://rdfs.org/ns/void#inDataset.value": "33321"}, "geometry": {"type": "Point", "coordinates": [7.125019521, 51.2797188548, 263.0]}}, {"type": "Feature", "id": "https://registry.gdi-de.org/de.nw/radnetz/instances/Knoten_Wuppertal_8837", "name": " (ex-nw:Knoten_Wuppertal_8837)", "dateprops": [], "properties": {"https://registry.gdi-de.org/up3/ontology/hoehe": "301.62", "https://registry.gdi-de.org/up3/ontology/knoten-ID": "8837", "http://rdfs.org/ns/void#inDataset.value": "33321"}, "geometry": {"type": "Point", "coordinates": [7.2343133405, 51.226518967, 301.62]}}, {"type": "Feature", "id": "https://registry.gdi-de.org/de.nw/radnetz/instances/Knoten_Wuppertal_9672", "name": " (ex-nw:Knoten_Wuppertal_9672)", "dateprops": [], "properties": {"https://registry.gdi-de.org/up3/ontology/hoehe": "180.64", "https://registry.gdi-de.org/up3/ontology/knoten-ID": "9672", "http://rdfs.org/ns/void#inDataset.value": "33321"}, "geometry": {"type": "Point", "coordinates": [7.2687265697, 51.2540237266, 180.64]}}, {"type": "Feature", "id": "https://registry.gdi-de.org/de.nw/radnetz/instances/Knoten_Wuppertal_116120102", "name": " (ex-nw:Knoten_Wuppertal_116120102)", "dateprops": [], "properties": {"https://registry.gdi-de.org/up3/ontology/hoehe": "253.13", "https://registry.gdi-de.org/up3/ontology/knoten-ID": "116120102", "http://rdfs.org/ns/void#inDataset.value": "33321"}, "geometry": {"type": "Point", "coordinates": [7.2498997021, 51.2995479706, 253.13]}}, {"type": "Feature", "id": "https://registry.gdi-de.org/de.nw/radnetz/instances/Knoten_Wuppertal_10020", "name": " (ex-nw:Knoten_Wuppertal_10020)", "dateprops": [], "properties": {"https://registry.gdi-de.org/up3/ontology/hoehe": "199.05", "https://registry.gdi-de.org/up3/ontology/knoten-ID": "10020", "http://rdfs.org/ns/void#inDataset.value": "33321"}, "geometry": {"type": "Point", "coordinates": [7.295905197, 51.2488776922, 199.05]}}, {"type": "Feature", "id": "https://registry.gdi-de.org/de.nw/radnetz/instances/Knoten_Wuppertal_4518", "name": " (ex-nw:Knoten_Wuppertal_4518)", "dateprops": [], "properties": {"https://registry.gdi-de.org/up3/ontology/hoehe": "141.72", "https://registry.gdi-de.org/up3/ontology/knoten-ID": "4518", "http://rdfs.org/ns/void#inDataset.value": "33321"}, "geometry": {"type": "Point", "coordinates": [7.1345547495, 51.2534034649, 141.72]}}, {"type": "Feature", "id": "https://registry.gdi-de.org/de.nw/radnetz/instances/Knoten_Wuppertal_60259", "name": " (ex-nw:Knoten_Wuppertal_60259)", "dateprops": [], "properties": {"https://registry.gdi-de.org/up3/ontology/hoehe": "181.36", "https://registry.gdi-de.org/up3/ontology/knoten-ID": "60259", "http://rdfs.org/ns/void#inDataset.value": "33321"}, "geometry": {"type": "Point", "coordinates": [7.1898533099, 51.2724274508, 181.36]}}, {"type": "Feature", "id": "https://registry.gdi-de.org/de.nw/radnetz/instances/Knoten_Wuppertal_9341", "name": " (ex-nw:Knoten_Wuppertal_9341)", "dateprops": [], "properties": {"https://registry.gdi-de.org/up3/ontology/hoehe": "176.6", "https://registry.gdi-de.org/up3/ontology/knoten-ID": "9341", "http://rdfs.org/ns/void#inDataset.value": "33321"}, "geometry": {"type": "Point", "coordinates": [7.2516023874, 51.2556333504, 176.6]}}, {"type": "Feature", "id": "https://registry.gdi-de.org/de.nw/radnetz/instances/Knoten_Wuppertal_2399", "name": " (ex-nw:Knoten_Wuppertal_2399)", "dateprops": [], "properties": {"https://registry.gdi-de.org/up3/ontology/hoehe": "184.45", "https://registry.gdi-de.org/up3/ontology/knoten-ID": "2399", "http://rdfs.org/ns/void#inDataset.value": "33321"}, "geometry": {"type": "Point", "coordinates": [7.0634092182, 51.2309016953, 184.45]}}, {"type": "Feature", "id": "https://registry.gdi-de.org/de.nw/radnetz/instances/Knoten_Wuppertal_113540102", "name": " (ex-nw:Knoten_Wuppertal_113540102)", "dateprops": [], "properties": {"https://registry.gdi-de.org/up3/ontology/hoehe": "218.84", "https://registry.gdi-de.org/up3/ontology/knoten-ID": "113540102", "http://rdfs.org/ns/void#inDataset.value": "33321"}, "geometry": {"type": "Point", "coordinates": [7.0601602853, 51.2203595719, 218.84]}}, {"type": "Feature", "id": "https://registry.gdi-de.org/de.nw/radnetz/instances/Knoten_Wuppertal_5722", "name": " (ex-nw:Knoten_Wuppertal_5722)", "dateprops": [], "properties": {"https://registry.gdi-de.org/up3/ontology/hoehe": "184.07", "https://registry.gdi-de.org/up3/ontology/knoten-ID": "5722", "http://rdfs.org/ns/void#inDataset.value": "33321"}, "geometry": {"type": "Point", "coordinates": [7.1564559415, 51.2514252235, 184.07]}}, {"type": "Feature", "id": "https://registry.gdi-de.org/de.nw/radnetz/instances/Knoten_Wuppertal_4569", "name": " (ex-nw:Knoten_Wuppertal_4569)", "dateprops": [], "properties": {"https://registry.gdi-de.org/up3/ontology/hoehe": "301.4", "https://registry.gdi-de.org/up3/ontology/knoten-ID": "4569", "http://rdfs.org/ns/void#inDataset.value": "33321"}, "geometry": {"type": "Point", "coordinates": [7.1372229664, 51.2091817274, 301.4]}}, {"type": "Feature", "id": "https://registry.gdi-de.org/de.nw/radnetz/instances/Knoten_Wuppertal_8947", "name": " (ex-nw:Knoten_Wuppertal_8947)", "dateprops": [], "properties": {"https://registry.gdi-de.org/up3/ontology/hoehe": "167.46", "https://registry.gdi-de.org/up3/ontology/knoten-ID": "8947", "http://rdfs.org/ns/void#inDataset.value": "33321"}, "geometry": {"type": "Point", "coordinates": [7.2359334606, 51.2677887008, 167.46]}}, {"type": "Feature", "id": "https://registry.gdi-de.org/de.nw/radnetz/instances/Knoten_Wuppertal_5091", "name": " (ex-nw:Knoten_Wuppertal_5091)", "dateprops": [], "properties": {"https://registry.gdi-de.org/up3/ontology/hoehe": "142.68", "https://registry.gdi-de.org/up3/ontology/knoten-ID": "5091", "http://rdfs.org/ns/void#inDataset.value": "33321"}, "geometry": {"type": "Point", "coordinates": [7.1452478862, 51.2563018982, 142.68]}}, {"type": "Feature", "id": "https://registry.gdi-de.org/de.nw/radnetz/instances/Knoten_Wuppertal_5175", "name": " (ex-nw:Knoten_Wuppertal_5175)", "dateprops": [], "properties": {"https://registry.gdi-de.org/up3/ontology/hoehe": "150.56", "https://registry.gdi-de.org/up3/ontology/knoten-ID": "5175", "http://rdfs.org/ns/void#inDataset.value": "33321"}, "geometry": {"type": "Point", "coordinates": [7.1463829532, 51.2604731705, 150.56]}}, {"type": "Feature", "id": "https://registry.gdi-de.org/de.nw/radnetz/instances/Knoten_Wuppertal_8891", "name": " (ex-nw:Knoten_Wuppertal_8891)", "dateprops": [], "properties": {"https://registry.gdi-de.org/up3/ontology/hoehe": "289.99", "https://registry.gdi-de.org/up3/ontology/knoten-ID": "8891", "http://rdfs.org/ns/void#inDataset.value": "33321"}, "geometry": {"type": "Point", "coordinates": [7.2355355373, 51.2384901278, 289.99]}}, {"type": "Feature", "id": "https://registry.gdi-de.org/de.nw/radnetz/instances/Knoten_Wuppertal_9577", "name": " (ex-nw:Knoten_Wuppertal_9577)", "dateprops": [], "properties": {"https://registry.gdi-de.org/up3/ontology/hoehe": "183.93", "https://registry.gdi-de.org/up3/ontology/knoten-ID": "9577", "http://rdfs.org/ns/void#inDataset.value": "33321"}, "geometry": {"type": "Point", "coordinates": [7.2614058771, 51.2844699004, 183.93]}}, {"type": "Feature", "id": "https://registry.gdi-de.org/de.nw/radnetz/instances/Knoten_Wuppertal_4310", "name": " (ex-nw:Knoten_Wuppertal_4310)", "dateprops": [], "properties": {"https://registry.gdi-de.org/up3/ontology/hoehe": "140.64", "https://registry.gdi-de.org/up3/ontology/knoten-ID": "4310", "http://rdfs.org/ns/void#inDataset.value": "33321"}, "geometry": {"type": "Point", "coordinates": [7.1304476739, 51.2521336886, 140.64]}}, {"type": "Feature", "id": "https://registry.gdi-de.org/de.nw/radnetz/instances/Knoten_Wuppertal_6090", "name": " (ex-nw:Knoten_Wuppertal_6090)", "dateprops": [], "properties": {"https://registry.gdi-de.org/up3/ontology/hoehe": "198.34", "https://registry.gdi-de.org/up3/ontology/knoten-ID": "6090", "http://rdfs.org/ns/void#inDataset.value": "33321"}, "geometry": {"type": "Point", "coordinates": [7.1656997836, 51.2153552263, 198.34]}}, {"type": "Feature", "id": "https://registry.gdi-de.org/de.nw/radnetz/instances/Knoten_Wuppertal_112110101", "name": " (ex-nw:Knoten_Wuppertal_112110101)", "dateprops": [], "properties": {"https://registry.gdi-de.org/up3/ontology/hoehe": "215.72", "https://registry.gdi-de.org/up3/ontology/knoten-ID": "112110101", "http://rdfs.org/ns/void#inDataset.value": "33321"}, "geometry": {"type": "Point", "coordinates": [7.1730099453, 51.2835102606, 215.72]}}, {"type": "Feature", "id": "https://registry.gdi-de.org/de.nw/radnetz/instances/Knoten_Wuppertal_2338", "name": " (ex-nw:Knoten_Wuppertal_2338)", "dateprops": [], "properties": {"https://registry.gdi-de.org/up3/ontology/hoehe": "206.13", "https://registry.gdi-de.org/up3/ontology/knoten-ID": "2338", "http://rdfs.org/ns/void#inDataset.value": "33321"}, "geometry": {"type": "Point", "coordinates": [7.060373293, 51.2334116404, 206.13]}}, {"type": "Feature", "id": "https://registry.gdi-de.org/de.nw/radnetz/instances/Knoten_Wuppertal_5166", "name": " (ex-nw:Knoten_Wuppertal_5166)", "dateprops": [], "properties": {"https://registry.gdi-de.org/up3/ontology/hoehe": "143.14", "https://registry.gdi-de.org/up3/ontology/knoten-ID": "5166", "http://rdfs.org/ns/void#inDataset.value": "33321"}, "geometry": {"type": "Point", "coordinates": [7.1464829855, 51.2561041781, 143.14]}}, {"type": "Feature", "id": "https://registry.gdi-de.org/de.nw/radnetz/instances/Knoten_Wuppertal_60175", "name": " (ex-nw:Knoten_Wuppertal_60175)", "dateprops": [], "properties": {"https://registry.gdi-de.org/up3/ontology/hoehe": "191.86", "https://registry.gdi-de.org/up3/ontology/knoten-ID": "60175", "http://rdfs.org/ns/void#inDataset.value": "33321"}, "geometry": {"type": "Point", "coordinates": [7.0761955193, 51.2535287415, 191.86]}}, {"type": "Feature", "id": "https://registry.gdi-de.org/de.nw/radnetz/instances/Knoten_Wuppertal_7142", "name": " (ex-nw:Knoten_Wuppertal_7142)", "dateprops": [], "properties": {"https://registry.gdi-de.org/up3/ontology/hoehe": "342.62", "https://registry.gdi-de.org/up3/ontology/knoten-ID": "7142", "http://rdfs.org/ns/void#inDataset.value": "33321"}, "geometry": {"type": "Point", "coordinates": [7.1945587084, 51.2360526867, 342.62]}}, {"type": "Feature", "id": "https://registry.gdi-de.org/de.nw/radnetz/instances/Knoten_Wuppertal_116150103", "name": " (ex-nw:Knoten_Wuppertal_116150103)", "dateprops": [], "properties": {"https://registry.gdi-de.org/up3/ontology/hoehe": "319.83", "https://registry.gdi-de.org/up3/ontology/knoten-ID": "116150103", "http://rdfs.org/ns/void#inDataset.value": "33321"}, "geometry": {"type": "Point", "coordinates": [7.2490363491, 51.3112355035, 319.83]}}, {"type": "Feature", "id": "https://registry.gdi-de.org/de.nw/radnetz/instances/Knoten_Wuppertal_8310", "name": " (ex-nw:Knoten_Wuppertal_8310)", "dateprops": [], "properties": {"https://registry.gdi-de.org/up3/ontology/hoehe": "179.24", "https://registry.gdi-de.org/up3/ontology/knoten-ID": "8310", "http://rdfs.org/ns/void#inDataset.value": "33321"}, "geometry": {"type": "Point", "coordinates": [7.2170001308, 51.277881867, 179.24]}}, {"type": "Feature", "id": "https://registry.gdi-de.org/de.nw/radnetz/instances/Knoten_Wuppertal_111020101", "name": " (ex-nw:Knoten_Wuppertal_111020101)", "dateprops": [], "properties": {"https://registry.gdi-de.org/up3/ontology/hoehe": "160.26", "https://registry.gdi-de.org/up3/ontology/knoten-ID": "111020101", "http://rdfs.org/ns/void#inDataset.value": "33321"}, "geometry": {"type": "Point", "coordinates": [7.2033239082, 51.274922388, 160.26]}}, {"type": "Feature", "id": "https://registry.gdi-de.org/de.nw/radnetz/instances/Knoten_Wuppertal_1189690563", "name": " (ex-nw:Knoten_Wuppertal_1189690563)", "dateprops": [], "properties": {"https://registry.gdi-de.org/up3/ontology/hoehe": "235.36", "https://registry.gdi-de.org/up3/ontology/knoten-ID": "1189690563", "http://rdfs.org/ns/void#inDataset.value": "33321"}, "geometry": {"type": "Point", "coordinates": [7.0564926094, 51.2123576476, 235.36]}}, {"type": "Feature", "id": "https://registry.gdi-de.org/de.nw/radnetz/instances/Knoten_Wuppertal_9290", "name": " (ex-nw:Knoten_Wuppertal_9290)", "dateprops": [], "properties": {"https://registry.gdi-de.org/up3/ontology/hoehe": "245.45", "https://registry.gdi-de.org/up3/ontology/knoten-ID": "9290", "http://rdfs.org/ns/void#inDataset.value": "33321"}, "geometry": {"type": "Point", "coordinates": [7.2480139148, 51.298400124, 245.45]}}, {"type": "Feature", "id": "https://registry.gdi-de.org/de.nw/radnetz/instances/Knoten_Wuppertal_6614", "name": " (ex-nw:Knoten_Wuppertal_6614)", "dateprops": [], "properties": {"https://registry.gdi-de.org/up3/ontology/hoehe": "153.32", "https://registry.gdi-de.org/up3/ontology/knoten-ID": "6614", "http://rdfs.org/ns/void#inDataset.value": "33321"}, "geometry": {"type": "Point", "coordinates": [7.1803215784, 51.2678553847, 153.32]}}, {"type": "Feature", "id": "https://registry.gdi-de.org/de.nw/radnetz/instances/Knoten_Wuppertal_60292", "name": " (ex-nw:Knoten_Wuppertal_60292)", "dateprops": [], "properties": {"https://registry.gdi-de.org/up3/ontology/hoehe": "194.81", "https://registry.gdi-de.org/up3/ontology/knoten-ID": "60292", "http://rdfs.org/ns/void#inDataset.value": "33321"}, "geometry": {"type": "Point", "coordinates": [7.2496523416, 51.2827317621, 194.81]}}, {"type": "Feature", "id": "https://registry.gdi-de.org/de.nw/radnetz/instances/Knoten_Wuppertal_5444", "name": " (ex-nw:Knoten_Wuppertal_5444)", "dateprops": [], "properties": {"https://registry.gdi-de.org/up3/ontology/hoehe": "146.41", "https://registry.gdi-de.org/up3/ontology/knoten-ID": "5444", "http://rdfs.org/ns/void#inDataset.value": "33321"}, "geometry": {"type": "Point", "coordinates": [7.1508447682, 51.2589717422, 146.41]}}, {"type": "Feature", "id": "https://registry.gdi-de.org/de.nw/radnetz/instances/Knoten_Wuppertal_60309", "name": " (ex-nw:Knoten_Wuppertal_60309)", "dateprops": [], "properties": {"https://registry.gdi-de.org/up3/ontology/hoehe": "259.42", "https://registry.gdi-de.org/up3/ontology/knoten-ID": "60309", "http://rdfs.org/ns/void#inDataset.value": "33321"}, "geometry": {"type": "Point", "coordinates": [7.1226525891, 51.2305155814, 259.42]}}, {"type": "Feature", "id": "https://registry.gdi-de.org/de.nw/radnetz/instances/Knoten_Wuppertal_8733", "name": " (ex-nw:Knoten_Wuppertal_8733)", "dateprops": [], "properties": {"https://registry.gdi-de.org/up3/ontology/hoehe": "179.44", "https://registry.gdi-de.org/up3/ontology/knoten-ID": "8733", "http://rdfs.org/ns/void#inDataset.value": "33321"}, "geometry": {"type": "Point", "coordinates": [7.2296658938, 51.2548934398, 179.44]}}, {"type": "Feature", "id": "https://registry.gdi-de.org/de.nw/radnetz/instances/Knoten_Wuppertal_4221", "name": " (ex-nw:Knoten_Wuppertal_4221)", "dateprops": [], "properties": {"https://registry.gdi-de.org/up3/ontology/hoehe": "260.04", "https://registry.gdi-de.org/up3/ontology/knoten-ID": "4221", "http://rdfs.org/ns/void#inDataset.value": "33321"}, "geometry": {"type": "Point", "coordinates": [7.1311983035, 51.1980938398, 260.04]}}, {"type": "Feature", "id": "https://registry.gdi-de.org/de.nw/radnetz/instances/Knoten_Wuppertal_4268", "name": " (ex-nw:Knoten_Wuppertal_4268)", "dateprops": [], "properties": {"https://registry.gdi-de.org/up3/ontology/hoehe": "290.56", "https://registry.gdi-de.org/up3/ontology/knoten-ID": "4268", "http://rdfs.org/ns/void#inDataset.value": "33321"}, "geometry": {"type": "Point", "coordinates": [7.1285808943, 51.2774472479, 290.56]}}, {"type": "Feature", "id": "https://registry.gdi-de.org/de.nw/radnetz/instances/Knoten_Wuppertal_2368", "name": " (ex-nw:Knoten_Wuppertal_2368)", "dateprops": [], "properties": {"https://registry.gdi-de.org/up3/ontology/hoehe": "185.75", "https://registry.gdi-de.org/up3/ontology/knoten-ID": "2368", "http://rdfs.org/ns/void#inDataset.value": "33321"}, "geometry": {"type": "Point", "coordinates": [7.0618508439, 51.2303765283, 185.75]}}, {"type": "Feature", "id": "https://registry.gdi-de.org/de.nw/radnetz/instances/Knoten_Wuppertal_5411", "name": " (ex-nw:Knoten_Wuppertal_5411)", "dateprops": [], "properties": {"https://registry.gdi-de.org/up3/ontology/hoehe": "175.2", "https://registry.gdi-de.org/up3/ontology/knoten-ID": "5411", "http://rdfs.org/ns/void#inDataset.value": "33321"}, "geometry": {"type": "Point", "coordinates": [7.1497766088, 51.2735995347, 175.2]}}, {"type": "Feature", "id": "https://registry.gdi-de.org/de.nw/radnetz/instances/Knoten_Wuppertal_113540101", "name": " (ex-nw:Knoten_Wuppertal_113540101)", "dateprops": [], "properties": {"https://registry.gdi-de.org/up3/ontology/hoehe": "220.82", "https://registry.gdi-de.org/up3/ontology/knoten-ID": "113540101", "http://rdfs.org/ns/void#inDataset.value": "33321"}, "geometry": {"type": "Point", "coordinates": [7.0601661962, 51.2199502416, 220.82]}}, {"type": "Feature", "id": "https://registry.gdi-de.org/de.nw/radnetz/instances/Knoten_Wuppertal_1189690831", "name": " (ex-nw:Knoten_Wuppertal_1189690831)", "dateprops": [], "properties": {"https://registry.gdi-de.org/up3/ontology/hoehe": "156.94", "https://registry.gdi-de.org/up3/ontology/knoten-ID": "1189690831", "http://rdfs.org/ns/void#inDataset.value": "33321"}, "geometry": {"type": "Point", "coordinates": [7.2092455959, 51.2740050585, 156.94]}}, {"type": "Feature", "id": "https://registry.gdi-de.org/de.nw/radnetz/instances/Knoten_Wuppertal_110680204", "name": " (ex-nw:Knoten_Wuppertal_110680204)", "dateprops": [], "properties": {"https://registry.gdi-de.org/up3/ontology/hoehe": "159.35", "https://registry.gdi-de.org/up3/ontology/knoten-ID": "110680204", "http://rdfs.org/ns/void#inDataset.value": "33321"}, "geometry": {"type": "Point", "coordinates": [7.1033714647, 51.2538622249, 159.35]}}, {"type": "Feature", "id": "https://registry.gdi-de.org/de.nw/radnetz/instances/Knoten_Wuppertal_7221", "name": " (ex-nw:Knoten_Wuppertal_7221)", "dateprops": [], "properties": {"https://registry.gdi-de.org/up3/ontology/hoehe": "345.45", "https://registry.gdi-de.org/up3/ontology/knoten-ID": "7221", "http://rdfs.org/ns/void#inDataset.value": "33321"}, "geometry": {"type": "Point", "coordinates": [7.1958019346, 51.2379334884, 345.45]}}, {"type": "Feature", "id": "https://registry.gdi-de.org/de.nw/radnetz/instances/Knoten_Wuppertal_9352", "name": " (ex-nw:Knoten_Wuppertal_9352)", "dateprops": [], "properties": {"https://registry.gdi-de.org/up3/ontology/hoehe": "317.04", "https://registry.gdi-de.org/up3/ontology/knoten-ID": "9352", "http://rdfs.org/ns/void#inDataset.value": "33321"}, "geometry": {"type": "Point", "coordinates": [7.2495588027, 51.3142192436, 317.04]}}, {"type": "Feature", "id": "https://registry.gdi-de.org/de.nw/radnetz/instances/Knoten_Wuppertal_4255", "name": " (ex-nw:Knoten_Wuppertal_4255)", "dateprops": [], "properties": {"https://registry.gdi-de.org/up3/ontology/hoehe": "292.56", "https://registry.gdi-de.org/up3/ontology/knoten-ID": "4255", "http://rdfs.org/ns/void#inDataset.value": "33321"}, "geometry": {"type": "Point", "coordinates": [7.1284014219, 51.2776777728, 292.56]}}, {"type": "Feature", "id": "https://registry.gdi-de.org/de.nw/radnetz/instances/Knoten_Wuppertal_5525", "name": " (ex-nw:Knoten_Wuppertal_5525)", "dateprops": [], "properties": {"https://registry.gdi-de.org/up3/ontology/hoehe": "326.44", "https://registry.gdi-de.org/up3/ontology/knoten-ID": "5525", "http://rdfs.org/ns/void#inDataset.value": "33321"}, "geometry": {"type": "Point", "coordinates": [7.1535560672, 51.2347461524, 326.44]}}, {"type": "Feature", "id": "https://registry.gdi-de.org/de.nw/radnetz/instances/Knoten_Wuppertal_60226", "name": " (ex-nw:Knoten_Wuppertal_60226)", "dateprops": [], "properties": {"https://registry.gdi-de.org/up3/ontology/hoehe": "176.44", "https://registry.gdi-de.org/up3/ontology/knoten-ID": "60226", "http://rdfs.org/ns/void#inDataset.value": "33321"}, "geometry": {"type": "Point", "coordinates": [7.1118562788, 51.26022057, 176.44]}}, {"type": "Feature", "id": "https://registry.gdi-de.org/de.nw/radnetz/instances/Knoten_Wuppertal_2312", "name": " (ex-nw:Knoten_Wuppertal_2312)", "dateprops": [], "properties": {"https://registry.gdi-de.org/up3/ontology/hoehe": "212.4", "https://registry.gdi-de.org/up3/ontology/knoten-ID": "2312", "http://rdfs.org/ns/void#inDataset.value": "33321"}, "geometry": {"type": "Point", "coordinates": [7.0597405372, 51.2219667883, 212.4]}}, {"type": "Feature", "id": "https://registry.gdi-de.org/de.nw/radnetz/instances/Knoten_Wuppertal_112330102", "name": " (ex-nw:Knoten_Wuppertal_112330102)", "dateprops": [], "properties": {"https://registry.gdi-de.org/up3/ontology/hoehe": "211.49", "https://registry.gdi-de.org/up3/ontology/knoten-ID": "112330102", "http://rdfs.org/ns/void#inDataset.value": "33321"}, "geometry": {"type": "Point", "coordinates": [7.1604679841, 51.2514919038, 211.49]}}, {"type": "Feature", "id": "https://registry.gdi-de.org/de.nw/radnetz/instances/Knoten_Wuppertal_2955", "name": " (ex-nw:Knoten_Wuppertal_2955)", "dateprops": [], "properties": {"https://registry.gdi-de.org/up3/ontology/hoehe": "136.47", "https://registry.gdi-de.org/up3/ontology/knoten-ID": "2955", "http://rdfs.org/ns/void#inDataset.value": "33321"}, "geometry": {"type": "Point", "coordinates": [7.0882929657, 51.2363803404, 136.47]}}, {"type": "Feature", "id": "https://registry.gdi-de.org/de.nw/radnetz/instances/Knoten_Wuppertal_5130", "name": " (ex-nw:Knoten_Wuppertal_5130)", "dateprops": [], "properties": {"https://registry.gdi-de.org/up3/ontology/hoehe": "321.46", "https://registry.gdi-de.org/up3/ontology/knoten-ID": "5130", "http://rdfs.org/ns/void#inDataset.value": "33321"}, "geometry": {"type": "Point", "coordinates": [7.1470843527, 51.2265006211, 321.46]}}, {"type": "Feature", "id": "https://registry.gdi-de.org/de.nw/radnetz/instances/Knoten_Wuppertal_60262", "name": " (ex-nw:Knoten_Wuppertal_60262)", "dateprops": [], "properties": {"https://registry.gdi-de.org/up3/ontology/hoehe": "182.16", "https://registry.gdi-de.org/up3/ontology/knoten-ID": "60262", "http://rdfs.org/ns/void#inDataset.value": "33321"}, "geometry": {"type": "Point", "coordinates": [7.1958315475, 51.2733475148, 182.16]}}, {"type": "Feature", "id": "https://registry.gdi-de.org/de.nw/radnetz/instances/Knoten_Wuppertal_2916", "name": " (ex-nw:Knoten_Wuppertal_2916)", "dateprops": [], "properties": {"https://registry.gdi-de.org/up3/ontology/hoehe": "149.57", "https://registry.gdi-de.org/up3/ontology/knoten-ID": "2916", "http://rdfs.org/ns/void#inDataset.value": "33321"}, "geometry": {"type": "Point", "coordinates": [7.0862549454, 51.2344476364, 149.57]}}, {"type": "Feature", "id": "https://registry.gdi-de.org/de.nw/radnetz/instances/Knoten_Wuppertal_9528", "name": " (ex-nw:Knoten_Wuppertal_9528)", "dateprops": [], "properties": {"https://registry.gdi-de.org/up3/ontology/hoehe": "308.23", "https://registry.gdi-de.org/up3/ontology/knoten-ID": "9528", "http://rdfs.org/ns/void#inDataset.value": "33321"}, "geometry": {"type": "Point", "coordinates": [7.2610862319, 51.2234920599, 308.23]}}, {"type": "Feature", "id": "https://registry.gdi-de.org/de.nw/radnetz/instances/Knoten_Wuppertal_3018", "name": " (ex-nw:Knoten_Wuppertal_3018)", "dateprops": [], "properties": {"https://registry.gdi-de.org/up3/ontology/hoehe": "219.24", "https://registry.gdi-de.org/up3/ontology/knoten-ID": "3018", "http://rdfs.org/ns/void#inDataset.value": "33321"}, "geometry": {"type": "Point", "coordinates": [7.0906108381, 51.2586870978, 219.24]}}, {"type": "Feature", "id": "https://registry.gdi-de.org/de.nw/radnetz/instances/Knoten_Wuppertal_9425", "name": " (ex-nw:Knoten_Wuppertal_9425)", "dateprops": [], "properties": {"https://registry.gdi-de.org/up3/ontology/hoehe": "293.04", "https://registry.gdi-de.org/up3/ontology/knoten-ID": "9425", "http://rdfs.org/ns/void#inDataset.value": "33321"}, "geometry": {"type": "Point", "coordinates": [7.2524094529, 51.3066415198, 293.04]}}, {"type": "Feature", "id": "https://registry.gdi-de.org/de.nw/radnetz/instances/Knoten_Wuppertal_116000501", "name": " (ex-nw:Knoten_Wuppertal_116000501)", "dateprops": [], "properties": {"https://registry.gdi-de.org/up3/ontology/hoehe": "158.39", "https://registry.gdi-de.org/up3/ontology/knoten-ID": "116000501", "http://rdfs.org/ns/void#inDataset.value": "33321"}, "geometry": {"type": "Point", "coordinates": [7.2141324826, 51.2744679104, 158.39]}}, {"type": "Feature", "id": "https://registry.gdi-de.org/de.nw/radnetz/instances/Knoten_Wuppertal_60096", "name": " (ex-nw:Knoten_Wuppertal_60096)", "dateprops": [], "properties": {"https://registry.gdi-de.org/up3/ontology/hoehe": "313.6", "https://registry.gdi-de.org/up3/ontology/knoten-ID": "60096", "http://rdfs.org/ns/void#inDataset.value": "33321"}, "geometry": {"type": "Point", "coordinates": [7.2190571895, 51.2364005846, 313.6]}}, {"type": "Feature", "id": "https://registry.gdi-de.org/de.nw/radnetz/instances/Knoten_Wuppertal_6470", "name": " (ex-nw:Knoten_Wuppertal_6470)", "dateprops": [], "properties": {"https://registry.gdi-de.org/up3/ontology/hoehe": "331.09", "https://registry.gdi-de.org/up3/ontology/knoten-ID": "6470", "http://rdfs.org/ns/void#inDataset.value": "33321"}, "geometry": {"type": "Point", "coordinates": [7.1770302839, 51.2422765021, 331.09]}}, {"type": "Feature", "id": "https://registry.gdi-de.org/de.nw/radnetz/instances/Knoten_Wuppertal_6363", "name": " (ex-nw:Knoten_Wuppertal_6363)", "dateprops": [], "properties": {"https://registry.gdi-de.org/up3/ontology/hoehe": "209.93", "https://registry.gdi-de.org/up3/ontology/knoten-ID": "6363", "http://rdfs.org/ns/void#inDataset.value": "33321"}, "geometry": {"type": "Point", "coordinates": [7.1717576171, 51.2816920893, 209.93]}}, {"type": "Feature", "id": "https://registry.gdi-de.org/de.nw/radnetz/instances/Knoten_Wuppertal_7336", "name": " (ex-nw:Knoten_Wuppertal_7336)", "dateprops": [], "properties": {"https://registry.gdi-de.org/up3/ontology/hoehe": "182.48", "https://registry.gdi-de.org/up3/ontology/knoten-ID": "7336", "http://rdfs.org/ns/void#inDataset.value": "33321"}, "geometry": {"type": "Point", "coordinates": [7.1961385751, 51.273364106, 182.48]}}, {"type": "Feature", "id": "https://registry.gdi-de.org/de.nw/radnetz/instances/Knoten_Wuppertal_2945", "name": " (ex-nw:Knoten_Wuppertal_2945)", "dateprops": [], "properties": {"https://registry.gdi-de.org/up3/ontology/hoehe": "143.01", "https://registry.gdi-de.org/up3/ontology/knoten-ID": "2945", "http://rdfs.org/ns/void#inDataset.value": "33321"}, "geometry": {"type": "Point", "coordinates": [7.0878076915, 51.2352589459, 143.01]}}, {"type": "Feature", "id": "https://registry.gdi-de.org/de.nw/radnetz/instances/Knoten_Wuppertal_2283", "name": " (ex-nw:Knoten_Wuppertal_2283)", "dateprops": [], "properties": {"https://registry.gdi-de.org/up3/ontology/hoehe": "208.43", "https://registry.gdi-de.org/up3/ontology/knoten-ID": "2283", "http://rdfs.org/ns/void#inDataset.value": "33321"}, "geometry": {"type": "Point", "coordinates": [7.0568686845, 51.2342841492, 208.43]}}, {"type": "Feature", "id": "https://registry.gdi-de.org/de.nw/radnetz/instances/Knoten_Wuppertal_60291", "name": " (ex-nw:Knoten_Wuppertal_60291)", "dateprops": [], "properties": {"https://registry.gdi-de.org/up3/ontology/hoehe": "203.77", "https://registry.gdi-de.org/up3/ontology/knoten-ID": "60291", "http://rdfs.org/ns/void#inDataset.value": "33321"}, "geometry": {"type": "Point", "coordinates": [7.2487724074, 51.283254899, 203.77]}}, {"type": "Feature", "id": "https://registry.gdi-de.org/de.nw/radnetz/instances/Knoten_Wuppertal_8780", "name": " (ex-nw:Knoten_Wuppertal_8780)", "dateprops": [], "properties": {"https://registry.gdi-de.org/up3/ontology/hoehe": "173.17", "https://registry.gdi-de.org/up3/ontology/knoten-ID": "8780", "http://rdfs.org/ns/void#inDataset.value": "33321"}, "geometry": {"type": "Point", "coordinates": [7.2313326131, 51.2563297815, 173.17]}}, {"type": "Feature", "id": "https://registry.gdi-de.org/de.nw/radnetz/instances/Knoten_Wuppertal_60231", "name": " (ex-nw:Knoten_Wuppertal_60231)", "dateprops": [], "properties": {"https://registry.gdi-de.org/up3/ontology/hoehe": "176.56", "https://registry.gdi-de.org/up3/ontology/knoten-ID": "60231", "http://rdfs.org/ns/void#inDataset.value": "33321"}, "geometry": {"type": "Point", "coordinates": [7.1231959616, 51.262103258, 176.56]}}, {"type": "Feature", "id": "https://registry.gdi-de.org/de.nw/radnetz/instances/Knoten_Wuppertal_2350", "name": " (ex-nw:Knoten_Wuppertal_2350)", "dateprops": [], "properties": {"https://registry.gdi-de.org/up3/ontology/hoehe": "170.69", "https://registry.gdi-de.org/up3/ontology/knoten-ID": "2350", "http://rdfs.org/ns/void#inDataset.value": "33321"}, "geometry": {"type": "Point", "coordinates": [7.0601470307, 51.2513605404, 170.69]}}, {"type": "Feature", "id": "https://registry.gdi-de.org/de.nw/radnetz/instances/Knoten_Wuppertal_1189691299", "name": " (ex-nw:Knoten_Wuppertal_1189691299)", "dateprops": [], "properties": {"https://registry.gdi-de.org/up3/ontology/hoehe": "181.31", "https://registry.gdi-de.org/up3/ontology/knoten-ID": "1189691299", "http://rdfs.org/ns/void#inDataset.value": "33321"}, "geometry": {"type": "Point", "coordinates": [7.1906457665, 51.272437548, 181.31]}}, {"type": "Feature", "id": "https://registry.gdi-de.org/de.nw/radnetz/instances/Knoten_Wuppertal_116410101", "name": " (ex-nw:Knoten_Wuppertal_116410101)", "dateprops": [], "properties": {"https://registry.gdi-de.org/up3/ontology/hoehe": "165.77", "https://registry.gdi-de.org/up3/ontology/knoten-ID": "116410101", "http://rdfs.org/ns/void#inDataset.value": "33321"}, "geometry": {"type": "Point", "coordinates": [7.2364353813, 51.2670911283, 165.77]}}, {"type": "Feature", "id": "https://registry.gdi-de.org/de.nw/radnetz/instances/Knoten_Wuppertal_6519", "name": " (ex-nw:Knoten_Wuppertal_6519)", "dateprops": [], "properties": {"https://registry.gdi-de.org/up3/ontology/hoehe": "151.28", "https://registry.gdi-de.org/up3/ontology/knoten-ID": "6519", "http://rdfs.org/ns/void#inDataset.value": "33321"}, "geometry": {"type": "Point", "coordinates": [7.1775576598, 51.2654249764, 151.28]}}, {"type": "Feature", "id": "https://registry.gdi-de.org/de.nw/radnetz/instances/Knoten_Wuppertal_3378", "name": " (ex-nw:Knoten_Wuppertal_3378)", "dateprops": [], "properties": {"https://registry.gdi-de.org/up3/ontology/hoehe": "165.23", "https://registry.gdi-de.org/up3/ontology/knoten-ID": "3378", "http://rdfs.org/ns/void#inDataset.value": "33321"}, "geometry": {"type": "Point", "coordinates": [7.1068569384, 51.2563412742, 165.23]}}, {"type": "Feature", "id": "https://registry.gdi-de.org/de.nw/radnetz/instances/Knoten_Wuppertal_8353", "name": " (ex-nw:Knoten_Wuppertal_8353)", "dateprops": [], "properties": {"https://registry.gdi-de.org/up3/ontology/hoehe": "159.87", "https://registry.gdi-de.org/up3/ontology/knoten-ID": "8353", "http://rdfs.org/ns/void#inDataset.value": "33321"}, "geometry": {"type": "Point", "coordinates": [7.217862624, 51.2751316471, 159.87]}}, {"type": "Feature", "id": "https://registry.gdi-de.org/de.nw/radnetz/instances/Knoten_Wuppertal_5976", "name": " (ex-nw:Knoten_Wuppertal_5976)", "dateprops": [], "properties": {"https://registry.gdi-de.org/up3/ontology/hoehe": "226.22", "https://registry.gdi-de.org/up3/ontology/knoten-ID": "5976", "http://rdfs.org/ns/void#inDataset.value": "33321"}, "geometry": {"type": "Point", "coordinates": [7.1614598955, 51.2493310092, 226.22]}}, {"type": "Feature", "id": "https://registry.gdi-de.org/de.nw/radnetz/instances/Knoten_Wuppertal_5701", "name": " (ex-nw:Knoten_Wuppertal_5701)", "dateprops": [], "properties": {"https://registry.gdi-de.org/up3/ontology/hoehe": "145.87", "https://registry.gdi-de.org/up3/ontology/knoten-ID": "5701", "http://rdfs.org/ns/void#inDataset.value": "33321"}, "geometry": {"type": "Point", "coordinates": [7.1558223992, 51.2578365967, 145.87]}}, {"type": "Feature", "id": "https://registry.gdi-de.org/de.nw/radnetz/instances/Knoten_Wuppertal_9126", "name": " (ex-nw:Knoten_Wuppertal_9126)", "dateprops": [], "properties": {"https://registry.gdi-de.org/up3/ontology/hoehe": "174.45", "https://registry.gdi-de.org/up3/ontology/knoten-ID": "9126", "http://rdfs.org/ns/void#inDataset.value": "33321"}, "geometry": {"type": "Point", "coordinates": [7.2418065863, 51.2809741976, 174.45]}}, {"type": "Feature", "id": "https://registry.gdi-de.org/de.nw/radnetz/instances/Knoten_Wuppertal_6595", "name": " (ex-nw:Knoten_Wuppertal_6595)", "dateprops": [], "properties": {"https://registry.gdi-de.org/up3/ontology/hoehe": "326.63", "https://registry.gdi-de.org/up3/ontology/knoten-ID": "6595", "http://rdfs.org/ns/void#inDataset.value": "33321"}, "geometry": {"type": "Point", "coordinates": [7.1807162762, 51.2430558182, 326.63]}}, {"type": "Feature", "id": "https://registry.gdi-de.org/de.nw/radnetz/instances/Knoten_Wuppertal_3982", "name": " (ex-nw:Knoten_Wuppertal_3982)", "dateprops": [], "properties": {"https://registry.gdi-de.org/up3/ontology/hoehe": "272.82", "https://registry.gdi-de.org/up3/ontology/knoten-ID": "3982", "http://rdfs.org/ns/void#inDataset.value": "33321"}, "geometry": {"type": "Point", "coordinates": [7.1235832849, 51.2807418391, 272.82]}}, {"type": "Feature", "id": "https://registry.gdi-de.org/de.nw/radnetz/instances/Knoten_Wuppertal_2725", "name": " (ex-nw:Knoten_Wuppertal_2725)", "dateprops": [], "properties": {"https://registry.gdi-de.org/up3/ontology/hoehe": "174.16", "https://registry.gdi-de.org/up3/ontology/knoten-ID": "2725", "http://rdfs.org/ns/void#inDataset.value": "33321"}, "geometry": {"type": "Point", "coordinates": [7.0755027593, 51.2308938059, 174.16]}}, {"type": "Feature", "id": "https://registry.gdi-de.org/de.nw/radnetz/instances/Knoten_Wuppertal_1189690786", "name": " (ex-nw:Knoten_Wuppertal_1189690786)", "dateprops": [], "properties": {"https://registry.gdi-de.org/up3/ontology/hoehe": "333.59", "https://registry.gdi-de.org/up3/ontology/knoten-ID": "1189690786", "http://rdfs.org/ns/void#inDataset.value": "33321"}, "geometry": {"type": "Point", "coordinates": [7.1895769486, 51.2423844027, 333.59]}}, {"type": "Feature", "id": "https://registry.gdi-de.org/de.nw/radnetz/instances/Knoten_Wuppertal_2704", "name": " (ex-nw:Knoten_Wuppertal_2704)", "dateprops": [], "properties": {"https://registry.gdi-de.org/up3/ontology/hoehe": "183.0", "https://registry.gdi-de.org/up3/ontology/knoten-ID": "2704", "http://rdfs.org/ns/void#inDataset.value": "33321"}, "geometry": {"type": "Point", "coordinates": [7.0732338499, 51.2668019142, 183.0]}}, {"type": "Feature", "id": "https://registry.gdi-de.org/de.nw/radnetz/instances/Knoten_Wuppertal_114700102", "name": " (ex-nw:Knoten_Wuppertal_114700102)", "dateprops": [], "properties": {"https://registry.gdi-de.org/up3/ontology/hoehe": "241.17", "https://registry.gdi-de.org/up3/ontology/knoten-ID": "114700102", "http://rdfs.org/ns/void#inDataset.value": "33321"}, "geometry": {"type": "Point", "coordinates": [7.1068040112, 51.2698012009, 241.17]}}, {"type": "Feature", "id": "https://registry.gdi-de.org/de.nw/radnetz/instances/Knoten_Wuppertal_1189691234", "name": " (ex-nw:Knoten_Wuppertal_1189691234)", "dateprops": [], "properties": {"https://registry.gdi-de.org/up3/ontology/hoehe": "260.73", "https://registry.gdi-de.org/up3/ontology/knoten-ID": "1189691234", "http://rdfs.org/ns/void#inDataset.value": "33321"}, "geometry": {"type": "Point", "coordinates": [7.1308128152, 51.2739867526, 260.73]}}, {"type": "Feature", "id": "https://registry.gdi-de.org/de.nw/radnetz/instances/Knoten_Wuppertal_1189691243", "name": " (ex-nw:Knoten_Wuppertal_1189691243)", "dateprops": [], "properties": {"https://registry.gdi-de.org/up3/ontology/hoehe": "121.67", "https://registry.gdi-de.org/up3/ontology/knoten-ID": "1189691243", "http://rdfs.org/ns/void#inDataset.value": "33321"}, "geometry": {"type": "Point", "coordinates": [7.107112401, 51.2095028111, 121.67]}}, {"type": "Feature", "id": "https://registry.gdi-de.org/de.nw/radnetz/instances/Knoten_Wuppertal_1189691293", "name": " (ex-nw:Knoten_Wuppertal_1189691293)", "dateprops": [], "properties": {"https://registry.gdi-de.org/up3/ontology/hoehe": "193.53", "https://registry.gdi-de.org/up3/ontology/knoten-ID": "1189691293", "http://rdfs.org/ns/void#inDataset.value": "33321"}, "geometry": {"type": "Point", "coordinates": [7.0431354721, 51.21534676, 193.53]}}, {"type": "Feature", "id": "https://registry.gdi-de.org/de.nw/radnetz/instances/Knoten_Wuppertal_116510102", "name": " (ex-nw:Knoten_Wuppertal_116510102)", "dateprops": [], "properties": {"https://registry.gdi-de.org/up3/ontology/hoehe": "189.52", "https://registry.gdi-de.org/up3/ontology/knoten-ID": "116510102", "http://rdfs.org/ns/void#inDataset.value": "33321"}, "geometry": {"type": "Point", "coordinates": [7.2899116698, 51.2500792475, 189.52]}}, {"type": "Feature", "id": "https://registry.gdi-de.org/de.nw/radnetz/instances/Knoten_Wuppertal_1189691363", "name": " (ex-nw:Knoten_Wuppertal_1189691363)", "dateprops": [], "properties": {"https://registry.gdi-de.org/up3/ontology/hoehe": "144.5", "https://registry.gdi-de.org/up3/ontology/knoten-ID": "1189691363", "http://rdfs.org/ns/void#inDataset.value": "33321"}, "geometry": {"type": "Point", "coordinates": [7.0064267036, 51.3038009491, 144.5]}}, {"type": "Feature", "id": "https://registry.gdi-de.org/de.nw/radnetz/instances/Knoten_Wuppertal_2318", "name": " (ex-nw:Knoten_Wuppertal_2318)", "dateprops": [], "properties": {"https://registry.gdi-de.org/up3/ontology/hoehe": "222.91", "https://registry.gdi-de.org/up3/ontology/knoten-ID": "2318", "http://rdfs.org/ns/void#inDataset.value": "33321"}, "geometry": {"type": "Point", "coordinates": [7.0601713095, 51.2195960168, 222.91]}}, {"type": "Feature", "id": "https://registry.gdi-de.org/de.nw/radnetz/instances/Knoten_Wuppertal_1189691304", "name": " (ex-nw:Knoten_Wuppertal_1189691304)", "dateprops": [], "properties": {"https://registry.gdi-de.org/up3/ontology/hoehe": "196.73", "https://registry.gdi-de.org/up3/ontology/knoten-ID": "1189691304", "http://rdfs.org/ns/void#inDataset.value": "33321"}, "geometry": {"type": "Point", "coordinates": [7.1665437848, 51.2153378299, 196.73]}}, {"type": "Feature", "id": "https://registry.gdi-de.org/de.nw/radnetz/instances/Knoten_Wuppertal_5807", "name": " (ex-nw:Knoten_Wuppertal_5807)", "dateprops": [], "properties": {"https://registry.gdi-de.org/up3/ontology/hoehe": "190.7", "https://registry.gdi-de.org/up3/ontology/knoten-ID": "5807", "http://rdfs.org/ns/void#inDataset.value": "33321"}, "geometry": {"type": "Point", "coordinates": [7.1579758441, 51.2520354057, 190.7]}}, {"type": "Feature", "id": "https://registry.gdi-de.org/de.nw/radnetz/instances/Knoten_Wuppertal_8201", "name": " (ex-nw:Knoten_Wuppertal_8201)", "dateprops": [], "properties": {"https://registry.gdi-de.org/up3/ontology/hoehe": "158.33", "https://registry.gdi-de.org/up3/ontology/knoten-ID": "8201", "http://rdfs.org/ns/void#inDataset.value": "33321"}, "geometry": {"type": "Point", "coordinates": [7.214289868, 51.2744837606, 158.33]}}, {"type": "Feature", "id": "https://registry.gdi-de.org/de.nw/radnetz/instances/Knoten_Wuppertal_2193", "name": " (ex-nw:Knoten_Wuppertal_2193)", "dateprops": [], "properties": {"https://registry.gdi-de.org/up3/ontology/hoehe": "222.45", "https://registry.gdi-de.org/up3/ontology/knoten-ID": "2193", "http://rdfs.org/ns/void#inDataset.value": "33321"}, "geometry": {"type": "Point", "coordinates": [7.051329871, 51.2102149175, 222.45]}}, {"type": "Feature", "id": "https://registry.gdi-de.org/de.nw/radnetz/instances/Knoten_Wuppertal_2706", "name": " (ex-nw:Knoten_Wuppertal_2706)", "dateprops": [], "properties": {"https://registry.gdi-de.org/up3/ontology/hoehe": "186.48", "https://registry.gdi-de.org/up3/ontology/knoten-ID": "2706", "http://rdfs.org/ns/void#inDataset.value": "33321"}, "geometry": {"type": "Point", "coordinates": [7.0733146705, 51.2655760342, 186.48]}}, {"type": "Feature", "id": "https://registry.gdi-de.org/de.nw/radnetz/instances/Knoten_Wuppertal_4922", "name": " (ex-nw:Knoten_Wuppertal_4922)", "dateprops": [], "properties": {"https://registry.gdi-de.org/up3/ontology/hoehe": "305.35", "https://registry.gdi-de.org/up3/ontology/knoten-ID": "4922", "http://rdfs.org/ns/void#inDataset.value": "33321"}, "geometry": {"type": "Point", "coordinates": [7.14399618, 51.2260956015, 305.35]}}, {"type": "Feature", "id": "https://registry.gdi-de.org/de.nw/radnetz/instances/Knoten_Wuppertal_3505", "name": " (ex-nw:Knoten_Wuppertal_3505)", "dateprops": [], "properties": {"https://registry.gdi-de.org/up3/ontology/hoehe": "152.46", "https://registry.gdi-de.org/up3/ontology/knoten-ID": "3505", "http://rdfs.org/ns/void#inDataset.value": "33321"}, "geometry": {"type": "Point", "coordinates": [7.1136277391, 51.1939926767, 152.46]}}, {"type": "Feature", "id": "https://registry.gdi-de.org/de.nw/radnetz/instances/Knoten_Wuppertal_60282", "name": " (ex-nw:Knoten_Wuppertal_60282)", "dateprops": [], "properties": {"https://registry.gdi-de.org/up3/ontology/hoehe": "191.81", "https://registry.gdi-de.org/up3/ontology/knoten-ID": "60282", "http://rdfs.org/ns/void#inDataset.value": "33321"}, "geometry": {"type": "Point", "coordinates": [7.2271429433, 51.2853811706, 191.81]}}, {"type": "Feature", "id": "https://registry.gdi-de.org/de.nw/radnetz/instances/Knoten_Wuppertal_3041", "name": " (ex-nw:Knoten_Wuppertal_3041)", "dateprops": [], "properties": {"https://registry.gdi-de.org/up3/ontology/hoehe": "233.98", "https://registry.gdi-de.org/up3/ontology/knoten-ID": "3041", "http://rdfs.org/ns/void#inDataset.value": "33321"}, "geometry": {"type": "Point", "coordinates": [7.0915608091, 51.2600805143, 233.98]}}, {"type": "Feature", "id": "https://registry.gdi-de.org/de.nw/radnetz/instances/Knoten_Wuppertal_9222", "name": " (ex-nw:Knoten_Wuppertal_9222)", "dateprops": [], "properties": {"https://registry.gdi-de.org/up3/ontology/hoehe": "200.36", "https://registry.gdi-de.org/up3/ontology/knoten-ID": "9222", "http://rdfs.org/ns/void#inDataset.value": "33321"}, "geometry": {"type": "Point", "coordinates": [7.2456885263, 51.2750719753, 200.36]}}, {"type": "Feature", "id": "https://registry.gdi-de.org/de.nw/radnetz/instances/Knoten_Wuppertal_99999903", "name": " (ex-nw:Knoten_Wuppertal_99999903)", "dateprops": [], "properties": {"https://registry.gdi-de.org/up3/ontology/hoehe": "188.9", "https://registry.gdi-de.org/up3/ontology/knoten-ID": "99999903", "http://rdfs.org/ns/void#inDataset.value": "33321"}, "geometry": {"type": "Point", "coordinates": [7.226446771, 51.2768085712, 188.9]}}, {"type": "Feature", "id": "https://registry.gdi-de.org/de.nw/radnetz/instances/Knoten_Wuppertal_3529", "name": " (ex-nw:Knoten_Wuppertal_3529)", "dateprops": [], "properties": {"https://registry.gdi-de.org/up3/ontology/hoehe": "251.17", "https://registry.gdi-de.org/up3/ontology/knoten-ID": "3529", "http://rdfs.org/ns/void#inDataset.value": "33321"}, "geometry": {"type": "Point", "coordinates": [7.1105023964, 51.2865400091, 251.17]}}, {"type": "Feature", "id": "https://registry.gdi-de.org/de.nw/radnetz/instances/Knoten_Wuppertal_4253", "name": " (ex-nw:Knoten_Wuppertal_4253)", "dateprops": [], "properties": {"https://registry.gdi-de.org/up3/ontology/hoehe": "269.89", "https://registry.gdi-de.org/up3/ontology/knoten-ID": "4253", "http://rdfs.org/ns/void#inDataset.value": "33321"}, "geometry": {"type": "Point", "coordinates": [7.1314898981, 51.201237164, 269.89]}}, {"type": "Feature", "id": "https://registry.gdi-de.org/de.nw/radnetz/instances/Knoten_Wuppertal_1189691248", "name": " (ex-nw:Knoten_Wuppertal_1189691248)", "dateprops": [], "properties": {"https://registry.gdi-de.org/up3/ontology/hoehe": "263.27", "https://registry.gdi-de.org/up3/ontology/knoten-ID": "1189691248", "http://rdfs.org/ns/void#inDataset.value": "33321"}, "geometry": {"type": "Point", "coordinates": [7.1314109251, 51.1994907011, 263.27]}}, {"type": "Feature", "id": "https://registry.gdi-de.org/de.nw/radnetz/instances/Knoten_Wuppertal_2646", "name": " (ex-nw:Knoten_Wuppertal_2646)", "dateprops": [], "properties": {"https://registry.gdi-de.org/up3/ontology/hoehe": "180.48", "https://registry.gdi-de.org/up3/ontology/knoten-ID": "2646", "http://rdfs.org/ns/void#inDataset.value": "33321"}, "geometry": {"type": "Point", "coordinates": [7.0723923559, 51.2354935423, 180.48]}}, {"type": "Feature", "id": "https://registry.gdi-de.org/de.nw/radnetz/instances/Knoten_Wuppertal_3306", "name": " (ex-nw:Knoten_Wuppertal_3306)", "dateprops": [], "properties": {"https://registry.gdi-de.org/up3/ontology/hoehe": "130.14", "https://registry.gdi-de.org/up3/ontology/knoten-ID": "3306", "http://rdfs.org/ns/void#inDataset.value": "33321"}, "geometry": {"type": "Point", "coordinates": [7.1051721178, 51.2287344049, 130.14]}}, {"type": "Feature", "id": "https://registry.gdi-de.org/de.nw/radnetz/instances/Knoten_Wuppertal_60315", "name": " (ex-nw:Knoten_Wuppertal_60315)", "dateprops": [], "properties": {"https://registry.gdi-de.org/up3/ontology/hoehe": "299.25", "https://registry.gdi-de.org/up3/ontology/knoten-ID": "60315", "http://rdfs.org/ns/void#inDataset.value": "33321"}, "geometry": {"type": "Point", "coordinates": [7.1422524651, 51.2209670514, 299.25]}}, {"type": "Feature", "id": "https://registry.gdi-de.org/de.nw/radnetz/instances/Knoten_Wuppertal_8967", "name": " (ex-nw:Knoten_Wuppertal_8967)", "dateprops": [], "properties": {"https://registry.gdi-de.org/up3/ontology/hoehe": "168.14", "https://registry.gdi-de.org/up3/ontology/knoten-ID": "8967", "http://rdfs.org/ns/void#inDataset.value": "33321"}, "geometry": {"type": "Point", "coordinates": [7.237037858, 51.2643950209, 168.14]}}, {"type": "Feature", "id": "https://registry.gdi-de.org/de.nw/radnetz/instances/Knoten_Wuppertal_9353", "name": " (ex-nw:Knoten_Wuppertal_9353)", "dateprops": [], "properties": {"https://registry.gdi-de.org/up3/ontology/hoehe": "314.85", "https://registry.gdi-de.org/up3/ontology/knoten-ID": "9353", "http://rdfs.org/ns/void#inDataset.value": "33321"}, "geometry": {"type": "Point", "coordinates": [7.2497580262, 51.3101014178, 314.85]}}, {"type": "Feature", "id": "https://registry.gdi-de.org/de.nw/radnetz/instances/Knoten_Wuppertal_60268", "name": " (ex-nw:Knoten_Wuppertal_60268)", "dateprops": [], "properties": {"https://registry.gdi-de.org/up3/ontology/hoehe": "188.27", "https://registry.gdi-de.org/up3/ontology/knoten-ID": "60268", "http://rdfs.org/ns/void#inDataset.value": "33321"}, "geometry": {"type": "Point", "coordinates": [7.2162083162, 51.2775995315, 188.27]}}, {"type": "Feature", "id": "https://registry.gdi-de.org/de.nw/radnetz/instances/Knoten_Wuppertal_60310", "name": " (ex-nw:Knoten_Wuppertal_60310)", "dateprops": [], "properties": {"https://registry.gdi-de.org/up3/ontology/hoehe": "267.81", "https://registry.gdi-de.org/up3/ontology/knoten-ID": "60310", "http://rdfs.org/ns/void#inDataset.value": "33321"}, "geometry": {"type": "Point", "coordinates": [7.1242616957, 51.2276598372, 267.81]}}, {"type": "Feature", "id": "https://registry.gdi-de.org/de.nw/radnetz/instances/Knoten_Wuppertal_112890102", "name": " (ex-nw:Knoten_Wuppertal_112890102)", "dateprops": [], "properties": {"https://registry.gdi-de.org/up3/ontology/hoehe": "290.38", "https://registry.gdi-de.org/up3/ontology/knoten-ID": "112890102", "http://rdfs.org/ns/void#inDataset.value": "33321"}, "geometry": {"type": "Point", "coordinates": [7.1469163109, 51.2830384362, 290.38]}}, {"type": "Feature", "id": "https://registry.gdi-de.org/de.nw/radnetz/instances/Knoten_Wuppertal_3202", "name": " (ex-nw:Knoten_Wuppertal_3202)", "dateprops": [], "properties": {"https://registry.gdi-de.org/up3/ontology/hoehe": "247.31", "https://registry.gdi-de.org/up3/ontology/knoten-ID": "3202", "http://rdfs.org/ns/void#inDataset.value": "33321"}, "geometry": {"type": "Point", "coordinates": [7.0986855229, 51.263276966, 247.31]}}, {"type": "Feature", "id": "https://registry.gdi-de.org/de.nw/radnetz/instances/Knoten_Wuppertal_7127", "name": " (ex-nw:Knoten_Wuppertal_7127)", "dateprops": [], "properties": {"https://registry.gdi-de.org/up3/ontology/hoehe": "153.12", "https://registry.gdi-de.org/up3/ontology/knoten-ID": "7127", "http://rdfs.org/ns/void#inDataset.value": "33321"}, "geometry": {"type": "Point", "coordinates": [7.1929898166, 51.2684964335, 153.12]}}, {"type": "Feature", "id": "https://registry.gdi-de.org/de.nw/radnetz/instances/Knoten_Wuppertal_1189691205", "name": " (ex-nw:Knoten_Wuppertal_1189691205)", "dateprops": [], "properties": {"https://registry.gdi-de.org/up3/ontology/hoehe": "140.42", "https://registry.gdi-de.org/up3/ontology/knoten-ID": "1189691205", "http://rdfs.org/ns/void#inDataset.value": "33321"}, "geometry": {"type": "Point", "coordinates": [7.1290356725, 51.2514862859, 140.42]}}, {"type": "Feature", "id": "https://registry.gdi-de.org/de.nw/radnetz/instances/Knoten_Wuppertal_5142", "name": " (ex-nw:Knoten_Wuppertal_5142)", "dateprops": [], "properties": {"https://registry.gdi-de.org/up3/ontology/hoehe": "161.52", "https://registry.gdi-de.org/up3/ontology/knoten-ID": "5142", "http://rdfs.org/ns/void#inDataset.value": "33321"}, "geometry": {"type": "Point", "coordinates": [7.145866955, 51.2630630558, 161.52]}}, {"type": "Feature", "id": "https://registry.gdi-de.org/de.nw/radnetz/instances/Knoten_Wuppertal_5434", "name": " (ex-nw:Knoten_Wuppertal_5434)", "dateprops": [], "properties": {"https://registry.gdi-de.org/up3/ontology/hoehe": "147.78", "https://registry.gdi-de.org/up3/ontology/knoten-ID": "5434", "http://rdfs.org/ns/void#inDataset.value": "33321"}, "geometry": {"type": "Point", "coordinates": [7.1507601353, 51.2561877117, 147.78]}}, {"type": "Feature", "id": "https://registry.gdi-de.org/de.nw/radnetz/instances/Knoten_Wuppertal_10775", "name": " (ex-nw:Knoten_Wuppertal_10775)", "dateprops": [], "properties": {"https://registry.gdi-de.org/up3/ontology/hoehe": "186.05", "https://registry.gdi-de.org/up3/ontology/knoten-ID": "10775", "http://rdfs.org/ns/void#inDataset.value": "33321"}, "geometry": {"type": "Point", "coordinates": [7.0729487148, 51.2292231397, 186.05]}}, {"type": "Feature", "id": "https://registry.gdi-de.org/de.nw/radnetz/instances/Knoten_Wuppertal_1189691204", "name": " (ex-nw:Knoten_Wuppertal_1189691204)", "dateprops": [], "properties": {"https://registry.gdi-de.org/up3/ontology/hoehe": "139.9", "https://registry.gdi-de.org/up3/ontology/knoten-ID": "1189691204", "http://rdfs.org/ns/void#inDataset.value": "33321"}, "geometry": {"type": "Point", "coordinates": [7.1246578364, 51.2494351032, 139.9]}}, {"type": "Feature", "id": "https://registry.gdi-de.org/de.nw/radnetz/instances/Knoten_Wuppertal_60266", "name": " (ex-nw:Knoten_Wuppertal_60266)", "dateprops": [], "properties": {"https://registry.gdi-de.org/up3/ontology/hoehe": "187.22", "https://registry.gdi-de.org/up3/ontology/knoten-ID": "60266", "http://rdfs.org/ns/void#inDataset.value": "33321"}, "geometry": {"type": "Point", "coordinates": [7.2131338529, 51.2775402407, 187.22]}}, {"type": "Feature", "id": "https://registry.gdi-de.org/de.nw/radnetz/instances/Knoten_Wuppertal_9381", "name": " (ex-nw:Knoten_Wuppertal_9381)", "dateprops": [], "properties": {"https://registry.gdi-de.org/up3/ontology/hoehe": "304.33", "https://registry.gdi-de.org/up3/ontology/knoten-ID": "9381", "http://rdfs.org/ns/void#inDataset.value": "33321"}, "geometry": {"type": "Point", "coordinates": [7.2545042163, 51.2187811764, 304.33]}}, {"type": "Feature", "id": "https://registry.gdi-de.org/de.nw/radnetz/instances/Knoten_Wuppertal_5255", "name": " (ex-nw:Knoten_Wuppertal_5255)", "dateprops": [], "properties": {"https://registry.gdi-de.org/up3/ontology/hoehe": "151.84", "https://registry.gdi-de.org/up3/ontology/knoten-ID": "5255", "http://rdfs.org/ns/void#inDataset.value": "33321"}, "geometry": {"type": "Point", "coordinates": [7.1476259244, 51.2637868785, 151.84]}}, {"type": "Feature", "id": "https://registry.gdi-de.org/de.nw/radnetz/instances/Knoten_Wuppertal_node_f2f65d34815f", "name": " (ex-nw:Knoten_Wuppertal_node_f2f65d34815f)", "dateprops": [], "properties": {"https://registry.gdi-de.org/up3/ontology/hoehe": "171.27", "https://registry.gdi-de.org/up3/ontology/knoten-ID": "node_f2f65d34815f", "http://rdfs.org/ns/void#inDataset.value": "33321"}, "geometry": {"type": "Point", "coordinates": [7.145207, 51.2661, 171.27]}}, {"type": "Feature", "id": "https://registry.gdi-de.org/de.nw/radnetz/instances/Knoten_Wuppertal_114210101", "name": " (ex-nw:Knoten_Wuppertal_114210101)", "dateprops": [], "properties": {"https://registry.gdi-de.org/up3/ontology/hoehe": "262.95", "https://registry.gdi-de.org/up3/ontology/knoten-ID": "114210101", "http://rdfs.org/ns/void#inDataset.value": "33321"}, "geometry": {"type": "Point", "coordinates": [7.1313778714, 51.1993374557, 262.95]}}, {"type": "Feature", "id": "https://registry.gdi-de.org/de.nw/radnetz/instances/Knoten_Wuppertal_116010301", "name": " (ex-nw:Knoten_Wuppertal_116010301)", "dateprops": [], "properties": {"https://registry.gdi-de.org/up3/ontology/hoehe": "161.11", "https://registry.gdi-de.org/up3/ontology/knoten-ID": "116010301", "http://rdfs.org/ns/void#inDataset.value": "33321"}, "geometry": {"type": "Point", "coordinates": [7.2178039662, 51.2757750244, 161.11]}}, {"type": "Feature", "id": "https://registry.gdi-de.org/de.nw/radnetz/instances/Knoten_Wuppertal_8873", "name": " (ex-nw:Knoten_Wuppertal_8873)", "dateprops": [], "properties": {"https://registry.gdi-de.org/up3/ontology/hoehe": "165.27", "https://registry.gdi-de.org/up3/ontology/knoten-ID": "8873", "http://rdfs.org/ns/void#inDataset.value": "33321"}, "geometry": {"type": "Point", "coordinates": [7.2340936279, 51.266094165, 165.27]}}, {"type": "Feature", "id": "https://registry.gdi-de.org/de.nw/radnetz/instances/Knoten_Wuppertal_1189691215", "name": " (ex-nw:Knoten_Wuppertal_1189691215)", "dateprops": [], "properties": {"https://registry.gdi-de.org/up3/ontology/hoehe": "251.2", "https://registry.gdi-de.org/up3/ontology/knoten-ID": "1189691215", "http://rdfs.org/ns/void#inDataset.value": "33321"}, "geometry": {"type": "Point", "coordinates": [7.1105493575, 51.2864643976, 251.2]}}, {"type": "Feature", "id": "https://registry.gdi-de.org/de.nw/radnetz/instances/Knoten_Wuppertal_99999904", "name": " (ex-nw:Knoten_Wuppertal_99999904)", "dateprops": [], "properties": {"https://registry.gdi-de.org/up3/ontology/hoehe": "188.6", "https://registry.gdi-de.org/up3/ontology/knoten-ID": "99999904", "http://rdfs.org/ns/void#inDataset.value": "33321"}, "geometry": {"type": "Point", "coordinates": [7.231030572, 51.2777067149, 188.6]}}, {"type": "Feature", "id": "https://registry.gdi-de.org/de.nw/radnetz/instances/Knoten_Wuppertal_1189691174", "name": " (ex-nw:Knoten_Wuppertal_1189691174)", "dateprops": [], "properties": {"https://registry.gdi-de.org/up3/ontology/hoehe": "320.28", "https://registry.gdi-de.org/up3/ontology/knoten-ID": "1189691174", "http://rdfs.org/ns/void#inDataset.value": "33321"}, "geometry": {"type": "Point", "coordinates": [7.2490076954, 51.3129753171, 320.28]}}, {"type": "Feature", "id": "https://registry.gdi-de.org/de.nw/radnetz/instances/Knoten_Wuppertal_7554", "name": " (ex-nw:Knoten_Wuppertal_7554)", "dateprops": [], "properties": {"https://registry.gdi-de.org/up3/ontology/hoehe": "275.92", "https://registry.gdi-de.org/up3/ontology/knoten-ID": "7554", "http://rdfs.org/ns/void#inDataset.value": "33321"}, "geometry": {"type": "Point", "coordinates": [7.2018865539, 51.2276186691, 275.92]}}, {"type": "Feature", "id": "https://registry.gdi-de.org/de.nw/radnetz/instances/Knoten_Wuppertal_3269", "name": " (ex-nw:Knoten_Wuppertal_3269)", "dateprops": [], "properties": {"https://registry.gdi-de.org/up3/ontology/hoehe": "137.82", "https://registry.gdi-de.org/up3/ontology/knoten-ID": "3269", "http://rdfs.org/ns/void#inDataset.value": "33321"}, "geometry": {"type": "Point", "coordinates": [7.103106974, 51.2426953981, 137.82]}}, {"type": "Feature", "id": "https://registry.gdi-de.org/de.nw/radnetz/instances/Knoten_Wuppertal_116730101", "name": " (ex-nw:Knoten_Wuppertal_116730101)", "dateprops": [], "properties": {"https://registry.gdi-de.org/up3/ontology/hoehe": "163.28", "https://registry.gdi-de.org/up3/ontology/knoten-ID": "116730101", "http://rdfs.org/ns/void#inDataset.value": "33321"}, "geometry": {"type": "Point", "coordinates": [7.2319573596, 51.2698362443, 163.28]}}, {"type": "Feature", "id": "https://registry.gdi-de.org/de.nw/radnetz/instances/Knoten_Wuppertal_5989", "name": " (ex-nw:Knoten_Wuppertal_5989)", "dateprops": [], "properties": {"https://registry.gdi-de.org/up3/ontology/hoehe": "213.65", "https://registry.gdi-de.org/up3/ontology/knoten-ID": "5989", "http://rdfs.org/ns/void#inDataset.value": "33321"}, "geometry": {"type": "Point", "coordinates": [7.163183749, 51.2186935013, 213.65]}}, {"type": "Feature", "id": "https://registry.gdi-de.org/de.nw/radnetz/instances/Knoten_Wuppertal_60238", "name": " (ex-nw:Knoten_Wuppertal_60238)", "dateprops": [], "properties": {"https://registry.gdi-de.org/up3/ontology/hoehe": "176.6", "https://registry.gdi-de.org/up3/ontology/knoten-ID": "60238", "http://rdfs.org/ns/void#inDataset.value": "33321"}, "geometry": {"type": "Point", "coordinates": [7.1387826586, 51.2658111915, 176.6]}}, {"type": "Feature", "id": "https://registry.gdi-de.org/de.nw/radnetz/instances/Knoten_Wuppertal_3831", "name": " (ex-nw:Knoten_Wuppertal_3831)", "dateprops": [], "properties": {"https://registry.gdi-de.org/up3/ontology/hoehe": "281.4", "https://registry.gdi-de.org/up3/ontology/knoten-ID": "3831", "http://rdfs.org/ns/void#inDataset.value": "33321"}, "geometry": {"type": "Point", "coordinates": [7.1229199504, 51.2043932898, 281.4]}}, {"type": "Feature", "id": "https://registry.gdi-de.org/de.nw/radnetz/instances/Knoten_Wuppertal_4322", "name": " (ex-nw:Knoten_Wuppertal_4322)", "dateprops": [], "properties": {"https://registry.gdi-de.org/up3/ontology/hoehe": "283.73", "https://registry.gdi-de.org/up3/ontology/knoten-ID": "4322", "http://rdfs.org/ns/void#inDataset.value": "33321"}, "geometry": {"type": "Point", "coordinates": [7.1296805123, 51.2760965797, 283.73]}}, {"type": "Feature", "id": "https://registry.gdi-de.org/de.nw/radnetz/instances/Knoten_Wuppertal_115000104", "name": " (ex-nw:Knoten_Wuppertal_115000104)", "dateprops": [], "properties": {"https://registry.gdi-de.org/up3/ontology/hoehe": "267.47", "https://registry.gdi-de.org/up3/ontology/knoten-ID": "115000104", "http://rdfs.org/ns/void#inDataset.value": "33321"}, "geometry": {"type": "Point", "coordinates": [7.1994402177, 51.2238716915, 267.47]}}, {"type": "Feature", "id": "https://registry.gdi-de.org/de.nw/radnetz/instances/Knoten_Wuppertal_113370102", "name": " (ex-nw:Knoten_Wuppertal_113370102)", "dateprops": [], "properties": {"https://registry.gdi-de.org/up3/ontology/hoehe": "186.27", "https://registry.gdi-de.org/up3/ontology/knoten-ID": "113370102", "http://rdfs.org/ns/void#inDataset.value": "33321"}, "geometry": {"type": "Point", "coordinates": [7.0630023523, 51.2312693878, 186.27]}}, {"type": "Feature", "id": "https://registry.gdi-de.org/de.nw/radnetz/instances/Knoten_Wuppertal_2964", "name": " (ex-nw:Knoten_Wuppertal_2964)", "dateprops": [], "properties": {"https://registry.gdi-de.org/up3/ontology/hoehe": "201.44", "https://registry.gdi-de.org/up3/ontology/knoten-ID": "2964", "http://rdfs.org/ns/void#inDataset.value": "33321"}, "geometry": {"type": "Point", "coordinates": [7.0880129242, 51.2566437075, 201.44]}}, {"type": "Feature", "id": "https://registry.gdi-de.org/de.nw/radnetz/instances/Knoten_Wuppertal_5264", "name": " (ex-nw:Knoten_Wuppertal_5264)", "dateprops": [], "properties": {"https://registry.gdi-de.org/up3/ontology/hoehe": "150.14", "https://registry.gdi-de.org/up3/ontology/knoten-ID": "5264", "http://rdfs.org/ns/void#inDataset.value": "33321"}, "geometry": {"type": "Point", "coordinates": [7.1477882729, 51.2628857367, 150.14]}}, {"type": "Feature", "id": "https://registry.gdi-de.org/de.nw/radnetz/instances/Knoten_Wuppertal_114060101", "name": " (ex-nw:Knoten_Wuppertal_114060101)", "dateprops": [], "properties": {"https://registry.gdi-de.org/up3/ontology/hoehe": "325.39", "https://registry.gdi-de.org/up3/ontology/knoten-ID": "114060101", "http://rdfs.org/ns/void#inDataset.value": "33321"}, "geometry": {"type": "Point", "coordinates": [7.1521813475, 51.2205220773, 325.39]}}, {"type": "Feature", "id": "https://registry.gdi-de.org/de.nw/radnetz/instances/Knoten_Wuppertal_1189691303", "name": " (ex-nw:Knoten_Wuppertal_1189691303)", "dateprops": [], "properties": {"https://registry.gdi-de.org/up3/ontology/hoehe": "222.0", "https://registry.gdi-de.org/up3/ontology/knoten-ID": "1189691303", "http://rdfs.org/ns/void#inDataset.value": "33321"}, "geometry": {"type": "Point", "coordinates": [7.3113295501, 51.2205226401, 222.0]}}, {"type": "Feature", "id": "https://registry.gdi-de.org/de.nw/radnetz/instances/Knoten_Wuppertal_1189691226", "name": " (ex-nw:Knoten_Wuppertal_1189691226)", "dateprops": [], "properties": {"https://registry.gdi-de.org/up3/ontology/hoehe": "325.08", "https://registry.gdi-de.org/up3/ontology/knoten-ID": "1189691226", "http://rdfs.org/ns/void#inDataset.value": "33321"}, "geometry": {"type": "Point", "coordinates": [7.1663880031, 51.239809925, 325.08]}}, {"type": "Feature", "id": "https://registry.gdi-de.org/de.nw/radnetz/instances/Knoten_Wuppertal_9464", "name": " (ex-nw:Knoten_Wuppertal_9464)", "dateprops": [], "properties": {"https://registry.gdi-de.org/up3/ontology/hoehe": "186.12", "https://registry.gdi-de.org/up3/ontology/knoten-ID": "9464", "http://rdfs.org/ns/void#inDataset.value": "33321"}, "geometry": {"type": "Point", "coordinates": [7.2553971094, 51.2850130871, 186.12]}}, {"type": "Feature", "id": "https://registry.gdi-de.org/de.nw/radnetz/instances/Knoten_Wuppertal_114300101", "name": " (ex-nw:Knoten_Wuppertal_114300101)", "dateprops": [], "properties": {"https://registry.gdi-de.org/up3/ontology/hoehe": "282.6", "https://registry.gdi-de.org/up3/ontology/knoten-ID": "114300101", "http://rdfs.org/ns/void#inDataset.value": "33321"}, "geometry": {"type": "Point", "coordinates": [7.1234652765, 51.2045070563, 282.6]}}, {"type": "Feature", "id": "https://registry.gdi-de.org/de.nw/radnetz/instances/Knoten_Wuppertal_5428", "name": " (ex-nw:Knoten_Wuppertal_5428)", "dateprops": [], "properties": {"https://registry.gdi-de.org/up3/ontology/hoehe": "327.71", "https://registry.gdi-de.org/up3/ontology/knoten-ID": "5428", "http://rdfs.org/ns/void#inDataset.value": "33321"}, "geometry": {"type": "Point", "coordinates": [7.1520125351, 51.2232124105, 327.71]}}, {"type": "Feature", "id": "https://registry.gdi-de.org/de.nw/radnetz/instances/Knoten_Wuppertal_2760", "name": " (ex-nw:Knoten_Wuppertal_2760)", "dateprops": [], "properties": {"https://registry.gdi-de.org/up3/ontology/hoehe": "193.73", "https://registry.gdi-de.org/up3/ontology/knoten-ID": "2760", "http://rdfs.org/ns/void#inDataset.value": "33321"}, "geometry": {"type": "Point", "coordinates": [7.0766483313, 51.2536159507, 193.73]}}, {"type": "Feature", "id": "https://registry.gdi-de.org/de.nw/radnetz/instances/Knoten_Wuppertal_9543", "name": " (ex-nw:Knoten_Wuppertal_9543)", "dateprops": [], "properties": {"https://registry.gdi-de.org/up3/ontology/hoehe": "310.53", "https://registry.gdi-de.org/up3/ontology/knoten-ID": "9543", "http://rdfs.org/ns/void#inDataset.value": "33321"}, "geometry": {"type": "Point", "coordinates": [7.2617273816, 51.2270242482, 310.53]}}, {"type": "Feature", "id": "https://registry.gdi-de.org/de.nw/radnetz/instances/Knoten_Wuppertal_node_bf2f8c92ad1a", "name": " (ex-nw:Knoten_Wuppertal_node_bf2f8c92ad1a)", "dateprops": [], "properties": {"https://registry.gdi-de.org/up3/ontology/hoehe": "172.28", "https://registry.gdi-de.org/up3/ontology/knoten-ID": "node_bf2f8c92ad1a", "http://rdfs.org/ns/void#inDataset.value": "33321"}, "geometry": {"type": "Point", "coordinates": [7.145154, 51.266355, 172.28]}}, {"type": "Feature", "id": "https://registry.gdi-de.org/de.nw/radnetz/instances/Knoten_Wuppertal_113230102", "name": " (ex-nw:Knoten_Wuppertal_113230102)", "dateprops": [], "properties": {"https://registry.gdi-de.org/up3/ontology/hoehe": "199.58", "https://registry.gdi-de.org/up3/ontology/knoten-ID": "113230102", "http://rdfs.org/ns/void#inDataset.value": "33321"}, "geometry": {"type": "Point", "coordinates": [7.0709059192, 51.2455346521, 199.58]}}, {"type": "Feature", "id": "https://registry.gdi-de.org/de.nw/radnetz/instances/Knoten_Wuppertal_5111", "name": " (ex-nw:Knoten_Wuppertal_5111)", "dateprops": [], "properties": {"https://registry.gdi-de.org/up3/ontology/hoehe": "163.86", "https://registry.gdi-de.org/up3/ontology/knoten-ID": "5111", "http://rdfs.org/ns/void#inDataset.value": "33321"}, "geometry": {"type": "Point", "coordinates": [7.1453075278, 51.2656165528, 163.86]}}, {"type": "Feature", "id": "https://registry.gdi-de.org/de.nw/radnetz/instances/Knoten_Wuppertal_137520102", "name": " (ex-nw:Knoten_Wuppertal_137520102)", "dateprops": [], "properties": {"https://registry.gdi-de.org/up3/ontology/hoehe": "216.0", "https://registry.gdi-de.org/up3/ontology/knoten-ID": "137520102", "http://rdfs.org/ns/void#inDataset.value": "33321"}, "geometry": {"type": "Point", "coordinates": [7.0742445752, 51.1998516199, 216.0]}}, {"type": "Feature", "id": "https://registry.gdi-de.org/de.nw/radnetz/instances/Knoten_Wuppertal_9397", "name": " (ex-nw:Knoten_Wuppertal_9397)", "dateprops": [], "properties": {"https://registry.gdi-de.org/up3/ontology/hoehe": "192.15", "https://registry.gdi-de.org/up3/ontology/knoten-ID": "9397", "http://rdfs.org/ns/void#inDataset.value": "33321"}, "geometry": {"type": "Point", "coordinates": [7.2536214565, 51.2530903656, 192.15]}}, {"type": "Feature", "id": "https://registry.gdi-de.org/de.nw/radnetz/instances/Knoten_Wuppertal_3744", "name": " (ex-nw:Knoten_Wuppertal_3744)", "dateprops": [], "properties": {"https://registry.gdi-de.org/up3/ontology/hoehe": "210.29", "https://registry.gdi-de.org/up3/ontology/knoten-ID": "3744", "http://rdfs.org/ns/void#inDataset.value": "33321"}, "geometry": {"type": "Point", "coordinates": [7.1180356055, 51.2614595043, 210.29]}}, {"type": "Feature", "id": "https://registry.gdi-de.org/de.nw/radnetz/instances/Knoten_Wuppertal_117080101", "name": " (ex-nw:Knoten_Wuppertal_117080101)", "dateprops": [], "properties": {"https://registry.gdi-de.org/up3/ontology/hoehe": "194.9", "https://registry.gdi-de.org/up3/ontology/knoten-ID": "117080101", "http://rdfs.org/ns/void#inDataset.value": "33321"}, "geometry": {"type": "Point", "coordinates": [7.0880959683, 51.2833447648, 194.9]}}, {"type": "Feature", "id": "https://registry.gdi-de.org/de.nw/radnetz/instances/Knoten_Wuppertal_2222", "name": " (ex-nw:Knoten_Wuppertal_2222)", "dateprops": [], "properties": {"https://registry.gdi-de.org/up3/ontology/hoehe": "227.67", "https://registry.gdi-de.org/up3/ontology/knoten-ID": "2222", "http://rdfs.org/ns/void#inDataset.value": "33321"}, "geometry": {"type": "Point", "coordinates": [7.0540002989, 51.2108359856, 227.67]}}, {"type": "Feature", "id": "https://registry.gdi-de.org/de.nw/radnetz/instances/Knoten_Wuppertal_115120101", "name": " (ex-nw:Knoten_Wuppertal_115120101)", "dateprops": [], "properties": {"https://registry.gdi-de.org/up3/ontology/hoehe": "321.56", "https://registry.gdi-de.org/up3/ontology/knoten-ID": "115120101", "http://rdfs.org/ns/void#inDataset.value": "33321"}, "geometry": {"type": "Point", "coordinates": [7.179368655, 51.2430628941, 321.56]}}, {"type": "Feature", "id": "https://registry.gdi-de.org/de.nw/radnetz/instances/Knoten_Wuppertal_6915", "name": " (ex-nw:Knoten_Wuppertal_6915)", "dateprops": [], "properties": {"https://registry.gdi-de.org/up3/ontology/hoehe": "315.76", "https://registry.gdi-de.org/up3/ontology/knoten-ID": "6915", "http://rdfs.org/ns/void#inDataset.value": "33321"}, "geometry": {"type": "Point", "coordinates": [7.1905715442, 51.2247705258, 315.76]}}, {"type": "Feature", "id": "https://registry.gdi-de.org/de.nw/radnetz/instances/Knoten_Wuppertal_9728", "name": " (ex-nw:Knoten_Wuppertal_9728)", "dateprops": [], "properties": {"https://registry.gdi-de.org/up3/ontology/hoehe": "223.51", "https://registry.gdi-de.org/up3/ontology/knoten-ID": "9728", "http://rdfs.org/ns/void#inDataset.value": "33321"}, "geometry": {"type": "Point", "coordinates": [7.2724951395, 51.2789633808, 223.51]}}, {"type": "Feature", "id": "https://registry.gdi-de.org/de.nw/radnetz/instances/Knoten_Wuppertal_5492", "name": " (ex-nw:Knoten_Wuppertal_5492)", "dateprops": [], "properties": {"https://registry.gdi-de.org/up3/ontology/hoehe": "147.38", "https://registry.gdi-de.org/up3/ontology/knoten-ID": "5492", "http://rdfs.org/ns/void#inDataset.value": "33321"}, "geometry": {"type": "Point", "coordinates": [7.1519522987, 51.2562637713, 147.38]}}, {"type": "Feature", "id": "https://registry.gdi-de.org/de.nw/radnetz/instances/Knoten_Wuppertal_111810601", "name": " (ex-nw:Knoten_Wuppertal_111810601)", "dateprops": [], "properties": {"https://registry.gdi-de.org/up3/ontology/hoehe": "156.42", "https://registry.gdi-de.org/up3/ontology/knoten-ID": "111810601", "http://rdfs.org/ns/void#inDataset.value": "33321"}, "geometry": {"type": "Point", "coordinates": [7.2060812439, 51.2720406965, 156.42]}}, {"type": "Feature", "id": "https://registry.gdi-de.org/de.nw/radnetz/instances/Knoten_Wuppertal_117230101", "name": " (ex-nw:Knoten_Wuppertal_117230101)", "dateprops": [], "properties": {"https://registry.gdi-de.org/up3/ontology/hoehe": "217.19", "https://registry.gdi-de.org/up3/ontology/knoten-ID": "117230101", "http://rdfs.org/ns/void#inDataset.value": "33321"}, "geometry": {"type": "Point", "coordinates": [7.0729659224, 51.2608127478, 217.19]}}, {"type": "Feature", "id": "https://registry.gdi-de.org/de.nw/radnetz/instances/Knoten_Wuppertal_4695", "name": " (ex-nw:Knoten_Wuppertal_4695)", "dateprops": [], "properties": {"https://registry.gdi-de.org/up3/ontology/hoehe": "143.74", "https://registry.gdi-de.org/up3/ontology/knoten-ID": "4695", "http://rdfs.org/ns/void#inDataset.value": "33321"}, "geometry": {"type": "Point", "coordinates": [7.1384423775, 51.2568928315, 143.74]}}, {"type": "Feature", "id": "https://registry.gdi-de.org/de.nw/radnetz/instances/Knoten_Wuppertal_8563", "name": " (ex-nw:Knoten_Wuppertal_8563)", "dateprops": [], "properties": {"https://registry.gdi-de.org/up3/ontology/hoehe": "162.4", "https://registry.gdi-de.org/up3/ontology/knoten-ID": "8563", "http://rdfs.org/ns/void#inDataset.value": "33321"}, "geometry": {"type": "Point", "coordinates": [7.2231687444, 51.2754148454, 162.4]}}, {"type": "Feature", "id": "https://registry.gdi-de.org/de.nw/radnetz/instances/Knoten_Wuppertal_3686", "name": " (ex-nw:Knoten_Wuppertal_3686)", "dateprops": [], "properties": {"https://registry.gdi-de.org/up3/ontology/hoehe": "209.93", "https://registry.gdi-de.org/up3/ontology/knoten-ID": "3686", "http://rdfs.org/ns/void#inDataset.value": "33321"}, "geometry": {"type": "Point", "coordinates": [7.1162640496, 51.262220203, 209.93]}}, {"type": "Feature", "id": "https://registry.gdi-de.org/de.nw/radnetz/instances/Knoten_Wuppertal_8822", "name": " (ex-nw:Knoten_Wuppertal_8822)", "dateprops": [], "properties": {"https://registry.gdi-de.org/up3/ontology/hoehe": "169.82", "https://registry.gdi-de.org/up3/ontology/knoten-ID": "8822", "http://rdfs.org/ns/void#inDataset.value": "33321"}, "geometry": {"type": "Point", "coordinates": [7.2327460196, 51.2584352993, 169.82]}}, {"type": "Feature", "id": "https://registry.gdi-de.org/de.nw/radnetz/instances/Knoten_Wuppertal_3337", "name": " (ex-nw:Knoten_Wuppertal_3337)", "dateprops": [], "properties": {"https://registry.gdi-de.org/up3/ontology/hoehe": "136.79", "https://registry.gdi-de.org/up3/ontology/knoten-ID": "3337", "http://rdfs.org/ns/void#inDataset.value": "33321"}, "geometry": {"type": "Point", "coordinates": [7.1057524325, 51.2459213103, 136.79]}}, {"type": "Feature", "id": "https://registry.gdi-de.org/de.nw/radnetz/instances/Knoten_Wuppertal_5051", "name": " (ex-nw:Knoten_Wuppertal_5051)", "dateprops": [], "properties": {"https://registry.gdi-de.org/up3/ontology/hoehe": "146.98", "https://registry.gdi-de.org/up3/ontology/knoten-ID": "5051", "http://rdfs.org/ns/void#inDataset.value": "33321"}, "geometry": {"type": "Point", "coordinates": [7.1446283495, 51.2544319258, 146.98]}}, {"type": "Feature", "id": "https://registry.gdi-de.org/de.nw/radnetz/instances/Knoten_Wuppertal_110990101", "name": " (ex-nw:Knoten_Wuppertal_110990101)", "dateprops": [], "properties": {"https://registry.gdi-de.org/up3/ontology/hoehe": "193.13", "https://registry.gdi-de.org/up3/ontology/knoten-ID": "110990101", "http://rdfs.org/ns/void#inDataset.value": "33321"}, "geometry": {"type": "Point", "coordinates": [7.2334602738, 51.2729182019, 193.13]}}, {"type": "Feature", "id": "https://registry.gdi-de.org/de.nw/radnetz/instances/Knoten_Wuppertal_8927", "name": " (ex-nw:Knoten_Wuppertal_8927)", "dateprops": [], "properties": {"https://registry.gdi-de.org/up3/ontology/hoehe": "166.25", "https://registry.gdi-de.org/up3/ontology/knoten-ID": "8927", "http://rdfs.org/ns/void#inDataset.value": "33321"}, "geometry": {"type": "Point", "coordinates": [7.2353710561, 51.2673781995, 166.25]}}, {"type": "Feature", "id": "https://registry.gdi-de.org/de.nw/radnetz/instances/Knoten_Wuppertal_5232", "name": " (ex-nw:Knoten_Wuppertal_5232)", "dateprops": [], "properties": {"https://registry.gdi-de.org/up3/ontology/hoehe": "153.96", "https://registry.gdi-de.org/up3/ontology/knoten-ID": "5232", "http://rdfs.org/ns/void#inDataset.value": "33321"}, "geometry": {"type": "Point", "coordinates": [7.1472121508, 51.2650045948, 153.96]}}, {"type": "Feature", "id": "https://registry.gdi-de.org/de.nw/radnetz/instances/Knoten_Wuppertal_60276", "name": " (ex-nw:Knoten_Wuppertal_60276)", "dateprops": [], "properties": {"https://registry.gdi-de.org/up3/ontology/hoehe": "188.8", "https://registry.gdi-de.org/up3/ontology/knoten-ID": "60276", "http://rdfs.org/ns/void#inDataset.value": "33321"}, "geometry": {"type": "Point", "coordinates": [7.2226869142, 51.2791783806, 188.8]}}, {"type": "Feature", "id": "https://registry.gdi-de.org/de.nw/radnetz/instances/Knoten_Wuppertal_114200101", "name": " (ex-nw:Knoten_Wuppertal_114200101)", "dateprops": [], "properties": {"https://registry.gdi-de.org/up3/ontology/hoehe": "276.83", "https://registry.gdi-de.org/up3/ontology/knoten-ID": "114200101", "http://rdfs.org/ns/void#inDataset.value": "33321"}, "geometry": {"type": "Point", "coordinates": [7.1313840993, 51.2024846941, 276.83]}}, {"type": "Feature", "id": "https://registry.gdi-de.org/de.nw/radnetz/instances/Knoten_Wuppertal_118570101", "name": " (ex-nw:Knoten_Wuppertal_118570101)", "dateprops": [], "properties": {"https://registry.gdi-de.org/up3/ontology/hoehe": "271.81", "https://registry.gdi-de.org/up3/ontology/knoten-ID": "118570101", "http://rdfs.org/ns/void#inDataset.value": "33321"}, "geometry": {"type": "Point", "coordinates": [7.1302944735, 51.2749279413, 271.81]}}, {"type": "Feature", "id": "https://registry.gdi-de.org/de.nw/radnetz/instances/Knoten_Wuppertal_116450101", "name": " (ex-nw:Knoten_Wuppertal_116450101)", "dateprops": [], "properties": {"https://registry.gdi-de.org/up3/ontology/hoehe": "176.32", "https://registry.gdi-de.org/up3/ontology/knoten-ID": "116450101", "http://rdfs.org/ns/void#inDataset.value": "33321"}, "geometry": {"type": "Point", "coordinates": [7.2508370622, 51.2555398506, 176.32]}}, {"type": "Feature", "id": "https://registry.gdi-de.org/de.nw/radnetz/instances/Knoten_Wuppertal_9444", "name": " (ex-nw:Knoten_Wuppertal_9444)", "dateprops": [], "properties": {"https://registry.gdi-de.org/up3/ontology/hoehe": "180.42", "https://registry.gdi-de.org/up3/ontology/knoten-ID": "9444", "http://rdfs.org/ns/void#inDataset.value": "33321"}, "geometry": {"type": "Point", "coordinates": [7.2542283754, 51.2829089506, 180.42]}}, {"type": "Feature", "id": "https://registry.gdi-de.org/de.nw/radnetz/instances/Knoten_Wuppertal_116430102", "name": " (ex-nw:Knoten_Wuppertal_116430102)", "dateprops": [], "properties": {"https://registry.gdi-de.org/up3/ontology/hoehe": "170.28", "https://registry.gdi-de.org/up3/ontology/knoten-ID": "116430102", "http://rdfs.org/ns/void#inDataset.value": "33321"}, "geometry": {"type": "Point", "coordinates": [7.2327700126, 51.2576768328, 170.28]}}, {"type": "Feature", "id": "https://registry.gdi-de.org/de.nw/radnetz/instances/Knoten_Wuppertal_2095", "name": " (ex-nw:Knoten_Wuppertal_2095)", "dateprops": [], "properties": {"https://registry.gdi-de.org/up3/ontology/hoehe": "195.44", "https://registry.gdi-de.org/up3/ontology/knoten-ID": "2095", "http://rdfs.org/ns/void#inDataset.value": "33321"}, "geometry": {"type": "Point", "coordinates": [7.0420285047, 51.2144739212, 195.44]}}, {"type": "Feature", "id": "https://registry.gdi-de.org/de.nw/radnetz/instances/Knoten_Wuppertal_113780102", "name": " (ex-nw:Knoten_Wuppertal_113780102)", "dateprops": [], "properties": {"https://registry.gdi-de.org/up3/ontology/hoehe": "189.55", "https://registry.gdi-de.org/up3/ontology/knoten-ID": "113780102", "http://rdfs.org/ns/void#inDataset.value": "33321"}, "geometry": {"type": "Point", "coordinates": [7.1127799008, 51.2601544942, 189.55]}}, {"type": "Feature", "id": "https://registry.gdi-de.org/de.nw/radnetz/instances/Knoten_Wuppertal_1189691146", "name": " (ex-nw:Knoten_Wuppertal_1189691146)", "dateprops": [], "properties": {"https://registry.gdi-de.org/up3/ontology/hoehe": "327.57", "https://registry.gdi-de.org/up3/ontology/knoten-ID": "1189691146", "http://rdfs.org/ns/void#inDataset.value": "33321"}, "geometry": {"type": "Point", "coordinates": [7.1520192039, 51.2230774242, 327.57]}}, {"type": "Feature", "id": "https://registry.gdi-de.org/de.nw/radnetz/instances/Knoten_Wuppertal_7704", "name": " (ex-nw:Knoten_Wuppertal_7704)", "dateprops": [], "properties": {"https://registry.gdi-de.org/up3/ontology/hoehe": "252.25", "https://registry.gdi-de.org/up3/ontology/knoten-ID": "7704", "http://rdfs.org/ns/void#inDataset.value": "33321"}, "geometry": {"type": "Point", "coordinates": [7.2053887095, 51.2165709483, 252.25]}}, {"type": "Feature", "id": "https://registry.gdi-de.org/de.nw/radnetz/instances/Knoten_Wuppertal_9007", "name": " (ex-nw:Knoten_Wuppertal_9007)", "dateprops": [], "properties": {"https://registry.gdi-de.org/up3/ontology/hoehe": "199.39", "https://registry.gdi-de.org/up3/ontology/knoten-ID": "9007", "http://rdfs.org/ns/void#inDataset.value": "33321"}, "geometry": {"type": "Point", "coordinates": [7.2379890364, 51.2737934686, 199.39]}}, {"type": "Feature", "id": "https://registry.gdi-de.org/de.nw/radnetz/instances/Knoten_Wuppertal_9327", "name": " (ex-nw:Knoten_Wuppertal_9327)", "dateprops": [], "properties": {"https://registry.gdi-de.org/up3/ontology/hoehe": "176.48", "https://registry.gdi-de.org/up3/ontology/knoten-ID": "9327", "http://rdfs.org/ns/void#inDataset.value": "33321"}, "geometry": {"type": "Point", "coordinates": [7.2512291056, 51.2556007312, 176.48]}}, {"type": "Feature", "id": "https://registry.gdi-de.org/de.nw/radnetz/instances/Knoten_Wuppertal_119240101", "name": " (ex-nw:Knoten_Wuppertal_119240101)", "dateprops": [], "properties": {"https://registry.gdi-de.org/up3/ontology/hoehe": "200.8", "https://registry.gdi-de.org/up3/ontology/knoten-ID": "119240101", "http://rdfs.org/ns/void#inDataset.value": "33321"}, "geometry": {"type": "Point", "coordinates": [7.0442823227, 51.2306527524, 200.8]}}, {"type": "Feature", "id": "https://registry.gdi-de.org/de.nw/radnetz/instances/Knoten_Wuppertal_116470102", "name": " (ex-nw:Knoten_Wuppertal_116470102)", "dateprops": [], "properties": {"https://registry.gdi-de.org/up3/ontology/hoehe": "178.59", "https://registry.gdi-de.org/up3/ontology/knoten-ID": "116470102", "http://rdfs.org/ns/void#inDataset.value": "33321"}, "geometry": {"type": "Point", "coordinates": [7.2626750923, 51.2554559514, 178.59]}}, {"type": "Feature", "id": "https://registry.gdi-de.org/de.nw/radnetz/instances/Knoten_Wuppertal_5212", "name": " (ex-nw:Knoten_Wuppertal_5212)", "dateprops": [], "properties": {"https://registry.gdi-de.org/up3/ontology/hoehe": "165.9", "https://registry.gdi-de.org/up3/ontology/knoten-ID": "5212", "http://rdfs.org/ns/void#inDataset.value": "33321"}, "geometry": {"type": "Point", "coordinates": [7.1467211563, 51.2666515418, 165.9]}}, {"type": "Feature", "id": "https://registry.gdi-de.org/de.nw/radnetz/instances/Knoten_Wuppertal_1189691292", "name": " (ex-nw:Knoten_Wuppertal_1189691292)", "dateprops": [], "properties": {"https://registry.gdi-de.org/up3/ontology/hoehe": "197.05", "https://registry.gdi-de.org/up3/ontology/knoten-ID": "1189691292", "http://rdfs.org/ns/void#inDataset.value": "33321"}, "geometry": {"type": "Point", "coordinates": [7.0415622667, 51.2137757628, 197.05]}}, {"type": "Feature", "id": "https://registry.gdi-de.org/de.nw/radnetz/instances/Knoten_Wuppertal_5923", "name": " (ex-nw:Knoten_Wuppertal_5923)", "dateprops": [], "properties": {"https://registry.gdi-de.org/up3/ontology/hoehe": "146.41", "https://registry.gdi-de.org/up3/ontology/knoten-ID": "5923", "http://rdfs.org/ns/void#inDataset.value": "33321"}, "geometry": {"type": "Point", "coordinates": [7.1599905724, 51.2574283111, 146.41]}}, {"type": "Feature", "id": "https://registry.gdi-de.org/de.nw/radnetz/instances/Knoten_Wuppertal_1189691296", "name": " (ex-nw:Knoten_Wuppertal_1189691296)", "dateprops": [], "properties": {"https://registry.gdi-de.org/up3/ontology/hoehe": "176.58", "https://registry.gdi-de.org/up3/ontology/knoten-ID": "1189691296", "http://rdfs.org/ns/void#inDataset.value": "33321"}, "geometry": {"type": "Point", "coordinates": [7.1035100581, 51.2560468623, 176.58]}}, {"type": "Feature", "id": "https://registry.gdi-de.org/de.nw/radnetz/instances/Knoten_Wuppertal_6488", "name": " (ex-nw:Knoten_Wuppertal_6488)", "dateprops": [], "properties": {"https://registry.gdi-de.org/up3/ontology/hoehe": "314.99", "https://registry.gdi-de.org/up3/ontology/knoten-ID": "6488", "http://rdfs.org/ns/void#inDataset.value": "33321"}, "geometry": {"type": "Point", "coordinates": [7.1774861852, 51.2430856149, 314.99]}}, {"type": "Feature", "id": "https://registry.gdi-de.org/de.nw/radnetz/instances/Knoten_Wuppertal_1189690291", "name": " (ex-nw:Knoten_Wuppertal_1189690291)", "dateprops": [], "properties": {"https://registry.gdi-de.org/up3/ontology/hoehe": "158.87", "https://registry.gdi-de.org/up3/ontology/knoten-ID": "1189690291", "http://rdfs.org/ns/void#inDataset.value": "33321"}, "geometry": {"type": "Point", "coordinates": [7.145623651, 51.2642109011, 158.87]}}, {"type": "Feature", "id": "https://registry.gdi-de.org/de.nw/radnetz/instances/Knoten_Wuppertal_8659", "name": " (ex-nw:Knoten_Wuppertal_8659)", "dateprops": [], "properties": {"https://registry.gdi-de.org/up3/ontology/hoehe": "196.72", "https://registry.gdi-de.org/up3/ontology/knoten-ID": "8659", "http://rdfs.org/ns/void#inDataset.value": "33321"}, "geometry": {"type": "Point", "coordinates": [7.2268223725, 51.2529312431, 196.72]}}, {"type": "Feature", "id": "https://registry.gdi-de.org/de.nw/radnetz/instances/Knoten_Wuppertal_3866", "name": " (ex-nw:Knoten_Wuppertal_3866)", "dateprops": [], "properties": {"https://registry.gdi-de.org/up3/ontology/hoehe": "139.38", "https://registry.gdi-de.org/up3/ontology/knoten-ID": "3866", "http://rdfs.org/ns/void#inDataset.value": "33321"}, "geometry": {"type": "Point", "coordinates": [7.1222298914, 51.2487700563, 139.38]}}, {"type": "Feature", "id": "https://registry.gdi-de.org/de.nw/radnetz/instances/Knoten_Wuppertal_9317", "name": " (ex-nw:Knoten_Wuppertal_9317)", "dateprops": [], "properties": {"https://registry.gdi-de.org/up3/ontology/hoehe": "321.27", "https://registry.gdi-de.org/up3/ontology/knoten-ID": "9317", "http://rdfs.org/ns/void#inDataset.value": "33321"}, "geometry": {"type": "Point", "coordinates": [7.2488517768, 51.3119497776, 321.27]}}, {"type": "Feature", "id": "https://registry.gdi-de.org/de.nw/radnetz/instances/Knoten_Wuppertal_118260102", "name": " (ex-nw:Knoten_Wuppertal_118260102)", "dateprops": [], "properties": {"https://registry.gdi-de.org/up3/ontology/hoehe": "300.02", "https://registry.gdi-de.org/up3/ontology/knoten-ID": "118260102", "http://rdfs.org/ns/void#inDataset.value": "33321"}, "geometry": {"type": "Point", "coordinates": [7.1617570989, 51.3003953431, 300.02]}}, {"type": "Feature", "id": "https://registry.gdi-de.org/de.nw/radnetz/instances/Knoten_Wuppertal_3395", "name": " (ex-nw:Knoten_Wuppertal_3395)", "dateprops": [], "properties": {"https://registry.gdi-de.org/up3/ontology/hoehe": "135.63", "https://registry.gdi-de.org/up3/ontology/knoten-ID": "3395", "http://rdfs.org/ns/void#inDataset.value": "33321"}, "geometry": {"type": "Point", "coordinates": [7.1084917725, 51.2286653338, 135.63]}}, {"type": "Feature", "id": "https://registry.gdi-de.org/de.nw/radnetz/instances/Knoten_Wuppertal_111480102", "name": " (ex-nw:Knoten_Wuppertal_111480102)", "dateprops": [], "properties": {"https://registry.gdi-de.org/up3/ontology/hoehe": "195.71", "https://registry.gdi-de.org/up3/ontology/knoten-ID": "111480102", "http://rdfs.org/ns/void#inDataset.value": "33321"}, "geometry": {"type": "Point", "coordinates": [7.1858314786, 51.2791313481, 195.71]}}, {"type": "Feature", "id": "https://registry.gdi-de.org/de.nw/radnetz/instances/Knoten_Wuppertal_5601", "name": " (ex-nw:Knoten_Wuppertal_5601)", "dateprops": [], "properties": {"https://registry.gdi-de.org/up3/ontology/hoehe": "263.08", "https://registry.gdi-de.org/up3/ontology/knoten-ID": "5601", "http://rdfs.org/ns/void#inDataset.value": "33321"}, "geometry": {"type": "Point", "coordinates": [7.1546753568, 51.2432137286, 263.08]}}, {"type": "Feature", "id": "https://registry.gdi-de.org/de.nw/radnetz/instances/Knoten_Wuppertal_1189690784", "name": " (ex-nw:Knoten_Wuppertal_1189690784)", "dateprops": [], "properties": {"https://registry.gdi-de.org/up3/ontology/hoehe": "329.87", "https://registry.gdi-de.org/up3/ontology/knoten-ID": "1189690784", "http://rdfs.org/ns/void#inDataset.value": "33321"}, "geometry": {"type": "Point", "coordinates": [7.1815477489, 51.243119768, 329.87]}}, {"type": "Feature", "id": "https://registry.gdi-de.org/de.nw/radnetz/instances/Knoten_Wuppertal_2346", "name": " (ex-nw:Knoten_Wuppertal_2346)", "dateprops": [], "properties": {"https://registry.gdi-de.org/up3/ontology/hoehe": "201.56", "https://registry.gdi-de.org/up3/ontology/knoten-ID": "2346", "http://rdfs.org/ns/void#inDataset.value": "33321"}, "geometry": {"type": "Point", "coordinates": [7.0607592898, 51.2327146272, 201.56]}}, {"type": "Feature", "id": "https://registry.gdi-de.org/de.nw/radnetz/instances/Knoten_Wuppertal_8803", "name": " (ex-nw:Knoten_Wuppertal_8803)", "dateprops": [], "properties": {"https://registry.gdi-de.org/up3/ontology/hoehe": "163.65", "https://registry.gdi-de.org/up3/ontology/knoten-ID": "8803", "http://rdfs.org/ns/void#inDataset.value": "33321"}, "geometry": {"type": "Point", "coordinates": [7.2317610964, 51.2687382545, 163.65]}}, {"type": "Feature", "id": "https://registry.gdi-de.org/de.nw/radnetz/instances/Knoten_Wuppertal_2920", "name": " (ex-nw:Knoten_Wuppertal_2920)", "dateprops": [], "properties": {"https://registry.gdi-de.org/up3/ontology/hoehe": "157.31", "https://registry.gdi-de.org/up3/ontology/knoten-ID": "2920", "http://rdfs.org/ns/void#inDataset.value": "33321"}, "geometry": {"type": "Point", "coordinates": [7.0858864654, 51.2465912808, 157.31]}}, {"type": "Feature", "id": "https://registry.gdi-de.org/de.nw/radnetz/instances/Knoten_Wuppertal_7480", "name": " (ex-nw:Knoten_Wuppertal_7480)", "dateprops": [], "properties": {"https://registry.gdi-de.org/up3/ontology/hoehe": "341.8", "https://registry.gdi-de.org/up3/ontology/knoten-ID": "7480", "http://rdfs.org/ns/void#inDataset.value": "33321"}, "geometry": {"type": "Point", "coordinates": [7.1998359872, 51.2375091909, 341.8]}}, {"type": "Feature", "id": "https://registry.gdi-de.org/de.nw/radnetz/instances/Knoten_Wuppertal_5733", "name": " (ex-nw:Knoten_Wuppertal_5733)", "dateprops": [], "properties": {"https://registry.gdi-de.org/up3/ontology/hoehe": "185.11", "https://registry.gdi-de.org/up3/ontology/knoten-ID": "5733", "http://rdfs.org/ns/void#inDataset.value": "33321"}, "geometry": {"type": "Point", "coordinates": [7.1566904685, 51.2514801741, 185.11]}}, {"type": "Feature", "id": "https://registry.gdi-de.org/de.nw/radnetz/instances/Knoten_Wuppertal_3398", "name": " (ex-nw:Knoten_Wuppertal_3398)", "dateprops": [], "properties": {"https://registry.gdi-de.org/up3/ontology/hoehe": "116.13", "https://registry.gdi-de.org/up3/ontology/knoten-ID": "3398", "http://rdfs.org/ns/void#inDataset.value": "33321"}, "geometry": {"type": "Point", "coordinates": [7.1101983093, 51.1934413179, 116.13]}}, {"type": "Feature", "id": "https://registry.gdi-de.org/de.nw/radnetz/instances/Knoten_Wuppertal_114570102", "name": " (ex-nw:Knoten_Wuppertal_114570102)", "dateprops": [], "properties": {"https://registry.gdi-de.org/up3/ontology/hoehe": "198.53", "https://registry.gdi-de.org/up3/ontology/knoten-ID": "114570102", "http://rdfs.org/ns/void#inDataset.value": "33321"}, "geometry": {"type": "Point", "coordinates": [7.0706105501, 51.247933255, 198.53]}}, {"type": "Feature", "id": "https://registry.gdi-de.org/de.nw/radnetz/instances/Knoten_Wuppertal_113570101", "name": " (ex-nw:Knoten_Wuppertal_113570101)", "dateprops": [], "properties": {"https://registry.gdi-de.org/up3/ontology/hoehe": "176.41", "https://registry.gdi-de.org/up3/ontology/knoten-ID": "113570101", "http://rdfs.org/ns/void#inDataset.value": "33321"}, "geometry": {"type": "Point", "coordinates": [7.053933539, 51.2223081929, 176.41]}}, {"type": "Feature", "id": "https://registry.gdi-de.org/de.nw/radnetz/instances/Knoten_Wuppertal_60281", "name": " (ex-nw:Knoten_Wuppertal_60281)", "dateprops": [], "properties": {"https://registry.gdi-de.org/up3/ontology/hoehe": "189.12", "https://registry.gdi-de.org/up3/ontology/knoten-ID": "60281", "http://rdfs.org/ns/void#inDataset.value": "33321"}, "geometry": {"type": "Point", "coordinates": [7.2255289969, 51.2836283248, 189.12]}}, {"type": "Feature", "id": "https://registry.gdi-de.org/de.nw/radnetz/instances/Knoten_Wuppertal_116410103", "name": " (ex-nw:Knoten_Wuppertal_116410103)", "dateprops": [], "properties": {"https://registry.gdi-de.org/up3/ontology/hoehe": "166.15", "https://registry.gdi-de.org/up3/ontology/knoten-ID": "116410103", "http://rdfs.org/ns/void#inDataset.value": "33321"}, "geometry": {"type": "Point", "coordinates": [7.2367555427, 51.266645037, 166.15]}}, {"type": "Feature", "id": "https://registry.gdi-de.org/de.nw/radnetz/instances/Knoten_Wuppertal_2249", "name": " (ex-nw:Knoten_Wuppertal_2249)", "dateprops": [], "properties": {"https://registry.gdi-de.org/up3/ontology/hoehe": "176.77", "https://registry.gdi-de.org/up3/ontology/knoten-ID": "2249", "http://rdfs.org/ns/void#inDataset.value": "33321"}, "geometry": {"type": "Point", "coordinates": [7.0550448348, 51.2232740876, 176.77]}}, {"type": "Feature", "id": "https://registry.gdi-de.org/de.nw/radnetz/instances/Knoten_Wuppertal_7478", "name": " (ex-nw:Knoten_Wuppertal_7478)", "dateprops": [], "properties": {"https://registry.gdi-de.org/up3/ontology/hoehe": "268.57", "https://registry.gdi-de.org/up3/ontology/knoten-ID": "7478", "http://rdfs.org/ns/void#inDataset.value": "33321"}, "geometry": {"type": "Point", "coordinates": [7.2002483315, 51.2253203886, 268.57]}}, {"type": "Feature", "id": "https://registry.gdi-de.org/de.nw/radnetz/instances/Knoten_Wuppertal_100420101", "name": " (ex-nw:Knoten_Wuppertal_100420101)", "dateprops": [], "properties": {"https://registry.gdi-de.org/up3/ontology/hoehe": "195.48", "https://registry.gdi-de.org/up3/ontology/knoten-ID": "100420101", "http://rdfs.org/ns/void#inDataset.value": "33321"}, "geometry": {"type": "Point", "coordinates": [7.0966808066, 51.2963251004, 195.48]}}, {"type": "Feature", "id": "https://registry.gdi-de.org/de.nw/radnetz/instances/Knoten_Wuppertal_116150102", "name": " (ex-nw:Knoten_Wuppertal_116150102)", "dateprops": [], "properties": {"https://registry.gdi-de.org/up3/ontology/hoehe": "320.7", "https://registry.gdi-de.org/up3/ontology/knoten-ID": "116150102", "http://rdfs.org/ns/void#inDataset.value": "33321"}, "geometry": {"type": "Point", "coordinates": [7.2489506497, 51.3127523233, 320.7]}}, {"type": "Feature", "id": "https://registry.gdi-de.org/de.nw/radnetz/instances/Knoten_Wuppertal_4592", "name": " (ex-nw:Knoten_Wuppertal_4592)", "dateprops": [], "properties": {"https://registry.gdi-de.org/up3/ontology/hoehe": "143.32", "https://registry.gdi-de.org/up3/ontology/knoten-ID": "4592", "http://rdfs.org/ns/void#inDataset.value": "33321"}, "geometry": {"type": "Point", "coordinates": [7.1361521524, 51.2559238256, 143.32]}}, {"type": "Feature", "id": "https://registry.gdi-de.org/de.nw/radnetz/instances/Knoten_Wuppertal_5185", "name": " (ex-nw:Knoten_Wuppertal_5185)", "dateprops": [], "properties": {"https://registry.gdi-de.org/up3/ontology/hoehe": "292.01", "https://registry.gdi-de.org/up3/ontology/knoten-ID": "5185", "http://rdfs.org/ns/void#inDataset.value": "33321"}, "geometry": {"type": "Point", "coordinates": [7.145617321, 51.2832765417, 292.01]}}, {"type": "Feature", "id": "https://registry.gdi-de.org/de.nw/radnetz/instances/Knoten_Wuppertal_8933", "name": " (ex-nw:Knoten_Wuppertal_8933)", "dateprops": [], "properties": {"https://registry.gdi-de.org/up3/ontology/hoehe": "167.92", "https://registry.gdi-de.org/up3/ontology/knoten-ID": "8933", "http://rdfs.org/ns/void#inDataset.value": "33321"}, "geometry": {"type": "Point", "coordinates": [7.2352040751, 51.2770788088, 167.92]}}, {"type": "Feature", "id": "https://registry.gdi-de.org/de.nw/radnetz/instances/Knoten_Wuppertal_9203", "name": " (ex-nw:Knoten_Wuppertal_9203)", "dateprops": [], "properties": {"https://registry.gdi-de.org/up3/ontology/hoehe": "187.77", "https://registry.gdi-de.org/up3/ontology/knoten-ID": "9203", "http://rdfs.org/ns/void#inDataset.value": "33321"}, "geometry": {"type": "Point", "coordinates": [7.2444941282, 51.2833020113, 187.77]}}, {"type": "Feature", "id": "https://registry.gdi-de.org/de.nw/radnetz/instances/Knoten_Wuppertal_2287", "name": " (ex-nw:Knoten_Wuppertal_2287)", "dateprops": [], "properties": {"https://registry.gdi-de.org/up3/ontology/hoehe": "183.23", "https://registry.gdi-de.org/up3/ontology/knoten-ID": "2287", "http://rdfs.org/ns/void#inDataset.value": "33321"}, "geometry": {"type": "Point", "coordinates": [7.0564643915, 51.2539670089, 183.23]}}, {"type": "Feature", "id": "https://registry.gdi-de.org/de.nw/radnetz/instances/Knoten_Wuppertal_4836", "name": " (ex-nw:Knoten_Wuppertal_4836)", "dateprops": [], "properties": {"https://registry.gdi-de.org/up3/ontology/hoehe": "142.04", "https://registry.gdi-de.org/up3/ontology/knoten-ID": "4836", "http://rdfs.org/ns/void#inDataset.value": "33321"}, "geometry": {"type": "Point", "coordinates": [7.1414313356, 51.2551650039, 142.04]}}, {"type": "Feature", "id": "https://registry.gdi-de.org/de.nw/radnetz/instances/Knoten_Wuppertal_115540102", "name": " (ex-nw:Knoten_Wuppertal_115540102)", "dateprops": [], "properties": {"https://registry.gdi-de.org/up3/ontology/hoehe": "284.81", "https://registry.gdi-de.org/up3/ontology/knoten-ID": "115540102", "http://rdfs.org/ns/void#inDataset.value": "33321"}, "geometry": {"type": "Point", "coordinates": [7.232848352, 51.2416564786, 284.81]}}, {"type": "Feature", "id": "https://registry.gdi-de.org/de.nw/radnetz/instances/Knoten_Wuppertal_4690", "name": " (ex-nw:Knoten_Wuppertal_4690)", "dateprops": [], "properties": {"https://registry.gdi-de.org/up3/ontology/hoehe": "298.14", "https://registry.gdi-de.org/up3/ontology/knoten-ID": "4690", "http://rdfs.org/ns/void#inDataset.value": "33321"}, "geometry": {"type": "Point", "coordinates": [7.1402142949, 51.2109413738, 298.14]}}, {"type": "Feature", "id": "https://registry.gdi-de.org/de.nw/radnetz/instances/Knoten_Wuppertal_8819", "name": " (ex-nw:Knoten_Wuppertal_8819)", "dateprops": [], "properties": {"https://registry.gdi-de.org/up3/ontology/hoehe": "292.5", "https://registry.gdi-de.org/up3/ontology/knoten-ID": "8819", "http://rdfs.org/ns/void#inDataset.value": "33321"}, "geometry": {"type": "Point", "coordinates": [7.2333291823, 51.2399032874, 292.5]}}, {"type": "Feature", "id": "https://registry.gdi-de.org/de.nw/radnetz/instances/Knoten_Wuppertal_116020207", "name": " (ex-nw:Knoten_Wuppertal_116020207)", "dateprops": [], "properties": {"https://registry.gdi-de.org/up3/ontology/hoehe": "161.6", "https://registry.gdi-de.org/up3/ontology/knoten-ID": "116020207", "http://rdfs.org/ns/void#inDataset.value": "33321"}, "geometry": {"type": "Point", "coordinates": [7.2215240009, 51.2753397908, 161.6]}}, {"type": "Feature", "id": "https://registry.gdi-de.org/de.nw/radnetz/instances/Knoten_Wuppertal_3261", "name": " (ex-nw:Knoten_Wuppertal_3261)", "dateprops": [], "properties": {"https://registry.gdi-de.org/up3/ontology/hoehe": "139.18", "https://registry.gdi-de.org/up3/ontology/knoten-ID": "3261", "http://rdfs.org/ns/void#inDataset.value": "33321"}, "geometry": {"type": "Point", "coordinates": [7.102943685, 51.2388676533, 139.18]}}, {"type": "Feature", "id": "https://registry.gdi-de.org/de.nw/radnetz/instances/Knoten_Wuppertal_110370201", "name": " (ex-nw:Knoten_Wuppertal_110370201)", "dateprops": [], "properties": {"https://registry.gdi-de.org/up3/ontology/hoehe": "151.55", "https://registry.gdi-de.org/up3/ontology/knoten-ID": "110370201", "http://rdfs.org/ns/void#inDataset.value": "33321"}, "geometry": {"type": "Point", "coordinates": [7.1463233689, 51.2608535653, 151.55]}}, {"type": "Feature", "id": "https://registry.gdi-de.org/de.nw/radnetz/instances/Knoten_Wuppertal_60313", "name": " (ex-nw:Knoten_Wuppertal_60313)", "dateprops": [], "properties": {"https://registry.gdi-de.org/up3/ontology/hoehe": "298.92", "https://registry.gdi-de.org/up3/ontology/knoten-ID": "60313", "http://rdfs.org/ns/void#inDataset.value": "33321"}, "geometry": {"type": "Point", "coordinates": [7.1354920238, 51.2270339944, 298.92]}}, {"type": "Feature", "id": "https://registry.gdi-de.org/de.nw/radnetz/instances/Knoten_Wuppertal_3722", "name": " (ex-nw:Knoten_Wuppertal_3722)", "dateprops": [], "properties": {"https://registry.gdi-de.org/up3/ontology/hoehe": "211.74", "https://registry.gdi-de.org/up3/ontology/knoten-ID": "3722", "http://rdfs.org/ns/void#inDataset.value": "33321"}, "geometry": {"type": "Point", "coordinates": [7.1171755322, 51.262033843, 211.74]}}, {"type": "Feature", "id": "https://registry.gdi-de.org/de.nw/radnetz/instances/Knoten_Wuppertal_9545", "name": " (ex-nw:Knoten_Wuppertal_9545)", "dateprops": [], "properties": {"https://registry.gdi-de.org/up3/ontology/hoehe": "182.72", "https://registry.gdi-de.org/up3/ontology/knoten-ID": "9545", "http://rdfs.org/ns/void#inDataset.value": "33321"}, "geometry": {"type": "Point", "coordinates": [7.2596697315, 51.2837584563, 182.72]}}, {"type": "Feature", "id": "https://registry.gdi-de.org/de.nw/radnetz/instances/Knoten_Wuppertal_1189691305", "name": " (ex-nw:Knoten_Wuppertal_1189691305)", "dateprops": [], "properties": {"https://registry.gdi-de.org/up3/ontology/hoehe": "180.41", "https://registry.gdi-de.org/up3/ontology/knoten-ID": "1189691305", "http://rdfs.org/ns/void#inDataset.value": "33321"}, "geometry": {"type": "Point", "coordinates": [7.1626637362, 51.2093931517, 180.41]}}, {"type": "Feature", "id": "https://registry.gdi-de.org/de.nw/radnetz/instances/Knoten_Wuppertal_1189690594", "name": " (ex-nw:Knoten_Wuppertal_1189690594)", "dateprops": [], "properties": {"https://registry.gdi-de.org/up3/ontology/hoehe": "325.16", "https://registry.gdi-de.org/up3/ontology/knoten-ID": "1189690594", "http://rdfs.org/ns/void#inDataset.value": "33321"}, "geometry": {"type": "Point", "coordinates": [7.144612693, 51.2288609195, 325.16]}}, {"type": "Feature", "id": "https://registry.gdi-de.org/de.nw/radnetz/instances/Knoten_Wuppertal_6180", "name": " (ex-nw:Knoten_Wuppertal_6180)", "dateprops": [], "properties": {"https://registry.gdi-de.org/up3/ontology/hoehe": "324.63", "https://registry.gdi-de.org/up3/ontology/knoten-ID": "6180", "http://rdfs.org/ns/void#inDataset.value": "33321"}, "geometry": {"type": "Point", "coordinates": [7.1672194192, 51.2393199767, 324.63]}}, {"type": "Feature", "id": "https://registry.gdi-de.org/de.nw/radnetz/instances/Knoten_Wuppertal_1189691224", "name": " (ex-nw:Knoten_Wuppertal_1189691224)", "dateprops": [], "properties": {"https://registry.gdi-de.org/up3/ontology/hoehe": "341.94", "https://registry.gdi-de.org/up3/ontology/knoten-ID": "1189691224", "http://rdfs.org/ns/void#inDataset.value": "33321"}, "geometry": {"type": "Point", "coordinates": [7.1893391964, 51.2439444618, 341.94]}}, {"type": "Feature", "id": "https://registry.gdi-de.org/de.nw/radnetz/instances/Knoten_Wuppertal_118230102", "name": " (ex-nw:Knoten_Wuppertal_118230102)", "dateprops": [], "properties": {"https://registry.gdi-de.org/up3/ontology/hoehe": "304.37", "https://registry.gdi-de.org/up3/ontology/knoten-ID": "118230102", "http://rdfs.org/ns/void#inDataset.value": "33321"}, "geometry": {"type": "Point", "coordinates": [7.1458771745, 51.3052385233, 304.37]}}, {"type": "Feature", "id": "https://registry.gdi-de.org/de.nw/radnetz/instances/Knoten_Wuppertal_3193", "name": " (ex-nw:Knoten_Wuppertal_3193)", "dateprops": [], "properties": {"https://registry.gdi-de.org/up3/ontology/hoehe": "248.64", "https://registry.gdi-de.org/up3/ontology/knoten-ID": "3193", "http://rdfs.org/ns/void#inDataset.value": "33321"}, "geometry": {"type": "Point", "coordinates": [7.0984157131, 51.2631852058, 248.64]}}, {"type": "Feature", "id": "https://registry.gdi-de.org/de.nw/radnetz/instances/Knoten_Wuppertal_1189691347", "name": " (ex-nw:Knoten_Wuppertal_1189691347)", "dateprops": [], "properties": {"https://registry.gdi-de.org/up3/ontology/hoehe": "203.9", "https://registry.gdi-de.org/up3/ontology/knoten-ID": "1189691347", "http://rdfs.org/ns/void#inDataset.value": "33321"}, "geometry": {"type": "Point", "coordinates": [7.0823987473, 51.164686469, 203.9]}}, {"type": "Feature", "id": "https://registry.gdi-de.org/de.nw/radnetz/instances/Knoten_Wuppertal_1189691368", "name": " (ex-nw:Knoten_Wuppertal_1189691368)", "dateprops": [], "properties": {"https://registry.gdi-de.org/up3/ontology/hoehe": "291.85", "https://registry.gdi-de.org/up3/ontology/knoten-ID": "1189691368", "http://rdfs.org/ns/void#inDataset.value": "33321"}, "geometry": {"type": "Point", "coordinates": [7.2321916615, 51.2397160857, 291.85]}}, {"type": "Feature", "id": "https://registry.gdi-de.org/de.nw/radnetz/instances/Knoten_Wuppertal_1189691287", "name": " (ex-nw:Knoten_Wuppertal_1189691287)", "dateprops": [], "properties": {"https://registry.gdi-de.org/up3/ontology/hoehe": "129.97", "https://registry.gdi-de.org/up3/ontology/knoten-ID": "1189691287", "http://rdfs.org/ns/void#inDataset.value": "33321"}, "geometry": {"type": "Point", "coordinates": [7.1073153565, 51.1896360799, 129.97]}}, {"type": "Feature", "id": "https://registry.gdi-de.org/de.nw/radnetz/instances/Knoten_Wuppertal_6551", "name": " (ex-nw:Knoten_Wuppertal_6551)", "dateprops": [], "properties": {"https://registry.gdi-de.org/up3/ontology/hoehe": "157.67", "https://registry.gdi-de.org/up3/ontology/knoten-ID": "6551", "http://rdfs.org/ns/void#inDataset.value": "33321"}, "geometry": {"type": "Point", "coordinates": [7.1785672138, 51.2663378048, 157.67]}}, {"type": "Feature", "id": "https://registry.gdi-de.org/de.nw/radnetz/instances/Knoten_Wuppertal_117250101", "name": " (ex-nw:Knoten_Wuppertal_117250101)", "dateprops": [], "properties": {"https://registry.gdi-de.org/up3/ontology/hoehe": "165.2", "https://registry.gdi-de.org/up3/ontology/knoten-ID": "117250101", "http://rdfs.org/ns/void#inDataset.value": "33321"}, "geometry": {"type": "Point", "coordinates": [7.0711398525, 51.2738478023, 165.2]}}, {"type": "Feature", "id": "https://registry.gdi-de.org/de.nw/radnetz/instances/Knoten_Wuppertal_1189691358", "name": " (ex-nw:Knoten_Wuppertal_1189691358)", "dateprops": [], "properties": {"https://registry.gdi-de.org/up3/ontology/hoehe": "212.1", "https://registry.gdi-de.org/up3/ontology/knoten-ID": "1189691358", "http://rdfs.org/ns/void#inDataset.value": "33321"}, "geometry": {"type": "Point", "coordinates": [7.0559468248, 51.2879767135, 212.1]}}, {"type": "Feature", "id": "https://registry.gdi-de.org/de.nw/radnetz/instances/Knoten_Wuppertal_2966", "name": " (ex-nw:Knoten_Wuppertal_2966)", "dateprops": [], "properties": {"https://registry.gdi-de.org/up3/ontology/hoehe": "137.86", "https://registry.gdi-de.org/up3/ontology/knoten-ID": "2966", "http://rdfs.org/ns/void#inDataset.value": "33321"}, "geometry": {"type": "Point", "coordinates": [7.0889696373, 51.235866347, 137.86]}}, {"type": "Feature", "id": "https://registry.gdi-de.org/de.nw/radnetz/instances/Knoten_Wuppertal_9404", "name": " (ex-nw:Knoten_Wuppertal_9404)", "dateprops": [], "properties": {"https://registry.gdi-de.org/up3/ontology/hoehe": "201.39", "https://registry.gdi-de.org/up3/ontology/knoten-ID": "9404", "http://rdfs.org/ns/void#inDataset.value": "33321"}, "geometry": {"type": "Point", "coordinates": [7.2526739409, 51.2862936086, 201.39]}}, {"type": "Feature", "id": "https://registry.gdi-de.org/de.nw/radnetz/instances/Knoten_Wuppertal_60233", "name": " (ex-nw:Knoten_Wuppertal_60233)", "dateprops": [], "properties": {"https://registry.gdi-de.org/up3/ontology/hoehe": "176.52", "https://registry.gdi-de.org/up3/ontology/knoten-ID": "60233", "http://rdfs.org/ns/void#inDataset.value": "33321"}, "geometry": {"type": "Point", "coordinates": [7.1296499168, 51.2638962191, 176.52]}}, {"type": "Feature", "id": "https://registry.gdi-de.org/de.nw/radnetz/instances/Knoten_Wuppertal_113230101", "name": " (ex-nw:Knoten_Wuppertal_113230101)", "dateprops": [], "properties": {"https://registry.gdi-de.org/up3/ontology/hoehe": "198.97", "https://registry.gdi-de.org/up3/ontology/knoten-ID": "113230101", "http://rdfs.org/ns/void#inDataset.value": "33321"}, "geometry": {"type": "Point", "coordinates": [7.0708475303, 51.2457898128, 198.97]}}, {"type": "Feature", "id": "https://registry.gdi-de.org/de.nw/radnetz/instances/Knoten_Wuppertal_8182", "name": " (ex-nw:Knoten_Wuppertal_8182)", "dateprops": [], "properties": {"https://registry.gdi-de.org/up3/ontology/hoehe": "158.19", "https://registry.gdi-de.org/up3/ontology/knoten-ID": "8182", "http://rdfs.org/ns/void#inDataset.value": "33321"}, "geometry": {"type": "Point", "coordinates": [7.2138860956, 51.2744430955, 158.19]}}, {"type": "Feature", "id": "https://registry.gdi-de.org/de.nw/radnetz/instances/Knoten_Wuppertal_1189691349", "name": " (ex-nw:Knoten_Wuppertal_1189691349)", "dateprops": [], "properties": {"https://registry.gdi-de.org/up3/ontology/hoehe": "209.64", "https://registry.gdi-de.org/up3/ontology/knoten-ID": "1189691349", "http://rdfs.org/ns/void#inDataset.value": "33321"}, "geometry": {"type": "Point", "coordinates": [7.0494561104, 51.2088309754, 209.64]}}, {"type": "Feature", "id": "https://registry.gdi-de.org/de.nw/radnetz/instances/Knoten_Wuppertal_112350101", "name": " (ex-nw:Knoten_Wuppertal_112350101)", "dateprops": [], "properties": {"https://registry.gdi-de.org/up3/ontology/hoehe": "279.07", "https://registry.gdi-de.org/up3/ontology/knoten-ID": "112350101", "http://rdfs.org/ns/void#inDataset.value": "33321"}, "geometry": {"type": "Point", "coordinates": [7.1699328832, 51.2432675971, 279.07]}}, {"type": "Feature", "id": "https://registry.gdi-de.org/de.nw/radnetz/instances/Knoten_Wuppertal_116120101", "name": " (ex-nw:Knoten_Wuppertal_116120101)", "dateprops": [], "properties": {"https://registry.gdi-de.org/up3/ontology/hoehe": "253.86", "https://registry.gdi-de.org/up3/ontology/knoten-ID": "116120101", "http://rdfs.org/ns/void#inDataset.value": "33321"}, "geometry": {"type": "Point", "coordinates": [7.25016363, 51.2997137276, 253.86]}}, {"type": "Feature", "id": "https://registry.gdi-de.org/de.nw/radnetz/instances/Knoten_Wuppertal_1189691280", "name": " (ex-nw:Knoten_Wuppertal_1189691280)", "dateprops": [], "properties": {"https://registry.gdi-de.org/up3/ontology/hoehe": "128.88", "https://registry.gdi-de.org/up3/ontology/knoten-ID": "1189691280", "http://rdfs.org/ns/void#inDataset.value": "33321"}, "geometry": {"type": "Point", "coordinates": [7.130596917, 51.1729700411, 128.88]}}, {"type": "Feature", "id": "https://registry.gdi-de.org/de.nw/radnetz/instances/Knoten_Wuppertal_4959", "name": " (ex-nw:Knoten_Wuppertal_4959)", "dateprops": [], "properties": {"https://registry.gdi-de.org/up3/ontology/hoehe": "143.52", "https://registry.gdi-de.org/up3/ontology/knoten-ID": "4959", "http://rdfs.org/ns/void#inDataset.value": "33321"}, "geometry": {"type": "Point", "coordinates": [7.1432428011, 51.2557745344, 143.52]}}, {"type": "Feature", "id": "https://registry.gdi-de.org/de.nw/radnetz/instances/Knoten_Wuppertal_8653", "name": " (ex-nw:Knoten_Wuppertal_8653)", "dateprops": [], "properties": {"https://registry.gdi-de.org/up3/ontology/hoehe": "296.11", "https://registry.gdi-de.org/up3/ontology/knoten-ID": "8653", "http://rdfs.org/ns/void#inDataset.value": "33321"}, "geometry": {"type": "Point", "coordinates": [7.2271319056, 51.2388832513, 296.11]}}, {"type": "Feature", "id": "https://registry.gdi-de.org/de.nw/radnetz/instances/Knoten_Wuppertal_5274", "name": " (ex-nw:Knoten_Wuppertal_5274)", "dateprops": [], "properties": {"https://registry.gdi-de.org/up3/ontology/hoehe": "145.03", "https://registry.gdi-de.org/up3/ontology/knoten-ID": "5274", "http://rdfs.org/ns/void#inDataset.value": "33321"}, "geometry": {"type": "Point", "coordinates": [7.148155227, 51.2591524569, 145.03]}}, {"type": "Feature", "id": "https://registry.gdi-de.org/de.nw/radnetz/instances/Knoten_Wuppertal_2629", "name": " (ex-nw:Knoten_Wuppertal_2629)", "dateprops": [], "properties": {"https://registry.gdi-de.org/up3/ontology/hoehe": "195.63", "https://registry.gdi-de.org/up3/ontology/knoten-ID": "2629", "http://rdfs.org/ns/void#inDataset.value": "33321"}, "geometry": {"type": "Point", "coordinates": [7.0722308478, 51.226644381, 195.63]}}, {"type": "Feature", "id": "https://registry.gdi-de.org/de.nw/radnetz/instances/Knoten_Wuppertal_8700", "name": " (ex-nw:Knoten_Wuppertal_8700)", "dateprops": [], "properties": {"https://registry.gdi-de.org/up3/ontology/hoehe": "259.5", "https://registry.gdi-de.org/up3/ontology/knoten-ID": "8700", "http://rdfs.org/ns/void#inDataset.value": "33321"}, "geometry": {"type": "Point", "coordinates": [7.2290843431, 51.2435828949, 259.5]}}, {"type": "Feature", "id": "https://registry.gdi-de.org/de.nw/radnetz/instances/Knoten_Wuppertal_9036", "name": " (ex-nw:Knoten_Wuppertal_9036)", "dateprops": [], "properties": {"https://registry.gdi-de.org/up3/ontology/hoehe": "235.33", "https://registry.gdi-de.org/up3/ontology/knoten-ID": "9036", "http://rdfs.org/ns/void#inDataset.value": "33321"}, "geometry": {"type": "Point", "coordinates": [7.2378868545, 51.2980480396, 235.33]}}, {"type": "Feature", "id": "https://registry.gdi-de.org/de.nw/radnetz/instances/Knoten_Wuppertal_5217", "name": " (ex-nw:Knoten_Wuppertal_5217)", "dateprops": [], "properties": {"https://registry.gdi-de.org/up3/ontology/hoehe": "304.05", "https://registry.gdi-de.org/up3/ontology/knoten-ID": "5217", "http://rdfs.org/ns/void#inDataset.value": "33321"}, "geometry": {"type": "Point", "coordinates": [7.1452452349, 51.3054199351, 304.05]}}, {"type": "Feature", "id": "https://registry.gdi-de.org/de.nw/radnetz/instances/Knoten_Wuppertal_2855", "name": " (ex-nw:Knoten_Wuppertal_2855)", "dateprops": [], "properties": {"https://registry.gdi-de.org/up3/ontology/hoehe": "156.7", "https://registry.gdi-de.org/up3/ontology/knoten-ID": "2855", "http://rdfs.org/ns/void#inDataset.value": "33321"}, "geometry": {"type": "Point", "coordinates": [7.0830832228, 51.2328242298, 156.7]}}, {"type": "Feature", "id": "https://registry.gdi-de.org/de.nw/radnetz/instances/Knoten_Wuppertal_4291", "name": " (ex-nw:Knoten_Wuppertal_4291)", "dateprops": [], "properties": {"https://registry.gdi-de.org/up3/ontology/hoehe": "286.08", "https://registry.gdi-de.org/up3/ontology/knoten-ID": "4291", "http://rdfs.org/ns/void#inDataset.value": "33321"}, "geometry": {"type": "Point", "coordinates": [7.1291094602, 51.276913664, 286.08]}}, {"type": "Feature", "id": "https://registry.gdi-de.org/de.nw/radnetz/instances/Knoten_Wuppertal_9750", "name": " (ex-nw:Knoten_Wuppertal_9750)", "dateprops": [], "properties": {"https://registry.gdi-de.org/up3/ontology/hoehe": "184.88", "https://registry.gdi-de.org/up3/ontology/knoten-ID": "9750", "http://rdfs.org/ns/void#inDataset.value": "33321"}, "geometry": {"type": "Point", "coordinates": [7.2748567148, 51.2599645573, 184.88]}}, {"type": "Feature", "id": "https://registry.gdi-de.org/de.nw/radnetz/instances/Knoten_Wuppertal_114710101", "name": " (ex-nw:Knoten_Wuppertal_114710101)", "dateprops": [], "properties": {"https://registry.gdi-de.org/up3/ontology/hoehe": "230.15", "https://registry.gdi-de.org/up3/ontology/knoten-ID": "114710101", "http://rdfs.org/ns/void#inDataset.value": "33321"}, "geometry": {"type": "Point", "coordinates": [7.0911477711, 51.2597456458, 230.15]}}, {"type": "Feature", "id": "https://registry.gdi-de.org/de.nw/radnetz/instances/Knoten_Wuppertal_8850", "name": " (ex-nw:Knoten_Wuppertal_8850)", "dateprops": [], "properties": {"https://registry.gdi-de.org/up3/ontology/hoehe": "301.14", "https://registry.gdi-de.org/up3/ontology/knoten-ID": "8850", "http://rdfs.org/ns/void#inDataset.value": "33321"}, "geometry": {"type": "Point", "coordinates": [7.2346399828, 51.2281279827, 301.14]}}, {"type": "Feature", "id": "https://registry.gdi-de.org/de.nw/radnetz/instances/Knoten_Wuppertal_7280", "name": " (ex-nw:Knoten_Wuppertal_7280)", "dateprops": [], "properties": {"https://registry.gdi-de.org/up3/ontology/hoehe": "154.42", "https://registry.gdi-de.org/up3/ontology/knoten-ID": "7280", "http://rdfs.org/ns/void#inDataset.value": "33321"}, "geometry": {"type": "Point", "coordinates": [7.1954590926, 51.2701575552, 154.42]}}, {"type": "Feature", "id": "https://registry.gdi-de.org/de.nw/radnetz/instances/Knoten_Wuppertal_5959", "name": " (ex-nw:Knoten_Wuppertal_5959)", "dateprops": [], "properties": {"https://registry.gdi-de.org/up3/ontology/hoehe": "146.39", "https://registry.gdi-de.org/up3/ontology/knoten-ID": "5959", "http://rdfs.org/ns/void#inDataset.value": "33321"}, "geometry": {"type": "Point", "coordinates": [7.1607928457, 51.2575611741, 146.39]}}, {"type": "Feature", "id": "https://registry.gdi-de.org/de.nw/radnetz/instances/Knoten_Wuppertal_60287", "name": " (ex-nw:Knoten_Wuppertal_60287)", "dateprops": [], "properties": {"https://registry.gdi-de.org/up3/ontology/hoehe": "196.61", "https://registry.gdi-de.org/up3/ontology/knoten-ID": "60287", "http://rdfs.org/ns/void#inDataset.value": "33321"}, "geometry": {"type": "Point", "coordinates": [7.2403824867, 51.2847989427, 196.61]}}, {"type": "Feature", "id": "https://registry.gdi-de.org/de.nw/radnetz/instances/Knoten_Wuppertal_5551", "name": " (ex-nw:Knoten_Wuppertal_5551)", "dateprops": [], "properties": {"https://registry.gdi-de.org/up3/ontology/hoehe": "146.11", "https://registry.gdi-de.org/up3/ontology/knoten-ID": "5551", "http://rdfs.org/ns/void#inDataset.value": "33321"}, "geometry": {"type": "Point", "coordinates": [7.1530130508, 51.2587812818, 146.11]}}, {"type": "Feature", "id": "https://registry.gdi-de.org/de.nw/radnetz/instances/Knoten_Wuppertal_2775", "name": " (ex-nw:Knoten_Wuppertal_2775)", "dateprops": [], "properties": {"https://registry.gdi-de.org/up3/ontology/hoehe": "172.82", "https://registry.gdi-de.org/up3/ontology/knoten-ID": "2775", "http://rdfs.org/ns/void#inDataset.value": "33321"}, "geometry": {"type": "Point", "coordinates": [7.0760755558, 51.2802453306, 172.82]}}, {"type": "Feature", "id": "https://registry.gdi-de.org/de.nw/radnetz/instances/Knoten_Wuppertal_60285", "name": " (ex-nw:Knoten_Wuppertal_60285)", "dateprops": [], "properties": {"https://registry.gdi-de.org/up3/ontology/hoehe": "190.86", "https://registry.gdi-de.org/up3/ontology/knoten-ID": "60285", "http://rdfs.org/ns/void#inDataset.value": "33321"}, "geometry": {"type": "Point", "coordinates": [7.2332453114, 51.2885272254, 190.86]}}, {"type": "Feature", "id": "https://registry.gdi-de.org/de.nw/radnetz/instances/Knoten_Wuppertal_9946", "name": " (ex-nw:Knoten_Wuppertal_9946)", "dateprops": [], "properties": {"https://registry.gdi-de.org/up3/ontology/hoehe": "189.2", "https://registry.gdi-de.org/up3/ontology/knoten-ID": "9946", "http://rdfs.org/ns/void#inDataset.value": "33321"}, "geometry": {"type": "Point", "coordinates": [7.2891624348, 51.2501269555, 189.2]}}, {"type": "Feature", "id": "https://registry.gdi-de.org/de.nw/radnetz/instances/Knoten_Wuppertal_60099", "name": " (ex-nw:Knoten_Wuppertal_60099)", "dateprops": [], "properties": {"https://registry.gdi-de.org/up3/ontology/hoehe": "291.62", "https://registry.gdi-de.org/up3/ontology/knoten-ID": "60099", "http://rdfs.org/ns/void#inDataset.value": "33321"}, "geometry": {"type": "Point", "coordinates": [7.2347025728, 51.2392622263, 291.62]}}, {"type": "Feature", "id": "https://registry.gdi-de.org/de.nw/radnetz/instances/Knoten_Wuppertal_110600201", "name": " (ex-nw:Knoten_Wuppertal_110600201)", "dateprops": [], "properties": {"https://registry.gdi-de.org/up3/ontology/hoehe": "319.08", "https://registry.gdi-de.org/up3/ontology/knoten-ID": "110600201", "http://rdfs.org/ns/void#inDataset.value": "33321"}, "geometry": {"type": "Point", "coordinates": [7.1905001872, 51.2240990861, 319.08]}}, {"type": "Feature", "id": "https://registry.gdi-de.org/de.nw/radnetz/instances/Knoten_Wuppertal_115560102", "name": " (ex-nw:Knoten_Wuppertal_115560102)", "dateprops": [], "properties": {"https://registry.gdi-de.org/up3/ontology/hoehe": "301.68", "https://registry.gdi-de.org/up3/ontology/knoten-ID": "115560102", "http://rdfs.org/ns/void#inDataset.value": "33321"}, "geometry": {"type": "Point", "coordinates": [7.2359817604, 51.2346278125, 301.68]}}, {"type": "Feature", "id": "https://registry.gdi-de.org/de.nw/radnetz/instances/Knoten_Wuppertal_60216", "name": " (ex-nw:Knoten_Wuppertal_60216)", "dateprops": [], "properties": {"https://registry.gdi-de.org/up3/ontology/hoehe": "173.5", "https://registry.gdi-de.org/up3/ontology/knoten-ID": "60216", "http://rdfs.org/ns/void#inDataset.value": "33321"}, "geometry": {"type": "Point", "coordinates": [7.0799232562, 51.2391668568, 173.5]}}, {"type": "Feature", "id": "https://registry.gdi-de.org/de.nw/radnetz/instances/Knoten_Wuppertal_3460", "name": " (ex-nw:Knoten_Wuppertal_3460)", "dateprops": [], "properties": {"https://registry.gdi-de.org/up3/ontology/hoehe": "126.42", "https://registry.gdi-de.org/up3/ontology/knoten-ID": "3460", "http://rdfs.org/ns/void#inDataset.value": "33321"}, "geometry": {"type": "Point", "coordinates": [7.1119904129, 51.1941973427, 126.42]}}, {"type": "Feature", "id": "https://registry.gdi-de.org/de.nw/radnetz/instances/Knoten_Wuppertal_113780101", "name": " (ex-nw:Knoten_Wuppertal_113780101)", "dateprops": [], "properties": {"https://registry.gdi-de.org/up3/ontology/hoehe": "188.03", "https://registry.gdi-de.org/up3/ontology/knoten-ID": "113780101", "http://rdfs.org/ns/void#inDataset.value": "33321"}, "geometry": {"type": "Point", "coordinates": [7.1125087145, 51.2599916705, 188.03]}}, {"type": "Feature", "id": "https://registry.gdi-de.org/de.nw/radnetz/instances/Knoten_Wuppertal_1189691382", "name": " (ex-nw:Knoten_Wuppertal_1189691382)", "dateprops": [], "properties": {"https://registry.gdi-de.org/up3/ontology/hoehe": "265.3", "https://registry.gdi-de.org/up3/ontology/knoten-ID": "1189691382", "http://rdfs.org/ns/void#inDataset.value": "33321"}, "geometry": {"type": "Point", "coordinates": [7.1993522503, 51.2226556709, 265.3]}}, {"type": "Feature", "id": "https://registry.gdi-de.org/de.nw/radnetz/instances/Knoten_Wuppertal_114220102", "name": " (ex-nw:Knoten_Wuppertal_114220102)", "dateprops": [], "properties": {"https://registry.gdi-de.org/up3/ontology/hoehe": "260.1", "https://registry.gdi-de.org/up3/ontology/knoten-ID": "114220102", "http://rdfs.org/ns/void#inDataset.value": "33321"}, "geometry": {"type": "Point", "coordinates": [7.1312117853, 51.1970949824, 260.1]}}, {"type": "Feature", "id": "https://registry.gdi-de.org/de.nw/radnetz/instances/Knoten_Wuppertal_1189690368", "name": " (ex-nw:Knoten_Wuppertal_1189690368)", "dateprops": [], "properties": {"https://registry.gdi-de.org/up3/ontology/hoehe": "267.43", "https://registry.gdi-de.org/up3/ontology/knoten-ID": "1189690368", "http://rdfs.org/ns/void#inDataset.value": "33321"}, "geometry": {"type": "Point", "coordinates": [7.1550396915, 51.2413202467, 267.43]}}, {"type": "Feature", "id": "https://registry.gdi-de.org/de.nw/radnetz/instances/Knoten_Wuppertal_8765", "name": " (ex-nw:Knoten_Wuppertal_8765)", "dateprops": [], "properties": {"https://registry.gdi-de.org/up3/ontology/hoehe": "180.88", "https://registry.gdi-de.org/up3/ontology/knoten-ID": "8765", "http://rdfs.org/ns/void#inDataset.value": "33321"}, "geometry": {"type": "Point", "coordinates": [7.2308793206, 51.2598753512, 180.88]}}, {"type": "Feature", "id": "https://registry.gdi-de.org/de.nw/radnetz/instances/Knoten_Wuppertal_10046", "name": " (ex-nw:Knoten_Wuppertal_10046)", "dateprops": [], "properties": {"https://registry.gdi-de.org/up3/ontology/hoehe": "202.73", "https://registry.gdi-de.org/up3/ontology/knoten-ID": "10046", "http://rdfs.org/ns/void#inDataset.value": "33321"}, "geometry": {"type": "Point", "coordinates": [7.2972533057, 51.2478807302, 202.73]}}, {"type": "Feature", "id": "https://registry.gdi-de.org/de.nw/radnetz/instances/Knoten_Wuppertal_2467", "name": " (ex-nw:Knoten_Wuppertal_2467)", "dateprops": [], "properties": {"https://registry.gdi-de.org/up3/ontology/hoehe": "200.96", "https://registry.gdi-de.org/up3/ontology/knoten-ID": "2467", "http://rdfs.org/ns/void#inDataset.value": "33321"}, "geometry": {"type": "Point", "coordinates": [7.0659193506, 51.2259812813, 200.96]}}, {"type": "Feature", "id": "https://registry.gdi-de.org/de.nw/radnetz/instances/Knoten_Wuppertal_2727", "name": " (ex-nw:Knoten_Wuppertal_2727)", "dateprops": [], "properties": {"https://registry.gdi-de.org/up3/ontology/hoehe": "167.48", "https://registry.gdi-de.org/up3/ontology/knoten-ID": "2727", "http://rdfs.org/ns/void#inDataset.value": "33321"}, "geometry": {"type": "Point", "coordinates": [7.0734837163, 51.2797580245, 167.48]}}, {"type": "Feature", "id": "https://registry.gdi-de.org/de.nw/radnetz/instances/Knoten_Wuppertal_6121", "name": " (ex-nw:Knoten_Wuppertal_6121)", "dateprops": [], "properties": {"https://registry.gdi-de.org/up3/ontology/hoehe": "303.59", "https://registry.gdi-de.org/up3/ontology/knoten-ID": "6121", "http://rdfs.org/ns/void#inDataset.value": "33321"}, "geometry": {"type": "Point", "coordinates": [7.16303781, 51.2999136197, 303.59]}}, {"type": "Feature", "id": "https://registry.gdi-de.org/de.nw/radnetz/instances/Knoten_Wuppertal_2596", "name": " (ex-nw:Knoten_Wuppertal_2596)", "dateprops": [], "properties": {"https://registry.gdi-de.org/up3/ontology/hoehe": "206.74", "https://registry.gdi-de.org/up3/ontology/knoten-ID": "2596", "http://rdfs.org/ns/void#inDataset.value": "33321"}, "geometry": {"type": "Point", "coordinates": [7.0705410703, 51.2423378884, 206.74]}}, {"type": "Feature", "id": "https://registry.gdi-de.org/de.nw/radnetz/instances/Knoten_Wuppertal_1189691291", "name": " (ex-nw:Knoten_Wuppertal_1189691291)", "dateprops": [], "properties": {"https://registry.gdi-de.org/up3/ontology/hoehe": "200.12", "https://registry.gdi-de.org/up3/ontology/knoten-ID": "1189691291", "http://rdfs.org/ns/void#inDataset.value": "33321"}, "geometry": {"type": "Point", "coordinates": [7.0422712391, 51.2119837216, 200.12]}}, {"type": "Feature", "id": "https://registry.gdi-de.org/de.nw/radnetz/instances/Knoten_Wuppertal_116730102", "name": " (ex-nw:Knoten_Wuppertal_116730102)", "dateprops": [], "properties": {"https://registry.gdi-de.org/up3/ontology/hoehe": "163.72", "https://registry.gdi-de.org/up3/ontology/knoten-ID": "116730102", "http://rdfs.org/ns/void#inDataset.value": "33321"}, "geometry": {"type": "Point", "coordinates": [7.2318733111, 51.2686028873, 163.72]}}, {"type": "Feature", "id": "https://registry.gdi-de.org/de.nw/radnetz/instances/Knoten_Wuppertal_111480101", "name": " (ex-nw:Knoten_Wuppertal_111480101)", "dateprops": [], "properties": {"https://registry.gdi-de.org/up3/ontology/hoehe": "196.14", "https://registry.gdi-de.org/up3/ontology/knoten-ID": "111480101", "http://rdfs.org/ns/void#inDataset.value": "33321"}, "geometry": {"type": "Point", "coordinates": [7.1853147656, 51.2789358884, 196.14]}}, {"type": "Feature", "id": "https://registry.gdi-de.org/de.nw/radnetz/instances/Knoten_Wuppertal_115410102", "name": " (ex-nw:Knoten_Wuppertal_115410102)", "dateprops": [], "properties": {"https://registry.gdi-de.org/up3/ontology/hoehe": "252.44", "https://registry.gdi-de.org/up3/ontology/knoten-ID": "115410102", "http://rdfs.org/ns/void#inDataset.value": "33321"}, "geometry": {"type": "Point", "coordinates": [7.2051908195, 51.2166758642, 252.44]}}, {"type": "Feature", "id": "https://registry.gdi-de.org/de.nw/radnetz/instances/Knoten_Wuppertal_1189691386", "name": " (ex-nw:Knoten_Wuppertal_1189691386)", "dateprops": [], "properties": {"https://registry.gdi-de.org/up3/ontology/hoehe": "293.8", "https://registry.gdi-de.org/up3/ontology/knoten-ID": "1189691386", "http://rdfs.org/ns/void#inDataset.value": "33321"}, "geometry": {"type": "Point", "coordinates": [7.1348804755, 51.2803159284, 293.8]}}, {"type": "Feature", "id": "https://registry.gdi-de.org/de.nw/radnetz/instances/Knoten_Wuppertal_3463", "name": " (ex-nw:Knoten_Wuppertal_3463)", "dateprops": [], "properties": {"https://registry.gdi-de.org/up3/ontology/hoehe": "199.12", "https://registry.gdi-de.org/up3/ontology/knoten-ID": "3463", "http://rdfs.org/ns/void#inDataset.value": "33321"}, "geometry": {"type": "Point", "coordinates": [7.1092503355, 51.2626210689, 199.12]}}, {"type": "Feature", "id": "https://registry.gdi-de.org/de.nw/radnetz/instances/Knoten_Wuppertal_3316", "name": " (ex-nw:Knoten_Wuppertal_3316)", "dateprops": [], "properties": {"https://registry.gdi-de.org/up3/ontology/hoehe": "157.2", "https://registry.gdi-de.org/up3/ontology/knoten-ID": "3316", "http://rdfs.org/ns/void#inDataset.value": "33321"}, "geometry": {"type": "Point", "coordinates": [7.1045265199, 51.2535499518, 157.2]}}, {"type": "Feature", "id": "https://registry.gdi-de.org/de.nw/radnetz/instances/Knoten_Wuppertal_1189691346", "name": " (ex-nw:Knoten_Wuppertal_1189691346)", "dateprops": [], "properties": {"https://registry.gdi-de.org/up3/ontology/hoehe": "212.0", "https://registry.gdi-de.org/up3/ontology/knoten-ID": "1189691346", "http://rdfs.org/ns/void#inDataset.value": "33321"}, "geometry": {"type": "Point", "coordinates": [7.1094551852, 51.1712754927, 212.0]}}, {"type": "Feature", "id": "https://registry.gdi-de.org/de.nw/radnetz/instances/Knoten_Wuppertal_5605", "name": " (ex-nw:Knoten_Wuppertal_5605)", "dateprops": [], "properties": {"https://registry.gdi-de.org/up3/ontology/hoehe": "145.96", "https://registry.gdi-de.org/up3/ontology/knoten-ID": "5605", "http://rdfs.org/ns/void#inDataset.value": "33321"}, "geometry": {"type": "Point", "coordinates": [7.1541336939, 51.2581949123, 145.96]}}, {"type": "Feature", "id": "https://registry.gdi-de.org/de.nw/radnetz/instances/Knoten_Wuppertal_6049", "name": " (ex-nw:Knoten_Wuppertal_6049)", "dateprops": [], "properties": {"https://registry.gdi-de.org/up3/ontology/hoehe": "246.92", "https://registry.gdi-de.org/up3/ontology/knoten-ID": "6049", "http://rdfs.org/ns/void#inDataset.value": "33321"}, "geometry": {"type": "Point", "coordinates": [7.1638264804, 51.2454870515, 246.92]}}, {"type": "Feature", "id": "https://registry.gdi-de.org/de.nw/radnetz/instances/Knoten_Wuppertal_7088", "name": " (ex-nw:Knoten_Wuppertal_7088)", "dateprops": [], "properties": {"https://registry.gdi-de.org/up3/ontology/hoehe": "345.04", "https://registry.gdi-de.org/up3/ontology/knoten-ID": "7088", "http://rdfs.org/ns/void#inDataset.value": "33321"}, "geometry": {"type": "Point", "coordinates": [7.1934243344, 51.2393618349, 345.04]}}, {"type": "Feature", "id": "https://registry.gdi-de.org/de.nw/radnetz/instances/Knoten_Wuppertal_6494", "name": " (ex-nw:Knoten_Wuppertal_6494)", "dateprops": [], "properties": {"https://registry.gdi-de.org/up3/ontology/hoehe": "151.4", "https://registry.gdi-de.org/up3/ontology/knoten-ID": "6494", "http://rdfs.org/ns/void#inDataset.value": "33321"}, "geometry": {"type": "Point", "coordinates": [7.1767997157, 51.2650162265, 151.4]}}, {"type": "Feature", "id": "https://registry.gdi-de.org/de.nw/radnetz/instances/Knoten_Wuppertal_1189691219", "name": " (ex-nw:Knoten_Wuppertal_1189691219)", "dateprops": [], "properties": {"https://registry.gdi-de.org/up3/ontology/hoehe": "341.48", "https://registry.gdi-de.org/up3/ontology/knoten-ID": "1189691219", "http://rdfs.org/ns/void#inDataset.value": "33321"}, "geometry": {"type": "Point", "coordinates": [7.1911628135, 51.2416841659, 341.48]}}, {"type": "Feature", "id": "https://registry.gdi-de.org/de.nw/radnetz/instances/Knoten_Wuppertal_1189691376", "name": " (ex-nw:Knoten_Wuppertal_1189691376)", "dateprops": [], "properties": {"https://registry.gdi-de.org/up3/ontology/hoehe": "185.1", "https://registry.gdi-de.org/up3/ontology/knoten-ID": "1189691376", "http://rdfs.org/ns/void#inDataset.value": "33321"}, "geometry": {"type": "Point", "coordinates": [7.2085784599, 51.2785429213, 185.1]}}, {"type": "Feature", "id": "https://registry.gdi-de.org/de.nw/radnetz/instances/Knoten_Wuppertal_4219", "name": " (ex-nw:Knoten_Wuppertal_4219)", "dateprops": [], "properties": {"https://registry.gdi-de.org/up3/ontology/hoehe": "259.87", "https://registry.gdi-de.org/up3/ontology/knoten-ID": "4219", "http://rdfs.org/ns/void#inDataset.value": "33321"}, "geometry": {"type": "Point", "coordinates": [7.1311938991, 51.197914102, 259.87]}}, {"type": "Feature", "id": "https://registry.gdi-de.org/de.nw/radnetz/instances/Knoten_Wuppertal_1189691221", "name": " (ex-nw:Knoten_Wuppertal_1189691221)", "dateprops": [], "properties": {"https://registry.gdi-de.org/up3/ontology/hoehe": "337.87", "https://registry.gdi-de.org/up3/ontology/knoten-ID": "1189691221", "http://rdfs.org/ns/void#inDataset.value": "33321"}, "geometry": {"type": "Point", "coordinates": [7.1881120756, 51.2430538323, 337.87]}}, {"type": "Feature", "id": "https://registry.gdi-de.org/de.nw/radnetz/instances/Knoten_Wuppertal_1189690395", "name": " (ex-nw:Knoten_Wuppertal_1189690395)", "dateprops": [], "properties": {"https://registry.gdi-de.org/up3/ontology/hoehe": "134.66", "https://registry.gdi-de.org/up3/ontology/knoten-ID": "1189690395", "http://rdfs.org/ns/void#inDataset.value": "33321"}, "geometry": {"type": "Point", "coordinates": [7.0913218518, 51.2384945102, 134.66]}}, {"type": "Feature", "id": "https://registry.gdi-de.org/de.nw/radnetz/instances/Knoten_Wuppertal_5342", "name": " (ex-nw:Knoten_Wuppertal_5342)", "dateprops": [], "properties": {"https://registry.gdi-de.org/up3/ontology/hoehe": "333.79", "https://registry.gdi-de.org/up3/ontology/knoten-ID": "5342", "http://rdfs.org/ns/void#inDataset.value": "33321"}, "geometry": {"type": "Point", "coordinates": [7.1503932623, 51.2280991091, 333.79]}}, {"type": "Feature", "id": "https://registry.gdi-de.org/de.nw/radnetz/instances/Knoten_Wuppertal_3014", "name": " (ex-nw:Knoten_Wuppertal_3014)", "dateprops": [], "properties": {"https://registry.gdi-de.org/up3/ontology/hoehe": "138.56", "https://registry.gdi-de.org/up3/ontology/knoten-ID": "3014", "http://rdfs.org/ns/void#inDataset.value": "33321"}, "geometry": {"type": "Point", "coordinates": [7.0911273421, 51.2389414858, 138.56]}}, {"type": "Feature", "id": "https://registry.gdi-de.org/de.nw/radnetz/instances/Knoten_Wuppertal_1189690404", "name": " (ex-nw:Knoten_Wuppertal_1189690404)", "dateprops": [], "properties": {"https://registry.gdi-de.org/up3/ontology/hoehe": "137.14", "https://registry.gdi-de.org/up3/ontology/knoten-ID": "1189690404", "http://rdfs.org/ns/void#inDataset.value": "33321"}, "geometry": {"type": "Point", "coordinates": [7.1086754299, 51.248238623, 137.14]}}, {"type": "Feature", "id": "https://registry.gdi-de.org/de.nw/radnetz/instances/Knoten_Wuppertal_3212", "name": " (ex-nw:Knoten_Wuppertal_3212)", "dateprops": [], "properties": {"https://registry.gdi-de.org/up3/ontology/hoehe": "244.52", "https://registry.gdi-de.org/up3/ontology/knoten-ID": "3212", "http://rdfs.org/ns/void#inDataset.value": "33321"}, "geometry": {"type": "Point", "coordinates": [7.0991107358, 51.2651847929, 244.52]}}, {"type": "Feature", "id": "https://registry.gdi-de.org/de.nw/radnetz/instances/Knoten_Wuppertal_8960", "name": " (ex-nw:Knoten_Wuppertal_8960)", "dateprops": [], "properties": {"https://registry.gdi-de.org/up3/ontology/hoehe": "166.03", "https://registry.gdi-de.org/up3/ontology/knoten-ID": "8960", "http://rdfs.org/ns/void#inDataset.value": "33321"}, "geometry": {"type": "Point", "coordinates": [7.2366598731, 51.2667791213, 166.03]}}, {"type": "Feature", "id": "https://registry.gdi-de.org/de.nw/radnetz/instances/Knoten_Wuppertal_1189691294", "name": " (ex-nw:Knoten_Wuppertal_1189691294)", "dateprops": [], "properties": {"https://registry.gdi-de.org/up3/ontology/hoehe": "174.65", "https://registry.gdi-de.org/up3/ontology/knoten-ID": "1189691294", "http://rdfs.org/ns/void#inDataset.value": "33321"}, "geometry": {"type": "Point", "coordinates": [7.0828609511, 51.2456510452, 174.65]}}, {"type": "Feature", "id": "https://registry.gdi-de.org/de.nw/radnetz/instances/Knoten_Wuppertal_114200102", "name": " (ex-nw:Knoten_Wuppertal_114200102)", "dateprops": [], "properties": {"https://registry.gdi-de.org/up3/ontology/hoehe": "277.37", "https://registry.gdi-de.org/up3/ontology/knoten-ID": "114200102", "http://rdfs.org/ns/void#inDataset.value": "33321"}, "geometry": {"type": "Point", "coordinates": [7.1313749493, 51.2025843906, 277.37]}}, {"type": "Feature", "id": "https://registry.gdi-de.org/de.nw/radnetz/instances/Knoten_Wuppertal_9154", "name": " (ex-nw:Knoten_Wuppertal_9154)", "dateprops": [], "properties": {"https://registry.gdi-de.org/up3/ontology/hoehe": "227.24", "https://registry.gdi-de.org/up3/ontology/knoten-ID": "9154", "http://rdfs.org/ns/void#inDataset.value": "33321"}, "geometry": {"type": "Point", "coordinates": [7.242368266, 51.2939308638, 227.24]}}, {"type": "Feature", "id": "https://registry.gdi-de.org/de.nw/radnetz/instances/Knoten_Wuppertal_6258", "name": " (ex-nw:Knoten_Wuppertal_6258)", "dateprops": [], "properties": {"https://registry.gdi-de.org/up3/ontology/hoehe": "203.35", "https://registry.gdi-de.org/up3/ontology/knoten-ID": "6258", "http://rdfs.org/ns/void#inDataset.value": "33321"}, "geometry": {"type": "Point", "coordinates": [7.1681870221, 51.2802041267, 203.35]}}, {"type": "Feature", "id": "https://registry.gdi-de.org/de.nw/radnetz/instances/Knoten_Wuppertal_8782", "name": " (ex-nw:Knoten_Wuppertal_8782)", "dateprops": [], "properties": {"https://registry.gdi-de.org/up3/ontology/hoehe": "271.76", "https://registry.gdi-de.org/up3/ontology/knoten-ID": "8782", "http://rdfs.org/ns/void#inDataset.value": "33321"}, "geometry": {"type": "Point", "coordinates": [7.2320663516, 51.243397936, 271.76]}}, {"type": "Feature", "id": "https://registry.gdi-de.org/de.nw/radnetz/instances/Knoten_Wuppertal_8859", "name": " (ex-nw:Knoten_Wuppertal_8859)", "dateprops": [], "properties": {"https://registry.gdi-de.org/up3/ontology/hoehe": "172.71", "https://registry.gdi-de.org/up3/ontology/knoten-ID": "8859", "http://rdfs.org/ns/void#inDataset.value": "33321"}, "geometry": {"type": "Point", "coordinates": [7.2336602882, 51.2640673958, 172.71]}}, {"type": "Feature", "id": "https://registry.gdi-de.org/de.nw/radnetz/instances/Knoten_Wuppertal_113070203", "name": " (ex-nw:Knoten_Wuppertal_113070203)", "dateprops": [], "properties": {"https://registry.gdi-de.org/up3/ontology/hoehe": "138.1", "https://registry.gdi-de.org/up3/ontology/knoten-ID": "113070203", "http://rdfs.org/ns/void#inDataset.value": "33321"}, "geometry": {"type": "Point", "coordinates": [7.102931446, 51.2403951265, 138.1]}}, {"type": "Feature", "id": "https://registry.gdi-de.org/de.nw/radnetz/instances/Knoten_Wuppertal_6190", "name": " (ex-nw:Knoten_Wuppertal_6190)", "dateprops": [], "properties": {"https://registry.gdi-de.org/up3/ontology/hoehe": "323.26", "https://registry.gdi-de.org/up3/ontology/knoten-ID": "6190", "http://rdfs.org/ns/void#inDataset.value": "33321"}, "geometry": {"type": "Point", "coordinates": [7.1674946453, 51.2391790779, 323.26]}}, {"type": "Feature", "id": "https://registry.gdi-de.org/de.nw/radnetz/instances/Knoten_Wuppertal_1189691254", "name": " (ex-nw:Knoten_Wuppertal_1189691254)", "dateprops": [], "properties": {"https://registry.gdi-de.org/up3/ontology/hoehe": "160.69", "https://registry.gdi-de.org/up3/ontology/knoten-ID": "1189691254", "http://rdfs.org/ns/void#inDataset.value": "33321"}, "geometry": {"type": "Point", "coordinates": [7.2196077709, 51.2752317837, 160.69]}}, {"type": "Feature", "id": "https://registry.gdi-de.org/de.nw/radnetz/instances/Knoten_Wuppertal_2226", "name": " (ex-nw:Knoten_Wuppertal_2226)", "dateprops": [], "properties": {"https://registry.gdi-de.org/up3/ontology/hoehe": "176.01", "https://registry.gdi-de.org/up3/ontology/knoten-ID": "2226", "http://rdfs.org/ns/void#inDataset.value": "33321"}, "geometry": {"type": "Point", "coordinates": [7.0536603156, 51.2220343318, 176.01]}}, {"type": "Feature", "id": "https://registry.gdi-de.org/de.nw/radnetz/instances/Knoten_Wuppertal_1189691306", "name": " (ex-nw:Knoten_Wuppertal_1189691306)", "dateprops": [], "properties": {"https://registry.gdi-de.org/up3/ontology/hoehe": "162.21", "https://registry.gdi-de.org/up3/ontology/knoten-ID": "1189691306", "http://rdfs.org/ns/void#inDataset.value": "33321"}, "geometry": {"type": "Point", "coordinates": [7.1665015746, 51.2020621844, 162.21]}}, {"type": "Feature", "id": "https://registry.gdi-de.org/de.nw/radnetz/instances/Knoten_Wuppertal_1189691257", "name": " (ex-nw:Knoten_Wuppertal_1189691257)", "dateprops": [], "properties": {"https://registry.gdi-de.org/up3/ontology/hoehe": "171.83", "https://registry.gdi-de.org/up3/ontology/knoten-ID": "1189691257", "http://rdfs.org/ns/void#inDataset.value": "33321"}, "geometry": {"type": "Point", "coordinates": [7.2376166242, 51.2788787106, 171.83]}}, {"type": "Feature", "id": "https://registry.gdi-de.org/de.nw/radnetz/instances/Knoten_Wuppertal_6888", "name": " (ex-nw:Knoten_Wuppertal_6888)", "dateprops": [], "properties": {"https://registry.gdi-de.org/up3/ontology/hoehe": "341.24", "https://registry.gdi-de.org/up3/ontology/knoten-ID": "6888", "http://rdfs.org/ns/void#inDataset.value": "33321"}, "geometry": {"type": "Point", "coordinates": [7.1893043499, 51.2438021762, 341.24]}}, {"type": "Feature", "id": "https://registry.gdi-de.org/de.nw/radnetz/instances/Knoten_Wuppertal_7504", "name": " (ex-nw:Knoten_Wuppertal_7504)", "dateprops": [], "properties": {"https://registry.gdi-de.org/up3/ontology/hoehe": "285.55", "https://registry.gdi-de.org/up3/ontology/knoten-ID": "7504", "http://rdfs.org/ns/void#inDataset.value": "33321"}, "geometry": {"type": "Point", "coordinates": [7.2006850869, 51.2293056191, 285.55]}}, {"type": "Feature", "id": "https://registry.gdi-de.org/de.nw/radnetz/instances/Knoten_Wuppertal_6035", "name": " (ex-nw:Knoten_Wuppertal_6035)", "dateprops": [], "properties": {"https://registry.gdi-de.org/up3/ontology/hoehe": "296.58", "https://registry.gdi-de.org/up3/ontology/knoten-ID": "6035", "http://rdfs.org/ns/void#inDataset.value": "33321"}, "geometry": {"type": "Point", "coordinates": [7.161066824, 51.3007383084, 296.58]}}, {"type": "Feature", "id": "https://registry.gdi-de.org/de.nw/radnetz/instances/Knoten_Wuppertal_4601", "name": " (ex-nw:Knoten_Wuppertal_4601)", "dateprops": [], "properties": {"https://registry.gdi-de.org/up3/ontology/hoehe": "141.91", "https://registry.gdi-de.org/up3/ontology/knoten-ID": "4601", "http://rdfs.org/ns/void#inDataset.value": "33321"}, "geometry": {"type": "Point", "coordinates": [7.1364736819, 51.2536932801, 141.91]}}, {"type": "Feature", "id": "https://registry.gdi-de.org/de.nw/radnetz/instances/Knoten_Wuppertal_5023", "name": " (ex-nw:Knoten_Wuppertal_5023)", "dateprops": [], "properties": {"https://registry.gdi-de.org/up3/ontology/hoehe": "143.3", "https://registry.gdi-de.org/up3/ontology/knoten-ID": "5023", "http://rdfs.org/ns/void#inDataset.value": "33321"}, "geometry": {"type": "Point", "coordinates": [7.1442068953, 51.255912482, 143.3]}}, {"type": "Feature", "id": "https://registry.gdi-de.org/de.nw/radnetz/instances/Knoten_Wuppertal_4496", "name": " (ex-nw:Knoten_Wuppertal_4496)", "dateprops": [], "properties": {"https://registry.gdi-de.org/up3/ontology/hoehe": "141.95", "https://registry.gdi-de.org/up3/ontology/knoten-ID": "4496", "http://rdfs.org/ns/void#inDataset.value": "33321"}, "geometry": {"type": "Point", "coordinates": [7.1338773416, 51.2529724208, 141.95]}}, {"type": "Feature", "id": "https://registry.gdi-de.org/de.nw/radnetz/instances/Knoten_Wuppertal_1189691295", "name": " (ex-nw:Knoten_Wuppertal_1189691295)", "dateprops": [], "properties": {"https://registry.gdi-de.org/up3/ontology/hoehe": "170.55", "https://registry.gdi-de.org/up3/ontology/knoten-ID": "1189691295", "http://rdfs.org/ns/void#inDataset.value": "33321"}, "geometry": {"type": "Point", "coordinates": [7.0583973593, 51.2422625582, 170.55]}}, {"type": "Feature", "id": "https://registry.gdi-de.org/de.nw/radnetz/instances/Knoten_Wuppertal_5145", "name": " (ex-nw:Knoten_Wuppertal_5145)", "dateprops": [], "properties": {"https://registry.gdi-de.org/up3/ontology/hoehe": "143.31", "https://registry.gdi-de.org/up3/ontology/knoten-ID": "5145", "http://rdfs.org/ns/void#inDataset.value": "33321"}, "geometry": {"type": "Point", "coordinates": [7.1461551461, 51.2570686864, 143.31]}}, {"type": "Feature", "id": "https://registry.gdi-de.org/de.nw/radnetz/instances/Knoten_Wuppertal_8768", "name": " (ex-nw:Knoten_Wuppertal_8768)", "dateprops": [], "properties": {"https://registry.gdi-de.org/up3/ontology/hoehe": "172.58", "https://registry.gdi-de.org/up3/ontology/knoten-ID": "8768", "http://rdfs.org/ns/void#inDataset.value": "33321"}, "geometry": {"type": "Point", "coordinates": [7.2311585464, 51.2558452351, 172.58]}}, {"type": "Feature", "id": "https://registry.gdi-de.org/de.nw/radnetz/instances/Knoten_Wuppertal_4725", "name": " (ex-nw:Knoten_Wuppertal_4725)", "dateprops": [], "properties": {"https://registry.gdi-de.org/up3/ontology/hoehe": "144.63", "https://registry.gdi-de.org/up3/ontology/knoten-ID": "4725", "http://rdfs.org/ns/void#inDataset.value": "33321"}, "geometry": {"type": "Point", "coordinates": [7.139172913, 51.2571753343, 144.63]}}, {"type": "Feature", "id": "https://registry.gdi-de.org/de.nw/radnetz/instances/Knoten_Wuppertal_116420101", "name": " (ex-nw:Knoten_Wuppertal_116420101)", "dateprops": [], "properties": {"https://registry.gdi-de.org/up3/ontology/hoehe": "168.92", "https://registry.gdi-de.org/up3/ontology/knoten-ID": "116420101", "http://rdfs.org/ns/void#inDataset.value": "33321"}, "geometry": {"type": "Point", "coordinates": [7.2367780363, 51.2636747245, 168.92]}}, {"type": "Feature", "id": "https://registry.gdi-de.org/de.nw/radnetz/instances/Knoten_Wuppertal_8356", "name": " (ex-nw:Knoten_Wuppertal_8356)", "dateprops": [], "properties": {"https://registry.gdi-de.org/up3/ontology/hoehe": "164.4", "https://registry.gdi-de.org/up3/ontology/knoten-ID": "8356", "http://rdfs.org/ns/void#inDataset.value": "33321"}, "geometry": {"type": "Point", "coordinates": [7.2178367285, 51.2765643339, 164.4]}}, {"type": "Feature", "id": "https://registry.gdi-de.org/de.nw/radnetz/instances/Knoten_Wuppertal_4937", "name": " (ex-nw:Knoten_Wuppertal_4937)", "dateprops": [], "properties": {"https://registry.gdi-de.org/up3/ontology/hoehe": "284.78", "https://registry.gdi-de.org/up3/ontology/knoten-ID": "4937", "http://rdfs.org/ns/void#inDataset.value": "33321"}, "geometry": {"type": "Point", "coordinates": [7.1419134296, 51.2825754799, 284.78]}}, {"type": "Feature", "id": "https://registry.gdi-de.org/de.nw/radnetz/instances/Knoten_Wuppertal_116200102", "name": " (ex-nw:Knoten_Wuppertal_116200102)", "dateprops": [], "properties": {"https://registry.gdi-de.org/up3/ontology/hoehe": "165.68", "https://registry.gdi-de.org/up3/ontology/knoten-ID": "116200102", "http://rdfs.org/ns/void#inDataset.value": "33321"}, "geometry": {"type": "Point", "coordinates": [7.2318974835, 51.2760343747, 165.68]}}, {"type": "Feature", "id": "https://registry.gdi-de.org/de.nw/radnetz/instances/Knoten_Wuppertal_5479", "name": " (ex-nw:Knoten_Wuppertal_5479)", "dateprops": [], "properties": {"https://registry.gdi-de.org/up3/ontology/hoehe": "146.57", "https://registry.gdi-de.org/up3/ontology/knoten-ID": "5479", "http://rdfs.org/ns/void#inDataset.value": "33321"}, "geometry": {"type": "Point", "coordinates": [7.1515723069, 51.2588853274, 146.57]}}, {"type": "Feature", "id": "https://registry.gdi-de.org/de.nw/radnetz/instances/Knoten_Wuppertal_3251", "name": " (ex-nw:Knoten_Wuppertal_3251)", "dateprops": [], "properties": {"https://registry.gdi-de.org/up3/ontology/hoehe": "220.7", "https://registry.gdi-de.org/up3/ontology/knoten-ID": "3251", "http://rdfs.org/ns/void#inDataset.value": "33321"}, "geometry": {"type": "Point", "coordinates": [7.100188116, 51.2917562168, 220.7]}}, {"type": "Feature", "id": "https://registry.gdi-de.org/de.nw/radnetz/instances/Knoten_Wuppertal_5393", "name": " (ex-nw:Knoten_Wuppertal_5393)", "dateprops": [], "properties": {"https://registry.gdi-de.org/up3/ontology/hoehe": "145.93", "https://registry.gdi-de.org/up3/ontology/knoten-ID": "5393", "http://rdfs.org/ns/void#inDataset.value": "33321"}, "geometry": {"type": "Point", "coordinates": [7.1501058328, 51.2590320803, 145.93]}}, {"type": "Feature", "id": "https://registry.gdi-de.org/de.nw/radnetz/instances/Knoten_Wuppertal_112110102", "name": " (ex-nw:Knoten_Wuppertal_112110102)", "dateprops": [], "properties": {"https://registry.gdi-de.org/up3/ontology/hoehe": "216.71", "https://registry.gdi-de.org/up3/ontology/knoten-ID": "112110102", "http://rdfs.org/ns/void#inDataset.value": "33321"}, "geometry": {"type": "Point", "coordinates": [7.1731791776, 51.2838150234, 216.71]}}, {"type": "Feature", "id": "https://registry.gdi-de.org/de.nw/radnetz/instances/Knoten_Wuppertal_1189691269", "name": " (ex-nw:Knoten_Wuppertal_1189691269)", "dateprops": [], "properties": {"https://registry.gdi-de.org/up3/ontology/hoehe": "306.16", "https://registry.gdi-de.org/up3/ontology/knoten-ID": "1189691269", "http://rdfs.org/ns/void#inDataset.value": "33321"}, "geometry": {"type": "Point", "coordinates": [7.2514812336, 51.3087913921, 306.16]}}, {"type": "Feature", "id": "https://registry.gdi-de.org/de.nw/radnetz/instances/Knoten_Wuppertal_1189690555", "name": " (ex-nw:Knoten_Wuppertal_1189690555)", "dateprops": [], "properties": {"https://registry.gdi-de.org/up3/ontology/hoehe": "141.85", "https://registry.gdi-de.org/up3/ontology/knoten-ID": "1189690555", "http://rdfs.org/ns/void#inDataset.value": "33321"}, "geometry": {"type": "Point", "coordinates": [7.1385669253, 51.2542032111, 141.85]}}, {"type": "Feature", "id": "https://registry.gdi-de.org/de.nw/radnetz/instances/Knoten_Wuppertal_9688", "name": " (ex-nw:Knoten_Wuppertal_9688)", "dateprops": [], "properties": {"https://registry.gdi-de.org/up3/ontology/hoehe": "216.57", "https://registry.gdi-de.org/up3/ontology/knoten-ID": "9688", "http://rdfs.org/ns/void#inDataset.value": "33321"}, "geometry": {"type": "Point", "coordinates": [7.2683569781, 51.2780479739, 216.57]}}, {"type": "Feature", "id": "https://registry.gdi-de.org/de.nw/radnetz/instances/Knoten_Wuppertal_2077", "name": " (ex-nw:Knoten_Wuppertal_2077)", "dateprops": [], "properties": {"https://registry.gdi-de.org/up3/ontology/hoehe": "189.68", "https://registry.gdi-de.org/up3/ontology/knoten-ID": "2077", "http://rdfs.org/ns/void#inDataset.value": "33321"}, "geometry": {"type": "Point", "coordinates": [7.0384053332, 51.2299679837, 189.68]}}, {"type": "Feature", "id": "https://registry.gdi-de.org/de.nw/radnetz/instances/Knoten_Wuppertal_5315", "name": " (ex-nw:Knoten_Wuppertal_5315)", "dateprops": [], "properties": {"https://registry.gdi-de.org/up3/ontology/hoehe": "308.03", "https://registry.gdi-de.org/up3/ontology/knoten-ID": "5315", "http://rdfs.org/ns/void#inDataset.value": "33321"}, "geometry": {"type": "Point", "coordinates": [7.1504298371, 51.2176316127, 308.03]}}, {"type": "Feature", "id": "https://registry.gdi-de.org/de.nw/radnetz/instances/Knoten_Wuppertal_5414", "name": " (ex-nw:Knoten_Wuppertal_5414)", "dateprops": [], "properties": {"https://registry.gdi-de.org/up3/ontology/hoehe": "329.02", "https://registry.gdi-de.org/up3/ontology/knoten-ID": "5414", "http://rdfs.org/ns/void#inDataset.value": "33321"}, "geometry": {"type": "Point", "coordinates": [7.1517818646, 51.2242934057, 329.02]}}, {"type": "Feature", "id": "https://registry.gdi-de.org/de.nw/radnetz/instances/Knoten_Wuppertal_60086", "name": " (ex-nw:Knoten_Wuppertal_60086)", "dateprops": [], "properties": {"https://registry.gdi-de.org/up3/ontology/hoehe": "325.84", "https://registry.gdi-de.org/up3/ontology/knoten-ID": "60086", "http://rdfs.org/ns/void#inDataset.value": "33321"}, "geometry": {"type": "Point", "coordinates": [7.1806317238, 51.2431803882, 325.84]}}, {"type": "Feature", "id": "https://registry.gdi-de.org/de.nw/radnetz/instances/Knoten_Wuppertal_2917", "name": " (ex-nw:Knoten_Wuppertal_2917)", "dateprops": [], "properties": {"https://registry.gdi-de.org/up3/ontology/hoehe": "149.57", "https://registry.gdi-de.org/up3/ontology/knoten-ID": "2917", "http://rdfs.org/ns/void#inDataset.value": "33321"}, "geometry": {"type": "Point", "coordinates": [7.0862595985, 51.2344500471, 149.57]}}, {"type": "Feature", "id": "https://registry.gdi-de.org/de.nw/radnetz/instances/Knoten_Wuppertal_112200103", "name": " (ex-nw:Knoten_Wuppertal_112200103)", "dateprops": [], "properties": {"https://registry.gdi-de.org/up3/ontology/hoehe": "143.13", "https://registry.gdi-de.org/up3/ontology/knoten-ID": "112200103", "http://rdfs.org/ns/void#inDataset.value": "33321"}, "geometry": {"type": "Point", "coordinates": [7.1461840058, 51.256925322, 143.13]}}, {"type": "Feature", "id": "https://registry.gdi-de.org/de.nw/radnetz/instances/Knoten_Wuppertal_110720101", "name": " (ex-nw:Knoten_Wuppertal_110720101)", "dateprops": [], "properties": {"https://registry.gdi-de.org/up3/ontology/hoehe": "144.12", "https://registry.gdi-de.org/up3/ontology/knoten-ID": "110720101", "http://rdfs.org/ns/void#inDataset.value": "33321"}, "geometry": {"type": "Point", "coordinates": [7.1408422186, 51.2546075432, 144.12]}}, {"type": "Feature", "id": "https://registry.gdi-de.org/de.nw/radnetz/instances/Knoten_Wuppertal_1189691286", "name": " (ex-nw:Knoten_Wuppertal_1189691286)", "dateprops": [], "properties": {"https://registry.gdi-de.org/up3/ontology/hoehe": "129.69", "https://registry.gdi-de.org/up3/ontology/knoten-ID": "1189691286", "http://rdfs.org/ns/void#inDataset.value": "33321"}, "geometry": {"type": "Point", "coordinates": [7.1120803276, 51.1868735681, 129.69]}}, {"type": "Feature", "id": "https://registry.gdi-de.org/de.nw/radnetz/instances/Knoten_Wuppertal_2175", "name": " (ex-nw:Knoten_Wuppertal_2175)", "dateprops": [], "properties": {"https://registry.gdi-de.org/up3/ontology/hoehe": "174.88", "https://registry.gdi-de.org/up3/ontology/knoten-ID": "2175", "http://rdfs.org/ns/void#inDataset.value": "33321"}, "geometry": {"type": "Point", "coordinates": [7.049113616, 51.2194987888, 174.88]}}, {"type": "Feature", "id": "https://registry.gdi-de.org/de.nw/radnetz/instances/Knoten_Wuppertal_60201", "name": " (ex-nw:Knoten_Wuppertal_60201)", "dateprops": [], "properties": {"https://registry.gdi-de.org/up3/ontology/hoehe": "189.94", "https://registry.gdi-de.org/up3/ontology/knoten-ID": "60201", "http://rdfs.org/ns/void#inDataset.value": "33321"}, "geometry": {"type": "Point", "coordinates": [7.2387656619, 51.2712665118, 189.94]}}, {"type": "Feature", "id": "https://registry.gdi-de.org/de.nw/radnetz/instances/Knoten_Wuppertal_118160102", "name": " (ex-nw:Knoten_Wuppertal_118160102)", "dateprops": [], "properties": {"https://registry.gdi-de.org/up3/ontology/hoehe": "247.58", "https://registry.gdi-de.org/up3/ontology/knoten-ID": "118160102", "http://rdfs.org/ns/void#inDataset.value": "33321"}, "geometry": {"type": "Point", "coordinates": [7.1330530362, 51.3064544325, 247.58]}}, {"type": "Feature", "id": "https://registry.gdi-de.org/de.nw/radnetz/instances/Knoten_Wuppertal_8844", "name": " (ex-nw:Knoten_Wuppertal_8844)", "dateprops": [], "properties": {"https://registry.gdi-de.org/up3/ontology/hoehe": "190.7", "https://registry.gdi-de.org/up3/ontology/knoten-ID": "8844", "http://rdfs.org/ns/void#inDataset.value": "33321"}, "geometry": {"type": "Point", "coordinates": [7.2328873989, 51.2728075306, 190.7]}}, {"type": "Feature", "id": "https://registry.gdi-de.org/de.nw/radnetz/instances/Knoten_Wuppertal_9316", "name": " (ex-nw:Knoten_Wuppertal_9316)", "dateprops": [], "properties": {"https://registry.gdi-de.org/up3/ontology/hoehe": "321.94", "https://registry.gdi-de.org/up3/ontology/knoten-ID": "9316", "http://rdfs.org/ns/void#inDataset.value": "33321"}, "geometry": {"type": "Point", "coordinates": [7.2487686626, 51.31237167, 321.94]}}, {"type": "Feature", "id": "https://registry.gdi-de.org/de.nw/radnetz/instances/Knoten_Wuppertal_1189691357", "name": " (ex-nw:Knoten_Wuppertal_1189691357)", "dateprops": [], "properties": {"https://registry.gdi-de.org/up3/ontology/hoehe": "180.1", "https://registry.gdi-de.org/up3/ontology/knoten-ID": "1189691357", "http://rdfs.org/ns/void#inDataset.value": "33321"}, "geometry": {"type": "Point", "coordinates": [7.0791723048, 51.2805236684, 180.1]}}, {"type": "Feature", "id": "https://registry.gdi-de.org/de.nw/radnetz/instances/Knoten_Wuppertal_113850101", "name": " (ex-nw:Knoten_Wuppertal_113850101)", "dateprops": [], "properties": {"https://registry.gdi-de.org/up3/ontology/hoehe": "144.42", "https://registry.gdi-de.org/up3/ontology/knoten-ID": "113850101", "http://rdfs.org/ns/void#inDataset.value": "33321"}, "geometry": {"type": "Point", "coordinates": [7.1035241386, 51.248376912, 144.42]}}, {"type": "Feature", "id": "https://registry.gdi-de.org/de.nw/radnetz/instances/Knoten_Wuppertal_116140102", "name": " (ex-nw:Knoten_Wuppertal_116140102)", "dateprops": [], "properties": {"https://registry.gdi-de.org/up3/ontology/hoehe": "299.21", "https://registry.gdi-de.org/up3/ontology/knoten-ID": "116140102", "http://rdfs.org/ns/void#inDataset.value": "33321"}, "geometry": {"type": "Point", "coordinates": [7.2522986182, 51.307698137, 299.21]}}, {"type": "Feature", "id": "https://registry.gdi-de.org/de.nw/radnetz/instances/Knoten_Wuppertal_1189691256", "name": " (ex-nw:Knoten_Wuppertal_1189691256)", "dateprops": [], "properties": {"https://registry.gdi-de.org/up3/ontology/hoehe": "165.53", "https://registry.gdi-de.org/up3/ontology/knoten-ID": "1189691256", "http://rdfs.org/ns/void#inDataset.value": "33321"}, "geometry": {"type": "Point", "coordinates": [7.2312833396, 51.2760048889, 165.53]}}, {"type": "Feature", "id": "https://registry.gdi-de.org/de.nw/radnetz/instances/Knoten_Wuppertal_9481", "name": " (ex-nw:Knoten_Wuppertal_9481)", "dateprops": [], "properties": {"https://registry.gdi-de.org/up3/ontology/hoehe": "180.74", "https://registry.gdi-de.org/up3/ontology/knoten-ID": "9481", "http://rdfs.org/ns/void#inDataset.value": "33321"}, "geometry": {"type": "Point", "coordinates": [7.2562621959, 51.2831706446, 180.74]}}, {"type": "Feature", "id": "https://registry.gdi-de.org/de.nw/radnetz/instances/Knoten_Wuppertal_10099", "name": " (ex-nw:Knoten_Wuppertal_10099)", "dateprops": [], "properties": {"https://registry.gdi-de.org/up3/ontology/hoehe": "198.55", "https://registry.gdi-de.org/up3/ontology/knoten-ID": "10099", "http://rdfs.org/ns/void#inDataset.value": "33321"}, "geometry": {"type": "Point", "coordinates": [7.3057530631, 51.2413721378, 198.55]}}], "numberMatched": 1181, "numberReturned": 1181, "bbox": [7.0064267036, 51.1641436011, 7.3190549612, 51.3252735319], "crs": "http://www.opengis.net/def/crs/EPSG/0/4326"}