{"type": "FeatureCollection", "id": "https://registry.gdi-de.org/de.nw/radnetz/instances/Streckenabschnitt_optional_collection", "name": "Streckenabschnitt_optional Instances Collection", "features": [{"type": "Feature", "id": "https://registry.gdi-de.org/de.nw/radnetz/instances/Section_Wuppertal_1226762_624", "name": " (ex-nw:Section_Wuppertal_1226762_624)", "dateprops": [], "properties": {"https://registry.gdi-de.org/up3/ontology/quell-ID": "1226762", "https://registry.gdi-de.org/up3/ontology/steigung": "2.347042", "https://registry.gdi-de.org/up3/ontology/strecken-ID": "Section_Wuppertal_1226762_624", "http://rdfs.org/ns/void#inDataset.value": "4635"}, "geometry": {"type": "LineString", "coordinates": [[7.1019568724, 51.2913277286, 225.68], [7.1021018149, 51.2912810436, 0.0], [7.1022714263, 51.2912254695, 226.26]]}}, {"type": "Feature", "id": "https://registry.gdi-de.org/de.nw/radnetz/instances/Section_Wuppertal_1227031_667_left", "name": " (ex-nw:Section_Wuppertal_1227031_667_left)", "dateprops": [], "properties": {"https://registry.gdi-de.org/up3/ontology/quell-ID": "1227031", "https://registry.gdi-de.org/up3/ontology/steigung": "6.358094", "https://registry.gdi-de.org/up3/ontology/strecken-ID": "Section_Wuppertal_1227031_667_left", "http://rdfs.org/ns/void#inDataset.value": "4635"}, "geometry": {"type": "LineString", "coordinates": [[7.1603938774, 51.2519539596, 208.18], [7.1604496904, 51.2515936764, 210.74]]}}, {"type": "Feature", "id": "https://registry.gdi-de.org/de.nw/radnetz/instances/Section_Wuppertal_12994_280", "name": " (ex-nw:Section_Wuppertal_12994_280)", "dateprops": [], "properties": {"https://registry.gdi-de.org/up3/ontology/quell-ID": "12994", "https://registry.gdi-de.org/up3/ontology/steigung": "3.226216", "https://registry.gdi-de.org/up3/ontology/strecken-ID": "Section_Wuppertal_12994_280", "http://rdfs.org/ns/void#inDataset.value": "4635"}, "geometry": {"type": "LineString", "coordinates": [[7.0782287765, 51.2316955168, 167.34], [7.0766178008, 51.2313229079, 0.0], [7.0760082331, 51.2311172056, 0.0], [7.0755027593, 51.2308938059, 174.16]]}}, {"type": "Feature", "id": "https://registry.gdi-de.org/de.nw/radnetz/instances/Section_Wuppertal_11317_237_left", "name": " (ex-nw:Section_Wuppertal_11317_237_left)", "dateprops": [], "properties": {"https://registry.gdi-de.org/up3/ontology/quell-ID": "11317", "https://registry.gdi-de.org/up3/ontology/steigung": "3.825339", "https://registry.gdi-de.org/up3/ontology/strecken-ID": "Section_Wuppertal_11317_237_left", "http://rdfs.org/ns/void#inDataset.value": "4635"}, "geometry": {"type": "LineString", "coordinates": [[7.0706188166, 51.242854974, 204.53], [7.0705410703, 51.2423378884, 206.74]]}}, {"type": "Feature", "id": "https://registry.gdi-de.org/de.nw/radnetz/instances/Section_Wuppertal_11992_250", "name": " (ex-nw:Section_Wuppertal_11992_250)", "dateprops": [], "properties": {"https://registry.gdi-de.org/up3/ontology/quell-ID": "11992", "https://registry.gdi-de.org/up3/ontology/steigung": "2.335955", "https://registry.gdi-de.org/up3/ontology/strecken-ID": "Section_Wuppertal_11992_250", "http://rdfs.org/ns/void#inDataset.value": "4635"}, "geometry": {"type": "LineString", "coordinates": [[7.270594213, 51.2529957137, 183.43], [7.2710176499, 51.2529519305, 0.0], [7.2712513527, 51.2530542033, 0.0], [7.2712366886, 51.2534120093, 0.0], [7.2719315643, 51.2539783767, 0.0], [7.2721622197, 51.2542370393, 0.0], [7.2729174457, 51.2550703761, 0.0], [7.2735163449, 51.2555830546, 0.0], [7.2736811832, 51.2557923761, 0.0], [7.2738140039, 51.2559964813, 0.0], [7.2740403339, 51.2560980011, 0.0], [7.2743730978, 51.2563222146, 0.0], [7.2746977134, 51.2565962549, 0.0], [7.2749724511, 51.2569148882, 0.0], [7.2751471385, 51.257217815, 0.0], [7.275086245, 51.2575316116, 198.21]]}}, {"type": "Feature", "id": "https://registry.gdi-de.org/de.nw/radnetz/instances/Section_Wuppertal_1227010_666", "name": " (ex-nw:Section_Wuppertal_1227010_666)", "dateprops": [], "properties": {"https://registry.gdi-de.org/up3/ontology/quell-ID": "1227010", "https://registry.gdi-de.org/up3/ontology/steigung": "2.117096", "https://registry.gdi-de.org/up3/ontology/strecken-ID": "Section_Wuppertal_1227010_666", "http://rdfs.org/ns/void#inDataset.value": "4635"}, "geometry": {"type": "LineString", "coordinates": [[7.1523018569, 51.2588422596, 146.19], [7.1521940477, 51.2588486242, 146.35]]}}, {"type": "Feature", "id": "https://registry.gdi-de.org/de.nw/radnetz/instances/Section_Wuppertal_9999919_1106", "name": " (ex-nw:Section_Wuppertal_9999919_1106)", "dateprops": [], "properties": {"https://registry.gdi-de.org/up3/ontology/quell-ID": "9999919", "https://registry.gdi-de.org/up3/ontology/steigung": "0.2236569", "https://registry.gdi-de.org/up3/ontology/strecken-ID": "Section_Wuppertal_9999919_1106", "http://rdfs.org/ns/void#inDataset.value": "4635"}, "geometry": {"type": "LineString", "coordinates": [[7.1958315475, 51.2733475148, 182.2], [7.1960252855, 51.2734527994, 134.2177]]}}, {"type": "Feature", "id": "https://registry.gdi-de.org/de.nw/radnetz/instances/Section_Wuppertal_1226118_539", "name": " (ex-nw:Section_Wuppertal_1226118_539)", "dateprops": [], "properties": {"https://registry.gdi-de.org/up3/ontology/quell-ID": "1226118", "https://registry.gdi-de.org/up3/ontology/steigung": "6.236883", "https://registry.gdi-de.org/up3/ontology/strecken-ID": "Section_Wuppertal_1226118_539", "http://rdfs.org/ns/void#inDataset.value": "4635"}, "geometry": {"type": "LineString", "coordinates": [[7.2325174974, 51.2728025157, 189.09], [7.2328873989, 51.2728075306, 190.7]]}}, {"type": "Feature", "id": "https://registry.gdi-de.org/de.nw/radnetz/instances/Section_Wuppertal_1462_32", "name": " (ex-nw:Section_Wuppertal_1462_32)", "dateprops": [], "properties": {"https://registry.gdi-de.org/up3/ontology/quell-ID": "1462", "https://registry.gdi-de.org/up3/ontology/steigung": "0.18556", "https://registry.gdi-de.org/up3/ontology/strecken-ID": "Section_Wuppertal_1462_32", "http://rdfs.org/ns/void#inDataset.value": "4635"}, "geometry": {"type": "LineString", "coordinates": [[7.1301983547, 51.2520193316, 140.6], [7.1304476739, 51.2521336886, 140.64]]}}, {"type": "Feature", "id": "https://registry.gdi-de.org/de.nw/radnetz/instances/Section_Wuppertal_1225973_528_right", "name": " (ex-nw:Section_Wuppertal_1225973_528_right)", "dateprops": [], "properties": {"https://registry.gdi-de.org/up3/ontology/quell-ID": "1225973", "https://registry.gdi-de.org/up3/ontology/steigung": "2.397169", "https://registry.gdi-de.org/up3/ontology/strecken-ID": "Section_Wuppertal_1225973_528_right", "http://rdfs.org/ns/void#inDataset.value": "4635"}, "geometry": {"type": "LineString", "coordinates": [[7.131740049, 51.2798571175, 294.4], [7.1321802909, 51.2798210826, 0.0], [7.1323847925, 51.2797978701, 295.49]]}}, {"type": "Feature", "id": "https://registry.gdi-de.org/de.nw/radnetz/instances/Section_Wuppertal_7376_152", "name": " (ex-nw:Section_Wuppertal_7376_152)", "dateprops": [], "properties": {"https://registry.gdi-de.org/up3/ontology/quell-ID": "7376", "https://registry.gdi-de.org/up3/ontology/steigung": "2.350684", "https://registry.gdi-de.org/up3/ontology/strecken-ID": "Section_Wuppertal_7376_152", "http://rdfs.org/ns/void#inDataset.value": "4635"}, "geometry": {"type": "LineString", "coordinates": [[7.1051721178, 51.2287344049, 130.14], [7.106413359, 51.2288168912, 0.0], [7.1071162328, 51.2288018713, 0.0], [7.1082305986, 51.2286935174, 0.0], [7.1084917725, 51.2286653338, 135.63]]}}, {"type": "Feature", "id": "https://registry.gdi-de.org/de.nw/radnetz/instances/Section_Wuppertal_298_880", "name": " (ex-nw:Section_Wuppertal_298_880)", "dateprops": [], "properties": {"https://registry.gdi-de.org/up3/ontology/quell-ID": "298", "https://registry.gdi-de.org/up3/ontology/steigung": "0.4772061", "https://registry.gdi-de.org/up3/ontology/strecken-ID": "Section_Wuppertal_298_880", "http://rdfs.org/ns/void#inDataset.value": "4635"}, "geometry": {"type": "LineString", "coordinates": [[7.1519522987, 51.2562637713, 147.38], [7.1512773036, 51.2562455363, 0.0], [7.1507601353, 51.2561877117, 147.78]]}}, {"type": "Feature", "id": "https://registry.gdi-de.org/de.nw/radnetz/instances/Section_Wuppertal_1229745_758", "name": " (ex-nw:Section_Wuppertal_1229745_758)", "dateprops": [], "properties": {"https://registry.gdi-de.org/up3/ontology/quell-ID": "1229745", "https://registry.gdi-de.org/up3/ontology/steigung": "4.884792", "https://registry.gdi-de.org/up3/ontology/strecken-ID": "Section_Wuppertal_1229745_758", "http://rdfs.org/ns/void#inDataset.value": "4635"}, "geometry": {"type": "LineString", "coordinates": [[7.1895769486, 51.2423844027, 333.59], [7.1896361503, 51.242292553, 0.0], [7.1897548199, 51.2423321194, 0.0], [7.189894352, 51.2424144567, 0.0], [7.1900137638, 51.2424351694, 0.0], [7.1901949156, 51.2424143896, 0.0], [7.1903640071, 51.2423179601, 0.0], [7.1906873568, 51.242120156, 0.0], [7.1911628135, 51.2416841659, 341.48]]}}, {"type": "Feature", "id": "https://registry.gdi-de.org/de.nw/radnetz/instances/Section_Wuppertal_1225089_1097", "name": " (ex-nw:Section_Wuppertal_1225089_1097)", "dateprops": [], "properties": {"https://registry.gdi-de.org/up3/ontology/quell-ID": "1225089", "https://registry.gdi-de.org/up3/ontology/steigung": "0.9963372", "https://registry.gdi-de.org/up3/ontology/strecken-ID": "Section_Wuppertal_1225089_1097", "http://rdfs.org/ns/void#inDataset.value": "4635"}, "geometry": {"type": "LineString", "coordinates": [[7.1532947948, 51.2346303118, 0.0], [7.1526488522, 51.2343439136, 0.0], [7.1521027698, 51.2336928295, 0.0], [7.1512128426, 51.232461033, 0.0], [7.1507668271, 51.2318002288, 0.0]]}}, {"type": "Feature", "id": "https://registry.gdi-de.org/de.nw/radnetz/instances/Section_Wuppertal_9999904_945", "name": " (ex-nw:Section_Wuppertal_9999904_945)", "dateprops": [], "properties": {"https://registry.gdi-de.org/up3/ontology/quell-ID": "9999904", "https://registry.gdi-de.org/up3/ontology/steigung": "0.08463027", "https://registry.gdi-de.org/up3/ontology/strecken-ID": "Section_Wuppertal_9999904_945", "http://rdfs.org/ns/void#inDataset.value": "4635"}, "geometry": {"type": "LineString", "coordinates": [[7.231030572, 51.2777067149, 0.0], [7.2309432812, 51.2776237491, 0.0], [7.2303489108, 51.2772572588, 0.0], [7.2300438233, 51.2771095898, 0.0], [7.2296594901, 51.2769590272, 0.0], [7.2292268149, 51.2768443074, 0.0], [7.2288083348, 51.2767517383, 0.0], [7.2283493895, 51.2766900758, 0.0], [7.2278507728, 51.27666438, 0.0], [7.2273179985, 51.2766871505, 0.0], [7.2268648771, 51.2767307499, 0.0], [7.2265052814, 51.2767976813, 0.0]]}}, {"type": "Feature", "id": "https://registry.gdi-de.org/de.nw/radnetz/instances/Section_Wuppertal_1223378_373", "name": " (ex-nw:Section_Wuppertal_1223378_373)", "dateprops": [], "properties": {"https://registry.gdi-de.org/up3/ontology/quell-ID": "1223378", "https://registry.gdi-de.org/up3/ontology/steigung": "0.2714641", "https://registry.gdi-de.org/up3/ontology/strecken-ID": "Section_Wuppertal_1223378_373", "http://rdfs.org/ns/void#inDataset.value": "4635"}, "geometry": {"type": "LineString", "coordinates": [[7.053933539, 51.2223081929, 176.41], [7.0541253261, 51.2225004242, 0.0], [7.0550448348, 51.2232740876, 176.77]]}}, {"type": "Feature", "id": "https://registry.gdi-de.org/de.nw/radnetz/instances/Section_Wuppertal_6593_140", "name": " (ex-nw:Section_Wuppertal_6593_140)", "dateprops": [], "properties": {"https://registry.gdi-de.org/up3/ontology/quell-ID": "6593", "https://registry.gdi-de.org/up3/ontology/steigung": "0.1720509", "https://registry.gdi-de.org/up3/ontology/strecken-ID": "Section_Wuppertal_6593_140", "http://rdfs.org/ns/void#inDataset.value": "4635"}, "geometry": {"type": "LineString", "coordinates": [[7.1775576598, 51.2654249764, 151.28], [7.1767997157, 51.2650162265, 151.4]]}}, {"type": "Feature", "id": "https://registry.gdi-de.org/de.nw/radnetz/instances/Section_Wuppertal_1225890_970_right", "name": " (ex-nw:Section_Wuppertal_1225890_970_right)", "dateprops": [], "properties": {"https://registry.gdi-de.org/up3/ontology/quell-ID": "1225890", "https://registry.gdi-de.org/up3/ontology/steigung": "1.800217", "https://registry.gdi-de.org/up3/ontology/strecken-ID": "Section_Wuppertal_1225890_970_right", "http://rdfs.org/ns/void#inDataset.value": "4635"}, "geometry": {"type": "LineString", "coordinates": [[7.1554569987, 51.2395601616, 0.0], [7.155209079, 51.2393792846, 0.0], [7.1547620885, 51.2392578531, 0.0]]}}, {"type": "Feature", "id": "https://registry.gdi-de.org/de.nw/radnetz/instances/Section_Wuppertal_1225819_508_right", "name": " (ex-nw:Section_Wuppertal_1225819_508_right)", "dateprops": [], "properties": {"https://registry.gdi-de.org/up3/ontology/quell-ID": "1225819", "https://registry.gdi-de.org/up3/ontology/steigung": "0.4258602", "https://registry.gdi-de.org/up3/ontology/strecken-ID": "Section_Wuppertal_1225819_508_right", "http://rdfs.org/ns/void#inDataset.value": "4635"}, "geometry": {"type": "LineString", "coordinates": [[7.2681557989, 51.2540042186, 180.47], [7.2681962762, 51.2540025909, 0.0], [7.2687265697, 51.2540237266, 180.64]]}}, {"type": "Feature", "id": "https://registry.gdi-de.org/de.nw/radnetz/instances/Section_Wuppertal_1229907_812", "name": " (ex-nw:Section_Wuppertal_1229907_812)", "dateprops": [], "properties": {"https://registry.gdi-de.org/up3/ontology/quell-ID": "1229907", "https://registry.gdi-de.org/up3/ontology/steigung": "0.006683249", "https://registry.gdi-de.org/up3/ontology/strecken-ID": "Section_Wuppertal_1229907_812", "http://rdfs.org/ns/void#inDataset.value": "4635"}, "geometry": {"type": "LineString", "coordinates": [[7.0984602386, 51.2535659204, 176.55], [7.0987137265, 51.2537606773, 0.0], [7.0988500819, 51.2538507919, 0.0], [7.0990026918, 51.2539463405, 0.0], [7.0991884538, 51.2540372572, 0.0], [7.10050463, 51.2546894336, 0.0], [7.1010463163, 51.2549412391, 0.0], [7.1018879966, 51.255311661, 0.0], [7.1021472384, 51.2554192761, 0.0], [7.1028515034, 51.2557254158, 0.0], [7.1035100581, 51.2560468623, 176.58]]}}, {"type": "Feature", "id": "https://registry.gdi-de.org/de.nw/radnetz/instances/Section_Wuppertal_1230092_858", "name": " (ex-nw:Section_Wuppertal_1230092_858)", "dateprops": [], "properties": {"https://registry.gdi-de.org/up3/ontology/quell-ID": "1230092", "https://registry.gdi-de.org/up3/ontology/steigung": "0.3220768", "https://registry.gdi-de.org/up3/ontology/strecken-ID": "Section_Wuppertal_1230092_858", "http://rdfs.org/ns/void#inDataset.value": "4635"}, "geometry": {"type": "LineString", "coordinates": [[7.1610140578, 51.2676263745, 0.0], [7.1611324664, 51.2676614644, 0.0], [7.1619962934, 51.2679077049, 0.0], [7.1627619047, 51.2681368852, 0.0], [7.1634873676, 51.2683395789, 0.0], [7.1640744567, 51.2684987339, 0.0], [7.1645227556, 51.268624686, 0.0], [7.165178087, 51.2687509873, 181.05]]}}, {"type": "Feature", "id": "https://registry.gdi-de.org/de.nw/radnetz/instances/Section_Wuppertal_1224081_402", "name": " (ex-nw:Section_Wuppertal_1224081_402)", "dateprops": [], "properties": {"https://registry.gdi-de.org/up3/ontology/quell-ID": "1224081", "https://registry.gdi-de.org/up3/ontology/steigung": "0.3268689", "https://registry.gdi-de.org/up3/ontology/strecken-ID": "Section_Wuppertal_1224081_402", "http://rdfs.org/ns/void#inDataset.value": "4635"}, "geometry": {"type": "LineString", "coordinates": [[7.1157309573, 51.2495061995, 138.11], [7.1177586117, 51.2492531829, 0.0], [7.1181436111, 51.24922938, 138.67]]}}, {"type": "Feature", "id": "https://registry.gdi-de.org/de.nw/radnetz/instances/Section_Wuppertal_1227766_684", "name": " (ex-nw:Section_Wuppertal_1227766_684)", "dateprops": [], "properties": {"https://registry.gdi-de.org/up3/ontology/quell-ID": "1227766", "https://registry.gdi-de.org/up3/ontology/steigung": "1.48338", "https://registry.gdi-de.org/up3/ontology/strecken-ID": "Section_Wuppertal_1227766_684", "http://rdfs.org/ns/void#inDataset.value": "4635"}, "geometry": {"type": "LineString", "coordinates": [[7.1429296079, 51.2556947044, 143.17], [7.1432428011, 51.2557745344, 143.52]]}}, {"type": "Feature", "id": "https://registry.gdi-de.org/de.nw/radnetz/instances/Section_Wuppertal_1225787_503_left", "name": " (ex-nw:Section_Wuppertal_1225787_503_left)", "dateprops": [], "properties": {"https://registry.gdi-de.org/up3/ontology/quell-ID": "1225787", "https://registry.gdi-de.org/up3/ontology/steigung": "0.4824668", "https://registry.gdi-de.org/up3/ontology/strecken-ID": "Section_Wuppertal_1225787_503_left", "http://rdfs.org/ns/void#inDataset.value": "4635"}, "geometry": {"type": "LineString", "coordinates": [[7.2051197577, 51.2714720105, 155.97], [7.2058341586, 51.2718130699, 0.0], [7.2060812439, 51.2720406965, 156.42]]}}, {"type": "Feature", "id": "https://registry.gdi-de.org/de.nw/radnetz/instances/Section_Wuppertal_1226584_594", "name": " (ex-nw:Section_Wuppertal_1226584_594)", "dateprops": [], "properties": {"https://registry.gdi-de.org/up3/ontology/quell-ID": "1226584", "https://registry.gdi-de.org/up3/ontology/steigung": "2.607473", "https://registry.gdi-de.org/up3/ontology/strecken-ID": "Section_Wuppertal_1226584_594", "http://rdfs.org/ns/void#inDataset.value": "4635"}, "geometry": {"type": "LineString", "coordinates": [[7.203092958, 51.2773976351, 170.45], [7.2032681844, 51.2778428431, 171.78]]}}, {"type": "Feature", "id": "https://registry.gdi-de.org/de.nw/radnetz/instances/Section_Wuppertal_11505_241_left", "name": " (ex-nw:Section_Wuppertal_11505_241_left)", "dateprops": [], "properties": {"https://registry.gdi-de.org/up3/ontology/quell-ID": "11505", "https://registry.gdi-de.org/up3/ontology/steigung": "0.5628961", "https://registry.gdi-de.org/up3/ontology/strecken-ID": "Section_Wuppertal_11505_241_left", "http://rdfs.org/ns/void#inDataset.value": "4635"}, "geometry": {"type": "LineString", "coordinates": [[7.248599334, 51.2755173193, 200.95], [7.2484224039, 51.2755037463, 201.02]]}}, {"type": "Feature", "id": "https://registry.gdi-de.org/de.nw/radnetz/instances/Section_Wuppertal_1225478_482_left", "name": " (ex-nw:Section_Wuppertal_1225478_482_left)", "dateprops": [], "properties": {"https://registry.gdi-de.org/up3/ontology/quell-ID": "1225478", "https://registry.gdi-de.org/up3/ontology/steigung": "1.555195", "https://registry.gdi-de.org/up3/ontology/strecken-ID": "Section_Wuppertal_1225478_482_left", "http://rdfs.org/ns/void#inDataset.value": "4635"}, "geometry": {"type": "LineString", "coordinates": [[7.0869270591, 51.2470018221, 154.43], [7.0865291564, 51.2468808814, 154.91]]}}, {"type": "Feature", "id": "https://registry.gdi-de.org/de.nw/radnetz/instances/Section_Wuppertal_1227057_669", "name": " (ex-nw:Section_Wuppertal_1227057_669)", "dateprops": [], "properties": {"https://registry.gdi-de.org/up3/ontology/quell-ID": "1227057", "https://registry.gdi-de.org/up3/ontology/steigung": "0.9718588", "https://registry.gdi-de.org/up3/ontology/strecken-ID": "Section_Wuppertal_1227057_669", "http://rdfs.org/ns/void#inDataset.value": "4635"}, "geometry": {"type": "LineString", "coordinates": [[7.2347920473, 51.2769544945, 167.61], [7.2350646363, 51.2770364151, 0.0], [7.2352040751, 51.2770788088, 167.92]]}}, {"type": "Feature", "id": "https://registry.gdi-de.org/de.nw/radnetz/instances/Section_Wuppertal_167_6", "name": " (ex-nw:Section_Wuppertal_167_6)", "dateprops": [], "properties": {"https://registry.gdi-de.org/up3/ontology/quell-ID": "167", "https://registry.gdi-de.org/up3/ontology/steigung": "3.922787", "https://registry.gdi-de.org/up3/ontology/strecken-ID": "Section_Wuppertal_167_6", "http://rdfs.org/ns/void#inDataset.value": "4635"}, "geometry": {"type": "LineString", "coordinates": [[7.2303021993, 51.2759716073, 165.65], [7.2297372784, 51.2758330845, 167.31]]}}, {"type": "Feature", "id": "https://registry.gdi-de.org/de.nw/radnetz/instances/Section_Wuppertal_1226258_1015_right", "name": " (ex-nw:Section_Wuppertal_1226258_1015_right)", "dateprops": [], "properties": {"https://registry.gdi-de.org/up3/ontology/quell-ID": "1226258", "https://registry.gdi-de.org/up3/ontology/steigung": "3.121542", "https://registry.gdi-de.org/up3/ontology/strecken-ID": "Section_Wuppertal_1226258_1015_right", "http://rdfs.org/ns/void#inDataset.value": "4635"}, "geometry": {"type": "LineString", "coordinates": [[7.0601470307, 51.2513605404, 0.0], [7.05984357, 51.2517284279, 0.0], [7.060317092, 51.2523013129, 0.0], [7.0604782083, 51.2528520042, 0.0], [7.0602502631, 51.2535282278, 0.0], [7.0599754248, 51.2537789893, 0.0]]}}, {"type": "Feature", "id": "https://registry.gdi-de.org/de.nw/radnetz/instances/Section_Wuppertal_1223419_908_left", "name": " (ex-nw:Section_Wuppertal_1223419_908_left)", "dateprops": [], "properties": {"https://registry.gdi-de.org/up3/ontology/quell-ID": "1223419", "https://registry.gdi-de.org/up3/ontology/steigung": "0.3737037", "https://registry.gdi-de.org/up3/ontology/strecken-ID": "Section_Wuppertal_1223419_908_left", "http://rdfs.org/ns/void#inDataset.value": "4635"}, "geometry": {"type": "LineString", "coordinates": [[7.0845275665, 51.2815982804, 193.72], [7.0880959683, 51.2833447648, 194.9]]}}, {"type": "Feature", "id": "https://registry.gdi-de.org/de.nw/radnetz/instances/Section_Wuppertal_1224241_1072_right", "name": " (ex-nw:Section_Wuppertal_1224241_1072_right)", "dateprops": [], "properties": {"https://registry.gdi-de.org/up3/ontology/quell-ID": "1224241", "https://registry.gdi-de.org/up3/ontology/steigung": "3.794433", "https://registry.gdi-de.org/up3/ontology/strecken-ID": "Section_Wuppertal_1224241_1072_right", "http://rdfs.org/ns/void#inDataset.value": "4635"}, "geometry": {"type": "LineString", "coordinates": [[7.162573435, 51.2768335469, 0.0], [7.161399078, 51.2761469323, 0.0]]}}, {"type": "Feature", "id": "https://registry.gdi-de.org/de.nw/radnetz/instances/Section_Wuppertal_1224086_404_right", "name": " (ex-nw:Section_Wuppertal_1224086_404_right)", "dateprops": [], "properties": {"https://registry.gdi-de.org/up3/ontology/quell-ID": "1224086", "https://registry.gdi-de.org/up3/ontology/steigung": "0.6886501", "https://registry.gdi-de.org/up3/ontology/strecken-ID": "Section_Wuppertal_1224086_404_right", "http://rdfs.org/ns/void#inDataset.value": "4635"}, "geometry": {"type": "LineString", "coordinates": [[7.2327700126, 51.2576768328, 170.28], [7.2328726713, 51.2574508414, 170.46]]}}, {"type": "Feature", "id": "https://registry.gdi-de.org/de.nw/radnetz/instances/Section_Wuppertal_1224515_421_left", "name": " (ex-nw:Section_Wuppertal_1224515_421_left)", "dateprops": [], "properties": {"https://registry.gdi-de.org/up3/ontology/quell-ID": "1224515", "https://registry.gdi-de.org/up3/ontology/steigung": "0.3653199", "https://registry.gdi-de.org/up3/ontology/strecken-ID": "Section_Wuppertal_1224515_421_left", "http://rdfs.org/ns/void#inDataset.value": "4635"}, "geometry": {"type": "LineString", "coordinates": [[7.1535067399, 51.2508288323, 176.79], [7.1540665094, 51.2509422291, 176.94]]}}, {"type": "Feature", "id": "https://registry.gdi-de.org/de.nw/radnetz/instances/Section_Wuppertal_1226793_893_right", "name": " (ex-nw:Section_Wuppertal_1226793_893_right)", "dateprops": [], "properties": {"https://registry.gdi-de.org/up3/ontology/quell-ID": "1226793", "https://registry.gdi-de.org/up3/ontology/steigung": "5.998031", "https://registry.gdi-de.org/up3/ontology/strecken-ID": "Section_Wuppertal_1226793_893_right", "http://rdfs.org/ns/void#inDataset.value": "4635"}, "geometry": {"type": "LineString", "coordinates": [[7.124382851, 51.2805602896, 269.24], [7.124067954, 51.2806628458, 0.0], [7.1235832849, 51.2807418391, 272.82]]}}, {"type": "Feature", "id": "https://registry.gdi-de.org/de.nw/radnetz/instances/Section_Wuppertal_1224606_426_left", "name": " (ex-nw:Section_Wuppertal_1224606_426_left)", "dateprops": [], "properties": {"https://registry.gdi-de.org/up3/ontology/quell-ID": "1224606", "https://registry.gdi-de.org/up3/ontology/steigung": "0.8562973", "https://registry.gdi-de.org/up3/ontology/strecken-ID": "Section_Wuppertal_1224606_426_left", "http://rdfs.org/ns/void#inDataset.value": "4635"}, "geometry": {"type": "LineString", "coordinates": [[7.2319573596, 51.2698362443, 163.28], [7.2321517907, 51.2696038242, 163.53]]}}, {"type": "Feature", "id": "https://registry.gdi-de.org/de.nw/radnetz/instances/Section_Wuppertal_1226968_658", "name": " (ex-nw:Section_Wuppertal_1226968_658)", "dateprops": [], "properties": {"https://registry.gdi-de.org/up3/ontology/quell-ID": "1226968", "https://registry.gdi-de.org/up3/ontology/steigung": "0.6743517", "https://registry.gdi-de.org/up3/ontology/strecken-ID": "Section_Wuppertal_1226968_658", "http://rdfs.org/ns/void#inDataset.value": "4635"}, "geometry": {"type": "LineString", "coordinates": [[7.2379457595, 51.2792715962, 172.08], [7.2380501077, 51.2793861486, 0.0], [7.2385700146, 51.2800106917, 0.0], [7.2390518259, 51.2803381911, 0.0], [7.2394163368, 51.2805680437, 0.0], [7.2401798815, 51.2807127744, 0.0], [7.2418065863, 51.2809741976, 174.45]]}}, {"type": "Feature", "id": "https://registry.gdi-de.org/de.nw/radnetz/instances/Section_Wuppertal_1226310_557_left", "name": " (ex-nw:Section_Wuppertal_1226310_557_left)", "dateprops": [], "properties": {"https://registry.gdi-de.org/up3/ontology/quell-ID": "1226310", "https://registry.gdi-de.org/up3/ontology/steigung": "8.079814", "https://registry.gdi-de.org/up3/ontology/strecken-ID": "Section_Wuppertal_1226310_557_left", "http://rdfs.org/ns/void#inDataset.value": "4635"}, "geometry": {"type": "LineString", "coordinates": [[7.0911477711, 51.2597456458, 230.15], [7.0911518672, 51.2597517399, 0.0], [7.0912841968, 51.2598943284, 0.0], [7.0915205691, 51.2600527904, 0.0], [7.0915608091, 51.2600805143, 233.98]]}}, {"type": "Feature", "id": "https://registry.gdi-de.org/de.nw/radnetz/instances/Section_Wuppertal_1229967_827", "name": " (ex-nw:Section_Wuppertal_1229967_827)", "dateprops": [], "properties": {"https://registry.gdi-de.org/up3/ontology/quell-ID": "1229967", "https://registry.gdi-de.org/up3/ontology/steigung": "1.87876", "https://registry.gdi-de.org/up3/ontology/strecken-ID": "Section_Wuppertal_1229967_827", "http://rdfs.org/ns/void#inDataset.value": "4635"}, "geometry": {"type": "LineString", "coordinates": [[7.0672688, 51.2084295244, 0.0], [7.0670069868, 51.2086795598, 0.0], [7.0649274962, 51.2096567628, 0.0], [7.0630570071, 51.2105093409, 0.0], [7.0620249803, 51.2108123698, 0.0], [7.0609141411, 51.2110500583, 0.0], [7.0594859421, 51.2110775957, 0.0], [7.0582395716, 51.2109303026, 0.0], [7.0573384547, 51.2107957456, 224.4]]}}, {"type": "Feature", "id": "https://registry.gdi-de.org/de.nw/radnetz/instances/Section_Wuppertal_1338_1079", "name": " (ex-nw:Section_Wuppertal_1338_1079)", "dateprops": [], "properties": {"https://registry.gdi-de.org/up3/ontology/quell-ID": "1338", "https://registry.gdi-de.org/up3/ontology/steigung": "4.694059", "https://registry.gdi-de.org/up3/ontology/strecken-ID": "Section_Wuppertal_1338_1079", "http://rdfs.org/ns/void#inDataset.value": "4635"}, "geometry": {"type": "LineString", "coordinates": [[7.1462976295, 51.2610178908, 0.0], [7.1461668936, 51.2615109925, 0.0]]}}, {"type": "Feature", "id": "https://registry.gdi-de.org/de.nw/radnetz/instances/Section_Wuppertal_1226907_646", "name": " (ex-nw:Section_Wuppertal_1226907_646)", "dateprops": [], "properties": {"https://registry.gdi-de.org/up3/ontology/quell-ID": "1226907", "https://registry.gdi-de.org/up3/ontology/steigung": "0.5720974", "https://registry.gdi-de.org/up3/ontology/strecken-ID": "Section_Wuppertal_1226907_646", "http://rdfs.org/ns/void#inDataset.value": "4635"}, "geometry": {"type": "LineString", "coordinates": [[7.214692654, 51.2745705983, 158.16], [7.214289868, 51.2744837606, 158.33]]}}, {"type": "Feature", "id": "https://registry.gdi-de.org/de.nw/radnetz/instances/Section_Wuppertal_12616_1026_right", "name": " (ex-nw:Section_Wuppertal_12616_1026_right)", "dateprops": [], "properties": {"https://registry.gdi-de.org/up3/ontology/quell-ID": "12616", "https://registry.gdi-de.org/up3/ontology/steigung": "8.662247", "https://registry.gdi-de.org/up3/ontology/strecken-ID": "Section_Wuppertal_12616_1026_right", "http://rdfs.org/ns/void#inDataset.value": "4635"}, "geometry": {"type": "LineString", "coordinates": [[7.1305651288, 51.2690606556, 0.0], [7.1304108871, 51.2693029747, 0.0], [7.1303203612, 51.2699049552, 0.0]]}}, {"type": "Feature", "id": "https://registry.gdi-de.org/de.nw/radnetz/instances/Section_Wuppertal_1228924_725", "name": " (ex-nw:Section_Wuppertal_1228924_725)", "dateprops": [], "properties": {"https://registry.gdi-de.org/up3/ontology/quell-ID": "1228924", "https://registry.gdi-de.org/up3/ontology/steigung": "0.1211639", "https://registry.gdi-de.org/up3/ontology/strecken-ID": "Section_Wuppertal_1228924_725", "http://rdfs.org/ns/void#inDataset.value": "4635"}, "geometry": {"type": "LineString", "coordinates": [[7.2092455959, 51.2740050585, 156.94], [7.2096537102, 51.2740838304, 0.0], [7.2111047932, 51.2742134322, 157.1]]}}, {"type": "Feature", "id": "https://registry.gdi-de.org/de.nw/radnetz/instances/Section_Wuppertal_1225820_509_right", "name": " (ex-nw:Section_Wuppertal_1225820_509_right)", "dateprops": [], "properties": {"https://registry.gdi-de.org/up3/ontology/quell-ID": "1225820", "https://registry.gdi-de.org/up3/ontology/steigung": "0.4501667", "https://registry.gdi-de.org/up3/ontology/strecken-ID": "Section_Wuppertal_1225820_509_right", "http://rdfs.org/ns/void#inDataset.value": "4635"}, "geometry": {"type": "LineString", "coordinates": [[7.2626750923, 51.2554559514, 178.59], [7.2646675563, 51.2548583988, 0.0], [7.2660251764, 51.254442075, 0.0], [7.2670910386, 51.2541446208, 0.0], [7.2676549866, 51.2540243592, 0.0], [7.2681557989, 51.2540042186, 180.47]]}}, {"type": "Feature", "id": "https://registry.gdi-de.org/de.nw/radnetz/instances/Section_Wuppertal_1225203_457_left", "name": " (ex-nw:Section_Wuppertal_1225203_457_left)", "dateprops": [], "properties": {"https://registry.gdi-de.org/up3/ontology/quell-ID": "1225203", "https://registry.gdi-de.org/up3/ontology/steigung": "1.228121", "https://registry.gdi-de.org/up3/ontology/strecken-ID": "Section_Wuppertal_1225203_457_left", "http://rdfs.org/ns/void#inDataset.value": "4635"}, "geometry": {"type": "LineString", "coordinates": [[7.3073569459, 51.2404191327, 200.35], [7.3071007094, 51.2408316011, 0.0], [7.3063529929, 51.2414726088, 202.04]]}}, {"type": "Feature", "id": "https://registry.gdi-de.org/de.nw/radnetz/instances/Section_Wuppertal_2154_45", "name": " (ex-nw:Section_Wuppertal_2154_45)", "dateprops": [], "properties": {"https://registry.gdi-de.org/up3/ontology/quell-ID": "2154", "https://registry.gdi-de.org/up3/ontology/steigung": "4.470679", "https://registry.gdi-de.org/up3/ontology/strecken-ID": "Section_Wuppertal_2154_45", "http://rdfs.org/ns/void#inDataset.value": "4635"}, "geometry": {"type": "LineString", "coordinates": [[7.2345540186, 51.2278332473, 299.65], [7.2346399828, 51.2281279827, 301.14]]}}, {"type": "Feature", "id": "https://registry.gdi-de.org/de.nw/radnetz/instances/Section_Wuppertal_9912_207", "name": " (ex-nw:Section_Wuppertal_9912_207)", "dateprops": [], "properties": {"https://registry.gdi-de.org/up3/ontology/quell-ID": "9912", "https://registry.gdi-de.org/up3/ontology/steigung": "1.584699", "https://registry.gdi-de.org/up3/ontology/strecken-ID": "Section_Wuppertal_9912_207", "http://rdfs.org/ns/void#inDataset.value": "4635"}, "geometry": {"type": "LineString", "coordinates": [[7.1998359872, 51.2375091909, 341.8], [7.1992059806, 51.2374731159, 342.5]]}}, {"type": "Feature", "id": "https://registry.gdi-de.org/de.nw/radnetz/instances/Section_Wuppertal_1226749_622_left", "name": " (ex-nw:Section_Wuppertal_1226749_622_left)", "dateprops": [], "properties": {"https://registry.gdi-de.org/up3/ontology/quell-ID": "1226749", "https://registry.gdi-de.org/up3/ontology/steigung": "5.73043", "https://registry.gdi-de.org/up3/ontology/strecken-ID": "Section_Wuppertal_1226749_622_left", "http://rdfs.org/ns/void#inDataset.value": "4635"}, "geometry": {"type": "LineString", "coordinates": [[7.2267115278, 51.2476997814, 231.29], [7.2271553153, 51.2464349119, 0.0], [7.2275551553, 51.2458695324, 0.0], [7.2279882384, 51.24546049, 0.0], [7.22858594, 51.2447800557, 0.0], [7.228711232, 51.244381695, 0.0], [7.2287476467, 51.244224661, 0.0], [7.2287833972, 51.244118844, 255.86]]}}, {"type": "Feature", "id": "https://registry.gdi-de.org/de.nw/radnetz/instances/Section_Wuppertal_1226785_628_right", "name": " (ex-nw:Section_Wuppertal_1226785_628_right)", "dateprops": [], "properties": {"https://registry.gdi-de.org/up3/ontology/quell-ID": "1226785", "https://registry.gdi-de.org/up3/ontology/steigung": "1.81433", "https://registry.gdi-de.org/up3/ontology/strecken-ID": "Section_Wuppertal_1226785_628_right", "http://rdfs.org/ns/void#inDataset.value": "4635"}, "geometry": {"type": "LineString", "coordinates": [[7.1313153766, 51.1987848522, 261.83], [7.1313226469, 51.1990814198, 0.0], [7.1313778714, 51.1993374557, 262.95]]}}, {"type": "Feature", "id": "https://registry.gdi-de.org/de.nw/radnetz/instances/Section_Wuppertal_11247_235_right", "name": " (ex-nw:Section_Wuppertal_11247_235_right)", "dateprops": [], "properties": {"https://registry.gdi-de.org/up3/ontology/quell-ID": "11247", "https://registry.gdi-de.org/up3/ontology/steigung": "2.764105", "https://registry.gdi-de.org/up3/ontology/strecken-ID": "Section_Wuppertal_11247_235_right", "http://rdfs.org/ns/void#inDataset.value": "4635"}, "geometry": {"type": "LineString", "coordinates": [[7.0593628424, 51.2177771328, 235.27], [7.0590625197, 51.2174397117, 0.0], [7.0586057042, 51.216868555, 0.0], [7.058522487, 51.2165921796, 0.0], [7.0584941597, 51.2162371748, 0.0], [7.0585827556, 51.2159191357, 0.0], [7.0587286032, 51.2156704394, 0.0], [7.059221383, 51.2150477984, 0.0], [7.0594065392, 51.2146525758, 0.0], [7.0594591704, 51.2142191015, 246.93]]}}, {"type": "Feature", "id": "https://registry.gdi-de.org/de.nw/radnetz/instances/Section_Wuppertal_1226912_648_left", "name": " (ex-nw:Section_Wuppertal_1226912_648_left)", "dateprops": [], "properties": {"https://registry.gdi-de.org/up3/ontology/quell-ID": "1226912", "https://registry.gdi-de.org/up3/ontology/steigung": "4.909505", "https://registry.gdi-de.org/up3/ontology/strecken-ID": "Section_Wuppertal_1226912_648_left", "http://rdfs.org/ns/void#inDataset.value": "4635"}, "geometry": {"type": "LineString", "coordinates": [[7.232848352, 51.2416564786, 284.81], [7.2328124659, 51.2415195409, 0.0], [7.2328373141, 51.241006637, 288.37]]}}, {"type": "Feature", "id": "https://registry.gdi-de.org/de.nw/radnetz/instances/Section_Wuppertal_1229797_769", "name": " (ex-nw:Section_Wuppertal_1229797_769)", "dateprops": [], "properties": {"https://registry.gdi-de.org/up3/ontology/quell-ID": "1229797", "https://registry.gdi-de.org/up3/ontology/steigung": "1.705976", "https://registry.gdi-de.org/up3/ontology/strecken-ID": "Section_Wuppertal_1229797_769", "http://rdfs.org/ns/void#inDataset.value": "4635"}, "geometry": {"type": "LineString", "coordinates": [[7.1057470294, 51.2153404859, 131.54], [7.1060283854, 51.2156691011, 0.0], [7.106284876, 51.2160050274, 0.0], [7.1066848986, 51.2164358658, 0.0], [7.1069555727, 51.2167257266, 0.0], [7.1071160698, 51.217006089, 0.0], [7.1073319454, 51.2174339454, 0.0], [7.1073240387, 51.2176267094, 0.0], [7.1072789832, 51.2178265886, 0.0], [7.1072232303, 51.2179877164, 0.0], [7.1071274813, 51.2182253536, 0.0], [7.1069958459, 51.2184392633, 0.0], [7.1068761715, 51.2186610825, 0.0], [7.1067306744, 51.2189133458, 0.0], [7.1066109975, 51.2191351647, 0.0], [7.1065788475, 51.219319821, 0.0], [7.1065208752, 51.2195349223, 0.0], [7.1065101166, 51.2197970821, 0.0], [7.1065226488, 51.2200904808, 0.0], [7.1065238512, 51.2203605502, 0.0], [7.1066166377, 51.2207941308, 0.0], [7.106724999, 51.2211835207, 143.23]]}}, {"type": "Feature", "id": "https://registry.gdi-de.org/de.nw/radnetz/instances/Section_Wuppertal_4071_98", "name": " (ex-nw:Section_Wuppertal_4071_98)", "dateprops": [], "properties": {"https://registry.gdi-de.org/up3/ontology/quell-ID": "4071", "https://registry.gdi-de.org/up3/ontology/steigung": "1.447595", "https://registry.gdi-de.org/up3/ontology/strecken-ID": "Section_Wuppertal_4071_98", "http://rdfs.org/ns/void#inDataset.value": "4635"}, "geometry": {"type": "LineString", "coordinates": [[7.148155227, 51.2591524569, 145.03], [7.1471372708, 51.2591173911, 146.06]]}}, {"type": "Feature", "id": "https://registry.gdi-de.org/de.nw/radnetz/instances/Section_Wuppertal_1223088_330", "name": " (ex-nw:Section_Wuppertal_1223088_330)", "dateprops": [], "properties": {"https://registry.gdi-de.org/up3/ontology/quell-ID": "1223088", "https://registry.gdi-de.org/up3/ontology/steigung": "1.634596", "https://registry.gdi-de.org/up3/ontology/strecken-ID": "Section_Wuppertal_1223088_330", "http://rdfs.org/ns/void#inDataset.value": "4635"}, "geometry": {"type": "LineString", "coordinates": [[7.2057845097, 51.2783375289, 184.33], [7.2046130646, 51.2781070984, 185.73]]}}, {"type": "Feature", "id": "https://registry.gdi-de.org/de.nw/radnetz/instances/Section_Wuppertal_1225338_473_right", "name": " (ex-nw:Section_Wuppertal_1225338_473_right)", "dateprops": [], "properties": {"https://registry.gdi-de.org/up3/ontology/quell-ID": "1225338", "https://registry.gdi-de.org/up3/ontology/steigung": "3.803725", "https://registry.gdi-de.org/up3/ontology/strecken-ID": "Section_Wuppertal_1225338_473_right", "http://rdfs.org/ns/void#inDataset.value": "4635"}, "geometry": {"type": "LineString", "coordinates": [[7.0732859113, 51.2657761197, 185.63], [7.0733146705, 51.2655760342, 186.48]]}}, {"type": "Feature", "id": "https://registry.gdi-de.org/de.nw/radnetz/instances/Section_Wuppertal_439_12", "name": " (ex-nw:Section_Wuppertal_439_12)", "dateprops": [], "properties": {"https://registry.gdi-de.org/up3/ontology/quell-ID": "439", "https://registry.gdi-de.org/up3/ontology/steigung": "5.952548", "https://registry.gdi-de.org/up3/ontology/strecken-ID": "Section_Wuppertal_439_12", "http://rdfs.org/ns/void#inDataset.value": "4635"}, "geometry": {"type": "LineString", "coordinates": [[7.0634729979, 51.234433455, 205.39], [7.0625121589, 51.2345922405, 209.52]]}}, {"type": "Feature", "id": "https://registry.gdi-de.org/de.nw/radnetz/instances/Section_Wuppertal_1223126_343", "name": " (ex-nw:Section_Wuppertal_1223126_343)", "dateprops": [], "properties": {"https://registry.gdi-de.org/up3/ontology/quell-ID": "1223126", "https://registry.gdi-de.org/up3/ontology/steigung": "0.349847", "https://registry.gdi-de.org/up3/ontology/strecken-ID": "Section_Wuppertal_1223126_343", "http://rdfs.org/ns/void#inDataset.value": "4635"}, "geometry": {"type": "LineString", "coordinates": [[7.2255289969, 51.2836283248, 189.12], [7.2253292093, 51.283391559, 0.0], [7.224849695, 51.2826419145, 0.0], [7.2249088313, 51.2825591341, 189.56]]}}, {"type": "Feature", "id": "https://registry.gdi-de.org/de.nw/radnetz/instances/Section_Wuppertal_6162_132", "name": " (ex-nw:Section_Wuppertal_6162_132)", "dateprops": [], "properties": {"https://registry.gdi-de.org/up3/ontology/quell-ID": "6162", "https://registry.gdi-de.org/up3/ontology/steigung": "1.622274", "https://registry.gdi-de.org/up3/ontology/strecken-ID": "Section_Wuppertal_6162_132", "http://rdfs.org/ns/void#inDataset.value": "4635"}, "geometry": {"type": "LineString", "coordinates": [[7.1446283495, 51.2544319258, 146.98], [7.1446462299, 51.254575574, 147.24]]}}, {"type": "Feature", "id": "https://registry.gdi-de.org/de.nw/radnetz/instances/Section_Wuppertal_1223152_353", "name": " (ex-nw:Section_Wuppertal_1223152_353)", "dateprops": [], "properties": {"https://registry.gdi-de.org/up3/ontology/quell-ID": "1223152", "https://registry.gdi-de.org/up3/ontology/steigung": "0.6327118", "https://registry.gdi-de.org/up3/ontology/strecken-ID": "Section_Wuppertal_1223152_353", "http://rdfs.org/ns/void#inDataset.value": "4635"}, "geometry": {"type": "LineString", "coordinates": [[7.2519066412, 51.2903772954, 216.23], [7.2520349536, 51.2904055023, 216.29]]}}, {"type": "Feature", "id": "https://registry.gdi-de.org/de.nw/radnetz/instances/Section_Wuppertal_1226307_555", "name": " (ex-nw:Section_Wuppertal_1226307_555)", "dateprops": [], "properties": {"https://registry.gdi-de.org/up3/ontology/quell-ID": "1226307", "https://registry.gdi-de.org/up3/ontology/steigung": "0.1139041", "https://registry.gdi-de.org/up3/ontology/strecken-ID": "Section_Wuppertal_1226307_555", "http://rdfs.org/ns/void#inDataset.value": "4635"}, "geometry": {"type": "LineString", "coordinates": [[7.1130976909, 51.2495041388, 137.9], [7.1143286758, 51.2495645287, 0.0], [7.1151160614, 51.2495480274, 0.0], [7.1157309573, 51.2495061995, 138.11]]}}, {"type": "Feature", "id": "https://registry.gdi-de.org/de.nw/radnetz/instances/Section_Wuppertal_1223144_348", "name": " (ex-nw:Section_Wuppertal_1223144_348)", "dateprops": [], "properties": {"https://registry.gdi-de.org/up3/ontology/quell-ID": "1223144", "https://registry.gdi-de.org/up3/ontology/steigung": "0.5088708", "https://registry.gdi-de.org/up3/ontology/strecken-ID": "Section_Wuppertal_1223144_348", "http://rdfs.org/ns/void#inDataset.value": "4635"}, "geometry": {"type": "LineString", "coordinates": [[7.2403824867, 51.2847989427, 196.61], [7.2408402029, 51.2844549053, 0.0], [7.2409591321, 51.284380584, 0.0], [7.2415105692, 51.2840347984, 197.2]]}}, {"type": "Feature", "id": "https://registry.gdi-de.org/de.nw/radnetz/instances/Section_Wuppertal_11957_248_right", "name": " (ex-nw:Section_Wuppertal_11957_248_right)", "dateprops": [], "properties": {"https://registry.gdi-de.org/up3/ontology/quell-ID": "11957", "https://registry.gdi-de.org/up3/ontology/steigung": "1.515513", "https://registry.gdi-de.org/up3/ontology/strecken-ID": "Section_Wuppertal_11957_248_right", "http://rdfs.org/ns/void#inDataset.value": "4635"}, "geometry": {"type": "LineString", "coordinates": [[7.1106690667, 51.2622616252, 203.17], [7.1117590374, 51.2623801813, 204.34]]}}, {"type": "Feature", "id": "https://registry.gdi-de.org/de.nw/radnetz/instances/Section_Wuppertal_1223592_377_left", "name": " (ex-nw:Section_Wuppertal_1223592_377_left)", "dateprops": [], "properties": {"https://registry.gdi-de.org/up3/ontology/quell-ID": "1223592", "https://registry.gdi-de.org/up3/ontology/steigung": "0.5730724", "https://registry.gdi-de.org/up3/ontology/strecken-ID": "Section_Wuppertal_1223592_377_left", "http://rdfs.org/ns/void#inDataset.value": "4635"}, "geometry": {"type": "LineString", "coordinates": [[7.3063529929, 51.2414726088, 202.04], [7.3021667099, 51.2450775676, 0.0], [7.2994136398, 51.2466901554, 206.39]]}}, {"type": "Feature", "id": "https://registry.gdi-de.org/de.nw/radnetz/instances/Section_Wuppertal_1223122_340", "name": " (ex-nw:Section_Wuppertal_1223122_340)", "dateprops": [], "properties": {"https://registry.gdi-de.org/up3/ontology/quell-ID": "1223122", "https://registry.gdi-de.org/up3/ontology/steigung": "8.298946", "https://registry.gdi-de.org/up3/ontology/strecken-ID": "Section_Wuppertal_1223122_340", "http://rdfs.org/ns/void#inDataset.value": "4635"}, "geometry": {"type": "LineString", "coordinates": [[7.2238874251, 51.2789999184, 183.11], [7.2237091524, 51.2795928757, 188.68]]}}, {"type": "Feature", "id": "https://registry.gdi-de.org/de.nw/radnetz/instances/Section_Wuppertal_1230101_872", "name": " (ex-nw:Section_Wuppertal_1230101_872)", "dateprops": [], "properties": {"https://registry.gdi-de.org/up3/ontology/quell-ID": "1230101", "https://registry.gdi-de.org/up3/ontology/steigung": "0.3802063", "https://registry.gdi-de.org/up3/ontology/strecken-ID": "Section_Wuppertal_1230101_872", "http://rdfs.org/ns/void#inDataset.value": "4635"}, "geometry": {"type": "LineString", "coordinates": [[7.2057845097, 51.2783375289, 184.33], [7.2061606007, 51.2784287799, 0.0], [7.2065607305, 51.2784845473, 0.0], [7.2067981923, 51.278515401, 0.0]]}}, {"type": "Feature", "id": "https://registry.gdi-de.org/de.nw/radnetz/instances/Section_Wuppertal_1224466_419", "name": " (ex-nw:Section_Wuppertal_1224466_419)", "dateprops": [], "properties": {"https://registry.gdi-de.org/up3/ontology/quell-ID": "1224466", "https://registry.gdi-de.org/up3/ontology/steigung": "0.1037084", "https://registry.gdi-de.org/up3/ontology/strecken-ID": "Section_Wuppertal_1224466_419", "http://rdfs.org/ns/void#inDataset.value": "4635"}, "geometry": {"type": "LineString", "coordinates": [[7.1181436111, 51.24922938, 138.67], [7.118215546, 51.2492249322, 0.0], [7.118280526, 51.2492182565, 138.68]]}}, {"type": "Feature", "id": "https://registry.gdi-de.org/de.nw/radnetz/instances/Section_Wuppertal_7729_160", "name": " (ex-nw:Section_Wuppertal_7729_160)", "dateprops": [], "properties": {"https://registry.gdi-de.org/up3/ontology/quell-ID": "7729", "https://registry.gdi-de.org/up3/ontology/steigung": "0.1974606", "https://registry.gdi-de.org/up3/ontology/strecken-ID": "Section_Wuppertal_7729_160", "http://rdfs.org/ns/void#inDataset.value": "4635"}, "geometry": {"type": "LineString", "coordinates": [[7.1057524325, 51.2459213103, 136.79], [7.106209754, 51.2462747276, 136.89]]}}, {"type": "Feature", "id": "https://registry.gdi-de.org/de.nw/radnetz/instances/Section_Wuppertal_1225821_510_right", "name": " (ex-nw:Section_Wuppertal_1225821_510_right)", "dateprops": [], "properties": {"https://registry.gdi-de.org/up3/ontology/quell-ID": "1225821", "https://registry.gdi-de.org/up3/ontology/steigung": "5.621165", "https://registry.gdi-de.org/up3/ontology/strecken-ID": "Section_Wuppertal_1225821_510_right", "http://rdfs.org/ns/void#inDataset.value": "4635"}, "geometry": {"type": "LineString", "coordinates": [[7.0610963516, 51.2323829466, 199.1], [7.0607592898, 51.2327146272, 201.56]]}}, {"type": "Feature", "id": "https://registry.gdi-de.org/de.nw/radnetz/instances/Section_Wuppertal_11455_239", "name": " (ex-nw:Section_Wuppertal_11455_239)", "dateprops": [], "properties": {"https://registry.gdi-de.org/up3/ontology/quell-ID": "11455", "https://registry.gdi-de.org/up3/ontology/steigung": "0.354167", "https://registry.gdi-de.org/up3/ontology/strecken-ID": "Section_Wuppertal_11455_239", "http://rdfs.org/ns/void#inDataset.value": "4635"}, "geometry": {"type": "LineString", "coordinates": [[7.2123055816, 51.2743169627, 157.6], [7.2132675166, 51.2744012771, 157.84]]}}, {"type": "Feature", "id": "https://registry.gdi-de.org/de.nw/radnetz/instances/Section_Wuppertal_1225029_978", "name": " (ex-nw:Section_Wuppertal_1225029_978)", "dateprops": [], "properties": {"https://registry.gdi-de.org/up3/ontology/quell-ID": "1225029", "https://registry.gdi-de.org/up3/ontology/steigung": "2.578333", "https://registry.gdi-de.org/up3/ontology/strecken-ID": "Section_Wuppertal_1225029_978", "http://rdfs.org/ns/void#inDataset.value": "4635"}, "geometry": {"type": "LineString", "coordinates": [[7.1503932623, 51.2280991091, 0.0], [7.1503769798, 51.2281360771, 0.0]]}}, {"type": "Feature", "id": "https://registry.gdi-de.org/de.nw/radnetz/instances/Section_Wuppertal_1225223_462", "name": " (ex-nw:Section_Wuppertal_1225223_462)", "dateprops": [], "properties": {"https://registry.gdi-de.org/up3/ontology/quell-ID": "1225223", "https://registry.gdi-de.org/up3/ontology/steigung": "1.250149", "https://registry.gdi-de.org/up3/ontology/strecken-ID": "Section_Wuppertal_1225223_462", "http://rdfs.org/ns/void#inDataset.value": "4635"}, "geometry": {"type": "LineString", "coordinates": [[7.0853242583, 51.2339786729, 149.94], [7.0846632108, 51.2336455673, 150.68]]}}, {"type": "Feature", "id": "https://registry.gdi-de.org/de.nw/radnetz/instances/Section_Wuppertal_7313_151_right", "name": " (ex-nw:Section_Wuppertal_7313_151_right)", "dateprops": [], "properties": {"https://registry.gdi-de.org/up3/ontology/quell-ID": "7313", "https://registry.gdi-de.org/up3/ontology/steigung": "0.7731359", "https://registry.gdi-de.org/up3/ontology/strecken-ID": "Section_Wuppertal_7313_151_right", "http://rdfs.org/ns/void#inDataset.value": "4635"}, "geometry": {"type": "LineString", "coordinates": [[7.1410749994, 51.2576605987, 143.53], [7.1404768618, 51.257456441, 0.0], [7.1395638907, 51.2572537481, 144.42]]}}, {"type": "Feature", "id": "https://registry.gdi-de.org/de.nw/radnetz/instances/Section_Wuppertal_1225895_518", "name": " (ex-nw:Section_Wuppertal_1225895_518)", "dateprops": [], "properties": {"https://registry.gdi-de.org/up3/ontology/quell-ID": "1225895", "https://registry.gdi-de.org/up3/ontology/steigung": "0.7267304", "https://registry.gdi-de.org/up3/ontology/strecken-ID": "Section_Wuppertal_1225895_518", "http://rdfs.org/ns/void#inDataset.value": "4635"}, "geometry": {"type": "LineString", "coordinates": [[7.1349324998, 51.2532671937, 141.88], [7.1346698418, 51.253194575, 0.0], [7.1342185532, 51.2530572951, 142.28]]}}, {"type": "Feature", "id": "https://registry.gdi-de.org/de.nw/radnetz/instances/Section_Wuppertal_12945_278_right", "name": " (ex-nw:Section_Wuppertal_12945_278_right)", "dateprops": [], "properties": {"https://registry.gdi-de.org/up3/ontology/quell-ID": "12945", "https://registry.gdi-de.org/up3/ontology/steigung": "4.179354", "https://registry.gdi-de.org/up3/ontology/strecken-ID": "Section_Wuppertal_12945_278_right", "http://rdfs.org/ns/void#inDataset.value": "4635"}, "geometry": {"type": "LineString", "coordinates": [[7.1092503355, 51.2626210689, 199.12], [7.1097950937, 51.2623361404, 0.0], [7.1100798774, 51.2622614641, 0.0], [7.1103129205, 51.2622519362, 202.77]]}}, {"type": "Feature", "id": "https://registry.gdi-de.org/de.nw/radnetz/instances/Section_Wuppertal_1226589_595_right", "name": " (ex-nw:Section_Wuppertal_1226589_595_right)", "dateprops": [], "properties": {"https://registry.gdi-de.org/up3/ontology/quell-ID": "1226589", "https://registry.gdi-de.org/up3/ontology/steigung": "0.6087349", "https://registry.gdi-de.org/up3/ontology/strecken-ID": "Section_Wuppertal_1226589_595_right", "http://rdfs.org/ns/void#inDataset.value": "4635"}, "geometry": {"type": "LineString", "coordinates": [[7.2891624348, 51.2501269555, 189.2], [7.2899116698, 51.2500792475, 189.52]]}}, {"type": "Feature", "id": "https://registry.gdi-de.org/de.nw/radnetz/instances/Section_Wuppertal_1226076_535_right", "name": " (ex-nw:Section_Wuppertal_1226076_535_right)", "dateprops": [], "properties": {"https://registry.gdi-de.org/up3/ontology/quell-ID": "1226076", "https://registry.gdi-de.org/up3/ontology/steigung": "0.4568354", "https://registry.gdi-de.org/up3/ontology/strecken-ID": "Section_Wuppertal_1226076_535_right", "http://rdfs.org/ns/void#inDataset.value": "4635"}, "geometry": {"type": "LineString", "coordinates": [[7.2689644712, 51.2540717619, 180.65], [7.2693603671, 51.2541516958, 0.0], [7.2699381389, 51.2543252147, 0.0], [7.2706650546, 51.2547128383, 0.0], [7.2711495379, 51.2551390479, 0.0], [7.2716143801, 51.2561336478, 0.0], [7.2717897511, 51.2580564181, 0.0], [7.2720668432, 51.2595170886, 0.0], [7.2724617541, 51.2599751079, 0.0], [7.2733857727, 51.2602077394, 0.0], [7.2741461857, 51.2601388742, 0.0], [7.2748567148, 51.2599645573, 184.88]]}}, {"type": "Feature", "id": "https://registry.gdi-de.org/de.nw/radnetz/instances/Section_Wuppertal_1226899_1065_right", "name": " (ex-nw:Section_Wuppertal_1226899_1065_right)", "dateprops": [], "properties": {"https://registry.gdi-de.org/up3/ontology/quell-ID": "1226899", "https://registry.gdi-de.org/up3/ontology/steigung": "3.268259", "https://registry.gdi-de.org/up3/ontology/strecken-ID": "Section_Wuppertal_1226899_1065_right", "http://rdfs.org/ns/void#inDataset.value": "4635"}, "geometry": {"type": "LineString", "coordinates": [[7.1717576171, 51.2816920893, 0.0], [7.1719612945, 51.281863311, 0.0], [7.1720292058, 51.2819274677, 0.0], [7.1721055695, 51.2820089161, 0.0]]}}, {"type": "Feature", "id": "https://registry.gdi-de.org/de.nw/radnetz/instances/Section_Wuppertal_1229861_934_right", "name": " (ex-nw:Section_Wuppertal_1229861_934_right)", "dateprops": [], "properties": {"https://registry.gdi-de.org/up3/ontology/quell-ID": "1229861", "https://registry.gdi-de.org/up3/ontology/steigung": "4.84782", "https://registry.gdi-de.org/up3/ontology/strecken-ID": "Section_Wuppertal_1229861_934_right", "http://rdfs.org/ns/void#inDataset.value": "4635"}, "geometry": {"type": "LineString", "coordinates": [[7.2522556043, 51.3078367011, 300.12], [7.2522359953, 51.3078998679, 0.0], [7.2520143743, 51.3082603263, 302.55]]}}, {"type": "Feature", "id": "https://registry.gdi-de.org/de.nw/radnetz/instances/Section_Wuppertal_402_1028_right", "name": " (ex-nw:Section_Wuppertal_402_1028_right)", "dateprops": [], "properties": {"https://registry.gdi-de.org/up3/ontology/quell-ID": "402", "https://registry.gdi-de.org/up3/ontology/steigung": "1.344272", "https://registry.gdi-de.org/up3/ontology/strecken-ID": "Section_Wuppertal_402_1028_right", "http://rdfs.org/ns/void#inDataset.value": "4635"}, "geometry": {"type": "LineString", "coordinates": [[7.1302414613, 51.2705720112, 0.0], [7.1301820585, 51.2709079346, 0.0], [7.130190513, 51.2712587526, 0.0]]}}, {"type": "Feature", "id": "https://registry.gdi-de.org/de.nw/radnetz/instances/Section_Wuppertal_1224373_415_left", "name": " (ex-nw:Section_Wuppertal_1224373_415_left)", "dateprops": [], "properties": {"https://registry.gdi-de.org/up3/ontology/quell-ID": "1224373", "https://registry.gdi-de.org/up3/ontology/steigung": "0.4237512", "https://registry.gdi-de.org/up3/ontology/strecken-ID": "Section_Wuppertal_1224373_415_left", "http://rdfs.org/ns/void#inDataset.value": "4635"}, "geometry": {"type": "LineString", "coordinates": [[7.2326142352, 51.2690258964, 163.51], [7.2335973204, 51.2678640178, 164.13]]}}, {"type": "Feature", "id": "https://registry.gdi-de.org/de.nw/radnetz/instances/Section_Wuppertal_1222533_287", "name": " (ex-nw:Section_Wuppertal_1222533_287)", "dateprops": [], "properties": {"https://registry.gdi-de.org/up3/ontology/quell-ID": "1222533", "https://registry.gdi-de.org/up3/ontology/steigung": "2.766817", "https://registry.gdi-de.org/up3/ontology/strecken-ID": "Section_Wuppertal_1222533_287", "http://rdfs.org/ns/void#inDataset.value": "4635"}, "geometry": {"type": "LineString", "coordinates": [[7.2271319056, 51.2388832513, 296.11], [7.2259512709, 51.2386463303, 0.0], [7.2249741106, 51.2383391034, 0.0], [7.2213779163, 51.2368917251, 0.0], [7.2190571895, 51.2364005846, 313.6]]}}, {"type": "Feature", "id": "https://registry.gdi-de.org/de.nw/radnetz/instances/Section_Wuppertal_1225224_463", "name": " (ex-nw:Section_Wuppertal_1225224_463)", "dateprops": [], "properties": {"https://registry.gdi-de.org/up3/ontology/quell-ID": "1225224", "https://registry.gdi-de.org/up3/ontology/steigung": "0.4439855", "https://registry.gdi-de.org/up3/ontology/strecken-ID": "Section_Wuppertal_1225224_463", "http://rdfs.org/ns/void#inDataset.value": "4635"}, "geometry": {"type": "LineString", "coordinates": [[7.0862549454, 51.2344476364, 149.57], [7.0853242583, 51.2339786729, 149.94]]}}, {"type": "Feature", "id": "https://registry.gdi-de.org/de.nw/radnetz/instances/Section_Wuppertal_1226276_1064_right", "name": " (ex-nw:Section_Wuppertal_1226276_1064_right)", "dateprops": [], "properties": {"https://registry.gdi-de.org/up3/ontology/quell-ID": "1226276", "https://registry.gdi-de.org/up3/ontology/steigung": "2.405684", "https://registry.gdi-de.org/up3/ontology/strecken-ID": "Section_Wuppertal_1226276_1064_right", "http://rdfs.org/ns/void#inDataset.value": "4635"}, "geometry": {"type": "LineString", "coordinates": [[7.1723047711, 51.2822399214, 0.0], [7.1727154043, 51.2829812574, 0.0]]}}, {"type": "Feature", "id": "https://registry.gdi-de.org/de.nw/radnetz/instances/Section_Wuppertal_202_953_right", "name": " (ex-nw:Section_Wuppertal_202_953_right)", "dateprops": [], "properties": {"https://registry.gdi-de.org/up3/ontology/quell-ID": "202", "https://registry.gdi-de.org/up3/ontology/steigung": "2.990522", "https://registry.gdi-de.org/up3/ontology/strecken-ID": "Section_Wuppertal_202_953_right", "http://rdfs.org/ns/void#inDataset.value": "4635"}, "geometry": {"type": "LineString", "coordinates": [[7.1492355688, 51.2557196365, 0.0], [7.1485745326, 51.2555279468, 0.0]]}}, {"type": "Feature", "id": "https://registry.gdi-de.org/de.nw/radnetz/instances/Section_Wuppertal_1225665_494_left", "name": " (ex-nw:Section_Wuppertal_1225665_494_left)", "dateprops": [], "properties": {"https://registry.gdi-de.org/up3/ontology/quell-ID": "1225665", "https://registry.gdi-de.org/up3/ontology/steigung": "1.396739", "https://registry.gdi-de.org/up3/ontology/strecken-ID": "Section_Wuppertal_1225665_494_left", "http://rdfs.org/ns/void#inDataset.value": "4635"}, "geometry": {"type": "LineString", "coordinates": [[7.0991032726, 51.2650122647, 244.56], [7.099062661, 51.2640734708, 0.0], [7.0986855229, 51.263276966, 247.31]]}}, {"type": "Feature", "id": "https://registry.gdi-de.org/de.nw/radnetz/instances/Section_Wuppertal_1223032_307", "name": " (ex-nw:Section_Wuppertal_1223032_307)", "dateprops": [], "properties": {"https://registry.gdi-de.org/up3/ontology/quell-ID": "1223032", "https://registry.gdi-de.org/up3/ontology/steigung": "0.5145612", "https://registry.gdi-de.org/up3/ontology/strecken-ID": "Section_Wuppertal_1223032_307", "http://rdfs.org/ns/void#inDataset.value": "4635"}, "geometry": {"type": "LineString", "coordinates": [[7.1296499168, 51.2638962191, 176.52], [7.1305158713, 51.2644798772, 0.0], [7.1312428096, 51.2649258088, 0.0], [7.1318446863, 51.2652042841, 177.61]]}}, {"type": "Feature", "id": "https://registry.gdi-de.org/de.nw/radnetz/instances/Section_Wuppertal_1227831_1077", "name": " (ex-nw:Section_Wuppertal_1227831_1077)", "dateprops": [], "properties": {"https://registry.gdi-de.org/up3/ontology/quell-ID": "1227831", "https://registry.gdi-de.org/up3/ontology/steigung": "3.426938", "https://registry.gdi-de.org/up3/ontology/strecken-ID": "Section_Wuppertal_1227831_1077", "http://rdfs.org/ns/void#inDataset.value": "4635"}, "geometry": {"type": "LineString", "coordinates": [[7.145623651, 51.2642109011, 0.0], [7.1457479504, 51.2636284559, 0.0]]}}, {"type": "Feature", "id": "https://registry.gdi-de.org/de.nw/radnetz/instances/Section_Wuppertal_1229711_751", "name": " (ex-nw:Section_Wuppertal_1229711_751)", "dateprops": [], "properties": {"https://registry.gdi-de.org/up3/ontology/quell-ID": "1229711", "https://registry.gdi-de.org/up3/ontology/steigung": "0.06071481", "https://registry.gdi-de.org/up3/ontology/strecken-ID": "Section_Wuppertal_1229711_751", "http://rdfs.org/ns/void#inDataset.value": "4635"}, "geometry": {"type": "LineString", "coordinates": [[7.1292259324, 51.2515738622, 140.41], [7.1290356725, 51.2514862859, 140.42]]}}, {"type": "Feature", "id": "https://registry.gdi-de.org/de.nw/radnetz/instances/Section_Wuppertal_1223160_356", "name": " (ex-nw:Section_Wuppertal_1223160_356)", "dateprops": [], "properties": {"https://registry.gdi-de.org/up3/ontology/quell-ID": "1223160", "https://registry.gdi-de.org/up3/ontology/steigung": "2.540789", "https://registry.gdi-de.org/up3/ontology/strecken-ID": "Section_Wuppertal_1223160_356", "http://rdfs.org/ns/void#inDataset.value": "4635"}, "geometry": {"type": "LineString", "coordinates": [[7.2455668625, 51.2939055737, 221.55], [7.2437991257, 51.2938516839, 0.0], [7.2430970708, 51.2938543866, 0.0], [7.242784721, 51.2938794797, 0.0], [7.242368266, 51.2939308638, 227.24]]}}, {"type": "Feature", "id": "https://registry.gdi-de.org/de.nw/radnetz/instances/Section_Wuppertal_1225749_500_left", "name": " (ex-nw:Section_Wuppertal_1225749_500_left)", "dateprops": [], "properties": {"https://registry.gdi-de.org/up3/ontology/quell-ID": "1225749", "https://registry.gdi-de.org/up3/ontology/steigung": "1.491799", "https://registry.gdi-de.org/up3/ontology/strecken-ID": "Section_Wuppertal_1225749_500_left", "http://rdfs.org/ns/void#inDataset.value": "4635"}, "geometry": {"type": "LineString", "coordinates": [[7.1905694435, 51.2251998192, 314.33], [7.1905674666, 51.2256039383, 0.0], [7.1901744837, 51.2264618944, 0.0], [7.1898442211, 51.2269776378, 0.0], [7.189819715, 51.2270210345, 0.0], [7.189529201, 51.2274407115, 318.24]]}}, {"type": "Feature", "id": "https://registry.gdi-de.org/de.nw/radnetz/instances/Section_Wuppertal_1226332_1070_left", "name": " (ex-nw:Section_Wuppertal_1226332_1070_left)", "dateprops": [], "properties": {"https://registry.gdi-de.org/up3/ontology/quell-ID": "1226332", "https://registry.gdi-de.org/up3/ontology/steigung": "0.5079275", "https://registry.gdi-de.org/up3/ontology/strecken-ID": "Section_Wuppertal_1226332_1070_left", "http://rdfs.org/ns/void#inDataset.value": "4635"}, "geometry": {"type": "LineString", "coordinates": [[7.162572337, 51.278130267, 0.0], [7.1629082118, 51.2775623394, 0.0], [7.1631227723, 51.2771635797, 0.0]]}}, {"type": "Feature", "id": "https://registry.gdi-de.org/de.nw/radnetz/instances/Section_Wuppertal_1226441_985", "name": " (ex-nw:Section_Wuppertal_1226441_985)", "dateprops": [], "properties": {"https://registry.gdi-de.org/up3/ontology/quell-ID": "1226441", "https://registry.gdi-de.org/up3/ontology/steigung": "6.76267", "https://registry.gdi-de.org/up3/ontology/strecken-ID": "Section_Wuppertal_1226441_985", "http://rdfs.org/ns/void#inDataset.value": "4635"}, "geometry": {"type": "LineString", "coordinates": [[7.1504298371, 51.2176316127, 0.0], [7.1505553569, 51.2177898784, 0.0]]}}, {"type": "Feature", "id": "https://registry.gdi-de.org/de.nw/radnetz/instances/Section_Wuppertal_7985_166", "name": " (ex-nw:Section_Wuppertal_7985_166)", "dateprops": [], "properties": {"https://registry.gdi-de.org/up3/ontology/quell-ID": "7985", "https://registry.gdi-de.org/up3/ontology/steigung": "0.1144171", "https://registry.gdi-de.org/up3/ontology/strecken-ID": "Section_Wuppertal_7985_166", "http://rdfs.org/ns/void#inDataset.value": "4635"}, "geometry": {"type": "LineString", "coordinates": [[7.0852445044, 51.2564898175, 198.15], [7.086106514, 51.2565895307, 198.22]]}}, {"type": "Feature", "id": "https://registry.gdi-de.org/de.nw/radnetz/instances/Section_Wuppertal_2674_59", "name": " (ex-nw:Section_Wuppertal_2674_59)", "dateprops": [], "properties": {"https://registry.gdi-de.org/up3/ontology/quell-ID": "2674", "https://registry.gdi-de.org/up3/ontology/steigung": "0.5533628", "https://registry.gdi-de.org/up3/ontology/strecken-ID": "Section_Wuppertal_2674_59", "http://rdfs.org/ns/void#inDataset.value": "4635"}, "geometry": {"type": "LineString", "coordinates": [[7.1695049334, 51.2621321051, 149.19], [7.1723698691, 51.2629281206, 150.4]]}}, {"type": "Feature", "id": "https://registry.gdi-de.org/de.nw/radnetz/instances/Section_Wuppertal_1229881_799", "name": " (ex-nw:Section_Wuppertal_1229881_799)", "dateprops": [], "properties": {"https://registry.gdi-de.org/up3/ontology/quell-ID": "1229881", "https://registry.gdi-de.org/up3/ontology/steigung": "1.713179", "https://registry.gdi-de.org/up3/ontology/strecken-ID": "Section_Wuppertal_1229881_799", "http://rdfs.org/ns/void#inDataset.value": "4635"}, "geometry": {"type": "LineString", "coordinates": [[7.1069495085, 51.1957331651, 115.23], [7.1066824556, 51.1949446577, 0.0], [7.1065356318, 51.1941842248, 0.0], [7.1065423448, 51.1935381217, 0.0], [7.1065096224, 51.1924067221, 0.0], [7.106472734, 51.1918593298, 0.0], [7.1061728121, 51.1914568051, 0.0], [7.1055323363, 51.1911606089, 0.0], [7.1048264642, 51.1910124758, 0.0], [7.1046659222, 51.1905873515, 0.0], [7.1049137795, 51.1903303967, 0.0], [7.1056405249, 51.1899693545, 0.0], [7.1064594527, 51.1897713532, 0.0], [7.1073153565, 51.1896360799, 129.97]]}}, {"type": "Feature", "id": "https://registry.gdi-de.org/de.nw/radnetz/instances/Section_Wuppertal_1225019_1067_right", "name": " (ex-nw:Section_Wuppertal_1225019_1067_right)", "dateprops": [], "properties": {"https://registry.gdi-de.org/up3/ontology/quell-ID": "1225019", "https://registry.gdi-de.org/up3/ontology/steigung": "2.294402", "https://registry.gdi-de.org/up3/ontology/strecken-ID": "Section_Wuppertal_1225019_1067_right", "http://rdfs.org/ns/void#inDataset.value": "4635"}, "geometry": {"type": "LineString", "coordinates": [[7.1727154043, 51.2829812574, 0.0], [7.1730099453, 51.2835102606, 0.0]]}}, {"type": "Feature", "id": "https://registry.gdi-de.org/de.nw/radnetz/instances/Section_Wuppertal_3764_92_left", "name": " (ex-nw:Section_Wuppertal_3764_92_left)", "dateprops": [], "properties": {"https://registry.gdi-de.org/up3/ontology/quell-ID": "3764", "https://registry.gdi-de.org/up3/ontology/steigung": "1.288055", "https://registry.gdi-de.org/up3/ontology/strecken-ID": "Section_Wuppertal_3764_92_left", "http://rdfs.org/ns/void#inDataset.value": "4635"}, "geometry": {"type": "LineString", "coordinates": [[7.1338773416, 51.2529724208, 141.95], [7.1342185532, 51.2530572951, 142.28]]}}, {"type": "Feature", "id": "https://registry.gdi-de.org/de.nw/radnetz/instances/Section_Wuppertal_876_22_right", "name": " (ex-nw:Section_Wuppertal_876_22_right)", "dateprops": [], "properties": {"https://registry.gdi-de.org/up3/ontology/quell-ID": "876", "https://registry.gdi-de.org/up3/ontology/steigung": "2.109606", "https://registry.gdi-de.org/up3/ontology/strecken-ID": "Section_Wuppertal_876_22_right", "http://rdfs.org/ns/void#inDataset.value": "4635"}, "geometry": {"type": "LineString", "coordinates": [[7.1430018349, 51.2546994662, 144.78], [7.1440440245, 51.2545544708, 0.0], [7.1446462299, 51.254575574, 147.24]]}}, {"type": "Feature", "id": "https://registry.gdi-de.org/de.nw/radnetz/instances/Section_Wuppertal_11246_234", "name": " (ex-nw:Section_Wuppertal_11246_234)", "dateprops": [], "properties": {"https://registry.gdi-de.org/up3/ontology/quell-ID": "11246", "https://registry.gdi-de.org/up3/ontology/steigung": "0.3095978", "https://registry.gdi-de.org/up3/ontology/strecken-ID": "Section_Wuppertal_11246_234", "http://rdfs.org/ns/void#inDataset.value": "4635"}, "geometry": {"type": "LineString", "coordinates": [[7.1573417144, 51.257578937, 145.82], [7.1579537067, 51.2574200143, 0.0], [7.1588678288, 51.2573120566, 0.0], [7.1599905724, 51.2574283111, 146.41]]}}, {"type": "Feature", "id": "https://registry.gdi-de.org/de.nw/radnetz/instances/Section_Wuppertal_1226991_1095", "name": " (ex-nw:Section_Wuppertal_1226991_1095)", "dateprops": [], "properties": {"https://registry.gdi-de.org/up3/ontology/quell-ID": "1226991", "https://registry.gdi-de.org/up3/ontology/steigung": "0.4532811", "https://registry.gdi-de.org/up3/ontology/strecken-ID": "Section_Wuppertal_1226991_1095", "http://rdfs.org/ns/void#inDataset.value": "4635"}, "geometry": {"type": "LineString", "coordinates": [[7.1507668271, 51.2318002288, 0.0], [7.1507070237, 51.2317084421, 0.0]]}}, {"type": "Feature", "id": "https://registry.gdi-de.org/de.nw/radnetz/instances/Section_Wuppertal_1229863_786", "name": " (ex-nw:Section_Wuppertal_1229863_786)", "dateprops": [], "properties": {"https://registry.gdi-de.org/up3/ontology/quell-ID": "1229863", "https://registry.gdi-de.org/up3/ontology/steigung": "0.0538541", "https://registry.gdi-de.org/up3/ontology/strecken-ID": "Section_Wuppertal_1229863_786", "http://rdfs.org/ns/void#inDataset.value": "4635"}, "geometry": {"type": "LineString", "coordinates": [[7.1087234863, 51.2586693226, 176.29], [7.1100799336, 51.2593436254, 0.0], [7.1118562788, 51.26022057, 176.44]]}}, {"type": "Feature", "id": "https://registry.gdi-de.org/de.nw/radnetz/instances/Section_Wuppertal_1223206_365", "name": " (ex-nw:Section_Wuppertal_1223206_365)", "dateprops": [], "properties": {"https://registry.gdi-de.org/up3/ontology/quell-ID": "1223206", "https://registry.gdi-de.org/up3/ontology/steigung": "2.977506", "https://registry.gdi-de.org/up3/ontology/strecken-ID": "Section_Wuppertal_1223206_365", "http://rdfs.org/ns/void#inDataset.value": "4635"}, "geometry": {"type": "LineString", "coordinates": [[7.1463316758, 51.2252305617, 299.09], [7.1460337538, 51.225357414, 0.0], [7.1456500842, 51.2254625208, 0.0], [7.1446621573, 51.2257062956, 0.0], [7.1445223705, 51.2257226102, 0.0], [7.1443702629, 51.2257307873, 0.0], [7.1441976196, 51.2257254015, 0.0], [7.1441043933, 51.2257371589, 0.0], [7.1440691968, 51.2257736632, 0.0], [7.1440549588, 51.2258131467, 0.0], [7.1440903871, 51.2259804896, 0.0], [7.14399618, 51.2260956015, 305.35]]}}, {"type": "Feature", "id": "https://registry.gdi-de.org/de.nw/radnetz/instances/Section_Wuppertal_1229589_996", "name": " (ex-nw:Section_Wuppertal_1229589_996)", "dateprops": [], "properties": {"https://registry.gdi-de.org/up3/ontology/quell-ID": "1229589", "https://registry.gdi-de.org/up3/ontology/steigung": "0.9319752", "https://registry.gdi-de.org/up3/ontology/strecken-ID": "Section_Wuppertal_1229589_996", "http://rdfs.org/ns/void#inDataset.value": "4635"}, "geometry": {"type": "LineString", "coordinates": [[7.1520192039, 51.2230774242, 0.0], [7.1520125351, 51.2232124105, 0.0]]}}, {"type": "Feature", "id": "https://registry.gdi-de.org/de.nw/radnetz/instances/Section_Wuppertal_2896_65", "name": " (ex-nw:Section_Wuppertal_2896_65)", "dateprops": [], "properties": {"https://registry.gdi-de.org/up3/ontology/quell-ID": "2896", "https://registry.gdi-de.org/up3/ontology/steigung": "3.390097", "https://registry.gdi-de.org/up3/ontology/strecken-ID": "Section_Wuppertal_2896_65", "http://rdfs.org/ns/void#inDataset.value": "4635"}, "geometry": {"type": "LineString", "coordinates": [[7.1656997836, 51.2153552263, 198.34], [7.1660758809, 51.2160795865, 0.0], [7.1661092698, 51.2162680227, 0.0], [7.1658218601, 51.2168464633, 0.0], [7.1657039574, 51.2169305624, 0.0], [7.1652940288, 51.2171024068, 0.0], [7.1648738246, 51.217312912, 0.0], [7.1641247494, 51.2179714719, 0.0], [7.1639033393, 51.218166112, 0.0], [7.1635264372, 51.2184618844, 0.0], [7.163183749, 51.2186935013, 213.65]]}}, {"type": "Feature", "id": "https://registry.gdi-de.org/de.nw/radnetz/instances/Section_Wuppertal_1226699_617_right", "name": " (ex-nw:Section_Wuppertal_1226699_617_right)", "dateprops": [], "properties": {"https://registry.gdi-de.org/up3/ontology/quell-ID": "1226699", "https://registry.gdi-de.org/up3/ontology/steigung": "1.826443", "https://registry.gdi-de.org/up3/ontology/strecken-ID": "Section_Wuppertal_1226699_617_right", "http://rdfs.org/ns/void#inDataset.value": "4635"}, "geometry": {"type": "LineString", "coordinates": [[7.1816463133, 51.2900215616, 279.8], [7.1817334308, 51.2900509884, 0.0], [7.1818978454, 51.2901022987, 280.16]]}}, {"type": "Feature", "id": "https://registry.gdi-de.org/de.nw/radnetz/instances/Section_Wuppertal_1225883_516_right", "name": " (ex-nw:Section_Wuppertal_1225883_516_right)", "dateprops": [], "properties": {"https://registry.gdi-de.org/up3/ontology/quell-ID": "1225883", "https://registry.gdi-de.org/up3/ontology/steigung": "3.554213", "https://registry.gdi-de.org/up3/ontology/strecken-ID": "Section_Wuppertal_1225883_516_right", "http://rdfs.org/ns/void#inDataset.value": "4635"}, "geometry": {"type": "LineString", "coordinates": [[7.1051006312, 51.2466573658, 139.85], [7.1048202795, 51.2472726508, 142.38]]}}, {"type": "Feature", "id": "https://registry.gdi-de.org/de.nw/radnetz/instances/Section_Wuppertal_1226321_559_right", "name": " (ex-nw:Section_Wuppertal_1226321_559_right)", "dateprops": [], "properties": {"https://registry.gdi-de.org/up3/ontology/quell-ID": "1226321", "https://registry.gdi-de.org/up3/ontology/steigung": "4.954441", "https://registry.gdi-de.org/up3/ontology/strecken-ID": "Section_Wuppertal_1226321_559_right", "http://rdfs.org/ns/void#inDataset.value": "4635"}, "geometry": {"type": "LineString", "coordinates": [[7.1314824241, 51.2015158954, 271.48], [7.131446575, 51.2018038906, 0.0], [7.1313840993, 51.2024846941, 276.83]]}}, {"type": "Feature", "id": "https://registry.gdi-de.org/de.nw/radnetz/instances/Section_Wuppertal_1230048_842", "name": " (ex-nw:Section_Wuppertal_1230048_842)", "dateprops": [], "properties": {"https://registry.gdi-de.org/up3/ontology/quell-ID": "1230048", "https://registry.gdi-de.org/up3/ontology/steigung": "2.500481", "https://registry.gdi-de.org/up3/ontology/strecken-ID": "Section_Wuppertal_1230048_842", "http://rdfs.org/ns/void#inDataset.value": "4635"}, "geometry": {"type": "LineString", "coordinates": [[7.0314955845, 51.2376170712, 0.0], [7.0348650395, 51.2367046819, 0.0], [7.0370629845, 51.2350854705, 0.0], [7.0385824473, 51.2341812077, 0.0], [7.0403892003, 51.2330493018, 0.0], [7.041277745, 51.2328317445, 0.0], [7.0415613873, 51.2326912206, 0.0], [7.0431028587, 51.2312642879, 0.0], [7.0442823227, 51.2306527524, 200.8]]}}, {"type": "Feature", "id": "https://registry.gdi-de.org/de.nw/radnetz/instances/Section_Wuppertal_2583_57_right", "name": " (ex-nw:Section_Wuppertal_2583_57_right)", "dateprops": [], "properties": {"https://registry.gdi-de.org/up3/ontology/quell-ID": "2583", "https://registry.gdi-de.org/up3/ontology/steigung": "2.684897", "https://registry.gdi-de.org/up3/ontology/strecken-ID": "Section_Wuppertal_2583_57_right", "http://rdfs.org/ns/void#inDataset.value": "4635"}, "geometry": {"type": "LineString", "coordinates": [[7.1162640496, 51.262220203, 209.93], [7.1167404763, 51.2621619605, 0.0], [7.1171755322, 51.262033843, 211.74]]}}, {"type": "Feature", "id": "https://registry.gdi-de.org/de.nw/radnetz/instances/Section_Wuppertal_2534_54_right", "name": " (ex-nw:Section_Wuppertal_2534_54_right)", "dateprops": [], "properties": {"https://registry.gdi-de.org/up3/ontology/quell-ID": "2534", "https://registry.gdi-de.org/up3/ontology/steigung": "4.021255", "https://registry.gdi-de.org/up3/ontology/strecken-ID": "Section_Wuppertal_2534_54_right", "http://rdfs.org/ns/void#inDataset.value": "4635"}, "geometry": {"type": "LineString", "coordinates": [[7.0727480261, 51.2695813342, 170.44], [7.0728766945, 51.2685952709, 0.0], [7.0732077524, 51.2677489069, 0.0], [7.0732338499, 51.2668019142, 183.0]]}}, {"type": "Feature", "id": "https://registry.gdi-de.org/de.nw/radnetz/instances/Section_Wuppertal_1226557_592_right", "name": " (ex-nw:Section_Wuppertal_1226557_592_right)", "dateprops": [], "properties": {"https://registry.gdi-de.org/up3/ontology/quell-ID": "1226557", "https://registry.gdi-de.org/up3/ontology/steigung": "0.2612682", "https://registry.gdi-de.org/up3/ontology/strecken-ID": "Section_Wuppertal_1226557_592_right", "http://rdfs.org/ns/void#inDataset.value": "4635"}, "geometry": {"type": "LineString", "coordinates": [[7.2555282238, 51.2556578467, 177.73], [7.2559654384, 51.2556805233, 177.81]]}}, {"type": "Feature", "id": "https://registry.gdi-de.org/de.nw/radnetz/instances/Section_Wuppertal_None_1107_left", "name": " (ex-nw:Section_Wuppertal_None_1107_left)", "dateprops": [], "properties": {"https://registry.gdi-de.org/up3/ontology/quell-ID": "None", "https://registry.gdi-de.org/up3/ontology/steigung": "2.331471", "https://registry.gdi-de.org/up3/ontology/strecken-ID": "Section_Wuppertal_None_1107_left", "http://rdfs.org/ns/void#inDataset.value": "4635"}, "geometry": {"type": "LineString", "coordinates": [[7.1452069663, 51.2661002605, 171.27], [7.1451539744, 51.2663551478, 172.28]]}}, {"type": "Feature", "id": "https://registry.gdi-de.org/de.nw/radnetz/instances/Section_Wuppertal_1229779_766", "name": " (ex-nw:Section_Wuppertal_1229779_766)", "dateprops": [], "properties": {"https://registry.gdi-de.org/up3/ontology/quell-ID": "1229779", "https://registry.gdi-de.org/up3/ontology/steigung": "0.9869624", "https://registry.gdi-de.org/up3/ontology/strecken-ID": "Section_Wuppertal_1229779_766", "http://rdfs.org/ns/void#inDataset.value": "4635"}, "geometry": {"type": "LineString", "coordinates": [[7.1583330387, 51.2370186248, 323.27], [7.1584629042, 51.2370262301, 0.0], [7.1585755532, 51.2370581146, 0.0], [7.1589659299, 51.2371922323, 0.0], [7.1597233223, 51.23744504, 0.0], [7.1600486919, 51.2375555472, 0.0], [7.1603144403, 51.2376575888, 0.0], [7.1607762835, 51.2378041158, 0.0], [7.1611557381, 51.2379117063, 0.0], [7.1612734843, 51.2379662528, 0.0], [7.1616225299, 51.2380846557, 0.0], [7.1618169777, 51.2381705174, 0.0], [7.1621173379, 51.2383069748, 0.0], [7.1623474415, 51.2384009238, 0.0], [7.1626072081, 51.2385028663, 0.0], [7.1629084721, 51.2386167514, 0.0], [7.1631623978, 51.2387148364, 0.0], [7.163398947, 51.2387975927, 0.0], [7.1634443719, 51.2388130921, 327.32]]}}, {"type": "Feature", "id": "https://registry.gdi-de.org/de.nw/radnetz/instances/Section_Wuppertal_1226084_537", "name": " (ex-nw:Section_Wuppertal_1226084_537)", "dateprops": [], "properties": {"https://registry.gdi-de.org/up3/ontology/quell-ID": "1226084", "https://registry.gdi-de.org/up3/ontology/steigung": "1.951354", "https://registry.gdi-de.org/up3/ontology/strecken-ID": "Section_Wuppertal_1226084_537", "http://rdfs.org/ns/void#inDataset.value": "4635"}, "geometry": {"type": "LineString", "coordinates": [[7.2349506995, 51.2390862944, 291.11], [7.2347025728, 51.2392622263, 291.62]]}}, {"type": "Feature", "id": "https://registry.gdi-de.org/de.nw/radnetz/instances/Section_Wuppertal_1222588_290_left", "name": " (ex-nw:Section_Wuppertal_1222588_290_left)", "dateprops": [], "properties": {"https://registry.gdi-de.org/up3/ontology/quell-ID": "1222588", "https://registry.gdi-de.org/up3/ontology/steigung": "0.2317573", "https://registry.gdi-de.org/up3/ontology/strecken-ID": "Section_Wuppertal_1222588_290_left", "http://rdfs.org/ns/void#inDataset.value": "4635"}, "geometry": {"type": "LineString", "coordinates": [[7.0683859965, 51.2353012516, 177.13], [7.0685599588, 51.2352610521, 177.16]]}}, {"type": "Feature", "id": "https://registry.gdi-de.org/de.nw/radnetz/instances/Section_Wuppertal_1226344_564_right", "name": " (ex-nw:Section_Wuppertal_1226344_564_right)", "dateprops": [], "properties": {"https://registry.gdi-de.org/up3/ontology/quell-ID": "1226344", "https://registry.gdi-de.org/up3/ontology/steigung": "3.079939", "https://registry.gdi-de.org/up3/ontology/strecken-ID": "Section_Wuppertal_1226344_564_right", "http://rdfs.org/ns/void#inDataset.value": "4635"}, "geometry": {"type": "LineString", "coordinates": [[7.0729659224, 51.2608127478, 217.19], [7.0727996487, 51.2611040351, 218.25]]}}, {"type": "Feature", "id": "https://registry.gdi-de.org/de.nw/radnetz/instances/Section_Wuppertal_1223080_327", "name": " (ex-nw:Section_Wuppertal_1223080_327)", "dateprops": [], "properties": {"https://registry.gdi-de.org/up3/ontology/quell-ID": "1223080", "https://registry.gdi-de.org/up3/ontology/steigung": "4.787831", "https://registry.gdi-de.org/up3/ontology/strecken-ID": "Section_Wuppertal_1223080_327", "http://rdfs.org/ns/void#inDataset.value": "4635"}, "geometry": {"type": "LineString", "coordinates": [[7.1958315475, 51.2733475148, 182.2], [7.195694733, 51.2734470758, 182.86]]}}, {"type": "Feature", "id": "https://registry.gdi-de.org/de.nw/radnetz/instances/Section_Wuppertal_6160_131", "name": " (ex-nw:Section_Wuppertal_6160_131)", "dateprops": [], "properties": {"https://registry.gdi-de.org/up3/ontology/quell-ID": "6160", "https://registry.gdi-de.org/up3/ontology/steigung": "1.196855", "https://registry.gdi-de.org/up3/ontology/strecken-ID": "Section_Wuppertal_6160_131", "http://rdfs.org/ns/void#inDataset.value": "4635"}, "geometry": {"type": "LineString", "coordinates": [[7.1992059806, 51.2374731159, 342.5], [7.1984625772, 51.2374430356, 0.0], [7.1972665968, 51.2375794666, 0.0], [7.1958019346, 51.2379334884, 345.45]]}}, {"type": "Feature", "id": "https://registry.gdi-de.org/de.nw/radnetz/instances/Section_Wuppertal_1226866_643_left", "name": " (ex-nw:Section_Wuppertal_1226866_643_left)", "dateprops": [], "properties": {"https://registry.gdi-de.org/up3/ontology/quell-ID": "1226866", "https://registry.gdi-de.org/up3/ontology/steigung": "3.712513", "https://registry.gdi-de.org/up3/ontology/strecken-ID": "Section_Wuppertal_1226866_643_left", "http://rdfs.org/ns/void#inDataset.value": "4635"}, "geometry": {"type": "LineString", "coordinates": [[7.2178039662, 51.2757750244, 161.11], [7.2177629074, 51.2764121911, 0.0], [7.2178367285, 51.2765643339, 164.4]]}}, {"type": "Feature", "id": "https://registry.gdi-de.org/de.nw/radnetz/instances/Section_Wuppertal_1226613_603_right", "name": " (ex-nw:Section_Wuppertal_1226613_603_right)", "dateprops": [], "properties": {"https://registry.gdi-de.org/up3/ontology/quell-ID": "1226613", "https://registry.gdi-de.org/up3/ontology/steigung": "3.609968", "https://registry.gdi-de.org/up3/ontology/strecken-ID": "Section_Wuppertal_1226613_603_right", "http://rdfs.org/ns/void#inDataset.value": "4635"}, "geometry": {"type": "LineString", "coordinates": [[7.1853147656, 51.2789358884, 196.14], [7.1842732434, 51.2784249609, 199.47]]}}, {"type": "Feature", "id": "https://registry.gdi-de.org/de.nw/radnetz/instances/Section_Wuppertal_1225405_476_left", "name": " (ex-nw:Section_Wuppertal_1225405_476_left)", "dateprops": [], "properties": {"https://registry.gdi-de.org/up3/ontology/quell-ID": "1225405", "https://registry.gdi-de.org/up3/ontology/steigung": "0.4070892", "https://registry.gdi-de.org/up3/ontology/strecken-ID": "Section_Wuppertal_1225405_476_left", "http://rdfs.org/ns/void#inDataset.value": "4635"}, "geometry": {"type": "LineString", "coordinates": [[7.0707174733, 51.2463581624, 198.71], [7.0708475303, 51.2457898128, 198.97]]}}, {"type": "Feature", "id": "https://registry.gdi-de.org/de.nw/radnetz/instances/Section_Wuppertal_1224170_407_right", "name": " (ex-nw:Section_Wuppertal_1224170_407_right)", "dateprops": [], "properties": {"https://registry.gdi-de.org/up3/ontology/quell-ID": "1224170", "https://registry.gdi-de.org/up3/ontology/steigung": "0.6646533", "https://registry.gdi-de.org/up3/ontology/strecken-ID": "Section_Wuppertal_1224170_407_right", "http://rdfs.org/ns/void#inDataset.value": "4635"}, "geometry": {"type": "LineString", "coordinates": [[7.2367555427, 51.266645037, 166.15], [7.2370528525, 51.266228346, 0.0], [7.2371827877, 51.2657325778, 0.0], [7.2371578018, 51.2655017349, 167.03]]}}, {"type": "Feature", "id": "https://registry.gdi-de.org/de.nw/radnetz/instances/Section_Wuppertal_1226590_596_right", "name": " (ex-nw:Section_Wuppertal_1226590_596_right)", "dateprops": [], "properties": {"https://registry.gdi-de.org/up3/ontology/quell-ID": "1226590", "https://registry.gdi-de.org/up3/ontology/steigung": "2.001771", "https://registry.gdi-de.org/up3/ontology/strecken-ID": "Section_Wuppertal_1226590_596_right", "http://rdfs.org/ns/void#inDataset.value": "4635"}, "geometry": {"type": "LineString", "coordinates": [[7.2899116698, 51.2500792475, 189.52], [7.2905890149, 51.2500361125, 0.0], [7.2909770336, 51.2500438722, 0.0], [7.2919117946, 51.2500143015, 0.0], [7.2930520607, 51.2499295121, 0.0], [7.2938376434, 51.2497764439, 0.0], [7.2942016558, 51.2496366279, 0.0], [7.2949397282, 51.249394744, 0.0], [7.2954067473, 51.2491918051, 0.0], [7.2955335944, 51.2491184875, 197.87]]}}, {"type": "Feature", "id": "https://registry.gdi-de.org/de.nw/radnetz/instances/Section_Wuppertal_1227986_972_right", "name": " (ex-nw:Section_Wuppertal_1227986_972_right)", "dateprops": [], "properties": {"https://registry.gdi-de.org/up3/ontology/quell-ID": "1227986", "https://registry.gdi-de.org/up3/ontology/steigung": "0.8910553", "https://registry.gdi-de.org/up3/ontology/strecken-ID": "Section_Wuppertal_1227986_972_right", "http://rdfs.org/ns/void#inDataset.value": "4635"}, "geometry": {"type": "LineString", "coordinates": [[7.1550396915, 51.2413202467, 0.0], [7.155573001, 51.2407599824, 0.0], [7.1556697903, 51.2400488976, 0.0], [7.1555737644, 51.2396453515, 0.0], [7.1554569987, 51.2395601616, 0.0]]}}, {"type": "Feature", "id": "https://registry.gdi-de.org/de.nw/radnetz/instances/Section_Wuppertal_5097_113_right", "name": " (ex-nw:Section_Wuppertal_5097_113_right)", "dateprops": [], "properties": {"https://registry.gdi-de.org/up3/ontology/quell-ID": "5097", "https://registry.gdi-de.org/up3/ontology/steigung": "3.240947", "https://registry.gdi-de.org/up3/ontology/strecken-ID": "Section_Wuppertal_5097_113_right", "http://rdfs.org/ns/void#inDataset.value": "4635"}, "geometry": {"type": "LineString", "coordinates": [[7.2340936279, 51.266094165, 165.27], [7.2341035778, 51.2652527643, 0.0], [7.2340667408, 51.264947527, 0.0], [7.2336602882, 51.2640673958, 172.71]]}}, {"type": "Feature", "id": "https://registry.gdi-de.org/de.nw/radnetz/instances/Section_Wuppertal_1226730_898", "name": " (ex-nw:Section_Wuppertal_1226730_898)", "dateprops": [], "properties": {"https://registry.gdi-de.org/up3/ontology/quell-ID": "1226730", "https://registry.gdi-de.org/up3/ontology/steigung": "1.111403", "https://registry.gdi-de.org/up3/ontology/strecken-ID": "Section_Wuppertal_1226730_898", "http://rdfs.org/ns/void#inDataset.value": "4635"}, "geometry": {"type": "LineString", "coordinates": [[7.2441659638, 51.2809743917, 174.81], [7.2440116141, 51.2814691679, 0.0], [7.2440041787, 51.281490304, 175.46]]}}, {"type": "Feature", "id": "https://registry.gdi-de.org/de.nw/radnetz/instances/Section_Wuppertal_1225173_451_right", "name": " (ex-nw:Section_Wuppertal_1225173_451_right)", "dateprops": [], "properties": {"https://registry.gdi-de.org/up3/ontology/quell-ID": "1225173", "https://registry.gdi-de.org/up3/ontology/steigung": "0.8542753", "https://registry.gdi-de.org/up3/ontology/strecken-ID": "Section_Wuppertal_1225173_451_right", "http://rdfs.org/ns/void#inDataset.value": "4635"}, "geometry": {"type": "LineString", "coordinates": [[7.2506623866, 51.2555026032, 176.21], [7.2508370622, 51.2555398506, 176.32]]}}, {"type": "Feature", "id": "https://registry.gdi-de.org/de.nw/radnetz/instances/Section_Wuppertal_1827_38_right", "name": " (ex-nw:Section_Wuppertal_1827_38_right)", "dateprops": [], "properties": {"https://registry.gdi-de.org/up3/ontology/quell-ID": "1827", "https://registry.gdi-de.org/up3/ontology/steigung": "3.555735", "https://registry.gdi-de.org/up3/ontology/strecken-ID": "Section_Wuppertal_1827_38_right", "http://rdfs.org/ns/void#inDataset.value": "4635"}, "geometry": {"type": "LineString", "coordinates": [[7.072035535, 51.2510097473, 186.54], [7.0717240961, 51.2505263199, 0.0], [7.0714909326, 51.2501176994, 0.0], [7.0708773236, 51.2491625669, 0.0], [7.0708039135, 51.2489343185, 0.0], [7.0706493651, 51.248142087, 198.47]]}}, {"type": "Feature", "id": "https://registry.gdi-de.org/de.nw/radnetz/instances/Section_Wuppertal_1226858_911_left", "name": " (ex-nw:Section_Wuppertal_1226858_911_left)", "dateprops": [], "properties": {"https://registry.gdi-de.org/up3/ontology/quell-ID": "1226858", "https://registry.gdi-de.org/up3/ontology/steigung": "0.240163", "https://registry.gdi-de.org/up3/ontology/strecken-ID": "Section_Wuppertal_1226858_911_left", "http://rdfs.org/ns/void#inDataset.value": "4635"}, "geometry": {"type": "LineString", "coordinates": [[7.0836333993, 51.2812726151, 193.29], [7.0842527858, 51.2814982041, 193.41]]}}, {"type": "Feature", "id": "https://registry.gdi-de.org/de.nw/radnetz/instances/Section_Wuppertal_86_4_right", "name": " (ex-nw:Section_Wuppertal_86_4_right)", "dateprops": [], "properties": {"https://registry.gdi-de.org/up3/ontology/quell-ID": "86", "https://registry.gdi-de.org/up3/ontology/steigung": "0.6489224", "https://registry.gdi-de.org/up3/ontology/strecken-ID": "Section_Wuppertal_86_4_right", "http://rdfs.org/ns/void#inDataset.value": "4635"}, "geometry": {"type": "LineString", "coordinates": [[7.1637921855, 51.2995746096, 303.17], [7.16303781, 51.2999136197, 303.59]]}}, {"type": "Feature", "id": "https://registry.gdi-de.org/de.nw/radnetz/instances/Section_Wuppertal_1225970_525_right", "name": " (ex-nw:Section_Wuppertal_1225970_525_right)", "dateprops": [], "properties": {"https://registry.gdi-de.org/up3/ontology/quell-ID": "1225970", "https://registry.gdi-de.org/up3/ontology/steigung": "0.2241466", "https://registry.gdi-de.org/up3/ontology/strecken-ID": "Section_Wuppertal_1225970_525_right", "http://rdfs.org/ns/void#inDataset.value": "4635"}, "geometry": {"type": "LineString", "coordinates": [[7.2609660239, 51.2557976176, 178.37], [7.2614539084, 51.2557472876, 0.0], [7.2624333258, 51.2555284555, 178.61]]}}, {"type": "Feature", "id": "https://registry.gdi-de.org/de.nw/radnetz/instances/Section_Wuppertal_8395_173_left", "name": " (ex-nw:Section_Wuppertal_8395_173_left)", "dateprops": [], "properties": {"https://registry.gdi-de.org/up3/ontology/quell-ID": "8395", "https://registry.gdi-de.org/up3/ontology/steigung": "5.387946", "https://registry.gdi-de.org/up3/ontology/strecken-ID": "Section_Wuppertal_8395_173_left", "http://rdfs.org/ns/void#inDataset.value": "4635"}, "geometry": {"type": "LineString", "coordinates": [[7.1549499283, 51.2511211844, 178.12], [7.1564559415, 51.2514252235, 184.07]]}}, {"type": "Feature", "id": "https://registry.gdi-de.org/de.nw/radnetz/instances/Section_Wuppertal_1230028_834", "name": " (ex-nw:Section_Wuppertal_1230028_834)", "dateprops": [], "properties": {"https://registry.gdi-de.org/up3/ontology/quell-ID": "1230028", "https://registry.gdi-de.org/up3/ontology/steigung": "0.297012", "https://registry.gdi-de.org/up3/ontology/strecken-ID": "Section_Wuppertal_1230028_834", "http://rdfs.org/ns/void#inDataset.value": "4635"}, "geometry": {"type": "LineString", "coordinates": [[7.0926089073, 51.1716870844, 0.0], [7.0924001156, 51.1704750086, 0.0], [7.0911735855, 51.1679446802, 0.0], [7.0909552531, 51.1669648815, 0.0], [7.0900925612, 51.1663697038, 0.0], [7.088049596, 51.1657087408, 0.0], [7.0870617146, 51.1654601489, 0.0], [7.0849559118, 51.1654256837, 0.0], [7.0823987473, 51.164686469, 0.0]]}}, {"type": "Feature", "id": "https://registry.gdi-de.org/de.nw/radnetz/instances/Section_Wuppertal_1224493_420", "name": " (ex-nw:Section_Wuppertal_1224493_420)", "dateprops": [], "properties": {"https://registry.gdi-de.org/up3/ontology/quell-ID": "1224493", "https://registry.gdi-de.org/up3/ontology/steigung": "1.278441", "https://registry.gdi-de.org/up3/ontology/strecken-ID": "Section_Wuppertal_1224493_420", "http://rdfs.org/ns/void#inDataset.value": "4635"}, "geometry": {"type": "LineString", "coordinates": [[7.2001118886, 51.2197709454, 260.71], [7.1996938418, 51.2203779256, 0.0], [7.199557764, 51.220648992, 0.0], [7.1995290628, 51.2211976266, 0.0], [7.1996866204, 51.2217533478, 0.0], [7.1996268116, 51.2222033951, 264.28]]}}, {"type": "Feature", "id": "https://registry.gdi-de.org/de.nw/radnetz/instances/Section_Wuppertal_1225969_524_right", "name": " (ex-nw:Section_Wuppertal_1225969_524_right)", "dateprops": [], "properties": {"https://registry.gdi-de.org/up3/ontology/quell-ID": "1225969", "https://registry.gdi-de.org/up3/ontology/steigung": "0.1591871", "https://registry.gdi-de.org/up3/ontology/strecken-ID": "Section_Wuppertal_1225969_524_right", "http://rdfs.org/ns/void#inDataset.value": "4635"}, "geometry": {"type": "LineString", "coordinates": [[7.2559654384, 51.2556805233, 177.81], [7.2585644366, 51.2559042745, 0.0], [7.2596392657, 51.2559196728, 0.0], [7.2598968129, 51.2559079104, 0.0], [7.2609660239, 51.2557976176, 178.37]]}}, {"type": "Feature", "id": "https://registry.gdi-de.org/de.nw/radnetz/instances/Section_Wuppertal_1226823_638", "name": " (ex-nw:Section_Wuppertal_1226823_638)", "dateprops": [], "properties": {"https://registry.gdi-de.org/up3/ontology/quell-ID": "1226823", "https://registry.gdi-de.org/up3/ontology/steigung": "0.4448702", "https://registry.gdi-de.org/up3/ontology/strecken-ID": "Section_Wuppertal_1226823_638", "http://rdfs.org/ns/void#inDataset.value": "4635"}, "geometry": {"type": "LineString", "coordinates": [[7.1530130508, 51.2587812818, 146.11], [7.1532820574, 51.2590842097, 0.0], [7.1533501546, 51.2591942267, 146.34]]}}, {"type": "Feature", "id": "https://registry.gdi-de.org/de.nw/radnetz/instances/Section_Wuppertal_10576_220", "name": " (ex-nw:Section_Wuppertal_10576_220)", "dateprops": [], "properties": {"https://registry.gdi-de.org/up3/ontology/quell-ID": "10576", "https://registry.gdi-de.org/up3/ontology/steigung": "3.454839", "https://registry.gdi-de.org/up3/ontology/strecken-ID": "Section_Wuppertal_10576_220", "http://rdfs.org/ns/void#inDataset.value": "4635"}, "geometry": {"type": "LineString", "coordinates": [[7.2468784106, 51.2324912311, 239.9], [7.246960895, 51.232252286, 0.0], [7.2469561807, 51.2319020001, 0.0], [7.2458085406, 51.231359327, 0.0], [7.245503469, 51.2313302461, 0.0], [7.2452086515, 51.2313453104, 247.11]]}}, {"type": "Feature", "id": "https://registry.gdi-de.org/de.nw/radnetz/instances/Section_Wuppertal_1225529_484_left", "name": " (ex-nw:Section_Wuppertal_1225529_484_left)", "dateprops": [], "properties": {"https://registry.gdi-de.org/up3/ontology/quell-ID": "1225529", "https://registry.gdi-de.org/up3/ontology/steigung": "0.02653795", "https://registry.gdi-de.org/up3/ontology/strecken-ID": "Section_Wuppertal_1225529_484_left", "http://rdfs.org/ns/void#inDataset.value": "4635"}, "geometry": {"type": "LineString", "coordinates": [[7.2312482176, 51.2601227277, 180.87], [7.2308793206, 51.2598753512, 180.88]]}}, {"type": "Feature", "id": "https://registry.gdi-de.org/de.nw/radnetz/instances/Section_Wuppertal_1226992_1096", "name": " (ex-nw:Section_Wuppertal_1226992_1096)", "dateprops": [], "properties": {"https://registry.gdi-de.org/up3/ontology/quell-ID": "1226992", "https://registry.gdi-de.org/up3/ontology/steigung": "0.3280402", "https://registry.gdi-de.org/up3/ontology/strecken-ID": "Section_Wuppertal_1226992_1096", "http://rdfs.org/ns/void#inDataset.value": "4635"}, "geometry": {"type": "LineString", "coordinates": [[7.1507070237, 51.2317084421, 0.0], [7.1505748078, 51.2315055146, 0.0]]}}, {"type": "Feature", "id": "https://registry.gdi-de.org/de.nw/radnetz/instances/Section_Wuppertal_12276_262_right", "name": " (ex-nw:Section_Wuppertal_12276_262_right)", "dateprops": [], "properties": {"https://registry.gdi-de.org/up3/ontology/quell-ID": "12276", "https://registry.gdi-de.org/up3/ontology/steigung": "3.574632", "https://registry.gdi-de.org/up3/ontology/strecken-ID": "Section_Wuppertal_12276_262_right", "http://rdfs.org/ns/void#inDataset.value": "4635"}, "geometry": {"type": "LineString", "coordinates": [[7.2444941282, 51.2833020113, 187.77], [7.2451185975, 51.2846345265, 0.0], [7.2452207757, 51.28498266, 0.0], [7.2452982746, 51.2853992738, 0.0], [7.2452448793, 51.2872658074, 203.79]]}}, {"type": "Feature", "id": "https://registry.gdi-de.org/de.nw/radnetz/instances/Section_Wuppertal_1226638_611", "name": " (ex-nw:Section_Wuppertal_1226638_611)", "dateprops": [], "properties": {"https://registry.gdi-de.org/up3/ontology/quell-ID": "1226638", "https://registry.gdi-de.org/up3/ontology/steigung": "0.4332632", "https://registry.gdi-de.org/up3/ontology/strecken-ID": "Section_Wuppertal_1226638_611", "http://rdfs.org/ns/void#inDataset.value": "4635"}, "geometry": {"type": "LineString", "coordinates": [[7.1350535379, 51.2533006579, 141.84], [7.1349324998, 51.2532671937, 141.88]]}}, {"type": "Feature", "id": "https://registry.gdi-de.org/de.nw/radnetz/instances/Section_Wuppertal_1223031_306", "name": " (ex-nw:Section_Wuppertal_1223031_306)", "dateprops": [], "properties": {"https://registry.gdi-de.org/up3/ontology/quell-ID": "1223031", "https://registry.gdi-de.org/up3/ontology/steigung": "3.742827", "https://registry.gdi-de.org/up3/ontology/strecken-ID": "Section_Wuppertal_1223031_306", "http://rdfs.org/ns/void#inDataset.value": "4635"}, "geometry": {"type": "LineString", "coordinates": [[7.1296499168, 51.2638962191, 176.52], [7.1297841442, 51.2638547402, 0.0], [7.1298307708, 51.2638703105, 0.0], [7.1301226766, 51.2640804055, 0.0], [7.1303209637, 51.2641852299, 0.0], [7.1304534982, 51.264246646, 0.0], [7.1305983009, 51.2642553126, 0.0], [7.1307480232, 51.2642259367, 0.0], [7.130850773, 51.2641894568, 0.0], [7.1311613416, 51.2642683947, 181.29]]}}, {"type": "Feature", "id": "https://registry.gdi-de.org/de.nw/radnetz/instances/Section_Wuppertal_1225718_1025_right", "name": " (ex-nw:Section_Wuppertal_1225718_1025_right)", "dateprops": [], "properties": {"https://registry.gdi-de.org/up3/ontology/quell-ID": "1225718", "https://registry.gdi-de.org/up3/ontology/steigung": "2.001433", "https://registry.gdi-de.org/up3/ontology/strecken-ID": "Section_Wuppertal_1225718_1025_right", "http://rdfs.org/ns/void#inDataset.value": "4635"}, "geometry": {"type": "LineString", "coordinates": [[7.1449270813, 51.2831406909, 0.0], [7.145617321, 51.2832765417, 0.0]]}}, {"type": "Feature", "id": "https://registry.gdi-de.org/de.nw/radnetz/instances/Section_Wuppertal_8232_170", "name": " (ex-nw:Section_Wuppertal_8232_170)", "dateprops": [], "properties": {"https://registry.gdi-de.org/up3/ontology/quell-ID": "8232", "https://registry.gdi-de.org/up3/ontology/steigung": "0.7197142", "https://registry.gdi-de.org/up3/ontology/strecken-ID": "Section_Wuppertal_8232_170", "http://rdfs.org/ns/void#inDataset.value": "4635"}, "geometry": {"type": "LineString", "coordinates": [[7.1619243207, 51.2580395689, 148.0], [7.1625836741, 51.258282299, 0.0], [7.163358056, 51.2587058184, 148.9]]}}, {"type": "Feature", "id": "https://registry.gdi-de.org/de.nw/radnetz/instances/Section_Wuppertal_1229870_790", "name": " (ex-nw:Section_Wuppertal_1229870_790)", "dateprops": [], "properties": {"https://registry.gdi-de.org/up3/ontology/quell-ID": "1229870", "https://registry.gdi-de.org/up3/ontology/steigung": "2.157086", "https://registry.gdi-de.org/up3/ontology/strecken-ID": "Section_Wuppertal_1229870_790", "http://rdfs.org/ns/void#inDataset.value": "4635"}, "geometry": {"type": "LineString", "coordinates": [[7.1357435355, 51.1665005542, 106.32], [7.1357782484, 51.1663837527, 0.0], [7.1357454784, 51.1663058146, 0.0], [7.1355440327, 51.1662122857, 0.0], [7.1353761372, 51.1661773527, 0.0], [7.1351395078, 51.1661929331, 0.0], [7.1346431413, 51.166288237, 0.0], [7.1341807098, 51.1664324648, 0.0], [7.133886693, 51.1665987327, 0.0], [7.1335506652, 51.1669159333, 0.0], [7.1334658172, 51.1671113435, 0.0], [7.133321835, 51.1673735469, 0.0], [7.1331679877, 51.167625916, 0.0], [7.1330688468, 51.167921092, 0.0], [7.1330299882, 51.1683115794, 0.0], [7.1329720022, 51.168794499, 0.0], [7.1329778227, 51.1689679702, 0.0], [7.1329645768, 51.1691371044, 0.0], [7.1328958262, 51.1694101851, 0.0], [7.1327577705, 51.1698111854, 0.0], [7.1325538269, 51.1702554856, 0.0], [7.1324626895, 51.1704475678, 119.56]]}}, {"type": "Feature", "id": "https://registry.gdi-de.org/de.nw/radnetz/instances/Section_Wuppertal_1223189_359", "name": " (ex-nw:Section_Wuppertal_1223189_359)", "dateprops": [], "properties": {"https://registry.gdi-de.org/up3/ontology/quell-ID": "1223189", "https://registry.gdi-de.org/up3/ontology/steigung": "2.500676", "https://registry.gdi-de.org/up3/ontology/strecken-ID": "Section_Wuppertal_1223189_359", "http://rdfs.org/ns/void#inDataset.value": "4635"}, "geometry": {"type": "LineString", "coordinates": [[7.1070754351, 51.2350803766, 218.87], [7.1073603252, 51.2347451252, 0.0], [7.1076136076, 51.2345941054, 0.0], [7.1079505198, 51.2344121214, 0.0], [7.1085936941, 51.2342932563, 0.0], [7.1090184263, 51.2342290264, 0.0], [7.109379841, 51.2342025506, 0.0], [7.109790313, 51.2342350351, 0.0], [7.1102812391, 51.2343140604, 0.0], [7.1108615858, 51.2344720847, 0.0], [7.1111778799, 51.2345418224, 0.0], [7.1114332376, 51.2345911872, 0.0], [7.1117606143, 51.2346417128, 0.0], [7.1129606545, 51.2347515565, 0.0], [7.11356503, 51.2348259342, 0.0], [7.1141498865, 51.2348741405, 0.0], [7.1146946452, 51.2348958461, 0.0], [7.1151985161, 51.234910427, 0.0], [7.115672578, 51.2348986722, 0.0], [7.1159313719, 51.234864061, 0.0], [7.1162629772, 51.2348112312, 0.0], [7.1165750607, 51.2347322335, 0.0], [7.116793492, 51.2346775814, 0.0], [7.1169807928, 51.2346288904, 0.0], [7.1170947576, 51.2346113342, 0.0], [7.1173118679, 51.234588975, 0.0], [7.1176221027, 51.2345551878, 0.0], [7.1179510679, 51.2345669429, 0.0], [7.1182388797, 51.2345780345, 239.75]]}}, {"type": "Feature", "id": "https://registry.gdi-de.org/de.nw/radnetz/instances/Section_Wuppertal_1226192_546_left", "name": " (ex-nw:Section_Wuppertal_1226192_546_left)", "dateprops": [], "properties": {"https://registry.gdi-de.org/up3/ontology/quell-ID": "1226192", "https://registry.gdi-de.org/up3/ontology/steigung": "0.2606646", "https://registry.gdi-de.org/up3/ontology/strecken-ID": "Section_Wuppertal_1226192_546_left", "http://rdfs.org/ns/void#inDataset.value": "4635"}, "geometry": {"type": "LineString", "coordinates": [[7.102945077, 51.2415863983, 137.71], [7.1029402311, 51.2410690648, 137.86]]}}, {"type": "Feature", "id": "https://registry.gdi-de.org/de.nw/radnetz/instances/Section_Wuppertal_1226619_604_left", "name": " (ex-nw:Section_Wuppertal_1226619_604_left)", "dateprops": [], "properties": {"https://registry.gdi-de.org/up3/ontology/quell-ID": "1226619", "https://registry.gdi-de.org/up3/ontology/steigung": "2.883332", "https://registry.gdi-de.org/up3/ontology/strecken-ID": "Section_Wuppertal_1226619_604_left", "http://rdfs.org/ns/void#inDataset.value": "4635"}, "geometry": {"type": "LineString", "coordinates": [[7.0709059192, 51.2455346521, 199.58], [7.0710245138, 51.2450163728, 0.0], [7.0709843999, 51.2445222787, 0.0], [7.0709851244, 51.2443963199, 203.25]]}}, {"type": "Feature", "id": "https://registry.gdi-de.org/de.nw/radnetz/instances/Section_Wuppertal_1227832_1078", "name": " (ex-nw:Section_Wuppertal_1227832_1078)", "dateprops": [], "properties": {"https://registry.gdi-de.org/up3/ontology/quell-ID": "1227832", "https://registry.gdi-de.org/up3/ontology/steigung": "2.289586", "https://registry.gdi-de.org/up3/ontology/strecken-ID": "Section_Wuppertal_1227832_1078", "http://rdfs.org/ns/void#inDataset.value": "4635"}, "geometry": {"type": "LineString", "coordinates": [[7.1454799588, 51.2648841912, 0.0], [7.145623651, 51.2642109011, 0.0]]}}, {"type": "Feature", "id": "https://registry.gdi-de.org/de.nw/radnetz/instances/Section_Wuppertal_1225881_1043_right", "name": " (ex-nw:Section_Wuppertal_1225881_1043_right)", "dateprops": [], "properties": {"https://registry.gdi-de.org/up3/ontology/quell-ID": "1225881", "https://registry.gdi-de.org/up3/ontology/steigung": "6.695088", "https://registry.gdi-de.org/up3/ontology/strecken-ID": "Section_Wuppertal_1225881_1043_right", "http://rdfs.org/ns/void#inDataset.value": "4635"}, "geometry": {"type": "LineString", "coordinates": [[7.1310598602, 51.2735139466, 0.0], [7.1310593317, 51.2735391207, 0.0], [7.1309731828, 51.2736955526, 0.0]]}}, {"type": "Feature", "id": "https://registry.gdi-de.org/de.nw/radnetz/instances/Section_Wuppertal_1223149_351", "name": " (ex-nw:Section_Wuppertal_1223149_351)", "dateprops": [], "properties": {"https://registry.gdi-de.org/up3/ontology/quell-ID": "1223149", "https://registry.gdi-de.org/up3/ontology/steigung": "1.218972", "https://registry.gdi-de.org/up3/ontology/strecken-ID": "Section_Wuppertal_1223149_351", "http://rdfs.org/ns/void#inDataset.value": "4635"}, "geometry": {"type": "LineString", "coordinates": [[7.2415105692, 51.2840347984, 197.2], [7.2419653465, 51.2838091994, 0.0], [7.2423917079, 51.2836553182, 0.0], [7.2428938038, 51.28346121, 0.0], [7.2434106012, 51.2833138536, 0.0], [7.2439846799, 51.2831776943, 0.0], [7.2446817651, 51.2830588887, 0.0], [7.2450543364, 51.2830179417, 0.0], [7.2454514298, 51.2829825301, 0.0], [7.2460292112, 51.2829653368, 0.0], [7.2463752897, 51.2829705218, 0.0], [7.2467710042, 51.2829712792, 0.0], [7.2472481361, 51.2829991065, 0.0], [7.2476669971, 51.2830415697, 0.0], [7.2481833625, 51.2831216846, 0.0], [7.248534733, 51.2832044987, 0.0], [7.2487724074, 51.283254899, 203.77]]}}, {"type": "Feature", "id": "https://registry.gdi-de.org/de.nw/radnetz/instances/Section_Wuppertal_10696_222", "name": " (ex-nw:Section_Wuppertal_10696_222)", "dateprops": [], "properties": {"https://registry.gdi-de.org/up3/ontology/quell-ID": "10696", "https://registry.gdi-de.org/up3/ontology/steigung": "0.1596888", "https://registry.gdi-de.org/up3/ontology/strecken-ID": "Section_Wuppertal_10696_222", "http://rdfs.org/ns/void#inDataset.value": "4635"}, "geometry": {"type": "LineString", "coordinates": [[7.1530130508, 51.2587812818, 146.11], [7.1523018569, 51.2588422596, 146.19]]}}, {"type": "Feature", "id": "https://registry.gdi-de.org/de.nw/radnetz/instances/Section_Wuppertal_1229915_813", "name": " (ex-nw:Section_Wuppertal_1229915_813)", "dateprops": [], "properties": {"https://registry.gdi-de.org/up3/ontology/quell-ID": "1229915", "https://registry.gdi-de.org/up3/ontology/steigung": "0.1466197", "https://registry.gdi-de.org/up3/ontology/strecken-ID": "Section_Wuppertal_1229915_813", "http://rdfs.org/ns/void#inDataset.value": "4635"}, "geometry": {"type": "LineString", "coordinates": [[7.1906457665, 51.272437548, 181.31], [7.190254795, 51.2724340432, 181.35]]}}, {"type": "Feature", "id": "https://registry.gdi-de.org/de.nw/radnetz/instances/Section_Wuppertal_1230093_859", "name": " (ex-nw:Section_Wuppertal_1230093_859)", "dateprops": [], "properties": {"https://registry.gdi-de.org/up3/ontology/quell-ID": "1230093", "https://registry.gdi-de.org/up3/ontology/steigung": "0.02351263", "https://registry.gdi-de.org/up3/ontology/strecken-ID": "Section_Wuppertal_1230093_859", "http://rdfs.org/ns/void#inDataset.value": "4635"}, "geometry": {"type": "LineString", "coordinates": [[7.1604629559, 51.2674630581, 0.0], [7.1610140578, 51.2676263745, 0.0]]}}, {"type": "Feature", "id": "https://registry.gdi-de.org/de.nw/radnetz/instances/Section_Wuppertal_12097_254_right", "name": " (ex-nw:Section_Wuppertal_12097_254_right)", "dateprops": [], "properties": {"https://registry.gdi-de.org/up3/ontology/quell-ID": "12097", "https://registry.gdi-de.org/up3/ontology/steigung": "0.2932968", "https://registry.gdi-de.org/up3/ontology/strecken-ID": "Section_Wuppertal_12097_254_right", "http://rdfs.org/ns/void#inDataset.value": "4635"}, "geometry": {"type": "LineString", "coordinates": [[7.2341186189, 51.2668296687, 165.03], [7.2340936279, 51.266094165, 165.27]]}}, {"type": "Feature", "id": "https://registry.gdi-de.org/de.nw/radnetz/instances/Section_Wuppertal_7861_162_left", "name": " (ex-nw:Section_Wuppertal_7861_162_left)", "dateprops": [], "properties": {"https://registry.gdi-de.org/up3/ontology/quell-ID": "7861", "https://registry.gdi-de.org/up3/ontology/steigung": "0.03753862", "https://registry.gdi-de.org/up3/ontology/strecken-ID": "Section_Wuppertal_7861_162_left", "http://rdfs.org/ns/void#inDataset.value": "4635"}, "geometry": {"type": "LineString", "coordinates": [[7.089953447, 51.2364139932, 136.93], [7.0893794992, 51.2360983904, 136.95]]}}, {"type": "Feature", "id": "https://registry.gdi-de.org/de.nw/radnetz/instances/Section_Wuppertal_3953_94", "name": " (ex-nw:Section_Wuppertal_3953_94)", "dateprops": [], "properties": {"https://registry.gdi-de.org/up3/ontology/quell-ID": "3953", "https://registry.gdi-de.org/up3/ontology/steigung": "1.690726", "https://registry.gdi-de.org/up3/ontology/strecken-ID": "Section_Wuppertal_3953_94", "http://rdfs.org/ns/void#inDataset.value": "4635"}, "geometry": {"type": "LineString", "coordinates": [[7.1607928457, 51.2575611741, 146.39], [7.1619243207, 51.2580395689, 148.0]]}}, {"type": "Feature", "id": "https://registry.gdi-de.org/de.nw/radnetz/instances/Section_Wuppertal_1225167_883_left", "name": " (ex-nw:Section_Wuppertal_1225167_883_left)", "dateprops": [], "properties": {"https://registry.gdi-de.org/up3/ontology/quell-ID": "1225167", "https://registry.gdi-de.org/up3/ontology/steigung": "1.021987", "https://registry.gdi-de.org/up3/ontology/strecken-ID": "Section_Wuppertal_1225167_883_left", "http://rdfs.org/ns/void#inDataset.value": "4635"}, "geometry": {"type": "LineString", "coordinates": [[7.146538349, 51.2553501562, 144.86], [7.1468369659, 51.2552488212, 0.0], [7.1476521332, 51.2554794159, 145.74]]}}, {"type": "Feature", "id": "https://registry.gdi-de.org/de.nw/radnetz/instances/Section_Wuppertal_9997_208", "name": " (ex-nw:Section_Wuppertal_9997_208)", "dateprops": [], "properties": {"https://registry.gdi-de.org/up3/ontology/quell-ID": "9997", "https://registry.gdi-de.org/up3/ontology/steigung": "0.4217657", "https://registry.gdi-de.org/up3/ontology/strecken-ID": "Section_Wuppertal_9997_208", "http://rdfs.org/ns/void#inDataset.value": "4635"}, "geometry": {"type": "LineString", "coordinates": [[7.1655169168, 51.2115187302, 184.15], [7.1654299348, 51.2114746523, 0.0], [7.1653209146, 51.2111251753, 184.35]]}}, {"type": "Feature", "id": "https://registry.gdi-de.org/de.nw/radnetz/instances/Section_Wuppertal_3067_72", "name": " (ex-nw:Section_Wuppertal_3067_72)", "dateprops": [], "properties": {"https://registry.gdi-de.org/up3/ontology/quell-ID": "3067", "https://registry.gdi-de.org/up3/ontology/steigung": "1.535519", "https://registry.gdi-de.org/up3/ontology/strecken-ID": "Section_Wuppertal_3067_72", "http://rdfs.org/ns/void#inDataset.value": "4635"}, "geometry": {"type": "LineString", "coordinates": [[7.2687265697, 51.2540237266, 180.64], [7.268853472, 51.2539504386, 0.0], [7.269161834, 51.2538218132, 0.0], [7.2697712622, 51.253707565, 0.0], [7.2699626779, 51.25363886, 0.0], [7.2703363656, 51.2532628908, 0.0], [7.270594213, 51.2529957137, 183.43]]}}, {"type": "Feature", "id": "https://registry.gdi-de.org/de.nw/radnetz/instances/Section_Wuppertal_1229731_753", "name": " (ex-nw:Section_Wuppertal_1229731_753)", "dateprops": [], "properties": {"https://registry.gdi-de.org/up3/ontology/quell-ID": "1229731", "https://registry.gdi-de.org/up3/ontology/steigung": "1.648313", "https://registry.gdi-de.org/up3/ontology/strecken-ID": "Section_Wuppertal_1229731_753", "http://rdfs.org/ns/void#inDataset.value": "4635"}, "geometry": {"type": "LineString", "coordinates": [[7.1105493575, 51.2864643976, 251.2], [7.1109281397, 51.2858545221, 252.4]]}}, {"type": "Feature", "id": "https://registry.gdi-de.org/de.nw/radnetz/instances/Section_Wuppertal_1229744_757", "name": " (ex-nw:Section_Wuppertal_1229744_757)", "dateprops": [], "properties": {"https://registry.gdi-de.org/up3/ontology/quell-ID": "1229744", "https://registry.gdi-de.org/up3/ontology/steigung": "1.275377", "https://registry.gdi-de.org/up3/ontology/strecken-ID": "Section_Wuppertal_1229744_757", "http://rdfs.org/ns/void#inDataset.value": "4635"}, "geometry": {"type": "LineString", "coordinates": [[7.1911628135, 51.2416841659, 341.48], [7.1914766835, 51.2413447212, 0.0], [7.1917145331, 51.2410276826, 0.0], [7.1919998362, 51.2406500645, 0.0], [7.1921487946, 51.2404920083, 0.0], [7.1923431751, 51.2403252217, 0.0], [7.1925692538, 51.2401164769, 0.0], [7.1927495367, 51.2399258892, 0.0], [7.1928519577, 51.2398048448, 0.0], [7.1930044202, 51.2395572308, 0.0], [7.1931753438, 51.2394136623, 0.0], [7.1934197443, 51.2392012004, 345.55]]}}, {"type": "Feature", "id": "https://registry.gdi-de.org/de.nw/radnetz/instances/Section_Wuppertal_1226207_896", "name": " (ex-nw:Section_Wuppertal_1226207_896)", "dateprops": [], "properties": {"https://registry.gdi-de.org/up3/ontology/quell-ID": "1226207", "https://registry.gdi-de.org/up3/ontology/steigung": "1.305185", "https://registry.gdi-de.org/up3/ontology/strecken-ID": "Section_Wuppertal_1226207_896", "http://rdfs.org/ns/void#inDataset.value": "4635"}, "geometry": {"type": "LineString", "coordinates": [[7.2441659638, 51.2809743917, 174.81], [7.2456249391, 51.280928781, 176.14]]}}, {"type": "Feature", "id": "https://registry.gdi-de.org/de.nw/radnetz/instances/Section_Wuppertal_1861_40", "name": " (ex-nw:Section_Wuppertal_1861_40)", "dateprops": [], "properties": {"https://registry.gdi-de.org/up3/ontology/quell-ID": "1861", "https://registry.gdi-de.org/up3/ontology/steigung": "0.5152984", "https://registry.gdi-de.org/up3/ontology/strecken-ID": "Section_Wuppertal_1861_40", "http://rdfs.org/ns/void#inDataset.value": "4635"}, "geometry": {"type": "LineString", "coordinates": [[7.1536233093, 51.2348017245, 326.4], [7.1535560672, 51.2347461524, 326.44]]}}, {"type": "Feature", "id": "https://registry.gdi-de.org/de.nw/radnetz/instances/Section_Wuppertal_3478_84_right", "name": " (ex-nw:Section_Wuppertal_3478_84_right)", "dateprops": [], "properties": {"https://registry.gdi-de.org/up3/ontology/quell-ID": "3478", "https://registry.gdi-de.org/up3/ontology/steigung": "0.5669668", "https://registry.gdi-de.org/up3/ontology/strecken-ID": "Section_Wuppertal_3478_84_right", "http://rdfs.org/ns/void#inDataset.value": "4635"}, "geometry": {"type": "LineString", "coordinates": [[7.2340490174, 51.2607345285, 168.18], [7.233582713, 51.2601628027, 0.0], [7.23312816, 51.2593302614, 169.14]]}}, {"type": "Feature", "id": "https://registry.gdi-de.org/de.nw/radnetz/instances/Section_Wuppertal_4465_102_left", "name": " (ex-nw:Section_Wuppertal_4465_102_left)", "dateprops": [], "properties": {"https://registry.gdi-de.org/up3/ontology/quell-ID": "4465", "https://registry.gdi-de.org/up3/ontology/steigung": "5.60221", "https://registry.gdi-de.org/up3/ontology/strecken-ID": "Section_Wuppertal_4465_102_left", "http://rdfs.org/ns/void#inDataset.value": "4635"}, "geometry": {"type": "LineString", "coordinates": [[7.0862042043, 51.2467821136, 155.59], [7.0858864654, 51.2465912808, 157.31]]}}, {"type": "Feature", "id": "https://registry.gdi-de.org/de.nw/radnetz/instances/Section_Wuppertal_1224000_400_left", "name": " (ex-nw:Section_Wuppertal_1224000_400_left)", "dateprops": [], "properties": {"https://registry.gdi-de.org/up3/ontology/quell-ID": "1224000", "https://registry.gdi-de.org/up3/ontology/steigung": "2.220999", "https://registry.gdi-de.org/up3/ontology/strecken-ID": "Section_Wuppertal_1224000_400_left", "http://rdfs.org/ns/void#inDataset.value": "4635"}, "geometry": {"type": "LineString", "coordinates": [[7.1019835287, 51.2675875999, 237.25], [7.1016184966, 51.2673034025, 0.0], [7.0993049121, 51.2658240741, 0.0], [7.0990831877, 51.2655385042, 0.0], [7.0990946376, 51.2653914829, 244.42]]}}, {"type": "Feature", "id": "https://registry.gdi-de.org/de.nw/radnetz/instances/Section_Wuppertal_1230065_846", "name": " (ex-nw:Section_Wuppertal_1230065_846)", "dateprops": [], "properties": {"https://registry.gdi-de.org/up3/ontology/quell-ID": "1230065", "https://registry.gdi-de.org/up3/ontology/steigung": "1.307058", "https://registry.gdi-de.org/up3/ontology/strecken-ID": "Section_Wuppertal_1230065_846", "http://rdfs.org/ns/void#inDataset.value": "4635"}, "geometry": {"type": "LineString", "coordinates": [[7.0507381282, 51.2868596429, 0.0], [7.0526242476, 51.2869607663, 0.0], [7.0533572002, 51.2871589054, 0.0], [7.0545297428, 51.2874805621, 0.0], [7.0559468248, 51.2879767135, 0.0]]}}, {"type": "Feature", "id": "https://registry.gdi-de.org/de.nw/radnetz/instances/Section_Wuppertal_649_15", "name": " (ex-nw:Section_Wuppertal_649_15)", "dateprops": [], "properties": {"https://registry.gdi-de.org/up3/ontology/quell-ID": "649", "https://registry.gdi-de.org/up3/ontology/steigung": "1.006701", "https://registry.gdi-de.org/up3/ontology/strecken-ID": "Section_Wuppertal_649_15", "http://rdfs.org/ns/void#inDataset.value": "4635"}, "geometry": {"type": "LineString", "coordinates": [[7.2447279586, 51.2380104788, 233.12], [7.2457438066, 51.2371059302, 0.0], [7.2462243759, 51.2365247505, 0.0], [7.2466728346, 51.2362557524, 0.0], [7.247059325, 51.2357212886, 0.0], [7.2471221606, 51.2353970127, 0.0], [7.2471403732, 51.2345604946, 0.0], [7.2473079793, 51.2343529709, 0.0], [7.2473920551, 51.2341727902, 0.0], [7.2474514565, 51.2339458474, 0.0], [7.2473837755, 51.2336938073, 0.0], [7.2471963589, 51.2333736877, 0.0], [7.2471488606, 51.2331437641, 0.0], [7.2470381588, 51.2328180441, 0.0], [7.2468784106, 51.2324912311, 239.9]]}}, {"type": "Feature", "id": "https://registry.gdi-de.org/de.nw/radnetz/instances/Section_Wuppertal_1228831_722", "name": " (ex-nw:Section_Wuppertal_1228831_722)", "dateprops": [], "properties": {"https://registry.gdi-de.org/up3/ontology/quell-ID": "1228831", "https://registry.gdi-de.org/up3/ontology/steigung": "5.539941", "https://registry.gdi-de.org/up3/ontology/strecken-ID": "Section_Wuppertal_1228831_722", "http://rdfs.org/ns/void#inDataset.value": "4635"}, "geometry": {"type": "LineString", "coordinates": [[7.1807162762, 51.2430558182, 326.63], [7.1815477489, 51.243119768, 329.87]]}}, {"type": "Feature", "id": "https://registry.gdi-de.org/de.nw/radnetz/instances/Section_Wuppertal_6850_887_left", "name": " (ex-nw:Section_Wuppertal_6850_887_left)", "dateprops": [], "properties": {"https://registry.gdi-de.org/up3/ontology/quell-ID": "6850", "https://registry.gdi-de.org/up3/ontology/steigung": "2.611713", "https://registry.gdi-de.org/up3/ontology/strecken-ID": "Section_Wuppertal_6850_887_left", "http://rdfs.org/ns/void#inDataset.value": "4635"}, "geometry": {"type": "LineString", "coordinates": [[7.1460199536, 51.2666073462, 169.53], [7.1451539744, 51.2663551478, 171.27]]}}, {"type": "Feature", "id": "https://registry.gdi-de.org/de.nw/radnetz/instances/Section_Wuppertal_1223449_914", "name": " (ex-nw:Section_Wuppertal_1223449_914)", "dateprops": [], "properties": {"https://registry.gdi-de.org/up3/ontology/quell-ID": "1223449", "https://registry.gdi-de.org/up3/ontology/steigung": "6.945754", "https://registry.gdi-de.org/up3/ontology/strecken-ID": "Section_Wuppertal_1223449_914", "http://rdfs.org/ns/void#inDataset.value": "4635"}, "geometry": {"type": "LineString", "coordinates": [[7.2207129166, 51.2193454008, 275.88], [7.2173887237, 51.2214002281, 298.51]]}}, {"type": "Feature", "id": "https://registry.gdi-de.org/de.nw/radnetz/instances/Section_Wuppertal_1058_26", "name": " (ex-nw:Section_Wuppertal_1058_26)", "dateprops": [], "properties": {"https://registry.gdi-de.org/up3/ontology/quell-ID": "1058", "https://registry.gdi-de.org/up3/ontology/steigung": "4.235378", "https://registry.gdi-de.org/up3/ontology/strecken-ID": "Section_Wuppertal_1058_26", "http://rdfs.org/ns/void#inDataset.value": "4635"}, "geometry": {"type": "LineString", "coordinates": [[7.2452086515, 51.2313453104, 247.11], [7.2450332588, 51.2312116314, 0.0], [7.2446098299, 51.2308283578, 0.0], [7.2445909332, 51.2307067769, 0.0], [7.2445552213, 51.230362373, 0.0], [7.2446445015, 51.229877057, 0.0], [7.2445226123, 51.2296046652, 0.0], [7.2442565005, 51.22930915, 0.0], [7.2438039954, 51.2289380857, 259.76]]}}, {"type": "Feature", "id": "https://registry.gdi-de.org/de.nw/radnetz/instances/Section_Wuppertal_1229646_918", "name": " (ex-nw:Section_Wuppertal_1229646_918)", "dateprops": [], "properties": {"https://registry.gdi-de.org/up3/ontology/quell-ID": "1229646", "https://registry.gdi-de.org/up3/ontology/steigung": "1.03239", "https://registry.gdi-de.org/up3/ontology/strecken-ID": "Section_Wuppertal_1229646_918", "http://rdfs.org/ns/void#inDataset.value": "4635"}, "geometry": {"type": "LineString", "coordinates": [[7.2488787398, 51.311802704, 321.1], [7.2488517768, 51.3119497776, 321.27]]}}, {"type": "Feature", "id": "https://registry.gdi-de.org/de.nw/radnetz/instances/Section_Wuppertal_1397_968", "name": " (ex-nw:Section_Wuppertal_1397_968)", "dateprops": [], "properties": {"https://registry.gdi-de.org/up3/ontology/quell-ID": "1397", "https://registry.gdi-de.org/up3/ontology/steigung": "1.894579", "https://registry.gdi-de.org/up3/ontology/strecken-ID": "Section_Wuppertal_1397_968", "http://rdfs.org/ns/void#inDataset.value": "4635"}, "geometry": {"type": "LineString", "coordinates": [[7.1996268116, 51.2222033951, 264.28], [7.1993522503, 51.2226556709, 0.0]]}}, {"type": "Feature", "id": "https://registry.gdi-de.org/de.nw/radnetz/instances/Section_Wuppertal_1223618_380_right", "name": " (ex-nw:Section_Wuppertal_1223618_380_right)", "dateprops": [], "properties": {"https://registry.gdi-de.org/up3/ontology/quell-ID": "1223618", "https://registry.gdi-de.org/up3/ontology/steigung": "3.654552", "https://registry.gdi-de.org/up3/ontology/strecken-ID": "Section_Wuppertal_1223618_380_right", "http://rdfs.org/ns/void#inDataset.value": "4635"}, "geometry": {"type": "LineString", "coordinates": [[7.0634092182, 51.2309016953, 184.45], [7.0630023523, 51.2312693878, 186.27]]}}, {"type": "Feature", "id": "https://registry.gdi-de.org/de.nw/radnetz/instances/Section_Wuppertal_1223120_338", "name": " (ex-nw:Section_Wuppertal_1223120_338)", "dateprops": [], "properties": {"https://registry.gdi-de.org/up3/ontology/quell-ID": "1223120", "https://registry.gdi-de.org/up3/ontology/steigung": "0.06209271", "https://registry.gdi-de.org/up3/ontology/strecken-ID": "Section_Wuppertal_1223120_338", "http://rdfs.org/ns/void#inDataset.value": "4635"}, "geometry": {"type": "LineString", "coordinates": [[7.2226869142, 51.2791783806, 188.8], [7.2229274489, 51.279298126, 0.0], [7.2231081772, 51.2794001425, 0.0], [7.2233144756, 51.279523228, 0.0], [7.2233552168, 51.2795724706, 188.84]]}}, {"type": "Feature", "id": "https://registry.gdi-de.org/de.nw/radnetz/instances/Section_Wuppertal_1225649_492_right", "name": " (ex-nw:Section_Wuppertal_1225649_492_right)", "dateprops": [], "properties": {"https://registry.gdi-de.org/up3/ontology/quell-ID": "1225649", "https://registry.gdi-de.org/up3/ontology/steigung": "0.5740476", "https://registry.gdi-de.org/up3/ontology/strecken-ID": "Section_Wuppertal_1225649_492_right", "http://rdfs.org/ns/void#inDataset.value": "4635"}, "geometry": {"type": "LineString", "coordinates": [[7.2332789948, 51.2670121723, 164.67], [7.2334629328, 51.2669427527, 0.0], [7.2338051801, 51.2668595911, 0.0], [7.2341186189, 51.2668296687, 165.03]]}}, {"type": "Feature", "id": "https://registry.gdi-de.org/de.nw/radnetz/instances/Section_Wuppertal_1230071_849", "name": " (ex-nw:Section_Wuppertal_1230071_849)", "dateprops": [], "properties": {"https://registry.gdi-de.org/up3/ontology/quell-ID": "1230071", "https://registry.gdi-de.org/up3/ontology/steigung": "2.037833", "https://registry.gdi-de.org/up3/ontology/strecken-ID": "Section_Wuppertal_1230071_849", "http://rdfs.org/ns/void#inDataset.value": "4635"}, "geometry": {"type": "LineString", "coordinates": [[7.0217047775, 51.2931051622, 0.0], [7.0234004808, 51.292465559, 0.0], [7.0244441312, 51.2919020917, 0.0], [7.0258193579, 51.2911698817, 0.0], [7.0266852037, 51.2904290696, 0.0], [7.0283478371, 51.2883942323, 0.0], [7.02959021, 51.2875144688, 0.0], [7.0334848694, 51.2852846771, 0.0], [7.0358104905, 51.2839872289, 0.0], [7.0370204119, 51.2838622543, 0.0], [7.0386420524, 51.2838603844, 0.0], [7.040122329, 51.2839142337, 0.0], [7.0412686447, 51.28419491, 0.0], [7.042451395, 51.2847086189, 0.0], [7.0436841727, 51.2851359889, 0.0], [7.0450120369, 51.2855068252, 0.0], [7.0466214184, 51.2857951817, 0.0], [7.0475375543, 51.2860429002, 0.0], [7.0484487762, 51.2864067467, 0.0], [7.0490408325, 51.2866490506, 0.0], [7.0507381282, 51.2868596429, 0.0]]}}, {"type": "Feature", "id": "https://registry.gdi-de.org/de.nw/radnetz/instances/Section_Wuppertal_1226366_907_right", "name": " (ex-nw:Section_Wuppertal_1226366_907_right)", "dateprops": [], "properties": {"https://registry.gdi-de.org/up3/ontology/quell-ID": "1226366", "https://registry.gdi-de.org/up3/ontology/steigung": "1.539365", "https://registry.gdi-de.org/up3/ontology/strecken-ID": "Section_Wuppertal_1226366_907_right", "http://rdfs.org/ns/void#inDataset.value": "4635"}, "geometry": {"type": "LineString", "coordinates": [[7.0599754248, 51.2537789893, 179.77], [7.0598898951, 51.2538570265, 0.0], [7.059771946, 51.2539119558, 180.09]]}}, {"type": "Feature", "id": "https://registry.gdi-de.org/de.nw/radnetz/instances/Section_Wuppertal_3572_87", "name": " (ex-nw:Section_Wuppertal_3572_87)", "dateprops": [], "properties": {"https://registry.gdi-de.org/up3/ontology/quell-ID": "3572", "https://registry.gdi-de.org/up3/ontology/steigung": "3.352946", "https://registry.gdi-de.org/up3/ontology/strecken-ID": "Section_Wuppertal_3572_87", "http://rdfs.org/ns/void#inDataset.value": "4635"}, "geometry": {"type": "LineString", "coordinates": [[7.2647706715, 51.209906914, 288.22], [7.2648665104, 51.2099470478, 0.0], [7.2655300438, 51.2101376375, 0.0], [7.2661213074, 51.2103020303, 0.0], [7.2669108978, 51.2103923677, 0.0], [7.2675172179, 51.2105835571, 0.0], [7.2685194438, 51.2105996569, 0.0], [7.2692036889, 51.2105023506, 0.0], [7.2698970582, 51.2102161611, 0.0], [7.2712500128, 51.2099767338, 0.0], [7.2716856546, 51.2102057142, 0.0], [7.2721348636, 51.2104075778, 0.0], [7.2727020014, 51.2107340025, 0.0], [7.2739312273, 51.2111970314, 0.0], [7.2749544792, 51.2114555527, 0.0], [7.2753201071, 51.2117392169, 0.0], [7.2756691959, 51.2119421501, 0.0], [7.2762449676, 51.212061715, 0.0], [7.2766177047, 51.2120846141, 0.0], [7.2779646736, 51.2120473482, 322.71]]}}, {"type": "Feature", "id": "https://registry.gdi-de.org/de.nw/radnetz/instances/Section_Wuppertal_8213_169", "name": " (ex-nw:Section_Wuppertal_8213_169)", "dateprops": [], "properties": {"https://registry.gdi-de.org/up3/ontology/quell-ID": "8213", "https://registry.gdi-de.org/up3/ontology/steigung": "0.9338121", "https://registry.gdi-de.org/up3/ontology/strecken-ID": "Section_Wuppertal_8213_169", "http://rdfs.org/ns/void#inDataset.value": "4635"}, "geometry": {"type": "LineString", "coordinates": [[7.2161149131, 51.2748833662, 158.91], [7.2166515564, 51.2749999563, 159.28]]}}, {"type": "Feature", "id": "https://registry.gdi-de.org/de.nw/radnetz/instances/Section_Wuppertal_1229827_784", "name": " (ex-nw:Section_Wuppertal_1229827_784)", "dateprops": [], "properties": {"https://registry.gdi-de.org/up3/ontology/quell-ID": "1229827", "https://registry.gdi-de.org/up3/ontology/steigung": "0.07755508", "https://registry.gdi-de.org/up3/ontology/strecken-ID": "Section_Wuppertal_1229827_784", "http://rdfs.org/ns/void#inDataset.value": "4635"}, "geometry": {"type": "LineString", "coordinates": [[7.2376857966, 51.2789862092, 171.82], [7.2376166242, 51.2788787106, 171.83]]}}, {"type": "Feature", "id": "https://registry.gdi-de.org/de.nw/radnetz/instances/Section_Wuppertal_9625_935_right", "name": " (ex-nw:Section_Wuppertal_9625_935_right)", "dateprops": [], "properties": {"https://registry.gdi-de.org/up3/ontology/quell-ID": "9625", "https://registry.gdi-de.org/up3/ontology/steigung": "1.389572", "https://registry.gdi-de.org/up3/ontology/strecken-ID": "Section_Wuppertal_9625_935_right", "http://rdfs.org/ns/void#inDataset.value": "4635"}, "geometry": {"type": "LineString", "coordinates": [[7.0722308478, 51.226644381, 195.63], [7.0719906556, 51.2264412129, 0.0], [7.0715728596, 51.2262890298, 0.0], [7.0710212129, 51.2262723655, 0.0], [7.0695182387, 51.2265798333, 198.56]]}}, {"type": "Feature", "id": "https://registry.gdi-de.org/de.nw/radnetz/instances/Section_Wuppertal_1226322_560_right", "name": " (ex-nw:Section_Wuppertal_1226322_560_right)", "dateprops": [], "properties": {"https://registry.gdi-de.org/up3/ontology/quell-ID": "1226322", "https://registry.gdi-de.org/up3/ontology/steigung": "4.861471", "https://registry.gdi-de.org/up3/ontology/strecken-ID": "Section_Wuppertal_1226322_560_right", "http://rdfs.org/ns/void#inDataset.value": "4635"}, "geometry": {"type": "LineString", "coordinates": [[7.1313840993, 51.2024846941, 276.83], [7.1313749493, 51.2025843906, 277.37]]}}, {"type": "Feature", "id": "https://registry.gdi-de.org/de.nw/radnetz/instances/Section_Wuppertal_1229936_818", "name": " (ex-nw:Section_Wuppertal_1229936_818)", "dateprops": [], "properties": {"https://registry.gdi-de.org/up3/ontology/quell-ID": "1229936", "https://registry.gdi-de.org/up3/ontology/steigung": "2.050243", "https://registry.gdi-de.org/up3/ontology/strecken-ID": "Section_Wuppertal_1229936_818", "http://rdfs.org/ns/void#inDataset.value": "4635"}, "geometry": {"type": "LineString", "coordinates": [[7.1665015746, 51.2020621844, 162.21], [7.1662876162, 51.2028087094, 0.0], [7.166333723, 51.2032488592, 0.0], [7.1660898898, 51.2037843331, 0.0], [7.1657491382, 51.2043582346, 0.0], [7.1653186037, 51.2047909093, 0.0], [7.1650405937, 51.2053857674, 0.0], [7.1648912695, 51.2059426951, 0.0], [7.1649627957, 51.2065430346, 0.0], [7.1648563537, 51.2068210003, 0.0], [7.1646903254, 51.206998161, 0.0], [7.1642359153, 51.207230718, 0.0], [7.1640690893, 51.2074278392, 0.0], [7.1638990843, 51.2077048064, 0.0], [7.1635979951, 51.2080795849, 0.0], [7.1634279863, 51.2083565515, 0.0], [7.1629417781, 51.2085886043, 0.0], [7.1627749401, 51.2087857234, 0.0], [7.1626637362, 51.2093931517, 180.41]]}}, {"type": "Feature", "id": "https://registry.gdi-de.org/de.nw/radnetz/instances/Section_Wuppertal_1223128_344", "name": " (ex-nw:Section_Wuppertal_1223128_344)", "dateprops": [], "properties": {"https://registry.gdi-de.org/up3/ontology/quell-ID": "1223128", "https://registry.gdi-de.org/up3/ontology/steigung": "1.184653", "https://registry.gdi-de.org/up3/ontology/strecken-ID": "Section_Wuppertal_1223128_344", "http://rdfs.org/ns/void#inDataset.value": "4635"}, "geometry": {"type": "LineString", "coordinates": [[7.2255289969, 51.2836283248, 189.12], [7.2257953365, 51.2838982992, 0.0], [7.2260373615, 51.2841161138, 0.0], [7.226191312, 51.2842564514, 0.0], [7.2265923147, 51.2846813022, 0.0], [7.2267520199, 51.2848693145, 0.0], [7.2270129618, 51.2851873482, 0.0], [7.2271429433, 51.2853811706, 191.81]]}}, {"type": "Feature", "id": "https://registry.gdi-de.org/de.nw/radnetz/instances/Section_Wuppertal_1223724_384_left", "name": " (ex-nw:Section_Wuppertal_1223724_384_left)", "dateprops": [], "properties": {"https://registry.gdi-de.org/up3/ontology/quell-ID": "1223724", "https://registry.gdi-de.org/up3/ontology/steigung": "1.811313", "https://registry.gdi-de.org/up3/ontology/strecken-ID": "Section_Wuppertal_1223724_384_left", "http://rdfs.org/ns/void#inDataset.value": "4635"}, "geometry": {"type": "LineString", "coordinates": [[7.055167394, 51.2339611437, 206.14], [7.0552631167, 51.2339752533, 0.0], [7.0556123657, 51.2340483056, 206.73]]}}, {"type": "Feature", "id": "https://registry.gdi-de.org/de.nw/radnetz/instances/Section_Wuppertal_1229958_824", "name": " (ex-nw:Section_Wuppertal_1229958_824)", "dateprops": [], "properties": {"https://registry.gdi-de.org/up3/ontology/quell-ID": "1229958", "https://registry.gdi-de.org/up3/ontology/steigung": "0.574645", "https://registry.gdi-de.org/up3/ontology/strecken-ID": "Section_Wuppertal_1229958_824", "http://rdfs.org/ns/void#inDataset.value": "4635"}, "geometry": {"type": "LineString", "coordinates": [[7.1123466655, 51.2450066407, 191.25], [7.1120998023, 51.2450282932, 187.74]]}}, {"type": "Feature", "id": "https://registry.gdi-de.org/de.nw/radnetz/instances/Section_Wuppertal_10099_913", "name": " (ex-nw:Section_Wuppertal_10099_913)", "dateprops": [], "properties": {"https://registry.gdi-de.org/up3/ontology/quell-ID": "10099", "https://registry.gdi-de.org/up3/ontology/steigung": "2.330513", "https://registry.gdi-de.org/up3/ontology/strecken-ID": "Section_Wuppertal_10099_913", "http://rdfs.org/ns/void#inDataset.value": "4635"}, "geometry": {"type": "LineString", "coordinates": [[7.2002483315, 51.2253203886, 268.57], [7.2003282877, 51.2255042118, 0.0], [7.200896042, 51.2264152726, 271.6]]}}, {"type": "Feature", "id": "https://registry.gdi-de.org/de.nw/radnetz/instances/Section_Wuppertal_1230037_841", "name": " (ex-nw:Section_Wuppertal_1230037_841)", "dateprops": [], "properties": {"https://registry.gdi-de.org/up3/ontology/quell-ID": "1230037", "https://registry.gdi-de.org/up3/ontology/steigung": "3.214387", "https://registry.gdi-de.org/up3/ontology/strecken-ID": "Section_Wuppertal_1230037_841", "http://rdfs.org/ns/void#inDataset.value": "4635"}, "geometry": {"type": "LineString", "coordinates": [[7.0279798282, 51.2058374511, 175.94], [7.0290651236, 51.2060707625, 0.0], [7.0320974285, 51.2069818302, 0.0], [7.0344460894, 51.2074397043, 0.0], [7.0349420053, 51.2079593974, 0.0], [7.0348862393, 51.2084000907, 0.0], [7.0344834693, 51.2089743657, 197.58]]}}, {"type": "Feature", "id": "https://registry.gdi-de.org/de.nw/radnetz/instances/Section_Wuppertal_12157_259_right", "name": " (ex-nw:Section_Wuppertal_12157_259_right)", "dateprops": [], "properties": {"https://registry.gdi-de.org/up3/ontology/quell-ID": "12157", "https://registry.gdi-de.org/up3/ontology/steigung": "1.577387", "https://registry.gdi-de.org/up3/ontology/strecken-ID": "Section_Wuppertal_12157_259_right", "http://rdfs.org/ns/void#inDataset.value": "4635"}, "geometry": {"type": "LineString", "coordinates": [[7.1257491443, 51.3017773837, 194.2], [7.1258073996, 51.3013653757, 0.0], [7.1256359932, 51.3008096883, 0.0], [7.1247345251, 51.2997127903, 0.0], [7.1243929763, 51.2992307185, 0.0], [7.1243611086, 51.2985119517, 0.0], [7.1245745057, 51.2977895251, 201.56]]}}, {"type": "Feature", "id": "https://registry.gdi-de.org/de.nw/radnetz/instances/Section_Wuppertal_7639_157", "name": " (ex-nw:Section_Wuppertal_7639_157)", "dateprops": [], "properties": {"https://registry.gdi-de.org/up3/ontology/quell-ID": "7639", "https://registry.gdi-de.org/up3/ontology/steigung": "1.247208", "https://registry.gdi-de.org/up3/ontology/strecken-ID": "Section_Wuppertal_7639_157", "http://rdfs.org/ns/void#inDataset.value": "4635"}, "geometry": {"type": "LineString", "coordinates": [[7.1097991701, 51.2877464084, 252.91], [7.1096027653, 51.2880774434, 253.4]]}}, {"type": "Feature", "id": "https://registry.gdi-de.org/de.nw/radnetz/instances/Section_Wuppertal_1229862_785", "name": " (ex-nw:Section_Wuppertal_1229862_785)", "dateprops": [], "properties": {"https://registry.gdi-de.org/up3/ontology/quell-ID": "1229862", "https://registry.gdi-de.org/up3/ontology/steigung": "0.09946457", "https://registry.gdi-de.org/up3/ontology/strecken-ID": "Section_Wuppertal_1229862_785", "http://rdfs.org/ns/void#inDataset.value": "4635"}, "geometry": {"type": "LineString", "coordinates": [[7.1087234863, 51.2586693226, 176.29], [7.1083921024, 51.2585045837, 0.0], [7.1067769605, 51.257702887, 0.0], [7.1059130418, 51.2572700944, 0.0], [7.1052487313, 51.2569100427, 176.6]]}}, {"type": "Feature", "id": "https://registry.gdi-de.org/de.nw/radnetz/instances/Section_Wuppertal_1223004_298", "name": " (ex-nw:Section_Wuppertal_1223004_298)", "dateprops": [], "properties": {"https://registry.gdi-de.org/up3/ontology/quell-ID": "1223004", "https://registry.gdi-de.org/up3/ontology/steigung": "2.851202", "https://registry.gdi-de.org/up3/ontology/strecken-ID": "Section_Wuppertal_1223004_298", "http://rdfs.org/ns/void#inDataset.value": "4635"}, "geometry": {"type": "LineString", "coordinates": [[7.0988295723, 51.2531091079, 174.83], [7.0988455578, 51.2532654128, 0.0], [7.0984602386, 51.2535659204, 176.55]]}}, {"type": "Feature", "id": "https://registry.gdi-de.org/de.nw/radnetz/instances/Section_Wuppertal_1224866_436_left", "name": " (ex-nw:Section_Wuppertal_1224866_436_left)", "dateprops": [], "properties": {"https://registry.gdi-de.org/up3/ontology/quell-ID": "1224866", "https://registry.gdi-de.org/up3/ontology/steigung": "2.903222", "https://registry.gdi-de.org/up3/ontology/strecken-ID": "Section_Wuppertal_1224866_436_left", "http://rdfs.org/ns/void#inDataset.value": "4635"}, "geometry": {"type": "LineString", "coordinates": [[7.270700372, 51.278553378, 220.86], [7.2710678994, 51.2786353263, 221.65]]}}, {"type": "Feature", "id": "https://registry.gdi-de.org/de.nw/radnetz/instances/Section_Wuppertal_1226629_606", "name": " (ex-nw:Section_Wuppertal_1226629_606)", "dateprops": [], "properties": {"https://registry.gdi-de.org/up3/ontology/quell-ID": "1226629", "https://registry.gdi-de.org/up3/ontology/steigung": "1.475192", "https://registry.gdi-de.org/up3/ontology/strecken-ID": "Section_Wuppertal_1226629_606", "http://rdfs.org/ns/void#inDataset.value": "4635"}, "geometry": {"type": "LineString", "coordinates": [[7.1099484457, 51.287488638, 252.46], [7.1097991701, 51.2877464084, 252.91]]}}, {"type": "Feature", "id": "https://registry.gdi-de.org/de.nw/radnetz/instances/Section_Wuppertal_1223047_316", "name": " (ex-nw:Section_Wuppertal_1223047_316)", "dateprops": [], "properties": {"https://registry.gdi-de.org/up3/ontology/quell-ID": "1223047", "https://registry.gdi-de.org/up3/ontology/steigung": "4.949952", "https://registry.gdi-de.org/up3/ontology/strecken-ID": "Section_Wuppertal_1223047_316", "http://rdfs.org/ns/void#inDataset.value": "4635"}, "geometry": {"type": "LineString", "coordinates": [[7.1500993774, 51.2684984936, 176.53], [7.1501162759, 51.268455529, 0.0], [7.1503743, 51.2684867148, 0.0], [7.1505817888, 51.2684984652, 0.0], [7.1507602686, 51.2684928138, 0.0], [7.1508932029, 51.268477971, 0.0], [7.1509635148, 51.2684756933, 0.0], [7.151192257, 51.2684962498, 0.0], [7.1513839591, 51.2684975835, 0.0], [7.1514099502, 51.2684556374, 0.0], [7.1516910617, 51.2684499112, 0.0], [7.1515828271, 51.2682480147, 183.58]]}}, {"type": "Feature", "id": "https://registry.gdi-de.org/de.nw/radnetz/instances/Section_Wuppertal_1226652_614_right", "name": " (ex-nw:Section_Wuppertal_1226652_614_right)", "dateprops": [], "properties": {"https://registry.gdi-de.org/up3/ontology/quell-ID": "1226652", "https://registry.gdi-de.org/up3/ontology/steigung": "0.3202163", "https://registry.gdi-de.org/up3/ontology/strecken-ID": "Section_Wuppertal_1226652_614_right", "http://rdfs.org/ns/void#inDataset.value": "4635"}, "geometry": {"type": "LineString", "coordinates": [[7.0711398525, 51.2738478023, 158.93], [7.0738443255, 51.2765862591, 0.0], [7.0734837163, 51.2797580245, 167.48]]}}, {"type": "Feature", "id": "https://registry.gdi-de.org/de.nw/radnetz/instances/Section_Wuppertal_1226635_608", "name": " (ex-nw:Section_Wuppertal_1226635_608)", "dateprops": [], "properties": {"https://registry.gdi-de.org/up3/ontology/quell-ID": "1226635", "https://registry.gdi-de.org/up3/ontology/steigung": "0.8100203", "https://registry.gdi-de.org/up3/ontology/strecken-ID": "Section_Wuppertal_1226635_608", "http://rdfs.org/ns/void#inDataset.value": "4635"}, "geometry": {"type": "LineString", "coordinates": [[7.2360355125, 51.2337072088, 300.85], [7.2359817604, 51.2346278125, 301.68]]}}, {"type": "Feature", "id": "https://registry.gdi-de.org/de.nw/radnetz/instances/Section_Wuppertal_1223154_355", "name": " (ex-nw:Section_Wuppertal_1223154_355)", "dateprops": [], "properties": {"https://registry.gdi-de.org/up3/ontology/quell-ID": "1223154", "https://registry.gdi-de.org/up3/ontology/steigung": "0.8269702", "https://registry.gdi-de.org/up3/ontology/strecken-ID": "Section_Wuppertal_1223154_355", "http://rdfs.org/ns/void#inDataset.value": "4635"}, "geometry": {"type": "LineString", "coordinates": [[7.2519066412, 51.2903772954, 216.23], [7.2515960302, 51.2908606436, 0.0], [7.251305216, 51.291352659, 0.0], [7.2510942649, 51.2916959255, 0.0], [7.2508525025, 51.2919818571, 0.0], [7.2505428413, 51.2923184767, 0.0], [7.2502113964, 51.2925772137, 0.0], [7.2498827452, 51.2928405007, 0.0], [7.2494513071, 51.2930828915, 0.0], [7.2489888258, 51.2932827914, 0.0], [7.2484530902, 51.2934919346, 0.0], [7.2480525623, 51.2936152016, 0.0], [7.2475364513, 51.293741908, 0.0], [7.246997184, 51.2938269014, 0.0], [7.2464836275, 51.2938864254, 0.0], [7.2459957786, 51.2939204802, 0.0], [7.2455668625, 51.2939055737, 221.55]]}}, {"type": "Feature", "id": "https://registry.gdi-de.org/de.nw/radnetz/instances/Section_Wuppertal_1226802_632_left", "name": " (ex-nw:Section_Wuppertal_1226802_632_left)", "dateprops": [], "properties": {"https://registry.gdi-de.org/up3/ontology/quell-ID": "1226802", "https://registry.gdi-de.org/up3/ontology/steigung": "1.919627", "https://registry.gdi-de.org/up3/ontology/strecken-ID": "Section_Wuppertal_1226802_632_left", "http://rdfs.org/ns/void#inDataset.value": "4635"}, "geometry": {"type": "LineString", "coordinates": [[7.0844584805, 51.2562373558, 198.57], [7.0840747126, 51.2560962809, 0.0], [7.0837532754, 51.2559330346, 199.72]]}}, {"type": "Feature", "id": "https://registry.gdi-de.org/de.nw/radnetz/instances/Section_Wuppertal_1225375_900", "name": " (ex-nw:Section_Wuppertal_1225375_900)", "dateprops": [], "properties": {"https://registry.gdi-de.org/up3/ontology/quell-ID": "1225375", "https://registry.gdi-de.org/up3/ontology/steigung": "0.9477047", "https://registry.gdi-de.org/up3/ontology/strecken-ID": "Section_Wuppertal_1225375_900", "http://rdfs.org/ns/void#inDataset.value": "4635"}, "geometry": {"type": "LineString", "coordinates": [[7.2354200873, 51.2247565494, 299.85], [7.2353276426, 51.2249070121, 300.02]]}}, {"type": "Feature", "id": "https://registry.gdi-de.org/de.nw/radnetz/instances/Section_Wuppertal_1230063_844", "name": " (ex-nw:Section_Wuppertal_1230063_844)", "dateprops": [], "properties": {"https://registry.gdi-de.org/up3/ontology/quell-ID": "1230063", "https://registry.gdi-de.org/up3/ontology/steigung": "1.921688", "https://registry.gdi-de.org/up3/ontology/strecken-ID": "Section_Wuppertal_1230063_844", "http://rdfs.org/ns/void#inDataset.value": "4635"}, "geometry": {"type": "LineString", "coordinates": [[7.0711300079, 51.285849334, 0.0], [7.0711290346, 51.2858725608, 0.0], [7.0700217576, 51.2866445817, 0.0], [7.0685264842, 51.2869453251, 0.0], [7.0678207567, 51.2869801646, 0.0], [7.0653116784, 51.2875895342, 0.0], [7.0639820116, 51.2883578227, 0.0], [7.0629184421, 51.2889677966, 0.0], [7.0620206211, 51.2891621258, 0.0], [7.0607592168, 51.2891877218, 0.0], [7.0559468248, 51.2879767135, 0.0]]}}, {"type": "Feature", "id": "https://registry.gdi-de.org/de.nw/radnetz/instances/Section_Wuppertal_1223138_347", "name": " (ex-nw:Section_Wuppertal_1223138_347)", "dateprops": [], "properties": {"https://registry.gdi-de.org/up3/ontology/quell-ID": "1223138", "https://registry.gdi-de.org/up3/ontology/steigung": "0.8408549", "https://registry.gdi-de.org/up3/ontology/strecken-ID": "Section_Wuppertal_1223138_347", "http://rdfs.org/ns/void#inDataset.value": "4635"}, "geometry": {"type": "LineString", "coordinates": [[7.2332453114, 51.2885272254, 190.86], [7.2338204227, 51.2884809935, 0.0], [7.2343884702, 51.2884507848, 0.0], [7.2349167988, 51.2883811958, 0.0], [7.2353124511, 51.2882772891, 0.0], [7.2358538011, 51.2881367981, 0.0], [7.236176846, 51.2880447208, 0.0], [7.2364910745, 51.2879137311, 0.0], [7.2368673538, 51.2877772128, 0.0], [7.237247094, 51.2875502626, 0.0], [7.2375105533, 51.2873991169, 0.0], [7.2379979928, 51.2870509884, 0.0], [7.2384167809, 51.286611342, 0.0], [7.2389395563, 51.2861474064, 0.0], [7.2395170354, 51.2856002715, 0.0], [7.2403824867, 51.2847989427, 196.61]]}}, {"type": "Feature", "id": "https://registry.gdi-de.org/de.nw/radnetz/instances/Section_Wuppertal_8401_1032_right", "name": " (ex-nw:Section_Wuppertal_8401_1032_right)", "dateprops": [], "properties": {"https://registry.gdi-de.org/up3/ontology/quell-ID": "8401", "https://registry.gdi-de.org/up3/ontology/steigung": "1.425759", "https://registry.gdi-de.org/up3/ontology/strecken-ID": "Section_Wuppertal_8401_1032_right", "http://rdfs.org/ns/void#inDataset.value": "4635"}, "geometry": {"type": "LineString", "coordinates": [[7.1294805392, 51.2764700039, 0.0], [7.1294690645, 51.2764941775, 0.0]]}}, {"type": "Feature", "id": "https://registry.gdi-de.org/de.nw/radnetz/instances/Section_Wuppertal_1223351_371", "name": " (ex-nw:Section_Wuppertal_1223351_371)", "dateprops": [], "properties": {"https://registry.gdi-de.org/up3/ontology/quell-ID": "1223351", "https://registry.gdi-de.org/up3/ontology/steigung": "2.303896", "https://registry.gdi-de.org/up3/ontology/strecken-ID": "Section_Wuppertal_1223351_371", "http://rdfs.org/ns/void#inDataset.value": "4635"}, "geometry": {"type": "LineString", "coordinates": [[7.1103323869, 51.2374826354, 208.78], [7.1098044718, 51.237463082, 0.0], [7.1093779019, 51.2374528818, 0.0], [7.1090153623, 51.2374238588, 0.0], [7.1085488197, 51.2373600631, 0.0], [7.1081991235, 51.23727499, 0.0], [7.1078459244, 51.2371468404, 0.0], [7.1075930879, 51.2370136948, 0.0], [7.1072854292, 51.2368035515, 0.0], [7.1070877196, 51.2366117319, 0.0], [7.1069784797, 51.2364478165, 0.0], [7.1068696464, 51.23627398, 0.0], [7.1067997262, 51.2360511351, 0.0], [7.1067740929, 51.2359051178, 0.0], [7.1067865571, 51.2357299352, 0.0], [7.1068161809, 51.2355219379, 0.0], [7.1068782571, 51.2353895957, 0.0], [7.106906524, 51.2353293346, 0.0], [7.1069086105, 51.2353248843, 0.0], [7.106943747, 51.2352394149, 0.0], [7.1070754351, 51.2350803766, 218.87]]}}, {"type": "Feature", "id": "https://registry.gdi-de.org/de.nw/radnetz/instances/Section_Wuppertal_1225877_514_right", "name": " (ex-nw:Section_Wuppertal_1225877_514_right)", "dateprops": [], "properties": {"https://registry.gdi-de.org/up3/ontology/quell-ID": "1225877", "https://registry.gdi-de.org/up3/ontology/steigung": "4.275359", "https://registry.gdi-de.org/up3/ontology/strecken-ID": "Section_Wuppertal_1225877_514_right", "http://rdfs.org/ns/void#inDataset.value": "4635"}, "geometry": {"type": "LineString", "coordinates": [[7.2310781383, 51.2565748455, 174.05], [7.2306793006, 51.2569589251, 176.23]]}}, {"type": "Feature", "id": "https://registry.gdi-de.org/de.nw/radnetz/instances/Section_Wuppertal_1227188_678_left", "name": " (ex-nw:Section_Wuppertal_1227188_678_left)", "dateprops": [], "properties": {"https://registry.gdi-de.org/up3/ontology/quell-ID": "1227188", "https://registry.gdi-de.org/up3/ontology/steigung": "2.025483", "https://registry.gdi-de.org/up3/ontology/strecken-ID": "Section_Wuppertal_1227188_678_left", "http://rdfs.org/ns/void#inDataset.value": "4635"}, "geometry": {"type": "LineString", "coordinates": [[7.1068040112, 51.2698012009, 241.17], [7.1064574899, 51.2696360262, 0.0], [7.1060179835, 51.2694088228, 242.59]]}}, {"type": "Feature", "id": "https://registry.gdi-de.org/de.nw/radnetz/instances/Section_Wuppertal_5649_123_left", "name": " (ex-nw:Section_Wuppertal_5649_123_left)", "dateprops": [], "properties": {"https://registry.gdi-de.org/up3/ontology/quell-ID": "5649", "https://registry.gdi-de.org/up3/ontology/steigung": "1.735585", "https://registry.gdi-de.org/up3/ontology/strecken-ID": "Section_Wuppertal_5649_123_left", "http://rdfs.org/ns/void#inDataset.value": "4635"}, "geometry": {"type": "LineString", "coordinates": [[7.1897361331, 51.2674453105, 152.03], [7.1892598408, 51.2672687564, 152.7]]}}, {"type": "Feature", "id": "https://registry.gdi-de.org/de.nw/radnetz/instances/Section_Wuppertal_7193_147_right", "name": " (ex-nw:Section_Wuppertal_7193_147_right)", "dateprops": [], "properties": {"https://registry.gdi-de.org/up3/ontology/quell-ID": "7193", "https://registry.gdi-de.org/up3/ontology/steigung": "2.410806", "https://registry.gdi-de.org/up3/ontology/strecken-ID": "Section_Wuppertal_7193_147_right", "http://rdfs.org/ns/void#inDataset.value": "4635"}, "geometry": {"type": "LineString", "coordinates": [[7.2964255167, 51.2484902522, 200.58], [7.2965579955, 51.2483700263, 0.0], [7.2972533057, 51.2478807302, 202.73]]}}, {"type": "Feature", "id": "https://registry.gdi-de.org/de.nw/radnetz/instances/Section_Wuppertal_1223025_303", "name": " (ex-nw:Section_Wuppertal_1223025_303)", "dateprops": [], "properties": {"https://registry.gdi-de.org/up3/ontology/quell-ID": "1223025", "https://registry.gdi-de.org/up3/ontology/steigung": "0.04835232", "https://registry.gdi-de.org/up3/ontology/strecken-ID": "Section_Wuppertal_1223025_303", "http://rdfs.org/ns/void#inDataset.value": "4635"}, "geometry": {"type": "LineString", "coordinates": [[7.1208253384, 51.2620863965, 176.48], [7.1231959616, 51.262103258, 176.56]]}}, {"type": "Feature", "id": "https://registry.gdi-de.org/de.nw/radnetz/instances/Section_Wuppertal_9748_904_left", "name": " (ex-nw:Section_Wuppertal_9748_904_left)", "dateprops": [], "properties": {"https://registry.gdi-de.org/up3/ontology/quell-ID": "9748", "https://registry.gdi-de.org/up3/ontology/steigung": "4.860031", "https://registry.gdi-de.org/up3/ontology/strecken-ID": "Section_Wuppertal_9748_904_left", "http://rdfs.org/ns/void#inDataset.value": "4635"}, "geometry": {"type": "LineString", "coordinates": [[7.0471288371, 51.25036561, 154.8], [7.0483573306, 51.2508489853, 0.0], [7.0501697407, 51.2518124983, 0.0], [7.0524503186, 51.2525739972, 0.0], [7.0533894198, 51.2529250817, 180.25]]}}, {"type": "Feature", "id": "https://registry.gdi-de.org/de.nw/radnetz/instances/Section_Wuppertal_1225143_449_right", "name": " (ex-nw:Section_Wuppertal_1225143_449_right)", "dateprops": [], "properties": {"https://registry.gdi-de.org/up3/ontology/quell-ID": "1225143", "https://registry.gdi-de.org/up3/ontology/steigung": "4.435522", "https://registry.gdi-de.org/up3/ontology/strecken-ID": "Section_Wuppertal_1225143_449_right", "http://rdfs.org/ns/void#inDataset.value": "4635"}, "geometry": {"type": "LineString", "coordinates": [[7.1905715442, 51.2247705258, 315.76], [7.1905001872, 51.2240990861, 319.08]]}}, {"type": "Feature", "id": "https://registry.gdi-de.org/de.nw/radnetz/instances/Section_Wuppertal_1230097_862", "name": " (ex-nw:Section_Wuppertal_1230097_862)", "dateprops": [], "properties": {"https://registry.gdi-de.org/up3/ontology/quell-ID": "1230097", "https://registry.gdi-de.org/up3/ontology/steigung": "0.1431763", "https://registry.gdi-de.org/up3/ontology/strecken-ID": "Section_Wuppertal_1230097_862", "http://rdfs.org/ns/void#inDataset.value": "4635"}, "geometry": {"type": "LineString", "coordinates": [[7.198623051, 51.2750570492, 0.0], [7.1986434962, 51.2750738067, 0.0], [7.1991278465, 51.2755466017, 0.0], [7.1994299969, 51.2758304542, 0.0], [7.1997313414, 51.2761349756, 0.0], [7.2000025643, 51.2763666472, 0.0], [7.200234817, 51.2765408433, 0.0], [7.2006529267, 51.2768109651, 0.0], [7.2010242326, 51.2770131495, 0.0], [7.201501994, 51.277225241, 0.0], [7.2019905134, 51.2773899281, 0.0], [7.2025690117, 51.2775642676, 0.0], [7.2028066806, 51.2776413531, 0.0]]}}, {"type": "Feature", "id": "https://registry.gdi-de.org/de.nw/radnetz/instances/Section_Wuppertal_12393_265_right", "name": " (ex-nw:Section_Wuppertal_12393_265_right)", "dateprops": [], "properties": {"https://registry.gdi-de.org/up3/ontology/quell-ID": "12393", "https://registry.gdi-de.org/up3/ontology/steigung": "0.01816397", "https://registry.gdi-de.org/up3/ontology/strecken-ID": "Section_Wuppertal_12393_265_right", "http://rdfs.org/ns/void#inDataset.value": "4635"}, "geometry": {"type": "LineString", "coordinates": [[7.2297565885, 51.2586017062, 180.85], [7.2299559447, 51.2590940042, 0.0], [7.2303253096, 51.2594825084, 0.0], [7.2308793206, 51.2598753512, 180.88]]}}, {"type": "Feature", "id": "https://registry.gdi-de.org/de.nw/radnetz/instances/Section_Wuppertal_1223024_870", "name": " (ex-nw:Section_Wuppertal_1223024_870)", "dateprops": [], "properties": {"https://registry.gdi-de.org/up3/ontology/quell-ID": "1223024", "https://registry.gdi-de.org/up3/ontology/steigung": "6.596942", "https://registry.gdi-de.org/up3/ontology/strecken-ID": "Section_Wuppertal_1223024_870", "http://rdfs.org/ns/void#inDataset.value": "4635"}, "geometry": {"type": "LineString", "coordinates": [[7.1231959616, 51.262103258, 176.56], [7.1231813579, 51.262047431, 0.0], [7.1231988715, 51.2620318282, 0.0], [7.1233847283, 51.2620268666, 0.0], [7.1235200921, 51.2620184477, 0.0], [7.1236179372, 51.2619988376, 0.0], [7.1236533936, 51.2619570493, 0.0], [7.1236350048, 51.2618905722, 0.0], [7.1233682513, 51.2617062786, 181.74]]}}, {"type": "Feature", "id": "https://registry.gdi-de.org/de.nw/radnetz/instances/Section_Wuppertal_1228345_701_left", "name": " (ex-nw:Section_Wuppertal_1228345_701_left)", "dateprops": [], "properties": {"https://registry.gdi-de.org/up3/ontology/quell-ID": "1228345", "https://registry.gdi-de.org/up3/ontology/steigung": "0.9080305", "https://registry.gdi-de.org/up3/ontology/strecken-ID": "Section_Wuppertal_1228345_701_left", "http://rdfs.org/ns/void#inDataset.value": "4635"}, "geometry": {"type": "LineString", "coordinates": [[7.0903698742, 51.2449157743, 151.42], [7.0900322609, 51.2457396268, 0.0], [7.0895143827, 51.246247832, 0.0], [7.0883828809, 51.2468516338, 153.83]]}}, {"type": "Feature", "id": "https://registry.gdi-de.org/de.nw/radnetz/instances/Section_Wuppertal_7962_916", "name": " (ex-nw:Section_Wuppertal_7962_916)", "dateprops": [], "properties": {"https://registry.gdi-de.org/up3/ontology/quell-ID": "7962", "https://registry.gdi-de.org/up3/ontology/steigung": "4.795003", "https://registry.gdi-de.org/up3/ontology/strecken-ID": "Section_Wuppertal_7962_916", "http://rdfs.org/ns/void#inDataset.value": "4635"}, "geometry": {"type": "LineString", "coordinates": [[7.2481106144, 51.3122591463, 319.66], [7.2487686626, 51.31237167, 321.94]]}}, {"type": "Feature", "id": "https://registry.gdi-de.org/de.nw/radnetz/instances/Section_Wuppertal_1223973_397_left", "name": " (ex-nw:Section_Wuppertal_1223973_397_left)", "dateprops": [], "properties": {"https://registry.gdi-de.org/up3/ontology/quell-ID": "1223973", "https://registry.gdi-de.org/up3/ontology/steigung": "0.7537119", "https://registry.gdi-de.org/up3/ontology/strecken-ID": "Section_Wuppertal_1223973_397_left", "http://rdfs.org/ns/void#inDataset.value": "4635"}, "geometry": {"type": "LineString", "coordinates": [[7.1461551461, 51.2570686864, 143.31], [7.1461569999, 51.2571641031, 143.39]]}}, {"type": "Feature", "id": "https://registry.gdi-de.org/de.nw/radnetz/instances/Section_Wuppertal_1224085_403_right", "name": " (ex-nw:Section_Wuppertal_1224085_403_right)", "dateprops": [], "properties": {"https://registry.gdi-de.org/up3/ontology/quell-ID": "1224085", "https://registry.gdi-de.org/up3/ontology/steigung": "0.5424662", "https://registry.gdi-de.org/up3/ontology/strecken-ID": "Section_Wuppertal_1224085_403_right", "http://rdfs.org/ns/void#inDataset.value": "4635"}, "geometry": {"type": "LineString", "coordinates": [[7.2327460196, 51.2584352993, 169.82], [7.2326998274, 51.2580071822, 0.0], [7.2327700126, 51.2576768328, 170.28]]}}, {"type": "Feature", "id": "https://registry.gdi-de.org/de.nw/radnetz/instances/Section_Wuppertal_5190_115_left", "name": " (ex-nw:Section_Wuppertal_5190_115_left)", "dateprops": [], "properties": {"https://registry.gdi-de.org/up3/ontology/quell-ID": "5190", "https://registry.gdi-de.org/up3/ontology/steigung": "8.669857", "https://registry.gdi-de.org/up3/ontology/strecken-ID": "Section_Wuppertal_5190_115_left", "http://rdfs.org/ns/void#inDataset.value": "4635"}, "geometry": {"type": "LineString", "coordinates": [[7.0908660642, 51.2561587021, 200.26], [7.0906219906, 51.2567363487, 0.0], [7.0904482988, 51.2572683311, 211.26]]}}, {"type": "Feature", "id": "https://registry.gdi-de.org/de.nw/radnetz/instances/Section_Wuppertal_10512_219_right", "name": " (ex-nw:Section_Wuppertal_10512_219_right)", "dateprops": [], "properties": {"https://registry.gdi-de.org/up3/ontology/quell-ID": "10512", "https://registry.gdi-de.org/up3/ontology/steigung": "0.7960092", "https://registry.gdi-de.org/up3/ontology/strecken-ID": "Section_Wuppertal_10512_219_right", "http://rdfs.org/ns/void#inDataset.value": "4635"}, "geometry": {"type": "LineString", "coordinates": [[7.1411511517, 51.2546365675, 143.75], [7.142055222, 51.2546547597, 0.0], [7.1430018349, 51.2546994662, 144.78]]}}, {"type": "Feature", "id": "https://registry.gdi-de.org/de.nw/radnetz/instances/Section_Wuppertal_9766_201", "name": " (ex-nw:Section_Wuppertal_9766_201)", "dateprops": [], "properties": {"https://registry.gdi-de.org/up3/ontology/quell-ID": "9766", "https://registry.gdi-de.org/up3/ontology/steigung": "5.498605", "https://registry.gdi-de.org/up3/ontology/strecken-ID": "Section_Wuppertal_9766_201", "http://rdfs.org/ns/void#inDataset.value": "4635"}, "geometry": {"type": "LineString", "coordinates": [[7.2438441881, 51.2286623153, 259.82], [7.2438281785, 51.2279441522, 0.0], [7.2435875789, 51.2276317238, 0.0], [7.2433783647, 51.2266635012, 0.0], [7.2433870742, 51.2259262974, 0.0], [7.2434533024, 51.2257278337, 0.0], [7.2436563158, 51.2252942008, 0.0], [7.2440747398, 51.2248852345, 0.0], [7.2441681316, 51.224632556, 0.0], [7.2439384307, 51.2240776786, 0.0], [7.2433485365, 51.2234367481, 0.0], [7.2427290493, 51.2230670595, 296.7]]}}, {"type": "Feature", "id": "https://registry.gdi-de.org/de.nw/radnetz/instances/Section_Wuppertal_1225415_881", "name": " (ex-nw:Section_Wuppertal_1225415_881)", "dateprops": [], "properties": {"https://registry.gdi-de.org/up3/ontology/quell-ID": "1225415", "https://registry.gdi-de.org/up3/ontology/steigung": "1.347306", "https://registry.gdi-de.org/up3/ontology/strecken-ID": "Section_Wuppertal_1225415_881", "http://rdfs.org/ns/void#inDataset.value": "4635"}, "geometry": {"type": "LineString", "coordinates": [[7.1530043234, 51.2562388761, 146.39], [7.1519522987, 51.2562637713, 147.38]]}}, {"type": "Feature", "id": "https://registry.gdi-de.org/de.nw/radnetz/instances/Section_Wuppertal_1226444_575_right", "name": " (ex-nw:Section_Wuppertal_1226444_575_right)", "dateprops": [], "properties": {"https://registry.gdi-de.org/up3/ontology/quell-ID": "1226444", "https://registry.gdi-de.org/up3/ontology/steigung": "3.21285", "https://registry.gdi-de.org/up3/ontology/strecken-ID": "Section_Wuppertal_1226444_575_right", "http://rdfs.org/ns/void#inDataset.value": "4635"}, "geometry": {"type": "LineString", "coordinates": [[7.1320843805, 51.2038305838, 284.34], [7.1324995022, 51.2041736457, 285.88]]}}, {"type": "Feature", "id": "https://registry.gdi-de.org/de.nw/radnetz/instances/Section_Wuppertal_1224391_417_left", "name": " (ex-nw:Section_Wuppertal_1224391_417_left)", "dateprops": [], "properties": {"https://registry.gdi-de.org/up3/ontology/quell-ID": "1224391", "https://registry.gdi-de.org/up3/ontology/steigung": "0.106938", "https://registry.gdi-de.org/up3/ontology/strecken-ID": "Section_Wuppertal_1224391_417_left", "http://rdfs.org/ns/void#inDataset.value": "4635"}, "geometry": {"type": "LineString", "coordinates": [[7.2626750923, 51.2554559514, 178.59], [7.2624333258, 51.2555284555, 178.61]]}}, {"type": "Feature", "id": "https://registry.gdi-de.org/de.nw/radnetz/instances/Section_Wuppertal_1224697_428_left", "name": " (ex-nw:Section_Wuppertal_1224697_428_left)", "dateprops": [], "properties": {"https://registry.gdi-de.org/up3/ontology/quell-ID": "1224697", "https://registry.gdi-de.org/up3/ontology/steigung": "0.03920074", "https://registry.gdi-de.org/up3/ontology/strecken-ID": "Section_Wuppertal_1224697_428_left", "http://rdfs.org/ns/void#inDataset.value": "4635"}, "geometry": {"type": "LineString", "coordinates": [[7.198810984, 51.2233084302, 267.44], [7.1994402177, 51.2238716915, 267.47]]}}, {"type": "Feature", "id": "https://registry.gdi-de.org/de.nw/radnetz/instances/Section_Wuppertal_3391_82_right", "name": " (ex-nw:Section_Wuppertal_3391_82_right)", "dateprops": [], "properties": {"https://registry.gdi-de.org/up3/ontology/quell-ID": "3391", "https://registry.gdi-de.org/up3/ontology/steigung": "1.711931", "https://registry.gdi-de.org/up3/ontology/strecken-ID": "Section_Wuppertal_3391_82_right", "http://rdfs.org/ns/void#inDataset.value": "4635"}, "geometry": {"type": "LineString", "coordinates": [[7.1033242072, 51.2485376254, 144.72], [7.1029849755, 51.2488111283, 145.38]]}}, {"type": "Feature", "id": "https://registry.gdi-de.org/de.nw/radnetz/instances/Section_Wuppertal_1225717_1024_right", "name": " (ex-nw:Section_Wuppertal_1225717_1024_right)", "dateprops": [], "properties": {"https://registry.gdi-de.org/up3/ontology/quell-ID": "1225717", "https://registry.gdi-de.org/up3/ontology/steigung": "2.829348", "https://registry.gdi-de.org/up3/ontology/strecken-ID": "Section_Wuppertal_1225717_1024_right", "http://rdfs.org/ns/void#inDataset.value": "4635"}, "geometry": {"type": "LineString", "coordinates": [[7.1419134296, 51.2825754799, 0.0], [7.1421173711, 51.2825826668, 0.0], [7.1434855895, 51.2828569659, 0.0], [7.1449270813, 51.2831406909, 0.0]]}}, {"type": "Feature", "id": "https://registry.gdi-de.org/de.nw/radnetz/instances/Section_Wuppertal_8928_181_right", "name": " (ex-nw:Section_Wuppertal_8928_181_right)", "dateprops": [], "properties": {"https://registry.gdi-de.org/up3/ontology/quell-ID": "8928", "https://registry.gdi-de.org/up3/ontology/steigung": "0.8226974", "https://registry.gdi-de.org/up3/ontology/strecken-ID": "Section_Wuppertal_8928_181_right", "http://rdfs.org/ns/void#inDataset.value": "4635"}, "geometry": {"type": "LineString", "coordinates": [[7.2606005578, 51.2840869027, 183.35], [7.2614058771, 51.2844699004, 183.93]]}}, {"type": "Feature", "id": "https://registry.gdi-de.org/de.nw/radnetz/instances/Section_Wuppertal_1226797_987", "name": " (ex-nw:Section_Wuppertal_1226797_987)", "dateprops": [], "properties": {"https://registry.gdi-de.org/up3/ontology/quell-ID": "1226797", "https://registry.gdi-de.org/up3/ontology/steigung": "0.7624054", "https://registry.gdi-de.org/up3/ontology/strecken-ID": "Section_Wuppertal_1226797_987", "http://rdfs.org/ns/void#inDataset.value": "4635"}, "geometry": {"type": "LineString", "coordinates": [[7.1469917673, 51.2153631582, 0.0], [7.1470496057, 51.2153932463, 0.0]]}}, {"type": "Feature", "id": "https://registry.gdi-de.org/de.nw/radnetz/instances/Section_Wuppertal_1227107_673_left", "name": " (ex-nw:Section_Wuppertal_1227107_673_left)", "dateprops": [], "properties": {"https://registry.gdi-de.org/up3/ontology/quell-ID": "1227107", "https://registry.gdi-de.org/up3/ontology/steigung": "5.681302", "https://registry.gdi-de.org/up3/ontology/strecken-ID": "Section_Wuppertal_1227107_673_left", "http://rdfs.org/ns/void#inDataset.value": "4635"}, "geometry": {"type": "LineString", "coordinates": [[7.1638264804, 51.2454870515, 246.92], [7.1640497747, 51.2452799983, 248.5]]}}, {"type": "Feature", "id": "https://registry.gdi-de.org/de.nw/radnetz/instances/Section_Wuppertal_1226162_542_right", "name": " (ex-nw:Section_Wuppertal_1226162_542_right)", "dateprops": [], "properties": {"https://registry.gdi-de.org/up3/ontology/quell-ID": "1226162", "https://registry.gdi-de.org/up3/ontology/steigung": "1.1363", "https://registry.gdi-de.org/up3/ontology/strecken-ID": "Section_Wuppertal_1226162_542_right", "http://rdfs.org/ns/void#inDataset.value": "4635"}, "geometry": {"type": "LineString", "coordinates": [[7.0599112306, 51.2343268425, 210.06], [7.0599086272, 51.2343318589, 0.0], [7.0598345543, 51.2345105118, 210.3]]}}, {"type": "Feature", "id": "https://registry.gdi-de.org/de.nw/radnetz/instances/Section_Wuppertal_1229748_760", "name": " (ex-nw:Section_Wuppertal_1229748_760)", "dateprops": [], "properties": {"https://registry.gdi-de.org/up3/ontology/quell-ID": "1229748", "https://registry.gdi-de.org/up3/ontology/steigung": "1.773652", "https://registry.gdi-de.org/up3/ontology/strecken-ID": "Section_Wuppertal_1229748_760", "http://rdfs.org/ns/void#inDataset.value": "4635"}, "geometry": {"type": "LineString", "coordinates": [[7.1829797164, 51.2429053134, 331.47], [7.1834389558, 51.2429734831, 0.0], [7.1837953847, 51.2430286108, 0.0], [7.1841168701, 51.2430450446, 0.0], [7.184486501, 51.2430736701, 0.0], [7.1851182256, 51.2430834694, 0.0], [7.1876226309, 51.2430765038, 0.0], [7.1879888864, 51.2430363964, 0.0], [7.1881120756, 51.2430538323, 337.87]]}}, {"type": "Feature", "id": "https://registry.gdi-de.org/de.nw/radnetz/instances/Section_Wuppertal_1226593_597_right", "name": " (ex-nw:Section_Wuppertal_1226593_597_right)", "dateprops": [], "properties": {"https://registry.gdi-de.org/up3/ontology/quell-ID": "1226593", "https://registry.gdi-de.org/up3/ontology/steigung": "1.190755", "https://registry.gdi-de.org/up3/ontology/strecken-ID": "Section_Wuppertal_1226593_597_right", "http://rdfs.org/ns/void#inDataset.value": "4635"}, "geometry": {"type": "LineString", "coordinates": [[7.2456885263, 51.2750719753, 200.36], [7.2471012804, 51.2753741371, 201.6]]}}, {"type": "Feature", "id": "https://registry.gdi-de.org/de.nw/radnetz/instances/Section_Wuppertal_1229824_781", "name": " (ex-nw:Section_Wuppertal_1229824_781)", "dateprops": [], "properties": {"https://registry.gdi-de.org/up3/ontology/quell-ID": "1229824", "https://registry.gdi-de.org/up3/ontology/steigung": "0.7591503", "https://registry.gdi-de.org/up3/ontology/strecken-ID": "Section_Wuppertal_1229824_781", "http://rdfs.org/ns/void#inDataset.value": "4635"}, "geometry": {"type": "LineString", "coordinates": [[7.2309257646, 51.2759867376, 165.34], [7.2312724829, 51.2760043678, 0.0], [7.2312833396, 51.2760048889, 165.53]]}}, {"type": "Feature", "id": "https://registry.gdi-de.org/de.nw/radnetz/instances/Section_Wuppertal_1230085_853", "name": " (ex-nw:Section_Wuppertal_1230085_853)", "dateprops": [], "properties": {"https://registry.gdi-de.org/up3/ontology/quell-ID": "1230085", "https://registry.gdi-de.org/up3/ontology/steigung": "1.19002", "https://registry.gdi-de.org/up3/ontology/strecken-ID": "Section_Wuppertal_1230085_853", "http://rdfs.org/ns/void#inDataset.value": "4635"}, "geometry": {"type": "LineString", "coordinates": [[7.2321916615, 51.2397160857, 0.0], [7.2277095677, 51.2389783468, 0.0]]}}, {"type": "Feature", "id": "https://registry.gdi-de.org/de.nw/radnetz/instances/Section_Wuppertal_1230087_854", "name": " (ex-nw:Section_Wuppertal_1230087_854)", "dateprops": [], "properties": {"https://registry.gdi-de.org/up3/ontology/quell-ID": "1230087", "https://registry.gdi-de.org/up3/ontology/steigung": "1.418144", "https://registry.gdi-de.org/up3/ontology/strecken-ID": "Section_Wuppertal_1230087_854", "http://rdfs.org/ns/void#inDataset.value": "4635"}, "geometry": {"type": "LineString", "coordinates": [[7.2387880683, 51.2954361129, 0.0], [7.238667697, 51.2955447517, 0.0], [7.2383763581, 51.295916775, 0.0], [7.2381626123, 51.2961576024, 0.0], [7.2380903428, 51.2963219673, 0.0], [7.2379459592, 51.2966465645, 0.0], [7.2378515325, 51.2968726419, 0.0], [7.2378124901, 51.2972029611, 0.0], [7.2378023576, 51.2974675336, 0.0], [7.2378178109, 51.2977531732, 0.0], [7.2378369043, 51.297943732, 0.0], [7.2378868545, 51.2980480396, 235.33]]}}, {"type": "Feature", "id": "https://registry.gdi-de.org/de.nw/radnetz/instances/Section_Wuppertal_1222522_286", "name": " (ex-nw:Section_Wuppertal_1222522_286)", "dateprops": [], "properties": {"https://registry.gdi-de.org/up3/ontology/quell-ID": "1222522", "https://registry.gdi-de.org/up3/ontology/steigung": "1.600041", "https://registry.gdi-de.org/up3/ontology/strecken-ID": "Section_Wuppertal_1222522_286", "http://rdfs.org/ns/void#inDataset.value": "4635"}, "geometry": {"type": "LineString", "coordinates": [[7.2031930731, 51.2375659469, 338.04], [7.20254773, 51.2375990081, 0.0], [7.2017889992, 51.2376067787, 0.0], [7.1998359872, 51.2375091909, 341.8]]}}, {"type": "Feature", "id": "https://registry.gdi-de.org/de.nw/radnetz/instances/Section_Wuppertal_10350_217", "name": " (ex-nw:Section_Wuppertal_10350_217)", "dateprops": [], "properties": {"https://registry.gdi-de.org/up3/ontology/quell-ID": "10350", "https://registry.gdi-de.org/up3/ontology/steigung": "0.05333926", "https://registry.gdi-de.org/up3/ontology/strecken-ID": "Section_Wuppertal_10350_217", "http://rdfs.org/ns/void#inDataset.value": "4635"}, "geometry": {"type": "LineString", "coordinates": [[7.2354538782, 51.2312026741, 299.77], [7.2358603149, 51.2326980314, 299.86]]}}, {"type": "Feature", "id": "https://registry.gdi-de.org/de.nw/radnetz/instances/Section_Wuppertal_1226953_651_left", "name": " (ex-nw:Section_Wuppertal_1226953_651_left)", "dateprops": [], "properties": {"https://registry.gdi-de.org/up3/ontology/quell-ID": "1226953", "https://registry.gdi-de.org/up3/ontology/steigung": "1.985223", "https://registry.gdi-de.org/up3/ontology/strecken-ID": "Section_Wuppertal_1226953_651_left", "http://rdfs.org/ns/void#inDataset.value": "4635"}, "geometry": {"type": "LineString", "coordinates": [[7.2364353813, 51.2670911283, 165.77], [7.2359334606, 51.2677887008, 167.46]]}}, {"type": "Feature", "id": "https://registry.gdi-de.org/de.nw/radnetz/instances/Section_Wuppertal_7083_903_left", "name": " (ex-nw:Section_Wuppertal_7083_903_left)", "dateprops": [], "properties": {"https://registry.gdi-de.org/up3/ontology/quell-ID": "7083", "https://registry.gdi-de.org/up3/ontology/steigung": "5.344834", "https://registry.gdi-de.org/up3/ontology/strecken-ID": "Section_Wuppertal_7083_903_left", "http://rdfs.org/ns/void#inDataset.value": "4635"}, "geometry": {"type": "LineString", "coordinates": [[7.0456287903, 51.2486441832, 142.97], [7.0461817202, 51.2490257612, 0.0], [7.0465709832, 51.2497683478, 0.0], [7.0471288371, 51.25036561, 154.8]]}}, {"type": "Feature", "id": "https://registry.gdi-de.org/de.nw/radnetz/instances/Section_Wuppertal_1222853_938_right", "name": " (ex-nw:Section_Wuppertal_1222853_938_right)", "dateprops": [], "properties": {"https://registry.gdi-de.org/up3/ontology/quell-ID": "1222853", "https://registry.gdi-de.org/up3/ontology/steigung": "4.615984", "https://registry.gdi-de.org/up3/ontology/strecken-ID": "Section_Wuppertal_1222853_938_right", "http://rdfs.org/ns/void#inDataset.value": "4635"}, "geometry": {"type": "LineString", "coordinates": [[7.0755027593, 51.2308938059, 174.16], [7.0729487148, 51.2292231397, 186.05]]}}, {"type": "Feature", "id": "https://registry.gdi-de.org/de.nw/radnetz/instances/Section_Wuppertal_1223216_369", "name": " (ex-nw:Section_Wuppertal_1223216_369)", "dateprops": [], "properties": {"https://registry.gdi-de.org/up3/ontology/quell-ID": "1223216", "https://registry.gdi-de.org/up3/ontology/steigung": "0.1864459", "https://registry.gdi-de.org/up3/ontology/strecken-ID": "Section_Wuppertal_1223216_369", "http://rdfs.org/ns/void#inDataset.value": "4635"}, "geometry": {"type": "LineString", "coordinates": [[7.1409458477, 51.210430854, 298.71], [7.1411811864, 51.210562375, 0.0], [7.1413668819, 51.2106935548, 0.0], [7.1414563558, 51.2107611598, 0.0], [7.1414867659, 51.2108236897, 0.0], [7.1415569965, 51.2108785783, 0.0], [7.1418689944, 51.2111441298, 0.0], [7.1419826332, 51.2112658912, 0.0], [7.1421900001, 51.2115132344, 0.0], [7.1423271361, 51.2117056881, 0.0], [7.1425487616, 51.2120897592, 0.0], [7.1426447484, 51.2123229233, 0.0], [7.1429366369, 51.213088661, 0.0], [7.142948303, 51.2131260735, 0.0], [7.1428283156, 51.2132545565, 299.37]]}}, {"type": "Feature", "id": "https://registry.gdi-de.org/de.nw/radnetz/instances/Section_Wuppertal_1225456_480", "name": " (ex-nw:Section_Wuppertal_1225456_480)", "dateprops": [], "properties": {"https://registry.gdi-de.org/up3/ontology/quell-ID": "1225456", "https://registry.gdi-de.org/up3/ontology/steigung": "3.12873", "https://registry.gdi-de.org/up3/ontology/strecken-ID": "Section_Wuppertal_1225456_480", "http://rdfs.org/ns/void#inDataset.value": "4635"}, "geometry": {"type": "LineString", "coordinates": [[7.2060106223, 51.2801442532, 185.43], [7.2061212699, 51.2803107731, 0.0], [7.2062642687, 51.2806651618, 187.33]]}}, {"type": "Feature", "id": "https://registry.gdi-de.org/de.nw/radnetz/instances/Section_Wuppertal_1229900_809", "name": " (ex-nw:Section_Wuppertal_1229900_809)", "dateprops": [], "properties": {"https://registry.gdi-de.org/up3/ontology/quell-ID": "1229900", "https://registry.gdi-de.org/up3/ontology/steigung": "2.107168", "https://registry.gdi-de.org/up3/ontology/strecken-ID": "Section_Wuppertal_1229900_809", "http://rdfs.org/ns/void#inDataset.value": "4635"}, "geometry": {"type": "LineString", "coordinates": [[7.0770672335, 51.2455811832, 187.33], [7.0768655709, 51.2454416201, 0.0], [7.0766698448, 51.2452873496, 0.0], [7.0764736162, 51.2451451547, 0.0], [7.0762644937, 51.2450812951, 0.0], [7.075807265, 51.2449650189, 0.0], [7.0754072542, 51.2448617661, 0.0], [7.0751386499, 51.2448392222, 0.0], [7.074848535, 51.2448707021, 0.0], [7.0743895827, 51.2450262883, 0.0], [7.0740187205, 51.2451470701, 0.0], [7.0735306495, 51.2453082163, 0.0], [7.0732856032, 51.2454129403, 0.0], [7.0730577768, 51.2455662842, 0.0], [7.0727985647, 51.2457795334, 0.0], [7.0725421261, 51.2459263634, 0.0], [7.0724089832, 51.246117519, 0.0], [7.0721624149, 51.2462584682, 0.0], [7.0718672379, 51.246410701, 0.0], [7.0716553364, 51.2464132509, 0.0], [7.0707174733, 51.2463581624, 198.71]]}}, {"type": "Feature", "id": "https://registry.gdi-de.org/de.nw/radnetz/instances/Section_Wuppertal_1230083_851", "name": " (ex-nw:Section_Wuppertal_1230083_851)", "dateprops": [], "properties": {"https://registry.gdi-de.org/up3/ontology/quell-ID": "1230083", "https://registry.gdi-de.org/up3/ontology/steigung": "0.983278", "https://registry.gdi-de.org/up3/ontology/strecken-ID": "Section_Wuppertal_1230083_851", "http://rdfs.org/ns/void#inDataset.value": "4635"}, "geometry": {"type": "LineString", "coordinates": [[7.2277095677, 51.2389783468, 0.0], [7.2271319056, 51.2388832513, 296.11]]}}, {"type": "Feature", "id": "https://registry.gdi-de.org/de.nw/radnetz/instances/Section_Wuppertal_11254_1019_left", "name": " (ex-nw:Section_Wuppertal_11254_1019_left)", "dateprops": [], "properties": {"https://registry.gdi-de.org/up3/ontology/quell-ID": "11254", "https://registry.gdi-de.org/up3/ontology/steigung": "4.243236", "https://registry.gdi-de.org/up3/ontology/strecken-ID": "Section_Wuppertal_11254_1019_left", "http://rdfs.org/ns/void#inDataset.value": "4635"}, "geometry": {"type": "LineString", "coordinates": [[7.0994506161, 51.2934901502, 0.0], [7.100188116, 51.2917562168, 0.0]]}}, {"type": "Feature", "id": "https://registry.gdi-de.org/de.nw/radnetz/instances/Section_Wuppertal_1223514_874_left", "name": " (ex-nw:Section_Wuppertal_1223514_874_left)", "dateprops": [], "properties": {"https://registry.gdi-de.org/up3/ontology/quell-ID": "1223514", "https://registry.gdi-de.org/up3/ontology/steigung": "2.173943", "https://registry.gdi-de.org/up3/ontology/strecken-ID": "Section_Wuppertal_1223514_874_left", "http://rdfs.org/ns/void#inDataset.value": "4635"}, "geometry": {"type": "LineString", "coordinates": [[7.0427275179, 51.2161216135, 179.16], [7.0409695858, 51.2154898164, 0.0], [7.039656314, 51.215196272, 0.0], [7.0385122619, 51.2147182189, 186.44]]}}, {"type": "Feature", "id": "https://registry.gdi-de.org/de.nw/radnetz/instances/Section_Wuppertal_138_5", "name": " (ex-nw:Section_Wuppertal_138_5)", "dateprops": [], "properties": {"https://registry.gdi-de.org/up3/ontology/quell-ID": "138", "https://registry.gdi-de.org/up3/ontology/steigung": "1.225638", "https://registry.gdi-de.org/up3/ontology/strecken-ID": "Section_Wuppertal_138_5", "http://rdfs.org/ns/void#inDataset.value": "4635"}, "geometry": {"type": "LineString", "coordinates": [[7.0958555493, 51.2922970675, 206.58], [7.0936469179, 51.2925094548, 208.49]]}}, {"type": "Feature", "id": "https://registry.gdi-de.org/de.nw/radnetz/instances/Section_Wuppertal_3202_76_right", "name": " (ex-nw:Section_Wuppertal_3202_76_right)", "dateprops": [], "properties": {"https://registry.gdi-de.org/up3/ontology/quell-ID": "3202", "https://registry.gdi-de.org/up3/ontology/steigung": "0.4924588", "https://registry.gdi-de.org/up3/ontology/strecken-ID": "Section_Wuppertal_3202_76_right", "http://rdfs.org/ns/void#inDataset.value": "4635"}, "geometry": {"type": "LineString", "coordinates": [[7.0648245905, 51.2255891953, 201.1], [7.0629259816, 51.2248794843, 201.86]]}}, {"type": "Feature", "id": "https://registry.gdi-de.org/de.nw/radnetz/instances/Section_Wuppertal_1225480_483_left", "name": " (ex-nw:Section_Wuppertal_1225480_483_left)", "dateprops": [], "properties": {"https://registry.gdi-de.org/up3/ontology/quell-ID": "1225480", "https://registry.gdi-de.org/up3/ontology/steigung": "5.393397", "https://registry.gdi-de.org/up3/ontology/strecken-ID": "Section_Wuppertal_1225480_483_left", "http://rdfs.org/ns/void#inDataset.value": "4635"}, "geometry": {"type": "LineString", "coordinates": [[7.1592487548, 51.2525584671, 196.46], [7.1601795021, 51.2529110007, 0.0], [7.1604485347, 51.2529637037, 0.0], [7.160706756, 51.2528829205, 202.7]]}}, {"type": "Feature", "id": "https://registry.gdi-de.org/de.nw/radnetz/instances/Section_Wuppertal_1223026_304", "name": " (ex-nw:Section_Wuppertal_1223026_304)", "dateprops": [], "properties": {"https://registry.gdi-de.org/up3/ontology/quell-ID": "1223026", "https://registry.gdi-de.org/up3/ontology/steigung": "0.0235481", "https://registry.gdi-de.org/up3/ontology/strecken-ID": "Section_Wuppertal_1223026_304", "http://rdfs.org/ns/void#inDataset.value": "4635"}, "geometry": {"type": "LineString", "coordinates": [[7.1296499168, 51.2638962191, 176.52], [7.1292141354, 51.2636157874, 0.0], [7.1287584223, 51.2633106811, 0.0], [7.128235653, 51.2630334548, 0.0], [7.1278544798, 51.262841219, 0.0], [7.1273863145, 51.2626806822, 0.0], [7.1269438345, 51.2625371, 0.0], [7.1266429438, 51.2624785106, 0.0], [7.1263809127, 51.262437088, 0.0], [7.1253189431, 51.2622877174, 0.0], [7.124420181, 51.2621781798, 176.62]]}}, {"type": "Feature", "id": "https://registry.gdi-de.org/de.nw/radnetz/instances/Section_Wuppertal_1226065_891_right", "name": " (ex-nw:Section_Wuppertal_1226065_891_right)", "dateprops": [], "properties": {"https://registry.gdi-de.org/up3/ontology/quell-ID": "1226065", "https://registry.gdi-de.org/up3/ontology/steigung": "5.299179", "https://registry.gdi-de.org/up3/ontology/strecken-ID": "Section_Wuppertal_1226065_891_right", "http://rdfs.org/ns/void#inDataset.value": "4635"}, "geometry": {"type": "LineString", "coordinates": [[7.1226371543, 51.2772338925, 245.25], [7.1231799949, 51.2777500202, 0.0], [7.1232247589, 51.2777873723, 249.17]]}}, {"type": "Feature", "id": "https://registry.gdi-de.org/de.nw/radnetz/instances/Section_Wuppertal_1226461_579_right", "name": " (ex-nw:Section_Wuppertal_1226461_579_right)", "dateprops": [], "properties": {"https://registry.gdi-de.org/up3/ontology/quell-ID": "1226461", "https://registry.gdi-de.org/up3/ontology/steigung": "4.267069", "https://registry.gdi-de.org/up3/ontology/strecken-ID": "Section_Wuppertal_1226461_579_right", "http://rdfs.org/ns/void#inDataset.value": "4635"}, "geometry": {"type": "LineString", "coordinates": [[7.0766483313, 51.2536159507, 193.73], [7.0785963316, 51.2539985949, 0.0], [7.0804823251, 51.2544037578, 0.0], [7.0811043027, 51.2546264782, 207.88]]}}, {"type": "Feature", "id": "https://registry.gdi-de.org/de.nw/radnetz/instances/Section_Wuppertal_10839_225_left", "name": " (ex-nw:Section_Wuppertal_10839_225_left)", "dateprops": [], "properties": {"https://registry.gdi-de.org/up3/ontology/quell-ID": "10839", "https://registry.gdi-de.org/up3/ontology/steigung": "3.688291", "https://registry.gdi-de.org/up3/ontology/strecken-ID": "Section_Wuppertal_10839_225_left", "http://rdfs.org/ns/void#inDataset.value": "4635"}, "geometry": {"type": "LineString", "coordinates": [[7.0984157131, 51.2631852058, 248.64], [7.0976311346, 51.2629183101, 0.0], [7.0971274508, 51.2628241569, 252.29]]}}, {"type": "Feature", "id": "https://registry.gdi-de.org/de.nw/radnetz/instances/Section_Wuppertal_1223210_367", "name": " (ex-nw:Section_Wuppertal_1223210_367)", "dateprops": [], "properties": {"https://registry.gdi-de.org/up3/ontology/quell-ID": "1223210", "https://registry.gdi-de.org/up3/ontology/steigung": "0.01259801", "https://registry.gdi-de.org/up3/ontology/strecken-ID": "Section_Wuppertal_1223210_367", "http://rdfs.org/ns/void#inDataset.value": "4635"}, "geometry": {"type": "LineString", "coordinates": [[7.1469277245, 51.2154708569, 299.14], [7.1471767707, 51.2155859588, 0.0], [7.1473017603, 51.215676807, 0.0], [7.1474505154, 51.2158165046, 0.0], [7.147634598, 51.2160375515, 0.0], [7.1477929695, 51.216258191, 0.0], [7.1478873898, 51.2164697385, 0.0], [7.1479024076, 51.2167365825, 0.0], [7.1478531453, 51.2170024079, 0.0], [7.1477656406, 51.2172595493, 0.0], [7.147629302, 51.2174512862, 0.0], [7.1474530997, 51.2176747069, 0.0], [7.1472023507, 51.2178323156, 0.0], [7.146938746, 51.2179897201, 0.0], [7.1466892907, 51.2181150321, 0.0], [7.1463112743, 51.2182383067, 0.0], [7.1461033051, 51.2182915641, 0.0], [7.1458310532, 51.2183438023, 0.0], [7.1454177083, 51.218385724, 0.0], [7.14497865, 51.2184272374, 0.0], [7.1445906915, 51.2184776381, 0.0], [7.1442030569, 51.2185199641, 0.0], [7.1439301536, 51.2185883457, 0.0], [7.1435408934, 51.2186710374, 0.0], [7.1431216951, 51.2188582805, 0.0], [7.1428188508, 51.219031211, 0.0], [7.1425677537, 51.2191968829, 0.0], [7.1423410691, 51.2193952579, 0.0], [7.1422053519, 51.2195708396, 0.0], [7.1421039779, 51.2198519941, 0.0], [7.1420312422, 51.2200608917, 0.0], [7.1420234392, 51.2202546634, 0.0], [7.1420159613, 51.2204403607, 0.0], [7.1420711415, 51.2206674477, 0.0], [7.1422524651, 51.2209670514, 299.25]]}}, {"type": "Feature", "id": "https://registry.gdi-de.org/de.nw/radnetz/instances/Section_Wuppertal_13035_282", "name": " (ex-nw:Section_Wuppertal_13035_282)", "dateprops": [], "properties": {"https://registry.gdi-de.org/up3/ontology/quell-ID": "13035", "https://registry.gdi-de.org/up3/ontology/steigung": "0.1350713", "https://registry.gdi-de.org/up3/ontology/strecken-ID": "Section_Wuppertal_13035_282", "http://rdfs.org/ns/void#inDataset.value": "4635"}, "geometry": {"type": "LineString", "coordinates": [[7.1381521574, 51.2541065784, 141.74], [7.1373507237, 51.25391436, 0.0], [7.1364736819, 51.2536932801, 141.91]]}}, {"type": "Feature", "id": "https://registry.gdi-de.org/de.nw/radnetz/instances/Section_Wuppertal_1225043_1023_left", "name": " (ex-nw:Section_Wuppertal_1225043_1023_left)", "dateprops": [], "properties": {"https://registry.gdi-de.org/up3/ontology/quell-ID": "1225043", "https://registry.gdi-de.org/up3/ontology/steigung": "2.160013", "https://registry.gdi-de.org/up3/ontology/strecken-ID": "Section_Wuppertal_1225043_1023_left", "http://rdfs.org/ns/void#inDataset.value": "4635"}, "geometry": {"type": "LineString", "coordinates": [[7.1469163109, 51.2830384362, 0.0], [7.1465723465, 51.2830604427, 0.0], [7.1461730905, 51.2831452543, 0.0], [7.1459249847, 51.2832088987, 0.0]]}}, {"type": "Feature", "id": "https://registry.gdi-de.org/de.nw/radnetz/instances/Section_Wuppertal_1229757_764", "name": " (ex-nw:Section_Wuppertal_1229757_764)", "dateprops": [], "properties": {"https://registry.gdi-de.org/up3/ontology/quell-ID": "1229757", "https://registry.gdi-de.org/up3/ontology/steigung": "1.63224", "https://registry.gdi-de.org/up3/ontology/strecken-ID": "Section_Wuppertal_1229757_764", "http://rdfs.org/ns/void#inDataset.value": "4635"}, "geometry": {"type": "LineString", "coordinates": [[7.1815477489, 51.243119768, 329.87], [7.1816171424, 51.2431931446, 0.0], [7.1817211233, 51.2431913277, 0.0], [7.1820921049, 51.2432142548, 0.0], [7.1825721277, 51.2432457397, 0.0], [7.1837128111, 51.2433046422, 0.0], [7.1843236062, 51.2433484475, 0.0], [7.1849241452, 51.2433749273, 0.0], [7.1852299481, 51.2433865355, 0.0], [7.1858406109, 51.2434337636, 0.0], [7.1861509353, 51.2434694681, 0.0], [7.1862149045, 51.2435227185, 335.34]]}}, {"type": "Feature", "id": "https://registry.gdi-de.org/de.nw/radnetz/instances/Section_Wuppertal_1226594_598_left", "name": " (ex-nw:Section_Wuppertal_1226594_598_left)", "dateprops": [], "properties": {"https://registry.gdi-de.org/up3/ontology/quell-ID": "1226594", "https://registry.gdi-de.org/up3/ontology/steigung": "1.258035", "https://registry.gdi-de.org/up3/ontology/strecken-ID": "Section_Wuppertal_1226594_598_left", "http://rdfs.org/ns/void#inDataset.value": "4635"}, "geometry": {"type": "LineString", "coordinates": [[7.2472199038, 51.2753995075, 201.49], [7.2471012804, 51.2753741371, 201.6]]}}, {"type": "Feature", "id": "https://registry.gdi-de.org/de.nw/radnetz/instances/Section_Wuppertal_11049_230", "name": " (ex-nw:Section_Wuppertal_11049_230)", "dateprops": [], "properties": {"https://registry.gdi-de.org/up3/ontology/quell-ID": "11049", "https://registry.gdi-de.org/up3/ontology/steigung": "1.696433", "https://registry.gdi-de.org/up3/ontology/strecken-ID": "Section_Wuppertal_11049_230", "http://rdfs.org/ns/void#inDataset.value": "4635"}, "geometry": {"type": "LineString", "coordinates": [[7.0880129242, 51.2566437075, 201.44], [7.088455946, 51.2566035858, 201.97]]}}, {"type": "Feature", "id": "https://registry.gdi-de.org/de.nw/radnetz/instances/Section_Wuppertal_10186_214", "name": " (ex-nw:Section_Wuppertal_10186_214)", "dateprops": [], "properties": {"https://registry.gdi-de.org/up3/ontology/quell-ID": "10186", "https://registry.gdi-de.org/up3/ontology/steigung": "2.878922", "https://registry.gdi-de.org/up3/ontology/strecken-ID": "Section_Wuppertal_10186_214", "http://rdfs.org/ns/void#inDataset.value": "4635"}, "geometry": {"type": "LineString", "coordinates": [[7.2124191081, 51.2356846455, 322.71], [7.2111445715, 51.2356226926, 0.0], [7.2100754586, 51.2358045681, 0.0], [7.2077064682, 51.2365682732, 332.86]]}}, {"type": "Feature", "id": "https://registry.gdi-de.org/de.nw/radnetz/instances/Section_Wuppertal_1225530_485_right", "name": " (ex-nw:Section_Wuppertal_1225530_485_right)", "dateprops": [], "properties": {"https://registry.gdi-de.org/up3/ontology/quell-ID": "1225530", "https://registry.gdi-de.org/up3/ontology/steigung": "1.721745", "https://registry.gdi-de.org/up3/ontology/strecken-ID": "Section_Wuppertal_1225530_485_right", "http://rdfs.org/ns/void#inDataset.value": "4635"}, "geometry": {"type": "LineString", "coordinates": [[7.2336602882, 51.2640673958, 172.71], [7.23239367, 51.2613246587, 0.0], [7.2318314009, 51.2606563969, 0.0], [7.231433636, 51.2602470642, 0.0], [7.2312482176, 51.2601227277, 180.87]]}}, {"type": "Feature", "id": "https://registry.gdi-de.org/de.nw/radnetz/instances/Section_Wuppertal_1226611_601_right", "name": " (ex-nw:Section_Wuppertal_1226611_601_right)", "dateprops": [], "properties": {"https://registry.gdi-de.org/up3/ontology/quell-ID": "1226611", "https://registry.gdi-de.org/up3/ontology/steigung": "5.082908", "https://registry.gdi-de.org/up3/ontology/strecken-ID": "Section_Wuppertal_1226611_601_right", "http://rdfs.org/ns/void#inDataset.value": "4635"}, "geometry": {"type": "LineString", "coordinates": [[7.1187247565, 51.2819543618, 280.36], [7.1190283965, 51.28171485, 282.09]]}}, {"type": "Feature", "id": "https://registry.gdi-de.org/de.nw/radnetz/instances/Section_Wuppertal_8990_185", "name": " (ex-nw:Section_Wuppertal_8990_185)", "dateprops": [], "properties": {"https://registry.gdi-de.org/up3/ontology/quell-ID": "8990", "https://registry.gdi-de.org/up3/ontology/steigung": "0.2609559", "https://registry.gdi-de.org/up3/ontology/strecken-ID": "Section_Wuppertal_8990_185", "http://rdfs.org/ns/void#inDataset.value": "4635"}, "geometry": {"type": "LineString", "coordinates": [[7.0983612622, 51.2312292327, 130.53], [7.0986099654, 51.230789306, 0.0], [7.0988779172, 51.2304602836, 0.0], [7.0993493467, 51.230137069, 0.0], [7.1000823022, 51.2299867492, 0.0], [7.1006830109, 51.2299631642, 0.0], [7.1016569204, 51.2299809347, 0.0], [7.1023309801, 51.2298845928, 0.0], [7.1029065888, 51.2296993709, 0.0], [7.10380322, 51.2292002685, 131.79]]}}, {"type": "Feature", "id": "https://registry.gdi-de.org/de.nw/radnetz/instances/Section_Wuppertal_1594_1017_left", "name": " (ex-nw:Section_Wuppertal_1594_1017_left)", "dateprops": [], "properties": {"https://registry.gdi-de.org/up3/ontology/quell-ID": "1594", "https://registry.gdi-de.org/up3/ontology/steigung": "5.189962", "https://registry.gdi-de.org/up3/ontology/strecken-ID": "Section_Wuppertal_1594_1017_left", "http://rdfs.org/ns/void#inDataset.value": "4635"}, "geometry": {"type": "LineString", "coordinates": [[7.0977898186, 51.2952671445, 0.0], [7.0994506161, 51.2934901502, 0.0]]}}, {"type": "Feature", "id": "https://registry.gdi-de.org/de.nw/radnetz/instances/Section_Wuppertal_9999909_949", "name": " (ex-nw:Section_Wuppertal_9999909_949)", "dateprops": [], "properties": {"https://registry.gdi-de.org/up3/ontology/quell-ID": "9999909", "https://registry.gdi-de.org/up3/ontology/steigung": "2.121703", "https://registry.gdi-de.org/up3/ontology/strecken-ID": "Section_Wuppertal_9999909_949", "http://rdfs.org/ns/void#inDataset.value": "4635"}, "geometry": {"type": "LineString", "coordinates": [[7.2403998452, 51.2777080726, 0.0], [7.2405431154, 51.2776436214, 0.0], [7.2406189524, 51.2776475644, 0.0], [7.2406526563, 51.2777013365, 0.0], [7.2407457678, 51.2779550469, 0.0], [7.2408045349, 51.278171796, 0.0], [7.2407965064, 51.2783819341, 0.0], [7.2407581413, 51.2786841298, 0.0], [7.2408404177, 51.2787375508, 0.0]]}}, {"type": "Feature", "id": "https://registry.gdi-de.org/de.nw/radnetz/instances/Section_Wuppertal_1224161_952_left", "name": " (ex-nw:Section_Wuppertal_1224161_952_left)", "dateprops": [], "properties": {"https://registry.gdi-de.org/up3/ontology/quell-ID": "1224161", "https://registry.gdi-de.org/up3/ontology/steigung": "1.258517", "https://registry.gdi-de.org/up3/ontology/strecken-ID": "Section_Wuppertal_1224161_952_left", "http://rdfs.org/ns/void#inDataset.value": "4635"}, "geometry": {"type": "LineString", "coordinates": [[7.1492355688, 51.2557196365, 0.0], [7.1496231135, 51.2558415358, 0.0], [7.1499626124, 51.2559446008, 0.0], [7.150257434, 51.2560344726, 0.0]]}}, {"type": "Feature", "id": "https://registry.gdi-de.org/de.nw/radnetz/instances/Section_Wuppertal_1225374_475_left", "name": " (ex-nw:Section_Wuppertal_1225374_475_left)", "dateprops": [], "properties": {"https://registry.gdi-de.org/up3/ontology/quell-ID": "1225374", "https://registry.gdi-de.org/up3/ontology/steigung": "0.8522105", "https://registry.gdi-de.org/up3/ontology/strecken-ID": "Section_Wuppertal_1225374_475_left", "http://rdfs.org/ns/void#inDataset.value": "4635"}, "geometry": {"type": "LineString", "coordinates": [[7.2064370343, 51.2725257258, 156.91], [7.2066494263, 51.2728473569, 157.24]]}}, {"type": "Feature", "id": "https://registry.gdi-de.org/de.nw/radnetz/instances/Section_Wuppertal_1223028_305", "name": " (ex-nw:Section_Wuppertal_1223028_305)", "dateprops": [], "properties": {"https://registry.gdi-de.org/up3/ontology/quell-ID": "1223028", "https://registry.gdi-de.org/up3/ontology/steigung": "0.06986281", "https://registry.gdi-de.org/up3/ontology/strecken-ID": "Section_Wuppertal_1223028_305", "http://rdfs.org/ns/void#inDataset.value": "4635"}, "geometry": {"type": "LineString", "coordinates": [[7.1231959616, 51.262103258, 176.56], [7.1237919594, 51.2621277392, 0.0], [7.124420181, 51.2621781798, 176.62]]}}, {"type": "Feature", "id": "https://registry.gdi-de.org/de.nw/radnetz/instances/Section_Wuppertal_1229898_807", "name": " (ex-nw:Section_Wuppertal_1229898_807)", "dateprops": [], "properties": {"https://registry.gdi-de.org/up3/ontology/quell-ID": "1229898", "https://registry.gdi-de.org/up3/ontology/steigung": "0.1492116", "https://registry.gdi-de.org/up3/ontology/strecken-ID": "Section_Wuppertal_1229898_807", "http://rdfs.org/ns/void#inDataset.value": "4635"}, "geometry": {"type": "LineString", "coordinates": [[7.0799232562, 51.2391668568, 172.24], [7.0797455198, 51.2391983886, 0.0], [7.0801346917, 51.2404154684, 0.0], [7.0806313245, 51.2416253674, 0.0], [7.0808542282, 51.2422937631, 0.0], [7.0813342519, 51.2436252981, 0.0], [7.0815129001, 51.2440832359, 0.0], [7.0817405495, 51.2445515249, 0.0], [7.0820698989, 51.244953854, 0.0], [7.0823420308, 51.2452561375, 0.0], [7.0824280226, 51.2453435847, 0.0], [7.0827450592, 51.2455804203, 0.0], [7.0828609511, 51.2456510452, 174.65]]}}, {"type": "Feature", "id": "https://registry.gdi-de.org/de.nw/radnetz/instances/Section_Wuppertal_6580_139_right", "name": " (ex-nw:Section_Wuppertal_6580_139_right)", "dateprops": [], "properties": {"https://registry.gdi-de.org/up3/ontology/quell-ID": "6580", "https://registry.gdi-de.org/up3/ontology/steigung": "0.4496206", "https://registry.gdi-de.org/up3/ontology/strecken-ID": "Section_Wuppertal_6580_139_right", "http://rdfs.org/ns/void#inDataset.value": "4635"}, "geometry": {"type": "LineString", "coordinates": [[7.1924744548, 51.2689416878, 152.05], [7.1926641016, 51.2690384535, 0.0], [7.1933686213, 51.2693245788, 152.39]]}}, {"type": "Feature", "id": "https://registry.gdi-de.org/de.nw/radnetz/instances/Section_Wuppertal_1226896_992", "name": " (ex-nw:Section_Wuppertal_1226896_992)", "dateprops": [], "properties": {"https://registry.gdi-de.org/up3/ontology/quell-ID": "1226896", "https://registry.gdi-de.org/up3/ontology/steigung": "1.356144", "https://registry.gdi-de.org/up3/ontology/strecken-ID": "Section_Wuppertal_1226896_992", "http://rdfs.org/ns/void#inDataset.value": "4635"}, "geometry": {"type": "LineString", "coordinates": [[7.1520090037, 51.2233381483, 0.0], [7.1520063965, 51.2234309444, 0.0]]}}, {"type": "Feature", "id": "https://registry.gdi-de.org/de.nw/radnetz/instances/Section_Wuppertal_1229803_772", "name": " (ex-nw:Section_Wuppertal_1229803_772)", "dateprops": [], "properties": {"https://registry.gdi-de.org/up3/ontology/quell-ID": "1229803", "https://registry.gdi-de.org/up3/ontology/steigung": "2.416165", "https://registry.gdi-de.org/up3/ontology/strecken-ID": "Section_Wuppertal_1229803_772", "http://rdfs.org/ns/void#inDataset.value": "4635"}, "geometry": {"type": "LineString", "coordinates": [[7.1022714263, 51.2912254695, 226.26], [7.1027184735, 51.2910789894, 227.11]]}}, {"type": "Feature", "id": "https://registry.gdi-de.org/de.nw/radnetz/instances/Section_Wuppertal_5513_120", "name": " (ex-nw:Section_Wuppertal_5513_120)", "dateprops": [], "properties": {"https://registry.gdi-de.org/up3/ontology/quell-ID": "5513", "https://registry.gdi-de.org/up3/ontology/steigung": "0.309606", "https://registry.gdi-de.org/up3/ontology/strecken-ID": "Section_Wuppertal_5513_120", "http://rdfs.org/ns/void#inDataset.value": "4635"}, "geometry": {"type": "LineString", "coordinates": [[7.1508447682, 51.2589717422, 146.41], [7.1515723069, 51.2588853274, 146.57]]}}, {"type": "Feature", "id": "https://registry.gdi-de.org/de.nw/radnetz/instances/Section_Wuppertal_1227540_681_right", "name": " (ex-nw:Section_Wuppertal_1227540_681_right)", "dateprops": [], "properties": {"https://registry.gdi-de.org/up3/ontology/quell-ID": "1227540", "https://registry.gdi-de.org/up3/ontology/steigung": "2.149702", "https://registry.gdi-de.org/up3/ontology/strecken-ID": "Section_Wuppertal_1227540_681_right", "http://rdfs.org/ns/void#inDataset.value": "4635"}, "geometry": {"type": "LineString", "coordinates": [[7.1059724914, 51.255502084, 162.43], [7.1060496938, 51.2555753373, 162.64]]}}, {"type": "Feature", "id": "https://registry.gdi-de.org/de.nw/radnetz/instances/Section_Wuppertal_11337_238", "name": " (ex-nw:Section_Wuppertal_11337_238)", "dateprops": [], "properties": {"https://registry.gdi-de.org/up3/ontology/quell-ID": "11337", "https://registry.gdi-de.org/up3/ontology/steigung": "2.09559", "https://registry.gdi-de.org/up3/ontology/strecken-ID": "Section_Wuppertal_11337_238", "http://rdfs.org/ns/void#inDataset.value": "4635"}, "geometry": {"type": "LineString", "coordinates": [[7.1146938903, 51.2835927279, 268.65], [7.1167400043, 51.2828541965, 0.0], [7.1170456461, 51.2827801855, 272.58]]}}, {"type": "Feature", "id": "https://registry.gdi-de.org/de.nw/radnetz/instances/Section_Wuppertal_1223083_328", "name": " (ex-nw:Section_Wuppertal_1223083_328)", "dateprops": [], "properties": {"https://registry.gdi-de.org/up3/ontology/quell-ID": "1223083", "https://registry.gdi-de.org/up3/ontology/steigung": "0.09755888", "https://registry.gdi-de.org/up3/ontology/strecken-ID": "Section_Wuppertal_1223083_328", "http://rdfs.org/ns/void#inDataset.value": "4635"}, "geometry": {"type": "LineString", "coordinates": [[7.1960252855, 51.2734527994, 134.2177], [7.1963429358, 51.2736086178, 0.0], [7.1968292641, 51.2738638961, 0.0], [7.1973513065, 51.2741557252, 0.0], [7.1975822081, 51.2742948215, 182.34]]}}, {"type": "Feature", "id": "https://registry.gdi-de.org/de.nw/radnetz/instances/Section_Wuppertal_1225644_491_right", "name": " (ex-nw:Section_Wuppertal_1225644_491_right)", "dateprops": [], "properties": {"https://registry.gdi-de.org/up3/ontology/quell-ID": "1225644", "https://registry.gdi-de.org/up3/ontology/steigung": "5.304149", "https://registry.gdi-de.org/up3/ontology/strecken-ID": "Section_Wuppertal_1225644_491_right", "http://rdfs.org/ns/void#inDataset.value": "4635"}, "geometry": {"type": "LineString", "coordinates": [[7.0601661962, 51.2199502416, 220.82], [7.0601713095, 51.2195960168, 222.91]]}}, {"type": "Feature", "id": "https://registry.gdi-de.org/de.nw/radnetz/instances/Section_Wuppertal_1229652_740", "name": " (ex-nw:Section_Wuppertal_1229652_740)", "dateprops": [], "properties": {"https://registry.gdi-de.org/up3/ontology/quell-ID": "1229652", "https://registry.gdi-de.org/up3/ontology/steigung": "0.01487092", "https://registry.gdi-de.org/up3/ontology/strecken-ID": "Section_Wuppertal_1229652_740", "http://rdfs.org/ns/void#inDataset.value": "4635"}, "geometry": {"type": "LineString", "coordinates": [[7.1954590926, 51.2701575552, 154.42], [7.1954959291, 51.2701950297, 154.4207], [7.1957768435, 51.2703091609, 154.4243], [7.1960726919, 51.2704306819, 154.4279], [7.1961690765, 51.2705443547, 154.43]]}}, {"type": "Feature", "id": "https://registry.gdi-de.org/de.nw/radnetz/instances/Section_Wuppertal_1229674_744_left", "name": " (ex-nw:Section_Wuppertal_1229674_744_left)", "dateprops": [], "properties": {"https://registry.gdi-de.org/up3/ontology/quell-ID": "1229674", "https://registry.gdi-de.org/up3/ontology/steigung": "0.1692054", "https://registry.gdi-de.org/up3/ontology/strecken-ID": "Section_Wuppertal_1229674_744_left", "http://rdfs.org/ns/void#inDataset.value": "4635"}, "geometry": {"type": "LineString", "coordinates": [[7.1029326217, 51.240739261, 138.03], [7.1029295404, 51.240633015, 138.05]]}}, {"type": "Feature", "id": "https://registry.gdi-de.org/de.nw/radnetz/instances/Section_Wuppertal_3531_85_right", "name": " (ex-nw:Section_Wuppertal_3531_85_right)", "dateprops": [], "properties": {"https://registry.gdi-de.org/up3/ontology/quell-ID": "3531", "https://registry.gdi-de.org/up3/ontology/steigung": "0.1787246", "https://registry.gdi-de.org/up3/ontology/strecken-ID": "Section_Wuppertal_3531_85_right", "http://rdfs.org/ns/void#inDataset.value": "4635"}, "geometry": {"type": "LineString", "coordinates": [[7.0702095686, 51.2407542266, 208.45], [7.0704123925, 51.2417014384, 208.64]]}}, {"type": "Feature", "id": "https://registry.gdi-de.org/de.nw/radnetz/instances/Section_Wuppertal_1227316_1102_left", "name": " (ex-nw:Section_Wuppertal_1227316_1102_left)", "dateprops": [], "properties": {"https://registry.gdi-de.org/up3/ontology/quell-ID": "1227316", "https://registry.gdi-de.org/up3/ontology/steigung": "0.0", "https://registry.gdi-de.org/up3/ontology/strecken-ID": "Section_Wuppertal_1227316_1102_left", "http://rdfs.org/ns/void#inDataset.value": "4635"}, "geometry": {"type": "LineString", "coordinates": [[7.0711398525, 51.2738478023, 158.93], [7.0710704013, 51.2737774732, 161.46]]}}, {"type": "Feature", "id": "https://registry.gdi-de.org/de.nw/radnetz/instances/Section_Wuppertal_5702_1031_right", "name": " (ex-nw:Section_Wuppertal_5702_1031_right)", "dateprops": [], "properties": {"https://registry.gdi-de.org/up3/ontology/quell-ID": "5702", "https://registry.gdi-de.org/up3/ontology/steigung": "6.399861", "https://registry.gdi-de.org/up3/ontology/strecken-ID": "Section_Wuppertal_5702_1031_right", "http://rdfs.org/ns/void#inDataset.value": "4635"}, "geometry": {"type": "LineString", "coordinates": [[7.1290984526, 51.2769428487, 0.0], [7.1285808943, 51.2774472479, 0.0]]}}, {"type": "Feature", "id": "https://registry.gdi-de.org/de.nw/radnetz/instances/Section_Wuppertal_10208_955", "name": " (ex-nw:Section_Wuppertal_10208_955)", "dateprops": [], "properties": {"https://registry.gdi-de.org/up3/ontology/quell-ID": "10208", "https://registry.gdi-de.org/up3/ontology/steigung": "1.51987", "https://registry.gdi-de.org/up3/ontology/strecken-ID": "Section_Wuppertal_10208_955", "http://rdfs.org/ns/void#inDataset.value": "4635"}, "geometry": {"type": "LineString", "coordinates": [[7.1476259244, 51.2637868785, 0.0], [7.1473931269, 51.264220864, 0.0], [7.1472305665, 51.2646413157, 0.0], [7.1472121508, 51.2650045948, 0.0]]}}, {"type": "Feature", "id": "https://registry.gdi-de.org/de.nw/radnetz/instances/Section_Wuppertal_1228327_699_right", "name": " (ex-nw:Section_Wuppertal_1228327_699_right)", "dateprops": [], "properties": {"https://registry.gdi-de.org/up3/ontology/quell-ID": "1228327", "https://registry.gdi-de.org/up3/ontology/steigung": "2.957477", "https://registry.gdi-de.org/up3/ontology/strecken-ID": "Section_Wuppertal_1228327_699_right", "http://rdfs.org/ns/void#inDataset.value": "4635"}, "geometry": {"type": "LineString", "coordinates": [[7.0737296429, 51.2530612012, 185.36], [7.0740948256, 51.2531329827, 186.15]]}}, {"type": "Feature", "id": "https://registry.gdi-de.org/de.nw/radnetz/instances/Section_Wuppertal_9202_187", "name": " (ex-nw:Section_Wuppertal_9202_187)", "dateprops": [], "properties": {"https://registry.gdi-de.org/up3/ontology/quell-ID": "9202", "https://registry.gdi-de.org/up3/ontology/steigung": "0.0888003", "https://registry.gdi-de.org/up3/ontology/strecken-ID": "Section_Wuppertal_9202_187", "http://rdfs.org/ns/void#inDataset.value": "4635"}, "geometry": {"type": "LineString", "coordinates": [[7.102945077, 51.2415863983, 137.71], [7.103106974, 51.2426953981, 137.82]]}}, {"type": "Feature", "id": "https://registry.gdi-de.org/de.nw/radnetz/instances/Section_Wuppertal_9125_1033_right", "name": " (ex-nw:Section_Wuppertal_9125_1033_right)", "dateprops": [], "properties": {"https://registry.gdi-de.org/up3/ontology/quell-ID": "9125", "https://registry.gdi-de.org/up3/ontology/steigung": "6.943265", "https://registry.gdi-de.org/up3/ontology/strecken-ID": "Section_Wuppertal_9125_1033_right", "http://rdfs.org/ns/void#inDataset.value": "4635"}, "geometry": {"type": "LineString", "coordinates": [[7.1308761776, 51.2730825465, 0.0], [7.1310434961, 51.2733139483, 0.0], [7.1310594271, 51.2734420578, 0.0], [7.1310598602, 51.2735139466, 0.0]]}}, {"type": "Feature", "id": "https://registry.gdi-de.org/de.nw/radnetz/instances/Section_Wuppertal_6848_915", "name": " (ex-nw:Section_Wuppertal_6848_915)", "dateprops": [], "properties": {"https://registry.gdi-de.org/up3/ontology/quell-ID": "6848", "https://registry.gdi-de.org/up3/ontology/steigung": "3.273632", "https://registry.gdi-de.org/up3/ontology/strecken-ID": "Section_Wuppertal_6848_915", "http://rdfs.org/ns/void#inDataset.value": "4635"}, "geometry": {"type": "LineString", "coordinates": [[7.2472386828, 51.3122669047, 317.67], [7.2481106144, 51.3122591463, 319.66]]}}, {"type": "Feature", "id": "https://registry.gdi-de.org/de.nw/radnetz/instances/Section_Wuppertal_4575_104", "name": " (ex-nw:Section_Wuppertal_4575_104)", "dateprops": [], "properties": {"https://registry.gdi-de.org/up3/ontology/quell-ID": "4575", "https://registry.gdi-de.org/up3/ontology/steigung": "2.606501", "https://registry.gdi-de.org/up3/ontology/strecken-ID": "Section_Wuppertal_4575_104", "http://rdfs.org/ns/void#inDataset.value": "4635"}, "geometry": {"type": "LineString", "coordinates": [[7.051329871, 51.2102149175, 222.45], [7.05299703, 51.2107077187, 0.0], [7.0539876559, 51.2108338525, 0.0], [7.0540002989, 51.2108359856, 227.67]]}}, {"type": "Feature", "id": "https://registry.gdi-de.org/de.nw/radnetz/instances/Section_Wuppertal_1223033_308", "name": " (ex-nw:Section_Wuppertal_1223033_308)", "dateprops": [], "properties": {"https://registry.gdi-de.org/up3/ontology/quell-ID": "1223033", "https://registry.gdi-de.org/up3/ontology/steigung": "0.3621288", "https://registry.gdi-de.org/up3/ontology/strecken-ID": "Section_Wuppertal_1223033_308", "http://rdfs.org/ns/void#inDataset.value": "4635"}, "geometry": {"type": "LineString", "coordinates": [[7.1341561015, 51.2657623436, 176.98], [7.1333101979, 51.2656336233, 177.1465], [7.1326435169, 51.2654828007, 177.2603], [7.1318446863, 51.2652042841, 177.61]]}}, {"type": "Feature", "id": "https://registry.gdi-de.org/de.nw/radnetz/instances/Section_Wuppertal_1225882_1044_right", "name": " (ex-nw:Section_Wuppertal_1225882_1044_right)", "dateprops": [], "properties": {"https://registry.gdi-de.org/up3/ontology/quell-ID": "1225882", "https://registry.gdi-de.org/up3/ontology/steigung": "8.263931", "https://registry.gdi-de.org/up3/ontology/strecken-ID": "Section_Wuppertal_1225882_1044_right", "http://rdfs.org/ns/void#inDataset.value": "4635"}, "geometry": {"type": "LineString", "coordinates": [[7.1309731828, 51.2736955526, 0.0], [7.1309148567, 51.2738014639, 0.0]]}}, {"type": "Feature", "id": "https://registry.gdi-de.org/de.nw/radnetz/instances/Section_Wuppertal_7419_1051_right", "name": " (ex-nw:Section_Wuppertal_7419_1051_right)", "dateprops": [], "properties": {"https://registry.gdi-de.org/up3/ontology/quell-ID": "7419", "https://registry.gdi-de.org/up3/ontology/steigung": "7.226274", "https://registry.gdi-de.org/up3/ontology/strecken-ID": "Section_Wuppertal_7419_1051_right", "http://rdfs.org/ns/void#inDataset.value": "4635"}, "geometry": {"type": "LineString", "coordinates": [[7.1276880459, 51.2804213012, 0.0], [7.1279673499, 51.2790688192, 0.0], [7.1279745254, 51.2790195087, 0.0]]}}, {"type": "Feature", "id": "https://registry.gdi-de.org/de.nw/radnetz/instances/Section_Wuppertal_1227561_931_right", "name": " (ex-nw:Section_Wuppertal_1227561_931_right)", "dateprops": [], "properties": {"https://registry.gdi-de.org/up3/ontology/quell-ID": "1227561", "https://registry.gdi-de.org/up3/ontology/steigung": "3.798759", "https://registry.gdi-de.org/up3/ontology/strecken-ID": "Section_Wuppertal_1227561_931_right", "http://rdfs.org/ns/void#inDataset.value": "4635"}, "geometry": {"type": "LineString", "coordinates": [[7.2497580262, 51.3101014178, 314.85], [7.2493097727, 51.310693928, 0.0], [7.2491283906, 51.3109823134, 0.0], [7.249065522, 51.3111552552, 319.68]]}}, {"type": "Feature", "id": "https://registry.gdi-de.org/de.nw/radnetz/instances/Section_Wuppertal_10541_917", "name": " (ex-nw:Section_Wuppertal_10541_917)", "dateprops": [], "properties": {"https://registry.gdi-de.org/up3/ontology/quell-ID": "10541", "https://registry.gdi-de.org/up3/ontology/steigung": "1.416986", "https://registry.gdi-de.org/up3/ontology/strecken-ID": "Section_Wuppertal_10541_917", "http://rdfs.org/ns/void#inDataset.value": "4635"}, "geometry": {"type": "LineString", "coordinates": [[7.2488517768, 51.3119497776, 321.27], [7.2487686626, 51.31237167, 321.94]]}}, {"type": "Feature", "id": "https://registry.gdi-de.org/de.nw/radnetz/instances/Section_Wuppertal_10934_936_right", "name": " (ex-nw:Section_Wuppertal_10934_936_right)", "dateprops": [], "properties": {"https://registry.gdi-de.org/up3/ontology/quell-ID": "10934", "https://registry.gdi-de.org/up3/ontology/steigung": "1.909064", "https://registry.gdi-de.org/up3/ontology/strecken-ID": "Section_Wuppertal_10934_936_right", "http://rdfs.org/ns/void#inDataset.value": "4635"}, "geometry": {"type": "LineString", "coordinates": [[7.0723284746, 51.2275839794, 193.61], [7.0723648314, 51.2269841832, 0.0], [7.0723154504, 51.2268048663, 0.0], [7.0722308478, 51.226644381, 195.63]]}}, {"type": "Feature", "id": "https://registry.gdi-de.org/de.nw/radnetz/instances/Section_Wuppertal_349_8", "name": " (ex-nw:Section_Wuppertal_349_8)", "dateprops": [], "properties": {"https://registry.gdi-de.org/up3/ontology/quell-ID": "349", "https://registry.gdi-de.org/up3/ontology/steigung": "0.4841541", "https://registry.gdi-de.org/up3/ontology/strecken-ID": "Section_Wuppertal_349_8", "http://rdfs.org/ns/void#inDataset.value": "4635"}, "geometry": {"type": "LineString", "coordinates": [[7.1763406596, 51.2647817458, 151.2], [7.1767997157, 51.2650162265, 151.4]]}}, {"type": "Feature", "id": "https://registry.gdi-de.org/de.nw/radnetz/instances/Section_Wuppertal_6288_133", "name": " (ex-nw:Section_Wuppertal_6288_133)", "dateprops": [], "properties": {"https://registry.gdi-de.org/up3/ontology/quell-ID": "6288", "https://registry.gdi-de.org/up3/ontology/steigung": "0.522354", "https://registry.gdi-de.org/up3/ontology/strecken-ID": "Section_Wuppertal_6288_133", "http://rdfs.org/ns/void#inDataset.value": "4635"}, "geometry": {"type": "LineString", "coordinates": [[7.1923747602, 51.2406872885, 344.18], [7.1927768257, 51.2401756253, 0.0], [7.1934243344, 51.2393618349, 345.04]]}}, {"type": "Feature", "id": "https://registry.gdi-de.org/de.nw/radnetz/instances/Section_Wuppertal_1223086_329", "name": " (ex-nw:Section_Wuppertal_1223086_329)", "dateprops": [], "properties": {"https://registry.gdi-de.org/up3/ontology/quell-ID": "1223086", "https://registry.gdi-de.org/up3/ontology/steigung": "3.426915", "https://registry.gdi-de.org/up3/ontology/strecken-ID": "Section_Wuppertal_1223086_329", "http://rdfs.org/ns/void#inDataset.value": "4635"}, "geometry": {"type": "LineString", "coordinates": [[7.1975822081, 51.2742948215, 182.34], [7.1977032227, 51.2742217099, 0.0], [7.1976765321, 51.2741425865, 183.05]]}}, {"type": "Feature", "id": "https://registry.gdi-de.org/de.nw/radnetz/instances/Section_Wuppertal_11661_245", "name": " (ex-nw:Section_Wuppertal_11661_245)", "dateprops": [], "properties": {"https://registry.gdi-de.org/up3/ontology/quell-ID": "11661", "https://registry.gdi-de.org/up3/ontology/steigung": "0.9473227", "https://registry.gdi-de.org/up3/ontology/strecken-ID": "Section_Wuppertal_11661_245", "http://rdfs.org/ns/void#inDataset.value": "4635"}, "geometry": {"type": "LineString", "coordinates": [[7.1454741071, 51.2544596566, 146.42], [7.1446283495, 51.2544319258, 146.98]]}}, {"type": "Feature", "id": "https://registry.gdi-de.org/de.nw/radnetz/instances/Section_Wuppertal_1226384_941_right", "name": " (ex-nw:Section_Wuppertal_1226384_941_right)", "dateprops": [], "properties": {"https://registry.gdi-de.org/up3/ontology/quell-ID": "1226384", "https://registry.gdi-de.org/up3/ontology/steigung": "2.799898", "https://registry.gdi-de.org/up3/ontology/strecken-ID": "Section_Wuppertal_1226384_941_right", "http://rdfs.org/ns/void#inDataset.value": "4635"}, "geometry": {"type": "LineString", "coordinates": [[7.2498997021, 51.2995479706, 253.13], [7.2500388728, 51.2996285495, 0.0], [7.25016363, 51.2997137276, 253.86]]}}, {"type": "Feature", "id": "https://registry.gdi-de.org/de.nw/radnetz/instances/Section_Wuppertal_1226958_654_left", "name": " (ex-nw:Section_Wuppertal_1226958_654_left)", "dateprops": [], "properties": {"https://registry.gdi-de.org/up3/ontology/quell-ID": "1226958", "https://registry.gdi-de.org/up3/ontology/steigung": "5.841933", "https://registry.gdi-de.org/up3/ontology/strecken-ID": "Section_Wuppertal_1226958_654_left", "http://rdfs.org/ns/void#inDataset.value": "4635"}, "geometry": {"type": "LineString", "coordinates": [[7.2296658938, 51.2548934398, 179.44], [7.2281858911, 51.2539528095, 0.0], [7.2279522247, 51.2537844716, 0.0], [7.2274717455, 51.2534928778, 0.0], [7.2270304056, 51.2531111702, 195.27]]}}, {"type": "Feature", "id": "https://registry.gdi-de.org/de.nw/radnetz/instances/Section_Wuppertal_1227841_1084", "name": " (ex-nw:Section_Wuppertal_1227841_1084)", "dateprops": [], "properties": {"https://registry.gdi-de.org/up3/ontology/quell-ID": "1227841", "https://registry.gdi-de.org/up3/ontology/steigung": "0.6892243", "https://registry.gdi-de.org/up3/ontology/strecken-ID": "Section_Wuppertal_1227841_1084", "http://rdfs.org/ns/void#inDataset.value": "4635"}, "geometry": {"type": "LineString", "coordinates": [[7.1458424582, 51.2631794415, 0.0], [7.145866955, 51.2630630558, 0.0]]}}, {"type": "Feature", "id": "https://registry.gdi-de.org/de.nw/radnetz/instances/Section_Wuppertal_1228468_994", "name": " (ex-nw:Section_Wuppertal_1228468_994)", "dateprops": [], "properties": {"https://registry.gdi-de.org/up3/ontology/quell-ID": "1228468", "https://registry.gdi-de.org/up3/ontology/steigung": "0.7543248", "https://registry.gdi-de.org/up3/ontology/strecken-ID": "Section_Wuppertal_1228468_994", "http://rdfs.org/ns/void#inDataset.value": "4635"}, "geometry": {"type": "LineString", "coordinates": [[7.1513722803, 51.2253602423, 0.0], [7.1511098249, 51.2260438415, 0.0]]}}, {"type": "Feature", "id": "https://registry.gdi-de.org/de.nw/radnetz/instances/Section_Wuppertal_12393_265_left", "name": " (ex-nw:Section_Wuppertal_12393_265_left)", "dateprops": [], "properties": {"https://registry.gdi-de.org/up3/ontology/quell-ID": "12393", "https://registry.gdi-de.org/up3/ontology/steigung": "0.01816397", "https://registry.gdi-de.org/up3/ontology/strecken-ID": "Section_Wuppertal_12393_265_left", "http://rdfs.org/ns/void#inDataset.value": "4635"}, "geometry": {"type": "LineString", "coordinates": [[7.2297565885, 51.2586017062, 180.85], [7.2299559447, 51.2590940042, 0.0], [7.2303253096, 51.2594825084, 0.0], [7.2308793206, 51.2598753512, 180.88]]}}, {"type": "Feature", "id": "https://registry.gdi-de.org/de.nw/radnetz/instances/Section_Wuppertal_1226630_607", "name": " (ex-nw:Section_Wuppertal_1226630_607)", "dateprops": [], "properties": {"https://registry.gdi-de.org/up3/ontology/quell-ID": "1226630", "https://registry.gdi-de.org/up3/ontology/steigung": "1.307943", "https://registry.gdi-de.org/up3/ontology/strecken-ID": "Section_Wuppertal_1226630_607", "http://rdfs.org/ns/void#inDataset.value": "4635"}, "geometry": {"type": "LineString", "coordinates": [[7.1103933635, 51.2867063925, 251.25], [7.1101346614, 51.2870974564, 0.0], [7.1099711355, 51.2874494562, 0.0], [7.1099484457, 51.287488638, 252.46]]}}, {"type": "Feature", "id": "https://registry.gdi-de.org/de.nw/radnetz/instances/Section_Wuppertal_1225030_979", "name": " (ex-nw:Section_Wuppertal_1225030_979)", "dateprops": [], "properties": {"https://registry.gdi-de.org/up3/ontology/quell-ID": "1225030", "https://registry.gdi-de.org/up3/ontology/steigung": "2.834918", "https://registry.gdi-de.org/up3/ontology/strecken-ID": "Section_Wuppertal_1225030_979", "http://rdfs.org/ns/void#inDataset.value": "4635"}, "geometry": {"type": "LineString", "coordinates": [[7.1503769798, 51.2281360771, 0.0], [7.1503473616, 51.228203321, 0.0]]}}, {"type": "Feature", "id": "https://registry.gdi-de.org/de.nw/radnetz/instances/Section_Wuppertal_7165_1082", "name": " (ex-nw:Section_Wuppertal_7165_1082)", "dateprops": [], "properties": {"https://registry.gdi-de.org/up3/ontology/quell-ID": "7165", "https://registry.gdi-de.org/up3/ontology/steigung": "5.563102", "https://registry.gdi-de.org/up3/ontology/strecken-ID": "Section_Wuppertal_7165_1082", "http://rdfs.org/ns/void#inDataset.value": "4635"}, "geometry": {"type": "LineString", "coordinates": [[7.1461668936, 51.2615109925, 0.0], [7.1460404639, 51.2621720628, 0.0]]}}, {"type": "Feature", "id": "https://registry.gdi-de.org/de.nw/radnetz/instances/Section_Wuppertal_1223202_363", "name": " (ex-nw:Section_Wuppertal_1223202_363)", "dateprops": [], "properties": {"https://registry.gdi-de.org/up3/ontology/quell-ID": "1223202", "https://registry.gdi-de.org/up3/ontology/steigung": "2.316814", "https://registry.gdi-de.org/up3/ontology/strecken-ID": "Section_Wuppertal_1223202_363", "http://rdfs.org/ns/void#inDataset.value": "4635"}, "geometry": {"type": "LineString", "coordinates": [[7.1267839209, 51.2249156951, 277.64], [7.1268375953, 51.2246179142, 0.0], [7.126929064, 51.2243931676, 0.0], [7.1271120585, 51.2241957387, 0.0], [7.1272631433, 51.2240236507, 0.0], [7.1275381855, 51.2238406213, 0.0], [7.1281252127, 51.2235785608, 0.0], [7.1285735373, 51.2234370799, 0.0], [7.1290704079, 51.2233674683, 0.0], [7.1295340628, 51.2233554915, 0.0], [7.1300256951, 51.2234150557, 0.0], [7.1305365927, 51.2235072417, 0.0], [7.1309201334, 51.2236943383, 0.0], [7.1313627782, 51.2239470099, 0.0], [7.1316493045, 51.2242424289, 0.0], [7.131860691, 51.2246142045, 0.0], [7.1319319959, 51.2248867967, 0.0], [7.1320793173, 51.2253157178, 0.0], [7.1322819941, 51.2256485758, 0.0], [7.132580131, 51.2259118616, 0.0], [7.1329813981, 51.2261703288, 0.0], [7.1333335884, 51.2263698439, 0.0], [7.1337868204, 51.2266162106, 0.0], [7.1341099864, 51.2267700183, 0.0], [7.1344758692, 51.2268857258, 0.0], [7.1347306886, 51.2269479572, 0.0], [7.1349348578, 51.2269899914, 0.0], [7.1351601225, 51.2270194347, 0.0], [7.1354920238, 51.2270339944, 298.92]]}}, {"type": "Feature", "id": "https://registry.gdi-de.org/de.nw/radnetz/instances/Section_Wuppertal_1229572_728", "name": " (ex-nw:Section_Wuppertal_1229572_728)", "dateprops": [], "properties": {"https://registry.gdi-de.org/up3/ontology/quell-ID": "1229572", "https://registry.gdi-de.org/up3/ontology/steigung": "4.078939", "https://registry.gdi-de.org/up3/ontology/strecken-ID": "Section_Wuppertal_1229572_728", "http://rdfs.org/ns/void#inDataset.value": "4635"}, "geometry": {"type": "LineString", "coordinates": [[7.2358039854, 51.2372989603, 293.0], [7.2359079497, 51.2358302635, 299.67]]}}, {"type": "Feature", "id": "https://registry.gdi-de.org/de.nw/radnetz/instances/Section_Wuppertal_1229956_822", "name": " (ex-nw:Section_Wuppertal_1229956_822)", "dateprops": [], "properties": {"https://registry.gdi-de.org/up3/ontology/quell-ID": "1229956", "https://registry.gdi-de.org/up3/ontology/steigung": "1.625651", "https://registry.gdi-de.org/up3/ontology/strecken-ID": "Section_Wuppertal_1229956_822", "http://rdfs.org/ns/void#inDataset.value": "4635"}, "geometry": {"type": "LineString", "coordinates": [[7.1122844308, 51.2456080202, 187.41], [7.1123163868, 51.2455229881, 0.0], [7.1122190326, 51.2453856908, 0.0], [7.1120998023, 51.2450282932, 187.74]]}}, {"type": "Feature", "id": "https://registry.gdi-de.org/de.nw/radnetz/instances/Section_Wuppertal_1229807_774_right", "name": " (ex-nw:Section_Wuppertal_1229807_774_right)", "dateprops": [], "properties": {"https://registry.gdi-de.org/up3/ontology/quell-ID": "1229807", "https://registry.gdi-de.org/up3/ontology/steigung": "1.860312", "https://registry.gdi-de.org/up3/ontology/strecken-ID": "Section_Wuppertal_1229807_774_right", "http://rdfs.org/ns/void#inDataset.value": "4635"}, "geometry": {"type": "LineString", "coordinates": [[7.1313778714, 51.1993374557, 262.95], [7.1314109251, 51.1994907011, 263.27]]}}, {"type": "Feature", "id": "https://registry.gdi-de.org/de.nw/radnetz/instances/Section_Wuppertal_12461_267", "name": " (ex-nw:Section_Wuppertal_12461_267)", "dateprops": [], "properties": {"https://registry.gdi-de.org/up3/ontology/quell-ID": "12461", "https://registry.gdi-de.org/up3/ontology/steigung": "5.236698", "https://registry.gdi-de.org/up3/ontology/strecken-ID": "Section_Wuppertal_12461_267", "http://rdfs.org/ns/void#inDataset.value": "4635"}, "geometry": {"type": "LineString", "coordinates": [[7.2546860833, 51.2848037824, 189.94], [7.2541451656, 51.2851208966, 0.0], [7.2538376488, 51.2853474875, 0.0], [7.2537025218, 51.2855317709, 0.0], [7.253247632, 51.2859064593, 0.0], [7.2531290896, 51.2860113722, 0.0], [7.2528037888, 51.2862064912, 0.0], [7.2526739409, 51.2862936086, 201.39]]}}, {"type": "Feature", "id": "https://registry.gdi-de.org/de.nw/radnetz/instances/Section_Wuppertal_1229887_800", "name": " (ex-nw:Section_Wuppertal_1229887_800)", "dateprops": [], "properties": {"https://registry.gdi-de.org/up3/ontology/quell-ID": "1229887", "https://registry.gdi-de.org/up3/ontology/steigung": "3.000878", "https://registry.gdi-de.org/up3/ontology/strecken-ID": "Section_Wuppertal_1229887_800", "http://rdfs.org/ns/void#inDataset.value": "4635"}, "geometry": {"type": "LineString", "coordinates": [[7.0422712391, 51.2119837216, 200.12], [7.0428954529, 51.2115929356, 0.0], [7.043988375, 51.2108807333, 0.0], [7.0446081528, 51.2104502872, 0.0], [7.0450537652, 51.2103443843, 0.0], [7.0456084039, 51.2105047859, 0.0], [7.0462637653, 51.2106542719, 0.0], [7.0465377693, 51.210478105, 211.77]]}}, {"type": "Feature", "id": "https://registry.gdi-de.org/de.nw/radnetz/instances/Section_Wuppertal_1827_38_left", "name": " (ex-nw:Section_Wuppertal_1827_38_left)", "dateprops": [], "properties": {"https://registry.gdi-de.org/up3/ontology/quell-ID": "1827", "https://registry.gdi-de.org/up3/ontology/steigung": "3.555735", "https://registry.gdi-de.org/up3/ontology/strecken-ID": "Section_Wuppertal_1827_38_left", "http://rdfs.org/ns/void#inDataset.value": "4635"}, "geometry": {"type": "LineString", "coordinates": [[7.072035535, 51.2510097473, 186.54], [7.0717240961, 51.2505263199, 0.0], [7.0714909326, 51.2501176994, 0.0], [7.0708773236, 51.2491625669, 0.0], [7.0708039135, 51.2489343185, 0.0], [7.0706493651, 51.248142087, 198.47]]}}, {"type": "Feature", "id": "https://registry.gdi-de.org/de.nw/radnetz/instances/Section_Wuppertal_3090_73_right", "name": " (ex-nw:Section_Wuppertal_3090_73_right)", "dateprops": [], "properties": {"https://registry.gdi-de.org/up3/ontology/quell-ID": "3090", "https://registry.gdi-de.org/up3/ontology/steigung": "0.850223", "https://registry.gdi-de.org/up3/ontology/strecken-ID": "Section_Wuppertal_3090_73_right", "http://rdfs.org/ns/void#inDataset.value": "4635"}, "geometry": {"type": "LineString", "coordinates": [[7.1311938991, 51.197914102, 259.87], [7.1311983035, 51.1980938398, 260.04]]}}, {"type": "Feature", "id": "https://registry.gdi-de.org/de.nw/radnetz/instances/Section_Wuppertal_7308_150_right", "name": " (ex-nw:Section_Wuppertal_7308_150_right)", "dateprops": [], "properties": {"https://registry.gdi-de.org/up3/ontology/quell-ID": "7308", "https://registry.gdi-de.org/up3/ontology/steigung": "3.840327", "https://registry.gdi-de.org/up3/ontology/strecken-ID": "Section_Wuppertal_7308_150_right", "http://rdfs.org/ns/void#inDataset.value": "4635"}, "geometry": {"type": "LineString", "coordinates": [[7.1559767924, 51.3027540829, 280.59], [7.1537670067, 51.3037619346, 0.0], [7.1532635779, 51.303946863, 289.47]]}}, {"type": "Feature", "id": "https://registry.gdi-de.org/de.nw/radnetz/instances/Section_Wuppertal_11261_236", "name": " (ex-nw:Section_Wuppertal_11261_236)", "dateprops": [], "properties": {"https://registry.gdi-de.org/up3/ontology/quell-ID": "11261", "https://registry.gdi-de.org/up3/ontology/steigung": "1.945962", "https://registry.gdi-de.org/up3/ontology/strecken-ID": "Section_Wuppertal_11261_236", "http://rdfs.org/ns/void#inDataset.value": "4635"}, "geometry": {"type": "LineString", "coordinates": [[7.2536214565, 51.2530903656, 192.15], [7.2538682018, 51.2529301345, 0.0], [7.2541128444, 51.252836408, 0.0], [7.2549250627, 51.2526430273, 0.0], [7.2552289527, 51.2525100461, 0.0], [7.2560363233, 51.2517656917, 0.0], [7.256092538, 51.2516346568, 0.0], [7.256036255, 51.2514458893, 0.0], [7.2559289124, 51.2511863513, 0.0], [7.255310354, 51.2495120257, 0.0], [7.2551603095, 51.249261943, 0.0], [7.2548485957, 51.2488607804, 0.0], [7.2547548517, 51.2485741285, 0.0], [7.254519619, 51.2483519253, 0.0], [7.2542651791, 51.2479501477, 0.0], [7.2539694835, 51.2476117266, 0.0], [7.2536698396, 51.2471295213, 0.0], [7.2530849424, 51.2466863101, 0.0], [7.2524620173, 51.2464233021, 0.0], [7.2518575691, 51.2463129328, 0.0], [7.2517435131, 51.2463321314, 0.0], [7.2512824621, 51.2462292144, 0.0], [7.2508043704, 51.2460275978, 0.0], [7.2504709107, 51.2458783676, 0.0], [7.2501643689, 51.2456659161, 0.0], [7.2494959984, 51.2453135233, 0.0], [7.2486572873, 51.2450168712, 0.0], [7.2480044717, 51.2447092397, 0.0], [7.2473936462, 51.2443651919, 0.0], [7.2470318316, 51.2442252252, 0.0], [7.2467408773, 51.2440575449, 0.0], [7.2463203247, 51.2438642674, 0.0], [7.2460400321, 51.2435616176, 0.0], [7.2455731208, 51.2432429677, 0.0], [7.2456803708, 51.242972164, 0.0], [7.2459951105, 51.2418991263, 0.0], [7.2459295837, 51.2415941967, 0.0], [7.2454847546, 51.2410326434, 0.0], [7.2449571458, 51.2400584559, 0.0], [7.2448328786, 51.2397002079, 0.0], [7.2447279586, 51.2380104788, 233.12]]}}, {"type": "Feature", "id": "https://registry.gdi-de.org/de.nw/radnetz/instances/Section_Wuppertal_4263_100", "name": " (ex-nw:Section_Wuppertal_4263_100)", "dateprops": [], "properties": {"https://registry.gdi-de.org/up3/ontology/quell-ID": "4263", "https://registry.gdi-de.org/up3/ontology/steigung": "0.1947942", "https://registry.gdi-de.org/up3/ontology/strecken-ID": "Section_Wuppertal_4263_100", "http://rdfs.org/ns/void#inDataset.value": "4635"}, "geometry": {"type": "LineString", "coordinates": [[7.2438039954, 51.2289380857, 259.76], [7.2438441881, 51.2286623153, 259.82]]}}, {"type": "Feature", "id": "https://registry.gdi-de.org/de.nw/radnetz/instances/Section_Wuppertal_1226873_644_left", "name": " (ex-nw:Section_Wuppertal_1226873_644_left)", "dateprops": [], "properties": {"https://registry.gdi-de.org/up3/ontology/quell-ID": "1226873", "https://registry.gdi-de.org/up3/ontology/steigung": "0.3840903", "https://registry.gdi-de.org/up3/ontology/strecken-ID": "Section_Wuppertal_1226873_644_left", "http://rdfs.org/ns/void#inDataset.value": "4635"}, "geometry": {"type": "LineString", "coordinates": [[7.2476904778, 51.2754408757, 201.32], [7.2474316656, 51.2754186436, 201.39]]}}, {"type": "Feature", "id": "https://registry.gdi-de.org/de.nw/radnetz/instances/Section_Wuppertal_1225184_454", "name": " (ex-nw:Section_Wuppertal_1225184_454)", "dateprops": [], "properties": {"https://registry.gdi-de.org/up3/ontology/quell-ID": "1225184", "https://registry.gdi-de.org/up3/ontology/steigung": "4.014139", "https://registry.gdi-de.org/up3/ontology/strecken-ID": "Section_Wuppertal_1225184_454", "http://rdfs.org/ns/void#inDataset.value": "4635"}, "geometry": {"type": "LineString", "coordinates": [[7.0846632108, 51.2336455673, 150.68], [7.0844190425, 51.2335194692, 0.0], [7.0836517764, 51.2331201428, 154.36]]}}, {"type": "Feature", "id": "https://registry.gdi-de.org/de.nw/radnetz/instances/Section_Wuppertal_1223093_331", "name": " (ex-nw:Section_Wuppertal_1223093_331)", "dateprops": [], "properties": {"https://registry.gdi-de.org/up3/ontology/quell-ID": "1223093", "https://registry.gdi-de.org/up3/ontology/steigung": "0.7125816", "https://registry.gdi-de.org/up3/ontology/strecken-ID": "Section_Wuppertal_1223093_331", "http://rdfs.org/ns/void#inDataset.value": "4635"}, "geometry": {"type": "LineString", "coordinates": [[7.2131338529, 51.2775402407, 187.05], [7.213101617, 51.2774542699, 187.46]]}}, {"type": "Feature", "id": "https://registry.gdi-de.org/de.nw/radnetz/instances/Section_Wuppertal_1226695_615", "name": " (ex-nw:Section_Wuppertal_1226695_615)", "dateprops": [], "properties": {"https://registry.gdi-de.org/up3/ontology/quell-ID": "1226695", "https://registry.gdi-de.org/up3/ontology/steigung": "0.621586", "https://registry.gdi-de.org/up3/ontology/strecken-ID": "Section_Wuppertal_1226695_615", "http://rdfs.org/ns/void#inDataset.value": "4635"}, "geometry": {"type": "LineString", "coordinates": [[7.1065843468, 51.2465930576, 137.02], [7.1065395919, 51.2465599868, 137.05]]}}, {"type": "Feature", "id": "https://registry.gdi-de.org/de.nw/radnetz/instances/Section_Wuppertal_1229960_826", "name": " (ex-nw:Section_Wuppertal_1229960_826)", "dateprops": [], "properties": {"https://registry.gdi-de.org/up3/ontology/quell-ID": "1229960", "https://registry.gdi-de.org/up3/ontology/steigung": "1.892409", "https://registry.gdi-de.org/up3/ontology/strecken-ID": "Section_Wuppertal_1229960_826", "http://rdfs.org/ns/void#inDataset.value": "4635"}, "geometry": {"type": "LineString", "coordinates": [[7.237466168, 51.3172081542, 241.53], [7.2376488359, 51.3165928245, 0.0], [7.2387301728, 51.3132630895, 255.47]]}}, {"type": "Feature", "id": "https://registry.gdi-de.org/de.nw/radnetz/instances/Section_Wuppertal_1230035_839", "name": " (ex-nw:Section_Wuppertal_1230035_839)", "dateprops": [], "properties": {"https://registry.gdi-de.org/up3/ontology/quell-ID": "1230035", "https://registry.gdi-de.org/up3/ontology/steigung": "0.007504203", "https://registry.gdi-de.org/up3/ontology/strecken-ID": "Section_Wuppertal_1230035_839", "http://rdfs.org/ns/void#inDataset.value": "4635"}, "geometry": {"type": "LineString", "coordinates": [[7.0672688, 51.2084295244, 0.0], [7.063838589, 51.2099996467, 0.0], [7.0627632532, 51.210272389, 0.0], [7.0615115463, 51.2103388179, 0.0], [7.0602769178, 51.2099987533, 0.0], [7.0588574139, 51.2096556079, 0.0], [7.0578977192, 51.2093781879, 0.0], [7.054808121, 51.2091525279, 0.0], [7.0494561104, 51.2088309754, 0.0]]}}, {"type": "Feature", "id": "https://registry.gdi-de.org/de.nw/radnetz/instances/Section_Wuppertal_1225337_472_right", "name": " (ex-nw:Section_Wuppertal_1225337_472_right)", "dateprops": [], "properties": {"https://registry.gdi-de.org/up3/ontology/quell-ID": "1225337", "https://registry.gdi-de.org/up3/ontology/steigung": "2.094247", "https://registry.gdi-de.org/up3/ontology/strecken-ID": "Section_Wuppertal_1225337_472_right", "http://rdfs.org/ns/void#inDataset.value": "4635"}, "geometry": {"type": "LineString", "coordinates": [[7.0731722225, 51.2665670704, 183.78], [7.0732859113, 51.2657761197, 185.63]]}}, {"type": "Feature", "id": "https://registry.gdi-de.org/de.nw/radnetz/instances/Section_Wuppertal_3000_66_right", "name": " (ex-nw:Section_Wuppertal_3000_66_right)", "dateprops": [], "properties": {"https://registry.gdi-de.org/up3/ontology/quell-ID": "3000", "https://registry.gdi-de.org/up3/ontology/steigung": "2.459127", "https://registry.gdi-de.org/up3/ontology/strecken-ID": "Section_Wuppertal_3000_66_right", "http://rdfs.org/ns/void#inDataset.value": "4635"}, "geometry": {"type": "LineString", "coordinates": [[7.1245745057, 51.2977895251, 201.56], [7.1249755343, 51.2972475253, 0.0], [7.1252419831, 51.2970022372, 0.0], [7.1266459556, 51.2960766004, 207.5]]}}, {"type": "Feature", "id": "https://registry.gdi-de.org/de.nw/radnetz/instances/Section_Wuppertal_1225999_530_right", "name": " (ex-nw:Section_Wuppertal_1225999_530_right)", "dateprops": [], "properties": {"https://registry.gdi-de.org/up3/ontology/quell-ID": "1225999", "https://registry.gdi-de.org/up3/ontology/steigung": "0.4143509", "https://registry.gdi-de.org/up3/ontology/strecken-ID": "Section_Wuppertal_1225999_530_right", "http://rdfs.org/ns/void#inDataset.value": "4635"}, "geometry": {"type": "LineString", "coordinates": [[7.2516023874, 51.2556333504, 176.6], [7.2525783044, 51.2556592471, 0.0], [7.2535286563, 51.2556257772, 0.0], [7.2548326128, 51.2556387555, 0.0], [7.2553339299, 51.2556506571, 177.68]]}}, {"type": "Feature", "id": "https://registry.gdi-de.org/de.nw/radnetz/instances/Section_Wuppertal_1226270_552_right", "name": " (ex-nw:Section_Wuppertal_1226270_552_right)", "dateprops": [], "properties": {"https://registry.gdi-de.org/up3/ontology/quell-ID": "1226270", "https://registry.gdi-de.org/up3/ontology/steigung": "4.967416", "https://registry.gdi-de.org/up3/ontology/strecken-ID": "Section_Wuppertal_1226270_552_right", "http://rdfs.org/ns/void#inDataset.value": "4635"}, "geometry": {"type": "LineString", "coordinates": [[7.1090491463, 51.2627262767, 198.52], [7.1091510769, 51.2626729745, 198.98]]}}, {"type": "Feature", "id": "https://registry.gdi-de.org/de.nw/radnetz/instances/Section_Wuppertal_4429_101", "name": " (ex-nw:Section_Wuppertal_4429_101)", "dateprops": [], "properties": {"https://registry.gdi-de.org/up3/ontology/quell-ID": "4429", "https://registry.gdi-de.org/up3/ontology/steigung": "1.495325", "https://registry.gdi-de.org/up3/ontology/strecken-ID": "Section_Wuppertal_4429_101", "http://rdfs.org/ns/void#inDataset.value": "4635"}, "geometry": {"type": "LineString", "coordinates": [[7.1051721178, 51.2287344049, 130.14], [7.1047889095, 51.2288098746, 0.0], [7.1043818062, 51.228908715, 0.0], [7.10380322, 51.2292002685, 131.79]]}}, {"type": "Feature", "id": "https://registry.gdi-de.org/de.nw/radnetz/instances/Section_Wuppertal_1226563_1056_left", "name": " (ex-nw:Section_Wuppertal_1226563_1056_left)", "dateprops": [], "properties": {"https://registry.gdi-de.org/up3/ontology/quell-ID": "1226563", "https://registry.gdi-de.org/up3/ontology/steigung": "2.145189", "https://registry.gdi-de.org/up3/ontology/strecken-ID": "Section_Wuppertal_1226563_1056_left", "http://rdfs.org/ns/void#inDataset.value": "4635"}, "geometry": {"type": "LineString", "coordinates": [[7.1487965974, 51.271839714, 0.0], [7.149257496, 51.2728946362, 0.0]]}}, {"type": "Feature", "id": "https://registry.gdi-de.org/de.nw/radnetz/instances/Section_Wuppertal_1225183_453", "name": " (ex-nw:Section_Wuppertal_1225183_453)", "dateprops": [], "properties": {"https://registry.gdi-de.org/up3/ontology/quell-ID": "1225183", "https://registry.gdi-de.org/up3/ontology/steigung": "4.537236", "https://registry.gdi-de.org/up3/ontology/strecken-ID": "Section_Wuppertal_1225183_453", "http://rdfs.org/ns/void#inDataset.value": "4635"}, "geometry": {"type": "LineString", "coordinates": [[7.0836517764, 51.2331201428, 154.36], [7.0830832228, 51.2328242298, 156.7]]}}, {"type": "Feature", "id": "https://registry.gdi-de.org/de.nw/radnetz/instances/Section_Wuppertal_9999918_1105", "name": " (ex-nw:Section_Wuppertal_9999918_1105)", "dateprops": [], "properties": {"https://registry.gdi-de.org/up3/ontology/quell-ID": "9999918", "https://registry.gdi-de.org/up3/ontology/steigung": "0.0", "https://registry.gdi-de.org/up3/ontology/strecken-ID": "Section_Wuppertal_9999918_1105", "http://rdfs.org/ns/void#inDataset.value": "4635"}, "geometry": {"type": "LineString", "coordinates": [[7.226446771, 51.2768085712, 0.0], [7.2265222504, 51.276794522, 0.0]]}}, {"type": "Feature", "id": "https://registry.gdi-de.org/de.nw/radnetz/instances/Section_Wuppertal_2811_61_left", "name": " (ex-nw:Section_Wuppertal_2811_61_left)", "dateprops": [], "properties": {"https://registry.gdi-de.org/up3/ontology/quell-ID": "2811", "https://registry.gdi-de.org/up3/ontology/steigung": "1.403988", "https://registry.gdi-de.org/up3/ontology/strecken-ID": "Section_Wuppertal_2811_61_left", "http://rdfs.org/ns/void#inDataset.value": "4635"}, "geometry": {"type": "LineString", "coordinates": [[7.1430746778, 51.2583534129, 145.53], [7.1438149385, 51.2585842286, 146.34]]}}, {"type": "Feature", "id": "https://registry.gdi-de.org/de.nw/radnetz/instances/Section_Wuppertal_1225009_441_left", "name": " (ex-nw:Section_Wuppertal_1225009_441_left)", "dateprops": [], "properties": {"https://registry.gdi-de.org/up3/ontology/quell-ID": "1225009", "https://registry.gdi-de.org/up3/ontology/steigung": "1.119446", "https://registry.gdi-de.org/up3/ontology/strecken-ID": "Section_Wuppertal_1225009_441_left", "http://rdfs.org/ns/void#inDataset.value": "4635"}, "geometry": {"type": "LineString", "coordinates": [[7.1461840058, 51.256925322, 143.13], [7.1461735355, 51.2569930974, 0.0], [7.1461551461, 51.2570686864, 143.31]]}}, {"type": "Feature", "id": "https://registry.gdi-de.org/de.nw/radnetz/instances/Section_Wuppertal_1224792_432_right", "name": " (ex-nw:Section_Wuppertal_1224792_432_right)", "dateprops": [], "properties": {"https://registry.gdi-de.org/up3/ontology/quell-ID": "1224792", "https://registry.gdi-de.org/up3/ontology/steigung": "2.969052", "https://registry.gdi-de.org/up3/ontology/strecken-ID": "Section_Wuppertal_1224792_432_right", "http://rdfs.org/ns/void#inDataset.value": "4635"}, "geometry": {"type": "LineString", "coordinates": [[7.1234652765, 51.2045070563, 282.6], [7.1268367148, 51.2052103389, 289.97]]}}, {"type": "Feature", "id": "https://registry.gdi-de.org/de.nw/radnetz/instances/Section_Wuppertal_1223651_381_left", "name": " (ex-nw:Section_Wuppertal_1223651_381_left)", "dateprops": [], "properties": {"https://registry.gdi-de.org/up3/ontology/quell-ID": "1223651", "https://registry.gdi-de.org/up3/ontology/steigung": "2.560124", "https://registry.gdi-de.org/up3/ontology/strecken-ID": "Section_Wuppertal_1223651_381_left", "http://rdfs.org/ns/void#inDataset.value": "4635"}, "geometry": {"type": "LineString", "coordinates": [[7.0384053332, 51.2299679837, 189.68], [7.0395265908, 51.2300650446, 0.0], [7.0406628911, 51.2298488518, 0.0], [7.0437144383, 51.2303547536, 0.0], [7.044017859, 51.2304824381, 0.0], [7.0442823227, 51.2306527524, 200.8]]}}, {"type": "Feature", "id": "https://registry.gdi-de.org/de.nw/radnetz/instances/Section_Wuppertal_1226954_652_right", "name": " (ex-nw:Section_Wuppertal_1226954_652_right)", "dateprops": [], "properties": {"https://registry.gdi-de.org/up3/ontology/quell-ID": "1226954", "https://registry.gdi-de.org/up3/ontology/steigung": "0.6828446", "https://registry.gdi-de.org/up3/ontology/strecken-ID": "Section_Wuppertal_1226954_652_right", "http://rdfs.org/ns/void#inDataset.value": "4635"}, "geometry": {"type": "LineString", "coordinates": [[7.2364353813, 51.2670911283, 165.77], [7.2366598731, 51.2667791213, 166.03]]}}, {"type": "Feature", "id": "https://registry.gdi-de.org/de.nw/radnetz/instances/Section_Wuppertal_1223121_339", "name": " (ex-nw:Section_Wuppertal_1223121_339)", "dateprops": [], "properties": {"https://registry.gdi-de.org/up3/ontology/quell-ID": "1223121", "https://registry.gdi-de.org/up3/ontology/steigung": "0.05916589", "https://registry.gdi-de.org/up3/ontology/strecken-ID": "Section_Wuppertal_1223121_339", "http://rdfs.org/ns/void#inDataset.value": "4635"}, "geometry": {"type": "LineString", "coordinates": [[7.2233552168, 51.2795724706, 188.84], [7.223383791, 51.2796070067, 0.0], [7.2234381679, 51.2797360588, 0.0], [7.2234737286, 51.2798400072, 0.0], [7.2234709097, 51.2800840094, 0.0], [7.2234744712, 51.2801626542, 0.0], [7.223514071, 51.2803328453, 0.0], [7.2236112407, 51.2805494101, 0.0], [7.2237728929, 51.2808041807, 0.0], [7.2238323947, 51.2808915522, 188.93]]}}, {"type": "Feature", "id": "https://registry.gdi-de.org/de.nw/radnetz/instances/Section_Wuppertal_9488_192_right", "name": " (ex-nw:Section_Wuppertal_9488_192_right)", "dateprops": [], "properties": {"https://registry.gdi-de.org/up3/ontology/quell-ID": "9488", "https://registry.gdi-de.org/up3/ontology/steigung": "0.9072079", "https://registry.gdi-de.org/up3/ontology/strecken-ID": "Section_Wuppertal_9488_192_right", "http://rdfs.org/ns/void#inDataset.value": "4635"}, "geometry": {"type": "LineString", "coordinates": [[7.2614058771, 51.2844699004, 183.93], [7.2622187396, 51.2850886639, 0.0], [7.2626774762, 51.2854369185, 0.0], [7.2629905249, 51.2856911824, 0.0], [7.2635657091, 51.2862261714, 186.17]]}}, {"type": "Feature", "id": "https://registry.gdi-de.org/de.nw/radnetz/instances/Section_Wuppertal_1225477_481_left", "name": " (ex-nw:Section_Wuppertal_1225477_481_left)", "dateprops": [], "properties": {"https://registry.gdi-de.org/up3/ontology/quell-ID": "1225477", "https://registry.gdi-de.org/up3/ontology/steigung": "2.697795", "https://registry.gdi-de.org/up3/ontology/strecken-ID": "Section_Wuppertal_1225477_481_left", "http://rdfs.org/ns/void#inDataset.value": "4635"}, "geometry": {"type": "LineString", "coordinates": [[7.0865291564, 51.2468808814, 154.91], [7.0862042043, 51.2467821136, 155.59]]}}, {"type": "Feature", "id": "https://registry.gdi-de.org/de.nw/radnetz/instances/Section_Wuppertal_1226987_661", "name": " (ex-nw:Section_Wuppertal_1226987_661)", "dateprops": [], "properties": {"https://registry.gdi-de.org/up3/ontology/quell-ID": "1226987", "https://registry.gdi-de.org/up3/ontology/steigung": "0.3850882", "https://registry.gdi-de.org/up3/ontology/strecken-ID": "Section_Wuppertal_1226987_661", "http://rdfs.org/ns/void#inDataset.value": "4635"}, "geometry": {"type": "LineString", "coordinates": [[7.2305547626, 51.2759678723, 165.24], [7.2309257646, 51.2759867376, 165.34]]}}, {"type": "Feature", "id": "https://registry.gdi-de.org/de.nw/radnetz/instances/Section_Wuppertal_1223509_875_left", "name": " (ex-nw:Section_Wuppertal_1223509_875_left)", "dateprops": [], "properties": {"https://registry.gdi-de.org/up3/ontology/quell-ID": "1223509", "https://registry.gdi-de.org/up3/ontology/steigung": "1.40305", "https://registry.gdi-de.org/up3/ontology/strecken-ID": "Section_Wuppertal_1223509_875_left", "http://rdfs.org/ns/void#inDataset.value": "4635"}, "geometry": {"type": "LineString", "coordinates": [[7.0385122619, 51.2147182189, 186.44], [7.0382489519, 51.2146081891, 186.75]]}}, {"type": "Feature", "id": "https://registry.gdi-de.org/de.nw/radnetz/instances/Section_Wuppertal_1224916_439", "name": " (ex-nw:Section_Wuppertal_1224916_439)", "dateprops": [], "properties": {"https://registry.gdi-de.org/up3/ontology/quell-ID": "1224916", "https://registry.gdi-de.org/up3/ontology/steigung": "0.1889558", "https://registry.gdi-de.org/up3/ontology/strecken-ID": "Section_Wuppertal_1224916_439", "http://rdfs.org/ns/void#inDataset.value": "4635"}, "geometry": {"type": "LineString", "coordinates": [[7.1029295404, 51.240633015, 138.05], [7.102931446, 51.2403951265, 138.1]]}}, {"type": "Feature", "id": "https://registry.gdi-de.org/de.nw/radnetz/instances/Section_Wuppertal_5747_124", "name": " (ex-nw:Section_Wuppertal_5747_124)", "dateprops": [], "properties": {"https://registry.gdi-de.org/up3/ontology/quell-ID": "5747", "https://registry.gdi-de.org/up3/ontology/steigung": "0.1743042", "https://registry.gdi-de.org/up3/ontology/strecken-ID": "Section_Wuppertal_5747_124", "http://rdfs.org/ns/void#inDataset.value": "4635"}, "geometry": {"type": "LineString", "coordinates": [[7.148155227, 51.2591524569, 145.03], [7.148811529, 51.2591263549, 145.11]]}}, {"type": "Feature", "id": "https://registry.gdi-de.org/de.nw/radnetz/instances/Section_Wuppertal_1226511_588_right", "name": " (ex-nw:Section_Wuppertal_1226511_588_right)", "dateprops": [], "properties": {"https://registry.gdi-de.org/up3/ontology/quell-ID": "1226511", "https://registry.gdi-de.org/up3/ontology/steigung": "0.5116599", "https://registry.gdi-de.org/up3/ontology/strecken-ID": "Section_Wuppertal_1226511_588_right", "http://rdfs.org/ns/void#inDataset.value": "4635"}, "geometry": {"type": "LineString", "coordinates": [[7.0705662165, 51.2476785322, 198.63], [7.0704886165, 51.2472326667, 0.0], [7.070604115, 51.2468266504, 199.12]]}}, {"type": "Feature", "id": "https://registry.gdi-de.org/de.nw/radnetz/instances/Section_Wuppertal_1226620_605_left", "name": " (ex-nw:Section_Wuppertal_1226620_605_left)", "dateprops": [], "properties": {"https://registry.gdi-de.org/up3/ontology/quell-ID": "1226620", "https://registry.gdi-de.org/up3/ontology/steigung": "2.127394", "https://registry.gdi-de.org/up3/ontology/strecken-ID": "Section_Wuppertal_1226620_605_left", "http://rdfs.org/ns/void#inDataset.value": "4635"}, "geometry": {"type": "LineString", "coordinates": [[7.0708475303, 51.2457898128, 198.97], [7.0709059192, 51.2455346521, 199.58]]}}, {"type": "Feature", "id": "https://registry.gdi-de.org/de.nw/radnetz/instances/Section_Wuppertal_12414_266", "name": " (ex-nw:Section_Wuppertal_12414_266)", "dateprops": [], "properties": {"https://registry.gdi-de.org/up3/ontology/quell-ID": "12414", "https://registry.gdi-de.org/up3/ontology/steigung": "0.1469054", "https://registry.gdi-de.org/up3/ontology/strecken-ID": "Section_Wuppertal_12414_266", "http://rdfs.org/ns/void#inDataset.value": "4635"}, "geometry": {"type": "LineString", "coordinates": [[7.1541336939, 51.2581949123, 145.96], [7.1532419505, 51.2586261963, 0.0], [7.1530821001, 51.2587394411, 0.0], [7.1530130508, 51.2587812818, 146.11]]}}, {"type": "Feature", "id": "https://registry.gdi-de.org/de.nw/radnetz/instances/Section_Wuppertal_10076_209_right", "name": " (ex-nw:Section_Wuppertal_10076_209_right)", "dateprops": [], "properties": {"https://registry.gdi-de.org/up3/ontology/quell-ID": "10076", "https://registry.gdi-de.org/up3/ontology/steigung": "0.7330241", "https://registry.gdi-de.org/up3/ontology/strecken-ID": "Section_Wuppertal_10076_209_right", "http://rdfs.org/ns/void#inDataset.value": "4635"}, "geometry": {"type": "LineString", "coordinates": [[7.1395638907, 51.2572537481, 144.42], [7.139172913, 51.2571753343, 144.63]]}}, {"type": "Feature", "id": "https://registry.gdi-de.org/de.nw/radnetz/instances/Section_Wuppertal_9999905_946", "name": " (ex-nw:Section_Wuppertal_9999905_946)", "dateprops": [], "properties": {"https://registry.gdi-de.org/up3/ontology/quell-ID": "9999905", "https://registry.gdi-de.org/up3/ontology/steigung": "0.4288865", "https://registry.gdi-de.org/up3/ontology/strecken-ID": "Section_Wuppertal_9999905_946", "http://rdfs.org/ns/void#inDataset.value": "4635"}, "geometry": {"type": "LineString", "coordinates": [[7.2332597635, 51.2800344497, 0.0], [7.2332238905, 51.280013245, 0.0], [7.2328806706, 51.2797709567, 0.0], [7.2325757434, 51.2794467599, 0.0], [7.2318183693, 51.2785662511, 0.0], [7.2313055389, 51.2779529571, 0.0], [7.2311199053, 51.2777819442, 0.0], [7.231030572, 51.2777067149, 0.0]]}}, {"type": "Feature", "id": "https://registry.gdi-de.org/de.nw/radnetz/instances/Section_Wuppertal_1225330_471_right", "name": " (ex-nw:Section_Wuppertal_1225330_471_right)", "dateprops": [], "properties": {"https://registry.gdi-de.org/up3/ontology/quell-ID": "1225330", "https://registry.gdi-de.org/up3/ontology/steigung": "3.099943", "https://registry.gdi-de.org/up3/ontology/strecken-ID": "Section_Wuppertal_1225330_471_right", "http://rdfs.org/ns/void#inDataset.value": "4635"}, "geometry": {"type": "LineString", "coordinates": [[7.1314453087, 51.1996529312, 263.63], [7.1315656016, 51.2002386598, 0.0], [7.1315215766, 51.2007784271, 267.53]]}}, {"type": "Feature", "id": "https://registry.gdi-de.org/de.nw/radnetz/instances/Section_Wuppertal_1223377_372", "name": " (ex-nw:Section_Wuppertal_1223377_372)", "dateprops": [], "properties": {"https://registry.gdi-de.org/up3/ontology/quell-ID": "1223377", "https://registry.gdi-de.org/up3/ontology/steigung": "1.11275", "https://registry.gdi-de.org/up3/ontology/strecken-ID": "Section_Wuppertal_1223377_372", "http://rdfs.org/ns/void#inDataset.value": "4635"}, "geometry": {"type": "LineString", "coordinates": [[7.0536603156, 51.2220343318, 176.01], [7.053933539, 51.2223081929, 176.41]]}}, {"type": "Feature", "id": "https://registry.gdi-de.org/de.nw/radnetz/instances/Section_Wuppertal_1224519_966_right", "name": " (ex-nw:Section_Wuppertal_1224519_966_right)", "dateprops": [], "properties": {"https://registry.gdi-de.org/up3/ontology/quell-ID": "1224519", "https://registry.gdi-de.org/up3/ontology/steigung": "4.488812", "https://registry.gdi-de.org/up3/ontology/strecken-ID": "Section_Wuppertal_1224519_966_right", "http://rdfs.org/ns/void#inDataset.value": "4635"}, "geometry": {"type": "LineString", "coordinates": [[7.1945587084, 51.2360526867, 0.0], [7.19490098, 51.2367115179, 0.0]]}}, {"type": "Feature", "id": "https://registry.gdi-de.org/de.nw/radnetz/instances/Section_Wuppertal_11465_240_right", "name": " (ex-nw:Section_Wuppertal_11465_240_right)", "dateprops": [], "properties": {"https://registry.gdi-de.org/up3/ontology/quell-ID": "11465", "https://registry.gdi-de.org/up3/ontology/steigung": "5.637973", "https://registry.gdi-de.org/up3/ontology/strecken-ID": "Section_Wuppertal_11465_240_right", "http://rdfs.org/ns/void#inDataset.value": "4635"}, "geometry": {"type": "LineString", "coordinates": [[7.1313464722, 51.2028947051, 279.13], [7.1313641234, 51.2032884148, 281.6]]}}, {"type": "Feature", "id": "https://registry.gdi-de.org/de.nw/radnetz/instances/Section_Wuppertal_1225339_980", "name": " (ex-nw:Section_Wuppertal_1225339_980)", "dateprops": [], "properties": {"https://registry.gdi-de.org/up3/ontology/quell-ID": "1225339", "https://registry.gdi-de.org/up3/ontology/steigung": "1.053274", "https://registry.gdi-de.org/up3/ontology/strecken-ID": "Section_Wuppertal_1225339_980", "http://rdfs.org/ns/void#inDataset.value": "4635"}, "geometry": {"type": "LineString", "coordinates": [[7.1520063965, 51.2234309444, 0.0], [7.1519973817, 51.2237519172, 0.0], [7.1517818646, 51.2242934057, 0.0]]}}, {"type": "Feature", "id": "https://registry.gdi-de.org/de.nw/radnetz/instances/Section_Wuppertal_1228381_707_left", "name": " (ex-nw:Section_Wuppertal_1228381_707_left)", "dateprops": [], "properties": {"https://registry.gdi-de.org/up3/ontology/quell-ID": "1228381", "https://registry.gdi-de.org/up3/ontology/steigung": "3.780623", "https://registry.gdi-de.org/up3/ontology/strecken-ID": "Section_Wuppertal_1228381_707_left", "http://rdfs.org/ns/void#inDataset.value": "4635"}, "geometry": {"type": "LineString", "coordinates": [[7.0564926094, 51.2123576476, 235.36], [7.0569172545, 51.2125242541, 0.0], [7.0581334137, 51.2129569046, 0.0], [7.0585494699, 51.2131746089, 0.0], [7.0589618444, 51.21341257, 0.0], [7.0592245917, 51.213753999, 0.0], [7.0594591704, 51.2142191015, 246.93]]}}, {"type": "Feature", "id": "https://registry.gdi-de.org/de.nw/radnetz/instances/Section_Wuppertal_1230094_860", "name": " (ex-nw:Section_Wuppertal_1230094_860)", "dateprops": [], "properties": {"https://registry.gdi-de.org/up3/ontology/quell-ID": "1230094", "https://registry.gdi-de.org/up3/ontology/steigung": "0.3457202", "https://registry.gdi-de.org/up3/ontology/strecken-ID": "Section_Wuppertal_1230094_860", "http://rdfs.org/ns/void#inDataset.value": "4635"}, "geometry": {"type": "LineString", "coordinates": [[7.1946881279, 51.2728814535, 0.0], [7.1948026971, 51.2729160299, 0.0], [7.1951022887, 51.2730116498, 0.0], [7.1954669276, 51.2731745865, 0.0], [7.1958315475, 51.2733475148, 0.0]]}}, {"type": "Feature", "id": "https://registry.gdi-de.org/de.nw/radnetz/instances/Section_Wuppertal_3743_90", "name": " (ex-nw:Section_Wuppertal_3743_90)", "dateprops": [], "properties": {"https://registry.gdi-de.org/up3/ontology/quell-ID": "3743", "https://registry.gdi-de.org/up3/ontology/steigung": "1.059189", "https://registry.gdi-de.org/up3/ontology/strecken-ID": "Section_Wuppertal_3743_90", "http://rdfs.org/ns/void#inDataset.value": "4635"}, "geometry": {"type": "LineString", "coordinates": [[7.2341186189, 51.2668296687, 165.03], [7.2343418339, 51.2668122039, 0.0], [7.234529388, 51.2668177661, 0.0], [7.2346915058, 51.2668734949, 0.0], [7.2353710561, 51.2673781995, 166.25]]}}, {"type": "Feature", "id": "https://registry.gdi-de.org/de.nw/radnetz/instances/Section_Wuppertal_1229895_805", "name": " (ex-nw:Section_Wuppertal_1229895_805)", "dateprops": [], "properties": {"https://registry.gdi-de.org/up3/ontology/quell-ID": "1229895", "https://registry.gdi-de.org/up3/ontology/steigung": "1.479734", "https://registry.gdi-de.org/up3/ontology/strecken-ID": "Section_Wuppertal_1229895_805", "http://rdfs.org/ns/void#inDataset.value": "4635"}, "geometry": {"type": "LineString", "coordinates": [[7.0472385156, 51.2178629887, 187.6], [7.0463103443, 51.2173369218, 0.0], [7.0450932966, 51.2165861041, 0.0], [7.0436854214, 51.2157167417, 0.0], [7.0431354721, 51.21534676, 193.53]]}}, {"type": "Feature", "id": "https://registry.gdi-de.org/de.nw/radnetz/instances/Section_Wuppertal_1225358_1087_left", "name": " (ex-nw:Section_Wuppertal_1225358_1087_left)", "dateprops": [], "properties": {"https://registry.gdi-de.org/up3/ontology/quell-ID": "1225358", "https://registry.gdi-de.org/up3/ontology/steigung": "2.328547", "https://registry.gdi-de.org/up3/ontology/strecken-ID": "Section_Wuppertal_1225358_1087_left", "http://rdfs.org/ns/void#inDataset.value": "4635"}, "geometry": {"type": "LineString", "coordinates": [[7.1463829532, 51.2604731705, 0.0], [7.1463233689, 51.2608535653, 0.0]]}}, {"type": "Feature", "id": "https://registry.gdi-de.org/de.nw/radnetz/instances/Section_Wuppertal_1222852_937_right", "name": " (ex-nw:Section_Wuppertal_1222852_937_right)", "dateprops": [], "properties": {"https://registry.gdi-de.org/up3/ontology/quell-ID": "1222852", "https://registry.gdi-de.org/up3/ontology/steigung": "3.885375", "https://registry.gdi-de.org/up3/ontology/strecken-ID": "Section_Wuppertal_1222852_937_right", "http://rdfs.org/ns/void#inDataset.value": "4635"}, "geometry": {"type": "LineString", "coordinates": [[7.0729487148, 51.2292231397, 186.05], [7.0729389759, 51.2292167686, 0.0], [7.0726412408, 51.2289482113, 0.0], [7.0722709133, 51.2284114893, 0.0], [7.0723284746, 51.2275839794, 193.61]]}}, {"type": "Feature", "id": "https://registry.gdi-de.org/de.nw/radnetz/instances/Section_Wuppertal_1223059_1098", "name": " (ex-nw:Section_Wuppertal_1223059_1098)", "dateprops": [], "properties": {"https://registry.gdi-de.org/up3/ontology/quell-ID": "1223059", "https://registry.gdi-de.org/up3/ontology/steigung": "0.0", "https://registry.gdi-de.org/up3/ontology/strecken-ID": "Section_Wuppertal_1223059_1098", "http://rdfs.org/ns/void#inDataset.value": "4635"}, "geometry": {"type": "LineString", "coordinates": [[7.165178087, 51.2687509873, 181.05], [7.1654967881, 51.2687950715, 0.0], [7.1659073001, 51.268851762, 181.05]]}}, {"type": "Feature", "id": "https://registry.gdi-de.org/de.nw/radnetz/instances/Section_Wuppertal_1223811_392", "name": " (ex-nw:Section_Wuppertal_1223811_392)", "dateprops": [], "properties": {"https://registry.gdi-de.org/up3/ontology/quell-ID": "1223811", "https://registry.gdi-de.org/up3/ontology/steigung": "1.148755", "https://registry.gdi-de.org/up3/ontology/strecken-ID": "Section_Wuppertal_1223811_392", "http://rdfs.org/ns/void#inDataset.value": "4635"}, "geometry": {"type": "LineString", "coordinates": [[7.2138860956, 51.2744430955, 158.19], [7.2141324826, 51.2744679104, 158.39]]}}, {"type": "Feature", "id": "https://registry.gdi-de.org/de.nw/radnetz/instances/Section_Wuppertal_1229579_730", "name": " (ex-nw:Section_Wuppertal_1229579_730)", "dateprops": [], "properties": {"https://registry.gdi-de.org/up3/ontology/quell-ID": "1229579", "https://registry.gdi-de.org/up3/ontology/steigung": "0.1091057", "https://registry.gdi-de.org/up3/ontology/strecken-ID": "Section_Wuppertal_1229579_730", "http://rdfs.org/ns/void#inDataset.value": "4635"}, "geometry": {"type": "LineString", "coordinates": [[7.1185396671, 51.2491916342, 138.66], [7.118280526, 51.2492182565, 138.68]]}}, {"type": "Feature", "id": "https://registry.gdi-de.org/de.nw/radnetz/instances/Section_Wuppertal_1626_34_right", "name": " (ex-nw:Section_Wuppertal_1626_34_right)", "dateprops": [], "properties": {"https://registry.gdi-de.org/up3/ontology/quell-ID": "1626", "https://registry.gdi-de.org/up3/ontology/steigung": "0.2652474", "https://registry.gdi-de.org/up3/ontology/strecken-ID": "Section_Wuppertal_1626_34_right", "http://rdfs.org/ns/void#inDataset.value": "4635"}, "geometry": {"type": "LineString", "coordinates": [[7.0707802565, 51.2434903692, 202.98], [7.0709728998, 51.2443601878, 0.0], [7.0709851244, 51.2443963199, 203.25]]}}, {"type": "Feature", "id": "https://registry.gdi-de.org/de.nw/radnetz/instances/Section_Wuppertal_9999903_944", "name": " (ex-nw:Section_Wuppertal_9999903_944)", "dateprops": [], "properties": {"https://registry.gdi-de.org/up3/ontology/quell-ID": "9999903", "https://registry.gdi-de.org/up3/ontology/steigung": "0.4443487", "https://registry.gdi-de.org/up3/ontology/strecken-ID": "Section_Wuppertal_9999903_944", "http://rdfs.org/ns/void#inDataset.value": "4635"}, "geometry": {"type": "LineString", "coordinates": [[7.2258597333, 51.2769747193, 0.0], [7.2259449491, 51.2769410866, 0.0], [7.226446771, 51.2768085712, 0.0]]}}, {"type": "Feature", "id": "https://registry.gdi-de.org/de.nw/radnetz/instances/Section_Wuppertal_12793_1001_right", "name": " (ex-nw:Section_Wuppertal_12793_1001_right)", "dateprops": [], "properties": {"https://registry.gdi-de.org/up3/ontology/quell-ID": "12793", "https://registry.gdi-de.org/up3/ontology/steigung": "6.455975", "https://registry.gdi-de.org/up3/ontology/strecken-ID": "Section_Wuppertal_12793_1001_right", "http://rdfs.org/ns/void#inDataset.value": "4635"}, "geometry": {"type": "LineString", "coordinates": [[7.1101983093, 51.1934413179, 0.0], [7.1107389607, 51.1939126092, 0.0], [7.1116326299, 51.1941917552, 0.0], [7.1119904129, 51.1941973427, 0.0]]}}, {"type": "Feature", "id": "https://registry.gdi-de.org/de.nw/radnetz/instances/Section_Wuppertal_10612_221_left", "name": " (ex-nw:Section_Wuppertal_10612_221_left)", "dateprops": [], "properties": {"https://registry.gdi-de.org/up3/ontology/quell-ID": "10612", "https://registry.gdi-de.org/up3/ontology/steigung": "1.281764", "https://registry.gdi-de.org/up3/ontology/strecken-ID": "Section_Wuppertal_10612_221_left", "http://rdfs.org/ns/void#inDataset.value": "4635"}, "geometry": {"type": "LineString", "coordinates": [[7.0568686845, 51.2342841492, 208.43], [7.0593468729, 51.2348039408, 0.0], [7.0595683125, 51.2348875993, 211.0]]}}, {"type": "Feature", "id": "https://registry.gdi-de.org/de.nw/radnetz/instances/Section_Wuppertal_11201_232", "name": " (ex-nw:Section_Wuppertal_11201_232)", "dateprops": [], "properties": {"https://registry.gdi-de.org/up3/ontology/quell-ID": "11201", "https://registry.gdi-de.org/up3/ontology/steigung": "2.602653", "https://registry.gdi-de.org/up3/ontology/strecken-ID": "Section_Wuppertal_11201_232", "http://rdfs.org/ns/void#inDataset.value": "4635"}, "geometry": {"type": "LineString", "coordinates": [[7.1471372708, 51.2591173911, 146.06], [7.1466626103, 51.2590411526, 146.95]]}}, {"type": "Feature", "id": "https://registry.gdi-de.org/de.nw/radnetz/instances/Section_Wuppertal_1228039_689_left", "name": " (ex-nw:Section_Wuppertal_1228039_689_left)", "dateprops": [], "properties": {"https://registry.gdi-de.org/up3/ontology/quell-ID": "1228039", "https://registry.gdi-de.org/up3/ontology/steigung": "1.965496", "https://registry.gdi-de.org/up3/ontology/strecken-ID": "Section_Wuppertal_1228039_689_left", "http://rdfs.org/ns/void#inDataset.value": "4635"}, "geometry": {"type": "LineString", "coordinates": [[7.0911402458, 51.2374953702, 132.46], [7.0912123652, 51.2380514987, 0.0], [7.0913218518, 51.2384945102, 134.66]]}}, {"type": "Feature", "id": "https://registry.gdi-de.org/de.nw/radnetz/instances/Section_Wuppertal_1225204_458_right", "name": " (ex-nw:Section_Wuppertal_1225204_458_right)", "dateprops": [], "properties": {"https://registry.gdi-de.org/up3/ontology/quell-ID": "1225204", "https://registry.gdi-de.org/up3/ontology/steigung": "1.132216", "https://registry.gdi-de.org/up3/ontology/strecken-ID": "Section_Wuppertal_1225204_458_right", "http://rdfs.org/ns/void#inDataset.value": "4635"}, "geometry": {"type": "LineString", "coordinates": [[7.3073569459, 51.2404191327, 200.35], [7.3075233367, 51.2401512878, 0.0], [7.3077864597, 51.2393022597, 0.0], [7.3084131151, 51.2384792872, 0.0], [7.3090621932, 51.2379478469, 0.0], [7.3099986522, 51.2377117651, 0.0], [7.3112986399, 51.2375017242, 0.0], [7.3134220044, 51.2374283425, 0.0], [7.3147798464, 51.237447905, 0.0], [7.3170862451, 51.2368986748, 0.0], [7.3193114224, 51.2358490143, 0.0], [7.3204052421, 51.2349286836, 0.0], [7.3212694784, 51.2339426463, 0.0], [7.3217054513, 51.2328880597, 0.0], [7.3216274618, 51.2313892832, 0.0], [7.3213861837, 51.2298257608, 0.0], [7.3216151188, 51.2289970129, 0.0], [7.3219840555, 51.227962263, 0.0], [7.3227442555, 51.227099528, 0.0], [7.3231040823, 51.2263142547, 0.0], [7.3231380885, 51.2253787043, 0.0], [7.3226115086, 51.2243727173, 0.0], [7.3215274059, 51.223213125, 0.0], [7.3204289794, 51.2224485331, 0.0], [7.3190549612, 51.2214386511, 0.01]]}}, {"type": "Feature", "id": "https://registry.gdi-de.org/de.nw/radnetz/instances/Section_Wuppertal_2664_58", "name": " (ex-nw:Section_Wuppertal_2664_58)", "dateprops": [], "properties": {"https://registry.gdi-de.org/up3/ontology/quell-ID": "2664", "https://registry.gdi-de.org/up3/ontology/steigung": "0.4081121", "https://registry.gdi-de.org/up3/ontology/strecken-ID": "Section_Wuppertal_2664_58", "http://rdfs.org/ns/void#inDataset.value": "4635"}, "geometry": {"type": "LineString", "coordinates": [[7.106209754, 51.2462747276, 136.89], [7.1065395919, 51.2465599868, 137.05]]}}, {"type": "Feature", "id": "https://registry.gdi-de.org/de.nw/radnetz/instances/Section_Wuppertal_1224365_414_left", "name": " (ex-nw:Section_Wuppertal_1224365_414_left)", "dateprops": [], "properties": {"https://registry.gdi-de.org/up3/ontology/quell-ID": "1224365", "https://registry.gdi-de.org/up3/ontology/steigung": "6.060434", "https://registry.gdi-de.org/up3/ontology/strecken-ID": "Section_Wuppertal_1224365_414_left", "http://rdfs.org/ns/void#inDataset.value": "4635"}, "geometry": {"type": "LineString", "coordinates": [[7.1288274524, 51.3042775893, 224.14], [7.1291065766, 51.3043269418, 0.0], [7.1308343806, 51.3052819983, 0.0], [7.1314766546, 51.3056523423, 0.0], [7.1318578285, 51.3059902245, 0.0], [7.1325283639, 51.306250657, 244.91]]}}, {"type": "Feature", "id": "https://registry.gdi-de.org/de.nw/radnetz/instances/Section_Wuppertal_1222892_1091", "name": " (ex-nw:Section_Wuppertal_1222892_1091)", "dateprops": [], "properties": {"https://registry.gdi-de.org/up3/ontology/quell-ID": "1222892", "https://registry.gdi-de.org/up3/ontology/steigung": "7.88062", "https://registry.gdi-de.org/up3/ontology/strecken-ID": "Section_Wuppertal_1222892_1091", "http://rdfs.org/ns/void#inDataset.value": "4635"}, "geometry": {"type": "LineString", "coordinates": [[7.2387656619, 51.2712665118, 0.0], [7.2387537081, 51.2713530775, 0.0], [7.2384832722, 51.2720313239, 0.0]]}}, {"type": "Feature", "id": "https://registry.gdi-de.org/de.nw/radnetz/instances/Section_Wuppertal_1226637_610", "name": " (ex-nw:Section_Wuppertal_1226637_610)", "dateprops": [], "properties": {"https://registry.gdi-de.org/up3/ontology/quell-ID": "1226637", "https://registry.gdi-de.org/up3/ontology/steigung": "0.06462252", "https://registry.gdi-de.org/up3/ontology/strecken-ID": "Section_Wuppertal_1226637_610", "http://rdfs.org/ns/void#inDataset.value": "4635"}, "geometry": {"type": "LineString", "coordinates": [[7.1350535379, 51.2533006579, 141.84], [7.1364736819, 51.2536932801, 141.91]]}}, {"type": "Feature", "id": "https://registry.gdi-de.org/de.nw/radnetz/instances/Section_Wuppertal_1225348_474", "name": " (ex-nw:Section_Wuppertal_1225348_474)", "dateprops": [], "properties": {"https://registry.gdi-de.org/up3/ontology/quell-ID": "1225348", "https://registry.gdi-de.org/up3/ontology/steigung": "0.2010295", "https://registry.gdi-de.org/up3/ontology/strecken-ID": "Section_Wuppertal_1225348_474", "http://rdfs.org/ns/void#inDataset.value": "4635"}, "geometry": {"type": "LineString", "coordinates": [[7.1293353291, 51.2516235175, 140.45], [7.1301983547, 51.2520193316, 140.6]]}}, {"type": "Feature", "id": "https://registry.gdi-de.org/de.nw/radnetz/instances/Section_Wuppertal_1225279_464", "name": " (ex-nw:Section_Wuppertal_1225279_464)", "dateprops": [], "properties": {"https://registry.gdi-de.org/up3/ontology/quell-ID": "1225279", "https://registry.gdi-de.org/up3/ontology/steigung": "5.810297", "https://registry.gdi-de.org/up3/ontology/strecken-ID": "Section_Wuppertal_1225279_464", "http://rdfs.org/ns/void#inDataset.value": "4635"}, "geometry": {"type": "LineString", "coordinates": [[7.2328873989, 51.2728075306, 190.7], [7.2334602738, 51.2729182019, 193.13]]}}, {"type": "Feature", "id": "https://registry.gdi-de.org/de.nw/radnetz/instances/Section_Wuppertal_1224765_429_left", "name": " (ex-nw:Section_Wuppertal_1224765_429_left)", "dateprops": [], "properties": {"https://registry.gdi-de.org/up3/ontology/quell-ID": "1224765", "https://registry.gdi-de.org/up3/ontology/steigung": "5.081537", "https://registry.gdi-de.org/up3/ontology/strecken-ID": "Section_Wuppertal_1224765_429_left", "http://rdfs.org/ns/void#inDataset.value": "4635"}, "geometry": {"type": "LineString", "coordinates": [[7.2290843431, 51.2435828949, 259.5], [7.2292747788, 51.2434831309, 260.38]]}}, {"type": "Feature", "id": "https://registry.gdi-de.org/de.nw/radnetz/instances/Section_Wuppertal_1226776_626", "name": " (ex-nw:Section_Wuppertal_1226776_626)", "dateprops": [], "properties": {"https://registry.gdi-de.org/up3/ontology/quell-ID": "1226776", "https://registry.gdi-de.org/up3/ontology/steigung": "0.7613545", "https://registry.gdi-de.org/up3/ontology/strecken-ID": "Section_Wuppertal_1226776_626", "http://rdfs.org/ns/void#inDataset.value": "4635"}, "geometry": {"type": "LineString", "coordinates": [[7.2171127244, 51.2750910816, 159.47], [7.2171269816, 51.2750938987, 0.0], [7.217862624, 51.2751316471, 159.87]]}}, {"type": "Feature", "id": "https://registry.gdi-de.org/de.nw/radnetz/instances/Section_Wuppertal_1223095_332", "name": " (ex-nw:Section_Wuppertal_1223095_332)", "dateprops": [], "properties": {"https://registry.gdi-de.org/up3/ontology/quell-ID": "1223095", "https://registry.gdi-de.org/up3/ontology/steigung": "13.62474", "https://registry.gdi-de.org/up3/ontology/strecken-ID": "Section_Wuppertal_1223095_332", "http://rdfs.org/ns/void#inDataset.value": "4635"}, "geometry": {"type": "LineString", "coordinates": [[7.2170001308, 51.277881867, 179.24], [7.2168493282, 51.2778316695, 0.0], [7.2167418037, 51.2777744384, 0.0], [7.216578929, 51.2777296007, 0.0], [7.2164200684, 51.2776901182, 0.0], [7.2162769529, 51.2776799957, 0.0], [7.2162083162, 51.2775995315, 188.27]]}}, {"type": "Feature", "id": "https://registry.gdi-de.org/de.nw/radnetz/instances/Section_Wuppertal_1226957_653_left", "name": " (ex-nw:Section_Wuppertal_1226957_653_left)", "dateprops": [], "properties": {"https://registry.gdi-de.org/up3/ontology/quell-ID": "1226957", "https://registry.gdi-de.org/up3/ontology/steigung": "5.864241", "https://registry.gdi-de.org/up3/ontology/strecken-ID": "Section_Wuppertal_1226957_653_left", "http://rdfs.org/ns/void#inDataset.value": "4635"}, "geometry": {"type": "LineString", "coordinates": [[7.2270304056, 51.2531111702, 195.27], [7.2268223725, 51.2529312431, 196.72]]}}, {"type": "Feature", "id": "https://registry.gdi-de.org/de.nw/radnetz/instances/Section_Wuppertal_1229823_780", "name": " (ex-nw:Section_Wuppertal_1229823_780)", "dateprops": [], "properties": {"https://registry.gdi-de.org/up3/ontology/quell-ID": "1229823", "https://registry.gdi-de.org/up3/ontology/steigung": "0.6558147", "https://registry.gdi-de.org/up3/ontology/strecken-ID": "Section_Wuppertal_1229823_780", "http://rdfs.org/ns/void#inDataset.value": "4635"}, "geometry": {"type": "LineString", "coordinates": [[7.2196077709, 51.2752317837, 160.69], [7.2211313304, 51.2753191841, 161.39]]}}, {"type": "Feature", "id": "https://registry.gdi-de.org/de.nw/radnetz/instances/Section_Wuppertal_1228451_710_left", "name": " (ex-nw:Section_Wuppertal_1228451_710_left)", "dateprops": [], "properties": {"https://registry.gdi-de.org/up3/ontology/quell-ID": "1228451", "https://registry.gdi-de.org/up3/ontology/steigung": "1.96968", "https://registry.gdi-de.org/up3/ontology/strecken-ID": "Section_Wuppertal_1228451_710_left", "http://rdfs.org/ns/void#inDataset.value": "4635"}, "geometry": {"type": "LineString", "coordinates": [[7.144612693, 51.2288609195, 325.16], [7.1446088971, 51.2288671204, 0.0], [7.1448329223, 51.2298177683, 327.28]]}}, {"type": "Feature", "id": "https://registry.gdi-de.org/de.nw/radnetz/instances/Section_Wuppertal_1225870_513", "name": " (ex-nw:Section_Wuppertal_1225870_513)", "dateprops": [], "properties": {"https://registry.gdi-de.org/up3/ontology/quell-ID": "1225870", "https://registry.gdi-de.org/up3/ontology/steigung": "2.521552", "https://registry.gdi-de.org/up3/ontology/strecken-ID": "Section_Wuppertal_1225870_513", "http://rdfs.org/ns/void#inDataset.value": "4635"}, "geometry": {"type": "LineString", "coordinates": [[7.1065936612, 51.2560914727, 164.39], [7.1068569384, 51.2563412742, 165.23]]}}, {"type": "Feature", "id": "https://registry.gdi-de.org/de.nw/radnetz/instances/Section_Wuppertal_1226335_561", "name": " (ex-nw:Section_Wuppertal_1226335_561)", "dateprops": [], "properties": {"https://registry.gdi-de.org/up3/ontology/quell-ID": "1226335", "https://registry.gdi-de.org/up3/ontology/steigung": "0.3932682", "https://registry.gdi-de.org/up3/ontology/strecken-ID": "Section_Wuppertal_1226335_561", "http://rdfs.org/ns/void#inDataset.value": "4635"}, "geometry": {"type": "LineString", "coordinates": [[7.2353549208, 51.2308132463, 299.9], [7.2347427535, 51.2284901533, 300.93]]}}, {"type": "Feature", "id": "https://registry.gdi-de.org/de.nw/radnetz/instances/Section_Wuppertal_9123_186", "name": " (ex-nw:Section_Wuppertal_9123_186)", "dateprops": [], "properties": {"https://registry.gdi-de.org/up3/ontology/quell-ID": "9123", "https://registry.gdi-de.org/up3/ontology/steigung": "0.8062211", "https://registry.gdi-de.org/up3/ontology/strecken-ID": "Section_Wuppertal_9123_186", "http://rdfs.org/ns/void#inDataset.value": "4635"}, "geometry": {"type": "LineString", "coordinates": [[7.2132675166, 51.2744012771, 157.84], [7.2138219302, 51.2744368752, 0.0], [7.2138860956, 51.2744430955, 158.19]]}}, {"type": "Feature", "id": "https://registry.gdi-de.org/de.nw/radnetz/instances/Section_Wuppertal_9999901_943", "name": " (ex-nw:Section_Wuppertal_9999901_943)", "dateprops": [], "properties": {"https://registry.gdi-de.org/up3/ontology/quell-ID": "9999901", "https://registry.gdi-de.org/up3/ontology/steigung": "0.06684953", "https://registry.gdi-de.org/up3/ontology/strecken-ID": "Section_Wuppertal_9999901_943", "http://rdfs.org/ns/void#inDataset.value": "4635"}, "geometry": {"type": "LineString", "coordinates": [[7.2239084422, 51.2781280255, 0.0], [7.2235885264, 51.2784696777, 0.0], [7.2234378843, 51.2786991934, 0.0], [7.2233268708, 51.2788527394, 0.0], [7.2228012852, 51.2790482194, 0.0], [7.2226869142, 51.2791783806, 0.0]]}}, {"type": "Feature", "id": "https://registry.gdi-de.org/de.nw/radnetz/instances/Section_Wuppertal_1224865_435_left", "name": " (ex-nw:Section_Wuppertal_1224865_435_left)", "dateprops": [], "properties": {"https://registry.gdi-de.org/up3/ontology/quell-ID": "1224865", "https://registry.gdi-de.org/up3/ontology/steigung": "2.927139", "https://registry.gdi-de.org/up3/ontology/strecken-ID": "Section_Wuppertal_1224865_435_left", "http://rdfs.org/ns/void#inDataset.value": "4635"}, "geometry": {"type": "LineString", "coordinates": [[7.2696237668, 51.2783072032, 218.52], [7.2705327906, 51.2785160112, 0.0], [7.270700372, 51.278553378, 220.86]]}}, {"type": "Feature", "id": "https://registry.gdi-de.org/de.nw/radnetz/instances/Section_Wuppertal_1226612_602_right", "name": " (ex-nw:Section_Wuppertal_1226612_602_right)", "dateprops": [], "properties": {"https://registry.gdi-de.org/up3/ontology/quell-ID": "1226612", "https://registry.gdi-de.org/up3/ontology/steigung": "4.35605", "https://registry.gdi-de.org/up3/ontology/strecken-ID": "Section_Wuppertal_1226612_602_right", "http://rdfs.org/ns/void#inDataset.value": "4635"}, "geometry": {"type": "LineString", "coordinates": [[7.1190283965, 51.28171485, 282.09], [7.1197513319, 51.2811445845, 285.62]]}}, {"type": "Feature", "id": "https://registry.gdi-de.org/de.nw/radnetz/instances/Section_Wuppertal_1226960_656_left", "name": " (ex-nw:Section_Wuppertal_1226960_656_left)", "dateprops": [], "properties": {"https://registry.gdi-de.org/up3/ontology/quell-ID": "1226960", "https://registry.gdi-de.org/up3/ontology/steigung": "0.3508503", "https://registry.gdi-de.org/up3/ontology/strecken-ID": "Section_Wuppertal_1226960_656_left", "http://rdfs.org/ns/void#inDataset.value": "4635"}, "geometry": {"type": "LineString", "coordinates": [[7.0706105501, 51.247933255, 198.53], [7.0705662165, 51.2476785322, 198.63]]}}, {"type": "Feature", "id": "https://registry.gdi-de.org/de.nw/radnetz/instances/Section_Wuppertal_1228382_708_left", "name": " (ex-nw:Section_Wuppertal_1228382_708_left)", "dateprops": [], "properties": {"https://registry.gdi-de.org/up3/ontology/quell-ID": "1228382", "https://registry.gdi-de.org/up3/ontology/steigung": "3.022355", "https://registry.gdi-de.org/up3/ontology/strecken-ID": "Section_Wuppertal_1228382_708_left", "http://rdfs.org/ns/void#inDataset.value": "4635"}, "geometry": {"type": "LineString", "coordinates": [[7.0540002989, 51.2108359856, 227.67], [7.0541055393, 51.2112573737, 0.0], [7.054611467, 51.2115215364, 0.0], [7.0563453495, 51.2122998708, 0.0], [7.0564926094, 51.2123576476, 235.36]]}}, {"type": "Feature", "id": "https://registry.gdi-de.org/de.nw/radnetz/instances/Section_Wuppertal_1225529_484_right", "name": " (ex-nw:Section_Wuppertal_1225529_484_right)", "dateprops": [], "properties": {"https://registry.gdi-de.org/up3/ontology/quell-ID": "1225529", "https://registry.gdi-de.org/up3/ontology/steigung": "0.02653795", "https://registry.gdi-de.org/up3/ontology/strecken-ID": "Section_Wuppertal_1225529_484_right", "http://rdfs.org/ns/void#inDataset.value": "4635"}, "geometry": {"type": "LineString", "coordinates": [[7.2312482176, 51.2601227277, 180.87], [7.2308793206, 51.2598753512, 180.88]]}}, {"type": "Feature", "id": "https://registry.gdi-de.org/de.nw/radnetz/instances/Section_Wuppertal_10146_213_left", "name": " (ex-nw:Section_Wuppertal_10146_213_left)", "dateprops": [], "properties": {"https://registry.gdi-de.org/up3/ontology/quell-ID": "10146", "https://registry.gdi-de.org/up3/ontology/steigung": "6.668386", "https://registry.gdi-de.org/up3/ontology/strecken-ID": "Section_Wuppertal_10146_213_left", "http://rdfs.org/ns/void#inDataset.value": "4635"}, "geometry": {"type": "LineString", "coordinates": [[7.1914705387, 51.2212022578, 308.34], [7.1912356289, 51.2215520587, 0.0], [7.1910677868, 51.2220429685, 314.88]]}}, {"type": "Feature", "id": "https://registry.gdi-de.org/de.nw/radnetz/instances/Section_Wuppertal_1225909_520_left", "name": " (ex-nw:Section_Wuppertal_1225909_520_left)", "dateprops": [], "properties": {"https://registry.gdi-de.org/up3/ontology/quell-ID": "1225909", "https://registry.gdi-de.org/up3/ontology/steigung": "0.4169118", "https://registry.gdi-de.org/up3/ontology/strecken-ID": "Section_Wuppertal_1225909_520_left", "http://rdfs.org/ns/void#inDataset.value": "4635"}, "geometry": {"type": "LineString", "coordinates": [[7.0727996487, 51.2611040351, 218.25], [7.0727454142, 51.2613605506, 218.37]]}}, {"type": "Feature", "id": "https://registry.gdi-de.org/de.nw/radnetz/instances/Section_Wuppertal_1222542_289", "name": " (ex-nw:Section_Wuppertal_1222542_289)", "dateprops": [], "properties": {"https://registry.gdi-de.org/up3/ontology/quell-ID": "1222542", "https://registry.gdi-de.org/up3/ontology/steigung": "0.7348128", "https://registry.gdi-de.org/up3/ontology/strecken-ID": "Section_Wuppertal_1222542_289", "http://rdfs.org/ns/void#inDataset.value": "4635"}, "geometry": {"type": "LineString", "coordinates": [[7.2347025728, 51.2392622263, 291.62], [7.2346955058, 51.2392672368, 0.0], [7.2342511305, 51.2395021448, 0.0], [7.2336756368, 51.2397285549, 0.0], [7.2333291823, 51.2399032874, 292.5]]}}, {"type": "Feature", "id": "https://registry.gdi-de.org/de.nw/radnetz/instances/Section_Wuppertal_8929_182", "name": " (ex-nw:Section_Wuppertal_8929_182)", "dateprops": [], "properties": {"https://registry.gdi-de.org/up3/ontology/quell-ID": "8929", "https://registry.gdi-de.org/up3/ontology/steigung": "0.5470442", "https://registry.gdi-de.org/up3/ontology/strecken-ID": "Section_Wuppertal_8929_182", "http://rdfs.org/ns/void#inDataset.value": "4635"}, "geometry": {"type": "LineString", "coordinates": [[7.2545042163, 51.2187811764, 304.33], [7.255063811, 51.2192004181, 0.0], [7.2557822659, 51.2195569067, 0.0], [7.2565537447, 51.2200423634, 0.0], [7.2573747922, 51.2203617294, 0.0], [7.259024391, 51.2213633162, 0.0], [7.2601226461, 51.2221088973, 0.0], [7.2606175315, 51.2225229857, 0.0], [7.2607886049, 51.2227328247, 0.0], [7.2609553511, 51.2230147225, 0.0], [7.2610862319, 51.2234920599, 308.23]]}}, {"type": "Feature", "id": "https://registry.gdi-de.org/de.nw/radnetz/instances/Section_Wuppertal_3764_92_right", "name": " (ex-nw:Section_Wuppertal_3764_92_right)", "dateprops": [], "properties": {"https://registry.gdi-de.org/up3/ontology/quell-ID": "3764", "https://registry.gdi-de.org/up3/ontology/steigung": "1.288055", "https://registry.gdi-de.org/up3/ontology/strecken-ID": "Section_Wuppertal_3764_92_right", "http://rdfs.org/ns/void#inDataset.value": "4635"}, "geometry": {"type": "LineString", "coordinates": [[7.1338773416, 51.2529724208, 141.95], [7.1342185532, 51.2530572951, 142.28]]}}, {"type": "Feature", "id": "https://registry.gdi-de.org/de.nw/radnetz/instances/Section_Wuppertal_1225538_0", "name": " (ex-nw:Section_Wuppertal_1225538_0)", "dateprops": [], "properties": {"https://registry.gdi-de.org/up3/ontology/quell-ID": "1225538", "https://registry.gdi-de.org/up3/ontology/steigung": "1.084937", "https://registry.gdi-de.org/up3/ontology/strecken-ID": "Section_Wuppertal_1225538_0", "http://rdfs.org/ns/void#inDataset.value": "4635"}, "geometry": {"type": "LineString", "coordinates": [[7.1509618114, 51.2264228267, 0.0], [7.1505604753, 51.227606117, 0.0]]}}, {"type": "Feature", "id": "https://registry.gdi-de.org/de.nw/radnetz/instances/Section_Wuppertal_1224915_438", "name": " (ex-nw:Section_Wuppertal_1224915_438)", "dateprops": [], "properties": {"https://registry.gdi-de.org/up3/ontology/quell-ID": "1224915", "https://registry.gdi-de.org/up3/ontology/steigung": "0.6356436", "https://registry.gdi-de.org/up3/ontology/strecken-ID": "Section_Wuppertal_1224915_438", "http://rdfs.org/ns/void#inDataset.value": "4635"}, "geometry": {"type": "LineString", "coordinates": [[7.102931446, 51.2403951265, 138.1], [7.102943685, 51.2388676533, 139.18]]}}, {"type": "Feature", "id": "https://registry.gdi-de.org/de.nw/radnetz/instances/Section_Wuppertal_1990_43_right", "name": " (ex-nw:Section_Wuppertal_1990_43_right)", "dateprops": [], "properties": {"https://registry.gdi-de.org/up3/ontology/quell-ID": "1990", "https://registry.gdi-de.org/up3/ontology/steigung": "1.400018", "https://registry.gdi-de.org/up3/ontology/strecken-ID": "Section_Wuppertal_1990_43_right", "http://rdfs.org/ns/void#inDataset.value": "4635"}, "geometry": {"type": "LineString", "coordinates": [[7.1048202795, 51.2472726508, 142.38], [7.1038623294, 51.2480899252, 143.96]]}}, {"type": "Feature", "id": "https://registry.gdi-de.org/de.nw/radnetz/instances/Section_Wuppertal_810_21_right", "name": " (ex-nw:Section_Wuppertal_810_21_right)", "dateprops": [], "properties": {"https://registry.gdi-de.org/up3/ontology/quell-ID": "810", "https://registry.gdi-de.org/up3/ontology/steigung": "0.3586248", "https://registry.gdi-de.org/up3/ontology/strecken-ID": "Section_Wuppertal_810_21_right", "http://rdfs.org/ns/void#inDataset.value": "4635"}, "geometry": {"type": "LineString", "coordinates": [[7.0629259816, 51.2248794843, 201.86], [7.0627110169, 51.2247673557, 201.93]]}}, {"type": "Feature", "id": "https://registry.gdi-de.org/de.nw/radnetz/instances/Section_Wuppertal_1226794_894_right", "name": " (ex-nw:Section_Wuppertal_1226794_894_right)", "dateprops": [], "properties": {"https://registry.gdi-de.org/up3/ontology/quell-ID": "1226794", "https://registry.gdi-de.org/up3/ontology/steigung": "5.63768", "https://registry.gdi-de.org/up3/ontology/strecken-ID": "Section_Wuppertal_1226794_894_right", "http://rdfs.org/ns/void#inDataset.value": "4635"}, "geometry": {"type": "LineString", "coordinates": [[7.125019521, 51.2797188548, 263.0], [7.1249595051, 51.2801958431, 0.0], [7.1244661037, 51.2805331757, 0.0], [7.124382851, 51.2805602896, 269.24]]}}, {"type": "Feature", "id": "https://registry.gdi-de.org/de.nw/radnetz/instances/Section_Wuppertal_1229689_745_left", "name": " (ex-nw:Section_Wuppertal_1229689_745_left)", "dateprops": [], "properties": {"https://registry.gdi-de.org/up3/ontology/quell-ID": "1229689", "https://registry.gdi-de.org/up3/ontology/steigung": "5.354575", "https://registry.gdi-de.org/up3/ontology/strecken-ID": "Section_Wuppertal_1229689_745_left", "http://rdfs.org/ns/void#inDataset.value": "4635"}, "geometry": {"type": "LineString", "coordinates": [[7.1585325643, 51.2522630857, 193.21], [7.1589523264, 51.2524347506, 0.0], [7.1589806566, 51.2524466274, 195.21]]}}, {"type": "Feature", "id": "https://registry.gdi-de.org/de.nw/radnetz/instances/Section_Wuppertal_3554_86", "name": " (ex-nw:Section_Wuppertal_3554_86)", "dateprops": [], "properties": {"https://registry.gdi-de.org/up3/ontology/quell-ID": "3554", "https://registry.gdi-de.org/up3/ontology/steigung": "0.4732706", "https://registry.gdi-de.org/up3/ontology/strecken-ID": "Section_Wuppertal_3554_86", "http://rdfs.org/ns/void#inDataset.value": "4635"}, "geometry": {"type": "LineString", "coordinates": [[7.1491136582, 51.257372414, 143.4], [7.148792753, 51.2571330263, 0.0], [7.1486320587, 51.2570087319, 0.0], [7.148355986, 51.2568585138, 0.0], [7.1481491418, 51.2567461662, 143.86]]}}, {"type": "Feature", "id": "https://registry.gdi-de.org/de.nw/radnetz/instances/Section_Wuppertal_1229804_773", "name": " (ex-nw:Section_Wuppertal_1229804_773)", "dateprops": [], "properties": {"https://registry.gdi-de.org/up3/ontology/quell-ID": "1229804", "https://registry.gdi-de.org/up3/ontology/steigung": "2.154959", "https://registry.gdi-de.org/up3/ontology/strecken-ID": "Section_Wuppertal_1229804_773", "http://rdfs.org/ns/void#inDataset.value": "4635"}, "geometry": {"type": "LineString", "coordinates": [[7.1027184735, 51.2910789894, 227.11], [7.1029248632, 51.2910113624, 227.46]]}}, {"type": "Feature", "id": "https://registry.gdi-de.org/de.nw/radnetz/instances/Section_Wuppertal_1223805_389", "name": " (ex-nw:Section_Wuppertal_1223805_389)", "dateprops": [], "properties": {"https://registry.gdi-de.org/up3/ontology/quell-ID": "1223805", "https://registry.gdi-de.org/up3/ontology/steigung": "4.578884", "https://registry.gdi-de.org/up3/ontology/strecken-ID": "Section_Wuppertal_1223805_389", "http://rdfs.org/ns/void#inDataset.value": "4635"}, "geometry": {"type": "LineString", "coordinates": [[7.2281060929, 51.2735320081, 170.84], [7.2284877405, 51.2733815683, 172.28]]}}, {"type": "Feature", "id": "https://registry.gdi-de.org/de.nw/radnetz/instances/Section_Wuppertal_1226696_616", "name": " (ex-nw:Section_Wuppertal_1226696_616)", "dateprops": [], "properties": {"https://registry.gdi-de.org/up3/ontology/quell-ID": "1226696", "https://registry.gdi-de.org/up3/ontology/steigung": "0.5359653", "https://registry.gdi-de.org/up3/ontology/strecken-ID": "Section_Wuppertal_1226696_616", "http://rdfs.org/ns/void#inDataset.value": "4635"}, "geometry": {"type": "LineString", "coordinates": [[7.1067646447, 51.2466929842, 136.93], [7.1065843468, 51.2465930576, 137.02]]}}, {"type": "Feature", "id": "https://registry.gdi-de.org/de.nw/radnetz/instances/Section_Wuppertal_12758_274_right", "name": " (ex-nw:Section_Wuppertal_12758_274_right)", "dateprops": [], "properties": {"https://registry.gdi-de.org/up3/ontology/quell-ID": "12758", "https://registry.gdi-de.org/up3/ontology/steigung": "2.101262", "https://registry.gdi-de.org/up3/ontology/strecken-ID": "Section_Wuppertal_12758_274_right", "http://rdfs.org/ns/void#inDataset.value": "4635"}, "geometry": {"type": "LineString", "coordinates": [[7.0724257853, 51.2719068599, 160.63], [7.0725390644, 51.2709511315, 162.87]]}}, {"type": "Feature", "id": "https://registry.gdi-de.org/de.nw/radnetz/instances/Section_Wuppertal_1228472_713_right", "name": " (ex-nw:Section_Wuppertal_1228472_713_right)", "dateprops": [], "properties": {"https://registry.gdi-de.org/up3/ontology/quell-ID": "1228472", "https://registry.gdi-de.org/up3/ontology/steigung": "2.198445", "https://registry.gdi-de.org/up3/ontology/strecken-ID": "Section_Wuppertal_1228472_713_right", "http://rdfs.org/ns/void#inDataset.value": "4635"}, "geometry": {"type": "LineString", "coordinates": [[7.1384656676, 51.2098670056, 298.86], [7.1372229664, 51.2091817274, 301.4]]}}, {"type": "Feature", "id": "https://registry.gdi-de.org/de.nw/radnetz/instances/Section_Wuppertal_1878_41", "name": " (ex-nw:Section_Wuppertal_1878_41)", "dateprops": [], "properties": {"https://registry.gdi-de.org/up3/ontology/quell-ID": "1878", "https://registry.gdi-de.org/up3/ontology/steigung": "2.228427", "https://registry.gdi-de.org/up3/ontology/strecken-ID": "Section_Wuppertal_1878_41", "http://rdfs.org/ns/void#inDataset.value": "4635"}, "geometry": {"type": "LineString", "coordinates": [[7.152772332, 51.2347022019, 328.59], [7.1504790936, 51.2334660288, 0.0], [7.1503371651, 51.233264373, 333.84]]}}, {"type": "Feature", "id": "https://registry.gdi-de.org/de.nw/radnetz/instances/Section_Wuppertal_1227125_675_left", "name": " (ex-nw:Section_Wuppertal_1227125_675_left)", "dateprops": [], "properties": {"https://registry.gdi-de.org/up3/ontology/quell-ID": "1227125", "https://registry.gdi-de.org/up3/ontology/steigung": "6.395208", "https://registry.gdi-de.org/up3/ontology/strecken-ID": "Section_Wuppertal_1227125_675_left", "http://rdfs.org/ns/void#inDataset.value": "4635"}, "geometry": {"type": "LineString", "coordinates": [[7.1641113959, 51.2452228587, 248.57], [7.1643162809, 51.2450327281, 0.0], [7.1653376275, 51.2446450382, 0.0], [7.1671675879, 51.244518889, 0.0], [7.1680911793, 51.2442310118, 0.0], [7.1694744901, 51.2434351572, 0.0], [7.1697232928, 51.2433440097, 278.02]]}}, {"type": "Feature", "id": "https://registry.gdi-de.org/de.nw/radnetz/instances/Section_Wuppertal_1228349_703_left", "name": " (ex-nw:Section_Wuppertal_1228349_703_left)", "dateprops": [], "properties": {"https://registry.gdi-de.org/up3/ontology/quell-ID": "1228349", "https://registry.gdi-de.org/up3/ontology/steigung": "4.137441", "https://registry.gdi-de.org/up3/ontology/strecken-ID": "Section_Wuppertal_1228349_703_left", "http://rdfs.org/ns/void#inDataset.value": "4635"}, "geometry": {"type": "LineString", "coordinates": [[7.0883828809, 51.2468516338, 153.83], [7.0885807659, 51.2471197609, 0.0], [7.0890140087, 51.2482012216, 0.0], [7.0898360992, 51.2487711616, 163.86]]}}, {"type": "Feature", "id": "https://registry.gdi-de.org/de.nw/radnetz/instances/Section_Wuppertal_2359_49", "name": " (ex-nw:Section_Wuppertal_2359_49)", "dateprops": [], "properties": {"https://registry.gdi-de.org/up3/ontology/quell-ID": "2359", "https://registry.gdi-de.org/up3/ontology/steigung": "0.7329503", "https://registry.gdi-de.org/up3/ontology/strecken-ID": "Section_Wuppertal_2359_49", "http://rdfs.org/ns/void#inDataset.value": "4635"}, "geometry": {"type": "LineString", "coordinates": [[7.1452478862, 51.2563018982, 142.68], [7.1442068953, 51.255912482, 143.3]]}}, {"type": "Feature", "id": "https://registry.gdi-de.org/de.nw/radnetz/instances/Section_Wuppertal_5097_113_left", "name": " (ex-nw:Section_Wuppertal_5097_113_left)", "dateprops": [], "properties": {"https://registry.gdi-de.org/up3/ontology/quell-ID": "5097", "https://registry.gdi-de.org/up3/ontology/steigung": "3.240947", "https://registry.gdi-de.org/up3/ontology/strecken-ID": "Section_Wuppertal_5097_113_left", "http://rdfs.org/ns/void#inDataset.value": "4635"}, "geometry": {"type": "LineString", "coordinates": [[7.2340936279, 51.266094165, 165.27], [7.2341035778, 51.2652527643, 0.0], [7.2340667408, 51.264947527, 0.0], [7.2336602882, 51.2640673958, 172.71]]}}, {"type": "Feature", "id": "https://registry.gdi-de.org/de.nw/radnetz/instances/Section_Wuppertal_1229852_932_right", "name": " (ex-nw:Section_Wuppertal_1229852_932_right)", "dateprops": [], "properties": {"https://registry.gdi-de.org/up3/ontology/quell-ID": "1229852", "https://registry.gdi-de.org/up3/ontology/steigung": "4.956993", "https://registry.gdi-de.org/up3/ontology/strecken-ID": "Section_Wuppertal_1229852_932_right", "http://rdfs.org/ns/void#inDataset.value": "4635"}, "geometry": {"type": "LineString", "coordinates": [[7.2514812336, 51.3087913921, 306.16], [7.2510211104, 51.3091318242, 308.62]]}}, {"type": "Feature", "id": "https://registry.gdi-de.org/de.nw/radnetz/instances/Section_Wuppertal_7240_148_right", "name": " (ex-nw:Section_Wuppertal_7240_148_right)", "dateprops": [], "properties": {"https://registry.gdi-de.org/up3/ontology/quell-ID": "7240", "https://registry.gdi-de.org/up3/ontology/steigung": "1.772969", "https://registry.gdi-de.org/up3/ontology/strecken-ID": "Section_Wuppertal_7240_148_right", "http://rdfs.org/ns/void#inDataset.value": "4635"}, "geometry": {"type": "LineString", "coordinates": [[7.1117590374, 51.2623801813, 204.34], [7.1125616766, 51.2623982141, 0.0], [7.1149902926, 51.2623124744, 0.0], [7.1162640496, 51.262220203, 209.93]]}}, {"type": "Feature", "id": "https://registry.gdi-de.org/de.nw/radnetz/instances/Section_Wuppertal_9999908_942", "name": " (ex-nw:Section_Wuppertal_9999908_942)", "dateprops": [], "properties": {"https://registry.gdi-de.org/up3/ontology/quell-ID": "9999908", "https://registry.gdi-de.org/up3/ontology/steigung": "0.1913331", "https://registry.gdi-de.org/up3/ontology/strecken-ID": "Section_Wuppertal_9999908_942", "http://rdfs.org/ns/void#inDataset.value": "4635"}, "geometry": {"type": "LineString", "coordinates": [[7.2408404177, 51.2787375508, 0.0], [7.2407405663, 51.2790266855, 0.0], [7.2405892788, 51.2792713474, 0.0], [7.2403735472, 51.2795211952, 0.0], [7.2400530641, 51.2798229462, 0.0], [7.239653684, 51.2800972855, 0.0], [7.2393204868, 51.2802773022, 0.0], [7.2389163412, 51.2804422332, 0.0], [7.2386387854, 51.2805295877, 0.0]]}}, {"type": "Feature", "id": "https://registry.gdi-de.org/de.nw/radnetz/instances/Section_Wuppertal_1223021_302", "name": " (ex-nw:Section_Wuppertal_1223021_302)", "dateprops": [], "properties": {"https://registry.gdi-de.org/up3/ontology/quell-ID": "1223021", "https://registry.gdi-de.org/up3/ontology/steigung": "0.1252263", "https://registry.gdi-de.org/up3/ontology/strecken-ID": "Section_Wuppertal_1223021_302", "http://rdfs.org/ns/void#inDataset.value": "4635"}, "geometry": {"type": "LineString", "coordinates": [[7.1208253384, 51.2620863965, 176.48], [7.1194588556, 51.2621138773, 0.0], [7.1177444157, 51.2619699802, 0.0], [7.1161778067, 51.2617379531, 0.0], [7.1140213827, 51.2610946722, 177.1]]}}, {"type": "Feature", "id": "https://registry.gdi-de.org/de.nw/radnetz/instances/Section_Wuppertal_1226735_620_left", "name": " (ex-nw:Section_Wuppertal_1226735_620_left)", "dateprops": [], "properties": {"https://registry.gdi-de.org/up3/ontology/quell-ID": "1226735", "https://registry.gdi-de.org/up3/ontology/steigung": "5.217662", "https://registry.gdi-de.org/up3/ontology/strecken-ID": "Section_Wuppertal_1226735_620_left", "http://rdfs.org/ns/void#inDataset.value": "4635"}, "geometry": {"type": "LineString", "coordinates": [[7.2305422257, 51.2554522433, 174.89], [7.2296658938, 51.2548934398, 179.44]]}}, {"type": "Feature", "id": "https://registry.gdi-de.org/de.nw/radnetz/instances/Section_Wuppertal_1227065_671_left", "name": " (ex-nw:Section_Wuppertal_1227065_671_left)", "dateprops": [], "properties": {"https://registry.gdi-de.org/up3/ontology/quell-ID": "1227065", "https://registry.gdi-de.org/up3/ontology/steigung": "6.446655", "https://registry.gdi-de.org/up3/ontology/strecken-ID": "Section_Wuppertal_1227065_671_left", "http://rdfs.org/ns/void#inDataset.value": "4635"}, "geometry": {"type": "LineString", "coordinates": [[7.1699328832, 51.2432675971, 279.07], [7.1704262238, 51.2431290016, 0.0], [7.1708832292, 51.2430794921, 283.59]]}}, {"type": "Feature", "id": "https://registry.gdi-de.org/de.nw/radnetz/instances/Section_Wuppertal_2578_56_left", "name": " (ex-nw:Section_Wuppertal_2578_56_left)", "dateprops": [], "properties": {"https://registry.gdi-de.org/up3/ontology/quell-ID": "2578", "https://registry.gdi-de.org/up3/ontology/steigung": "0.5700013", "https://registry.gdi-de.org/up3/ontology/strecken-ID": "Section_Wuppertal_2578_56_left", "http://rdfs.org/ns/void#inDataset.value": "4635"}, "geometry": {"type": "LineString", "coordinates": [[7.0696600721, 51.2349793442, 179.09], [7.0700556088, 51.2348974151, 0.0], [7.0708939694, 51.2347955919, 0.0], [7.0714035831, 51.2348481478, 0.0], [7.0718095617, 51.2349303532, 0.0], [7.0722753348, 51.2350610796, 0.0], [7.0724470995, 51.2351576548, 0.0], [7.0724306444, 51.235292909, 0.0], [7.0723923559, 51.2354935423, 180.48]]}}, {"type": "Feature", "id": "https://registry.gdi-de.org/de.nw/radnetz/instances/Section_Wuppertal_1229751_762", "name": " (ex-nw:Section_Wuppertal_1229751_762)", "dateprops": [], "properties": {"https://registry.gdi-de.org/up3/ontology/quell-ID": "1229751", "https://registry.gdi-de.org/up3/ontology/steigung": "4.371625", "https://registry.gdi-de.org/up3/ontology/strecken-ID": "Section_Wuppertal_1229751_762", "http://rdfs.org/ns/void#inDataset.value": "4635"}, "geometry": {"type": "LineString", "coordinates": [[7.1893043499, 51.2438021762, 341.24], [7.1893391964, 51.2439444618, 341.94]]}}, {"type": "Feature", "id": "https://registry.gdi-de.org/de.nw/radnetz/instances/Section_Wuppertal_1225329_470_right", "name": " (ex-nw:Section_Wuppertal_1225329_470_right)", "dateprops": [], "properties": {"https://registry.gdi-de.org/up3/ontology/quell-ID": "1225329", "https://registry.gdi-de.org/up3/ontology/steigung": "1.966607", "https://registry.gdi-de.org/up3/ontology/strecken-ID": "Section_Wuppertal_1225329_470_right", "http://rdfs.org/ns/void#inDataset.value": "4635"}, "geometry": {"type": "LineString", "coordinates": [[7.1314332036, 51.1995939906, 263.5], [7.1314453087, 51.1996529312, 263.63]]}}, {"type": "Feature", "id": "https://registry.gdi-de.org/de.nw/radnetz/instances/Section_Wuppertal_1229860_933_right", "name": " (ex-nw:Section_Wuppertal_1229860_933_right)", "dateprops": [], "properties": {"https://registry.gdi-de.org/up3/ontology/quell-ID": "1229860", "https://registry.gdi-de.org/up3/ontology/steigung": "5.161882", "https://registry.gdi-de.org/up3/ontology/strecken-ID": "Section_Wuppertal_1229860_933_right", "http://rdfs.org/ns/void#inDataset.value": "4635"}, "geometry": {"type": "LineString", "coordinates": [[7.2520143743, 51.3082603263, 302.55], [7.251753258, 51.3085582395, 0.0], [7.2514812336, 51.3087913921, 306.16]]}}, {"type": "Feature", "id": "https://registry.gdi-de.org/de.nw/radnetz/instances/Section_Wuppertal_1838_39_right", "name": " (ex-nw:Section_Wuppertal_1838_39_right)", "dateprops": [], "properties": {"https://registry.gdi-de.org/up3/ontology/quell-ID": "1838", "https://registry.gdi-de.org/up3/ontology/steigung": "2.854649", "https://registry.gdi-de.org/up3/ontology/strecken-ID": "Section_Wuppertal_1838_39_right", "http://rdfs.org/ns/void#inDataset.value": "4635"}, "geometry": {"type": "LineString", "coordinates": [[7.1470843527, 51.2265006211, 321.46], [7.1473765971, 51.2263447857, 0.0], [7.1477949631, 51.2262113319, 323.16]]}}, {"type": "Feature", "id": "https://registry.gdi-de.org/de.nw/radnetz/instances/Section_Wuppertal_1225306_467", "name": " (ex-nw:Section_Wuppertal_1225306_467)", "dateprops": [], "properties": {"https://registry.gdi-de.org/up3/ontology/quell-ID": "1225306", "https://registry.gdi-de.org/up3/ontology/steigung": "2.652155", "https://registry.gdi-de.org/up3/ontology/strecken-ID": "Section_Wuppertal_1225306_467", "http://rdfs.org/ns/void#inDataset.value": "4635"}, "geometry": {"type": "LineString", "coordinates": [[7.2006578106, 51.2194768232, 259.33], [7.2005724667, 51.2194879931, 0.0], [7.2003599344, 51.2195710671, 0.0], [7.2001490103, 51.219717047, 0.0], [7.2001118886, 51.2197709454, 260.71]]}}, {"type": "Feature", "id": "https://registry.gdi-de.org/de.nw/radnetz/instances/Section_Wuppertal_1225972_527", "name": " (ex-nw:Section_Wuppertal_1225972_527)", "dateprops": [], "properties": {"https://registry.gdi-de.org/up3/ontology/quell-ID": "1225972", "https://registry.gdi-de.org/up3/ontology/steigung": "0.05614901", "https://registry.gdi-de.org/up3/ontology/strecken-ID": "Section_Wuppertal_1225972_527", "http://rdfs.org/ns/void#inDataset.value": "4635"}, "geometry": {"type": "LineString", "coordinates": [[7.1248263519, 51.2495157284, 139.94], [7.125445244, 51.2497983397, 139.97]]}}, {"type": "Feature", "id": "https://registry.gdi-de.org/de.nw/radnetz/instances/Section_Wuppertal_12324_263_right", "name": " (ex-nw:Section_Wuppertal_12324_263_right)", "dateprops": [], "properties": {"https://registry.gdi-de.org/up3/ontology/quell-ID": "12324", "https://registry.gdi-de.org/up3/ontology/steigung": "0.159042", "https://registry.gdi-de.org/up3/ontology/strecken-ID": "Section_Wuppertal_12324_263_right", "http://rdfs.org/ns/void#inDataset.value": "4635"}, "geometry": {"type": "LineString", "coordinates": [[7.0659193506, 51.2259812813, 200.96], [7.0653295991, 51.2257720595, 0.0], [7.0648245905, 51.2255891953, 201.1]]}}, {"type": "Feature", "id": "https://registry.gdi-de.org/de.nw/radnetz/instances/Section_Wuppertal_1228058_694", "name": " (ex-nw:Section_Wuppertal_1228058_694)", "dateprops": [], "properties": {"https://registry.gdi-de.org/up3/ontology/quell-ID": "1228058", "https://registry.gdi-de.org/up3/ontology/steigung": "0.2054795", "https://registry.gdi-de.org/up3/ontology/strecken-ID": "Section_Wuppertal_1228058_694", "http://rdfs.org/ns/void#inDataset.value": "4635"}, "geometry": {"type": "LineString", "coordinates": [[7.1086754299, 51.248238623, 137.14], [7.1089012862, 51.2484115823, 0.0], [7.1103767586, 51.2490177672, 0.0], [7.1111972707, 51.2491897539, 0.0], [7.1120738816, 51.2493631678, 137.7]]}}, {"type": "Feature", "id": "https://registry.gdi-de.org/de.nw/radnetz/instances/Section_Wuppertal_55_2_left", "name": " (ex-nw:Section_Wuppertal_55_2_left)", "dateprops": [], "properties": {"https://registry.gdi-de.org/up3/ontology/quell-ID": "55", "https://registry.gdi-de.org/up3/ontology/steigung": "0.7778568", "https://registry.gdi-de.org/up3/ontology/strecken-ID": "Section_Wuppertal_55_2_left", "http://rdfs.org/ns/void#inDataset.value": "4635"}, "geometry": {"type": "LineString", "coordinates": [[7.0707174733, 51.2463581624, 198.71], [7.070604115, 51.2468266504, 199.12]]}}, {"type": "Feature", "id": "https://registry.gdi-de.org/de.nw/radnetz/instances/Section_Wuppertal_4116_99_right", "name": " (ex-nw:Section_Wuppertal_4116_99_right)", "dateprops": [], "properties": {"https://registry.gdi-de.org/up3/ontology/quell-ID": "4116", "https://registry.gdi-de.org/up3/ontology/steigung": "5.199655", "https://registry.gdi-de.org/up3/ontology/strecken-ID": "Section_Wuppertal_4116_99_right", "http://rdfs.org/ns/void#inDataset.value": "4635"}, "geometry": {"type": "LineString", "coordinates": [[7.1170456461, 51.2827801855, 272.58], [7.1177456175, 51.2825062888, 0.0], [7.1180871155, 51.2823507544, 0.0], [7.1187247565, 51.2819543618, 280.36]]}}, {"type": "Feature", "id": "https://registry.gdi-de.org/de.nw/radnetz/instances/Section_Wuppertal_1228057_693", "name": " (ex-nw:Section_Wuppertal_1228057_693)", "dateprops": [], "properties": {"https://registry.gdi-de.org/up3/ontology/quell-ID": "1228057", "https://registry.gdi-de.org/up3/ontology/steigung": "0.09648943", "https://registry.gdi-de.org/up3/ontology/strecken-ID": "Section_Wuppertal_1228057_693", "http://rdfs.org/ns/void#inDataset.value": "4635"}, "geometry": {"type": "LineString", "coordinates": [[7.1067646447, 51.2466929842, 136.93], [7.1080549058, 51.2477634203, 0.0], [7.1086754299, 51.248238623, 137.14]]}}, {"type": "Feature", "id": "https://registry.gdi-de.org/de.nw/radnetz/instances/Section_Wuppertal_1223595_378_right", "name": " (ex-nw:Section_Wuppertal_1223595_378_right)", "dateprops": [], "properties": {"https://registry.gdi-de.org/up3/ontology/quell-ID": "1223595", "https://registry.gdi-de.org/up3/ontology/steigung": "4.051805", "https://registry.gdi-de.org/up3/ontology/strecken-ID": "Section_Wuppertal_1223595_378_right", "http://rdfs.org/ns/void#inDataset.value": "4635"}, "geometry": {"type": "LineString", "coordinates": [[7.1477949631, 51.2262113319, 323.16], [7.1480547875, 51.2261371117, 0.0], [7.1488116428, 51.2261122269, 0.0], [7.1494867828, 51.2261836387, 328.05]]}}, {"type": "Feature", "id": "https://registry.gdi-de.org/de.nw/radnetz/instances/Section_Wuppertal_1226523_589", "name": " (ex-nw:Section_Wuppertal_1226523_589)", "dateprops": [], "properties": {"https://registry.gdi-de.org/up3/ontology/quell-ID": "1226523", "https://registry.gdi-de.org/up3/ontology/steigung": "1.206577", "https://registry.gdi-de.org/up3/ontology/strecken-ID": "Section_Wuppertal_1226523_589", "http://rdfs.org/ns/void#inDataset.value": "4635"}, "geometry": {"type": "LineString", "coordinates": [[7.2359391209, 51.2353898895, 301.11], [7.2359675766, 51.2349133467, 301.75]]}}, {"type": "Feature", "id": "https://registry.gdi-de.org/de.nw/radnetz/instances/Section_Wuppertal_1223591_376_right", "name": " (ex-nw:Section_Wuppertal_1223591_376_right)", "dateprops": [], "properties": {"https://registry.gdi-de.org/up3/ontology/quell-ID": "1223591", "https://registry.gdi-de.org/up3/ontology/steigung": "1.823637", "https://registry.gdi-de.org/up3/ontology/strecken-ID": "Section_Wuppertal_1223591_376_right", "http://rdfs.org/ns/void#inDataset.value": "4635"}, "geometry": {"type": "LineString", "coordinates": [[7.2972533057, 51.2478807302, 202.73], [7.2994136398, 51.2466901554, 206.39]]}}, {"type": "Feature", "id": "https://registry.gdi-de.org/de.nw/radnetz/instances/Section_Wuppertal_1225650_493_right", "name": " (ex-nw:Section_Wuppertal_1225650_493_right)", "dateprops": [], "properties": {"https://registry.gdi-de.org/up3/ontology/quell-ID": "1225650", "https://registry.gdi-de.org/up3/ontology/steigung": "0.4679616", "https://registry.gdi-de.org/up3/ontology/strecken-ID": "Section_Wuppertal_1225650_493_right", "http://rdfs.org/ns/void#inDataset.value": "4635"}, "geometry": {"type": "LineString", "coordinates": [[7.2318733111, 51.2686028873, 163.72], [7.2330287423, 51.267209017, 0.0], [7.2332355295, 51.2670285768, 0.0], [7.2332789948, 51.2670121723, 164.67]]}}, {"type": "Feature", "id": "https://registry.gdi-de.org/de.nw/radnetz/instances/Section_Wuppertal_1227187_677_right", "name": " (ex-nw:Section_Wuppertal_1227187_677_right)", "dateprops": [], "properties": {"https://registry.gdi-de.org/up3/ontology/quell-ID": "1227187", "https://registry.gdi-de.org/up3/ontology/steigung": "1.535031", "https://registry.gdi-de.org/up3/ontology/strecken-ID": "Section_Wuppertal_1227187_677_right", "http://rdfs.org/ns/void#inDataset.value": "4635"}, "geometry": {"type": "LineString", "coordinates": [[7.1019835287, 51.2675875999, 237.25], [7.1022746616, 51.267789984, 0.0], [7.1043811023, 51.268636332, 0.0], [7.1054781737, 51.269129762, 0.0], [7.1060179835, 51.2694088228, 242.59]]}}, {"type": "Feature", "id": "https://registry.gdi-de.org/de.nw/radnetz/instances/Section_Wuppertal_5784_125", "name": " (ex-nw:Section_Wuppertal_5784_125)", "dateprops": [], "properties": {"https://registry.gdi-de.org/up3/ontology/quell-ID": "5784", "https://registry.gdi-de.org/up3/ontology/steigung": "3.127697", "https://registry.gdi-de.org/up3/ontology/strecken-ID": "Section_Wuppertal_5784_125", "http://rdfs.org/ns/void#inDataset.value": "4635"}, "geometry": {"type": "LineString", "coordinates": [[7.2616595442, 51.2330919297, 286.88], [7.2620715362, 51.2328854111, 0.0], [7.2623209099, 51.2327482433, 0.0], [7.2626326997, 51.2325474786, 0.0], [7.2626190407, 51.2323990455, 0.0], [7.2626997551, 51.2322094037, 0.0], [7.2631131598, 51.231620651, 0.0], [7.2631884524, 51.2312333083, 0.0], [7.2632854929, 51.2300726628, 0.0], [7.2635693337, 51.2294583498, 0.0], [7.2635572662, 51.2290180247, 0.0], [7.2635192679, 51.2286768604, 0.0], [7.2633680173, 51.2283818636, 0.0], [7.2627397838, 51.2279212349, 0.0], [7.2617273816, 51.2270242482, 310.53]]}}, {"type": "Feature", "id": "https://registry.gdi-de.org/de.nw/radnetz/instances/Section_Wuppertal_7705_159", "name": " (ex-nw:Section_Wuppertal_7705_159)", "dateprops": [], "properties": {"https://registry.gdi-de.org/up3/ontology/quell-ID": "7705", "https://registry.gdi-de.org/up3/ontology/steigung": "5.524785", "https://registry.gdi-de.org/up3/ontology/strecken-ID": "Section_Wuppertal_7705_159", "http://rdfs.org/ns/void#inDataset.value": "4635"}, "geometry": {"type": "LineString", "coordinates": [[7.1674946453, 51.2391790779, 323.26], [7.1672194192, 51.2393199767, 324.63]]}}, {"type": "Feature", "id": "https://registry.gdi-de.org/de.nw/radnetz/instances/Section_Wuppertal_8122_1011", "name": " (ex-nw:Section_Wuppertal_8122_1011)", "dateprops": [], "properties": {"https://registry.gdi-de.org/up3/ontology/quell-ID": "8122", "https://registry.gdi-de.org/up3/ontology/steigung": "4.322991", "https://registry.gdi-de.org/up3/ontology/strecken-ID": "Section_Wuppertal_8122_1011", "http://rdfs.org/ns/void#inDataset.value": "4635"}, "geometry": {"type": "LineString", "coordinates": [[7.2018865539, 51.2276186691, 0.0], [7.2017539161, 51.2285729047, 0.0], [7.2016928996, 51.2287646378, 0.0], [7.2015622014, 51.2289074683, 0.0], [7.201420522, 51.2289920811, 0.0], [7.2008131263, 51.2292194485, 0.0], [7.2006850869, 51.2293056191, 0.0]]}}, {"type": "Feature", "id": "https://registry.gdi-de.org/de.nw/radnetz/instances/Section_Wuppertal_1225683_496", "name": " (ex-nw:Section_Wuppertal_1225683_496)", "dateprops": [], "properties": {"https://registry.gdi-de.org/up3/ontology/quell-ID": "1225683", "https://registry.gdi-de.org/up3/ontology/steigung": "5.636702", "https://registry.gdi-de.org/up3/ontology/strecken-ID": "Section_Wuppertal_1225683_496", "http://rdfs.org/ns/void#inDataset.value": "4635"}, "geometry": {"type": "LineString", "coordinates": [[7.2288701326, 51.2732355639, 174.22], [7.2296497242, 51.2729446261, 0.0], [7.2304669807, 51.2728599785, 0.0], [7.2314957624, 51.2728169826, 185.1]]}}, {"type": "Feature", "id": "https://registry.gdi-de.org/de.nw/radnetz/instances/Section_Wuppertal_1224664_427_left", "name": " (ex-nw:Section_Wuppertal_1224664_427_left)", "dateprops": [], "properties": {"https://registry.gdi-de.org/up3/ontology/quell-ID": "1224664", "https://registry.gdi-de.org/up3/ontology/steigung": "0.5520941", "https://registry.gdi-de.org/up3/ontology/strecken-ID": "Section_Wuppertal_1224664_427_left", "http://rdfs.org/ns/void#inDataset.value": "4635"}, "geometry": {"type": "LineString", "coordinates": [[7.0883828809, 51.2468516338, 153.83], [7.0878049865, 51.2470521857, 0.0], [7.0874076968, 51.2470707363, 0.0], [7.087053069, 51.2470401211, 0.0], [7.0869270591, 51.2470018221, 154.43]]}}, {"type": "Feature", "id": "https://registry.gdi-de.org/de.nw/radnetz/instances/Section_Wuppertal_1225174_452_right", "name": " (ex-nw:Section_Wuppertal_1225174_452_right)", "dateprops": [], "properties": {"https://registry.gdi-de.org/up3/ontology/quell-ID": "1225174", "https://registry.gdi-de.org/up3/ontology/steigung": "0.5676055", "https://registry.gdi-de.org/up3/ontology/strecken-ID": "Section_Wuppertal_1225174_452_right", "http://rdfs.org/ns/void#inDataset.value": "4635"}, "geometry": {"type": "LineString", "coordinates": [[7.2508370622, 51.2555398506, 176.32], [7.2512291056, 51.2556007312, 176.48]]}}, {"type": "Feature", "id": "https://registry.gdi-de.org/de.nw/radnetz/instances/Section_Wuppertal_4765_107", "name": " (ex-nw:Section_Wuppertal_4765_107)", "dateprops": [], "properties": {"https://registry.gdi-de.org/up3/ontology/quell-ID": "4765", "https://registry.gdi-de.org/up3/ontology/steigung": "0.8477322", "https://registry.gdi-de.org/up3/ontology/strecken-ID": "Section_Wuppertal_4765_107", "http://rdfs.org/ns/void#inDataset.value": "4635"}, "geometry": {"type": "LineString", "coordinates": [[7.1414313356, 51.2551650039, 142.04], [7.1419749991, 51.2554513751, 142.46]]}}, {"type": "Feature", "id": "https://registry.gdi-de.org/de.nw/radnetz/instances/Section_Wuppertal_1226820_637", "name": " (ex-nw:Section_Wuppertal_1226820_637)", "dateprops": [], "properties": {"https://registry.gdi-de.org/up3/ontology/quell-ID": "1226820", "https://registry.gdi-de.org/up3/ontology/steigung": "0.4401311", "https://registry.gdi-de.org/up3/ontology/strecken-ID": "Section_Wuppertal_1226820_637", "http://rdfs.org/ns/void#inDataset.value": "4635"}, "geometry": {"type": "LineString", "coordinates": [[7.2355355373, 51.2384901278, 289.99], [7.2354841177, 51.238565189, 290.03]]}}, {"type": "Feature", "id": "https://registry.gdi-de.org/de.nw/radnetz/instances/Section_Wuppertal_1223019_300", "name": " (ex-nw:Section_Wuppertal_1223019_300)", "dateprops": [], "properties": {"https://registry.gdi-de.org/up3/ontology/quell-ID": "1223019", "https://registry.gdi-de.org/up3/ontology/steigung": "0.2174585", "https://registry.gdi-de.org/up3/ontology/strecken-ID": "Section_Wuppertal_1223019_300", "http://rdfs.org/ns/void#inDataset.value": "4635"}, "geometry": {"type": "LineString", "coordinates": [[7.0579207464, 51.2277255871, 170.18], [7.0636116415, 51.2298517428, 0.0], [7.0641766773, 51.2297318284, 0.0], [7.065504786, 51.2302197664, 171.51]]}}, {"type": "Feature", "id": "https://registry.gdi-de.org/de.nw/radnetz/instances/Section_Wuppertal_7817_161_right", "name": " (ex-nw:Section_Wuppertal_7817_161_right)", "dateprops": [], "properties": {"https://registry.gdi-de.org/up3/ontology/quell-ID": "7817", "https://registry.gdi-de.org/up3/ontology/steigung": "5.509711", "https://registry.gdi-de.org/up3/ontology/strecken-ID": "Section_Wuppertal_7817_161_right", "http://rdfs.org/ns/void#inDataset.value": "4635"}, "geometry": {"type": "LineString", "coordinates": [[7.2468808099, 51.2952666815, 221.44], [7.2464901629, 51.2956663747, 0.0], [7.2464651134, 51.2963318507, 0.0], [7.2466050625, 51.2967348717, 230.92]]}}, {"type": "Feature", "id": "https://registry.gdi-de.org/de.nw/radnetz/instances/Section_Wuppertal_1225530_485_left", "name": " (ex-nw:Section_Wuppertal_1225530_485_left)", "dateprops": [], "properties": {"https://registry.gdi-de.org/up3/ontology/quell-ID": "1225530", "https://registry.gdi-de.org/up3/ontology/steigung": "1.721745", "https://registry.gdi-de.org/up3/ontology/strecken-ID": "Section_Wuppertal_1225530_485_left", "http://rdfs.org/ns/void#inDataset.value": "4635"}, "geometry": {"type": "LineString", "coordinates": [[7.2336602882, 51.2640673958, 172.71], [7.23239367, 51.2613246587, 0.0], [7.2318314009, 51.2606563969, 0.0], [7.231433636, 51.2602470642, 0.0], [7.2312482176, 51.2601227277, 180.87]]}}, {"type": "Feature", "id": "https://registry.gdi-de.org/de.nw/radnetz/instances/Section_Wuppertal_5095_112", "name": " (ex-nw:Section_Wuppertal_5095_112)", "dateprops": [], "properties": {"https://registry.gdi-de.org/up3/ontology/quell-ID": "5095", "https://registry.gdi-de.org/up3/ontology/steigung": "3.912966", "https://registry.gdi-de.org/up3/ontology/strecken-ID": "Section_Wuppertal_5095_112", "http://rdfs.org/ns/void#inDataset.value": "4635"}, "geometry": {"type": "LineString", "coordinates": [[7.1535560672, 51.2347461524, 326.44], [7.152772332, 51.2347022019, 328.59]]}}, {"type": "Feature", "id": "https://registry.gdi-de.org/de.nw/radnetz/instances/Section_Wuppertal_12624_270", "name": " (ex-nw:Section_Wuppertal_12624_270)", "dateprops": [], "properties": {"https://registry.gdi-de.org/up3/ontology/quell-ID": "12624", "https://registry.gdi-de.org/up3/ontology/steigung": "0.0345353", "https://registry.gdi-de.org/up3/ontology/strecken-ID": "Section_Wuppertal_12624_270", "http://rdfs.org/ns/void#inDataset.value": "4635"}, "geometry": {"type": "LineString", "coordinates": [[7.1607928457, 51.2575611741, 146.39], [7.1599905724, 51.2574283111, 146.41]]}}, {"type": "Feature", "id": "https://registry.gdi-de.org/de.nw/radnetz/instances/Section_Wuppertal_1225083_447", "name": " (ex-nw:Section_Wuppertal_1225083_447)", "dateprops": [], "properties": {"https://registry.gdi-de.org/up3/ontology/quell-ID": "1225083", "https://registry.gdi-de.org/up3/ontology/steigung": "0.7854971", "https://registry.gdi-de.org/up3/ontology/strecken-ID": "Section_Wuppertal_1225083_447", "http://rdfs.org/ns/void#inDataset.value": "4635"}, "geometry": {"type": "LineString", "coordinates": [[7.2351691885, 51.2251431292, 300.25], [7.2347020183, 51.225839256, 300.91]]}}, {"type": "Feature", "id": "https://registry.gdi-de.org/de.nw/radnetz/instances/Section_Wuppertal_1227553_682", "name": " (ex-nw:Section_Wuppertal_1227553_682)", "dateprops": [], "properties": {"https://registry.gdi-de.org/up3/ontology/quell-ID": "1227553", "https://registry.gdi-de.org/up3/ontology/steigung": "1.595281", "https://registry.gdi-de.org/up3/ontology/strecken-ID": "Section_Wuppertal_1227553_682", "http://rdfs.org/ns/void#inDataset.value": "4635"}, "geometry": {"type": "LineString", "coordinates": [[7.2077064682, 51.2365682732, 332.86], [7.2070523321, 51.236754393, 333.66]]}}, {"type": "Feature", "id": "https://registry.gdi-de.org/de.nw/radnetz/instances/Section_Wuppertal_1224204_409", "name": " (ex-nw:Section_Wuppertal_1224204_409)", "dateprops": [], "properties": {"https://registry.gdi-de.org/up3/ontology/quell-ID": "1224204", "https://registry.gdi-de.org/up3/ontology/steigung": "1.244423", "https://registry.gdi-de.org/up3/ontology/strecken-ID": "Section_Wuppertal_1224204_409", "http://rdfs.org/ns/void#inDataset.value": "4635"}, "geometry": {"type": "LineString", "coordinates": [[7.1912939434, 51.242538942, 341.45], [7.1918959901, 51.2415551381, 0.0], [7.1923747602, 51.2406872885, 344.18]]}}, {"type": "Feature", "id": "https://registry.gdi-de.org/de.nw/radnetz/instances/Section_Wuppertal_1226238_1048_right", "name": " (ex-nw:Section_Wuppertal_1226238_1048_right)", "dateprops": [], "properties": {"https://registry.gdi-de.org/up3/ontology/quell-ID": "1226238", "https://registry.gdi-de.org/up3/ontology/steigung": "2.435641", "https://registry.gdi-de.org/up3/ontology/strecken-ID": "Section_Wuppertal_1226238_1048_right", "http://rdfs.org/ns/void#inDataset.value": "4635"}, "geometry": {"type": "LineString", "coordinates": [[7.1294690645, 51.2764941775, 0.0], [7.1292126713, 51.2767932672, 0.0]]}}, {"type": "Feature", "id": "https://registry.gdi-de.org/de.nw/radnetz/instances/Section_Wuppertal_1226469_583_left", "name": " (ex-nw:Section_Wuppertal_1226469_583_left)", "dateprops": [], "properties": {"https://registry.gdi-de.org/up3/ontology/quell-ID": "1226469", "https://registry.gdi-de.org/up3/ontology/steigung": "3.154686", "https://registry.gdi-de.org/up3/ontology/strecken-ID": "Section_Wuppertal_1226469_583_left", "http://rdfs.org/ns/void#inDataset.value": "4635"}, "geometry": {"type": "LineString", "coordinates": [[7.1341655172, 51.2074868818, 300.45], [7.1345022733, 51.207673567, 301.44]]}}, {"type": "Feature", "id": "https://registry.gdi-de.org/de.nw/radnetz/instances/Section_Wuppertal_1229587_878_right", "name": " (ex-nw:Section_Wuppertal_1229587_878_right)", "dateprops": [], "properties": {"https://registry.gdi-de.org/up3/ontology/quell-ID": "1229587", "https://registry.gdi-de.org/up3/ontology/steigung": "0.5039775", "https://registry.gdi-de.org/up3/ontology/strecken-ID": "Section_Wuppertal_1229587_878_right", "http://rdfs.org/ns/void#inDataset.value": "4635"}, "geometry": {"type": "LineString", "coordinates": [[7.0489744235, 51.219385987, 174.8], [7.049113616, 51.2194987888, 174.89]]}}, {"type": "Feature", "id": "https://registry.gdi-de.org/de.nw/radnetz/instances/Section_Wuppertal_9999916_659_left", "name": " (ex-nw:Section_Wuppertal_9999916_659_left)", "dateprops": [], "properties": {"https://registry.gdi-de.org/up3/ontology/quell-ID": "9999916", "https://registry.gdi-de.org/up3/ontology/steigung": "2.113566", "https://registry.gdi-de.org/up3/ontology/strecken-ID": "Section_Wuppertal_9999916_659_left", "http://rdfs.org/ns/void#inDataset.value": "4635"}, "geometry": {"type": "LineString", "coordinates": [[7.1408932744, 51.2822533637, 283.81], [7.1398866742, 51.2819136504, 0.0], [7.1358079713, 51.2807293704, 0.0], [7.1348804755, 51.2803159284, 0.0]]}}, {"type": "Feature", "id": "https://registry.gdi-de.org/de.nw/radnetz/instances/Section_Wuppertal_1226410_567", "name": " (ex-nw:Section_Wuppertal_1226410_567)", "dateprops": [], "properties": {"https://registry.gdi-de.org/up3/ontology/quell-ID": "1226410", "https://registry.gdi-de.org/up3/ontology/steigung": "4.811272", "https://registry.gdi-de.org/up3/ontology/strecken-ID": "Section_Wuppertal_1226410_567", "http://rdfs.org/ns/void#inDataset.value": "4635"}, "geometry": {"type": "LineString", "coordinates": [[7.2036045252, 51.2744177911, 157.4], [7.2035856552, 51.2744535275, 0.0], [7.2033239082, 51.274922388, 160.26]]}}, {"type": "Feature", "id": "https://registry.gdi-de.org/de.nw/radnetz/instances/Section_Wuppertal_1226051_532_right", "name": " (ex-nw:Section_Wuppertal_1226051_532_right)", "dateprops": [], "properties": {"https://registry.gdi-de.org/up3/ontology/quell-ID": "1226051", "https://registry.gdi-de.org/up3/ontology/steigung": "6.383679", "https://registry.gdi-de.org/up3/ontology/strecken-ID": "Section_Wuppertal_1226051_532_right", "http://rdfs.org/ns/void#inDataset.value": "4635"}, "geometry": {"type": "LineString", "coordinates": [[7.0733146705, 51.2655760342, 186.48], [7.0733676506, 51.2653105308, 188.38]]}}, {"type": "Feature", "id": "https://registry.gdi-de.org/de.nw/radnetz/instances/Section_Wuppertal_4029_96_left", "name": " (ex-nw:Section_Wuppertal_4029_96_left)", "dateprops": [], "properties": {"https://registry.gdi-de.org/up3/ontology/quell-ID": "4029", "https://registry.gdi-de.org/up3/ontology/steigung": "1.689045", "https://registry.gdi-de.org/up3/ontology/strecken-ID": "Section_Wuppertal_4029_96_left", "http://rdfs.org/ns/void#inDataset.value": "4635"}, "geometry": {"type": "LineString", "coordinates": [[7.217862624, 51.2751316471, 159.87], [7.2178074186, 51.2757214571, 160.98]]}}, {"type": "Feature", "id": "https://registry.gdi-de.org/de.nw/radnetz/instances/Section_Wuppertal_1228350_704_left", "name": " (ex-nw:Section_Wuppertal_1228350_704_left)", "dateprops": [], "properties": {"https://registry.gdi-de.org/up3/ontology/quell-ID": "1228350", "https://registry.gdi-de.org/up3/ontology/steigung": "7.199621", "https://registry.gdi-de.org/up3/ontology/strecken-ID": "Section_Wuppertal_1228350_704_left", "http://rdfs.org/ns/void#inDataset.value": "4635"}, "geometry": {"type": "LineString", "coordinates": [[7.0898360992, 51.2487711616, 163.86], [7.0909231919, 51.249524791, 0.0], [7.0917780322, 51.2498463449, 177.01]]}}, {"type": "Feature", "id": "https://registry.gdi-de.org/de.nw/radnetz/instances/Section_Wuppertal_1224516_422_left", "name": " (ex-nw:Section_Wuppertal_1224516_422_left)", "dateprops": [], "properties": {"https://registry.gdi-de.org/up3/ontology/quell-ID": "1224516", "https://registry.gdi-de.org/up3/ontology/steigung": "1.820997", "https://registry.gdi-de.org/up3/ontology/strecken-ID": "Section_Wuppertal_1224516_422_left", "http://rdfs.org/ns/void#inDataset.value": "4635"}, "geometry": {"type": "LineString", "coordinates": [[7.1540665094, 51.2509422291, 176.94], [7.1549499283, 51.2511211844, 178.12]]}}, {"type": "Feature", "id": "https://registry.gdi-de.org/de.nw/radnetz/instances/Section_Wuppertal_8038_168_left", "name": " (ex-nw:Section_Wuppertal_8038_168_left)", "dateprops": [], "properties": {"https://registry.gdi-de.org/up3/ontology/quell-ID": "8038", "https://registry.gdi-de.org/up3/ontology/steigung": "0.6903676", "https://registry.gdi-de.org/up3/ontology/strecken-ID": "Section_Wuppertal_8038_168_left", "http://rdfs.org/ns/void#inDataset.value": "4635"}, "geometry": {"type": "LineString", "coordinates": [[7.2542283754, 51.2829089506, 180.42], [7.2533827355, 51.2826595978, 180.87]]}}, {"type": "Feature", "id": "https://registry.gdi-de.org/de.nw/radnetz/instances/Section_Wuppertal_11787_246_left", "name": " (ex-nw:Section_Wuppertal_11787_246_left)", "dateprops": [], "properties": {"https://registry.gdi-de.org/up3/ontology/quell-ID": "11787", "https://registry.gdi-de.org/up3/ontology/steigung": "1.13756", "https://registry.gdi-de.org/up3/ontology/strecken-ID": "Section_Wuppertal_11787_246_left", "http://rdfs.org/ns/void#inDataset.value": "4635"}, "geometry": {"type": "LineString", "coordinates": [[7.14616608, 51.2576315716, 143.62], [7.1463979484, 51.2581898517, 144.35]]}}, {"type": "Feature", "id": "https://registry.gdi-de.org/de.nw/radnetz/instances/Section_Wuppertal_1229808_775_right", "name": " (ex-nw:Section_Wuppertal_1229808_775_right)", "dateprops": [], "properties": {"https://registry.gdi-de.org/up3/ontology/quell-ID": "1229808", "https://registry.gdi-de.org/up3/ontology/steigung": "1.983786", "https://registry.gdi-de.org/up3/ontology/strecken-ID": "Section_Wuppertal_1229808_775_right", "http://rdfs.org/ns/void#inDataset.value": "4635"}, "geometry": {"type": "LineString", "coordinates": [[7.1314109251, 51.1994907011, 263.27], [7.1314332036, 51.1995939906, 263.5]]}}, {"type": "Feature", "id": "https://registry.gdi-de.org/de.nw/radnetz/instances/Section_Wuppertal_1223420_909_left", "name": " (ex-nw:Section_Wuppertal_1223420_909_left)", "dateprops": [], "properties": {"https://registry.gdi-de.org/up3/ontology/quell-ID": "1223420", "https://registry.gdi-de.org/up3/ontology/steigung": "0.6591639", "https://registry.gdi-de.org/up3/ontology/strecken-ID": "Section_Wuppertal_1223420_909_left", "http://rdfs.org/ns/void#inDataset.value": "4635"}, "geometry": {"type": "LineString", "coordinates": [[7.0880959683, 51.2833447648, 194.9], [7.0885245994, 51.2835545346, 195.15]]}}, {"type": "Feature", "id": "https://registry.gdi-de.org/de.nw/radnetz/instances/Section_Wuppertal_1223184_358", "name": " (ex-nw:Section_Wuppertal_1223184_358)", "dateprops": [], "properties": {"https://registry.gdi-de.org/up3/ontology/quell-ID": "1223184", "https://registry.gdi-de.org/up3/ontology/steigung": "1.53802", "https://registry.gdi-de.org/up3/ontology/strecken-ID": "Section_Wuppertal_1223184_358", "http://rdfs.org/ns/void#inDataset.value": "4635"}, "geometry": {"type": "LineString", "coordinates": [[7.1139932034, 51.2417674539, 198.41], [7.1141875938, 51.241485415, 0.0], [7.1143303437, 51.2412679673, 0.0], [7.114424814, 51.2409721842, 0.0], [7.1145324787, 51.2406055181, 0.0], [7.1145316976, 51.2403728313, 0.0], [7.1144934444, 51.2403011202, 0.0], [7.1144317189, 51.2400480621, 0.0], [7.1143911008, 51.2397824173, 0.0], [7.1143702823, 51.2392844173, 0.0], [7.1143687109, 51.2390711071, 0.0], [7.1142571255, 51.2387784658, 0.0], [7.1140534662, 51.2384714145, 0.0], [7.1135640908, 51.2381015882, 0.0], [7.1130491238, 51.2378541471, 0.0], [7.1123384049, 51.2376100094, 0.0], [7.1114372017, 51.2374920566, 0.0], [7.1107069467, 51.2374738045, 0.0], [7.1103323869, 51.2374826354, 208.78]]}}, {"type": "Feature", "id": "https://registry.gdi-de.org/de.nw/radnetz/instances/Section_Wuppertal_12088_253_right", "name": " (ex-nw:Section_Wuppertal_12088_253_right)", "dateprops": [], "properties": {"https://registry.gdi-de.org/up3/ontology/quell-ID": "12088", "https://registry.gdi-de.org/up3/ontology/steigung": "2.946272", "https://registry.gdi-de.org/up3/ontology/strecken-ID": "Section_Wuppertal_12088_253_right", "http://rdfs.org/ns/void#inDataset.value": "4635"}, "geometry": {"type": "LineString", "coordinates": [[7.0732338499, 51.2668019142, 183.0], [7.0731722225, 51.2665670704, 183.78]]}}, {"type": "Feature", "id": "https://registry.gdi-de.org/de.nw/radnetz/instances/Section_Wuppertal_1229880_798", "name": " (ex-nw:Section_Wuppertal_1229880_798)", "dateprops": [], "properties": {"https://registry.gdi-de.org/up3/ontology/quell-ID": "1229880", "https://registry.gdi-de.org/up3/ontology/steigung": "0.6193907", "https://registry.gdi-de.org/up3/ontology/strecken-ID": "Section_Wuppertal_1229880_798", "http://rdfs.org/ns/void#inDataset.value": "4635"}, "geometry": {"type": "LineString", "coordinates": [[7.1069495085, 51.1957331651, 115.23], [7.1069177054, 51.1957584259, 0.0], [7.1067701664, 51.1962264676, 0.0], [7.1071318418, 51.1967968368, 0.0], [7.1072430425, 51.1972153031, 0.0], [7.1073514926, 51.1977009277, 0.0], [7.1074538889, 51.198334305, 0.0], [7.1076960334, 51.1992118772, 0.0], [7.1078181647, 51.1998858953, 0.0], [7.1080181142, 51.2007493436, 0.0], [7.1081194246, 51.2014095831, 0.0], [7.1081643009, 51.2018807379, 0.0], [7.1081702711, 51.2022571781, 0.0], [7.1080852125, 51.2027665544, 0.0], [7.1078493843, 51.2033003738, 0.0], [7.1076219028, 51.2036482414, 120.79]]}}, {"type": "Feature", "id": "https://registry.gdi-de.org/de.nw/radnetz/instances/Section_Wuppertal_2561_55_right", "name": " (ex-nw:Section_Wuppertal_2561_55_right)", "dateprops": [], "properties": {"https://registry.gdi-de.org/up3/ontology/quell-ID": "2561", "https://registry.gdi-de.org/up3/ontology/steigung": "2.315769", "https://registry.gdi-de.org/up3/ontology/strecken-ID": "Section_Wuppertal_2561_55_right", "http://rdfs.org/ns/void#inDataset.value": "4635"}, "geometry": {"type": "LineString", "coordinates": [[7.1311983035, 51.1980938398, 260.04], [7.1313153766, 51.1987848522, 261.83]]}}, {"type": "Feature", "id": "https://registry.gdi-de.org/de.nw/radnetz/instances/Section_Wuppertal_881_23", "name": " (ex-nw:Section_Wuppertal_881_23)", "dateprops": [], "properties": {"https://registry.gdi-de.org/up3/ontology/quell-ID": "881", "https://registry.gdi-de.org/up3/ontology/steigung": "0.9571838", "https://registry.gdi-de.org/up3/ontology/strecken-ID": "Section_Wuppertal_881_23", "http://rdfs.org/ns/void#inDataset.value": "4635"}, "geometry": {"type": "LineString", "coordinates": [[7.0595683125, 51.2348875993, 211.0], [7.0601302081, 51.2349390741, 0.0], [7.0606244956, 51.2349451905, 211.71]]}}, {"type": "Feature", "id": "https://registry.gdi-de.org/de.nw/radnetz/instances/Section_Wuppertal_1225434_1007_right", "name": " (ex-nw:Section_Wuppertal_1225434_1007_right)", "dateprops": [], "properties": {"https://registry.gdi-de.org/up3/ontology/quell-ID": "1225434", "https://registry.gdi-de.org/up3/ontology/steigung": "0.7614854", "https://registry.gdi-de.org/up3/ontology/strecken-ID": "Section_Wuppertal_1225434_1007_right", "http://rdfs.org/ns/void#inDataset.value": "4635"}, "geometry": {"type": "LineString", "coordinates": [[7.109545362, 51.1939388161, 0.0], [7.109813482, 51.1936407529, 0.0]]}}, {"type": "Feature", "id": "https://registry.gdi-de.org/de.nw/radnetz/instances/Section_Wuppertal_2826_62", "name": " (ex-nw:Section_Wuppertal_2826_62)", "dateprops": [], "properties": {"https://registry.gdi-de.org/up3/ontology/quell-ID": "2826", "https://registry.gdi-de.org/up3/ontology/steigung": "0.6909808", "https://registry.gdi-de.org/up3/ontology/strecken-ID": "Section_Wuppertal_2826_62", "http://rdfs.org/ns/void#inDataset.value": "4635"}, "geometry": {"type": "LineString", "coordinates": [[7.1628653617, 51.2230819084, 221.56], [7.1628909683, 51.2225924626, 0.0], [7.1628197787, 51.2222620067, 0.0], [7.1627560818, 51.222080433, 0.0], [7.1626350832, 51.221965319, 0.0], [7.1622539043, 51.2217110243, 222.71]]}}, {"type": "Feature", "id": "https://registry.gdi-de.org/de.nw/radnetz/instances/Section_Wuppertal_1222860_293", "name": " (ex-nw:Section_Wuppertal_1222860_293)", "dateprops": [], "properties": {"https://registry.gdi-de.org/up3/ontology/quell-ID": "1222860", "https://registry.gdi-de.org/up3/ontology/steigung": "0.7699976", "https://registry.gdi-de.org/up3/ontology/strecken-ID": "Section_Wuppertal_1222860_293", "http://rdfs.org/ns/void#inDataset.value": "4635"}, "geometry": {"type": "LineString", "coordinates": [[7.102943685, 51.2388676533, 139.18], [7.102750978, 51.2381657893, 139.79]]}}, {"type": "Feature", "id": "https://registry.gdi-de.org/de.nw/radnetz/instances/Section_Wuppertal_1222534_288", "name": " (ex-nw:Section_Wuppertal_1222534_288)", "dateprops": [], "properties": {"https://registry.gdi-de.org/up3/ontology/quell-ID": "1222534", "https://registry.gdi-de.org/up3/ontology/steigung": "1.934493", "https://registry.gdi-de.org/up3/ontology/strecken-ID": "Section_Wuppertal_1222534_288", "http://rdfs.org/ns/void#inDataset.value": "4635"}, "geometry": {"type": "LineString", "coordinates": [[7.2190571895, 51.2364005846, 313.6], [7.2184239885, 51.2362665778, 0.0], [7.2124191081, 51.2356846455, 322.71]]}}, {"type": "Feature", "id": "https://registry.gdi-de.org/de.nw/radnetz/instances/Section_Wuppertal_1227985_971_right", "name": " (ex-nw:Section_Wuppertal_1227985_971_right)", "dateprops": [], "properties": {"https://registry.gdi-de.org/up3/ontology/quell-ID": "1227985", "https://registry.gdi-de.org/up3/ontology/steigung": "0.7192899", "https://registry.gdi-de.org/up3/ontology/strecken-ID": "Section_Wuppertal_1227985_971_right", "http://rdfs.org/ns/void#inDataset.value": "4635"}, "geometry": {"type": "LineString", "coordinates": [[7.1537123638, 51.2427192021, 0.0], [7.1535824953, 51.2424695289, 0.0], [7.1536464181, 51.2421632827, 0.0], [7.1538555242, 51.2419364962, 0.0], [7.1550288604, 51.2413316258, 0.0], [7.1550396915, 51.2413202467, 0.0]]}}, {"type": "Feature", "id": "https://registry.gdi-de.org/de.nw/radnetz/instances/Section_Wuppertal_1223167_357", "name": " (ex-nw:Section_Wuppertal_1223167_357)", "dateprops": [], "properties": {"https://registry.gdi-de.org/up3/ontology/quell-ID": "1223167", "https://registry.gdi-de.org/up3/ontology/steigung": "0.04918799", "https://registry.gdi-de.org/up3/ontology/strecken-ID": "Section_Wuppertal_1223167_357", "http://rdfs.org/ns/void#inDataset.value": "4635"}, "geometry": {"type": "LineString", "coordinates": [[7.2411012977, 51.3068592605, 249.64], [7.2408922406, 51.307817187, 0.0], [7.2406256134, 51.3084695803, 0.0], [7.2399253629, 51.3104534985, 0.0], [7.2387301728, 51.3132630895, 255.47]]}}, {"type": "Feature", "id": "https://registry.gdi-de.org/de.nw/radnetz/instances/Section_Wuppertal_5976_129", "name": " (ex-nw:Section_Wuppertal_5976_129)", "dateprops": [], "properties": {"https://registry.gdi-de.org/up3/ontology/quell-ID": "5976", "https://registry.gdi-de.org/up3/ontology/steigung": "2.238591", "https://registry.gdi-de.org/up3/ontology/strecken-ID": "Section_Wuppertal_5976_129", "http://rdfs.org/ns/void#inDataset.value": "4635"}, "geometry": {"type": "LineString", "coordinates": [[7.2355355373, 51.2384901278, 289.99], [7.2356463315, 51.2382439256, 0.0], [7.2357647421, 51.2378807766, 0.0], [7.2358039854, 51.2372989603, 293.0]]}}, {"type": "Feature", "id": "https://registry.gdi-de.org/de.nw/radnetz/instances/Section_Wuppertal_4974_111", "name": " (ex-nw:Section_Wuppertal_4974_111)", "dateprops": [], "properties": {"https://registry.gdi-de.org/up3/ontology/quell-ID": "4974", "https://registry.gdi-de.org/up3/ontology/steigung": "5.460209", "https://registry.gdi-de.org/up3/ontology/strecken-ID": "Section_Wuppertal_4974_111", "http://rdfs.org/ns/void#inDataset.value": "4635"}, "geometry": {"type": "LineString", "coordinates": [[7.075820368, 51.2422660958, 171.12], [7.0765844879, 51.2427909662, 0.0], [7.0767925475, 51.2430528573, 0.0], [7.0767909048, 51.243337453, 0.0], [7.0767122179, 51.2434934151, 0.0], [7.0765668188, 51.2436266123, 0.0], [7.0755655549, 51.2439851506, 0.0], [7.0740597829, 51.2443593889, 0.0], [7.0719506473, 51.2444590173, 0.0], [7.0709851244, 51.2443963199, 203.25]]}}, {"type": "Feature", "id": "https://registry.gdi-de.org/de.nw/radnetz/instances/Section_Wuppertal_8897_179_right", "name": " (ex-nw:Section_Wuppertal_8897_179_right)", "dateprops": [], "properties": {"https://registry.gdi-de.org/up3/ontology/quell-ID": "8897", "https://registry.gdi-de.org/up3/ontology/steigung": "0.02780608", "https://registry.gdi-de.org/up3/ontology/strecken-ID": "Section_Wuppertal_8897_179_right", "http://rdfs.org/ns/void#inDataset.value": "4635"}, "geometry": {"type": "LineString", "coordinates": [[7.2326142352, 51.2690258964, 163.51], [7.2321517907, 51.2696038242, 163.53]]}}, {"type": "Feature", "id": "https://registry.gdi-de.org/de.nw/radnetz/instances/Section_Wuppertal_1222777_292_right", "name": " (ex-nw:Section_Wuppertal_1222777_292_right)", "dateprops": [], "properties": {"https://registry.gdi-de.org/up3/ontology/quell-ID": "1222777", "https://registry.gdi-de.org/up3/ontology/steigung": "4.675849", "https://registry.gdi-de.org/up3/ontology/strecken-ID": "Section_Wuppertal_1222777_292_right", "http://rdfs.org/ns/void#inDataset.value": "4635"}, "geometry": {"type": "LineString", "coordinates": [[7.0755450969, 51.2534177505, 189.66], [7.0761403072, 51.2535186104, 0.0], [7.0761955193, 51.2535287415, 191.86]]}}, {"type": "Feature", "id": "https://registry.gdi-de.org/de.nw/radnetz/instances/Section_Wuppertal_1225988_529_right", "name": " (ex-nw:Section_Wuppertal_1225988_529_right)", "dateprops": [], "properties": {"https://registry.gdi-de.org/up3/ontology/quell-ID": "1225988", "https://registry.gdi-de.org/up3/ontology/steigung": "5.769837", "https://registry.gdi-de.org/up3/ontology/strecken-ID": "Section_Wuppertal_1225988_529_right", "http://rdfs.org/ns/void#inDataset.value": "4635"}, "geometry": {"type": "LineString", "coordinates": [[7.1123974754, 51.2599248802, 187.41], [7.1125087145, 51.2599916705, 188.03]]}}, {"type": "Feature", "id": "https://registry.gdi-de.org/de.nw/radnetz/instances/Section_Wuppertal_1226145_540", "name": " (ex-nw:Section_Wuppertal_1226145_540)", "dateprops": [], "properties": {"https://registry.gdi-de.org/up3/ontology/quell-ID": "1226145", "https://registry.gdi-de.org/up3/ontology/steigung": "3.749094", "https://registry.gdi-de.org/up3/ontology/strecken-ID": "Section_Wuppertal_1226145_540", "http://rdfs.org/ns/void#inDataset.value": "4635"}, "geometry": {"type": "LineString", "coordinates": [[7.100188116, 51.2917562168, 220.7], [7.1012107872, 51.2915680335, 0.0], [7.1019568724, 51.2913277286, 225.68]]}}, {"type": "Feature", "id": "https://registry.gdi-de.org/de.nw/radnetz/instances/Section_Wuppertal_1225571_487", "name": " (ex-nw:Section_Wuppertal_1225571_487)", "dateprops": [], "properties": {"https://registry.gdi-de.org/up3/ontology/quell-ID": "1225571", "https://registry.gdi-de.org/up3/ontology/steigung": "0.5938348", "https://registry.gdi-de.org/up3/ontology/strecken-ID": "Section_Wuppertal_1225571_487", "http://rdfs.org/ns/void#inDataset.value": "4635"}, "geometry": {"type": "LineString", "coordinates": [[7.2220612375, 51.2753659312, 161.94], [7.2228247677, 51.2754030791, 0.0], [7.2231687444, 51.2754148454, 162.4]]}}, {"type": "Feature", "id": "https://registry.gdi-de.org/de.nw/radnetz/instances/Section_Wuppertal_1225187_455_right", "name": " (ex-nw:Section_Wuppertal_1225187_455_right)", "dateprops": [], "properties": {"https://registry.gdi-de.org/up3/ontology/quell-ID": "1225187", "https://registry.gdi-de.org/up3/ontology/steigung": "0.6051153", "https://registry.gdi-de.org/up3/ontology/strecken-ID": "Section_Wuppertal_1225187_455_right", "http://rdfs.org/ns/void#inDataset.value": "4635"}, "geometry": {"type": "LineString", "coordinates": [[7.2367780363, 51.2636747245, 168.92], [7.2364472649, 51.2632141693, 169.26]]}}, {"type": "Feature", "id": "https://registry.gdi-de.org/de.nw/radnetz/instances/Section_Wuppertal_1229759_765", "name": " (ex-nw:Section_Wuppertal_1229759_765)", "dateprops": [], "properties": {"https://registry.gdi-de.org/up3/ontology/quell-ID": "1229759", "https://registry.gdi-de.org/up3/ontology/steigung": "1.60529", "https://registry.gdi-de.org/up3/ontology/strecken-ID": "Section_Wuppertal_1229759_765", "http://rdfs.org/ns/void#inDataset.value": "4635"}, "geometry": {"type": "LineString", "coordinates": [[7.1663880031, 51.239809925, 325.08], [7.1664683417, 51.2397655024, 325.2]]}}, {"type": "Feature", "id": "https://registry.gdi-de.org/de.nw/radnetz/instances/Section_Wuppertal_1228560_717_left", "name": " (ex-nw:Section_Wuppertal_1228560_717_left)", "dateprops": [], "properties": {"https://registry.gdi-de.org/up3/ontology/quell-ID": "1228560", "https://registry.gdi-de.org/up3/ontology/steigung": "0.1020528", "https://registry.gdi-de.org/up3/ontology/strecken-ID": "Section_Wuppertal_1228560_717_left", "http://rdfs.org/ns/void#inDataset.value": "4635"}, "geometry": {"type": "LineString", "coordinates": [[7.1924744548, 51.2689416878, 152.05], [7.1919393532, 51.2686564908, 152.1]]}}, {"type": "Feature", "id": "https://registry.gdi-de.org/de.nw/radnetz/instances/Section_Wuppertal_1225656_929_right", "name": " (ex-nw:Section_Wuppertal_1225656_929_right)", "dateprops": [], "properties": {"https://registry.gdi-de.org/up3/ontology/quell-ID": "1225656", "https://registry.gdi-de.org/up3/ontology/steigung": "5.795625", "https://registry.gdi-de.org/up3/ontology/strecken-ID": "Section_Wuppertal_1225656_929_right", "http://rdfs.org/ns/void#inDataset.value": "4635"}, "geometry": {"type": "LineString", "coordinates": [[7.2522986182, 51.307698137, 299.21], [7.2522556043, 51.3078367011, 300.12]]}}, {"type": "Feature", "id": "https://registry.gdi-de.org/de.nw/radnetz/instances/Section_Wuppertal_1229826_783", "name": " (ex-nw:Section_Wuppertal_1229826_783)", "dateprops": [], "properties": {"https://registry.gdi-de.org/up3/ontology/quell-ID": "1229826", "https://registry.gdi-de.org/up3/ontology/steigung": "0.964556", "https://registry.gdi-de.org/up3/ontology/strecken-ID": "Section_Wuppertal_1229826_783", "http://rdfs.org/ns/void#inDataset.value": "4635"}, "geometry": {"type": "LineString", "coordinates": [[7.2374386456, 51.2786021213, 171.51], [7.2376166242, 51.2788787106, 171.83]]}}, {"type": "Feature", "id": "https://registry.gdi-de.org/de.nw/radnetz/instances/Section_Wuppertal_1230098_863", "name": " (ex-nw:Section_Wuppertal_1230098_863)", "dateprops": [], "properties": {"https://registry.gdi-de.org/up3/ontology/quell-ID": "1230098", "https://registry.gdi-de.org/up3/ontology/steigung": "3.582221", "https://registry.gdi-de.org/up3/ontology/strecken-ID": "Section_Wuppertal_1230098_863", "http://rdfs.org/ns/void#inDataset.value": "4635"}, "geometry": {"type": "LineString", "coordinates": [[7.2037886164, 51.2779064668, 0.0], [7.2046130646, 51.2781070984, 185.73]]}}, {"type": "Feature", "id": "https://registry.gdi-de.org/de.nw/radnetz/instances/Section_Wuppertal_8555_175", "name": " (ex-nw:Section_Wuppertal_8555_175)", "dateprops": [], "properties": {"https://registry.gdi-de.org/up3/ontology/quell-ID": "8555", "https://registry.gdi-de.org/up3/ontology/steigung": "1.89388", "https://registry.gdi-de.org/up3/ontology/strecken-ID": "Section_Wuppertal_8555_175", "http://rdfs.org/ns/void#inDataset.value": "4635"}, "geometry": {"type": "LineString", "coordinates": [[7.1480038095, 51.2568676512, 143.54], [7.1481491418, 51.2567461662, 143.86]]}}, {"type": "Feature", "id": "https://registry.gdi-de.org/de.nw/radnetz/instances/Section_Wuppertal_1226266_550_right", "name": " (ex-nw:Section_Wuppertal_1226266_550_right)", "dateprops": [], "properties": {"https://registry.gdi-de.org/up3/ontology/quell-ID": "1226266", "https://registry.gdi-de.org/up3/ontology/steigung": "1.57686", "https://registry.gdi-de.org/up3/ontology/strecken-ID": "Section_Wuppertal_1226266_550_right", "http://rdfs.org/ns/void#inDataset.value": "4635"}, "geometry": {"type": "LineString", "coordinates": [[7.1035968156, 51.248318492, 144.29], [7.1035241386, 51.248376912, 144.42]]}}, {"type": "Feature", "id": "https://registry.gdi-de.org/de.nw/radnetz/instances/Section_Wuppertal_12750_976", "name": " (ex-nw:Section_Wuppertal_12750_976)", "dateprops": [], "properties": {"https://registry.gdi-de.org/up3/ontology/quell-ID": "12750", "https://registry.gdi-de.org/up3/ontology/steigung": "4.053144", "https://registry.gdi-de.org/up3/ontology/strecken-ID": "Section_Wuppertal_12750_976", "http://rdfs.org/ns/void#inDataset.value": "4635"}, "geometry": {"type": "LineString", "coordinates": [[7.1498666731, 51.2169503293, 0.0], [7.1500677551, 51.2171781198, 0.0], [7.1501370418, 51.2172543659, 0.0]]}}, {"type": "Feature", "id": "https://registry.gdi-de.org/de.nw/radnetz/instances/Section_Wuppertal_1228471_712_right", "name": " (ex-nw:Section_Wuppertal_1228471_712_right)", "dateprops": [], "properties": {"https://registry.gdi-de.org/up3/ontology/quell-ID": "1228471", "https://registry.gdi-de.org/up3/ontology/steigung": "0.6551581", "https://registry.gdi-de.org/up3/ontology/strecken-ID": "Section_Wuppertal_1228471_712_right", "http://rdfs.org/ns/void#inDataset.value": "4635"}, "geometry": {"type": "LineString", "coordinates": [[7.1395492266, 51.2104645175, 298.2], [7.1384656676, 51.2098670056, 298.86]]}}, {"type": "Feature", "id": "https://registry.gdi-de.org/de.nw/radnetz/instances/Section_Wuppertal_1227032_668_left", "name": " (ex-nw:Section_Wuppertal_1227032_668_left)", "dateprops": [], "properties": {"https://registry.gdi-de.org/up3/ontology/quell-ID": "1227032", "https://registry.gdi-de.org/up3/ontology/steigung": "6.577272", "https://registry.gdi-de.org/up3/ontology/strecken-ID": "Section_Wuppertal_1227032_668_left", "http://rdfs.org/ns/void#inDataset.value": "4635"}, "geometry": {"type": "LineString", "coordinates": [[7.1604496904, 51.2515936764, 210.74], [7.1604637343, 51.251503019, 0.0], [7.1604679841, 51.2514919038, 211.49]]}}, {"type": "Feature", "id": "https://registry.gdi-de.org/de.nw/radnetz/instances/Section_Wuppertal_1223073_323", "name": " (ex-nw:Section_Wuppertal_1223073_323)", "dateprops": [], "properties": {"https://registry.gdi-de.org/up3/ontology/quell-ID": "1223073", "https://registry.gdi-de.org/up3/ontology/steigung": "0.120775", "https://registry.gdi-de.org/up3/ontology/strecken-ID": "Section_Wuppertal_1223073_323", "http://rdfs.org/ns/void#inDataset.value": "4635"}, "geometry": {"type": "LineString", "coordinates": [[7.1828759779, 51.270946887, 181.15], [7.1838706805, 51.2711310903, 0.0], [7.1841191469, 51.2711845816, 0.0], [7.1848822008, 51.2713990994, 181.33]]}}, {"type": "Feature", "id": "https://registry.gdi-de.org/de.nw/radnetz/instances/Section_Wuppertal_1229591_734_left", "name": " (ex-nw:Section_Wuppertal_1229591_734_left)", "dateprops": [], "properties": {"https://registry.gdi-de.org/up3/ontology/quell-ID": "1229591", "https://registry.gdi-de.org/up3/ontology/steigung": "0.3673323", "https://registry.gdi-de.org/up3/ontology/strecken-ID": "Section_Wuppertal_1229591_734_left", "http://rdfs.org/ns/void#inDataset.value": "4635"}, "geometry": {"type": "LineString", "coordinates": [[7.2484224039, 51.2755037463, 201.02], [7.2482677638, 51.2754904634, 201.06]]}}, {"type": "Feature", "id": "https://registry.gdi-de.org/de.nw/radnetz/instances/Section_Wuppertal_5958_960_left", "name": " (ex-nw:Section_Wuppertal_5958_960_left)", "dateprops": [], "properties": {"https://registry.gdi-de.org/up3/ontology/quell-ID": "5958", "https://registry.gdi-de.org/up3/ontology/steigung": "7.514549", "https://registry.gdi-de.org/up3/ontology/strecken-ID": "Section_Wuppertal_5958_960_left", "http://rdfs.org/ns/void#inDataset.value": "4635"}, "geometry": {"type": "LineString", "coordinates": [[7.1478673466, 51.2667343255, 0.0], [7.1467211563, 51.2666515418, 0.0]]}}, {"type": "Feature", "id": "https://registry.gdi-de.org/de.nw/radnetz/instances/Section_Wuppertal_6222_1000_right", "name": " (ex-nw:Section_Wuppertal_6222_1000_right)", "dateprops": [], "properties": {"https://registry.gdi-de.org/up3/ontology/quell-ID": "6222", "https://registry.gdi-de.org/up3/ontology/steigung": "8.469089", "https://registry.gdi-de.org/up3/ontology/strecken-ID": "Section_Wuppertal_6222_1000_right", "http://rdfs.org/ns/void#inDataset.value": "4635"}, "geometry": {"type": "LineString", "coordinates": [[7.1119904129, 51.1941973427, 0.0], [7.1122019549, 51.1941300979, 0.0], [7.1123316564, 51.1940800537, 0.0], [7.1125264546, 51.1939989745, 0.0], [7.1126861678, 51.1939173299, 0.0], [7.1128985489, 51.1937964285, 0.0], [7.1130799352, 51.193652968, 0.0], [7.1132309843, 51.1934709181, 0.0], [7.1133258507, 51.1933360891, 0.0], [7.1134243958, 51.1931892873, 0.0], [7.1134876929, 51.1931241332, 0.0], [7.1135473911, 51.1930689476, 0.0], [7.1136388983, 51.1930162814, 0.0], [7.1137350657, 51.1930058001, 0.0], [7.1138337677, 51.1930114028, 0.0], [7.1139138229, 51.1930828787, 0.0], [7.1139202816, 51.1931591835, 0.0], [7.1139012253, 51.1932350769, 0.0], [7.1138618873, 51.1933387174, 0.0], [7.1137315296, 51.1935612081, 0.0], [7.1136652855, 51.1936985044, 0.0], [7.1136347786, 51.193820335, 0.0], [7.1136277391, 51.1939926767, 0.0]]}}, {"type": "Feature", "id": "https://registry.gdi-de.org/de.nw/radnetz/instances/Section_Wuppertal_2607_1029_right", "name": " (ex-nw:Section_Wuppertal_2607_1029_right)", "dateprops": [], "properties": {"https://registry.gdi-de.org/up3/ontology/quell-ID": "2607", "https://registry.gdi-de.org/up3/ontology/steigung": "6.295177", "https://registry.gdi-de.org/up3/ontology/strecken-ID": "Section_Wuppertal_2607_1029_right", "http://rdfs.org/ns/void#inDataset.value": "4635"}, "geometry": {"type": "LineString", "coordinates": [[7.1291094602, 51.276913664, 0.0], [7.1290984526, 51.2769428487, 0.0]]}}, {"type": "Feature", "id": "https://registry.gdi-de.org/de.nw/radnetz/instances/Section_Wuppertal_1226808_636_right", "name": " (ex-nw:Section_Wuppertal_1226808_636_right)", "dateprops": [], "properties": {"https://registry.gdi-de.org/up3/ontology/quell-ID": "1226808", "https://registry.gdi-de.org/up3/ontology/steigung": "5.802412", "https://registry.gdi-de.org/up3/ontology/strecken-ID": "Section_Wuppertal_1226808_636_right", "http://rdfs.org/ns/void#inDataset.value": "4635"}, "geometry": {"type": "LineString", "coordinates": [[7.1125087145, 51.2599916705, 188.03], [7.1127799008, 51.2601544942, 189.55]]}}, {"type": "Feature", "id": "https://registry.gdi-de.org/de.nw/radnetz/instances/Section_Wuppertal_9999902_1104", "name": " (ex-nw:Section_Wuppertal_9999902_1104)", "dateprops": [], "properties": {"https://registry.gdi-de.org/up3/ontology/quell-ID": "9999902", "https://registry.gdi-de.org/up3/ontology/steigung": "0.0", "https://registry.gdi-de.org/up3/ontology/strecken-ID": "Section_Wuppertal_9999902_1104", "http://rdfs.org/ns/void#inDataset.value": "4635"}, "geometry": {"type": "LineString", "coordinates": [[7.2258597333, 51.2769747193, 0.0], [7.2255413276, 51.2770919621, 0.0], [7.2250357526, 51.2773366081, 0.0], [7.2245569672, 51.277626412, 0.0], [7.2241948133, 51.277878746, 0.0], [7.2239084422, 51.2781280255, 0.0]]}}, {"type": "Feature", "id": "https://registry.gdi-de.org/de.nw/radnetz/instances/Section_Wuppertal_1224766_430_left", "name": " (ex-nw:Section_Wuppertal_1224766_430_left)", "dateprops": [], "properties": {"https://registry.gdi-de.org/up3/ontology/quell-ID": "1224766", "https://registry.gdi-de.org/up3/ontology/steigung": "5.510842", "https://registry.gdi-de.org/up3/ontology/strecken-ID": "Section_Wuppertal_1224766_430_left", "http://rdfs.org/ns/void#inDataset.value": "4635"}, "geometry": {"type": "LineString", "coordinates": [[7.2292747788, 51.2434831309, 260.38], [7.2295641206, 51.2433315531, 0.0], [7.2301068598, 51.2432185628, 264.03]]}}, {"type": "Feature", "id": "https://registry.gdi-de.org/de.nw/radnetz/instances/Section_Wuppertal_1228467_993", "name": " (ex-nw:Section_Wuppertal_1228467_993)", "dateprops": [], "properties": {"https://registry.gdi-de.org/up3/ontology/quell-ID": "1228467", "https://registry.gdi-de.org/up3/ontology/steigung": "0.9011619", "https://registry.gdi-de.org/up3/ontology/strecken-ID": "Section_Wuppertal_1228467_993", "http://rdfs.org/ns/void#inDataset.value": "4635"}, "geometry": {"type": "LineString", "coordinates": [[7.1517818646, 51.2242934057, 0.0], [7.1513722803, 51.2253602423, 0.0]]}}, {"type": "Feature", "id": "https://registry.gdi-de.org/de.nw/radnetz/instances/Section_Wuppertal_1223125_342", "name": " (ex-nw:Section_Wuppertal_1223125_342)", "dateprops": [], "properties": {"https://registry.gdi-de.org/up3/ontology/quell-ID": "1223125", "https://registry.gdi-de.org/up3/ontology/steigung": "0.3148302", "https://registry.gdi-de.org/up3/ontology/strecken-ID": "Section_Wuppertal_1223125_342", "http://rdfs.org/ns/void#inDataset.value": "4635"}, "geometry": {"type": "LineString", "coordinates": [[7.2238323947, 51.2808915522, 188.93], [7.2249088313, 51.2825591341, 189.56]]}}, {"type": "Feature", "id": "https://registry.gdi-de.org/de.nw/radnetz/instances/Section_Wuppertal_1222498_283_right", "name": " (ex-nw:Section_Wuppertal_1222498_283_right)", "dateprops": [], "properties": {"https://registry.gdi-de.org/up3/ontology/quell-ID": "1222498", "https://registry.gdi-de.org/up3/ontology/steigung": "0.7808574", "https://registry.gdi-de.org/up3/ontology/strecken-ID": "Section_Wuppertal_1222498_283_right", "http://rdfs.org/ns/void#inDataset.value": "4635"}, "geometry": {"type": "LineString", "coordinates": [[7.145749544, 51.2275256275, 320.31], [7.1470843527, 51.2265006211, 321.46]]}}, {"type": "Feature", "id": "https://registry.gdi-de.org/de.nw/radnetz/instances/Section_Wuppertal_1226331_1069_right", "name": " (ex-nw:Section_Wuppertal_1226331_1069_right)", "dateprops": [], "properties": {"https://registry.gdi-de.org/up3/ontology/quell-ID": "1226331", "https://registry.gdi-de.org/up3/ontology/steigung": "1.663091", "https://registry.gdi-de.org/up3/ontology/strecken-ID": "Section_Wuppertal_1226331_1069_right", "http://rdfs.org/ns/void#inDataset.value": "4635"}, "geometry": {"type": "LineString", "coordinates": [[7.162572337, 51.278130267, 0.0], [7.1623535212, 51.2785002539, 0.0]]}}, {"type": "Feature", "id": "https://registry.gdi-de.org/de.nw/radnetz/instances/Section_Wuppertal_1225280_465", "name": " (ex-nw:Section_Wuppertal_1225280_465)", "dateprops": [], "properties": {"https://registry.gdi-de.org/up3/ontology/quell-ID": "1225280", "https://registry.gdi-de.org/up3/ontology/steigung": "2.788507", "https://registry.gdi-de.org/up3/ontology/strecken-ID": "Section_Wuppertal_1225280_465", "http://rdfs.org/ns/void#inDataset.value": "4635"}, "geometry": {"type": "LineString", "coordinates": [[7.2334602738, 51.2729182019, 193.13], [7.2355873012, 51.273329084, 197.46]]}}, {"type": "Feature", "id": "https://registry.gdi-de.org/de.nw/radnetz/instances/Section_Wuppertal_1225509_981", "name": " (ex-nw:Section_Wuppertal_1225509_981)", "dateprops": [], "properties": {"https://registry.gdi-de.org/up3/ontology/quell-ID": "1225509", "https://registry.gdi-de.org/up3/ontology/steigung": "1.711486", "https://registry.gdi-de.org/up3/ontology/strecken-ID": "Section_Wuppertal_1225509_981", "http://rdfs.org/ns/void#inDataset.value": "4635"}, "geometry": {"type": "LineString", "coordinates": [[7.1520125802, 51.2196327765, 0.0], [7.1522159105, 51.2198935127, 0.0], [7.1521813475, 51.2205220773, 0.0]]}}, {"type": "Feature", "id": "https://registry.gdi-de.org/de.nw/radnetz/instances/Section_Wuppertal_1225515_1041_right", "name": " (ex-nw:Section_Wuppertal_1225515_1041_right)", "dateprops": [], "properties": {"https://registry.gdi-de.org/up3/ontology/quell-ID": "1225515", "https://registry.gdi-de.org/up3/ontology/steigung": "4.560016", "https://registry.gdi-de.org/up3/ontology/strecken-ID": "Section_Wuppertal_1225515_1041_right", "http://rdfs.org/ns/void#inDataset.value": "4635"}, "geometry": {"type": "LineString", "coordinates": [[7.1301917105, 51.271769847, 0.0], [7.1301879052, 51.2724780597, 0.0], [7.1308761776, 51.2730825465, 0.0]]}}, {"type": "Feature", "id": "https://registry.gdi-de.org/de.nw/radnetz/instances/Section_Wuppertal_1222989_294", "name": " (ex-nw:Section_Wuppertal_1222989_294)", "dateprops": [], "properties": {"https://registry.gdi-de.org/up3/ontology/quell-ID": "1222989", "https://registry.gdi-de.org/up3/ontology/steigung": "0.4761331", "https://registry.gdi-de.org/up3/ontology/strecken-ID": "Section_Wuppertal_1222989_294", "http://rdfs.org/ns/void#inDataset.value": "4635"}, "geometry": {"type": "LineString", "coordinates": [[7.0807197445, 51.2372537916, 170.2], [7.0795291811, 51.236561054, 0.0], [7.0793114665, 51.2364488981, 0.0], [7.0781735263, 51.235887304, 0.0], [7.0770488421, 51.235403475, 0.0], [7.0758427397, 51.2348976135, 0.0], [7.0756699282, 51.2347672395, 172.34]]}}, {"type": "Feature", "id": "https://registry.gdi-de.org/de.nw/radnetz/instances/Section_Wuppertal_1226857_910_left", "name": " (ex-nw:Section_Wuppertal_1226857_910_left)", "dateprops": [], "properties": {"https://registry.gdi-de.org/up3/ontology/quell-ID": "1226857", "https://registry.gdi-de.org/up3/ontology/steigung": "1.398512", "https://registry.gdi-de.org/up3/ontology/strecken-ID": "Section_Wuppertal_1226857_910_left", "http://rdfs.org/ns/void#inDataset.value": "4635"}, "geometry": {"type": "LineString", "coordinates": [[7.0842527858, 51.2814982041, 193.41], [7.0845275665, 51.2815982804, 193.72]]}}, {"type": "Feature", "id": "https://registry.gdi-de.org/de.nw/radnetz/instances/Section_Wuppertal_2066_956", "name": " (ex-nw:Section_Wuppertal_2066_956)", "dateprops": [], "properties": {"https://registry.gdi-de.org/up3/ontology/quell-ID": "2066", "https://registry.gdi-de.org/up3/ontology/steigung": "1.18081", "https://registry.gdi-de.org/up3/ontology/strecken-ID": "Section_Wuppertal_2066_956", "http://rdfs.org/ns/void#inDataset.value": "4635"}, "geometry": {"type": "LineString", "coordinates": [[7.147603757, 51.261672315, 0.0], [7.1477132063, 51.2623158199, 0.0]]}}, {"type": "Feature", "id": "https://registry.gdi-de.org/de.nw/radnetz/instances/Section_Wuppertal_7441_889_right", "name": " (ex-nw:Section_Wuppertal_7441_889_right)", "dateprops": [], "properties": {"https://registry.gdi-de.org/up3/ontology/quell-ID": "7441", "https://registry.gdi-de.org/up3/ontology/steigung": "5.518818", "https://registry.gdi-de.org/up3/ontology/strecken-ID": "Section_Wuppertal_7441_889_right", "http://rdfs.org/ns/void#inDataset.value": "4635"}, "geometry": {"type": "LineString", "coordinates": [[7.1240880308, 51.2785502907, 254.98], [7.125019521, 51.2797188548, 263.0]]}}, {"type": "Feature", "id": "https://registry.gdi-de.org/de.nw/radnetz/instances/Section_Wuppertal_3281_78", "name": " (ex-nw:Section_Wuppertal_3281_78)", "dateprops": [], "properties": {"https://registry.gdi-de.org/up3/ontology/quell-ID": "3281", "https://registry.gdi-de.org/up3/ontology/steigung": "0.8495678", "https://registry.gdi-de.org/up3/ontology/strecken-ID": "Section_Wuppertal_3281_78", "http://rdfs.org/ns/void#inDataset.value": "4635"}, "geometry": {"type": "LineString", "coordinates": [[7.1457097995, 51.2564531807, 142.45], [7.1462407896, 51.2565577428, 142.78]]}}, {"type": "Feature", "id": "https://registry.gdi-de.org/de.nw/radnetz/instances/Section_Wuppertal_1226469_583_right", "name": " (ex-nw:Section_Wuppertal_1226469_583_right)", "dateprops": [], "properties": {"https://registry.gdi-de.org/up3/ontology/quell-ID": "1226469", "https://registry.gdi-de.org/up3/ontology/steigung": "3.154686", "https://registry.gdi-de.org/up3/ontology/strecken-ID": "Section_Wuppertal_1226469_583_right", "http://rdfs.org/ns/void#inDataset.value": "4635"}, "geometry": {"type": "LineString", "coordinates": [[7.1341655172, 51.2074868818, 300.45], [7.1345022733, 51.207673567, 301.44]]}}, {"type": "Feature", "id": "https://registry.gdi-de.org/de.nw/radnetz/instances/Section_Wuppertal_1229822_779", "name": " (ex-nw:Section_Wuppertal_1229822_779)", "dateprops": [], "properties": {"https://registry.gdi-de.org/up3/ontology/quell-ID": "1229822", "https://registry.gdi-de.org/up3/ontology/steigung": "0.6626268", "https://registry.gdi-de.org/up3/ontology/strecken-ID": "Section_Wuppertal_1229822_779", "http://rdfs.org/ns/void#inDataset.value": "4635"}, "geometry": {"type": "LineString", "coordinates": [[7.2211313304, 51.2753191841, 161.39], [7.2213036619, 51.2753290684, 161.47]]}}, {"type": "Feature", "id": "https://registry.gdi-de.org/de.nw/radnetz/instances/Section_Wuppertal_1229582_731_left", "name": " (ex-nw:Section_Wuppertal_1229582_731_left)", "dateprops": [], "properties": {"https://registry.gdi-de.org/up3/ontology/quell-ID": "1229582", "https://registry.gdi-de.org/up3/ontology/steigung": "2.564888", "https://registry.gdi-de.org/up3/ontology/strecken-ID": "Section_Wuppertal_1229582_731_left", "http://rdfs.org/ns/void#inDataset.value": "4635"}, "geometry": {"type": "LineString", "coordinates": [[7.0882929657, 51.2363803404, 136.47], [7.0882320347, 51.2363555776, 136.6]]}}, {"type": "Feature", "id": "https://registry.gdi-de.org/de.nw/radnetz/instances/Section_Wuppertal_1230099_864", "name": " (ex-nw:Section_Wuppertal_1230099_864)", "dateprops": [], "properties": {"https://registry.gdi-de.org/up3/ontology/quell-ID": "1230099", "https://registry.gdi-de.org/up3/ontology/steigung": "0.5622736", "https://registry.gdi-de.org/up3/ontology/strecken-ID": "Section_Wuppertal_1230099_864", "http://rdfs.org/ns/void#inDataset.value": "4635"}, "geometry": {"type": "LineString", "coordinates": [[7.2028066806, 51.2776413531, 0.0], [7.2031714226, 51.2777596525, 0.0], [7.2037758558, 51.2779033617, 0.0], [7.2037886164, 51.2779064668, 0.0]]}}, {"type": "Feature", "id": "https://registry.gdi-de.org/de.nw/radnetz/instances/Section_Wuppertal_8575_177", "name": " (ex-nw:Section_Wuppertal_8575_177)", "dateprops": [], "properties": {"https://registry.gdi-de.org/up3/ontology/quell-ID": "8575", "https://registry.gdi-de.org/up3/ontology/steigung": "0.3904351", "https://registry.gdi-de.org/up3/ontology/strecken-ID": "Section_Wuppertal_8575_177", "http://rdfs.org/ns/void#inDataset.value": "4635"}, "geometry": {"type": "LineString", "coordinates": [[7.1462407896, 51.2565577428, 142.78], [7.1471291301, 51.2567014871, 143.03]]}}, {"type": "Feature", "id": "https://registry.gdi-de.org/de.nw/radnetz/instances/Section_Wuppertal_1225084_448", "name": " (ex-nw:Section_Wuppertal_1225084_448)", "dateprops": [], "properties": {"https://registry.gdi-de.org/up3/ontology/quell-ID": "1225084", "https://registry.gdi-de.org/up3/ontology/steigung": "0.8070317", "https://registry.gdi-de.org/up3/ontology/strecken-ID": "Section_Wuppertal_1225084_448", "http://rdfs.org/ns/void#inDataset.value": "4635"}, "geometry": {"type": "LineString", "coordinates": [[7.2353276426, 51.2249070121, 300.02], [7.2351691885, 51.2251431292, 300.25]]}}, {"type": "Feature", "id": "https://registry.gdi-de.org/de.nw/radnetz/instances/Section_Wuppertal_1270_27", "name": " (ex-nw:Section_Wuppertal_1270_27)", "dateprops": [], "properties": {"https://registry.gdi-de.org/up3/ontology/quell-ID": "1270", "https://registry.gdi-de.org/up3/ontology/steigung": "0.2277411", "https://registry.gdi-de.org/up3/ontology/strecken-ID": "Section_Wuppertal_1270_27", "http://rdfs.org/ns/void#inDataset.value": "4635"}, "geometry": {"type": "LineString", "coordinates": [[7.1037487457, 51.2440062585, 137.47], [7.1032495461, 51.2432693449, 0.0], [7.103106974, 51.2426953981, 137.82]]}}, {"type": "Feature", "id": "https://registry.gdi-de.org/de.nw/radnetz/instances/Section_Wuppertal_1224566_424", "name": " (ex-nw:Section_Wuppertal_1224566_424)", "dateprops": [], "properties": {"https://registry.gdi-de.org/up3/ontology/quell-ID": "1224566", "https://registry.gdi-de.org/up3/ontology/steigung": "5.371552", "https://registry.gdi-de.org/up3/ontology/strecken-ID": "Section_Wuppertal_1224566_424", "http://rdfs.org/ns/void#inDataset.value": "4635"}, "geometry": {"type": "LineString", "coordinates": [[7.179368655, 51.2430628941, 321.56], [7.1799338598, 51.2430694526, 323.68]]}}, {"type": "Feature", "id": "https://registry.gdi-de.org/de.nw/radnetz/instances/Section_Wuppertal_10092_210", "name": " (ex-nw:Section_Wuppertal_10092_210)", "dateprops": [], "properties": {"https://registry.gdi-de.org/up3/ontology/quell-ID": "10092", "https://registry.gdi-de.org/up3/ontology/steigung": "0.5052897", "https://registry.gdi-de.org/up3/ontology/strecken-ID": "Section_Wuppertal_10092_210", "http://rdfs.org/ns/void#inDataset.value": "4635"}, "geometry": {"type": "LineString", "coordinates": [[7.1370999077, 51.2564051245, 142.89], [7.1361521524, 51.2559238256, 143.32]]}}, {"type": "Feature", "id": "https://registry.gdi-de.org/de.nw/radnetz/instances/Section_Wuppertal_1225376_901", "name": " (ex-nw:Section_Wuppertal_1225376_901)", "dateprops": [], "properties": {"https://registry.gdi-de.org/up3/ontology/quell-ID": "1225376", "https://registry.gdi-de.org/up3/ontology/steigung": "2.183813", "https://registry.gdi-de.org/up3/ontology/strecken-ID": "Section_Wuppertal_1225376_901", "http://rdfs.org/ns/void#inDataset.value": "4635"}, "geometry": {"type": "LineString", "coordinates": [[7.2354200873, 51.2247565494, 299.85], [7.2359625085, 51.2238736809, 0.0], [7.2367047784, 51.2232096304, 0.0], [7.2375559332, 51.2228223125, 0.0], [7.2393718869, 51.2221994223, 0.0], [7.2396941239, 51.2221042356, 0.0], [7.2405420076, 51.2213878688, 311.59]]}}, {"type": "Feature", "id": "https://registry.gdi-de.org/de.nw/radnetz/instances/Section_Wuppertal_1227928_688", "name": " (ex-nw:Section_Wuppertal_1227928_688)", "dateprops": [], "properties": {"https://registry.gdi-de.org/up3/ontology/quell-ID": "1227928", "https://registry.gdi-de.org/up3/ontology/steigung": "0.1038745", "https://registry.gdi-de.org/up3/ontology/strecken-ID": "Section_Wuppertal_1227928_688", "http://rdfs.org/ns/void#inDataset.value": "4635"}, "geometry": {"type": "LineString", "coordinates": [[7.1558223992, 51.2578365967, 145.87], [7.1563652673, 51.2577747753, 145.91]]}}, {"type": "Feature", "id": "https://registry.gdi-de.org/de.nw/radnetz/instances/Section_Wuppertal_9587_194", "name": " (ex-nw:Section_Wuppertal_9587_194)", "dateprops": [], "properties": {"https://registry.gdi-de.org/up3/ontology/quell-ID": "9587", "https://registry.gdi-de.org/up3/ontology/steigung": "0.2556405", "https://registry.gdi-de.org/up3/ontology/strecken-ID": "Section_Wuppertal_9587_194", "http://rdfs.org/ns/void#inDataset.value": "4635"}, "geometry": {"type": "LineString", "coordinates": [[7.1731410061, 51.263138363, 150.25], [7.1723698691, 51.2629281206, 150.4]]}}, {"type": "Feature", "id": "https://registry.gdi-de.org/de.nw/radnetz/instances/Section_Wuppertal_1225446_478_left", "name": " (ex-nw:Section_Wuppertal_1225446_478_left)", "dateprops": [], "properties": {"https://registry.gdi-de.org/up3/ontology/quell-ID": "1225446", "https://registry.gdi-de.org/up3/ontology/steigung": "2.517972", "https://registry.gdi-de.org/up3/ontology/strecken-ID": "Section_Wuppertal_1225446_478_left", "http://rdfs.org/ns/void#inDataset.value": "4635"}, "geometry": {"type": "LineString", "coordinates": [[7.2306793006, 51.2569589251, 176.23], [7.2299966681, 51.257797937, 0.0], [7.2297627811, 51.2582960325, 0.0], [7.2297600522, 51.2584307445, 180.7]]}}, {"type": "Feature", "id": "https://registry.gdi-de.org/de.nw/radnetz/instances/Section_Wuppertal_1223110_336", "name": " (ex-nw:Section_Wuppertal_1223110_336)", "dateprops": [], "properties": {"https://registry.gdi-de.org/up3/ontology/quell-ID": "1223110", "https://registry.gdi-de.org/up3/ontology/steigung": "7.468405", "https://registry.gdi-de.org/up3/ontology/strecken-ID": "Section_Wuppertal_1223110_336", "http://rdfs.org/ns/void#inDataset.value": "4635"}, "geometry": {"type": "LineString", "coordinates": [[7.2238323947, 51.2808915522, 188.93], [7.2236426664, 51.2809077339, 0.0], [7.2235267758, 51.2809356242, 0.0], [7.22341154, 51.2809465824, 0.0], [7.2233144843, 51.2809239308, 0.0], [7.2232615482, 51.2808955961, 0.0], [7.2232160156, 51.280850431, 0.0], [7.2231822065, 51.2807919741, 0.0], [7.2229397129, 51.2806598692, 0.0], [7.2228723789, 51.2806546113, 0.0], [7.2228212042, 51.280713761, 195.63]]}}, {"type": "Feature", "id": "https://registry.gdi-de.org/de.nw/radnetz/instances/Section_Wuppertal_1225305_466", "name": " (ex-nw:Section_Wuppertal_1225305_466)", "dateprops": [], "properties": {"https://registry.gdi-de.org/up3/ontology/quell-ID": "1225305", "https://registry.gdi-de.org/up3/ontology/steigung": "1.451452", "https://registry.gdi-de.org/up3/ontology/strecken-ID": "Section_Wuppertal_1225305_466", "http://rdfs.org/ns/void#inDataset.value": "4635"}, "geometry": {"type": "LineString", "coordinates": [[7.2046873111, 51.2169428075, 253.36], [7.2031761904, 51.217789355, 0.0], [7.2022805277, 51.2185716052, 0.0], [7.2017670311, 51.2191880842, 0.0], [7.2012429042, 51.2194002434, 0.0], [7.2006578106, 51.2194768232, 259.33]]}}, {"type": "Feature", "id": "https://registry.gdi-de.org/de.nw/radnetz/instances/Section_Wuppertal_1223806_390", "name": " (ex-nw:Section_Wuppertal_1223806_390)", "dateprops": [], "properties": {"https://registry.gdi-de.org/up3/ontology/quell-ID": "1223806", "https://registry.gdi-de.org/up3/ontology/steigung": "6.457743", "https://registry.gdi-de.org/up3/ontology/strecken-ID": "Section_Wuppertal_1223806_390", "http://rdfs.org/ns/void#inDataset.value": "4635"}, "geometry": {"type": "LineString", "coordinates": [[7.2284877405, 51.2733815683, 172.28], [7.2286437157, 51.2733200847, 173.11]]}}, {"type": "Feature", "id": "https://registry.gdi-de.org/de.nw/radnetz/instances/Section_Wuppertal_1225188_456_right", "name": " (ex-nw:Section_Wuppertal_1225188_456_right)", "dateprops": [], "properties": {"https://registry.gdi-de.org/up3/ontology/quell-ID": "1225188", "https://registry.gdi-de.org/up3/ontology/steigung": "0.9348412", "https://registry.gdi-de.org/up3/ontology/strecken-ID": "Section_Wuppertal_1225188_456_right", "http://rdfs.org/ns/void#inDataset.value": "4635"}, "geometry": {"type": "LineString", "coordinates": [[7.237037858, 51.2643950209, 168.14], [7.2369920855, 51.2639727526, 0.0], [7.2367780363, 51.2636747245, 168.92]]}}, {"type": "Feature", "id": "https://registry.gdi-de.org/de.nw/radnetz/instances/Section_Wuppertal_1228119_695", "name": " (ex-nw:Section_Wuppertal_1228119_695)", "dateprops": [], "properties": {"https://registry.gdi-de.org/up3/ontology/quell-ID": "1228119", "https://registry.gdi-de.org/up3/ontology/steigung": "0.1248715", "https://registry.gdi-de.org/up3/ontology/strecken-ID": "Section_Wuppertal_1228119_695", "http://rdfs.org/ns/void#inDataset.value": "4635"}, "geometry": {"type": "LineString", "coordinates": [[7.125445244, 51.2497983397, 139.97], [7.1266385095, 51.2503597639, 140.1]]}}, {"type": "Feature", "id": "https://registry.gdi-de.org/de.nw/radnetz/instances/Section_Wuppertal_1228361_705", "name": " (ex-nw:Section_Wuppertal_1228361_705)", "dateprops": [], "properties": {"https://registry.gdi-de.org/up3/ontology/quell-ID": "1228361", "https://registry.gdi-de.org/up3/ontology/steigung": "0.3561975", "https://registry.gdi-de.org/up3/ontology/strecken-ID": "Section_Wuppertal_1228361_705", "http://rdfs.org/ns/void#inDataset.value": "4635"}, "geometry": {"type": "LineString", "coordinates": [[7.1381521574, 51.2541065784, 141.74], [7.1385669253, 51.2542032111, 141.85]]}}, {"type": "Feature", "id": "https://registry.gdi-de.org/de.nw/radnetz/instances/Section_Wuppertal_1229897_806", "name": " (ex-nw:Section_Wuppertal_1229897_806)", "dateprops": [], "properties": {"https://registry.gdi-de.org/up3/ontology/quell-ID": "1229897", "https://registry.gdi-de.org/up3/ontology/steigung": "0.379732", "https://registry.gdi-de.org/up3/ontology/strecken-ID": "Section_Wuppertal_1229897_806", "http://rdfs.org/ns/void#inDataset.value": "4635"}, "geometry": {"type": "LineString", "coordinates": [[7.0828609511, 51.2456510452, 174.65], [7.0833751467, 51.2459643973, 174.84]]}}, {"type": "Feature", "id": "https://registry.gdi-de.org/de.nw/radnetz/instances/Section_Wuppertal_1224782_927_right", "name": " (ex-nw:Section_Wuppertal_1224782_927_right)", "dateprops": [], "properties": {"https://registry.gdi-de.org/up3/ontology/quell-ID": "1224782", "https://registry.gdi-de.org/up3/ontology/steigung": "5.126852", "https://registry.gdi-de.org/up3/ontology/strecken-ID": "Section_Wuppertal_1224782_927_right", "http://rdfs.org/ns/void#inDataset.value": "4635"}, "geometry": {"type": "LineString", "coordinates": [[7.2524027698, 51.3072132971, 296.41], [7.252400564, 51.3073697286, 0.0], [7.2522986182, 51.307698137, 299.21]]}}, {"type": "Feature", "id": "https://registry.gdi-de.org/de.nw/radnetz/instances/Section_Wuppertal_1225948_1053_right", "name": " (ex-nw:Section_Wuppertal_1225948_1053_right)", "dateprops": [], "properties": {"https://registry.gdi-de.org/up3/ontology/quell-ID": "1225948", "https://registry.gdi-de.org/up3/ontology/steigung": "6.23034", "https://registry.gdi-de.org/up3/ontology/strecken-ID": "Section_Wuppertal_1225948_1053_right", "http://rdfs.org/ns/void#inDataset.value": "4635"}, "geometry": {"type": "LineString", "coordinates": [[7.1280039254, 51.2788973974, 0.0], [7.128125873, 51.2783908854, 0.0]]}}, {"type": "Feature", "id": "https://registry.gdi-de.org/de.nw/radnetz/instances/Section_Wuppertal_3128_74", "name": " (ex-nw:Section_Wuppertal_3128_74)", "dateprops": [], "properties": {"https://registry.gdi-de.org/up3/ontology/quell-ID": "3128", "https://registry.gdi-de.org/up3/ontology/steigung": "5.731762", "https://registry.gdi-de.org/up3/ontology/strecken-ID": "Section_Wuppertal_3128_74", "http://rdfs.org/ns/void#inDataset.value": "4635"}, "geometry": {"type": "LineString", "coordinates": [[7.2314957624, 51.2728169826, 185.1], [7.2318731486, 51.272809243, 186.61]]}}, {"type": "Feature", "id": "https://registry.gdi-de.org/de.nw/radnetz/instances/Section_Wuppertal_3702_964_right", "name": " (ex-nw:Section_Wuppertal_3702_964_right)", "dateprops": [], "properties": {"https://registry.gdi-de.org/up3/ontology/quell-ID": "3702", "https://registry.gdi-de.org/up3/ontology/steigung": "4.981066", "https://registry.gdi-de.org/up3/ontology/strecken-ID": "Section_Wuppertal_3702_964_right", "http://rdfs.org/ns/void#inDataset.value": "4635"}, "geometry": {"type": "LineString", "coordinates": [[7.194275296, 51.2355355487, 0.0], [7.1945587084, 51.2360526867, 0.0]]}}, {"type": "Feature", "id": "https://registry.gdi-de.org/de.nw/radnetz/instances/Section_Wuppertal_7663_158", "name": " (ex-nw:Section_Wuppertal_7663_158)", "dateprops": [], "properties": {"https://registry.gdi-de.org/up3/ontology/quell-ID": "7663", "https://registry.gdi-de.org/up3/ontology/steigung": "0.9229524", "https://registry.gdi-de.org/up3/ontology/strecken-ID": "Section_Wuppertal_7663_158", "http://rdfs.org/ns/void#inDataset.value": "4635"}, "geometry": {"type": "LineString", "coordinates": [[7.1501058328, 51.2590320803, 145.93], [7.1508447682, 51.2589717422, 146.41]]}}, {"type": "Feature", "id": "https://registry.gdi-de.org/de.nw/radnetz/instances/Section_Wuppertal_1228920_723", "name": " (ex-nw:Section_Wuppertal_1228920_723)", "dateprops": [], "properties": {"https://registry.gdi-de.org/up3/ontology/quell-ID": "1228920", "https://registry.gdi-de.org/up3/ontology/steigung": "0.114252", "https://registry.gdi-de.org/up3/ontology/strecken-ID": "Section_Wuppertal_1228920_723", "http://rdfs.org/ns/void#inDataset.value": "4635"}, "geometry": {"type": "LineString", "coordinates": [[7.2114240781, 51.2742409595, 157.31], [7.2119212111, 51.274283822, 157.35]]}}, {"type": "Feature", "id": "https://registry.gdi-de.org/de.nw/radnetz/instances/Section_Wuppertal_1226354_565_right", "name": " (ex-nw:Section_Wuppertal_1226354_565_right)", "dateprops": [], "properties": {"https://registry.gdi-de.org/up3/ontology/quell-ID": "1226354", "https://registry.gdi-de.org/up3/ontology/steigung": "2.854499", "https://registry.gdi-de.org/up3/ontology/strecken-ID": "Section_Wuppertal_1226354_565_right", "http://rdfs.org/ns/void#inDataset.value": "4635"}, "geometry": {"type": "LineString", "coordinates": [[7.1532635779, 51.303946863, 289.47], [7.1511783357, 51.3044447932, 0.0], [7.150300217, 51.3045292761, 0.0], [7.1485499155, 51.3046015248, 0.0], [7.1476331783, 51.3047472124, 0.0], [7.1460554964, 51.3051876983, 304.49]]}}, {"type": "Feature", "id": "https://registry.gdi-de.org/de.nw/radnetz/instances/Section_Wuppertal_1230058_912_left", "name": " (ex-nw:Section_Wuppertal_1230058_912_left)", "dateprops": [], "properties": {"https://registry.gdi-de.org/up3/ontology/quell-ID": "1230058", "https://registry.gdi-de.org/up3/ontology/steigung": "4.048283", "https://registry.gdi-de.org/up3/ontology/strecken-ID": "Section_Wuppertal_1230058_912_left", "http://rdfs.org/ns/void#inDataset.value": "4635"}, "geometry": {"type": "LineString", "coordinates": [[7.0791723048, 51.2805236684, 0.0], [7.0816043111, 51.280742199, 0.0], [7.0827779133, 51.2809610276, 0.0], [7.0836333993, 51.2812726151, 193.29]]}}, {"type": "Feature", "id": "https://registry.gdi-de.org/de.nw/radnetz/instances/Section_Wuppertal_9212_188_left", "name": " (ex-nw:Section_Wuppertal_9212_188_left)", "dateprops": [], "properties": {"https://registry.gdi-de.org/up3/ontology/quell-ID": "9212", "https://registry.gdi-de.org/up3/ontology/steigung": "0.7181151", "https://registry.gdi-de.org/up3/ontology/strecken-ID": "Section_Wuppertal_9212_188_left", "http://rdfs.org/ns/void#inDataset.value": "4635"}, "geometry": {"type": "LineString", "coordinates": [[7.1865606817, 51.2792203088, 196.22], [7.1870769367, 51.2792537246, 196.48]]}}, {"type": "Feature", "id": "https://registry.gdi-de.org/de.nw/radnetz/instances/Section_Wuppertal_1226075_534_right", "name": " (ex-nw:Section_Wuppertal_1226075_534_right)", "dateprops": [], "properties": {"https://registry.gdi-de.org/up3/ontology/quell-ID": "1226075", "https://registry.gdi-de.org/up3/ontology/steigung": "0.05732792", "https://registry.gdi-de.org/up3/ontology/strecken-ID": "Section_Wuppertal_1226075_534_right", "http://rdfs.org/ns/void#inDataset.value": "4635"}, "geometry": {"type": "LineString", "coordinates": [[7.2687265697, 51.2540237266, 180.64], [7.2689644712, 51.2540717619, 180.65]]}}, {"type": "Feature", "id": "https://registry.gdi-de.org/de.nw/radnetz/instances/Section_Wuppertal_1226895_991", "name": " (ex-nw:Section_Wuppertal_1226895_991)", "dateprops": [], "properties": {"https://registry.gdi-de.org/up3/ontology/quell-ID": "1226895", "https://registry.gdi-de.org/up3/ontology/steigung": "1.000851", "https://registry.gdi-de.org/up3/ontology/strecken-ID": "Section_Wuppertal_1226895_991", "http://rdfs.org/ns/void#inDataset.value": "4635"}, "geometry": {"type": "LineString", "coordinates": [[7.1520125351, 51.2232124105, 0.0], [7.1520090037, 51.2233381483, 0.0]]}}, {"type": "Feature", "id": "https://registry.gdi-de.org/de.nw/radnetz/instances/Section_Wuppertal_1227545_999_left", "name": " (ex-nw:Section_Wuppertal_1227545_999_left)", "dateprops": [], "properties": {"https://registry.gdi-de.org/up3/ontology/quell-ID": "1227545", "https://registry.gdi-de.org/up3/ontology/steigung": "0.5830204", "https://registry.gdi-de.org/up3/ontology/strecken-ID": "Section_Wuppertal_1227545_999_left", "http://rdfs.org/ns/void#inDataset.value": "4635"}, "geometry": {"type": "LineString", "coordinates": [[7.1403336433, 51.2111379673, 0.0], [7.140504694, 51.2113938949, 0.0]]}}, {"type": "Feature", "id": "https://registry.gdi-de.org/de.nw/radnetz/instances/Section_Wuppertal_4789_1021_left", "name": " (ex-nw:Section_Wuppertal_4789_1021_left)", "dateprops": [], "properties": {"https://registry.gdi-de.org/up3/ontology/quell-ID": "4789", "https://registry.gdi-de.org/up3/ontology/steigung": "0.3077767", "https://registry.gdi-de.org/up3/ontology/strecken-ID": "Section_Wuppertal_4789_1021_left", "http://rdfs.org/ns/void#inDataset.value": "4635"}, "geometry": {"type": "LineString", "coordinates": [[7.1459249847, 51.2832088987, 0.0], [7.1457576137, 51.283247024, 0.0], [7.145617321, 51.2832765417, 0.0]]}}, {"type": "Feature", "id": "https://registry.gdi-de.org/de.nw/radnetz/instances/Section_Wuppertal_1228040_690_left", "name": " (ex-nw:Section_Wuppertal_1228040_690_left)", "dateprops": [], "properties": {"https://registry.gdi-de.org/up3/ontology/quell-ID": "1228040", "https://registry.gdi-de.org/up3/ontology/steigung": "7.021978", "https://registry.gdi-de.org/up3/ontology/strecken-ID": "Section_Wuppertal_1228040_690_left", "http://rdfs.org/ns/void#inDataset.value": "4635"}, "geometry": {"type": "LineString", "coordinates": [[7.0913218518, 51.2384945102, 134.66], [7.0913772267, 51.2387185655, 0.0], [7.0911273421, 51.2389414858, 138.56]]}}, {"type": "Feature", "id": "https://registry.gdi-de.org/de.nw/radnetz/instances/Section_Wuppertal_9254_189", "name": " (ex-nw:Section_Wuppertal_9254_189)", "dateprops": [], "properties": {"https://registry.gdi-de.org/up3/ontology/quell-ID": "9254", "https://registry.gdi-de.org/up3/ontology/steigung": "0.1811389", "https://registry.gdi-de.org/up3/ontology/strecken-ID": "Section_Wuppertal_9254_189", "http://rdfs.org/ns/void#inDataset.value": "4635"}, "geometry": {"type": "LineString", "coordinates": [[7.0606244956, 51.2349451905, 211.71], [7.0608585702, 51.2349431399, 0.0], [7.0615356987, 51.2347997886, 211.83]]}}, {"type": "Feature", "id": "https://registry.gdi-de.org/de.nw/radnetz/instances/Section_Wuppertal_1229583_732_left", "name": " (ex-nw:Section_Wuppertal_1229583_732_left)", "dateprops": [], "properties": {"https://registry.gdi-de.org/up3/ontology/quell-ID": "1229583", "https://registry.gdi-de.org/up3/ontology/steigung": "1.51546", "https://registry.gdi-de.org/up3/ontology/strecken-ID": "Section_Wuppertal_1229583_732_left", "http://rdfs.org/ns/void#inDataset.value": "4635"}, "geometry": {"type": "LineString", "coordinates": [[7.0882320347, 51.2363555776, 136.6], [7.0876053572, 51.2361008896, 137.39]]}}, {"type": "Feature", "id": "https://registry.gdi-de.org/de.nw/radnetz/instances/Section_Wuppertal_1224046_890_right", "name": " (ex-nw:Section_Wuppertal_1224046_890_right)", "dateprops": [], "properties": {"https://registry.gdi-de.org/up3/ontology/quell-ID": "1224046", "https://registry.gdi-de.org/up3/ontology/steigung": "5.600645", "https://registry.gdi-de.org/up3/ontology/strecken-ID": "Section_Wuppertal_1224046_890_right", "http://rdfs.org/ns/void#inDataset.value": "4635"}, "geometry": {"type": "LineString", "coordinates": [[7.1235045212, 51.2780208144, 250.97], [7.1235510094, 51.2780596041, 0.0], [7.1240880308, 51.2785502907, 254.98]]}}, {"type": "Feature", "id": "https://registry.gdi-de.org/de.nw/radnetz/instances/Section_Wuppertal_1226365_906_right", "name": " (ex-nw:Section_Wuppertal_1226365_906_right)", "dateprops": [], "properties": {"https://registry.gdi-de.org/up3/ontology/quell-ID": "1226365", "https://registry.gdi-de.org/up3/ontology/steigung": "1.830865", "https://registry.gdi-de.org/up3/ontology/strecken-ID": "Section_Wuppertal_1226365_906_right", "http://rdfs.org/ns/void#inDataset.value": "4635"}, "geometry": {"type": "LineString", "coordinates": [[7.059771946, 51.2539119558, 180.09], [7.0594137818, 51.2540787533, 180.66]]}}, {"type": "Feature", "id": "https://registry.gdi-de.org/de.nw/radnetz/instances/Section_Wuppertal_1226805_634_right", "name": " (ex-nw:Section_Wuppertal_1226805_634_right)", "dateprops": [], "properties": {"https://registry.gdi-de.org/up3/ontology/quell-ID": "1226805", "https://registry.gdi-de.org/up3/ontology/steigung": "2.156263", "https://registry.gdi-de.org/up3/ontology/strecken-ID": "Section_Wuppertal_1226805_634_right", "http://rdfs.org/ns/void#inDataset.value": "4635"}, "geometry": {"type": "LineString", "coordinates": [[7.1502043023, 51.2262970535, 329.89], [7.1509618114, 51.2264228267, 331.07]]}}, {"type": "Feature", "id": "https://registry.gdi-de.org/de.nw/radnetz/instances/Section_Wuppertal_1226865_642_left", "name": " (ex-nw:Section_Wuppertal_1226865_642_left)", "dateprops": [], "properties": {"https://registry.gdi-de.org/up3/ontology/quell-ID": "1226865", "https://registry.gdi-de.org/up3/ontology/steigung": "2.180046", "https://registry.gdi-de.org/up3/ontology/strecken-ID": "Section_Wuppertal_1226865_642_left", "http://rdfs.org/ns/void#inDataset.value": "4635"}, "geometry": {"type": "LineString", "coordinates": [[7.2178074186, 51.2757214571, 160.98], [7.2178039662, 51.2757750244, 161.11]]}}, {"type": "Feature", "id": "https://registry.gdi-de.org/de.nw/radnetz/instances/Section_Wuppertal_1223999_399_left", "name": " (ex-nw:Section_Wuppertal_1223999_399_left)", "dateprops": [], "properties": {"https://registry.gdi-de.org/up3/ontology/quell-ID": "1223999", "https://registry.gdi-de.org/up3/ontology/steigung": "0.4344397", "https://registry.gdi-de.org/up3/ontology/strecken-ID": "Section_Wuppertal_1223999_399_left", "http://rdfs.org/ns/void#inDataset.value": "4635"}, "geometry": {"type": "LineString", "coordinates": [[7.0990946376, 51.2653914829, 244.42], [7.0991107358, 51.2651847929, 244.52]]}}, {"type": "Feature", "id": "https://registry.gdi-de.org/de.nw/radnetz/instances/Section_Wuppertal_1229588_995", "name": " (ex-nw:Section_Wuppertal_1229588_995)", "dateprops": [], "properties": {"https://registry.gdi-de.org/up3/ontology/quell-ID": "1229588", "https://registry.gdi-de.org/up3/ontology/steigung": "1.064466", "https://registry.gdi-de.org/up3/ontology/strecken-ID": "Section_Wuppertal_1229588_995", "http://rdfs.org/ns/void#inDataset.value": "4635"}, "geometry": {"type": "LineString", "coordinates": [[7.1520600693, 51.2222501287, 0.0], [7.1520192039, 51.2230774242, 0.0]]}}, {"type": "Feature", "id": "https://registry.gdi-de.org/de.nw/radnetz/instances/Section_Wuppertal_1229647_919", "name": " (ex-nw:Section_Wuppertal_1229647_919)", "dateprops": [], "properties": {"https://registry.gdi-de.org/up3/ontology/quell-ID": "1229647", "https://registry.gdi-de.org/up3/ontology/steigung": "1.81054", "https://registry.gdi-de.org/up3/ontology/strecken-ID": "Section_Wuppertal_1229647_919", "http://rdfs.org/ns/void#inDataset.value": "4635"}, "geometry": {"type": "LineString", "coordinates": [[7.2489745361, 51.3114055366, 320.29], [7.2489282247, 51.3115327748, 0.0], [7.2488787398, 51.311802704, 321.1]]}}, {"type": "Feature", "id": "https://registry.gdi-de.org/de.nw/radnetz/instances/Section_Wuppertal_1229968_828", "name": " (ex-nw:Section_Wuppertal_1229968_828)", "dateprops": [], "properties": {"https://registry.gdi-de.org/up3/ontology/quell-ID": "1229968", "https://registry.gdi-de.org/up3/ontology/steigung": "1.355524", "https://registry.gdi-de.org/up3/ontology/strecken-ID": "Section_Wuppertal_1229968_828", "http://rdfs.org/ns/void#inDataset.value": "4635"}, "geometry": {"type": "LineString", "coordinates": [[7.0687786509, 51.2077750126, 207.69], [7.0681852589, 51.2078026854, 0.0], [7.0673892056, 51.2083145345, 0.0], [7.0672688, 51.2084295244, 0.0]]}}, {"type": "Feature", "id": "https://registry.gdi-de.org/de.nw/radnetz/instances/Section_Wuppertal_6936_144", "name": " (ex-nw:Section_Wuppertal_6936_144)", "dateprops": [], "properties": {"https://registry.gdi-de.org/up3/ontology/quell-ID": "6936", "https://registry.gdi-de.org/up3/ontology/steigung": "4.244897", "https://registry.gdi-de.org/up3/ontology/strecken-ID": "Section_Wuppertal_6936_144", "http://rdfs.org/ns/void#inDataset.value": "4635"}, "geometry": {"type": "LineString", "coordinates": [[7.1116186151, 51.2850334822, 257.19], [7.1126242536, 51.2843754126, 0.0], [7.1146938903, 51.2835927279, 268.65]]}}, {"type": "Feature", "id": "https://registry.gdi-de.org/de.nw/radnetz/instances/Section_Wuppertal_9618_196", "name": " (ex-nw:Section_Wuppertal_9618_196)", "dateprops": [], "properties": {"https://registry.gdi-de.org/up3/ontology/quell-ID": "9618", "https://registry.gdi-de.org/up3/ontology/steigung": "4.941105", "https://registry.gdi-de.org/up3/ontology/strecken-ID": "Section_Wuppertal_9618_196", "http://rdfs.org/ns/void#inDataset.value": "4635"}, "geometry": {"type": "LineString", "coordinates": [[7.2297372784, 51.2758330845, 167.31], [7.2290519906, 51.2756794643, 0.0], [7.2284520006, 51.2755320448, 172.04]]}}, {"type": "Feature", "id": "https://registry.gdi-de.org/de.nw/radnetz/instances/Section_Wuppertal_1225218_461_left", "name": " (ex-nw:Section_Wuppertal_1225218_461_left)", "dateprops": [], "properties": {"https://registry.gdi-de.org/up3/ontology/quell-ID": "1225218", "https://registry.gdi-de.org/up3/ontology/steigung": "1.973003", "https://registry.gdi-de.org/up3/ontology/strecken-ID": "Section_Wuppertal_1225218_461_left", "http://rdfs.org/ns/void#inDataset.value": "4635"}, "geometry": {"type": "LineString", "coordinates": [[7.0685599588, 51.2352610521, 177.16], [7.0693865977, 51.2350493744, 178.39]]}}, {"type": "Feature", "id": "https://registry.gdi-de.org/de.nw/radnetz/instances/Section_Wuppertal_1225950_521_left", "name": " (ex-nw:Section_Wuppertal_1225950_521_left)", "dateprops": [], "properties": {"https://registry.gdi-de.org/up3/ontology/quell-ID": "1225950", "https://registry.gdi-de.org/up3/ontology/steigung": "5.562355", "https://registry.gdi-de.org/up3/ontology/strecken-ID": "Section_Wuppertal_1225950_521_left", "http://rdfs.org/ns/void#inDataset.value": "4635"}, "geometry": {"type": "LineString", "coordinates": [[7.1589806566, 51.2524466274, 195.21], [7.1592350428, 51.2525532729, 0.0], [7.1592487548, 51.2525584671, 196.46]]}}, {"type": "Feature", "id": "https://registry.gdi-de.org/de.nw/radnetz/instances/Section_Wuppertal_12946_279_left", "name": " (ex-nw:Section_Wuppertal_12946_279_left)", "dateprops": [], "properties": {"https://registry.gdi-de.org/up3/ontology/quell-ID": "12946", "https://registry.gdi-de.org/up3/ontology/steigung": "6.372516", "https://registry.gdi-de.org/up3/ontology/strecken-ID": "Section_Wuppertal_12946_279_left", "http://rdfs.org/ns/void#inDataset.value": "4635"}, "geometry": {"type": "LineString", "coordinates": [[7.1708832292, 51.2430794921, 283.59], [7.1718443172, 51.2431417796, 0.0], [7.1737596227, 51.2437104544, 0.0], [7.1740357838, 51.243746515, 0.0], [7.1744216989, 51.2437728435, 0.0], [7.1747245956, 51.2437784318, 0.0], [7.1750401044, 51.2437450592, 0.0], [7.1753824748, 51.2436812042, 0.0], [7.1756902595, 51.243608986, 0.0], [7.1759702228, 51.2435240937, 0.0], [7.1767198078, 51.2432445391, 0.0], [7.1769519584, 51.2431773929, 0.0], [7.1772462003, 51.2431140174, 0.0], [7.1774861852, 51.2430856149, 314.99]]}}, {"type": "Feature", "id": "https://registry.gdi-de.org/de.nw/radnetz/instances/Section_Wuppertal_1223106_335", "name": " (ex-nw:Section_Wuppertal_1223106_335)", "dateprops": [], "properties": {"https://registry.gdi-de.org/up3/ontology/quell-ID": "1223106", "https://registry.gdi-de.org/up3/ontology/steigung": "1.36929", "https://registry.gdi-de.org/up3/ontology/strecken-ID": "Section_Wuppertal_1223106_335", "http://rdfs.org/ns/void#inDataset.value": "4635"}, "geometry": {"type": "LineString", "coordinates": [[7.2207314702, 51.2782457708, 188.38], [7.2206523397, 51.2784091058, 188.64]]}}, {"type": "Feature", "id": "https://registry.gdi-de.org/de.nw/radnetz/instances/Section_Wuppertal_1228328_700_right", "name": " (ex-nw:Section_Wuppertal_1228328_700_right)", "dateprops": [], "properties": {"https://registry.gdi-de.org/up3/ontology/quell-ID": "1228328", "https://registry.gdi-de.org/up3/ontology/steigung": "3.309044", "https://registry.gdi-de.org/up3/ontology/strecken-ID": "Section_Wuppertal_1228328_700_right", "http://rdfs.org/ns/void#inDataset.value": "4635"}, "geometry": {"type": "LineString", "coordinates": [[7.0740948256, 51.2531329827, 186.15], [7.0755344568, 51.2534159477, 0.0], [7.0755450969, 51.2534177505, 189.66]]}}, {"type": "Feature", "id": "https://registry.gdi-de.org/de.nw/radnetz/instances/Section_Wuppertal_1223617_379_right", "name": " (ex-nw:Section_Wuppertal_1223617_379_right)", "dateprops": [], "properties": {"https://registry.gdi-de.org/up3/ontology/quell-ID": "1223617", "https://registry.gdi-de.org/up3/ontology/steigung": "7.477282", "https://registry.gdi-de.org/up3/ontology/strecken-ID": "Section_Wuppertal_1223617_379_right", "http://rdfs.org/ns/void#inDataset.value": "4635"}, "geometry": {"type": "LineString", "coordinates": [[7.0630023523, 51.2312693878, 186.27], [7.0627069836, 51.231536314, 0.0], [7.0622950452, 51.231727853, 191.65]]}}, {"type": "Feature", "id": "https://registry.gdi-de.org/de.nw/radnetz/instances/Section_Wuppertal_1229673_743_left", "name": " (ex-nw:Section_Wuppertal_1229673_743_left)", "dateprops": [], "properties": {"https://registry.gdi-de.org/up3/ontology/quell-ID": "1229673", "https://registry.gdi-de.org/up3/ontology/steigung": "0.4633576", "https://registry.gdi-de.org/up3/ontology/strecken-ID": "Section_Wuppertal_1229673_743_left", "http://rdfs.org/ns/void#inDataset.value": "4635"}, "geometry": {"type": "LineString", "coordinates": [[7.1029402311, 51.2410690648, 137.86], [7.102933632, 51.2407740756, 0.0], [7.1029326217, 51.240739261, 138.03]]}}, {"type": "Feature", "id": "https://registry.gdi-de.org/de.nw/radnetz/instances/Section_Wuppertal_5326_116_right", "name": " (ex-nw:Section_Wuppertal_5326_116_right)", "dateprops": [], "properties": {"https://registry.gdi-de.org/up3/ontology/quell-ID": "5326", "https://registry.gdi-de.org/up3/ontology/steigung": "5.205705", "https://registry.gdi-de.org/up3/ontology/strecken-ID": "Section_Wuppertal_5326_116_right", "http://rdfs.org/ns/void#inDataset.value": "4635"}, "geometry": {"type": "LineString", "coordinates": [[7.1338958774, 51.2052306047, 292.72], [7.1347816198, 51.2059244765, 297.87]]}}, {"type": "Feature", "id": "https://registry.gdi-de.org/de.nw/radnetz/instances/Section_Wuppertal_1229874_794", "name": " (ex-nw:Section_Wuppertal_1229874_794)", "dateprops": [], "properties": {"https://registry.gdi-de.org/up3/ontology/quell-ID": "1229874", "https://registry.gdi-de.org/up3/ontology/steigung": "0.09233533", "https://registry.gdi-de.org/up3/ontology/strecken-ID": "Section_Wuppertal_1229874_794", "http://rdfs.org/ns/void#inDataset.value": "4635"}, "geometry": {"type": "LineString", "coordinates": [[7.1243475457, 51.177922131, 137.45], [7.1244220501, 51.178141056, 0.0], [7.1245220346, 51.1783644213, 0.0], [7.1246806956, 51.1785645354, 0.0], [7.1248839069, 51.1787734279, 0.0], [7.1251116173, 51.1790109371, 0.0], [7.1253899614, 51.179265385, 0.0], [7.1256178403, 51.1794988633, 0.0], [7.1258748334, 51.1798053841, 0.0], [7.126088915, 51.1800628331, 0.0], [7.1262655149, 51.1802954884, 0.0], [7.126410389, 51.1805195711, 137.75]]}}, {"type": "Feature", "id": "https://registry.gdi-de.org/de.nw/radnetz/instances/Section_Wuppertal_6606_141", "name": " (ex-nw:Section_Wuppertal_6606_141)", "dateprops": [], "properties": {"https://registry.gdi-de.org/up3/ontology/quell-ID": "6606", "https://registry.gdi-de.org/up3/ontology/steigung": "0.8523305", "https://registry.gdi-de.org/up3/ontology/strecken-ID": "Section_Wuppertal_6606_141", "http://rdfs.org/ns/void#inDataset.value": "4635"}, "geometry": {"type": "LineString", "coordinates": [[7.1370999077, 51.2564051245, 142.89], [7.1379537919, 51.2567216724, 143.48]]}}, {"type": "Feature", "id": "https://registry.gdi-de.org/de.nw/radnetz/instances/Section_Wuppertal_1226712_619_right", "name": " (ex-nw:Section_Wuppertal_1226712_619_right)", "dateprops": [], "properties": {"https://registry.gdi-de.org/up3/ontology/quell-ID": "1226712", "https://registry.gdi-de.org/up3/ontology/steigung": "1.010472", "https://registry.gdi-de.org/up3/ontology/strecken-ID": "Section_Wuppertal_1226712_619_right", "http://rdfs.org/ns/void#inDataset.value": "4635"}, "geometry": {"type": "LineString", "coordinates": [[7.1858314786, 51.2791313481, 195.71], [7.1856006947, 51.27907615, 0.0], [7.1853147656, 51.2789358884, 196.14]]}}, {"type": "Feature", "id": "https://registry.gdi-de.org/de.nw/radnetz/instances/Section_Wuppertal_1226911_647_left", "name": " (ex-nw:Section_Wuppertal_1226911_647_left)", "dateprops": [], "properties": {"https://registry.gdi-de.org/up3/ontology/quell-ID": "1226911", "https://registry.gdi-de.org/up3/ontology/steigung": "3.22672", "https://registry.gdi-de.org/up3/ontology/strecken-ID": "Section_Wuppertal_1226911_647_left", "http://rdfs.org/ns/void#inDataset.value": "4635"}, "geometry": {"type": "LineString", "coordinates": [[7.2328373141, 51.241006637, 288.37], [7.2328382721, 51.2409868757, 0.0], [7.2330674183, 51.2403040278, 0.0], [7.2333291823, 51.2399032874, 292.5]]}}, {"type": "Feature", "id": "https://registry.gdi-de.org/de.nw/radnetz/instances/Section_Wuppertal_1229825_782", "name": " (ex-nw:Section_Wuppertal_1229825_782)", "dateprops": [], "properties": {"https://registry.gdi-de.org/up3/ontology/quell-ID": "1229825", "https://registry.gdi-de.org/up3/ontology/steigung": "0.3490695", "https://registry.gdi-de.org/up3/ontology/strecken-ID": "Section_Wuppertal_1229825_782", "http://rdfs.org/ns/void#inDataset.value": "4635"}, "geometry": {"type": "LineString", "coordinates": [[7.2312833396, 51.2760048889, 165.53], [7.2318974835, 51.2760343747, 165.68]]}}, {"type": "Feature", "id": "https://registry.gdi-de.org/de.nw/radnetz/instances/Section_Wuppertal_1229590_733_left", "name": " (ex-nw:Section_Wuppertal_1229590_733_left)", "dateprops": [], "properties": {"https://registry.gdi-de.org/up3/ontology/quell-ID": "1229590", "https://registry.gdi-de.org/up3/ontology/steigung": "0.6395922", "https://registry.gdi-de.org/up3/ontology/strecken-ID": "Section_Wuppertal_1229590_733_left", "http://rdfs.org/ns/void#inDataset.value": "4635"}, "geometry": {"type": "LineString", "coordinates": [[7.2482677638, 51.2754904634, 201.06], [7.2476904778, 51.2754408757, 201.32]]}}, {"type": "Feature", "id": "https://registry.gdi-de.org/de.nw/radnetz/instances/Section_Wuppertal_6679_142_right", "name": " (ex-nw:Section_Wuppertal_6679_142_right)", "dateprops": [], "properties": {"https://registry.gdi-de.org/up3/ontology/quell-ID": "6679", "https://registry.gdi-de.org/up3/ontology/steigung": "4.603156", "https://registry.gdi-de.org/up3/ontology/strecken-ID": "Section_Wuppertal_6679_142_right", "http://rdfs.org/ns/void#inDataset.value": "4635"}, "geometry": {"type": "LineString", "coordinates": [[7.132652577, 51.2043001479, 286.5], [7.1338958774, 51.2052306047, 292.72]]}}, {"type": "Feature", "id": "https://registry.gdi-de.org/de.nw/radnetz/instances/Section_Wuppertal_1229976_829", "name": " (ex-nw:Section_Wuppertal_1229976_829)", "dateprops": [], "properties": {"https://registry.gdi-de.org/up3/ontology/quell-ID": "1229976", "https://registry.gdi-de.org/up3/ontology/steigung": "0.1430936", "https://registry.gdi-de.org/up3/ontology/strecken-ID": "Section_Wuppertal_1229976_829", "http://rdfs.org/ns/void#inDataset.value": "4635"}, "geometry": {"type": "LineString", "coordinates": [[7.1975822081, 51.2742948215, 182.34], [7.1981163469, 51.2746417161, 0.0], [7.198623051, 51.2750570492, 0.0]]}}, {"type": "Feature", "id": "https://registry.gdi-de.org/de.nw/radnetz/instances/Section_Wuppertal_1228708_720_right", "name": " (ex-nw:Section_Wuppertal_1228708_720_right)", "dateprops": [], "properties": {"https://registry.gdi-de.org/up3/ontology/quell-ID": "1228708", "https://registry.gdi-de.org/up3/ontology/steigung": "1.304431", "https://registry.gdi-de.org/up3/ontology/strecken-ID": "Section_Wuppertal_1228708_720_right", "http://rdfs.org/ns/void#inDataset.value": "4635"}, "geometry": {"type": "LineString", "coordinates": [[7.1893554887, 51.2794957214, 194.96], [7.1874821304, 51.2792926606, 196.69]]}}, {"type": "Feature", "id": "https://registry.gdi-de.org/de.nw/radnetz/instances/Section_Wuppertal_1225946_1046_right", "name": " (ex-nw:Section_Wuppertal_1225946_1046_right)", "dateprops": [], "properties": {"https://registry.gdi-de.org/up3/ontology/quell-ID": "1225946", "https://registry.gdi-de.org/up3/ontology/steigung": "1.712875", "https://registry.gdi-de.org/up3/ontology/strecken-ID": "Section_Wuppertal_1225946_1046_right", "http://rdfs.org/ns/void#inDataset.value": "4635"}, "geometry": {"type": "LineString", "coordinates": [[7.1296805123, 51.2760965797, 0.0], [7.1295925875, 51.2762607694, 0.0]]}}, {"type": "Feature", "id": "https://registry.gdi-de.org/de.nw/radnetz/instances/Section_Wuppertal_1343_29_right", "name": " (ex-nw:Section_Wuppertal_1343_29_right)", "dateprops": [], "properties": {"https://registry.gdi-de.org/up3/ontology/quell-ID": "1343", "https://registry.gdi-de.org/up3/ontology/steigung": "0.6436478", "https://registry.gdi-de.org/up3/ontology/strecken-ID": "Section_Wuppertal_1343_29_right", "http://rdfs.org/ns/void#inDataset.value": "4635"}, "geometry": {"type": "LineString", "coordinates": [[7.2562621959, 51.2831706446, 180.74], [7.2573887427, 51.2832620162, 181.25]]}}, {"type": "Feature", "id": "https://registry.gdi-de.org/de.nw/radnetz/instances/Section_Wuppertal_1226798_988", "name": " (ex-nw:Section_Wuppertal_1226798_988)", "dateprops": [], "properties": {"https://registry.gdi-de.org/up3/ontology/quell-ID": "1226798", "https://registry.gdi-de.org/up3/ontology/steigung": "1.54685", "https://registry.gdi-de.org/up3/ontology/strecken-ID": "Section_Wuppertal_1226798_988", "http://rdfs.org/ns/void#inDataset.value": "4635"}, "geometry": {"type": "LineString", "coordinates": [[7.1470496057, 51.2153932463, 0.0], [7.1491567128, 51.2164893496, 0.0], [7.1498666731, 51.2169503293, 0.0]]}}, {"type": "Feature", "id": "https://registry.gdi-de.org/de.nw/radnetz/instances/Section_Wuppertal_1228429_709", "name": " (ex-nw:Section_Wuppertal_1228429_709)", "dateprops": [], "properties": {"https://registry.gdi-de.org/up3/ontology/quell-ID": "1228429", "https://registry.gdi-de.org/up3/ontology/steigung": "6.116545", "https://registry.gdi-de.org/up3/ontology/strecken-ID": "Section_Wuppertal_1228429_709", "http://rdfs.org/ns/void#inDataset.value": "4635"}, "geometry": {"type": "LineString", "coordinates": [[7.1803215784, 51.2678553847, 153.32], [7.1798524109, 51.2677250427, 155.51]]}}, {"type": "Feature", "id": "https://registry.gdi-de.org/de.nw/radnetz/instances/Section_Wuppertal_1229645_923", "name": " (ex-nw:Section_Wuppertal_1229645_923)", "dateprops": [], "properties": {"https://registry.gdi-de.org/up3/ontology/quell-ID": "1229645", "https://registry.gdi-de.org/up3/ontology/steigung": "1.671949", "https://registry.gdi-de.org/up3/ontology/strecken-ID": "Section_Wuppertal_1229645_923", "http://rdfs.org/ns/void#inDataset.value": "4635"}, "geometry": {"type": "LineString", "coordinates": [[7.2490076954, 51.3129753171, 320.28], [7.2489506497, 51.3127523233, 320.7]]}}, {"type": "Feature", "id": "https://registry.gdi-de.org/de.nw/radnetz/instances/Section_Wuppertal_1229690_746_left", "name": " (ex-nw:Section_Wuppertal_1229690_746_left)", "dateprops": [], "properties": {"https://registry.gdi-de.org/up3/ontology/quell-ID": "1229690", "https://registry.gdi-de.org/up3/ontology/steigung": "5.411308", "https://registry.gdi-de.org/up3/ontology/strecken-ID": "Section_Wuppertal_1229690_746_left", "http://rdfs.org/ns/void#inDataset.value": "4635"}, "geometry": {"type": "LineString", "coordinates": [[7.1579758441, 51.2520354057, 190.7], [7.1585325643, 51.2522630857, 193.21]]}}, {"type": "Feature", "id": "https://registry.gdi-de.org/de.nw/radnetz/instances/Section_Wuppertal_12658_273", "name": " (ex-nw:Section_Wuppertal_12658_273)", "dateprops": [], "properties": {"https://registry.gdi-de.org/up3/ontology/quell-ID": "12658", "https://registry.gdi-de.org/up3/ontology/steigung": "0.9484821", "https://registry.gdi-de.org/up3/ontology/strecken-ID": "Section_Wuppertal_12658_273", "http://rdfs.org/ns/void#inDataset.value": "4635"}, "geometry": {"type": "LineString", "coordinates": [[7.2356677776, 51.2733534928, 197.54], [7.2368694539, 51.2735788868, 198.37]]}}, {"type": "Feature", "id": "https://registry.gdi-de.org/de.nw/radnetz/instances/Section_Wuppertal_1226501_586", "name": " (ex-nw:Section_Wuppertal_1226501_586)", "dateprops": [], "properties": {"https://registry.gdi-de.org/up3/ontology/quell-ID": "1226501", "https://registry.gdi-de.org/up3/ontology/steigung": "7.200268", "https://registry.gdi-de.org/up3/ontology/strecken-ID": "Section_Wuppertal_1226501_586", "http://rdfs.org/ns/void#inDataset.value": "4635"}, "geometry": {"type": "LineString", "coordinates": [[7.063805278, 51.2343773917, 203.66], [7.0634729979, 51.234433455, 205.39]]}}, {"type": "Feature", "id": "https://registry.gdi-de.org/de.nw/radnetz/instances/Section_Wuppertal_1226853_640", "name": " (ex-nw:Section_Wuppertal_1226853_640)", "dateprops": [], "properties": {"https://registry.gdi-de.org/up3/ontology/quell-ID": "1226853", "https://registry.gdi-de.org/up3/ontology/steigung": "0.4688764", "https://registry.gdi-de.org/up3/ontology/strecken-ID": "Section_Wuppertal_1226853_640", "http://rdfs.org/ns/void#inDataset.value": "4635"}, "geometry": {"type": "LineString", "coordinates": [[7.2418065863, 51.2809741976, 174.45], [7.2420744472, 51.2810136916, 174.54]]}}, {"type": "Feature", "id": "https://registry.gdi-de.org/de.nw/radnetz/instances/Section_Wuppertal_739_920", "name": " (ex-nw:Section_Wuppertal_739_920)", "dateprops": [], "properties": {"https://registry.gdi-de.org/up3/ontology/quell-ID": "739", "https://registry.gdi-de.org/up3/ontology/steigung": "2.425196", "https://registry.gdi-de.org/up3/ontology/strecken-ID": "Section_Wuppertal_739_920", "http://rdfs.org/ns/void#inDataset.value": "4635"}, "geometry": {"type": "LineString", "coordinates": [[7.2498060894, 51.3146441258, 315.82], [7.2495588027, 51.3142192436, 317.04]]}}, {"type": "Feature", "id": "https://registry.gdi-de.org/de.nw/radnetz/instances/Section_Wuppertal_1226177_544_right", "name": " (ex-nw:Section_Wuppertal_1226177_544_right)", "dateprops": [], "properties": {"https://registry.gdi-de.org/up3/ontology/quell-ID": "1226177", "https://registry.gdi-de.org/up3/ontology/steigung": "3.554044", "https://registry.gdi-de.org/up3/ontology/strecken-ID": "Section_Wuppertal_1226177_544_right", "http://rdfs.org/ns/void#inDataset.value": "4635"}, "geometry": {"type": "LineString", "coordinates": [[7.0597405372, 51.2219667883, 212.4], [7.0598268506, 51.2215587177, 0.0], [7.0600234295, 51.2208917635, 0.0], [7.0601602771, 51.2203601761, 0.0], [7.0601602853, 51.2203595719, 218.84]]}}, {"type": "Feature", "id": "https://registry.gdi-de.org/de.nw/radnetz/instances/Section_Wuppertal_1223066_319", "name": " (ex-nw:Section_Wuppertal_1223066_319)", "dateprops": [], "properties": {"https://registry.gdi-de.org/up3/ontology/quell-ID": "1223066", "https://registry.gdi-de.org/up3/ontology/steigung": "4.076302", "https://registry.gdi-de.org/up3/ontology/strecken-ID": "Section_Wuppertal_1223066_319", "http://rdfs.org/ns/void#inDataset.value": "4635"}, "geometry": {"type": "LineString", "coordinates": [[7.1659073001, 51.268851762, 181.05], [7.1659143029, 51.2689077134, 0.0], [7.1660132811, 51.2689390459, 0.0], [7.1661442839, 51.2689609535, 0.0], [7.1661852728, 51.2689913781, 0.0], [7.1661727547, 51.2690408183, 0.0], [7.1661876484, 51.2690642152, 0.0], [7.1662499872, 51.2690883563, 0.0], [7.1667290586, 51.2691124066, 0.0], [7.1668434199, 51.2691588008, 184.49]]}}, {"type": "Feature", "id": "https://registry.gdi-de.org/de.nw/radnetz/instances/Section_Wuppertal_1226265_549_right", "name": " (ex-nw:Section_Wuppertal_1226265_549_right)", "dateprops": [], "properties": {"https://registry.gdi-de.org/up3/ontology/quell-ID": "1226265", "https://registry.gdi-de.org/up3/ontology/steigung": "1.322767", "https://registry.gdi-de.org/up3/ontology/strecken-ID": "Section_Wuppertal_1226265_549_right", "http://rdfs.org/ns/void#inDataset.value": "4635"}, "geometry": {"type": "LineString", "coordinates": [[7.1035241386, 51.248376912, 144.42], [7.1033242072, 51.2485376254, 144.72]]}}, {"type": "Feature", "id": "https://registry.gdi-de.org/de.nw/radnetz/instances/Section_Wuppertal_1901_902_left", "name": " (ex-nw:Section_Wuppertal_1901_902_left)", "dateprops": [], "properties": {"https://registry.gdi-de.org/up3/ontology/quell-ID": "1901", "https://registry.gdi-de.org/up3/ontology/steigung": "1.221653", "https://registry.gdi-de.org/up3/ontology/strecken-ID": "Section_Wuppertal_1901_902_left", "http://rdfs.org/ns/void#inDataset.value": "4635"}, "geometry": {"type": "LineString", "coordinates": [[7.0533894198, 51.2529250817, 180.25], [7.0564643915, 51.2539670089, 183.23]]}}, {"type": "Feature", "id": "https://registry.gdi-de.org/de.nw/radnetz/instances/Section_Wuppertal_3381_81", "name": " (ex-nw:Section_Wuppertal_3381_81)", "dateprops": [], "properties": {"https://registry.gdi-de.org/up3/ontology/quell-ID": "3381", "https://registry.gdi-de.org/up3/ontology/steigung": "2.94323", "https://registry.gdi-de.org/up3/ontology/strecken-ID": "Section_Wuppertal_3381_81", "http://rdfs.org/ns/void#inDataset.value": "4635"}, "geometry": {"type": "LineString", "coordinates": [[7.0830832228, 51.2328242298, 156.7], [7.0782287765, 51.2316955168, 167.34]]}}, {"type": "Feature", "id": "https://registry.gdi-de.org/de.nw/radnetz/instances/Section_Wuppertal_1228120_696", "name": " (ex-nw:Section_Wuppertal_1228120_696)", "dateprops": [], "properties": {"https://registry.gdi-de.org/up3/ontology/quell-ID": "1228120", "https://registry.gdi-de.org/up3/ontology/steigung": "0.1361184", "https://registry.gdi-de.org/up3/ontology/strecken-ID": "Section_Wuppertal_1228120_696", "http://rdfs.org/ns/void#inDataset.value": "4635"}, "geometry": {"type": "LineString", "coordinates": [[7.1266385095, 51.2503597639, 140.1], [7.128912137, 51.251429422, 140.37]]}}, {"type": "Feature", "id": "https://registry.gdi-de.org/de.nw/radnetz/instances/Section_Wuppertal_1228709_721_right", "name": " (ex-nw:Section_Wuppertal_1228709_721_right)", "dateprops": [], "properties": {"https://registry.gdi-de.org/up3/ontology/quell-ID": "1228709", "https://registry.gdi-de.org/up3/ontology/steigung": "6.35609", "https://registry.gdi-de.org/up3/ontology/strecken-ID": "Section_Wuppertal_1228709_721_right", "http://rdfs.org/ns/void#inDataset.value": "4635"}, "geometry": {"type": "LineString", "coordinates": [[7.1903754181, 51.2795968486, 190.38], [7.1901182021, 51.2795783948, 0.0], [7.1893554887, 51.2794957214, 194.96]]}}, {"type": "Feature", "id": "https://registry.gdi-de.org/de.nw/radnetz/instances/Section_Wuppertal_1224357_1035_right", "name": " (ex-nw:Section_Wuppertal_1224357_1035_right)", "dateprops": [], "properties": {"https://registry.gdi-de.org/up3/ontology/quell-ID": "1224357", "https://registry.gdi-de.org/up3/ontology/steigung": "1.291909", "https://registry.gdi-de.org/up3/ontology/strecken-ID": "Section_Wuppertal_1224357_1035_right", "http://rdfs.org/ns/void#inDataset.value": "4635"}, "geometry": {"type": "LineString", "coordinates": [[7.130190513, 51.2712587526, 0.0], [7.1301929589, 51.2715375379, 0.0], [7.1301921386, 51.2716901964, 0.0]]}}, {"type": "Feature", "id": "https://registry.gdi-de.org/de.nw/radnetz/instances/Section_Wuppertal_1225606_490", "name": " (ex-nw:Section_Wuppertal_1225606_490)", "dateprops": [], "properties": {"https://registry.gdi-de.org/up3/ontology/quell-ID": "1225606", "https://registry.gdi-de.org/up3/ontology/steigung": "0.3317196", "https://registry.gdi-de.org/up3/ontology/strecken-ID": "Section_Wuppertal_1225606_490", "http://rdfs.org/ns/void#inDataset.value": "4635"}, "geometry": {"type": "LineString", "coordinates": [[7.1547066702, 51.2579795458, 145.58], [7.1544472973, 51.2580770375, 145.65]]}}, {"type": "Feature", "id": "https://registry.gdi-de.org/de.nw/radnetz/instances/Section_Wuppertal_1225954_930_right", "name": " (ex-nw:Section_Wuppertal_1225954_930_right)", "dateprops": [], "properties": {"https://registry.gdi-de.org/up3/ontology/quell-ID": "1225954", "https://registry.gdi-de.org/up3/ontology/steigung": "1.638489", "https://registry.gdi-de.org/up3/ontology/strecken-ID": "Section_Wuppertal_1225954_930_right", "http://rdfs.org/ns/void#inDataset.value": "4635"}, "geometry": {"type": "LineString", "coordinates": [[7.249065522, 51.3111552552, 319.68], [7.2490363491, 51.3112355035, 319.83]]}}, {"type": "Feature", "id": "https://registry.gdi-de.org/de.nw/radnetz/instances/Section_Wuppertal_1226052_533_right", "name": " (ex-nw:Section_Wuppertal_1226052_533_right)", "dateprops": [], "properties": {"https://registry.gdi-de.org/up3/ontology/quell-ID": "1226052", "https://registry.gdi-de.org/up3/ontology/steigung": "5.830975", "https://registry.gdi-de.org/up3/ontology/strecken-ID": "Section_Wuppertal_1226052_533_right", "http://rdfs.org/ns/void#inDataset.value": "4635"}, "geometry": {"type": "LineString", "coordinates": [[7.0733676506, 51.2653105308, 188.38], [7.0735654638, 51.2643191906, 0.0], [7.0739365747, 51.2643492224, 0.0], [7.0743018262, 51.2643090601, 0.0], [7.0735888565, 51.2634740754, 0.0], [7.0734227823, 51.2631948136, 0.0], [7.073170172, 51.262742078, 0.0], [7.0726683543, 51.2617250223, 0.0], [7.0727454142, 51.2613605506, 218.37]]}}, {"type": "Feature", "id": "https://registry.gdi-de.org/de.nw/radnetz/instances/Section_Wuppertal_1226801_631_left", "name": " (ex-nw:Section_Wuppertal_1226801_631_left)", "dateprops": [], "properties": {"https://registry.gdi-de.org/up3/ontology/quell-ID": "1226801", "https://registry.gdi-de.org/up3/ontology/steigung": "0.6813114", "https://registry.gdi-de.org/up3/ontology/strecken-ID": "Section_Wuppertal_1226801_631_left", "http://rdfs.org/ns/void#inDataset.value": "4635"}, "geometry": {"type": "LineString", "coordinates": [[7.0852445044, 51.2564898175, 198.15], [7.0845516409, 51.2562716015, 0.0], [7.0844584805, 51.2562373558, 198.57]]}}, {"type": "Feature", "id": "https://registry.gdi-de.org/de.nw/radnetz/instances/Section_Wuppertal_9999907_948", "name": " (ex-nw:Section_Wuppertal_9999907_948)", "dateprops": [], "properties": {"https://registry.gdi-de.org/up3/ontology/quell-ID": "9999907", "https://registry.gdi-de.org/up3/ontology/steigung": "1.04254", "https://registry.gdi-de.org/up3/ontology/strecken-ID": "Section_Wuppertal_9999907_948", "http://rdfs.org/ns/void#inDataset.value": "4635"}, "geometry": {"type": "LineString", "coordinates": [[7.2386387854, 51.2805295877, 0.0], [7.2379867945, 51.2807090426, 0.0], [7.2376014765, 51.2807883776, 0.0], [7.2370770769, 51.2808462783, 0.0]]}}, {"type": "Feature", "id": "https://registry.gdi-de.org/de.nw/radnetz/instances/Section_Wuppertal_12134_258", "name": " (ex-nw:Section_Wuppertal_12134_258)", "dateprops": [], "properties": {"https://registry.gdi-de.org/up3/ontology/quell-ID": "12134", "https://registry.gdi-de.org/up3/ontology/steigung": "0.01976579", "https://registry.gdi-de.org/up3/ontology/strecken-ID": "Section_Wuppertal_12134_258", "http://rdfs.org/ns/void#inDataset.value": "4635"}, "geometry": {"type": "LineString", "coordinates": [[7.1304476739, 51.2521336886, 140.64], [7.1310273353, 51.2524067336, 140.65]]}}, {"type": "Feature", "id": "https://registry.gdi-de.org/de.nw/radnetz/instances/Section_Wuppertal_8001_167", "name": " (ex-nw:Section_Wuppertal_8001_167)", "dateprops": [], "properties": {"https://registry.gdi-de.org/up3/ontology/quell-ID": "8001", "https://registry.gdi-de.org/up3/ontology/steigung": "0.1763903", "https://registry.gdi-de.org/up3/ontology/strecken-ID": "Section_Wuppertal_8001_167", "http://rdfs.org/ns/void#inDataset.value": "4635"}, "geometry": {"type": "LineString", "coordinates": [[7.1934243344, 51.2393618349, 345.04], [7.1942329265, 51.2386759976, 0.0], [7.1949191117, 51.2382972081, 0.0], [7.1958019346, 51.2379334884, 345.45]]}}, {"type": "Feature", "id": "https://registry.gdi-de.org/de.nw/radnetz/instances/Section_Wuppertal_670_16_right", "name": " (ex-nw:Section_Wuppertal_670_16_right)", "dateprops": [], "properties": {"https://registry.gdi-de.org/up3/ontology/quell-ID": "670", "https://registry.gdi-de.org/up3/ontology/steigung": "0.1849566", "https://registry.gdi-de.org/up3/ontology/strecken-ID": "Section_Wuppertal_670_16_right", "http://rdfs.org/ns/void#inDataset.value": "4635"}, "geometry": {"type": "LineString", "coordinates": [[7.0723585824, 51.2515498054, 184.52], [7.0731012133, 51.2527496826, 0.0], [7.0731091648, 51.2529692262, 184.83]]}}, {"type": "Feature", "id": "https://registry.gdi-de.org/de.nw/radnetz/instances/Section_Wuppertal_2758_60_right", "name": " (ex-nw:Section_Wuppertal_2758_60_right)", "dateprops": [], "properties": {"https://registry.gdi-de.org/up3/ontology/quell-ID": "2758", "https://registry.gdi-de.org/up3/ontology/steigung": "3.582129", "https://registry.gdi-de.org/up3/ontology/strecken-ID": "Section_Wuppertal_2758_60_right", "http://rdfs.org/ns/void#inDataset.value": "4635"}, "geometry": {"type": "LineString", "coordinates": [[7.1313641234, 51.2032884148, 281.6], [7.1317831348, 51.2035816255, 283.17]]}}, {"type": "Feature", "id": "https://registry.gdi-de.org/de.nw/radnetz/instances/Section_Wuppertal_1229626_736", "name": " (ex-nw:Section_Wuppertal_1229626_736)", "dateprops": [], "properties": {"https://registry.gdi-de.org/up3/ontology/quell-ID": "1229626", "https://registry.gdi-de.org/up3/ontology/steigung": "3.422665", "https://registry.gdi-de.org/up3/ontology/strecken-ID": "Section_Wuppertal_1229626_736", "http://rdfs.org/ns/void#inDataset.value": "4635"}, "geometry": {"type": "LineString", "coordinates": [[7.2027279985, 51.2766508335, 167.47], [7.2027436109, 51.2767372453, 0.0], [7.2030038306, 51.2772263912, 0.0], [7.203092958, 51.2773976351, 170.45]]}}, {"type": "Feature", "id": "https://registry.gdi-de.org/de.nw/radnetz/instances/Section_Wuppertal_1230034_838", "name": " (ex-nw:Section_Wuppertal_1230034_838)", "dateprops": [], "properties": {"https://registry.gdi-de.org/up3/ontology/quell-ID": "1230034", "https://registry.gdi-de.org/up3/ontology/steigung": "0.5410145", "https://registry.gdi-de.org/up3/ontology/strecken-ID": "Section_Wuppertal_1230034_838", "http://rdfs.org/ns/void#inDataset.value": "4635"}, "geometry": {"type": "LineString", "coordinates": [[7.0672688, 51.2084295244, 0.0], [7.0677201147, 51.2078847372, 0.0], [7.0680618953, 51.2074545645, 0.0], [7.0686809962, 51.2070289705, 0.0], [7.0705747417, 51.205985204, 0.0], [7.0737015959, 51.2042063024, 0.0], [7.0749468593, 51.20318084, 0.0], [7.0752933804, 51.2026345062, 0.0], [7.0754342269, 51.2014746444, 0.0], [7.0750449188, 51.2008290397, 0.0], [7.0742445752, 51.1998516199, 0.01]]}}, {"type": "Feature", "id": "https://registry.gdi-de.org/de.nw/radnetz/instances/Section_Wuppertal_1229712_752", "name": " (ex-nw:Section_Wuppertal_1229712_752)", "dateprops": [], "properties": {"https://registry.gdi-de.org/up3/ontology/quell-ID": "1229712", "https://registry.gdi-de.org/up3/ontology/steigung": "0.4675389", "https://registry.gdi-de.org/up3/ontology/strecken-ID": "Section_Wuppertal_1229712_752", "http://rdfs.org/ns/void#inDataset.value": "4635"}, "geometry": {"type": "LineString", "coordinates": [[7.128912137, 51.251429422, 140.37], [7.1290356725, 51.2514862859, 140.42]]}}, {"type": "Feature", "id": "https://registry.gdi-de.org/de.nw/radnetz/instances/Section_Wuppertal_1226803_633", "name": " (ex-nw:Section_Wuppertal_1226803_633)", "dateprops": [], "properties": {"https://registry.gdi-de.org/up3/ontology/quell-ID": "1226803", "https://registry.gdi-de.org/up3/ontology/steigung": "0.7857452", "https://registry.gdi-de.org/up3/ontology/strecken-ID": "Section_Wuppertal_1226803_633", "http://rdfs.org/ns/void#inDataset.value": "4635"}, "geometry": {"type": "LineString", "coordinates": [[7.217862624, 51.2751316471, 159.87], [7.2191342419, 51.2752046148, 160.57]]}}, {"type": "Feature", "id": "https://registry.gdi-de.org/de.nw/radnetz/instances/Section_Wuppertal_1225750_501_right", "name": " (ex-nw:Section_Wuppertal_1225750_501_right)", "dateprops": [], "properties": {"https://registry.gdi-de.org/up3/ontology/quell-ID": "1225750", "https://registry.gdi-de.org/up3/ontology/steigung": "2.774425", "https://registry.gdi-de.org/up3/ontology/strecken-ID": "Section_Wuppertal_1225750_501_right", "http://rdfs.org/ns/void#inDataset.value": "4635"}, "geometry": {"type": "LineString", "coordinates": [[7.1905694435, 51.2251998192, 314.33], [7.1905706165, 51.2249600269, 315.07]]}}, {"type": "Feature", "id": "https://registry.gdi-de.org/de.nw/radnetz/instances/Section_Wuppertal_1223079_326", "name": " (ex-nw:Section_Wuppertal_1223079_326)", "dateprops": [], "properties": {"https://registry.gdi-de.org/up3/ontology/quell-ID": "1223079", "https://registry.gdi-de.org/up3/ontology/steigung": "2.214957", "https://registry.gdi-de.org/up3/ontology/strecken-ID": "Section_Wuppertal_1223079_326", "http://rdfs.org/ns/void#inDataset.value": "4635"}, "geometry": {"type": "LineString", "coordinates": [[7.1960252855, 51.2734527994, 182.2], [7.1961385751, 51.273364106, 182.48]]}}, {"type": "Feature", "id": "https://registry.gdi-de.org/de.nw/radnetz/instances/Section_Wuppertal_1228165_1062_right", "name": " (ex-nw:Section_Wuppertal_1228165_1062_right)", "dateprops": [], "properties": {"https://registry.gdi-de.org/up3/ontology/quell-ID": "1228165", "https://registry.gdi-de.org/up3/ontology/steigung": "2.646582", "https://registry.gdi-de.org/up3/ontology/strecken-ID": "Section_Wuppertal_1228165_1062_right", "http://rdfs.org/ns/void#inDataset.value": "4635"}, "geometry": {"type": "LineString", "coordinates": [[7.1707955164, 51.2812866456, 0.0], [7.1712871606, 51.28149445, 0.0], [7.1717576171, 51.2816920893, 0.0]]}}, {"type": "Feature", "id": "https://registry.gdi-de.org/de.nw/radnetz/instances/Section_Wuppertal_1224049_401_right", "name": " (ex-nw:Section_Wuppertal_1224049_401_right)", "dateprops": [], "properties": {"https://registry.gdi-de.org/up3/ontology/quell-ID": "1224049", "https://registry.gdi-de.org/up3/ontology/steigung": "3.363595", "https://registry.gdi-de.org/up3/ontology/strecken-ID": "Section_Wuppertal_1224049_401_right", "http://rdfs.org/ns/void#inDataset.value": "4635"}, "geometry": {"type": "LineString", "coordinates": [[7.1317831348, 51.2035816255, 283.17], [7.1320843805, 51.2038305838, 284.34]]}}, {"type": "Feature", "id": "https://registry.gdi-de.org/de.nw/radnetz/instances/Section_Wuppertal_1230107_1103", "name": " (ex-nw:Section_Wuppertal_1230107_1103)", "dateprops": [], "properties": {"https://registry.gdi-de.org/up3/ontology/quell-ID": "1230107", "https://registry.gdi-de.org/up3/ontology/steigung": "0.0", "https://registry.gdi-de.org/up3/ontology/strecken-ID": "Section_Wuppertal_1230107_1103", "http://rdfs.org/ns/void#inDataset.value": "4635"}, "geometry": {"type": "LineString", "coordinates": [[7.2165072038, 51.2776249111, 0.0], [7.2171814009, 51.2776821549, 0.0], [7.2180526055, 51.2778013119, 0.0], [7.2188768696, 51.2779065112, 0.0], [7.2189461136, 51.2779154697, 0.0]]}}, {"type": "Feature", "id": "https://registry.gdi-de.org/de.nw/radnetz/instances/Section_Wuppertal_1229872_792", "name": " (ex-nw:Section_Wuppertal_1229872_792)", "dateprops": [], "properties": {"https://registry.gdi-de.org/up3/ontology/quell-ID": "1229872", "https://registry.gdi-de.org/up3/ontology/steigung": "0.4598793", "https://registry.gdi-de.org/up3/ontology/strecken-ID": "Section_Wuppertal_1229872_792", "http://rdfs.org/ns/void#inDataset.value": "4635"}, "geometry": {"type": "LineString", "coordinates": [[7.1265961864, 51.1754623386, 127.01], [7.1270557169, 51.1753608335, 0.0], [7.127705386, 51.1751575371, 0.0], [7.1282072896, 51.1749599374, 0.0], [7.1285343232, 51.1748038887, 0.0], [7.1295713662, 51.1740624553, 0.0], [7.1298040331, 51.1738605418, 0.0], [7.1299257708, 51.1737052396, 0.0], [7.1300562009, 51.1734936266, 0.0], [7.1301848352, 51.1733263376, 0.0], [7.1304040236, 51.1731403359, 0.0], [7.130596917, 51.1729700411, 128.88]]}}, {"type": "Feature", "id": "https://registry.gdi-de.org/de.nw/radnetz/instances/Section_Wuppertal_1230108_871", "name": " (ex-nw:Section_Wuppertal_1230108_871)", "dateprops": [], "properties": {"https://registry.gdi-de.org/up3/ontology/quell-ID": "1230108", "https://registry.gdi-de.org/up3/ontology/steigung": "7.06496", "https://registry.gdi-de.org/up3/ontology/strecken-ID": "Section_Wuppertal_1230108_871", "http://rdfs.org/ns/void#inDataset.value": "4635"}, "geometry": {"type": "LineString", "coordinates": [[7.2080421997, 51.2786473154, 187.46], [7.2077751429, 51.2786760225, 187.3691], [7.2074822734, 51.2786791245, 187.2938], [7.207190301, 51.2786352842, 187.2332], [7.2068645786, 51.2785740669, 187.1626], [7.2067981923, 51.278515401, 187.05]]}}, {"type": "Feature", "id": "https://registry.gdi-de.org/de.nw/radnetz/instances/Section_Wuppertal_3061_71", "name": " (ex-nw:Section_Wuppertal_3061_71)", "dateprops": [], "properties": {"https://registry.gdi-de.org/up3/ontology/quell-ID": "3061", "https://registry.gdi-de.org/up3/ontology/steigung": "0.9339362", "https://registry.gdi-de.org/up3/ontology/strecken-ID": "Section_Wuppertal_3061_71", "http://rdfs.org/ns/void#inDataset.value": "4635"}, "geometry": {"type": "LineString", "coordinates": [[7.2111047932, 51.2742134322, 157.1], [7.2114240781, 51.2742409595, 157.31]]}}, {"type": "Feature", "id": "https://registry.gdi-de.org/de.nw/radnetz/instances/Section_Wuppertal_1223533_374_left", "name": " (ex-nw:Section_Wuppertal_1223533_374_left)", "dateprops": [], "properties": {"https://registry.gdi-de.org/up3/ontology/quell-ID": "1223533", "https://registry.gdi-de.org/up3/ontology/steigung": "5.014353", "https://registry.gdi-de.org/up3/ontology/strecken-ID": "Section_Wuppertal_1223533_374_left", "http://rdfs.org/ns/void#inDataset.value": "4635"}, "geometry": {"type": "LineString", "coordinates": [[7.1566904685, 51.2514801741, 185.11], [7.1571093655, 51.2516611238, 186.89]]}}, {"type": "Feature", "id": "https://registry.gdi-de.org/de.nw/radnetz/instances/Section_Wuppertal_1224869_437", "name": " (ex-nw:Section_Wuppertal_1224869_437)", "dateprops": [], "properties": {"https://registry.gdi-de.org/up3/ontology/quell-ID": "1224869", "https://registry.gdi-de.org/up3/ontology/steigung": "1.733119", "https://registry.gdi-de.org/up3/ontology/strecken-ID": "Section_Wuppertal_1224869_437", "http://rdfs.org/ns/void#inDataset.value": "4635"}, "geometry": {"type": "LineString", "coordinates": [[7.1391970801, 51.2543500209, 142.24], [7.1398996422, 51.2545217955, 0.0], [7.1404053458, 51.2545667887, 143.77]]}}, {"type": "Feature", "id": "https://registry.gdi-de.org/de.nw/radnetz/instances/Section_Wuppertal_1226470_584_left", "name": " (ex-nw:Section_Wuppertal_1226470_584_left)", "dateprops": [], "properties": {"https://registry.gdi-de.org/up3/ontology/quell-ID": "1226470", "https://registry.gdi-de.org/up3/ontology/steigung": "0.01577731", "https://registry.gdi-de.org/up3/ontology/strecken-ID": "Section_Wuppertal_1226470_584_left", "http://rdfs.org/ns/void#inDataset.value": "4635"}, "geometry": {"type": "LineString", "coordinates": [[7.1372229664, 51.2091817274, 301.4], [7.1345022733, 51.207673567, 301.44]]}}, {"type": "Feature", "id": "https://registry.gdi-de.org/de.nw/radnetz/instances/Section_Wuppertal_3930_1080", "name": " (ex-nw:Section_Wuppertal_3930_1080)", "dateprops": [], "properties": {"https://registry.gdi-de.org/up3/ontology/quell-ID": "3930", "https://registry.gdi-de.org/up3/ontology/steigung": "0.02827132", "https://registry.gdi-de.org/up3/ontology/strecken-ID": "Section_Wuppertal_3930_1080", "http://rdfs.org/ns/void#inDataset.value": "4635"}, "geometry": {"type": "LineString", "coordinates": [[7.1459628353, 51.2625645254, 0.0], [7.1462257534, 51.2625933205, 0.0], [7.1462128755, 51.2627436522, 0.0]]}}, {"type": "Feature", "id": "https://registry.gdi-de.org/de.nw/radnetz/instances/Section_Wuppertal_1226066_892_right", "name": " (ex-nw:Section_Wuppertal_1226066_892_right)", "dateprops": [], "properties": {"https://registry.gdi-de.org/up3/ontology/quell-ID": "1226066", "https://registry.gdi-de.org/up3/ontology/steigung": "5.541268", "https://registry.gdi-de.org/up3/ontology/strecken-ID": "Section_Wuppertal_1226066_892_right", "http://rdfs.org/ns/void#inDataset.value": "4635"}, "geometry": {"type": "LineString", "coordinates": [[7.1232247589, 51.2777873723, 249.17], [7.1235045212, 51.2780208144, 250.97]]}}, {"type": "Feature", "id": "https://registry.gdi-de.org/de.nw/radnetz/instances/Section_Wuppertal_4039_97_left", "name": " (ex-nw:Section_Wuppertal_4039_97_left)", "dateprops": [], "properties": {"https://registry.gdi-de.org/up3/ontology/quell-ID": "4039", "https://registry.gdi-de.org/up3/ontology/steigung": "4.388512", "https://registry.gdi-de.org/up3/ontology/strecken-ID": "Section_Wuppertal_4039_97_left", "http://rdfs.org/ns/void#inDataset.value": "4635"}, "geometry": {"type": "LineString", "coordinates": [[7.1614598955, 51.2493310092, 226.22], [7.1629501001, 51.2482195136, 0.0], [7.1634301937, 51.2473787298, 0.0], [7.1635418934, 51.2461281169, 0.0], [7.1637822984, 51.2455863698, 246.53]]}}, {"type": "Feature", "id": "https://registry.gdi-de.org/de.nw/radnetz/instances/Section_Wuppertal_5101_114_left", "name": " (ex-nw:Section_Wuppertal_5101_114_left)", "dateprops": [], "properties": {"https://registry.gdi-de.org/up3/ontology/quell-ID": "5101", "https://registry.gdi-de.org/up3/ontology/steigung": "2.662476", "https://registry.gdi-de.org/up3/ontology/strecken-ID": "Section_Wuppertal_5101_114_left", "http://rdfs.org/ns/void#inDataset.value": "4635"}, "geometry": {"type": "LineString", "coordinates": [[7.0705410703, 51.2423378884, 206.74], [7.0704123925, 51.2417014384, 208.64]]}}, {"type": "Feature", "id": "https://registry.gdi-de.org/de.nw/radnetz/instances/Section_Wuppertal_1226161_541_right", "name": " (ex-nw:Section_Wuppertal_1226161_541_right)", "dateprops": [], "properties": {"https://registry.gdi-de.org/up3/ontology/quell-ID": "1226161", "https://registry.gdi-de.org/up3/ontology/steigung": "1.817486", "https://registry.gdi-de.org/up3/ontology/strecken-ID": "Section_Wuppertal_1226161_541_right", "http://rdfs.org/ns/void#inDataset.value": "4635"}, "geometry": {"type": "LineString", "coordinates": [[7.0600576615, 51.2340446512, 209.46], [7.0599112306, 51.2343268425, 210.06]]}}, {"type": "Feature", "id": "https://registry.gdi-de.org/de.nw/radnetz/instances/Section_Wuppertal_1223116_337", "name": " (ex-nw:Section_Wuppertal_1223116_337)", "dateprops": [], "properties": {"https://registry.gdi-de.org/up3/ontology/quell-ID": "1223116", "https://registry.gdi-de.org/up3/ontology/steigung": "0.236863", "https://registry.gdi-de.org/up3/ontology/strecken-ID": "Section_Wuppertal_1223116_337", "http://rdfs.org/ns/void#inDataset.value": "4635"}, "geometry": {"type": "LineString", "coordinates": [[7.2207314702, 51.2782457708, 188.38], [7.2209430374, 51.2782545766, 0.0], [7.2212115195, 51.2783041561, 0.0], [7.2219639687, 51.2786299514, 0.0], [7.2222847532, 51.2788623224, 0.0], [7.2226044239, 51.2791236314, 0.0], [7.2226743721, 51.279172137, 0.0], [7.2226869142, 51.2791783806, 188.8]]}}, {"type": "Feature", "id": "https://registry.gdi-de.org/de.nw/radnetz/instances/Section_Wuppertal_1226383_940_right", "name": " (ex-nw:Section_Wuppertal_1226383_940_right)", "dateprops": [], "properties": {"https://registry.gdi-de.org/up3/ontology/quell-ID": "1226383", "https://registry.gdi-de.org/up3/ontology/steigung": "4.185648", "https://registry.gdi-de.org/up3/ontology/strecken-ID": "Section_Wuppertal_1226383_940_right", "http://rdfs.org/ns/void#inDataset.value": "4635"}, "geometry": {"type": "LineString", "coordinates": [[7.2480139148, 51.298400124, 245.45], [7.2483926368, 51.2986753618, 0.0], [7.2498997021, 51.2995479706, 253.13]]}}, {"type": "Feature", "id": "https://registry.gdi-de.org/de.nw/radnetz/instances/Section_Wuppertal_1224374_416_left", "name": " (ex-nw:Section_Wuppertal_1224374_416_left)", "dateprops": [], "properties": {"https://registry.gdi-de.org/up3/ontology/quell-ID": "1224374", "https://registry.gdi-de.org/up3/ontology/steigung": "0.7325126", "https://registry.gdi-de.org/up3/ontology/strecken-ID": "Section_Wuppertal_1224374_416_left", "http://rdfs.org/ns/void#inDataset.value": "4635"}, "geometry": {"type": "LineString", "coordinates": [[7.2335973204, 51.2678640178, 164.13], [7.2339771387, 51.2674151041, 0.0], [7.2340635472, 51.2672549887, 0.0], [7.2341117671, 51.267023094, 0.0], [7.2341186189, 51.2668296687, 165.03]]}}, {"type": "Feature", "id": "https://registry.gdi-de.org/de.nw/radnetz/instances/Section_Wuppertal_1229892_802", "name": " (ex-nw:Section_Wuppertal_1229892_802)", "dateprops": [], "properties": {"https://registry.gdi-de.org/up3/ontology/quell-ID": "1229892", "https://registry.gdi-de.org/up3/ontology/steigung": "1.448417", "https://registry.gdi-de.org/up3/ontology/strecken-ID": "Section_Wuppertal_1229892_802", "http://rdfs.org/ns/void#inDataset.value": "4635"}, "geometry": {"type": "LineString", "coordinates": [[7.0415622667, 51.2137757628, 197.05], [7.0415368917, 51.21340487, 0.0], [7.0415374135, 51.2130817253, 0.0], [7.0416757372, 51.2126200254, 0.0], [7.0419413212, 51.2122681727, 0.0], [7.0422712391, 51.2119837216, 200.12]]}}, {"type": "Feature", "id": "https://registry.gdi-de.org/de.nw/radnetz/instances/Section_Wuppertal_6342_134", "name": " (ex-nw:Section_Wuppertal_6342_134)", "dateprops": [], "properties": {"https://registry.gdi-de.org/up3/ontology/quell-ID": "6342", "https://registry.gdi-de.org/up3/ontology/steigung": "0.9752054", "https://registry.gdi-de.org/up3/ontology/strecken-ID": "Section_Wuppertal_6342_134", "http://rdfs.org/ns/void#inDataset.value": "4635"}, "geometry": {"type": "LineString", "coordinates": [[7.0908660642, 51.2561587021, 200.26], [7.088455946, 51.2566035858, 201.97]]}}, {"type": "Feature", "id": "https://registry.gdi-de.org/de.nw/radnetz/instances/Section_Wuppertal_1226336_562", "name": " (ex-nw:Section_Wuppertal_1226336_562)", "dateprops": [], "properties": {"https://registry.gdi-de.org/up3/ontology/quell-ID": "1226336", "https://registry.gdi-de.org/up3/ontology/steigung": "0.2625751", "https://registry.gdi-de.org/up3/ontology/strecken-ID": "Section_Wuppertal_1226336_562", "http://rdfs.org/ns/void#inDataset.value": "4635"}, "geometry": {"type": "LineString", "coordinates": [[7.2354328897, 51.2311174856, 299.81], [7.235401169, 51.2309887428, 0.0], [7.2353549208, 51.2308132463, 299.9]]}}, {"type": "Feature", "id": "https://registry.gdi-de.org/de.nw/radnetz/instances/Section_Wuppertal_12072_252_left", "name": " (ex-nw:Section_Wuppertal_12072_252_left)", "dateprops": [], "properties": {"https://registry.gdi-de.org/up3/ontology/quell-ID": "12072", "https://registry.gdi-de.org/up3/ontology/steigung": "5.696281", "https://registry.gdi-de.org/up3/ontology/strecken-ID": "Section_Wuppertal_12072_252_left", "http://rdfs.org/ns/void#inDataset.value": "4635"}, "geometry": {"type": "LineString", "coordinates": [[7.1606347483, 51.2510557035, 214.75], [7.1609217347, 51.2507117245, 0.0], [7.1611254495, 51.2502692172, 0.0], [7.1611956778, 51.2500721018, 0.0], [7.1614598955, 51.2493310092, 226.22]]}}, {"type": "Feature", "id": "https://registry.gdi-de.org/de.nw/radnetz/instances/Section_Wuppertal_1761_35_right", "name": " (ex-nw:Section_Wuppertal_1761_35_right)", "dateprops": [], "properties": {"https://registry.gdi-de.org/up3/ontology/quell-ID": "1761", "https://registry.gdi-de.org/up3/ontology/steigung": "1.643402", "https://registry.gdi-de.org/up3/ontology/strecken-ID": "Section_Wuppertal_1761_35_right", "http://rdfs.org/ns/void#inDataset.value": "4635"}, "geometry": {"type": "LineString", "coordinates": [[7.0701059114, 51.2401175017, 207.28], [7.0702095686, 51.2407542266, 208.45]]}}, {"type": "Feature", "id": "https://registry.gdi-de.org/de.nw/radnetz/instances/Section_Wuppertal_1225724_499_left", "name": " (ex-nw:Section_Wuppertal_1225724_499_left)", "dateprops": [], "properties": {"https://registry.gdi-de.org/up3/ontology/quell-ID": "1225724", "https://registry.gdi-de.org/up3/ontology/steigung": "6.20441", "https://registry.gdi-de.org/up3/ontology/strecken-ID": "Section_Wuppertal_1225724_499_left", "http://rdfs.org/ns/void#inDataset.value": "4635"}, "geometry": {"type": "LineString", "coordinates": [[7.1325283639, 51.306250657, 244.91], [7.1330530362, 51.3064544325, 247.58]]}}, {"type": "Feature", "id": "https://registry.gdi-de.org/de.nw/radnetz/instances/Section_Wuppertal_5698_888_right", "name": " (ex-nw:Section_Wuppertal_5698_888_right)", "dateprops": [], "properties": {"https://registry.gdi-de.org/up3/ontology/quell-ID": "5698", "https://registry.gdi-de.org/up3/ontology/steigung": "5.745101", "https://registry.gdi-de.org/up3/ontology/strecken-ID": "Section_Wuppertal_5698_888_right", "http://rdfs.org/ns/void#inDataset.value": "4635"}, "geometry": {"type": "LineString", "coordinates": [[7.1220850153, 51.2754029376, 233.32], [7.1220969977, 51.2756481213, 0.0], [7.1226371543, 51.2772338925, 245.25]]}}, {"type": "Feature", "id": "https://registry.gdi-de.org/de.nw/radnetz/instances/Section_Wuppertal_1226341_959_left", "name": " (ex-nw:Section_Wuppertal_1226341_959_left)", "dateprops": [], "properties": {"https://registry.gdi-de.org/up3/ontology/quell-ID": "1226341", "https://registry.gdi-de.org/up3/ontology/steigung": "2.976872", "https://registry.gdi-de.org/up3/ontology/strecken-ID": "Section_Wuppertal_1226341_959_left", "http://rdfs.org/ns/void#inDataset.value": "4635"}, "geometry": {"type": "LineString", "coordinates": [[7.1472121508, 51.2650045948, 0.0], [7.1472919336, 51.2653072788, 0.0], [7.1477419632, 51.2664296225, 0.0], [7.1477672073, 51.266492579, 0.0], [7.1478673466, 51.2667343255, 0.0]]}}, {"type": "Feature", "id": "https://registry.gdi-de.org/de.nw/radnetz/instances/Section_Wuppertal_1228556_715_left", "name": " (ex-nw:Section_Wuppertal_1228556_715_left)", "dateprops": [], "properties": {"https://registry.gdi-de.org/up3/ontology/quell-ID": "1228556", "https://registry.gdi-de.org/up3/ontology/steigung": "0.2323611", "https://registry.gdi-de.org/up3/ontology/strecken-ID": "Section_Wuppertal_1228556_715_left", "http://rdfs.org/ns/void#inDataset.value": "4635"}, "geometry": {"type": "LineString", "coordinates": [[7.1872476793, 51.2669752626, 152.13], [7.1858106915, 51.2667656621, 0.0], [7.185621423, 51.266743849, 0.0], [7.1854434538, 51.2667490686, 0.0], [7.1849467888, 51.2667692999, 152.51]]}}, {"type": "Feature", "id": "https://registry.gdi-de.org/de.nw/radnetz/instances/Section_Wuppertal_1223723_383_left", "name": " (ex-nw:Section_Wuppertal_1223723_383_left)", "dateprops": [], "properties": {"https://registry.gdi-de.org/up3/ontology/quell-ID": "1223723", "https://registry.gdi-de.org/up3/ontology/steigung": "2.123605", "https://registry.gdi-de.org/up3/ontology/strecken-ID": "Section_Wuppertal_1223723_383_left", "http://rdfs.org/ns/void#inDataset.value": "4635"}, "geometry": {"type": "LineString", "coordinates": [[7.054256141, 51.2338748586, 204.77], [7.0547814896, 51.2339042621, 0.0], [7.055167394, 51.2339611437, 206.14]]}}, {"type": "Feature", "id": "https://registry.gdi-de.org/de.nw/radnetz/instances/Section_Wuppertal_1230036_840", "name": " (ex-nw:Section_Wuppertal_1230036_840)", "dateprops": [], "properties": {"https://registry.gdi-de.org/up3/ontology/quell-ID": "1230036", "https://registry.gdi-de.org/up3/ontology/steigung": "6.339017", "https://registry.gdi-de.org/up3/ontology/strecken-ID": "Section_Wuppertal_1230036_840", "http://rdfs.org/ns/void#inDataset.value": "4635"}, "geometry": {"type": "LineString", "coordinates": [[7.0494561104, 51.2088309754, 0.0], [7.051329871, 51.2102149175, 222.45]]}}, {"type": "Feature", "id": "https://registry.gdi-de.org/de.nw/radnetz/instances/Section_Wuppertal_1223529_1093", "name": " (ex-nw:Section_Wuppertal_1223529_1093)", "dateprops": [], "properties": {"https://registry.gdi-de.org/up3/ontology/quell-ID": "1223529", "https://registry.gdi-de.org/up3/ontology/steigung": "0.8095367", "https://registry.gdi-de.org/up3/ontology/strecken-ID": "Section_Wuppertal_1223529_1093", "http://rdfs.org/ns/void#inDataset.value": "4635"}, "geometry": {"type": "LineString", "coordinates": [[7.1505748078, 51.2315055146, 0.0], [7.1501194186, 51.2308065563, 0.0]]}}, {"type": "Feature", "id": "https://registry.gdi-de.org/de.nw/radnetz/instances/Section_Wuppertal_1225561_486_right", "name": " (ex-nw:Section_Wuppertal_1225561_486_right)", "dateprops": [], "properties": {"https://registry.gdi-de.org/up3/ontology/quell-ID": "1225561", "https://registry.gdi-de.org/up3/ontology/steigung": "1.425001", "https://registry.gdi-de.org/up3/ontology/strecken-ID": "Section_Wuppertal_1225561_486_right", "http://rdfs.org/ns/void#inDataset.value": "4635"}, "geometry": {"type": "LineString", "coordinates": [[7.1810193724, 51.2898731345, 279.13], [7.1814081676, 51.289941121, 0.0], [7.1816463133, 51.2900215616, 279.8]]}}, {"type": "Feature", "id": "https://registry.gdi-de.org/de.nw/radnetz/instances/Section_Wuppertal_1225723_498_left", "name": " (ex-nw:Section_Wuppertal_1225723_498_left)", "dateprops": [], "properties": {"https://registry.gdi-de.org/up3/ontology/quell-ID": "1225723", "https://registry.gdi-de.org/up3/ontology/steigung": "6.042022", "https://registry.gdi-de.org/up3/ontology/strecken-ID": "Section_Wuppertal_1225723_498_left", "http://rdfs.org/ns/void#inDataset.value": "4635"}, "geometry": {"type": "LineString", "coordinates": [[7.1330530362, 51.3064544325, 247.58], [7.1337546108, 51.3067269089, 0.0], [7.1340117991, 51.3066884711, 0.0], [7.1342867492, 51.3061824571, 0.0], [7.136126447, 51.3057602652, 0.0], [7.1370750798, 51.3058768417, 0.0], [7.1373129327, 51.3059069714, 0.0], [7.1391184689, 51.3061357228, 0.0], [7.140371739, 51.3063752047, 0.0], [7.1419514666, 51.3058925412, 0.0], [7.1441960822, 51.305627971, 0.0], [7.1452452349, 51.3054199351, 304.05]]}}, {"type": "Feature", "id": "https://registry.gdi-de.org/de.nw/radnetz/instances/Section_Wuppertal_32_1_left", "name": " (ex-nw:Section_Wuppertal_32_1_left)", "dateprops": [], "properties": {"https://registry.gdi-de.org/up3/ontology/quell-ID": "32", "https://registry.gdi-de.org/up3/ontology/steigung": "3.148105", "https://registry.gdi-de.org/up3/ontology/strecken-ID": "Section_Wuppertal_32_1_left", "http://rdfs.org/ns/void#inDataset.value": "4635"}, "geometry": {"type": "LineString", "coordinates": [[7.0723585824, 51.2515498054, 184.52], [7.072035535, 51.2510097473, 186.54]]}}, {"type": "Feature", "id": "https://registry.gdi-de.org/de.nw/radnetz/instances/Section_Wuppertal_1225789_505_left", "name": " (ex-nw:Section_Wuppertal_1225789_505_left)", "dateprops": [], "properties": {"https://registry.gdi-de.org/up3/ontology/quell-ID": "1225789", "https://registry.gdi-de.org/up3/ontology/steigung": "0.3166439", "https://registry.gdi-de.org/up3/ontology/strecken-ID": "Section_Wuppertal_1225789_505_left", "http://rdfs.org/ns/void#inDataset.value": "4635"}, "geometry": {"type": "LineString", "coordinates": [[7.2340490174, 51.2607345285, 168.18], [7.2343954687, 51.2611777614, 0.0], [7.2355819375, 51.2621450011, 0.0], [7.2360246407, 51.2626256943, 0.0], [7.236263374, 51.2629652973, 169.11]]}}, {"type": "Feature", "id": "https://registry.gdi-de.org/de.nw/radnetz/instances/Section_Wuppertal_1225357_1086_left", "name": " (ex-nw:Section_Wuppertal_1225357_1086_left)", "dateprops": [], "properties": {"https://registry.gdi-de.org/up3/ontology/quell-ID": "1225357", "https://registry.gdi-de.org/up3/ontology/steigung": "0.9800587", "https://registry.gdi-de.org/up3/ontology/strecken-ID": "Section_Wuppertal_1225357_1086_left", "http://rdfs.org/ns/void#inDataset.value": "4635"}, "geometry": {"type": "LineString", "coordinates": [[7.1463233689, 51.2608535653, 0.0], [7.1462976295, 51.2610178908, 0.0]]}}, {"type": "Feature", "id": "https://registry.gdi-de.org/de.nw/radnetz/instances/Section_Wuppertal_5206_1010", "name": " (ex-nw:Section_Wuppertal_5206_1010)", "dateprops": [], "properties": {"https://registry.gdi-de.org/up3/ontology/quell-ID": "5206", "https://registry.gdi-de.org/up3/ontology/steigung": "3.827323", "https://registry.gdi-de.org/up3/ontology/strecken-ID": "Section_Wuppertal_5206_1010", "http://rdfs.org/ns/void#inDataset.value": "4635"}, "geometry": {"type": "LineString", "coordinates": [[7.2006850869, 51.2293056191, 0.0], [7.1996077958, 51.230824257, 0.0], [7.1995451137, 51.2311664826, 0.0], [7.199696654, 51.2314885423, 0.0], [7.200132838, 51.2317447571, 0.0], [7.2007077322, 51.2318287469, 0.0], [7.2015949435, 51.2318106553, 0.0]]}}, {"type": "Feature", "id": "https://registry.gdi-de.org/de.nw/radnetz/instances/Section_Wuppertal_5591_122", "name": " (ex-nw:Section_Wuppertal_5591_122)", "dateprops": [], "properties": {"https://registry.gdi-de.org/up3/ontology/quell-ID": "5591", "https://registry.gdi-de.org/up3/ontology/steigung": "2.942844", "https://registry.gdi-de.org/up3/ontology/strecken-ID": "Section_Wuppertal_5591_122", "http://rdfs.org/ns/void#inDataset.value": "4635"}, "geometry": {"type": "LineString", "coordinates": [[7.1785672138, 51.2663378048, 157.67], [7.1788414618, 51.2669938228, 159.89]]}}, {"type": "Feature", "id": "https://registry.gdi-de.org/de.nw/radnetz/instances/Section_Wuppertal_60_3_left", "name": " (ex-nw:Section_Wuppertal_60_3_left)", "dateprops": [], "properties": {"https://registry.gdi-de.org/up3/ontology/quell-ID": "60", "https://registry.gdi-de.org/up3/ontology/steigung": "3.49789", "https://registry.gdi-de.org/up3/ontology/strecken-ID": "Section_Wuppertal_60_3_left", "http://rdfs.org/ns/void#inDataset.value": "4635"}, "geometry": {"type": "LineString", "coordinates": [[7.1438149385, 51.2585842286, 146.34], [7.1444870453, 51.2589169536, 148.43]]}}, {"type": "Feature", "id": "https://registry.gdi-de.org/de.nw/radnetz/instances/Section_Wuppertal_1230068_847", "name": " (ex-nw:Section_Wuppertal_1230068_847)", "dateprops": [], "properties": {"https://registry.gdi-de.org/up3/ontology/quell-ID": "1230068", "https://registry.gdi-de.org/up3/ontology/steigung": "2.05649", "https://registry.gdi-de.org/up3/ontology/strecken-ID": "Section_Wuppertal_1230068_847", "http://rdfs.org/ns/void#inDataset.value": "4635"}, "geometry": {"type": "LineString", "coordinates": [[7.0507381282, 51.2868596429, 0.0], [7.0506130816, 51.2878156224, 0.0], [7.0539653474, 51.2879803553, 0.0], [7.055051213, 51.2883252626, 0.0], [7.0561187011, 51.2891056675, 0.0], [7.0565618098, 51.2895851552, 0.0], [7.0566377236, 51.2905306764, 0.0], [7.0560800069, 51.2913930407, 0.0], [7.0547836014, 51.2919162708, 0.0], [7.0519729951, 51.2926322044, 0.0], [7.0510832309, 51.2931258422, 0.0], [7.0506303849, 51.2942441514, 0.0], [7.0505309869, 51.2952230742, 0.0], [7.0514172073, 51.2961820902, 0.0], [7.0528382863, 51.2968231373, 0.0], [7.0587364924, 51.2984464383, 0.0], [7.0597570971, 51.2989718055, 0.0], [7.0637966004, 51.3022607622, 0.0]]}}, {"type": "Feature", "id": "https://registry.gdi-de.org/de.nw/radnetz/instances/Section_Wuppertal_1223751_387_left", "name": " (ex-nw:Section_Wuppertal_1223751_387_left)", "dateprops": [], "properties": {"https://registry.gdi-de.org/up3/ontology/quell-ID": "1223751", "https://registry.gdi-de.org/up3/ontology/steigung": "1.523432", "https://registry.gdi-de.org/up3/ontology/strecken-ID": "Section_Wuppertal_1223751_387_left", "http://rdfs.org/ns/void#inDataset.value": "4635"}, "geometry": {"type": "LineString", "coordinates": [[7.0876053572, 51.2361008896, 137.39], [7.0858930198, 51.2354049473, 139.56]]}}, {"type": "Feature", "id": "https://registry.gdi-de.org/de.nw/radnetz/instances/Section_Wuppertal_7279_149", "name": " (ex-nw:Section_Wuppertal_7279_149)", "dateprops": [], "properties": {"https://registry.gdi-de.org/up3/ontology/quell-ID": "7279", "https://registry.gdi-de.org/up3/ontology/steigung": "0.2657639", "https://registry.gdi-de.org/up3/ontology/strecken-ID": "Section_Wuppertal_7279_149", "http://rdfs.org/ns/void#inDataset.value": "4635"}, "geometry": {"type": "LineString", "coordinates": [[7.1057524325, 51.2459213103, 136.79], [7.1057050684, 51.2458770742, 0.0], [7.1040362867, 51.2444305281, 0.0], [7.1037487457, 51.2440062585, 137.47]]}}, {"type": "Feature", "id": "https://registry.gdi-de.org/de.nw/radnetz/instances/Section_Wuppertal_1228346_702_left", "name": " (ex-nw:Section_Wuppertal_1228346_702_left)", "dateprops": [], "properties": {"https://registry.gdi-de.org/up3/ontology/quell-ID": "1228346", "https://registry.gdi-de.org/up3/ontology/steigung": "2.670051", "https://registry.gdi-de.org/up3/ontology/strecken-ID": "Section_Wuppertal_1228346_702_left", "http://rdfs.org/ns/void#inDataset.value": "4635"}, "geometry": {"type": "LineString", "coordinates": [[7.09255925, 51.2394459434, 134.31], [7.0925642644, 51.239578924, 0.0], [7.0925434448, 51.2398671144, 0.0], [7.0925441389, 51.2405385006, 0.0], [7.0925638255, 51.2407630481, 0.0], [7.0925390409, 51.2409250811, 0.0], [7.0925114295, 51.2415725686, 0.0], [7.0923056143, 51.2419520341, 0.0], [7.0914663573, 51.2427958475, 0.0], [7.0909529805, 51.2434927936, 0.0], [7.0903698742, 51.2449157743, 151.42]]}}, {"type": "Feature", "id": "https://registry.gdi-de.org/de.nw/radnetz/instances/Section_Wuppertal_1226291_554", "name": " (ex-nw:Section_Wuppertal_1226291_554)", "dateprops": [], "properties": {"https://registry.gdi-de.org/up3/ontology/quell-ID": "1226291", "https://registry.gdi-de.org/up3/ontology/steigung": "0.2840843", "https://registry.gdi-de.org/up3/ontology/strecken-ID": "Section_Wuppertal_1226291_554", "http://rdfs.org/ns/void#inDataset.value": "4635"}, "geometry": {"type": "LineString", "coordinates": [[7.1222298914, 51.2487700563, 139.38], [7.1228748982, 51.2487908519, 0.0], [7.1236234578, 51.2489454552, 0.0], [7.1245330607, 51.2493743998, 139.89]]}}, {"type": "Feature", "id": "https://registry.gdi-de.org/de.nw/radnetz/instances/Section_Wuppertal_3086_974", "name": " (ex-nw:Section_Wuppertal_3086_974)", "dateprops": [], "properties": {"https://registry.gdi-de.org/up3/ontology/quell-ID": "3086", "https://registry.gdi-de.org/up3/ontology/steigung": "0.8294188", "https://registry.gdi-de.org/up3/ontology/strecken-ID": "Section_Wuppertal_3086_974", "http://rdfs.org/ns/void#inDataset.value": "4635"}, "geometry": {"type": "LineString", "coordinates": [[7.1511098249, 51.2260438415, 0.0], [7.1509618114, 51.2264228267, 0.0]]}}, {"type": "Feature", "id": "https://registry.gdi-de.org/de.nw/radnetz/instances/Section_Wuppertal_6207_1075", "name": " (ex-nw:Section_Wuppertal_6207_1075)", "dateprops": [], "properties": {"https://registry.gdi-de.org/up3/ontology/quell-ID": "6207", "https://registry.gdi-de.org/up3/ontology/steigung": "8.160715", "https://registry.gdi-de.org/up3/ontology/strecken-ID": "Section_Wuppertal_6207_1075", "http://rdfs.org/ns/void#inDataset.value": "4635"}, "geometry": {"type": "LineString", "coordinates": [[7.1454799588, 51.2648841912, 0.0], [7.1453075278, 51.2656165528, 0.0]]}}, {"type": "Feature", "id": "https://registry.gdi-de.org/de.nw/radnetz/instances/Section_Wuppertal_1228471_712_left", "name": " (ex-nw:Section_Wuppertal_1228471_712_left)", "dateprops": [], "properties": {"https://registry.gdi-de.org/up3/ontology/quell-ID": "1228471", "https://registry.gdi-de.org/up3/ontology/steigung": "0.6551581", "https://registry.gdi-de.org/up3/ontology/strecken-ID": "Section_Wuppertal_1228471_712_left", "http://rdfs.org/ns/void#inDataset.value": "4635"}, "geometry": {"type": "LineString", "coordinates": [[7.1395492266, 51.2104645175, 298.2], [7.1384656676, 51.2098670056, 298.86]]}}, {"type": "Feature", "id": "https://registry.gdi-de.org/de.nw/radnetz/instances/Section_Wuppertal_7873_163", "name": " (ex-nw:Section_Wuppertal_7873_163)", "dateprops": [], "properties": {"https://registry.gdi-de.org/up3/ontology/quell-ID": "7873", "https://registry.gdi-de.org/up3/ontology/steigung": "1.552989", "https://registry.gdi-de.org/up3/ontology/strecken-ID": "Section_Wuppertal_7873_163", "http://rdfs.org/ns/void#inDataset.value": "4635"}, "geometry": {"type": "LineString", "coordinates": [[7.2379890364, 51.2737934686, 199.39], [7.2383181857, 51.2738557849, 0.0], [7.2392373008, 51.2739269629, 0.0], [7.2393531244, 51.2739706809, 0.0], [7.2402836665, 51.2740503591, 201.93]]}}, {"type": "Feature", "id": "https://registry.gdi-de.org/de.nw/radnetz/instances/Section_Wuppertal_1225446_478_right", "name": " (ex-nw:Section_Wuppertal_1225446_478_right)", "dateprops": [], "properties": {"https://registry.gdi-de.org/up3/ontology/quell-ID": "1225446", "https://registry.gdi-de.org/up3/ontology/steigung": "2.517972", "https://registry.gdi-de.org/up3/ontology/strecken-ID": "Section_Wuppertal_1225446_478_right", "http://rdfs.org/ns/void#inDataset.value": "4635"}, "geometry": {"type": "LineString", "coordinates": [[7.2306793006, 51.2569589251, 176.23], [7.2299966681, 51.257797937, 0.0], [7.2297627811, 51.2582960325, 0.0], [7.2297600522, 51.2584307445, 180.7]]}}, {"type": "Feature", "id": "https://registry.gdi-de.org/de.nw/radnetz/instances/Section_Wuppertal_9784_202_left", "name": " (ex-nw:Section_Wuppertal_9784_202_left)", "dateprops": [], "properties": {"https://registry.gdi-de.org/up3/ontology/quell-ID": "9784", "https://registry.gdi-de.org/up3/ontology/steigung": "2.828963", "https://registry.gdi-de.org/up3/ontology/strecken-ID": "Section_Wuppertal_9784_202_left", "http://rdfs.org/ns/void#inDataset.value": "4635"}, "geometry": {"type": "LineString", "coordinates": [[7.0734837163, 51.2797580245, 167.48], [7.0760755558, 51.2802453306, 172.82]]}}, {"type": "Feature", "id": "https://registry.gdi-de.org/de.nw/radnetz/instances/Section_Wuppertal_1226824_639", "name": " (ex-nw:Section_Wuppertal_1226824_639)", "dateprops": [], "properties": {"https://registry.gdi-de.org/up3/ontology/quell-ID": "1226824", "https://registry.gdi-de.org/up3/ontology/steigung": "2.317263", "https://registry.gdi-de.org/up3/ontology/strecken-ID": "Section_Wuppertal_1226824_639", "http://rdfs.org/ns/void#inDataset.value": "4635"}, "geometry": {"type": "LineString", "coordinates": [[7.1533501546, 51.2591942267, 146.34], [7.1534083567, 51.2592882561, 146.6]]}}, {"type": "Feature", "id": "https://registry.gdi-de.org/de.nw/radnetz/instances/Section_Wuppertal_1226605_599_right", "name": " (ex-nw:Section_Wuppertal_1226605_599_right)", "dateprops": [], "properties": {"https://registry.gdi-de.org/up3/ontology/quell-ID": "1226605", "https://registry.gdi-de.org/up3/ontology/steigung": "4.132267", "https://registry.gdi-de.org/up3/ontology/strecken-ID": "Section_Wuppertal_1226605_599_right", "http://rdfs.org/ns/void#inDataset.value": "4635"}, "geometry": {"type": "LineString", "coordinates": [[7.1221459673, 51.2042266126, 279.1], [7.1227520474, 51.2043571327, 280.95]]}}, {"type": "Feature", "id": "https://registry.gdi-de.org/de.nw/radnetz/instances/Section_Wuppertal_1229869_789", "name": " (ex-nw:Section_Wuppertal_1229869_789)", "dateprops": [], "properties": {"https://registry.gdi-de.org/up3/ontology/quell-ID": "1229869", "https://registry.gdi-de.org/up3/ontology/steigung": "2.634806", "https://registry.gdi-de.org/up3/ontology/strecken-ID": "Section_Wuppertal_1229869_789", "http://rdfs.org/ns/void#inDataset.value": "4635"}, "geometry": {"type": "LineString", "coordinates": [[7.2407891256, 51.3027329138, 244.1], [7.2404656207, 51.3027610286, 249.09]]}}, {"type": "Feature", "id": "https://registry.gdi-de.org/de.nw/radnetz/instances/Section_Wuppertal_1224289_411_right", "name": " (ex-nw:Section_Wuppertal_1224289_411_right)", "dateprops": [], "properties": {"https://registry.gdi-de.org/up3/ontology/quell-ID": "1224289", "https://registry.gdi-de.org/up3/ontology/steigung": "1.39675", "https://registry.gdi-de.org/up3/ontology/strecken-ID": "Section_Wuppertal_1224289_411_right", "http://rdfs.org/ns/void#inDataset.value": "4635"}, "geometry": {"type": "LineString", "coordinates": [[7.2748567148, 51.2599645573, 184.88], [7.2754875664, 51.2597933536, 185.55]]}}, {"type": "Feature", "id": "https://registry.gdi-de.org/de.nw/radnetz/instances/Section_Wuppertal_5108_1092", "name": " (ex-nw:Section_Wuppertal_5108_1092)", "dateprops": [], "properties": {"https://registry.gdi-de.org/up3/ontology/quell-ID": "5108", "https://registry.gdi-de.org/up3/ontology/steigung": "1.849311", "https://registry.gdi-de.org/up3/ontology/strecken-ID": "Section_Wuppertal_5108_1092", "http://rdfs.org/ns/void#inDataset.value": "4635"}, "geometry": {"type": "LineString", "coordinates": [[7.1501194186, 51.2308065563, 0.0], [7.1504463189, 51.2292863957, 0.0], [7.1504122968, 51.2290709944, 0.0], [7.1502778582, 51.2288475926, 0.0], [7.1500441385, 51.2286610954, 0.0]]}}, {"type": "Feature", "id": "https://registry.gdi-de.org/de.nw/radnetz/instances/Section_Wuppertal_12187_261_right", "name": " (ex-nw:Section_Wuppertal_12187_261_right)", "dateprops": [], "properties": {"https://registry.gdi-de.org/up3/ontology/quell-ID": "12187", "https://registry.gdi-de.org/up3/ontology/steigung": "5.127719", "https://registry.gdi-de.org/up3/ontology/strecken-ID": "Section_Wuppertal_12187_261_right", "http://rdfs.org/ns/void#inDataset.value": "4635"}, "geometry": {"type": "LineString", "coordinates": [[7.1314898981, 51.201237164, 269.89], [7.1314824241, 51.2015158954, 271.48]]}}, {"type": "Feature", "id": "https://registry.gdi-de.org/de.nw/radnetz/instances/Section_Wuppertal_1225878_515_left", "name": " (ex-nw:Section_Wuppertal_1225878_515_left)", "dateprops": [], "properties": {"https://registry.gdi-de.org/up3/ontology/quell-ID": "1225878", "https://registry.gdi-de.org/up3/ontology/steigung": "2.704847", "https://registry.gdi-de.org/up3/ontology/strecken-ID": "Section_Wuppertal_1225878_515_left", "http://rdfs.org/ns/void#inDataset.value": "4635"}, "geometry": {"type": "LineString", "coordinates": [[7.2313326131, 51.2563297815, 173.17], [7.2310781383, 51.2565748455, 174.05]]}}, {"type": "Feature", "id": "https://registry.gdi-de.org/de.nw/radnetz/instances/Section_Wuppertal_1225572_488", "name": " (ex-nw:Section_Wuppertal_1225572_488)", "dateprops": [], "properties": {"https://registry.gdi-de.org/up3/ontology/quell-ID": "1225572", "https://registry.gdi-de.org/up3/ontology/steigung": "0.9044046", "https://registry.gdi-de.org/up3/ontology/strecken-ID": "Section_Wuppertal_1225572_488", "http://rdfs.org/ns/void#inDataset.value": "4635"}, "geometry": {"type": "LineString", "coordinates": [[7.2215240009, 51.2753397908, 161.6], [7.2220612375, 51.2753659312, 161.94]]}}, {"type": "Feature", "id": "https://registry.gdi-de.org/de.nw/radnetz/instances/Section_Wuppertal_3433_83", "name": " (ex-nw:Section_Wuppertal_3433_83)", "dateprops": [], "properties": {"https://registry.gdi-de.org/up3/ontology/quell-ID": "3433", "https://registry.gdi-de.org/up3/ontology/steigung": "0.04849116", "https://registry.gdi-de.org/up3/ontology/strecken-ID": "Section_Wuppertal_3433_83", "http://rdfs.org/ns/void#inDataset.value": "4635"}, "geometry": {"type": "LineString", "coordinates": [[7.146538349, 51.2553501562, 144.86], [7.1465219628, 51.2557208134, 144.88]]}}, {"type": "Feature", "id": "https://registry.gdi-de.org/de.nw/radnetz/instances/Section_Wuppertal_8949_183_right", "name": " (ex-nw:Section_Wuppertal_8949_183_right)", "dateprops": [], "properties": {"https://registry.gdi-de.org/up3/ontology/quell-ID": "8949", "https://registry.gdi-de.org/up3/ontology/steigung": "1.874044", "https://registry.gdi-de.org/up3/ontology/strecken-ID": "Section_Wuppertal_8949_183_right", "http://rdfs.org/ns/void#inDataset.value": "4635"}, "geometry": {"type": "LineString", "coordinates": [[7.0882929657, 51.2363803404, 136.47], [7.0889696373, 51.235866347, 137.86]]}}, {"type": "Feature", "id": "https://registry.gdi-de.org/de.nw/radnetz/instances/Section_Wuppertal_10889_227_right", "name": " (ex-nw:Section_Wuppertal_10889_227_right)", "dateprops": [], "properties": {"https://registry.gdi-de.org/up3/ontology/quell-ID": "10889", "https://registry.gdi-de.org/up3/ontology/steigung": "0.6661519", "https://registry.gdi-de.org/up3/ontology/strecken-ID": "Section_Wuppertal_10889_227_right", "http://rdfs.org/ns/void#inDataset.value": "4635"}, "geometry": {"type": "LineString", "coordinates": [[7.23312816, 51.2593302614, 169.14], [7.2328575812, 51.2588566334, 0.0], [7.2328127772, 51.2586872855, 169.64]]}}, {"type": "Feature", "id": "https://registry.gdi-de.org/de.nw/radnetz/instances/Section_Wuppertal_4480_103", "name": " (ex-nw:Section_Wuppertal_4480_103)", "dateprops": [], "properties": {"https://registry.gdi-de.org/up3/ontology/quell-ID": "4480", "https://registry.gdi-de.org/up3/ontology/steigung": "0.8371248", "https://registry.gdi-de.org/up3/ontology/strecken-ID": "Section_Wuppertal_4480_103", "http://rdfs.org/ns/void#inDataset.value": "4635"}, "geometry": {"type": "LineString", "coordinates": [[7.2347020183, 51.225839256, 300.91], [7.2344234138, 51.2263241718, 301.39]]}}, {"type": "Feature", "id": "https://registry.gdi-de.org/de.nw/radnetz/instances/Section_Wuppertal_1223207_366", "name": " (ex-nw:Section_Wuppertal_1223207_366)", "dateprops": [], "properties": {"https://registry.gdi-de.org/up3/ontology/quell-ID": "1223207", "https://registry.gdi-de.org/up3/ontology/steigung": "0.02317721", "https://registry.gdi-de.org/up3/ontology/strecken-ID": "Section_Wuppertal_1223207_366", "http://rdfs.org/ns/void#inDataset.value": "4635"}, "geometry": {"type": "LineString", "coordinates": [[7.1463316758, 51.2252305617, 299.09], [7.146583776, 51.2251075397, 0.0], [7.1467432622, 51.2249808028, 0.0], [7.1468705914, 51.2248858724, 0.0], [7.1469989579, 51.2247651047, 0.0], [7.1471378698, 51.2246380414, 0.0], [7.1472472179, 51.2244781947, 0.0], [7.1473589012, 51.2242602152, 0.0], [7.1474099028, 51.2240154222, 0.0], [7.1474063601, 51.2238473244, 0.0], [7.1474020393, 51.2236986034, 0.0], [7.1473563146, 51.2235556894, 0.0], [7.1472607172, 51.2233732071, 0.0], [7.1471543154, 51.2232034803, 0.0], [7.1470463563, 51.2230725073, 0.0], [7.146886969, 51.2229407197, 0.0], [7.1466861794, 51.2228147385, 0.0], [7.1464553119, 51.222668892, 0.0], [7.1461113002, 51.2225212515, 0.0], [7.145703759, 51.2224178459, 0.0], [7.1451944008, 51.2222869721, 0.0], [7.1448177209, 51.2221840517, 0.0], [7.1443687828, 51.2220864484, 0.0], [7.1440018729, 51.2219966071, 0.0], [7.1436048872, 51.2218868981, 0.0], [7.1433210458, 51.2217789834, 0.0], [7.1430179336, 51.2216384461, 0.0], [7.1427163847, 51.2214591542, 0.0], [7.1424788914, 51.2212227098, 0.0], [7.1422524651, 51.2209670514, 299.25]]}}, {"type": "Feature", "id": "https://registry.gdi-de.org/de.nw/radnetz/instances/Section_Wuppertal_1225570_876_left", "name": " (ex-nw:Section_Wuppertal_1225570_876_left)", "dateprops": [], "properties": {"https://registry.gdi-de.org/up3/ontology/quell-ID": "1225570", "https://registry.gdi-de.org/up3/ontology/steigung": "0.2314018", "https://registry.gdi-de.org/up3/ontology/strecken-ID": "Section_Wuppertal_1225570_876_left", "http://rdfs.org/ns/void#inDataset.value": "4635"}, "geometry": {"type": "LineString", "coordinates": [[7.0476584924, 51.218629882, 178.12], [7.0468577936, 51.2182691165, 0.0], [7.0454713022, 51.2171917741, 0.0], [7.0451360512, 51.2169871808, 0.0], [7.0431551296, 51.2162752901, 0.0], [7.0427275179, 51.2161216135, 179.16]]}}, {"type": "Feature", "id": "https://registry.gdi-de.org/de.nw/radnetz/instances/Section_Wuppertal_1227315_679_left", "name": " (ex-nw:Section_Wuppertal_1227315_679_left)", "dateprops": [], "properties": {"https://registry.gdi-de.org/up3/ontology/quell-ID": "1227315", "https://registry.gdi-de.org/up3/ontology/steigung": "1.454413", "https://registry.gdi-de.org/up3/ontology/strecken-ID": "Section_Wuppertal_1227315_679_left", "http://rdfs.org/ns/void#inDataset.value": "4635"}, "geometry": {"type": "LineString", "coordinates": [[7.0724257853, 51.2719068599, 160.63], [7.0720261978, 51.2721729426, 0.0], [7.0708353134, 51.272399936, 0.0], [7.0702981385, 51.272662743, 0.0], [7.0703060611, 51.2730034563, 0.0], [7.0710704013, 51.2737774732, 161.46]]}}, {"type": "Feature", "id": "https://registry.gdi-de.org/de.nw/radnetz/instances/Section_Wuppertal_10886_924_right", "name": " (ex-nw:Section_Wuppertal_10886_924_right)", "dateprops": [], "properties": {"https://registry.gdi-de.org/up3/ontology/quell-ID": "10886", "https://registry.gdi-de.org/up3/ontology/steigung": "4.578309", "https://registry.gdi-de.org/up3/ontology/strecken-ID": "Section_Wuppertal_10886_924_right", "http://rdfs.org/ns/void#inDataset.value": "4635"}, "geometry": {"type": "LineString", "coordinates": [[7.2504599713, 51.3095377747, 311.2], [7.2500471406, 51.3098289683, 0.0], [7.2497580262, 51.3101014178, 314.85]]}}, {"type": "Feature", "id": "https://registry.gdi-de.org/de.nw/radnetz/instances/Section_Wuppertal_9894_206", "name": " (ex-nw:Section_Wuppertal_9894_206)", "dateprops": [], "properties": {"https://registry.gdi-de.org/up3/ontology/quell-ID": "9894", "https://registry.gdi-de.org/up3/ontology/steigung": "2.718187", "https://registry.gdi-de.org/up3/ontology/strecken-ID": "Section_Wuppertal_9894_206", "http://rdfs.org/ns/void#inDataset.value": "4635"}, "geometry": {"type": "LineString", "coordinates": [[7.1414313356, 51.2551650039, 142.04], [7.141216543, 51.25491601, 0.0], [7.1411511517, 51.2546365675, 143.75]]}}, {"type": "Feature", "id": "https://registry.gdi-de.org/de.nw/radnetz/instances/Section_Wuppertal_9999906_947", "name": " (ex-nw:Section_Wuppertal_9999906_947)", "dateprops": [], "properties": {"https://registry.gdi-de.org/up3/ontology/quell-ID": "9999906", "https://registry.gdi-de.org/up3/ontology/steigung": "1.230967", "https://registry.gdi-de.org/up3/ontology/strecken-ID": "Section_Wuppertal_9999906_947", "http://rdfs.org/ns/void#inDataset.value": "4635"}, "geometry": {"type": "LineString", "coordinates": [[7.2370770769, 51.2808462783, 0.0], [7.2363383215, 51.280877202, 0.0], [7.2358028598, 51.2808523126, 0.0], [7.2353577154, 51.2808035507, 0.0], [7.2349804462, 51.2807333829, 0.0], [7.2347013546, 51.2806674986, 0.0], [7.2343656915, 51.2805615122, 0.0], [7.2340834245, 51.2804619366, 0.0], [7.2336834387, 51.2802848909, 0.0], [7.2332597635, 51.2800344497, 0.0]]}}, {"type": "Feature", "id": "https://registry.gdi-de.org/de.nw/radnetz/instances/Section_Wuppertal_8708_1076", "name": " (ex-nw:Section_Wuppertal_8708_1076)", "dateprops": [], "properties": {"https://registry.gdi-de.org/up3/ontology/quell-ID": "8708", "https://registry.gdi-de.org/up3/ontology/steigung": "8.943762", "https://registry.gdi-de.org/up3/ontology/strecken-ID": "Section_Wuppertal_8708_1076", "http://rdfs.org/ns/void#inDataset.value": "4635"}, "geometry": {"type": "LineString", "coordinates": [[7.1453075278, 51.2656165528, 0.0], [7.1451539744, 51.2663551478, 0.0]]}}, {"type": "Feature", "id": "https://registry.gdi-de.org/de.nw/radnetz/instances/Section_Wuppertal_1226081_1100_left", "name": " (ex-nw:Section_Wuppertal_1226081_1100_left)", "dateprops": [], "properties": {"https://registry.gdi-de.org/up3/ontology/quell-ID": "1226081", "https://registry.gdi-de.org/up3/ontology/steigung": "0.0", "https://registry.gdi-de.org/up3/ontology/strecken-ID": "Section_Wuppertal_1226081_1100_left", "http://rdfs.org/ns/void#inDataset.value": "4635"}, "geometry": {"type": "LineString", "coordinates": [[7.1641108529, 51.2452233619, 248.57], [7.1641113959, 51.2452228587, 248.57]]}}, {"type": "Feature", "id": "https://registry.gdi-de.org/de.nw/radnetz/instances/Section_Wuppertal_1225039_443", "name": " (ex-nw:Section_Wuppertal_1225039_443)", "dateprops": [], "properties": {"https://registry.gdi-de.org/up3/ontology/quell-ID": "1225039", "https://registry.gdi-de.org/up3/ontology/steigung": "1.57768", "https://registry.gdi-de.org/up3/ontology/strecken-ID": "Section_Wuppertal_1225039_443", "http://rdfs.org/ns/void#inDataset.value": "4635"}, "geometry": {"type": "LineString", "coordinates": [[7.205721051, 51.2164123702, 251.79], [7.2056775038, 51.2164335583, 0.0], [7.2053887095, 51.2165709483, 252.25]]}}, {"type": "Feature", "id": "https://registry.gdi-de.org/de.nw/radnetz/instances/Section_Wuppertal_1226237_1047_right", "name": " (ex-nw:Section_Wuppertal_1226237_1047_right)", "dateprops": [], "properties": {"https://registry.gdi-de.org/up3/ontology/quell-ID": "1226237", "https://registry.gdi-de.org/up3/ontology/steigung": "4.274886", "https://registry.gdi-de.org/up3/ontology/strecken-ID": "Section_Wuppertal_1226237_1047_right", "http://rdfs.org/ns/void#inDataset.value": "4635"}, "geometry": {"type": "LineString", "coordinates": [[7.1292126713, 51.2767932672, 0.0], [7.1291094602, 51.276913664, 0.0]]}}, {"type": "Feature", "id": "https://registry.gdi-de.org/de.nw/radnetz/instances/Section_Wuppertal_1226193_547_left", "name": " (ex-nw:Section_Wuppertal_1226193_547_left)", "dateprops": [], "properties": {"https://registry.gdi-de.org/up3/ontology/quell-ID": "1226193", "https://registry.gdi-de.org/up3/ontology/steigung": "5.59893", "https://registry.gdi-de.org/up3/ontology/strecken-ID": "Section_Wuppertal_1226193_547_left", "http://rdfs.org/ns/void#inDataset.value": "4635"}, "geometry": {"type": "LineString", "coordinates": [[7.2320663516, 51.243397936, 271.76], [7.2324427519, 51.2433371966, 0.0], [7.2327123624, 51.2432444648, 0.0], [7.2329463697, 51.2430340379, 0.0], [7.2331017346, 51.2426233188, 0.0], [7.232848352, 51.2416564786, 284.81]]}}, {"type": "Feature", "id": "https://registry.gdi-de.org/de.nw/radnetz/instances/Section_Wuppertal_3306_1030_right", "name": " (ex-nw:Section_Wuppertal_3306_1030_right)", "dateprops": [], "properties": {"https://registry.gdi-de.org/up3/ontology/quell-ID": "3306", "https://registry.gdi-de.org/up3/ontology/steigung": "8.322001", "https://registry.gdi-de.org/up3/ontology/strecken-ID": "Section_Wuppertal_3306_1030_right", "http://rdfs.org/ns/void#inDataset.value": "4635"}, "geometry": {"type": "LineString", "coordinates": [[7.1301600402, 51.2751720333, 0.0], [7.1300648073, 51.2753645608, 0.0], [7.1296805123, 51.2760965797, 0.0]]}}, {"type": "Feature", "id": "https://registry.gdi-de.org/de.nw/radnetz/instances/Section_Wuppertal_55_2_right", "name": " (ex-nw:Section_Wuppertal_55_2_right)", "dateprops": [], "properties": {"https://registry.gdi-de.org/up3/ontology/quell-ID": "55", "https://registry.gdi-de.org/up3/ontology/steigung": "0.7778568", "https://registry.gdi-de.org/up3/ontology/strecken-ID": "Section_Wuppertal_55_2_right", "http://rdfs.org/ns/void#inDataset.value": "4635"}, "geometry": {"type": "LineString", "coordinates": [[7.0707174733, 51.2463581624, 198.71], [7.070604115, 51.2468266504, 199.12]]}}, {"type": "Feature", "id": "https://registry.gdi-de.org/de.nw/radnetz/instances/Section_Wuppertal_9555_193", "name": " (ex-nw:Section_Wuppertal_9555_193)", "dateprops": [], "properties": {"https://registry.gdi-de.org/up3/ontology/quell-ID": "9555", "https://registry.gdi-de.org/up3/ontology/steigung": "3.635001", "https://registry.gdi-de.org/up3/ontology/strecken-ID": "Section_Wuppertal_9555_193", "http://rdfs.org/ns/void#inDataset.value": "4635"}, "geometry": {"type": "LineString", "coordinates": [[7.2028104359, 51.2761947407, 165.44], [7.2027042531, 51.2765193982, 166.78]]}}, {"type": "Feature", "id": "https://registry.gdi-de.org/de.nw/radnetz/instances/Section_Wuppertal_1225917_983", "name": " (ex-nw:Section_Wuppertal_1225917_983)", "dateprops": [], "properties": {"https://registry.gdi-de.org/up3/ontology/quell-ID": "1225917", "https://registry.gdi-de.org/up3/ontology/steigung": "0.44096", "https://registry.gdi-de.org/up3/ontology/strecken-ID": "Section_Wuppertal_1225917_983", "http://rdfs.org/ns/void#inDataset.value": "4635"}, "geometry": {"type": "LineString", "coordinates": [[7.1521343026, 51.2213776272, 0.0], [7.1521174957, 51.221683266, 0.0]]}}, {"type": "Feature", "id": "https://registry.gdi-de.org/de.nw/radnetz/instances/Section_Wuppertal_1228297_697_right", "name": " (ex-nw:Section_Wuppertal_1228297_697_right)", "dateprops": [], "properties": {"https://registry.gdi-de.org/up3/ontology/quell-ID": "1228297", "https://registry.gdi-de.org/up3/ontology/steigung": "0.7470102", "https://registry.gdi-de.org/up3/ontology/strecken-ID": "Section_Wuppertal_1228297_697_right", "http://rdfs.org/ns/void#inDataset.value": "4635"}, "geometry": {"type": "LineString", "coordinates": [[7.0677144265, 51.2266168403, 199.88], [7.0672473528, 51.2265114453, 0.0], [7.0659193506, 51.2259812813, 200.96]]}}, {"type": "Feature", "id": "https://registry.gdi-de.org/de.nw/radnetz/instances/Section_Wuppertal_1229931_816", "name": " (ex-nw:Section_Wuppertal_1229931_816)", "dateprops": [], "properties": {"https://registry.gdi-de.org/up3/ontology/quell-ID": "1229931", "https://registry.gdi-de.org/up3/ontology/steigung": "2.275329", "https://registry.gdi-de.org/up3/ontology/strecken-ID": "Section_Wuppertal_1229931_816", "http://rdfs.org/ns/void#inDataset.value": "4635"}, "geometry": {"type": "LineString", "coordinates": [[7.1655169168, 51.2115187302, 184.15], [7.1662351328, 51.2117756986, 0.0], [7.1657897032, 51.2119221158, 0.0], [7.1654581749, 51.2120703174, 0.0], [7.1650391885, 51.2123705454, 0.0], [7.1647178295, 51.2126723035, 0.0], [7.1646755314, 51.2129170795, 0.0], [7.164734931, 51.2130611842, 0.0], [7.1648122265, 51.2131646634, 0.0], [7.1650058675, 51.2132086071, 0.0], [7.1654077986, 51.2133376304, 0.0], [7.165789397, 51.2135686002, 0.0], [7.1661339858, 51.2139114812, 0.0], [7.1662719113, 51.2141284024, 0.0], [7.1663553332, 51.2144876421, 0.0], [7.1664590904, 51.2147449347, 0.0], [7.1664965396, 51.2150318672, 0.0], [7.1665437848, 51.2153378299, 196.73]]}}, {"type": "Feature", "id": "https://registry.gdi-de.org/de.nw/radnetz/instances/Section_Wuppertal_11224_969_right", "name": " (ex-nw:Section_Wuppertal_11224_969_right)", "dateprops": [], "properties": {"https://registry.gdi-de.org/up3/ontology/quell-ID": "11224", "https://registry.gdi-de.org/up3/ontology/steigung": "3.206544", "https://registry.gdi-de.org/up3/ontology/strecken-ID": "Section_Wuppertal_11224_969_right", "http://rdfs.org/ns/void#inDataset.value": "4635"}, "geometry": {"type": "LineString", "coordinates": [[7.1546753568, 51.2432137286, 0.0], [7.1542261597, 51.2430919844, 0.0], [7.1538403824, 51.2429063392, 0.0], [7.1537123638, 51.2427192021, 0.0]]}}, {"type": "Feature", "id": "https://registry.gdi-de.org/de.nw/radnetz/instances/Section_Wuppertal_1224290_412_right", "name": " (ex-nw:Section_Wuppertal_1224290_412_right)", "dateprops": [], "properties": {"https://registry.gdi-de.org/up3/ontology/quell-ID": "1224290", "https://registry.gdi-de.org/up3/ontology/steigung": "1.722743", "https://registry.gdi-de.org/up3/ontology/strecken-ID": "Section_Wuppertal_1224290_412_right", "http://rdfs.org/ns/void#inDataset.value": "4635"}, "geometry": {"type": "LineString", "coordinates": [[7.2754875664, 51.2597933536, 185.55], [7.2760302158, 51.2596460825, 0.0], [7.2767032125, 51.2591984572, 187.44]]}}, {"type": "Feature", "id": "https://registry.gdi-de.org/de.nw/radnetz/instances/Section_Wuppertal_1225956_523_right", "name": " (ex-nw:Section_Wuppertal_1225956_523_right)", "dateprops": [], "properties": {"https://registry.gdi-de.org/up3/ontology/quell-ID": "1225956", "https://registry.gdi-de.org/up3/ontology/steigung": "5.008037", "https://registry.gdi-de.org/up3/ontology/strecken-ID": "Section_Wuppertal_1225956_523_right", "http://rdfs.org/ns/void#inDataset.value": "4635"}, "geometry": {"type": "LineString", "coordinates": [[7.0624342509, 51.224667926, 202.02], [7.0624243249, 51.2246643604, 202.06]]}}, {"type": "Feature", "id": "https://registry.gdi-de.org/de.nw/radnetz/instances/Section_Wuppertal_1224242_1071_right", "name": " (ex-nw:Section_Wuppertal_1224242_1071_right)", "dateprops": [], "properties": {"https://registry.gdi-de.org/up3/ontology/quell-ID": "1224242", "https://registry.gdi-de.org/up3/ontology/steigung": "2.543676", "https://registry.gdi-de.org/up3/ontology/strecken-ID": "Section_Wuppertal_1224242_1071_right", "http://rdfs.org/ns/void#inDataset.value": "4635"}, "geometry": {"type": "LineString", "coordinates": [[7.1631227723, 51.2771635797, 0.0], [7.1627876821, 51.2769588075, 0.0], [7.162573435, 51.2768335469, 0.0]]}}, {"type": "Feature", "id": "https://registry.gdi-de.org/de.nw/radnetz/instances/Section_Wuppertal_1224813_433", "name": " (ex-nw:Section_Wuppertal_1224813_433)", "dateprops": [], "properties": {"https://registry.gdi-de.org/up3/ontology/quell-ID": "1224813", "https://registry.gdi-de.org/up3/ontology/steigung": "1.04395", "https://registry.gdi-de.org/up3/ontology/strecken-ID": "Section_Wuppertal_1224813_433", "http://rdfs.org/ns/void#inDataset.value": "4635"}, "geometry": {"type": "LineString", "coordinates": [[7.2054450535, 51.2736222865, 155.36], [7.2061604758, 51.2733288039, 0.0], [7.2065532339, 51.2731443474, 156.34]]}}, {"type": "Feature", "id": "https://registry.gdi-de.org/de.nw/radnetz/instances/Section_Wuppertal_1223123_341", "name": " (ex-nw:Section_Wuppertal_1223123_341)", "dateprops": [], "properties": {"https://registry.gdi-de.org/up3/ontology/quell-ID": "1223123", "https://registry.gdi-de.org/up3/ontology/steigung": "0.6452987", "https://registry.gdi-de.org/up3/ontology/strecken-ID": "Section_Wuppertal_1223123_341", "http://rdfs.org/ns/void#inDataset.value": "4635"}, "geometry": {"type": "LineString", "coordinates": [[7.2237091524, 51.2795928757, 188.68], [7.2233552168, 51.2795724706, 188.84]]}}, {"type": "Feature", "id": "https://registry.gdi-de.org/de.nw/radnetz/instances/Section_Wuppertal_9999911_950", "name": " (ex-nw:Section_Wuppertal_9999911_950)", "dateprops": [], "properties": {"https://registry.gdi-de.org/up3/ontology/quell-ID": "9999911", "https://registry.gdi-de.org/up3/ontology/steigung": "0.5916896", "https://registry.gdi-de.org/up3/ontology/strecken-ID": "Section_Wuppertal_9999911_950", "http://rdfs.org/ns/void#inDataset.value": "4635"}, "geometry": {"type": "LineString", "coordinates": [[7.0799232562, 51.2391668568, 66.1202], [7.0803392596, 51.2391631567, 38.0279], [7.0802658457, 51.2385173265, 20.6442], [7.0803990174, 51.2381867047, 0.0], [7.0801561298, 51.2377935526, 170.2]]}}, {"type": "Feature", "id": "https://registry.gdi-de.org/de.nw/radnetz/instances/Section_Wuppertal_1229578_729", "name": " (ex-nw:Section_Wuppertal_1229578_729)", "dateprops": [], "properties": {"https://registry.gdi-de.org/up3/ontology/quell-ID": "1229578", "https://registry.gdi-de.org/up3/ontology/steigung": "0.3945571", "https://registry.gdi-de.org/up3/ontology/strecken-ID": "Section_Wuppertal_1229578_729", "http://rdfs.org/ns/void#inDataset.value": "4635"}, "geometry": {"type": "LineString", "coordinates": [[7.1185396671, 51.2491916342, 138.66], [7.118730635, 51.2491720147, 0.0], [7.1206795816, 51.2489360508, 139.26]]}}, {"type": "Feature", "id": "https://registry.gdi-de.org/de.nw/radnetz/instances/Section_Wuppertal_1226993_1101_right", "name": " (ex-nw:Section_Wuppertal_1226993_1101_right)", "dateprops": [], "properties": {"https://registry.gdi-de.org/up3/ontology/quell-ID": "1226993", "https://registry.gdi-de.org/up3/ontology/steigung": "0.0", "https://registry.gdi-de.org/up3/ontology/strecken-ID": "Section_Wuppertal_1226993_1101_right", "http://rdfs.org/ns/void#inDataset.value": "4635"}, "geometry": {"type": "LineString", "coordinates": [[7.2512291056, 51.2556007312, 176.48], [7.2512618862, 51.2556035961, 176.48]]}}, {"type": "Feature", "id": "https://registry.gdi-de.org/de.nw/radnetz/instances/Section_Wuppertal_2445_52", "name": " (ex-nw:Section_Wuppertal_2445_52)", "dateprops": [], "properties": {"https://registry.gdi-de.org/up3/ontology/quell-ID": "2445", "https://registry.gdi-de.org/up3/ontology/steigung": "1.28272", "https://registry.gdi-de.org/up3/ontology/strecken-ID": "Section_Wuppertal_2445_52", "http://rdfs.org/ns/void#inDataset.value": "4635"}, "geometry": {"type": "LineString", "coordinates": [[7.2355873012, 51.273329084, 197.46], [7.2356677776, 51.2733534928, 197.54]]}}, {"type": "Feature", "id": "https://registry.gdi-de.org/de.nw/radnetz/instances/Section_Wuppertal_1224169_406_right", "name": " (ex-nw:Section_Wuppertal_1224169_406_right)", "dateprops": [], "properties": {"https://registry.gdi-de.org/up3/ontology/quell-ID": "1224169", "https://registry.gdi-de.org/up3/ontology/steigung": "0.7343919", "https://registry.gdi-de.org/up3/ontology/strecken-ID": "Section_Wuppertal_1224169_406_right", "http://rdfs.org/ns/void#inDataset.value": "4635"}, "geometry": {"type": "LineString", "coordinates": [[7.2366598731, 51.2667791213, 166.03], [7.2367555427, 51.266645037, 166.15]]}}, {"type": "Feature", "id": "https://registry.gdi-de.org/de.nw/radnetz/instances/Section_Wuppertal_1230032_836", "name": " (ex-nw:Section_Wuppertal_1230032_836)", "dateprops": [], "properties": {"https://registry.gdi-de.org/up3/ontology/quell-ID": "1230032", "https://registry.gdi-de.org/up3/ontology/steigung": "0.592086", "https://registry.gdi-de.org/up3/ontology/strecken-ID": "Section_Wuppertal_1230032_836", "http://rdfs.org/ns/void#inDataset.value": "4635"}, "geometry": {"type": "LineString", "coordinates": [[7.0564889913, 51.1860412972, 0.0], [7.0630211987, 51.1842405044, 0.0], [7.0651550719, 51.1836250007, 0.0], [7.0661539101, 51.183618276, 0.0], [7.0685493866, 51.1838205651, 0.0], [7.0695842176, 51.1838376495, 0.0], [7.0703992405, 51.1838046113, 0.0], [7.0710712773, 51.1836529906, 0.0], [7.072168266, 51.1830667417, 0.0], [7.07508079, 51.1815108992, 0.0], [7.0767300834, 51.1809801838, 0.0], [7.0774380507, 51.1808523618, 0.0], [7.0790728088, 51.1806700296, 0.0], [7.0806676788, 51.1807538503, 0.01]]}}, {"type": "Feature", "id": "https://registry.gdi-de.org/de.nw/radnetz/instances/Section_Wuppertal_767_20", "name": " (ex-nw:Section_Wuppertal_767_20)", "dateprops": [], "properties": {"https://registry.gdi-de.org/up3/ontology/quell-ID": "767", "https://registry.gdi-de.org/up3/ontology/steigung": "6.889483", "https://registry.gdi-de.org/up3/ontology/strecken-ID": "Section_Wuppertal_767_20", "http://rdfs.org/ns/void#inDataset.value": "4635"}, "geometry": {"type": "LineString", "coordinates": [[7.1109446021, 51.2618487728, 199.74], [7.1106690667, 51.2622616252, 203.17]]}}, {"type": "Feature", "id": "https://registry.gdi-de.org/de.nw/radnetz/instances/Section_Wuppertal_1225971_526", "name": " (ex-nw:Section_Wuppertal_1225971_526)", "dateprops": [], "properties": {"https://registry.gdi-de.org/up3/ontology/quell-ID": "1225971", "https://registry.gdi-de.org/up3/ontology/steigung": "3.464629", "https://registry.gdi-de.org/up3/ontology/strecken-ID": "Section_Wuppertal_1225971_526", "http://rdfs.org/ns/void#inDataset.value": "4635"}, "geometry": {"type": "LineString", "coordinates": [[7.1248196651, 51.2495126751, 139.92], [7.1248263519, 51.2495157284, 139.94]]}}, {"type": "Feature", "id": "https://registry.gdi-de.org/de.nw/radnetz/instances/Section_Wuppertal_1225328_469", "name": " (ex-nw:Section_Wuppertal_1225328_469)", "dateprops": [], "properties": {"https://registry.gdi-de.org/up3/ontology/quell-ID": "1225328", "https://registry.gdi-de.org/up3/ontology/steigung": "1.135308", "https://registry.gdi-de.org/up3/ontology/strecken-ID": "Section_Wuppertal_1225328_469", "http://rdfs.org/ns/void#inDataset.value": "4635"}, "geometry": {"type": "LineString", "coordinates": [[7.1404053458, 51.2545667887, 143.77], [7.1404638299, 51.2545719925, 0.0], [7.1408422186, 51.2546075432, 144.12]]}}, {"type": "Feature", "id": "https://registry.gdi-de.org/de.nw/radnetz/instances/Section_Wuppertal_1227008_664_left", "name": " (ex-nw:Section_Wuppertal_1227008_664_left)", "dateprops": [], "properties": {"https://registry.gdi-de.org/up3/ontology/quell-ID": "1227008", "https://registry.gdi-de.org/up3/ontology/steigung": "2.552865", "https://registry.gdi-de.org/up3/ontology/strecken-ID": "Section_Wuppertal_1227008_664_left", "http://rdfs.org/ns/void#inDataset.value": "4635"}, "geometry": {"type": "LineString", "coordinates": [[7.1036208299, 51.253789495, 158.86], [7.1033714647, 51.2538622249, 159.35]]}}, {"type": "Feature", "id": "https://registry.gdi-de.org/de.nw/radnetz/instances/Section_Wuppertal_1223099_333", "name": " (ex-nw:Section_Wuppertal_1223099_333)", "dateprops": [], "properties": {"https://registry.gdi-de.org/up3/ontology/quell-ID": "1223099", "https://registry.gdi-de.org/up3/ontology/steigung": "0.2672705", "https://registry.gdi-de.org/up3/ontology/strecken-ID": "Section_Wuppertal_1223099_333", "http://rdfs.org/ns/void#inDataset.value": "4635"}, "geometry": {"type": "LineString", "coordinates": [[7.2131338529, 51.2775402407, 187.05], [7.2135097386, 51.2775292566, 0.0], [7.2141983501, 51.2775334324, 0.0], [7.2147959159, 51.2775273962, 187.53]]}}, {"type": "Feature", "id": "https://registry.gdi-de.org/de.nw/radnetz/instances/Section_Wuppertal_1227539_680_right", "name": " (ex-nw:Section_Wuppertal_1227539_680_right)", "dateprops": [], "properties": {"https://registry.gdi-de.org/up3/ontology/quell-ID": "1227539", "https://registry.gdi-de.org/up3/ontology/steigung": "2.596061", "https://registry.gdi-de.org/up3/ontology/strecken-ID": "Section_Wuppertal_1227539_680_right", "http://rdfs.org/ns/void#inDataset.value": "4635"}, "geometry": {"type": "LineString", "coordinates": [[7.1060496938, 51.2555753373, 162.64], [7.1064119576, 51.2559190674, 163.83]]}}, {"type": "Feature", "id": "https://registry.gdi-de.org/de.nw/radnetz/instances/Section_Wuppertal_1230084_852", "name": " (ex-nw:Section_Wuppertal_1230084_852)", "dateprops": [], "properties": {"https://registry.gdi-de.org/up3/ontology/quell-ID": "1230084", "https://registry.gdi-de.org/up3/ontology/steigung": "0.7916575", "https://registry.gdi-de.org/up3/ontology/strecken-ID": "Section_Wuppertal_1230084_852", "http://rdfs.org/ns/void#inDataset.value": "4635"}, "geometry": {"type": "LineString", "coordinates": [[7.2321916615, 51.2397160857, 0.0], [7.2333291823, 51.2399032874, 292.5]]}}, {"type": "Feature", "id": "https://registry.gdi-de.org/de.nw/radnetz/instances/Section_Wuppertal_1114_973", "name": " (ex-nw:Section_Wuppertal_1114_973)", "dateprops": [], "properties": {"https://registry.gdi-de.org/up3/ontology/quell-ID": "1114", "https://registry.gdi-de.org/up3/ontology/steigung": "1.080986", "https://registry.gdi-de.org/up3/ontology/strecken-ID": "Section_Wuppertal_1114_973", "http://rdfs.org/ns/void#inDataset.value": "4635"}, "geometry": {"type": "LineString", "coordinates": [[7.1461379728, 51.2149284608, 0.0], [7.1469917673, 51.2153631582, 0.0]]}}, {"type": "Feature", "id": "https://registry.gdi-de.org/de.nw/radnetz/instances/Section_Wuppertal_1225327_468", "name": " (ex-nw:Section_Wuppertal_1225327_468)", "dateprops": [], "properties": {"https://registry.gdi-de.org/up3/ontology/quell-ID": "1225327", "https://registry.gdi-de.org/up3/ontology/steigung": "1.696964", "https://registry.gdi-de.org/up3/ontology/strecken-ID": "Section_Wuppertal_1225327_468", "http://rdfs.org/ns/void#inDataset.value": "4635"}, "geometry": {"type": "LineString", "coordinates": [[7.1411511517, 51.2546365675, 143.75], [7.1408422186, 51.2546075432, 144.12]]}}, {"type": "Feature", "id": "https://registry.gdi-de.org/de.nw/radnetz/instances/Section_Wuppertal_10441_218", "name": " (ex-nw:Section_Wuppertal_10441_218)", "dateprops": [], "properties": {"https://registry.gdi-de.org/up3/ontology/quell-ID": "10441", "https://registry.gdi-de.org/up3/ontology/steigung": "0.2247574", "https://registry.gdi-de.org/up3/ontology/strecken-ID": "Section_Wuppertal_10441_218", "http://rdfs.org/ns/void#inDataset.value": "4635"}, "geometry": {"type": "LineString", "coordinates": [[7.1206795816, 51.2489360508, 139.26], [7.1209930831, 51.2489001563, 139.31]]}}, {"type": "Feature", "id": "https://registry.gdi-de.org/de.nw/radnetz/instances/Section_Wuppertal_1226428_1003_right", "name": " (ex-nw:Section_Wuppertal_1226428_1003_right)", "dateprops": [], "properties": {"https://registry.gdi-de.org/up3/ontology/quell-ID": "1226428", "https://registry.gdi-de.org/up3/ontology/steigung": "8.946798", "https://registry.gdi-de.org/up3/ontology/strecken-ID": "Section_Wuppertal_1226428_1003_right", "http://rdfs.org/ns/void#inDataset.value": "4635"}, "geometry": {"type": "LineString", "coordinates": [[7.1138414382, 51.200275464, 0.0], [7.1165910096, 51.2019104959, 0.0]]}}, {"type": "Feature", "id": "https://registry.gdi-de.org/de.nw/radnetz/instances/Section_Wuppertal_1223067_320", "name": " (ex-nw:Section_Wuppertal_1223067_320)", "dateprops": [], "properties": {"https://registry.gdi-de.org/up3/ontology/quell-ID": "1223067", "https://registry.gdi-de.org/up3/ontology/steigung": "0.01494651", "https://registry.gdi-de.org/up3/ontology/strecken-ID": "Section_Wuppertal_1223067_320", "http://rdfs.org/ns/void#inDataset.value": "4635"}, "geometry": {"type": "LineString", "coordinates": [[7.1744169717, 51.2693195046, 180.96], [7.1730874732, 51.2690797221, 0.0], [7.1723831805, 51.2689653162, 0.0], [7.1716531533, 51.2688763574, 0.0], [7.1708817384, 51.2687919182, 0.0], [7.1701992928, 51.2687502276, 0.0], [7.1696389671, 51.2687466373, 0.0], [7.1692349394, 51.2687506594, 0.0], [7.1685654777, 51.2687970607, 0.0], [7.1676482843, 51.2688550923, 0.0], [7.1673091255, 51.2688859747, 0.0], [7.166814695, 51.2688834027, 0.0], [7.1663204704, 51.2688756608, 0.0], [7.1659073001, 51.268851762, 181.05]]}}, {"type": "Feature", "id": "https://registry.gdi-de.org/de.nw/radnetz/instances/Section_Wuppertal_9999914_832", "name": " (ex-nw:Section_Wuppertal_9999914_832)", "dateprops": [], "properties": {"https://registry.gdi-de.org/up3/ontology/quell-ID": "9999914", "https://registry.gdi-de.org/up3/ontology/steigung": "2.942309", "https://registry.gdi-de.org/up3/ontology/strecken-ID": "Section_Wuppertal_9999914_832", "http://rdfs.org/ns/void#inDataset.value": "4635"}, "geometry": {"type": "LineString", "coordinates": [[7.1324445808, 51.1663416869, 0.0], [7.1316199028, 51.1672514001, 0.0], [7.1309670457, 51.1675979897, 0.0], [7.1298897519, 51.1679080369, 0.0], [7.130788501, 51.1685025649, 0.0], [7.1308959112, 51.1687720469, 0.0], [7.1303838999, 51.1697307944, 0.0], [7.1290079225, 51.1709881144, 0.0], [7.1278938052, 51.1722049831, 0.0], [7.1270941403, 51.1726682081, 0.0], [7.1264205359, 51.1729400599, 0.0], [7.12572944, 51.1736430287, 0.0], [7.1252656385, 51.1739926164, 0.0], [7.1248072589, 51.1742084058, 0.0], [7.1241141936, 51.1743758013, 0.0]]}}, {"type": "Feature", "id": "https://registry.gdi-de.org/de.nw/radnetz/instances/Section_Wuppertal_4699_106_left", "name": " (ex-nw:Section_Wuppertal_4699_106_left)", "dateprops": [], "properties": {"https://registry.gdi-de.org/up3/ontology/quell-ID": "4699", "https://registry.gdi-de.org/up3/ontology/steigung": "0.04974299", "https://registry.gdi-de.org/up3/ontology/strecken-ID": "Section_Wuppertal_4699_106_left", "http://rdfs.org/ns/void#inDataset.value": "4635"}, "geometry": {"type": "LineString", "coordinates": [[7.163358056, 51.2587058184, 148.9], [7.1644517902, 51.2594679506, 0.0], [7.1650239841, 51.2600015716, 0.0], [7.1656396421, 51.2605527268, 0.0], [7.1664381032, 51.260967213, 0.0], [7.1695049334, 51.2621321051, 149.19]]}}, {"type": "Feature", "id": "https://registry.gdi-de.org/de.nw/radnetz/instances/Section_Wuppertal_1223071_321", "name": " (ex-nw:Section_Wuppertal_1223071_321)", "dateprops": [], "properties": {"https://registry.gdi-de.org/up3/ontology/quell-ID": "1223071", "https://registry.gdi-de.org/up3/ontology/steigung": "4.334738", "https://registry.gdi-de.org/up3/ontology/strecken-ID": "Section_Wuppertal_1223071_321", "http://rdfs.org/ns/void#inDataset.value": "4635"}, "geometry": {"type": "LineString", "coordinates": [[7.1829417068, 51.2708316758, 180.56], [7.1828759779, 51.270946887, 181.15]]}}, {"type": "Feature", "id": "https://registry.gdi-de.org/de.nw/radnetz/instances/Section_Wuppertal_1226454_577", "name": " (ex-nw:Section_Wuppertal_1226454_577)", "dateprops": [], "properties": {"https://registry.gdi-de.org/up3/ontology/quell-ID": "1226454", "https://registry.gdi-de.org/up3/ontology/steigung": "1.050254", "https://registry.gdi-de.org/up3/ontology/strecken-ID": "Section_Wuppertal_1226454_577", "http://rdfs.org/ns/void#inDataset.value": "4635"}, "geometry": {"type": "LineString", "coordinates": [[7.2053887095, 51.2165709483, 252.25], [7.2051908195, 51.2166758642, 252.44]]}}, {"type": "Feature", "id": "https://registry.gdi-de.org/de.nw/radnetz/instances/Section_Wuppertal_3286_79_left", "name": " (ex-nw:Section_Wuppertal_3286_79_left)", "dateprops": [], "properties": {"https://registry.gdi-de.org/up3/ontology/quell-ID": "3286", "https://registry.gdi-de.org/up3/ontology/steigung": "0.4759676", "https://registry.gdi-de.org/up3/ontology/strecken-ID": "Section_Wuppertal_3286_79_left", "http://rdfs.org/ns/void#inDataset.value": "4635"}, "geometry": {"type": "LineString", "coordinates": [[7.1907391098, 51.2680167814, 151.58], [7.1897361331, 51.2674453105, 152.03]]}}, {"type": "Feature", "id": "https://registry.gdi-de.org/de.nw/radnetz/instances/Section_Wuppertal_1222776_291_right", "name": " (ex-nw:Section_Wuppertal_1222776_291_right)", "dateprops": [], "properties": {"https://registry.gdi-de.org/up3/ontology/quell-ID": "1222776", "https://registry.gdi-de.org/up3/ontology/steigung": "5.655805", "https://registry.gdi-de.org/up3/ontology/strecken-ID": "Section_Wuppertal_1222776_291_right", "http://rdfs.org/ns/void#inDataset.value": "4635"}, "geometry": {"type": "LineString", "coordinates": [[7.0761955193, 51.2535287415, 191.86], [7.076322521, 51.2535520443, 0.0], [7.0766483313, 51.2536159507, 193.73]]}}, {"type": "Feature", "id": "https://registry.gdi-de.org/de.nw/radnetz/instances/Section_Wuppertal_3214_77_right", "name": " (ex-nw:Section_Wuppertal_3214_77_right)", "dateprops": [], "properties": {"https://registry.gdi-de.org/up3/ontology/quell-ID": "3214", "https://registry.gdi-de.org/up3/ontology/steigung": "5.365314", "https://registry.gdi-de.org/up3/ontology/strecken-ID": "Section_Wuppertal_3214_77_right", "http://rdfs.org/ns/void#inDataset.value": "4635"}, "geometry": {"type": "LineString", "coordinates": [[7.1276880459, 51.2804213012, 278.7], [7.1285753277, 51.2803388938, 0.0], [7.1297588478, 51.2803078848, 0.0], [7.1305485862, 51.2801780346, 0.0], [7.131740049, 51.2798571175, 294.4]]}}, {"type": "Feature", "id": "https://registry.gdi-de.org/de.nw/radnetz/instances/Section_Wuppertal_670_16_left", "name": " (ex-nw:Section_Wuppertal_670_16_left)", "dateprops": [], "properties": {"https://registry.gdi-de.org/up3/ontology/quell-ID": "670", "https://registry.gdi-de.org/up3/ontology/steigung": "0.1849566", "https://registry.gdi-de.org/up3/ontology/strecken-ID": "Section_Wuppertal_670_16_left", "http://rdfs.org/ns/void#inDataset.value": "4635"}, "geometry": {"type": "LineString", "coordinates": [[7.0723585824, 51.2515498054, 184.52], [7.0731012133, 51.2527496826, 0.0], [7.0731091648, 51.2529692262, 184.83]]}}, {"type": "Feature", "id": "https://registry.gdi-de.org/de.nw/radnetz/instances/Section_Wuppertal_1229740_755", "name": " (ex-nw:Section_Wuppertal_1229740_755)", "dateprops": [], "properties": {"https://registry.gdi-de.org/up3/ontology/quell-ID": "1229740", "https://registry.gdi-de.org/up3/ontology/steigung": "6.943586", "https://registry.gdi-de.org/up3/ontology/strecken-ID": "Section_Wuppertal_1229740_755", "http://rdfs.org/ns/void#inDataset.value": "4635"}, "geometry": {"type": "LineString", "coordinates": [[7.1679769052, 51.2390286139, 320.63], [7.1678224597, 51.2390559819, 0.0], [7.1674946453, 51.2391790779, 323.26]]}}, {"type": "Feature", "id": "https://registry.gdi-de.org/de.nw/radnetz/instances/Section_Wuppertal_976_25_right", "name": " (ex-nw:Section_Wuppertal_976_25_right)", "dateprops": [], "properties": {"https://registry.gdi-de.org/up3/ontology/quell-ID": "976", "https://registry.gdi-de.org/up3/ontology/steigung": "0.845634", "https://registry.gdi-de.org/up3/ontology/strecken-ID": "Section_Wuppertal_976_25_right", "http://rdfs.org/ns/void#inDataset.value": "4635"}, "geometry": {"type": "LineString", "coordinates": [[7.2596697315, 51.2837584563, 182.72], [7.2606005578, 51.2840869027, 183.35]]}}, {"type": "Feature", "id": "https://registry.gdi-de.org/de.nw/radnetz/instances/Section_Wuppertal_1229627_737", "name": " (ex-nw:Section_Wuppertal_1229627_737)", "dateprops": [], "properties": {"https://registry.gdi-de.org/up3/ontology/quell-ID": "1229627", "https://registry.gdi-de.org/up3/ontology/steigung": "4.689673", "https://registry.gdi-de.org/up3/ontology/strecken-ID": "Section_Wuppertal_1229627_737", "http://rdfs.org/ns/void#inDataset.value": "4635"}, "geometry": {"type": "LineString", "coordinates": [[7.2027042531, 51.2765193982, 166.78], [7.2027279985, 51.2766508335, 167.47]]}}, {"type": "Feature", "id": "https://registry.gdi-de.org/de.nw/radnetz/instances/Section_Wuppertal_1223038_311", "name": " (ex-nw:Section_Wuppertal_1223038_311)", "dateprops": [], "properties": {"https://registry.gdi-de.org/up3/ontology/quell-ID": "1223038", "https://registry.gdi-de.org/up3/ontology/steigung": "0.01054736", "https://registry.gdi-de.org/up3/ontology/strecken-ID": "Section_Wuppertal_1223038_311", "http://rdfs.org/ns/void#inDataset.value": "4635"}, "geometry": {"type": "LineString", "coordinates": [[7.1451566421, 51.2670512224, 176.55], [7.1426627325, 51.2662313401, 0.0], [7.142197837, 51.2661102113, 0.0], [7.1414866846, 51.2659644872, 0.0], [7.1407569795, 51.2658701699, 0.0], [7.1401823079, 51.2658145045, 0.0], [7.1394737676, 51.2658084141, 0.0], [7.1387826586, 51.2658111915, 176.6]]}}, {"type": "Feature", "id": "https://registry.gdi-de.org/de.nw/radnetz/instances/Section_Wuppertal_12097_254_left", "name": " (ex-nw:Section_Wuppertal_12097_254_left)", "dateprops": [], "properties": {"https://registry.gdi-de.org/up3/ontology/quell-ID": "12097", "https://registry.gdi-de.org/up3/ontology/steigung": "0.2932968", "https://registry.gdi-de.org/up3/ontology/strecken-ID": "Section_Wuppertal_12097_254_left", "http://rdfs.org/ns/void#inDataset.value": "4635"}, "geometry": {"type": "LineString", "coordinates": [[7.2341186189, 51.2668296687, 165.03], [7.2340936279, 51.266094165, 165.27]]}}, {"type": "Feature", "id": "https://registry.gdi-de.org/de.nw/radnetz/instances/Section_Wuppertal_1226636_609", "name": " (ex-nw:Section_Wuppertal_1226636_609)", "dateprops": [], "properties": {"https://registry.gdi-de.org/up3/ontology/quell-ID": "1226636", "https://registry.gdi-de.org/up3/ontology/steigung": "0.2202929", "https://registry.gdi-de.org/up3/ontology/strecken-ID": "Section_Wuppertal_1226636_609", "http://rdfs.org/ns/void#inDataset.value": "4635"}, "geometry": {"type": "LineString", "coordinates": [[7.2359817604, 51.2346278125, 301.68], [7.235976878, 51.2347575887, 0.0], [7.2359675766, 51.2349133467, 301.75]]}}, {"type": "Feature", "id": "https://registry.gdi-de.org/de.nw/radnetz/instances/Section_Wuppertal_1223018_299", "name": " (ex-nw:Section_Wuppertal_1223018_299)", "dateprops": [], "properties": {"https://registry.gdi-de.org/up3/ontology/quell-ID": "1223018", "https://registry.gdi-de.org/up3/ontology/steigung": "0.1198557", "https://registry.gdi-de.org/up3/ontology/strecken-ID": "Section_Wuppertal_1223018_299", "http://rdfs.org/ns/void#inDataset.value": "4635"}, "geometry": {"type": "LineString", "coordinates": [[7.0523924074, 51.2242666945, 169.44], [7.0517246742, 51.2247152572, 0.0], [7.0554962089, 51.226791839, 0.0], [7.0573191134, 51.2274632742, 0.0], [7.0579207464, 51.2277255871, 0.0], [7.0579207464, 51.2277255871, 170.18]]}}, {"type": "Feature", "id": "https://registry.gdi-de.org/de.nw/radnetz/instances/Section_Wuppertal_12358_264_left", "name": " (ex-nw:Section_Wuppertal_12358_264_left)", "dateprops": [], "properties": {"https://registry.gdi-de.org/up3/ontology/quell-ID": "12358", "https://registry.gdi-de.org/up3/ontology/steigung": "3.400239", "https://registry.gdi-de.org/up3/ontology/strecken-ID": "Section_Wuppertal_12358_264_left", "http://rdfs.org/ns/void#inDataset.value": "4635"}, "geometry": {"type": "LineString", "coordinates": [[7.1637822984, 51.2455863698, 246.53], [7.1638264804, 51.2454870515, 246.92]]}}, {"type": "Feature", "id": "https://registry.gdi-de.org/de.nw/radnetz/instances/Section_Wuppertal_8413_174_right", "name": " (ex-nw:Section_Wuppertal_8413_174_right)", "dateprops": [], "properties": {"https://registry.gdi-de.org/up3/ontology/quell-ID": "8413", "https://registry.gdi-de.org/up3/ontology/steigung": "0.2670431", "https://registry.gdi-de.org/up3/ontology/strecken-ID": "Section_Wuppertal_8413_174_right", "http://rdfs.org/ns/void#inDataset.value": "4635"}, "geometry": {"type": "LineString", "coordinates": [[7.206825821, 51.2730163271, 157.18], [7.2067364587, 51.2729278812, 0.0], [7.2066494263, 51.2728473569, 157.24]]}}, {"type": "Feature", "id": "https://registry.gdi-de.org/de.nw/radnetz/instances/Section_Wuppertal_1230069_848", "name": " (ex-nw:Section_Wuppertal_1230069_848)", "dateprops": [], "properties": {"https://registry.gdi-de.org/up3/ontology/quell-ID": "1230069", "https://registry.gdi-de.org/up3/ontology/steigung": "0.04199003", "https://registry.gdi-de.org/up3/ontology/strecken-ID": "Section_Wuppertal_1230069_848", "http://rdfs.org/ns/void#inDataset.value": "4635"}, "geometry": {"type": "LineString", "coordinates": [[7.0637966004, 51.3022607622, 0.0], [7.0642613086, 51.3026200262, 0.0], [7.0645037827, 51.3034666042, 0.0], [7.066132029, 51.3066313524, 0.0], [7.0672278299, 51.3081312055, 0.0], [7.0682249735, 51.3086706356, 0.0], [7.0693001618, 51.3095599934, 0.0], [7.0698268045, 51.3102659741, 0.0], [7.0697573261, 51.3108168549, 0.0], [7.069318459, 51.3113325915, 0.0], [7.0664299981, 51.3133230854, 0.01]]}}, {"type": "Feature", "id": "https://registry.gdi-de.org/de.nw/radnetz/instances/Section_Wuppertal_1226462_580_left", "name": " (ex-nw:Section_Wuppertal_1226462_580_left)", "dateprops": [], "properties": {"https://registry.gdi-de.org/up3/ontology/quell-ID": "1226462", "https://registry.gdi-de.org/up3/ontology/steigung": "0.3975868", "https://registry.gdi-de.org/up3/ontology/strecken-ID": "Section_Wuppertal_1226462_580_left", "http://rdfs.org/ns/void#inDataset.value": "4635"}, "geometry": {"type": "LineString", "coordinates": [[7.081323381, 51.2547049261, 207.81], [7.0811043027, 51.2546264782, 207.88]]}}, {"type": "Feature", "id": "https://registry.gdi-de.org/de.nw/radnetz/instances/Section_Wuppertal_1226775_625", "name": " (ex-nw:Section_Wuppertal_1226775_625)", "dateprops": [], "properties": {"https://registry.gdi-de.org/up3/ontology/quell-ID": "1226775", "https://registry.gdi-de.org/up3/ontology/steigung": "0.5632437", "https://registry.gdi-de.org/up3/ontology/strecken-ID": "Section_Wuppertal_1226775_625", "http://rdfs.org/ns/void#inDataset.value": "4635"}, "geometry": {"type": "LineString", "coordinates": [[7.2166515564, 51.2749999563, 159.28], [7.2171127244, 51.2750910816, 159.47]]}}, {"type": "Feature", "id": "https://registry.gdi-de.org/de.nw/radnetz/instances/Section_Wuppertal_1229899_808", "name": " (ex-nw:Section_Wuppertal_1229899_808)", "dateprops": [], "properties": {"https://registry.gdi-de.org/up3/ontology/quell-ID": "1229899", "https://registry.gdi-de.org/up3/ontology/steigung": "0.5690256", "https://registry.gdi-de.org/up3/ontology/strecken-ID": "Section_Wuppertal_1229899_808", "http://rdfs.org/ns/void#inDataset.value": "4635"}, "geometry": {"type": "LineString", "coordinates": [[7.075820368, 51.2422660958, 171.12], [7.0802061848, 51.2444578892, 0.0], [7.0819548679, 51.2453527409, 0.0], [7.0828609511, 51.2456510452, 174.65]]}}, {"type": "Feature", "id": "https://registry.gdi-de.org/de.nw/radnetz/instances/Section_Wuppertal_1226541_954", "name": " (ex-nw:Section_Wuppertal_1226541_954)", "dateprops": [], "properties": {"https://registry.gdi-de.org/up3/ontology/quell-ID": "1226541", "https://registry.gdi-de.org/up3/ontology/steigung": "1.68527", "https://registry.gdi-de.org/up3/ontology/strecken-ID": "Section_Wuppertal_1226541_954", "http://rdfs.org/ns/void#inDataset.value": "4635"}, "geometry": {"type": "LineString", "coordinates": [[7.1477882729, 51.2628857367, 0.0], [7.147778501, 51.2629384418, 0.0], [7.1477485849, 51.2630997885, 0.0], [7.1477263888, 51.2632195006, 0.0], [7.1476259244, 51.2637868785, 0.0]]}}, {"type": "Feature", "id": "https://registry.gdi-de.org/de.nw/radnetz/instances/Section_Wuppertal_10741_223", "name": " (ex-nw:Section_Wuppertal_10741_223)", "dateprops": [], "properties": {"https://registry.gdi-de.org/up3/ontology/quell-ID": "10741", "https://registry.gdi-de.org/up3/ontology/steigung": "1.000424", "https://registry.gdi-de.org/up3/ontology/strecken-ID": "Section_Wuppertal_10741_223", "http://rdfs.org/ns/void#inDataset.value": "4635"}, "geometry": {"type": "LineString", "coordinates": [[7.2344234138, 51.2263241718, 301.39], [7.2343133405, 51.226518967, 301.62]]}}, {"type": "Feature", "id": "https://registry.gdi-de.org/de.nw/radnetz/instances/Section_Wuppertal_1225884_517", "name": " (ex-nw:Section_Wuppertal_1225884_517)", "dateprops": [], "properties": {"https://registry.gdi-de.org/up3/ontology/quell-ID": "1225884", "https://registry.gdi-de.org/up3/ontology/steigung": "3.108524", "https://registry.gdi-de.org/up3/ontology/strecken-ID": "Section_Wuppertal_1225884_517", "http://rdfs.org/ns/void#inDataset.value": "4635"}, "geometry": {"type": "LineString", "coordinates": [[7.1057524325, 51.2459213103, 136.79], [7.1053509141, 51.2461080572, 0.0], [7.1051006312, 51.2466573658, 139.85]]}}, {"type": "Feature", "id": "https://registry.gdi-de.org/de.nw/radnetz/instances/Section_Wuppertal_1230059_843_left", "name": " (ex-nw:Section_Wuppertal_1230059_843_left)", "dateprops": [], "properties": {"https://registry.gdi-de.org/up3/ontology/quell-ID": "1230059", "https://registry.gdi-de.org/up3/ontology/steigung": "3.335773", "https://registry.gdi-de.org/up3/ontology/strecken-ID": "Section_Wuppertal_1230059_843_left", "http://rdfs.org/ns/void#inDataset.value": "4635"}, "geometry": {"type": "LineString", "coordinates": [[7.0760755558, 51.2802453306, 172.82], [7.0791723048, 51.2805236684, 0.0]]}}, {"type": "Feature", "id": "https://registry.gdi-de.org/de.nw/radnetz/instances/Section_Wuppertal_1222891_1090", "name": " (ex-nw:Section_Wuppertal_1222891_1090)", "dateprops": [], "properties": {"https://registry.gdi-de.org/up3/ontology/quell-ID": "1222891", "https://registry.gdi-de.org/up3/ontology/steigung": "2.073758", "https://registry.gdi-de.org/up3/ontology/strecken-ID": "Section_Wuppertal_1222891_1090", "http://rdfs.org/ns/void#inDataset.value": "4635"}, "geometry": {"type": "LineString", "coordinates": [[7.2387656619, 51.2712665118, 0.0], [7.2386872793, 51.2710652669, 0.0], [7.2382186852, 51.2706926805, 0.0], [7.2381466232, 51.2701450524, 0.0]]}}, {"type": "Feature", "id": "https://registry.gdi-de.org/de.nw/radnetz/instances/Section_Wuppertal_1227009_665", "name": " (ex-nw:Section_Wuppertal_1227009_665)", "dateprops": [], "properties": {"https://registry.gdi-de.org/up3/ontology/quell-ID": "1227009", "https://registry.gdi-de.org/up3/ontology/steigung": "0.5047657", "https://registry.gdi-de.org/up3/ontology/strecken-ID": "Section_Wuppertal_1227009_665", "http://rdfs.org/ns/void#inDataset.value": "4635"}, "geometry": {"type": "LineString", "coordinates": [[7.1521940477, 51.2588486242, 146.35], [7.1515723069, 51.2588853274, 146.57]]}}, {"type": "Feature", "id": "https://registry.gdi-de.org/de.nw/radnetz/instances/Section_Wuppertal_1229710_750", "name": " (ex-nw:Section_Wuppertal_1229710_750)", "dateprops": [], "properties": {"https://registry.gdi-de.org/up3/ontology/quell-ID": "1229710", "https://registry.gdi-de.org/up3/ontology/steigung": "0.1406917", "https://registry.gdi-de.org/up3/ontology/strecken-ID": "Section_Wuppertal_1229710_750", "http://rdfs.org/ns/void#inDataset.value": "4635"}, "geometry": {"type": "LineString", "coordinates": [[7.1246578364, 51.2494351032, 139.9], [7.1247401763, 51.2494751616, 139.9053], [7.1248196651, 51.2495126751, 139.92]]}}, {"type": "Feature", "id": "https://registry.gdi-de.org/de.nw/radnetz/instances/Section_Wuppertal_12625_271_right", "name": " (ex-nw:Section_Wuppertal_12625_271_right)", "dateprops": [], "properties": {"https://registry.gdi-de.org/up3/ontology/quell-ID": "12625", "https://registry.gdi-de.org/up3/ontology/steigung": "4.945657", "https://registry.gdi-de.org/up3/ontology/strecken-ID": "Section_Wuppertal_12625_271_right", "http://rdfs.org/ns/void#inDataset.value": "4635"}, "geometry": {"type": "LineString", "coordinates": [[7.0725390644, 51.2709511315, 162.87], [7.0727480261, 51.2695813342, 170.44]]}}, {"type": "Feature", "id": "https://registry.gdi-de.org/de.nw/radnetz/instances/Section_Wuppertal_4877_108_left", "name": " (ex-nw:Section_Wuppertal_4877_108_left)", "dateprops": [], "properties": {"https://registry.gdi-de.org/up3/ontology/quell-ID": "4877", "https://registry.gdi-de.org/up3/ontology/steigung": "0.7274681", "https://registry.gdi-de.org/up3/ontology/strecken-ID": "Section_Wuppertal_4877_108_left", "http://rdfs.org/ns/void#inDataset.value": "4635"}, "geometry": {"type": "LineString", "coordinates": [[7.2042972312, 51.2712644837, 155.52], [7.2051197577, 51.2714720105, 155.97]]}}, {"type": "Feature", "id": "https://registry.gdi-de.org/de.nw/radnetz/instances/Section_Wuppertal_1228362_706", "name": " (ex-nw:Section_Wuppertal_1228362_706)", "dateprops": [], "properties": {"https://registry.gdi-de.org/up3/ontology/quell-ID": "1228362", "https://registry.gdi-de.org/up3/ontology/steigung": "0.8312336", "https://registry.gdi-de.org/up3/ontology/strecken-ID": "Section_Wuppertal_1228362_706", "http://rdfs.org/ns/void#inDataset.value": "4635"}, "geometry": {"type": "LineString", "coordinates": [[7.1385669253, 51.2542032111, 141.85], [7.1391970801, 51.2543500209, 142.24]]}}, {"type": "Feature", "id": "https://registry.gdi-de.org/de.nw/radnetz/instances/Section_Wuppertal_1229741_756", "name": " (ex-nw:Section_Wuppertal_1229741_756)", "dateprops": [], "properties": {"https://registry.gdi-de.org/up3/ontology/quell-ID": "1229741", "https://registry.gdi-de.org/up3/ontology/steigung": "1.34826", "https://registry.gdi-de.org/up3/ontology/strecken-ID": "Section_Wuppertal_1229741_756", "http://rdfs.org/ns/void#inDataset.value": "4635"}, "geometry": {"type": "LineString", "coordinates": [[7.1679769052, 51.2390286139, 320.63], [7.1680250186, 51.2391851586, 0.0], [7.1680210956, 51.2392838929, 0.0], [7.1681087721, 51.2394073076, 0.0], [7.1681904286, 51.2394492663, 0.0], [7.1683007646, 51.2394684285, 0.0], [7.1683840365, 51.2394697319, 0.0], [7.1695630669, 51.2398543063, 0.0], [7.1698078115, 51.2399859878, 0.0], [7.1702535774, 51.240184739, 0.0], [7.1707814673, 51.24041383, 0.0], [7.173279905, 51.2416151615, 0.0], [7.1740345486, 51.2419640068, 0.0], [7.1744639165, 51.2421101818, 0.0], [7.1749390908, 51.2422686933, 0.0], [7.1753231173, 51.2423909127, 0.0], [7.1755886973, 51.2424647916, 0.0], [7.1758834138, 51.242504255, 0.0], [7.1761910611, 51.2424509351, 0.0], [7.1764792834, 51.2424205579, 0.0], [7.176740894, 51.2423607078, 0.0], [7.1770302839, 51.2422765021, 331.09]]}}, {"type": "Feature", "id": "https://registry.gdi-de.org/de.nw/radnetz/instances/Section_Wuppertal_1223001_295", "name": " (ex-nw:Section_Wuppertal_1223001_295)", "dateprops": [], "properties": {"https://registry.gdi-de.org/up3/ontology/quell-ID": "1223001", "https://registry.gdi-de.org/up3/ontology/steigung": "0.2131332", "https://registry.gdi-de.org/up3/ontology/strecken-ID": "Section_Wuppertal_1223001_295", "http://rdfs.org/ns/void#inDataset.value": "4635"}, "geometry": {"type": "LineString", "coordinates": [[7.0833751467, 51.2459643973, 174.84], [7.084954627, 51.2468328103, 0.0], [7.0860733217, 51.2474198734, 0.0], [7.0871725354, 51.2479807543, 0.0], [7.0883216258, 51.2485812182, 0.0], [7.0889785136, 51.248882791, 0.0], [7.0901590584, 51.2494708243, 0.0], [7.0906634698, 51.2497246568, 0.0], [7.0916450933, 51.2502090685, 176.43]]}}, {"type": "Feature", "id": "https://registry.gdi-de.org/de.nw/radnetz/instances/Section_Wuppertal_1229877_797", "name": " (ex-nw:Section_Wuppertal_1229877_797)", "dateprops": [], "properties": {"https://registry.gdi-de.org/up3/ontology/quell-ID": "1229877", "https://registry.gdi-de.org/up3/ontology/steigung": "0.06051362", "https://registry.gdi-de.org/up3/ontology/strecken-ID": "Section_Wuppertal_1229877_797", "http://rdfs.org/ns/void#inDataset.value": "4635"}, "geometry": {"type": "LineString", "coordinates": [[7.1120803276, 51.1868735681, 129.69], [7.1107922981, 51.1873062765, 0.0], [7.1099658084, 51.1876905933, 0.0], [7.1087100665, 51.1884159241, 0.0], [7.1080329914, 51.1890139048, 0.0], [7.1076498741, 51.1891941148, 0.0], [7.1073153565, 51.1896360799, 129.97]]}}, {"type": "Feature", "id": "https://registry.gdi-de.org/de.nw/radnetz/instances/Section_Wuppertal_7407_153_right", "name": " (ex-nw:Section_Wuppertal_7407_153_right)", "dateprops": [], "properties": {"https://registry.gdi-de.org/up3/ontology/quell-ID": "7407", "https://registry.gdi-de.org/up3/ontology/steigung": "0.8728333", "https://registry.gdi-de.org/up3/ontology/strecken-ID": "Section_Wuppertal_7407_153_right", "http://rdfs.org/ns/void#inDataset.value": "4635"}, "geometry": {"type": "LineString", "coordinates": [[7.2573887427, 51.2832620162, 181.25], [7.2596697315, 51.2837584563, 182.72]]}}, {"type": "Feature", "id": "https://registry.gdi-de.org/de.nw/radnetz/instances/Section_Wuppertal_1223134_345", "name": " (ex-nw:Section_Wuppertal_1223134_345)", "dateprops": [], "properties": {"https://registry.gdi-de.org/up3/ontology/quell-ID": "1223134", "https://registry.gdi-de.org/up3/ontology/steigung": "2.470413", "https://registry.gdi-de.org/up3/ontology/strecken-ID": "Section_Wuppertal_1223134_345", "http://rdfs.org/ns/void#inDataset.value": "4635"}, "geometry": {"type": "LineString", "coordinates": [[7.227264576, 51.2855935188, 191.19], [7.2271429433, 51.2853811706, 191.81]]}}, {"type": "Feature", "id": "https://registry.gdi-de.org/de.nw/radnetz/instances/Section_Wuppertal_7890_164_right", "name": " (ex-nw:Section_Wuppertal_7890_164_right)", "dateprops": [], "properties": {"https://registry.gdi-de.org/up3/ontology/quell-ID": "7890", "https://registry.gdi-de.org/up3/ontology/steigung": "1.013752", "https://registry.gdi-de.org/up3/ontology/strecken-ID": "Section_Wuppertal_7890_164_right", "http://rdfs.org/ns/void#inDataset.value": "4635"}, "geometry": {"type": "LineString", "coordinates": [[7.146373373, 51.2563149467, 142.89], [7.1464829855, 51.2561041781, 143.14]]}}, {"type": "Feature", "id": "https://registry.gdi-de.org/de.nw/radnetz/instances/Section_Wuppertal_1226034_531", "name": " (ex-nw:Section_Wuppertal_1226034_531)", "dateprops": [], "properties": {"https://registry.gdi-de.org/up3/ontology/quell-ID": "1226034", "https://registry.gdi-de.org/up3/ontology/steigung": "0.4244291", "https://registry.gdi-de.org/up3/ontology/strecken-ID": "Section_Wuppertal_1226034_531", "http://rdfs.org/ns/void#inDataset.value": "4635"}, "geometry": {"type": "LineString", "coordinates": [[7.1292259324, 51.2515738622, 140.41], [7.1293353291, 51.2516235175, 140.45]]}}, {"type": "Feature", "id": "https://registry.gdi-de.org/de.nw/radnetz/instances/Section_Wuppertal_1229582_731_right", "name": " (ex-nw:Section_Wuppertal_1229582_731_right)", "dateprops": [], "properties": {"https://registry.gdi-de.org/up3/ontology/quell-ID": "1229582", "https://registry.gdi-de.org/up3/ontology/steigung": "2.564888", "https://registry.gdi-de.org/up3/ontology/strecken-ID": "Section_Wuppertal_1229582_731_right", "http://rdfs.org/ns/void#inDataset.value": "4635"}, "geometry": {"type": "LineString", "coordinates": [[7.0882929657, 51.2363803404, 136.47], [7.0882320347, 51.2363555776, 136.6]]}}, {"type": "Feature", "id": "https://registry.gdi-de.org/de.nw/radnetz/instances/Section_Wuppertal_1225516_1042_right", "name": " (ex-nw:Section_Wuppertal_1225516_1042_right)", "dateprops": [], "properties": {"https://registry.gdi-de.org/up3/ontology/quell-ID": "1225516", "https://registry.gdi-de.org/up3/ontology/steigung": "1.918788", "https://registry.gdi-de.org/up3/ontology/strecken-ID": "Section_Wuppertal_1225516_1042_right", "http://rdfs.org/ns/void#inDataset.value": "4635"}, "geometry": {"type": "LineString", "coordinates": [[7.1301921386, 51.2716901964, 0.0], [7.1301917105, 51.271769847, 0.0]]}}, {"type": "Feature", "id": "https://registry.gdi-de.org/de.nw/radnetz/instances/Section_Wuppertal_3905_93_left", "name": " (ex-nw:Section_Wuppertal_3905_93_left)", "dateprops": [], "properties": {"https://registry.gdi-de.org/up3/ontology/quell-ID": "3905", "https://registry.gdi-de.org/up3/ontology/steigung": "1.2719", "https://registry.gdi-de.org/up3/ontology/strecken-ID": "Section_Wuppertal_3905_93_left", "http://rdfs.org/ns/void#inDataset.value": "4635"}, "geometry": {"type": "LineString", "coordinates": [[7.097301571, 51.236521, 136.35], [7.0975331396, 51.2367211751, 136.7]]}}, {"type": "Feature", "id": "https://registry.gdi-de.org/de.nw/radnetz/instances/Section_Wuppertal_1226083_536", "name": " (ex-nw:Section_Wuppertal_1226083_536)", "dateprops": [], "properties": {"https://registry.gdi-de.org/up3/ontology/quell-ID": "1226083", "https://registry.gdi-de.org/up3/ontology/steigung": "1.648859", "https://registry.gdi-de.org/up3/ontology/strecken-ID": "Section_Wuppertal_1226083_536", "http://rdfs.org/ns/void#inDataset.value": "4635"}, "geometry": {"type": "LineString", "coordinates": [[7.2351004017, 51.2389801493, 290.85], [7.2349506995, 51.2390862944, 291.11]]}}, {"type": "Feature", "id": "https://registry.gdi-de.org/de.nw/radnetz/instances/Section_Wuppertal_8354_171_right", "name": " (ex-nw:Section_Wuppertal_8354_171_right)", "dateprops": [], "properties": {"https://registry.gdi-de.org/up3/ontology/quell-ID": "8354", "https://registry.gdi-de.org/up3/ontology/steigung": "5.131548", "https://registry.gdi-de.org/up3/ontology/strecken-ID": "Section_Wuppertal_8354_171_right", "http://rdfs.org/ns/void#inDataset.value": "4635"}, "geometry": {"type": "LineString", "coordinates": [[7.1202625629, 51.2038427017, 272.0], [7.1221459673, 51.2042266126, 279.1]]}}, {"type": "Feature", "id": "https://registry.gdi-de.org/de.nw/radnetz/instances/Section_Wuppertal_1229796_768", "name": " (ex-nw:Section_Wuppertal_1229796_768)", "dateprops": [], "properties": {"https://registry.gdi-de.org/up3/ontology/quell-ID": "1229796", "https://registry.gdi-de.org/up3/ontology/steigung": "0.7264856", "https://registry.gdi-de.org/up3/ontology/strecken-ID": "Section_Wuppertal_1229796_768", "http://rdfs.org/ns/void#inDataset.value": "4635"}, "geometry": {"type": "LineString", "coordinates": [[7.1084917725, 51.2286653338, 135.63], [7.1087083041, 51.2286226595, 0.0], [7.108890895, 51.2285811682, 0.0], [7.1092486206, 51.228488189, 0.0], [7.1095281535, 51.2283840689, 0.0], [7.1098889081, 51.228217066, 0.0], [7.110163409, 51.2280437306, 0.0], [7.110453627, 51.2278706494, 0.0], [7.1106739164, 51.2276766846, 0.0], [7.1108226623, 51.227501317, 0.0], [7.110888771, 51.2274233765, 0.0], [7.1109413835, 51.2272908982, 0.0], [7.1109549017, 51.2271528514, 0.0], [7.1110159794, 51.227005697, 0.0], [7.1111177671, 51.2268246327, 0.0], [7.1111947648, 51.2266727962, 0.0], [7.1113378671, 51.2264430188, 0.0], [7.1114207224, 51.2261480743, 0.0], [7.1114795948, 51.2258626182, 0.0], [7.1114844632, 51.2255516004, 0.0], [7.1114639372, 51.2252846152, 0.0], [7.1113495071, 51.2250062379, 0.0], [7.111270535, 51.2248222554, 0.0], [7.1111220442, 51.2246075224, 0.0], [7.1108800589, 51.2243715279, 0.0], [7.1106983178, 51.2242007, 0.0], [7.1105320953, 51.2240350598, 0.0], [7.1103723166, 51.2239040905, 0.0], [7.1101506796, 51.223747431, 0.0], [7.1098510632, 51.2235746977, 0.0], [7.1093511704, 51.2232999667, 0.0], [7.1088117874, 51.2230295334, 0.0], [7.1085182185, 51.2229013361, 0.0], [7.1081412432, 51.2226977195, 0.0], [7.1078571561, 51.2225301703, 0.0], [7.1075513183, 51.2223178259, 0.0], [7.1073460231, 51.2221466108, 0.0], [7.1071886895, 51.2219564203, 0.0], [7.1070170574, 51.2217314311, 0.0], [7.1068170316, 51.2214319123, 0.0], [7.106724999, 51.2211835207, 143.23]]}}, {"type": "Feature", "id": "https://registry.gdi-de.org/de.nw/radnetz/instances/Section_Wuppertal_1229780_767", "name": " (ex-nw:Section_Wuppertal_1229780_767)", "dateprops": [], "properties": {"https://registry.gdi-de.org/up3/ontology/quell-ID": "1229780", "https://registry.gdi-de.org/up3/ontology/steigung": "0.9103971", "https://registry.gdi-de.org/up3/ontology/strecken-ID": "Section_Wuppertal_1229780_767", "http://rdfs.org/ns/void#inDataset.value": "4635"}, "geometry": {"type": "LineString", "coordinates": [[7.1663880031, 51.239809925, 325.08], [7.1661499707, 51.2398833567, 0.0], [7.1660083938, 51.2398246781, 0.0], [7.1659244972, 51.2398233632, 0.0], [7.1658799984, 51.2397360952, 0.0], [7.1657336276, 51.2396472295, 0.0], [7.1654259074, 51.2395445423, 0.0], [7.1652663552, 51.239485581, 0.0], [7.1650894249, 51.2394112915, 0.0], [7.1648602089, 51.2392947784, 0.0], [7.1645120442, 51.2391538146, 0.0], [7.1641692745, 51.2390279907, 0.0], [7.163896168, 51.2389597187, 0.0], [7.1636533256, 51.2388843919, 0.0], [7.1634443719, 51.2388130921, 327.32]]}}, {"type": "Feature", "id": "https://registry.gdi-de.org/de.nw/radnetz/instances/Section_Wuppertal_1224814_434", "name": " (ex-nw:Section_Wuppertal_1224814_434)", "dateprops": [], "properties": {"https://registry.gdi-de.org/up3/ontology/quell-ID": "1224814", "https://registry.gdi-de.org/up3/ontology/steigung": "3.535556", "https://registry.gdi-de.org/up3/ontology/strecken-ID": "Section_Wuppertal_1224814_434", "http://rdfs.org/ns/void#inDataset.value": "4635"}, "geometry": {"type": "LineString", "coordinates": [[7.2065532339, 51.2731443474, 156.34], [7.206825821, 51.2730163271, 157.18]]}}, {"type": "Feature", "id": "https://registry.gdi-de.org/de.nw/radnetz/instances/Section_Wuppertal_11532_242", "name": " (ex-nw:Section_Wuppertal_11532_242)", "dateprops": [], "properties": {"https://registry.gdi-de.org/up3/ontology/quell-ID": "11532", "https://registry.gdi-de.org/up3/ontology/steigung": "7.919374", "https://registry.gdi-de.org/up3/ontology/strecken-ID": "Section_Wuppertal_11532_242", "http://rdfs.org/ns/void#inDataset.value": "4635"}, "geometry": {"type": "LineString", "coordinates": [[7.1638052647, 51.2276262937, 234.94], [7.1623947754, 51.2284673178, 0.0], [7.1618981078, 51.2286430439, 0.0], [7.1613575924, 51.2287832377, 0.0], [7.1610915138, 51.2290196029, 0.0], [7.1609412946, 51.2293087501, 0.0], [7.1607036106, 51.2295358347, 0.0], [7.1604213905, 51.2301380384, 0.0], [7.1599200382, 51.2308290695, 0.0], [7.1595975896, 51.2311019366, 0.0], [7.1585123173, 51.231786865, 283.43]]}}, {"type": "Feature", "id": "https://registry.gdi-de.org/de.nw/radnetz/instances/Section_Wuppertal_831_879_right", "name": " (ex-nw:Section_Wuppertal_831_879_right)", "dateprops": [], "properties": {"https://registry.gdi-de.org/up3/ontology/quell-ID": "831", "https://registry.gdi-de.org/up3/ontology/steigung": "0.2643228", "https://registry.gdi-de.org/up3/ontology/strecken-ID": "Section_Wuppertal_831_879_right", "http://rdfs.org/ns/void#inDataset.value": "4635"}, "geometry": {"type": "LineString", "coordinates": [[7.049113616, 51.2194987888, 174.89], [7.050049615, 51.2201063857, 0.0], [7.0527721674, 51.2213544527, 0.0], [7.0532405624, 51.2216685964, 0.0], [7.0536603156, 51.2220343318, 176.01]]}}, {"type": "Feature", "id": "https://registry.gdi-de.org/de.nw/radnetz/instances/Section_Wuppertal_1226790_630_left", "name": " (ex-nw:Section_Wuppertal_1226790_630_left)", "dateprops": [], "properties": {"https://registry.gdi-de.org/up3/ontology/quell-ID": "1226790", "https://registry.gdi-de.org/up3/ontology/steigung": "5.730964", "https://registry.gdi-de.org/up3/ontology/strecken-ID": "Section_Wuppertal_1226790_630_left", "http://rdfs.org/ns/void#inDataset.value": "4635"}, "geometry": {"type": "LineString", "coordinates": [[7.2268223725, 51.2529312431, 196.72], [7.2267522074, 51.2528417928, 0.0], [7.226638778, 51.2526942133, 198.4]]}}, {"type": "Feature", "id": "https://registry.gdi-de.org/de.nw/radnetz/instances/Section_Wuppertal_1226458_578_right", "name": " (ex-nw:Section_Wuppertal_1226458_578_right)", "dateprops": [], "properties": {"https://registry.gdi-de.org/up3/ontology/quell-ID": "1226458", "https://registry.gdi-de.org/up3/ontology/steigung": "2.435689", "https://registry.gdi-de.org/up3/ontology/strecken-ID": "Section_Wuppertal_1226458_578_right", "http://rdfs.org/ns/void#inDataset.value": "4635"}, "geometry": {"type": "LineString", "coordinates": [[7.1064119576, 51.2559190674, 163.83], [7.1065936612, 51.2560914727, 164.39]]}}, {"type": "Feature", "id": "https://registry.gdi-de.org/de.nw/radnetz/instances/Section_Wuppertal_1226644_613", "name": " (ex-nw:Section_Wuppertal_1226644_613)", "dateprops": [], "properties": {"https://registry.gdi-de.org/up3/ontology/quell-ID": "1226644", "https://registry.gdi-de.org/up3/ontology/steigung": "1.615086", "https://registry.gdi-de.org/up3/ontology/strecken-ID": "Section_Wuppertal_1226644_613", "http://rdfs.org/ns/void#inDataset.value": "4635"}, "geometry": {"type": "LineString", "coordinates": [[7.237293183, 51.2736601013, 198.68], [7.2374035153, 51.2736812479, 198.81]]}}, {"type": "Feature", "id": "https://registry.gdi-de.org/de.nw/radnetz/instances/Section_Wuppertal_1226905_645", "name": " (ex-nw:Section_Wuppertal_1226905_645)", "dateprops": [], "properties": {"https://registry.gdi-de.org/up3/ontology/quell-ID": "1226905", "https://registry.gdi-de.org/up3/ontology/steigung": "0.9287962", "https://registry.gdi-de.org/up3/ontology/strecken-ID": "Section_Wuppertal_1226905_645", "http://rdfs.org/ns/void#inDataset.value": "4635"}, "geometry": {"type": "LineString", "coordinates": [[7.2352040751, 51.2770788088, 167.92], [7.2354098057, 51.2771294285, 0.0], [7.2360385642, 51.2772797088, 0.0], [7.2360909164, 51.2773016744, 168.54]]}}, {"type": "Feature", "id": "https://registry.gdi-de.org/de.nw/radnetz/instances/Section_Wuppertal_1225024_1040_right", "name": " (ex-nw:Section_Wuppertal_1225024_1040_right)", "dateprops": [], "properties": {"https://registry.gdi-de.org/up3/ontology/quell-ID": "1225024", "https://registry.gdi-de.org/up3/ontology/steigung": "6.081487", "https://registry.gdi-de.org/up3/ontology/strecken-ID": "Section_Wuppertal_1225024_1040_right", "http://rdfs.org/ns/void#inDataset.value": "4635"}, "geometry": {"type": "LineString", "coordinates": [[7.130304144, 51.2700220977, 0.0], [7.130253554, 51.27046593, 0.0]]}}, {"type": "Feature", "id": "https://registry.gdi-de.org/de.nw/radnetz/instances/Section_Wuppertal_458_13_right", "name": " (ex-nw:Section_Wuppertal_458_13_right)", "dateprops": [], "properties": {"https://registry.gdi-de.org/up3/ontology/quell-ID": "458", "https://registry.gdi-de.org/up3/ontology/steigung": "0.8996342", "https://registry.gdi-de.org/up3/ontology/strecken-ID": "Section_Wuppertal_458_13_right", "http://rdfs.org/ns/void#inDataset.value": "4635"}, "geometry": {"type": "LineString", "coordinates": [[7.2371578018, 51.2655017349, 167.03], [7.237037858, 51.2643950209, 168.14]]}}, {"type": "Feature", "id": "https://registry.gdi-de.org/de.nw/radnetz/instances/Section_Wuppertal_1229704_748", "name": " (ex-nw:Section_Wuppertal_1229704_748)", "dateprops": [], "properties": {"https://registry.gdi-de.org/up3/ontology/quell-ID": "1229704", "https://registry.gdi-de.org/up3/ontology/steigung": "2.463316", "https://registry.gdi-de.org/up3/ontology/strecken-ID": "Section_Wuppertal_1229704_748", "http://rdfs.org/ns/void#inDataset.value": "4635"}, "geometry": {"type": "LineString", "coordinates": [[7.2351704379, 51.2389092468, 290.62], [7.235135574, 51.2389475197, 290.4324], [7.2351340161, 51.2389474962, 290.4425], [7.2351004017, 51.2389801493, 290.85]]}}, {"type": "Feature", "id": "https://registry.gdi-de.org/de.nw/radnetz/instances/Section_Wuppertal_7594_155_left", "name": " (ex-nw:Section_Wuppertal_7594_155_left)", "dateprops": [], "properties": {"https://registry.gdi-de.org/up3/ontology/quell-ID": "7594", "https://registry.gdi-de.org/up3/ontology/steigung": "0.08396329", "https://registry.gdi-de.org/up3/ontology/strecken-ID": "Section_Wuppertal_7594_155_left", "http://rdfs.org/ns/void#inDataset.value": "4635"}, "geometry": {"type": "LineString", "coordinates": [[7.1402142949, 51.2109413738, 298.14], [7.1400229783, 51.2107275031, 0.0], [7.1395492266, 51.2104645175, 298.2]]}}, {"type": "Feature", "id": "https://registry.gdi-de.org/de.nw/radnetz/instances/Section_Wuppertal_1226411_568_right", "name": " (ex-nw:Section_Wuppertal_1226411_568_right)", "dateprops": [], "properties": {"https://registry.gdi-de.org/up3/ontology/quell-ID": "1226411", "https://registry.gdi-de.org/up3/ontology/steigung": "0.625768", "https://registry.gdi-de.org/up3/ontology/strecken-ID": "Section_Wuppertal_1226411_568_right", "http://rdfs.org/ns/void#inDataset.value": "4635"}, "geometry": {"type": "LineString", "coordinates": [[7.2448087002, 51.2544682008, 173.51], [7.2450378207, 51.2544723149, 173.6135], [7.2453749946, 51.2544925184, 173.7663], [7.2457306953, 51.2545016368, 173.9266], [7.2461106659, 51.2545073318, 174.0972], [7.2465684662, 51.2545293395, 174.3025], [7.2467975105, 51.2545365579, 174.4047], [7.246978017, 51.2545506227, 174.4857], [7.2472188365, 51.2545655897, 174.5932], [7.24734463, 51.2545901953, 174.6517], [7.2477043487, 51.2546523844, 174.8172], [7.2480512861, 51.2547333159, 174.9813], [7.2485110935, 51.2548613782, 175.2043], [7.2489044148, 51.2549922308, 175.4016], [7.2493152578, 51.2551384911, 175.6107], [7.249607346, 51.2552337443, 175.7563], [7.2498936898, 51.2553213379, 175.8971], [7.2501505956, 51.2553895558, 176.0203], [7.2504255982, 51.2554580446, 176.1509], [7.2506623866, 51.2555026032, 176.21]]}}, {"type": "Feature", "id": "https://registry.gdi-de.org/de.nw/radnetz/instances/Section_Wuppertal_1226309_556_left", "name": " (ex-nw:Section_Wuppertal_1226309_556_left)", "dateprops": [], "properties": {"https://registry.gdi-de.org/up3/ontology/quell-ID": "1226309", "https://registry.gdi-de.org/up3/ontology/steigung": "8.248365", "https://registry.gdi-de.org/up3/ontology/strecken-ID": "Section_Wuppertal_1226309_556_left", "http://rdfs.org/ns/void#inDataset.value": "4635"}, "geometry": {"type": "LineString", "coordinates": [[7.0908696663, 51.2593318848, 226.03], [7.0911477711, 51.2597456458, 230.15]]}}, {"type": "Feature", "id": "https://registry.gdi-de.org/de.nw/radnetz/instances/Section_Wuppertal_1225788_504_left", "name": " (ex-nw:Section_Wuppertal_1225788_504_left)", "dateprops": [], "properties": {"https://registry.gdi-de.org/up3/ontology/quell-ID": "1225788", "https://registry.gdi-de.org/up3/ontology/steigung": "0.8224434", "https://registry.gdi-de.org/up3/ontology/strecken-ID": "Section_Wuppertal_1225788_504_left", "http://rdfs.org/ns/void#inDataset.value": "4635"}, "geometry": {"type": "LineString", "coordinates": [[7.2060812439, 51.2720406965, 156.42], [7.2061718896, 51.272124202, 0.0], [7.2064370343, 51.2725257258, 156.91]]}}, {"type": "Feature", "id": "https://registry.gdi-de.org/de.nw/radnetz/instances/Section_Wuppertal_1226553_590_left", "name": " (ex-nw:Section_Wuppertal_1226553_590_left)", "dateprops": [], "properties": {"https://registry.gdi-de.org/up3/ontology/quell-ID": "1226553", "https://registry.gdi-de.org/up3/ontology/steigung": "3.064745", "https://registry.gdi-de.org/up3/ontology/strecken-ID": "Section_Wuppertal_1226553_590_left", "http://rdfs.org/ns/void#inDataset.value": "4635"}, "geometry": {"type": "LineString", "coordinates": [[7.1620431262, 51.3002648807, 301.15], [7.1626537615, 51.3000435947, 0.0], [7.16303781, 51.2999136197, 303.59]]}}, {"type": "Feature", "id": "https://registry.gdi-de.org/de.nw/radnetz/instances/Section_Wuppertal_1226425_572", "name": " (ex-nw:Section_Wuppertal_1226425_572)", "dateprops": [], "properties": {"https://registry.gdi-de.org/up3/ontology/quell-ID": "1226425", "https://registry.gdi-de.org/up3/ontology/steigung": "2.519728", "https://registry.gdi-de.org/up3/ontology/strecken-ID": "Section_Wuppertal_1226425_572", "http://rdfs.org/ns/void#inDataset.value": "4635"}, "geometry": {"type": "LineString", "coordinates": [[7.2032681844, 51.2778428431, 171.78], [7.203507083, 51.2781587748, 172.76]]}}, {"type": "Feature", "id": "https://registry.gdi-de.org/de.nw/radnetz/instances/Section_Wuppertal_1230021_830", "name": " (ex-nw:Section_Wuppertal_1230021_830)", "dateprops": [], "properties": {"https://registry.gdi-de.org/up3/ontology/quell-ID": "1230021", "https://registry.gdi-de.org/up3/ontology/steigung": "0.1343133", "https://registry.gdi-de.org/up3/ontology/strecken-ID": "Section_Wuppertal_1230021_830", "http://rdfs.org/ns/void#inDataset.value": "4635"}, "geometry": {"type": "LineString", "coordinates": [[7.2501642961, 51.1807777903, 0.0], [7.2502986108, 51.179795245, 0.0], [7.2503147667, 51.1793685799, 0.0], [7.2505491021, 51.1785609626, 0.0], [7.2544614112, 51.1738807525, 0.0], [7.255660349, 51.1727033012, 0.0], [7.2564246438, 51.1722451002, 0.0], [7.2604964888, 51.1705127232, 0.0], [7.2621574226, 51.1696836017, 0.0], [7.2626437219, 51.1693919916, 0.0], [7.2639134038, 51.1681301268, 0.0], [7.2644108888, 51.1675398404, 0.0], [7.2647886481, 51.1665208704, 0.0], [7.2656926384, 51.1641436011, 0.0]]}}, {"type": "Feature", "id": "https://registry.gdi-de.org/de.nw/radnetz/instances/Section_Wuppertal_1223075_325", "name": " (ex-nw:Section_Wuppertal_1223075_325)", "dateprops": [], "properties": {"https://registry.gdi-de.org/up3/ontology/quell-ID": "1223075", "https://registry.gdi-de.org/up3/ontology/steigung": "0.03568646", "https://registry.gdi-de.org/up3/ontology/strecken-ID": "Section_Wuppertal_1223075_325", "http://rdfs.org/ns/void#inDataset.value": "4635"}, "geometry": {"type": "LineString", "coordinates": [[7.190254795, 51.2724340432, 181.35], [7.1898533099, 51.2724274508, 181.36]]}}, {"type": "Feature", "id": "https://registry.gdi-de.org/de.nw/radnetz/instances/Section_Wuppertal_1225955_522_right", "name": " (ex-nw:Section_Wuppertal_1225955_522_right)", "dateprops": [], "properties": {"https://registry.gdi-de.org/up3/ontology/quell-ID": "1225955", "https://registry.gdi-de.org/up3/ontology/steigung": "0.4041094", "https://registry.gdi-de.org/up3/ontology/strecken-ID": "Section_Wuppertal_1225955_522_right", "http://rdfs.org/ns/void#inDataset.value": "4635"}, "geometry": {"type": "LineString", "coordinates": [[7.0627110169, 51.2247673557, 201.93], [7.0624342509, 51.224667926, 202.02]]}}, {"type": "Feature", "id": "https://registry.gdi-de.org/de.nw/radnetz/instances/Section_Wuppertal_1229583_732_right", "name": " (ex-nw:Section_Wuppertal_1229583_732_right)", "dateprops": [], "properties": {"https://registry.gdi-de.org/up3/ontology/quell-ID": "1229583", "https://registry.gdi-de.org/up3/ontology/steigung": "1.51546", "https://registry.gdi-de.org/up3/ontology/strecken-ID": "Section_Wuppertal_1229583_732_right", "http://rdfs.org/ns/void#inDataset.value": "4635"}, "geometry": {"type": "LineString", "coordinates": [[7.0882320347, 51.2363555776, 136.6], [7.0876053572, 51.2361008896, 137.39]]}}, {"type": "Feature", "id": "https://registry.gdi-de.org/de.nw/radnetz/instances/Section_Wuppertal_1225445_477_left", "name": " (ex-nw:Section_Wuppertal_1225445_477_left)", "dateprops": [], "properties": {"https://registry.gdi-de.org/up3/ontology/quell-ID": "1225445", "https://registry.gdi-de.org/up3/ontology/steigung": "0.7887458", "https://registry.gdi-de.org/up3/ontology/strecken-ID": "Section_Wuppertal_1225445_477_left", "http://rdfs.org/ns/void#inDataset.value": "4635"}, "geometry": {"type": "LineString", "coordinates": [[7.2297600522, 51.2584307445, 180.7], [7.2297565885, 51.2586017062, 180.85]]}}, {"type": "Feature", "id": "https://registry.gdi-de.org/de.nw/radnetz/instances/Section_Wuppertal_1229758_899", "name": " (ex-nw:Section_Wuppertal_1229758_899)", "dateprops": [], "properties": {"https://registry.gdi-de.org/up3/ontology/quell-ID": "1229758", "https://registry.gdi-de.org/up3/ontology/steigung": "0.4573221", "https://registry.gdi-de.org/up3/ontology/strecken-ID": "Section_Wuppertal_1229758_899", "http://rdfs.org/ns/void#inDataset.value": "4635"}, "geometry": {"type": "LineString", "coordinates": [[7.1736975669, 51.2422422872, 320.92], [7.1722800283, 51.2416145391, 0.0], [7.171271095, 51.2411997272, 0.0], [7.1707325627, 51.2409896401, 0.0], [7.1696630236, 51.2405524128, 0.0], [7.1689487605, 51.240292369, 0.0], [7.1688411601, 51.2402477773, 0.0], [7.1686527747, 51.2401718851, 0.0], [7.1684025668, 51.2401036061, 0.0], [7.1678253016, 51.2400087521, 0.0], [7.1676382404, 51.2399131247, 323.2]]}}, {"type": "Feature", "id": "https://registry.gdi-de.org/de.nw/radnetz/instances/Section_Wuppertal_7420_154_left", "name": " (ex-nw:Section_Wuppertal_7420_154_left)", "dateprops": [], "properties": {"https://registry.gdi-de.org/up3/ontology/quell-ID": "7420", "https://registry.gdi-de.org/up3/ontology/steigung": "5.587338", "https://registry.gdi-de.org/up3/ontology/strecken-ID": "Section_Wuppertal_7420_154_left", "http://rdfs.org/ns/void#inDataset.value": "4635"}, "geometry": {"type": "LineString", "coordinates": [[7.2301068598, 51.2432185628, 264.03], [7.2307993623, 51.2432592341, 0.0], [7.2320663516, 51.243397936, 271.76]]}}, {"type": "Feature", "id": "https://registry.gdi-de.org/de.nw/radnetz/instances/Section_Wuppertal_1230022_831", "name": " (ex-nw:Section_Wuppertal_1230022_831)", "dateprops": [], "properties": {"https://registry.gdi-de.org/up3/ontology/quell-ID": "1230022", "https://registry.gdi-de.org/up3/ontology/steigung": "0.6761374", "https://registry.gdi-de.org/up3/ontology/strecken-ID": "Section_Wuppertal_1230022_831", "http://rdfs.org/ns/void#inDataset.value": "4635"}, "geometry": {"type": "LineString", "coordinates": [[7.2536350857, 51.1895275527, 0.01], [7.2536902614, 51.1888963405, 0.0], [7.2537418752, 51.1875310122, 0.0], [7.2536140041, 51.1855226455, 0.0], [7.2533650244, 51.1849212596, 0.0], [7.2529285207, 51.1838901659, 0.0], [7.2518778271, 51.182935274, 0.0], [7.2506283674, 51.1818493279, 0.0], [7.2501642961, 51.1807777903, 0.0]]}}, {"type": "Feature", "id": "https://registry.gdi-de.org/de.nw/radnetz/instances/Section_Wuppertal_1223072_322", "name": " (ex-nw:Section_Wuppertal_1223072_322)", "dateprops": [], "properties": {"https://registry.gdi-de.org/up3/ontology/quell-ID": "1223072", "https://registry.gdi-de.org/up3/ontology/steigung": "0.03076894", "https://registry.gdi-de.org/up3/ontology/strecken-ID": "Section_Wuppertal_1223072_322", "http://rdfs.org/ns/void#inDataset.value": "4635"}, "geometry": {"type": "LineString", "coordinates": [[7.1744169717, 51.2693195046, 180.96], [7.1758285183, 51.2695665671, 0.0], [7.1765639378, 51.2697279698, 0.0], [7.1779614751, 51.2700289399, 0.0], [7.1796141855, 51.2703390323, 0.0], [7.1812996636, 51.2706547804, 0.0], [7.1828759779, 51.270946887, 181.15]]}}, {"type": "Feature", "id": "https://registry.gdi-de.org/de.nw/radnetz/instances/Section_Wuppertal_1229722_1061_right", "name": " (ex-nw:Section_Wuppertal_1229722_1061_right)", "dateprops": [], "properties": {"https://registry.gdi-de.org/up3/ontology/quell-ID": "1229722", "https://registry.gdi-de.org/up3/ontology/steigung": "2.194119", "https://registry.gdi-de.org/up3/ontology/strecken-ID": "Section_Wuppertal_1229722_1061_right", "http://rdfs.org/ns/void#inDataset.value": "4635"}, "geometry": {"type": "LineString", "coordinates": [[7.168731901, 51.2804144191, 0.0], [7.1694849929, 51.2807327064, 0.0]]}}, {"type": "Feature", "id": "https://registry.gdi-de.org/de.nw/radnetz/instances/Section_Wuppertal_420_11_right", "name": " (ex-nw:Section_Wuppertal_420_11_right)", "dateprops": [], "properties": {"https://registry.gdi-de.org/up3/ontology/quell-ID": "420", "https://registry.gdi-de.org/up3/ontology/steigung": "0.6335149", "https://registry.gdi-de.org/up3/ontology/strecken-ID": "Section_Wuppertal_420_11_right", "http://rdfs.org/ns/void#inDataset.value": "4635"}, "geometry": {"type": "LineString", "coordinates": [[7.2328127772, 51.2586872855, 169.64], [7.2327460196, 51.2584352993, 169.82]]}}, {"type": "Feature", "id": "https://registry.gdi-de.org/de.nw/radnetz/instances/Section_Wuppertal_1228298_698_right", "name": " (ex-nw:Section_Wuppertal_1228298_698_right)", "dateprops": [], "properties": {"https://registry.gdi-de.org/up3/ontology/quell-ID": "1228298", "https://registry.gdi-de.org/up3/ontology/steigung": "1.030046", "https://registry.gdi-de.org/up3/ontology/strecken-ID": "Section_Wuppertal_1228298_698_right", "http://rdfs.org/ns/void#inDataset.value": "4635"}, "geometry": {"type": "LineString", "coordinates": [[7.0695182387, 51.2265798333, 198.56], [7.0689238323, 51.2266714625, 0.0], [7.0683650083, 51.2266930189, 0.0], [7.0677855516, 51.2266328898, 0.0], [7.0677144265, 51.2266168403, 199.88]]}}, {"type": "Feature", "id": "https://registry.gdi-de.org/de.nw/radnetz/instances/Section_Wuppertal_1229749_761", "name": " (ex-nw:Section_Wuppertal_1229749_761)", "dateprops": [], "properties": {"https://registry.gdi-de.org/up3/ontology/quell-ID": "1229749", "https://registry.gdi-de.org/up3/ontology/steigung": "3.918124", "https://registry.gdi-de.org/up3/ontology/strecken-ID": "Section_Wuppertal_1229749_761", "http://rdfs.org/ns/void#inDataset.value": "4635"}, "geometry": {"type": "LineString", "coordinates": [[7.1807253778, 51.2426569969, 325.1], [7.1808091419, 51.2426159857, 0.0], [7.1809913687, 51.2426188185, 0.0], [7.1813783123, 51.2426706131, 0.0], [7.1819282095, 51.2427516423, 0.0], [7.1829797164, 51.2429053134, 331.47]]}}, {"type": "Feature", "id": "https://registry.gdi-de.org/de.nw/radnetz/instances/Section_Wuppertal_1227808_686_left", "name": " (ex-nw:Section_Wuppertal_1227808_686_left)", "dateprops": [], "properties": {"https://registry.gdi-de.org/up3/ontology/quell-ID": "1227808", "https://registry.gdi-de.org/up3/ontology/steigung": "1.715394", "https://registry.gdi-de.org/up3/ontology/strecken-ID": "Section_Wuppertal_1227808_686_left", "http://rdfs.org/ns/void#inDataset.value": "4635"}, "geometry": {"type": "LineString", "coordinates": [[7.1461698614, 51.2584254918, 144.66], [7.1458533395, 51.2587524927, 145.39]]}}, {"type": "Feature", "id": "https://registry.gdi-de.org/de.nw/radnetz/instances/Section_Wuppertal_1229893_803", "name": " (ex-nw:Section_Wuppertal_1229893_803)", "dateprops": [], "properties": {"https://registry.gdi-de.org/up3/ontology/quell-ID": "1229893", "https://registry.gdi-de.org/up3/ontology/steigung": "1.780558", "https://registry.gdi-de.org/up3/ontology/strecken-ID": "Section_Wuppertal_1229893_803", "http://rdfs.org/ns/void#inDataset.value": "4635"}, "geometry": {"type": "LineString", "coordinates": [[7.0420285047, 51.2144739212, 195.44], [7.0419096572, 51.2144679957, 0.0], [7.0417897204, 51.2143400056, 0.0], [7.0416843151, 51.2141650159, 0.0], [7.0415673865, 51.2139662114, 0.0], [7.0415622667, 51.2137757628, 197.05]]}}, {"type": "Feature", "id": "https://registry.gdi-de.org/de.nw/radnetz/instances/Section_Wuppertal_1229795_1004_right", "name": " (ex-nw:Section_Wuppertal_1229795_1004_right)", "dateprops": [], "properties": {"https://registry.gdi-de.org/up3/ontology/quell-ID": "1229795", "https://registry.gdi-de.org/up3/ontology/steigung": "8.755484", "https://registry.gdi-de.org/up3/ontology/strecken-ID": "Section_Wuppertal_1229795_1004_right", "http://rdfs.org/ns/void#inDataset.value": "4635"}, "geometry": {"type": "LineString", "coordinates": [[7.1136277391, 51.1939926767, 0.0], [7.1138837398, 51.1944040369, 0.0], [7.1143746045, 51.1951813945, 0.0], [7.1143876363, 51.1957205919, 0.0], [7.1143826625, 51.1961071581, 0.0], [7.1144862742, 51.1968432511, 0.0], [7.114188665, 51.1973764236, 0.0], [7.113846343, 51.1975954277, 0.0], [7.1131977679, 51.197988686, 0.0], [7.1129043188, 51.1981577736, 0.0], [7.112570357, 51.198351038, 0.0], [7.1122569023, 51.1985260092, 0.0], [7.1121529596, 51.1986515933, 0.0], [7.1120935791, 51.1987747929, 0.0], [7.1120371041, 51.1989477027, 0.0], [7.1120467165, 51.1990751193, 0.0], [7.1120830426, 51.1991533046, 0.0], [7.1121816507, 51.199279054, 0.0], [7.1123444437, 51.199405839, 0.0], [7.1127062385, 51.1996196409, 0.0], [7.1138414382, 51.200275464, 0.0]]}}, {"type": "Feature", "id": "https://registry.gdi-de.org/de.nw/radnetz/instances/Section_Wuppertal_9291_190_right", "name": " (ex-nw:Section_Wuppertal_9291_190_right)", "dateprops": [], "properties": {"https://registry.gdi-de.org/up3/ontology/quell-ID": "9291", "https://registry.gdi-de.org/up3/ontology/steigung": "1.75704", "https://registry.gdi-de.org/up3/ontology/strecken-ID": "Section_Wuppertal_9291_190_right", "http://rdfs.org/ns/void#inDataset.value": "4635"}, "geometry": {"type": "LineString", "coordinates": [[7.2452448793, 51.2872658074, 203.79], [7.2452448985, 51.2877961565, 0.0], [7.2453097485, 51.2880741237, 0.0], [7.2456082917, 51.2885114056, 0.0], [7.2463561839, 51.2891326775, 0.0], [7.2473526494, 51.2899310928, 0.0], [7.2484089163, 51.2908187608, 0.0], [7.2487660701, 51.2913003625, 0.0], [7.2489325199, 51.2916221978, 0.0], [7.2490143341, 51.2920280454, 0.0], [7.2490100994, 51.2923674618, 0.0], [7.2489631454, 51.2927076232, 0.0], [7.2488269969, 51.2930166307, 0.0], [7.2485799721, 51.2934237696, 0.0], [7.2482741613, 51.2937776103, 0.0], [7.2468808099, 51.2952666815, 221.44]]}}, {"type": "Feature", "id": "https://registry.gdi-de.org/de.nw/radnetz/instances/Section_Wuppertal_1229721_1060_right", "name": " (ex-nw:Section_Wuppertal_1229721_1060_right)", "dateprops": [], "properties": {"https://registry.gdi-de.org/up3/ontology/quell-ID": "1229721", "https://registry.gdi-de.org/up3/ontology/steigung": "2.174175", "https://registry.gdi-de.org/up3/ontology/strecken-ID": "Section_Wuppertal_1229721_1060_right", "http://rdfs.org/ns/void#inDataset.value": "4635"}, "geometry": {"type": "LineString", "coordinates": [[7.1685022625, 51.2803173631, 0.0], [7.168731901, 51.2804144191, 0.0]]}}, {"type": "Feature", "id": "https://registry.gdi-de.org/de.nw/radnetz/instances/Section_Wuppertal_1227108_674_left", "name": " (ex-nw:Section_Wuppertal_1227108_674_left)", "dateprops": [], "properties": {"https://registry.gdi-de.org/up3/ontology/quell-ID": "1227108", "https://registry.gdi-de.org/up3/ontology/steigung": "0.9201884", "https://registry.gdi-de.org/up3/ontology/strecken-ID": "Section_Wuppertal_1227108_674_left", "http://rdfs.org/ns/void#inDataset.value": "4635"}, "geometry": {"type": "LineString", "coordinates": [[7.1640497747, 51.2452799983, 248.5], [7.1641108529, 51.2452233619, 248.57]]}}, {"type": "Feature", "id": "https://registry.gdi-de.org/de.nw/radnetz/instances/Section_Wuppertal_1226942_650_left", "name": " (ex-nw:Section_Wuppertal_1226942_650_left)", "dateprops": [], "properties": {"https://registry.gdi-de.org/up3/ontology/quell-ID": "1226942", "https://registry.gdi-de.org/up3/ontology/steigung": "6.533597", "https://registry.gdi-de.org/up3/ontology/strecken-ID": "Section_Wuppertal_1226942_650_left", "http://rdfs.org/ns/void#inDataset.value": "4635"}, "geometry": {"type": "LineString", "coordinates": [[7.1604679841, 51.2514919038, 211.49], [7.1606347483, 51.2510557035, 214.75]]}}, {"type": "Feature", "id": "https://registry.gdi-de.org/de.nw/radnetz/instances/Section_Wuppertal_1229665_741", "name": " (ex-nw:Section_Wuppertal_1229665_741)", "dateprops": [], "properties": {"https://registry.gdi-de.org/up3/ontology/quell-ID": "1229665", "https://registry.gdi-de.org/up3/ontology/steigung": "1.471827", "https://registry.gdi-de.org/up3/ontology/strecken-ID": "Section_Wuppertal_1229665_741", "http://rdfs.org/ns/void#inDataset.value": "4635"}, "geometry": {"type": "LineString", "coordinates": [[7.2070523321, 51.236754393, 333.66], [7.2057905525, 51.2371368725, 335.1]]}}, {"type": "Feature", "id": "https://registry.gdi-de.org/de.nw/radnetz/instances/Section_Wuppertal_1229866_788", "name": " (ex-nw:Section_Wuppertal_1229866_788)", "dateprops": [], "properties": {"https://registry.gdi-de.org/up3/ontology/quell-ID": "1229866", "https://registry.gdi-de.org/up3/ontology/steigung": "1.39455", "https://registry.gdi-de.org/up3/ontology/strecken-ID": "Section_Wuppertal_1229866_788", "http://rdfs.org/ns/void#inDataset.value": "4635"}, "geometry": {"type": "LineString", "coordinates": [[7.2378868545, 51.2980480396, 235.33], [7.2379973843, 51.2984527678, 0.0], [7.238153066, 51.2987621044, 0.0], [7.2383860251, 51.2990726028, 0.0], [7.2386352676, 51.2992944799, 0.0], [7.238943347, 51.2996626594, 0.0], [7.239287598, 51.3000960119, 0.0], [7.2397091346, 51.3005305253, 0.0], [7.2399424218, 51.3008329478, 0.0], [7.2402958657, 51.3013633802, 0.0], [7.240485889, 51.3017863323, 0.0], [7.2406363491, 51.3022329254, 0.0], [7.2407891256, 51.3027329138, 244.1]]}}, {"type": "Feature", "id": "https://registry.gdi-de.org/de.nw/radnetz/instances/Section_Wuppertal_4993_1018_left", "name": " (ex-nw:Section_Wuppertal_4993_1018_left)", "dateprops": [], "properties": {"https://registry.gdi-de.org/up3/ontology/quell-ID": "4993", "https://registry.gdi-de.org/up3/ontology/steigung": "3.789447", "https://registry.gdi-de.org/up3/ontology/strecken-ID": "Section_Wuppertal_4993_1018_left", "http://rdfs.org/ns/void#inDataset.value": "4635"}, "geometry": {"type": "LineString", "coordinates": [[7.0972084069, 51.2958949498, 0.0], [7.0977898186, 51.2952671445, 0.0]]}}, {"type": "Feature", "id": "https://registry.gdi-de.org/de.nw/radnetz/instances/Section_Wuppertal_6865_961_left", "name": " (ex-nw:Section_Wuppertal_6865_961_left)", "dateprops": [], "properties": {"https://registry.gdi-de.org/up3/ontology/quell-ID": "6865", "https://registry.gdi-de.org/up3/ontology/steigung": "7.381508", "https://registry.gdi-de.org/up3/ontology/strecken-ID": "Section_Wuppertal_6865_961_left", "http://rdfs.org/ns/void#inDataset.value": "4635"}, "geometry": {"type": "LineString", "coordinates": [[7.1467211563, 51.2666515418, 0.0], [7.1460199536, 51.2666073462, 0.0]]}}, {"type": "Feature", "id": "https://registry.gdi-de.org/de.nw/radnetz/instances/Section_Wuppertal_1226643_612", "name": " (ex-nw:Section_Wuppertal_1226643_612)", "dateprops": [], "properties": {"https://registry.gdi-de.org/up3/ontology/quell-ID": "1226643", "https://registry.gdi-de.org/up3/ontology/steigung": "1.00283", "https://registry.gdi-de.org/up3/ontology/strecken-ID": "Section_Wuppertal_1226643_612", "http://rdfs.org/ns/void#inDataset.value": "4635"}, "geometry": {"type": "LineString", "coordinates": [[7.2368694539, 51.2735788868, 198.37], [7.237293183, 51.2736601013, 198.68]]}}, {"type": "Feature", "id": "https://registry.gdi-de.org/de.nw/radnetz/instances/Section_Wuppertal_1224203_408", "name": " (ex-nw:Section_Wuppertal_1224203_408)", "dateprops": [], "properties": {"https://registry.gdi-de.org/up3/ontology/quell-ID": "1224203", "https://registry.gdi-de.org/up3/ontology/steigung": "0.1840865", "https://registry.gdi-de.org/up3/ontology/strecken-ID": "Section_Wuppertal_1224203_408", "http://rdfs.org/ns/void#inDataset.value": "4635"}, "geometry": {"type": "LineString", "coordinates": [[7.1912939434, 51.242538942, 341.45], [7.1911265435, 51.2428124819, 341.51]]}}, {"type": "Feature", "id": "https://registry.gdi-de.org/de.nw/radnetz/instances/Section_Wuppertal_1225822_511_right", "name": " (ex-nw:Section_Wuppertal_1225822_511_right)", "dateprops": [], "properties": {"https://registry.gdi-de.org/up3/ontology/quell-ID": "1225822", "https://registry.gdi-de.org/up3/ontology/steigung": "5.784156", "https://registry.gdi-de.org/up3/ontology/strecken-ID": "Section_Wuppertal_1225822_511_right", "http://rdfs.org/ns/void#inDataset.value": "4635"}, "geometry": {"type": "LineString", "coordinates": [[7.0616310792, 51.2320235321, 195.93], [7.0611373084, 51.2323426431, 0.0], [7.0610963516, 51.2323829466, 199.1]]}}, {"type": "Feature", "id": "https://registry.gdi-de.org/de.nw/radnetz/instances/Section_Wuppertal_1225877_514_left", "name": " (ex-nw:Section_Wuppertal_1225877_514_left)", "dateprops": [], "properties": {"https://registry.gdi-de.org/up3/ontology/quell-ID": "1225877", "https://registry.gdi-de.org/up3/ontology/steigung": "4.275359", "https://registry.gdi-de.org/up3/ontology/strecken-ID": "Section_Wuppertal_1225877_514_left", "http://rdfs.org/ns/void#inDataset.value": "4635"}, "geometry": {"type": "LineString", "coordinates": [[7.2310781383, 51.2565748455, 174.05], [7.2306793006, 51.2569589251, 176.23]]}}, {"type": "Feature", "id": "https://registry.gdi-de.org/de.nw/radnetz/instances/Section_Wuppertal_9340_191", "name": " (ex-nw:Section_Wuppertal_9340_191)", "dateprops": [], "properties": {"https://registry.gdi-de.org/up3/ontology/quell-ID": "9340", "https://registry.gdi-de.org/up3/ontology/steigung": "0.5784946", "https://registry.gdi-de.org/up3/ontology/strecken-ID": "Section_Wuppertal_9340_191", "http://rdfs.org/ns/void#inDataset.value": "4635"}, "geometry": {"type": "LineString", "coordinates": [[7.2610862319, 51.2234920599, 308.23], [7.2611177318, 51.2252715102, 0.0], [7.2614049084, 51.226227754, 0.0], [7.2617273816, 51.2270242482, 310.53]]}}, {"type": "Feature", "id": "https://registry.gdi-de.org/de.nw/radnetz/instances/Section_Wuppertal_1225878_515_right", "name": " (ex-nw:Section_Wuppertal_1225878_515_right)", "dateprops": [], "properties": {"https://registry.gdi-de.org/up3/ontology/quell-ID": "1225878", "https://registry.gdi-de.org/up3/ontology/steigung": "2.704847", "https://registry.gdi-de.org/up3/ontology/strecken-ID": "Section_Wuppertal_1225878_515_right", "http://rdfs.org/ns/void#inDataset.value": "4635"}, "geometry": {"type": "LineString", "coordinates": [[7.2313326131, 51.2563297815, 173.17], [7.2310781383, 51.2565748455, 174.05]]}}, {"type": "Feature", "id": "https://registry.gdi-de.org/de.nw/radnetz/instances/Section_Wuppertal_198_7", "name": " (ex-nw:Section_Wuppertal_198_7)", "dateprops": [], "properties": {"https://registry.gdi-de.org/up3/ontology/quell-ID": "198", "https://registry.gdi-de.org/up3/ontology/steigung": "0.7899093", "https://registry.gdi-de.org/up3/ontology/strecken-ID": "Section_Wuppertal_198_7", "http://rdfs.org/ns/void#inDataset.value": "4635"}, "geometry": {"type": "LineString", "coordinates": [[7.1672194192, 51.2393199767, 324.63], [7.1669158188, 51.2394935268, 0.0], [7.1664683417, 51.2397655024, 325.2]]}}, {"type": "Feature", "id": "https://registry.gdi-de.org/de.nw/radnetz/instances/Section_Wuppertal_2373_50_right", "name": " (ex-nw:Section_Wuppertal_2373_50_right)", "dateprops": [], "properties": {"https://registry.gdi-de.org/up3/ontology/quell-ID": "2373", "https://registry.gdi-de.org/up3/ontology/steigung": "4.072183", "https://registry.gdi-de.org/up3/ontology/strecken-ID": "Section_Wuppertal_2373_50_right", "http://rdfs.org/ns/void#inDataset.value": "4635"}, "geometry": {"type": "LineString", "coordinates": [[7.1464829855, 51.2561041781, 143.14], [7.1465219628, 51.2557208134, 144.88]]}}, {"type": "Feature", "id": "https://registry.gdi-de.org/de.nw/radnetz/instances/Section_Wuppertal_1230091_857", "name": " (ex-nw:Section_Wuppertal_1230091_857)", "dateprops": [], "properties": {"https://registry.gdi-de.org/up3/ontology/quell-ID": "1230091", "https://registry.gdi-de.org/up3/ontology/steigung": "0.3592097", "https://registry.gdi-de.org/up3/ontology/strecken-ID": "Section_Wuppertal_1230091_857", "http://rdfs.org/ns/void#inDataset.value": "4635"}, "geometry": {"type": "LineString", "coordinates": [[7.1583729108, 51.2671781118, 179.48], [7.1586377929, 51.2671827516, 0.0], [7.1589915594, 51.267198657, 0.0], [7.1593690051, 51.2672407871, 0.0], [7.1598273726, 51.2673203819, 0.0], [7.1603586352, 51.2674321433, 0.0], [7.1604629559, 51.2674630581, 0.0]]}}, {"type": "Feature", "id": "https://registry.gdi-de.org/de.nw/radnetz/instances/Section_Wuppertal_11231_233_right", "name": " (ex-nw:Section_Wuppertal_11231_233_right)", "dateprops": [], "properties": {"https://registry.gdi-de.org/up3/ontology/quell-ID": "11231", "https://registry.gdi-de.org/up3/ontology/steigung": "3.250721", "https://registry.gdi-de.org/up3/ontology/strecken-ID": "Section_Wuppertal_11231_233_right", "http://rdfs.org/ns/void#inDataset.value": "4635"}, "geometry": {"type": "LineString", "coordinates": [[7.089953447, 51.2364139932, 136.93], [7.0906386913, 51.2367889785, 0.0], [7.0908071019, 51.2369790883, 139.78]]}}, {"type": "Feature", "id": "https://registry.gdi-de.org/de.nw/radnetz/instances/Section_Wuppertal_1225063_445", "name": " (ex-nw:Section_Wuppertal_1225063_445)", "dateprops": [], "properties": {"https://registry.gdi-de.org/up3/ontology/quell-ID": "1225063", "https://registry.gdi-de.org/up3/ontology/steigung": "0.9857182", "https://registry.gdi-de.org/up3/ontology/strecken-ID": "Section_Wuppertal_1225063_445", "http://rdfs.org/ns/void#inDataset.value": "4635"}, "geometry": {"type": "LineString", "coordinates": [[7.1538278344, 51.2348710737, 326.24], [7.1536233093, 51.2348017245, 326.4]]}}, {"type": "Feature", "id": "https://registry.gdi-de.org/de.nw/radnetz/instances/Section_Wuppertal_1226280_553", "name": " (ex-nw:Section_Wuppertal_1226280_553)", "dateprops": [], "properties": {"https://registry.gdi-de.org/up3/ontology/quell-ID": "1226280", "https://registry.gdi-de.org/up3/ontology/steigung": "0.4171831", "https://registry.gdi-de.org/up3/ontology/strecken-ID": "Section_Wuppertal_1226280_553", "http://rdfs.org/ns/void#inDataset.value": "4635"}, "geometry": {"type": "LineString", "coordinates": [[7.2354538782, 51.2312026741, 299.77], [7.2354328897, 51.2311174856, 299.81]]}}, {"type": "Feature", "id": "https://registry.gdi-de.org/de.nw/radnetz/instances/Section_Wuppertal_6448_135_right", "name": " (ex-nw:Section_Wuppertal_6448_135_right)", "dateprops": [], "properties": {"https://registry.gdi-de.org/up3/ontology/quell-ID": "6448", "https://registry.gdi-de.org/up3/ontology/steigung": "2.198516", "https://registry.gdi-de.org/up3/ontology/strecken-ID": "Section_Wuppertal_6448_135_right", "http://rdfs.org/ns/void#inDataset.value": "4635"}, "geometry": {"type": "LineString", "coordinates": [[7.1357435355, 51.1665005542, 106.32], [7.1364886243, 51.1664635545, 107.4691], [7.1368803295, 51.1663522717, 108.13]]}}, {"type": "Feature", "id": "https://registry.gdi-de.org/de.nw/radnetz/instances/Section_Wuppertal_1229889_801", "name": " (ex-nw:Section_Wuppertal_1229889_801)", "dateprops": [], "properties": {"https://registry.gdi-de.org/up3/ontology/quell-ID": "1229889", "https://registry.gdi-de.org/up3/ontology/steigung": "0.3386115", "https://registry.gdi-de.org/up3/ontology/strecken-ID": "Section_Wuppertal_1229889_801", "http://rdfs.org/ns/void#inDataset.value": "4635"}, "geometry": {"type": "LineString", "coordinates": [[7.0344834693, 51.2089743657, 197.58], [7.0344832217, 51.2094871529, 0.0], [7.0347709073, 51.209794255, 0.0], [7.0353065377, 51.2099291971, 0.0], [7.0362688325, 51.2099327605, 0.0], [7.0375669341, 51.2100552996, 0.0], [7.0382623358, 51.2102055033, 0.0], [7.0388305674, 51.2105172994, 0.0], [7.0393857204, 51.2106651442, 0.0], [7.0420768388, 51.2110376737, 0.0], [7.0423888924, 51.211244408, 0.0], [7.0424367263, 51.2115348826, 0.0], [7.0422712391, 51.2119837216, 200.12]]}}, {"type": "Feature", "id": "https://registry.gdi-de.org/de.nw/radnetz/instances/Section_Wuppertal_1224980_1038_right", "name": " (ex-nw:Section_Wuppertal_1224980_1038_right)", "dateprops": [], "properties": {"https://registry.gdi-de.org/up3/ontology/quell-ID": "1224980", "https://registry.gdi-de.org/up3/ontology/steigung": "4.355839", "https://registry.gdi-de.org/up3/ontology/strecken-ID": "Section_Wuppertal_1224980_1038_right", "http://rdfs.org/ns/void#inDataset.value": "4635"}, "geometry": {"type": "LineString", "coordinates": [[7.1284014219, 51.2776777728, 0.0], [7.1281989444, 51.27802694, 0.0], [7.1281751057, 51.2781456761, 0.0]]}}, {"type": "Feature", "id": "https://registry.gdi-de.org/de.nw/radnetz/instances/Section_Wuppertal_12549_268", "name": " (ex-nw:Section_Wuppertal_12549_268)", "dateprops": [], "properties": {"https://registry.gdi-de.org/up3/ontology/quell-ID": "12549", "https://registry.gdi-de.org/up3/ontology/steigung": "0.6324374", "https://registry.gdi-de.org/up3/ontology/strecken-ID": "Section_Wuppertal_12549_268", "http://rdfs.org/ns/void#inDataset.value": "4635"}, "geometry": {"type": "LineString", "coordinates": [[7.1457097995, 51.2564531807, 142.45], [7.1452478862, 51.2563018982, 142.68]]}}, {"type": "Feature", "id": "https://registry.gdi-de.org/de.nw/radnetz/instances/Section_Wuppertal_1223751_387_right", "name": " (ex-nw:Section_Wuppertal_1223751_387_right)", "dateprops": [], "properties": {"https://registry.gdi-de.org/up3/ontology/quell-ID": "1223751", "https://registry.gdi-de.org/up3/ontology/steigung": "1.523432", "https://registry.gdi-de.org/up3/ontology/strecken-ID": "Section_Wuppertal_1223751_387_right", "http://rdfs.org/ns/void#inDataset.value": "4635"}, "geometry": {"type": "LineString", "coordinates": [[7.0876053572, 51.2361008896, 137.39], [7.0858930198, 51.2354049473, 139.56]]}}, {"type": "Feature", "id": "https://registry.gdi-de.org/de.nw/radnetz/instances/Section_Wuppertal_10021_905_right", "name": " (ex-nw:Section_Wuppertal_10021_905_right)", "dateprops": [], "properties": {"https://registry.gdi-de.org/up3/ontology/quell-ID": "10021", "https://registry.gdi-de.org/up3/ontology/steigung": "1.230668", "https://registry.gdi-de.org/up3/ontology/strecken-ID": "Section_Wuppertal_10021_905_right", "http://rdfs.org/ns/void#inDataset.value": "4635"}, "geometry": {"type": "LineString", "coordinates": [[7.0594137818, 51.2540787533, 180.66], [7.0581451761, 51.2541765386, 0.0], [7.0564643915, 51.2539670089, 183.23]]}}, {"type": "Feature", "id": "https://registry.gdi-de.org/de.nw/radnetz/instances/Section_Wuppertal_1223942_396", "name": " (ex-nw:Section_Wuppertal_1223942_396)", "dateprops": [], "properties": {"https://registry.gdi-de.org/up3/ontology/quell-ID": "1223942", "https://registry.gdi-de.org/up3/ontology/steigung": "1.61381", "https://registry.gdi-de.org/up3/ontology/strecken-ID": "Section_Wuppertal_1223942_396", "http://rdfs.org/ns/void#inDataset.value": "4635"}, "geometry": {"type": "LineString", "coordinates": [[7.2055729693, 51.2371752936, 335.25], [7.2052881391, 51.2372563291, 0.0], [7.2038633767, 51.2375316023, 0.0], [7.2031930731, 51.2375659469, 338.04]]}}, {"type": "Feature", "id": "https://registry.gdi-de.org/de.nw/radnetz/instances/Section_Wuppertal_1225897_519_right", "name": " (ex-nw:Section_Wuppertal_1225897_519_right)", "dateprops": [], "properties": {"https://registry.gdi-de.org/up3/ontology/quell-ID": "1225897", "https://registry.gdi-de.org/up3/ontology/steigung": "5.090548", "https://registry.gdi-de.org/up3/ontology/strecken-ID": "Section_Wuppertal_1225897_519_right", "http://rdfs.org/ns/void#inDataset.value": "4635"}, "geometry": {"type": "LineString", "coordinates": [[7.1313749493, 51.2025843906, 277.37], [7.1313464722, 51.2028947051, 279.13]]}}, {"type": "Feature", "id": "https://registry.gdi-de.org/de.nw/radnetz/instances/Section_Wuppertal_9999913_821_left", "name": " (ex-nw:Section_Wuppertal_9999913_821_left)", "dateprops": [], "properties": {"https://registry.gdi-de.org/up3/ontology/quell-ID": "9999913", "https://registry.gdi-de.org/up3/ontology/steigung": "1.423742", "https://registry.gdi-de.org/up3/ontology/strecken-ID": "Section_Wuppertal_9999913_821_left", "http://rdfs.org/ns/void#inDataset.value": "4635"}, "geometry": {"type": "LineString", "coordinates": [[7.0995085887, 51.2371610488, 136.8], [7.101317467, 51.2371115536, 0.0]]}}, {"type": "Feature", "id": "https://registry.gdi-de.org/de.nw/radnetz/instances/Section_Wuppertal_1224565_423_left", "name": " (ex-nw:Section_Wuppertal_1224565_423_left)", "dateprops": [], "properties": {"https://registry.gdi-de.org/up3/ontology/quell-ID": "1224565", "https://registry.gdi-de.org/up3/ontology/steigung": "4.994914", "https://registry.gdi-de.org/up3/ontology/strecken-ID": "Section_Wuppertal_1224565_423_left", "http://rdfs.org/ns/void#inDataset.value": "4635"}, "geometry": {"type": "LineString", "coordinates": [[7.1774861852, 51.2430856149, 314.99], [7.1784853891, 51.2430526388, 0.0], [7.179368655, 51.2430628941, 321.56]]}}, {"type": "Feature", "id": "https://registry.gdi-de.org/de.nw/radnetz/instances/Section_Wuppertal_1224629_1055_left", "name": " (ex-nw:Section_Wuppertal_1224629_1055_left)", "dateprops": [], "properties": {"https://registry.gdi-de.org/up3/ontology/quell-ID": "1224629", "https://registry.gdi-de.org/up3/ontology/steigung": "2.530593", "https://registry.gdi-de.org/up3/ontology/strecken-ID": "Section_Wuppertal_1224629_1055_left", "http://rdfs.org/ns/void#inDataset.value": "4635"}, "geometry": {"type": "LineString", "coordinates": [[7.1485888884, 51.2713642865, 0.0], [7.1487131313, 51.2716486683, 0.0]]}}, {"type": "Feature", "id": "https://registry.gdi-de.org/de.nw/radnetz/instances/Section_Wuppertal_6015_130", "name": " (ex-nw:Section_Wuppertal_6015_130)", "dateprops": [], "properties": {"https://registry.gdi-de.org/up3/ontology/quell-ID": "6015", "https://registry.gdi-de.org/up3/ontology/steigung": "1.352181", "https://registry.gdi-de.org/up3/ontology/strecken-ID": "Section_Wuppertal_6015_130", "http://rdfs.org/ns/void#inDataset.value": "4635"}, "geometry": {"type": "LineString", "coordinates": [[7.1911265435, 51.2428124819, 341.51], [7.1908285383, 51.2432313839, 342.2]]}}, {"type": "Feature", "id": "https://registry.gdi-de.org/de.nw/radnetz/instances/Section_Wuppertal_1229571_727", "name": " (ex-nw:Section_Wuppertal_1229571_727)", "dateprops": [], "properties": {"https://registry.gdi-de.org/up3/ontology/quell-ID": "1229571", "https://registry.gdi-de.org/up3/ontology/steigung": "2.936936", "https://registry.gdi-de.org/up3/ontology/strecken-ID": "Section_Wuppertal_1229571_727", "http://rdfs.org/ns/void#inDataset.value": "4635"}, "geometry": {"type": "LineString", "coordinates": [[7.2359079497, 51.2358302635, 299.67], [7.2359391209, 51.2353898895, 301.11]]}}, {"type": "Feature", "id": "https://registry.gdi-de.org/de.nw/radnetz/instances/Section_Wuppertal_1223203_364", "name": " (ex-nw:Section_Wuppertal_1223203_364)", "dateprops": [], "properties": {"https://registry.gdi-de.org/up3/ontology/quell-ID": "1223203", "https://registry.gdi-de.org/up3/ontology/steigung": "1.061548", "https://registry.gdi-de.org/up3/ontology/strecken-ID": "Section_Wuppertal_1223203_364", "http://rdfs.org/ns/void#inDataset.value": "4635"}, "geometry": {"type": "LineString", "coordinates": [[7.1354920238, 51.2270339944, 298.92], [7.1360764333, 51.2270146456, 0.0], [7.1368209984, 51.2269295573, 0.0], [7.1376599677, 51.2268007251, 0.0], [7.1378778158, 51.2267589496, 0.0], [7.1381982698, 51.2267252707, 0.0], [7.1385297925, 51.2266723769, 0.0], [7.138809359, 51.2266315825, 0.0], [7.1390462161, 51.2266288866, 0.0], [7.1394510466, 51.226544841, 0.0], [7.1399890825, 51.2264758376, 0.0], [7.1405687845, 51.2263945671, 0.0], [7.1411803854, 51.2262879487, 0.0], [7.1418004492, 51.2262267026, 0.0], [7.1420177707, 51.2261978387, 0.0], [7.142604632, 51.2261942298, 0.0], [7.1431200055, 51.2261765575, 0.0], [7.1434602462, 51.2261625676, 0.0], [7.1436456671, 51.2261590462, 0.0], [7.14399618, 51.2260956015, 305.35]]}}, {"type": "Feature", "id": "https://registry.gdi-de.org/de.nw/radnetz/instances/Section_Wuppertal_7621_156", "name": " (ex-nw:Section_Wuppertal_7621_156)", "dateprops": [], "properties": {"https://registry.gdi-de.org/up3/ontology/quell-ID": "7621", "https://registry.gdi-de.org/up3/ontology/steigung": "2.326225", "https://registry.gdi-de.org/up3/ontology/strecken-ID": "Section_Wuppertal_7621_156", "http://rdfs.org/ns/void#inDataset.value": "4635"}, "geometry": {"type": "LineString", "coordinates": [[7.2305547626, 51.2759678723, 165.24], [7.2303021993, 51.2759716073, 165.65]]}}, {"type": "Feature", "id": "https://registry.gdi-de.org/de.nw/radnetz/instances/Section_Wuppertal_2271_48_right", "name": " (ex-nw:Section_Wuppertal_2271_48_right)", "dateprops": [], "properties": {"https://registry.gdi-de.org/up3/ontology/quell-ID": "2271", "https://registry.gdi-de.org/up3/ontology/steigung": "3.400967", "https://registry.gdi-de.org/up3/ontology/strecken-ID": "Section_Wuppertal_2271_48_right", "http://rdfs.org/ns/void#inDataset.value": "4635"}, "geometry": {"type": "LineString", "coordinates": [[7.1806654526, 51.2896391287, 277.91], [7.1810193724, 51.2898731345, 279.13]]}}, {"type": "Feature", "id": "https://registry.gdi-de.org/de.nw/radnetz/instances/Section_Wuppertal_5512_119_left", "name": " (ex-nw:Section_Wuppertal_5512_119_left)", "dateprops": [], "properties": {"https://registry.gdi-de.org/up3/ontology/quell-ID": "5512", "https://registry.gdi-de.org/up3/ontology/steigung": "5.617829", "https://registry.gdi-de.org/up3/ontology/strecken-ID": "Section_Wuppertal_5512_119_left", "http://rdfs.org/ns/void#inDataset.value": "4635"}, "geometry": {"type": "LineString", "coordinates": [[7.0904653221, 51.2579873025, 214.83], [7.0906108381, 51.2586870978, 219.24]]}}, {"type": "Feature", "id": "https://registry.gdi-de.org/de.nw/radnetz/instances/Section_Wuppertal_8984_184_left", "name": " (ex-nw:Section_Wuppertal_8984_184_left)", "dateprops": [], "properties": {"https://registry.gdi-de.org/up3/ontology/quell-ID": "8984", "https://registry.gdi-de.org/up3/ontology/steigung": "0.7238816", "https://registry.gdi-de.org/up3/ontology/strecken-ID": "Section_Wuppertal_8984_184_left", "http://rdfs.org/ns/void#inDataset.value": "4635"}, "geometry": {"type": "LineString", "coordinates": [[7.1785162215, 51.2653700195, 150.79], [7.1781981253, 51.2653527292, 0.0], [7.1775576598, 51.2654249764, 151.28]]}}, {"type": "Feature", "id": "https://registry.gdi-de.org/de.nw/radnetz/instances/Section_Wuppertal_1230033_837", "name": " (ex-nw:Section_Wuppertal_1230033_837)", "dateprops": [], "properties": {"https://registry.gdi-de.org/up3/ontology/quell-ID": "1230033", "https://registry.gdi-de.org/up3/ontology/steigung": "0.2004518", "https://registry.gdi-de.org/up3/ontology/strecken-ID": "Section_Wuppertal_1230033_837", "http://rdfs.org/ns/void#inDataset.value": "4635"}, "geometry": {"type": "LineString", "coordinates": [[7.0564889913, 51.1860412972, 0.0], [7.0545689656, 51.1866330591, 0.0], [7.0537500516, 51.1872096073, 0.0], [7.0535239267, 51.1874328339, 0.0], [7.0530601988, 51.1881514818, 0.0], [7.0498602596, 51.1903680668, 0.0], [7.0500404482, 51.1912336308, 0.0], [7.0507030409, 51.1926520086, 0.0], [7.0513714144, 51.1939342854, 0.0], [7.0521445578, 51.1944465391, 0.0], [7.0536359, 51.1950615361, 0.0], [7.0569399706, 51.1955250492, 0.0], [7.0603353674, 51.1955360048, 0.0], [7.0651881194, 51.1952531936, 0.0], [7.0672819722, 51.1952878094, 0.0], [7.0684220228, 51.1956698226, 0.0], [7.0709074202, 51.1967095888, 0.0], [7.0725397155, 51.1974174624, 0.0], [7.0732239104, 51.1983366882, 0.0], [7.0742445752, 51.1998516199, 0.01]]}}, {"type": "Feature", "id": "https://registry.gdi-de.org/de.nw/radnetz/instances/Section_Wuppertal_11074_231", "name": " (ex-nw:Section_Wuppertal_11074_231)", "dateprops": [], "properties": {"https://registry.gdi-de.org/up3/ontology/quell-ID": "11074", "https://registry.gdi-de.org/up3/ontology/steigung": "0.07995989", "https://registry.gdi-de.org/up3/ontology/strecken-ID": "Section_Wuppertal_11074_231", "http://rdfs.org/ns/void#inDataset.value": "4635"}, "geometry": {"type": "LineString", "coordinates": [[7.1209930831, 51.2489001563, 139.31], [7.1222298914, 51.2487700563, 139.38]]}}, {"type": "Feature", "id": "https://registry.gdi-de.org/de.nw/radnetz/instances/Section_Wuppertal_1779_36_right", "name": " (ex-nw:Section_Wuppertal_1779_36_right)", "dateprops": [], "properties": {"https://registry.gdi-de.org/up3/ontology/quell-ID": "1779", "https://registry.gdi-de.org/up3/ontology/steigung": "1.610306", "https://registry.gdi-de.org/up3/ontology/strecken-ID": "Section_Wuppertal_1779_36_right", "http://rdfs.org/ns/void#inDataset.value": "4635"}, "geometry": {"type": "LineString", "coordinates": [[7.1044024698, 51.2531555929, 156.48], [7.1045265199, 51.2535499518, 157.2]]}}, {"type": "Feature", "id": "https://registry.gdi-de.org/de.nw/radnetz/instances/Section_Wuppertal_12841_276_left", "name": " (ex-nw:Section_Wuppertal_12841_276_left)", "dateprops": [], "properties": {"https://registry.gdi-de.org/up3/ontology/quell-ID": "12841", "https://registry.gdi-de.org/up3/ontology/steigung": "5.951463", "https://registry.gdi-de.org/up3/ontology/strecken-ID": "Section_Wuppertal_12841_276_left", "http://rdfs.org/ns/void#inDataset.value": "4635"}, "geometry": {"type": "LineString", "coordinates": [[7.1564559415, 51.2514252235, 184.07], [7.1566904685, 51.2514801741, 185.11]]}}, {"type": "Feature", "id": "https://registry.gdi-de.org/de.nw/radnetz/instances/Section_Wuppertal_13034_281", "name": " (ex-nw:Section_Wuppertal_13034_281)", "dateprops": [], "properties": {"https://registry.gdi-de.org/up3/ontology/quell-ID": "13034", "https://registry.gdi-de.org/up3/ontology/steigung": "0.6657136", "https://registry.gdi-de.org/up3/ontology/strecken-ID": "Section_Wuppertal_13034_281", "http://rdfs.org/ns/void#inDataset.value": "4635"}, "geometry": {"type": "LineString", "coordinates": [[7.1379537919, 51.2567216724, 143.48], [7.1384423775, 51.2568928315, 143.74]]}}, {"type": "Feature", "id": "https://registry.gdi-de.org/de.nw/radnetz/instances/Section_Wuppertal_1230026_833", "name": " (ex-nw:Section_Wuppertal_1230026_833)", "dateprops": [], "properties": {"https://registry.gdi-de.org/up3/ontology/quell-ID": "1230026", "https://registry.gdi-de.org/up3/ontology/steigung": "3.432877", "https://registry.gdi-de.org/up3/ontology/strecken-ID": "Section_Wuppertal_1230026_833", "http://rdfs.org/ns/void#inDataset.value": "4635"}, "geometry": {"type": "LineString", "coordinates": [[7.1241141936, 51.1743758013, 0.0], [7.1228567662, 51.1743381475, 0.0], [7.1222730883, 51.1741428287, 0.0], [7.1206129865, 51.173139934, 0.0], [7.1198777513, 51.1730351425, 0.0], [7.1189473652, 51.1731828872, 0.0], [7.1177924875, 51.1743032415, 0.0], [7.117193691, 51.1744795515, 0.0], [7.1163115816, 51.1743491291, 0.0], [7.1156947682, 51.1740602703, 0.0], [7.1148562557, 51.1728613349, 0.0], [7.1148373078, 51.1724194015, 0.0], [7.1140092394, 51.1727779477, 0.0], [7.1128921527, 51.1738756206, 0.0], [7.1094815604, 51.1713799605, 0.0], [7.1094551852, 51.1712754927, 0.0]]}}, {"type": "Feature", "id": "https://registry.gdi-de.org/de.nw/radnetz/instances/Section_Wuppertal_1225040_444", "name": " (ex-nw:Section_Wuppertal_1225040_444)", "dateprops": [], "properties": {"https://registry.gdi-de.org/up3/ontology/quell-ID": "1225040", "https://registry.gdi-de.org/up3/ontology/steigung": "2.037834", "https://registry.gdi-de.org/up3/ontology/strecken-ID": "Section_Wuppertal_1225040_444", "http://rdfs.org/ns/void#inDataset.value": "4635"}, "geometry": {"type": "LineString", "coordinates": [[7.2057932405, 51.216377244, 251.66], [7.205721051, 51.2164123702, 251.79]]}}, {"type": "Feature", "id": "https://registry.gdi-de.org/de.nw/radnetz/instances/Section_Wuppertal_1226558_593_right", "name": " (ex-nw:Section_Wuppertal_1226558_593_right)", "dateprops": [], "properties": {"https://registry.gdi-de.org/up3/ontology/quell-ID": "1226558", "https://registry.gdi-de.org/up3/ontology/steigung": "0.3679753", "https://registry.gdi-de.org/up3/ontology/strecken-ID": "Section_Wuppertal_1226558_593_right", "http://rdfs.org/ns/void#inDataset.value": "4635"}, "geometry": {"type": "LineString", "coordinates": [[7.2553339299, 51.2556506571, 177.68], [7.2554365932, 51.255653094, 0.0], [7.2555282238, 51.2556578467, 177.73]]}}, {"type": "Feature", "id": "https://registry.gdi-de.org/de.nw/radnetz/instances/Section_Wuppertal_3638_89", "name": " (ex-nw:Section_Wuppertal_3638_89)", "dateprops": [], "properties": {"https://registry.gdi-de.org/up3/ontology/quell-ID": "3638", "https://registry.gdi-de.org/up3/ontology/steigung": "2.455386", "https://registry.gdi-de.org/up3/ontology/strecken-ID": "Section_Wuppertal_3638_89", "http://rdfs.org/ns/void#inDataset.value": "4635"}, "geometry": {"type": "LineString", "coordinates": [[7.163183749, 51.2186935013, 213.65], [7.1627146483, 51.2191964628, 0.0], [7.1623677684, 51.2194942875, 0.0], [7.1618907192, 51.2198247852, 0.0], [7.1618836535, 51.2201125036, 0.0], [7.1623287402, 51.2215071379, 0.0], [7.1622539043, 51.2217110243, 222.71]]}}, {"type": "Feature", "id": "https://registry.gdi-de.org/de.nw/radnetz/instances/Section_Wuppertal_1226967_657", "name": " (ex-nw:Section_Wuppertal_1226967_657)", "dateprops": [], "properties": {"https://registry.gdi-de.org/up3/ontology/quell-ID": "1226967", "https://registry.gdi-de.org/up3/ontology/steigung": "0.7111856", "https://registry.gdi-de.org/up3/ontology/strecken-ID": "Section_Wuppertal_1226967_657", "http://rdfs.org/ns/void#inDataset.value": "4635"}, "geometry": {"type": "LineString", "coordinates": [[7.2376857966, 51.2789862092, 171.82], [7.2379457595, 51.2792715962, 172.08]]}}, {"type": "Feature", "id": "https://registry.gdi-de.org/de.nw/radnetz/instances/Section_Wuppertal_1229644_922", "name": " (ex-nw:Section_Wuppertal_1229644_922)", "dateprops": [], "properties": {"https://registry.gdi-de.org/up3/ontology/quell-ID": "1229644", "https://registry.gdi-de.org/up3/ontology/steigung": "2.254371", "https://registry.gdi-de.org/up3/ontology/strecken-ID": "Section_Wuppertal_1229644_922", "http://rdfs.org/ns/void#inDataset.value": "4635"}, "geometry": {"type": "LineString", "coordinates": [[7.2495588027, 51.3142192436, 317.04], [7.2492728862, 51.313659481, 0.0], [7.2490289404, 51.3130583617, 0.0], [7.2490076954, 51.3129753171, 320.28]]}}, {"type": "Feature", "id": "https://registry.gdi-de.org/de.nw/radnetz/instances/Section_Wuppertal_3630_88_right", "name": " (ex-nw:Section_Wuppertal_3630_88_right)", "dateprops": [], "properties": {"https://registry.gdi-de.org/up3/ontology/quell-ID": "3630", "https://registry.gdi-de.org/up3/ontology/steigung": "4.14835", "https://registry.gdi-de.org/up3/ontology/strecken-ID": "Section_Wuppertal_3630_88_right", "http://rdfs.org/ns/void#inDataset.value": "4635"}, "geometry": {"type": "LineString", "coordinates": [[7.2444941282, 51.2833020113, 187.77], [7.2459599767, 51.2832625811, 0.0], [7.2473852971, 51.2832520875, 0.0], [7.2477325638, 51.2833621579, 0.0], [7.2492455037, 51.2842089024, 0.0], [7.2496202886, 51.2845976463, 205.23]]}}, {"type": "Feature", "id": "https://registry.gdi-de.org/de.nw/radnetz/instances/Section_Wuppertal_1226315_558_left", "name": " (ex-nw:Section_Wuppertal_1226315_558_left)", "dateprops": [], "properties": {"https://registry.gdi-de.org/up3/ontology/quell-ID": "1226315", "https://registry.gdi-de.org/up3/ontology/steigung": "5.601016", "https://registry.gdi-de.org/up3/ontology/strecken-ID": "Section_Wuppertal_1226315_558_left", "http://rdfs.org/ns/void#inDataset.value": "4635"}, "geometry": {"type": "LineString", "coordinates": [[7.161066824, 51.3007383084, 296.58], [7.1617027791, 51.3004216644, 0.0], [7.1617570989, 51.3003953431, 300.02]]}}, {"type": "Feature", "id": "https://registry.gdi-de.org/de.nw/radnetz/instances/Section_Wuppertal_4968_110_left", "name": " (ex-nw:Section_Wuppertal_4968_110_left)", "dateprops": [], "properties": {"https://registry.gdi-de.org/up3/ontology/quell-ID": "4968", "https://registry.gdi-de.org/up3/ontology/steigung": "4.424528", "https://registry.gdi-de.org/up3/ontology/strecken-ID": "Section_Wuppertal_4968_110_left", "http://rdfs.org/ns/void#inDataset.value": "4635"}, "geometry": {"type": "LineString", "coordinates": [[7.0904482988, 51.2572683311, 211.26], [7.090385942, 51.2575697795, 0.0], [7.0904023783, 51.2577738538, 0.0], [7.0904653221, 51.2579873025, 214.83]]}}, {"type": "Feature", "id": "https://registry.gdi-de.org/de.nw/radnetz/instances/Section_Wuppertal_1227842_1085", "name": " (ex-nw:Section_Wuppertal_1227842_1085)", "dateprops": [], "properties": {"https://registry.gdi-de.org/up3/ontology/quell-ID": "1227842", "https://registry.gdi-de.org/up3/ontology/steigung": "0.6351953", "https://registry.gdi-de.org/up3/ontology/strecken-ID": "Section_Wuppertal_1227842_1085", "http://rdfs.org/ns/void#inDataset.value": "4635"}, "geometry": {"type": "LineString", "coordinates": [[7.1457479504, 51.2636284559, 0.0], [7.1458424582, 51.2631794415, 0.0]]}}, {"type": "Feature", "id": "https://registry.gdi-de.org/de.nw/radnetz/instances/Section_Wuppertal_2204_46", "name": " (ex-nw:Section_Wuppertal_2204_46)", "dateprops": [], "properties": {"https://registry.gdi-de.org/up3/ontology/quell-ID": "2204", "https://registry.gdi-de.org/up3/ontology/steigung": "5.729847", "https://registry.gdi-de.org/up3/ontology/strecken-ID": "Section_Wuppertal_2204_46", "http://rdfs.org/ns/void#inDataset.value": "4635"}, "geometry": {"type": "LineString", "coordinates": [[7.068132564, 51.2333125747, 186.4], [7.0673200703, 51.2334818104, 0.0], [7.0661855441, 51.2337731788, 194.73]]}}, {"type": "Feature", "id": "https://registry.gdi-de.org/de.nw/radnetz/instances/Section_Wuppertal_9638_197_right", "name": " (ex-nw:Section_Wuppertal_9638_197_right)", "dateprops": [], "properties": {"https://registry.gdi-de.org/up3/ontology/quell-ID": "9638", "https://registry.gdi-de.org/up3/ontology/steigung": "4.834876", "https://registry.gdi-de.org/up3/ontology/strecken-ID": "Section_Wuppertal_9638_197_right", "http://rdfs.org/ns/void#inDataset.value": "4635"}, "geometry": {"type": "LineString", "coordinates": [[7.1020672007, 51.2542791566, 161.94], [7.1012829875, 51.253877042, 0.0], [7.09964266, 51.2535688814, 0.0], [7.0988295723, 51.2531091079, 174.83]]}}, {"type": "Feature", "id": "https://registry.gdi-de.org/de.nw/radnetz/instances/Section_Wuppertal_1225010_442_left", "name": " (ex-nw:Section_Wuppertal_1225010_442_left)", "dateprops": [], "properties": {"https://registry.gdi-de.org/up3/ontology/quell-ID": "1225010", "https://registry.gdi-de.org/up3/ontology/steigung": "0.8520367", "https://registry.gdi-de.org/up3/ontology/strecken-ID": "Section_Wuppertal_1225010_442_left", "http://rdfs.org/ns/void#inDataset.value": "4635"}, "geometry": {"type": "LineString", "coordinates": [[7.1462407896, 51.2565577428, 142.78], [7.1461840058, 51.256925322, 143.13]]}}, {"type": "Feature", "id": "https://registry.gdi-de.org/de.nw/radnetz/instances/Section_Wuppertal_1229732_754", "name": " (ex-nw:Section_Wuppertal_1229732_754)", "dateprops": [], "properties": {"https://registry.gdi-de.org/up3/ontology/quell-ID": "1229732", "https://registry.gdi-de.org/up3/ontology/steigung": "0.3323785", "https://registry.gdi-de.org/up3/ontology/strecken-ID": "Section_Wuppertal_1229732_754", "http://rdfs.org/ns/void#inDataset.value": "4635"}, "geometry": {"type": "LineString", "coordinates": [[7.1105023964, 51.2865400091, 251.17], [7.1105493575, 51.2864643976, 251.2]]}}, {"type": "Feature", "id": "https://registry.gdi-de.org/de.nw/radnetz/instances/Section_Wuppertal_1227058_670", "name": " (ex-nw:Section_Wuppertal_1227058_670)", "dateprops": [], "properties": {"https://registry.gdi-de.org/up3/ontology/quell-ID": "1227058", "https://registry.gdi-de.org/up3/ontology/steigung": "0.8314766", "https://registry.gdi-de.org/up3/ontology/strecken-ID": "Section_Wuppertal_1227058_670", "http://rdfs.org/ns/void#inDataset.value": "4635"}, "geometry": {"type": "LineString", "coordinates": [[7.2318974835, 51.2760343747, 165.68], [7.232387012, 51.2760578755, 0.0], [7.2330640126, 51.2761855771, 0.0], [7.2337616216, 51.2765467705, 0.0], [7.2343133137, 51.2768106209, 0.0], [7.2347920473, 51.2769544945, 167.61]]}}, {"type": "Feature", "id": "https://registry.gdi-de.org/de.nw/radnetz/instances/Section_Wuppertal_10864_226", "name": " (ex-nw:Section_Wuppertal_10864_226)", "dateprops": [], "properties": {"https://registry.gdi-de.org/up3/ontology/quell-ID": "10864", "https://registry.gdi-de.org/up3/ontology/steigung": "0.9964808", "https://registry.gdi-de.org/up3/ontology/strecken-ID": "Section_Wuppertal_10864_226", "http://rdfs.org/ns/void#inDataset.value": "4635"}, "geometry": {"type": "LineString", "coordinates": [[7.146538349, 51.2553501562, 144.86], [7.1465294898, 51.2551935769, 0.0], [7.1464912571, 51.2547247922, 0.0], [7.1464632002, 51.2546191921, 0.0], [7.1463929006, 51.2545405903, 0.0], [7.146220152, 51.2545063178, 0.0], [7.1454741071, 51.2544596566, 146.42]]}}, {"type": "Feature", "id": "https://registry.gdi-de.org/de.nw/radnetz/instances/Section_Wuppertal_9682_199", "name": " (ex-nw:Section_Wuppertal_9682_199)", "dateprops": [], "properties": {"https://registry.gdi-de.org/up3/ontology/quell-ID": "9682", "https://registry.gdi-de.org/up3/ontology/steigung": "0.5132188", "https://registry.gdi-de.org/up3/ontology/strecken-ID": "Section_Wuppertal_9682_199", "http://rdfs.org/ns/void#inDataset.value": "4635"}, "geometry": {"type": "LineString", "coordinates": [[7.2347427535, 51.2284901533, 300.93], [7.2346399828, 51.2281279827, 301.14]]}}, {"type": "Feature", "id": "https://registry.gdi-de.org/de.nw/radnetz/instances/Section_Wuppertal_6472_137_right", "name": " (ex-nw:Section_Wuppertal_6472_137_right)", "dateprops": [], "properties": {"https://registry.gdi-de.org/up3/ontology/quell-ID": "6472", "https://registry.gdi-de.org/up3/ontology/steigung": "4.513351", "https://registry.gdi-de.org/up3/ontology/strecken-ID": "Section_Wuppertal_6472_137_right", "http://rdfs.org/ns/void#inDataset.value": "4635"}, "geometry": {"type": "LineString", "coordinates": [[7.060373293, 51.2334116404, 206.13], [7.0600576615, 51.2340446512, 209.46]]}}, {"type": "Feature", "id": "https://registry.gdi-de.org/de.nw/radnetz/instances/Section_Wuppertal_1229871_791", "name": " (ex-nw:Section_Wuppertal_1229871_791)", "dateprops": [], "properties": {"https://registry.gdi-de.org/up3/ontology/quell-ID": "1229871", "https://registry.gdi-de.org/up3/ontology/steigung": "2.989008", "https://registry.gdi-de.org/up3/ontology/strecken-ID": "Section_Wuppertal_1229871_791", "http://rdfs.org/ns/void#inDataset.value": "4635"}, "geometry": {"type": "LineString", "coordinates": [[7.1324626895, 51.1704475678, 119.56], [7.1323157165, 51.170751656, 0.0], [7.1322014393, 51.1710401376, 0.0], [7.1320756453, 51.1712961792, 0.0], [7.1319043306, 51.1715676219, 0.0], [7.1316947179, 51.1718344201, 0.0], [7.1314180731, 51.1721727242, 0.0], [7.1311032921, 51.1725023532, 0.0], [7.1307502112, 51.1728273384, 0.0], [7.130596917, 51.1729700411, 128.88]]}}, {"type": "Feature", "id": "https://registry.gdi-de.org/de.nw/radnetz/instances/Section_Wuppertal_1226178_545_right", "name": " (ex-nw:Section_Wuppertal_1226178_545_right)", "dateprops": [], "properties": {"https://registry.gdi-de.org/up3/ontology/quell-ID": "1226178", "https://registry.gdi-de.org/up3/ontology/steigung": "4.348501", "https://registry.gdi-de.org/up3/ontology/strecken-ID": "Section_Wuppertal_1226178_545_right", "http://rdfs.org/ns/void#inDataset.value": "4635"}, "geometry": {"type": "LineString", "coordinates": [[7.0601602853, 51.2203595719, 218.84], [7.0601661962, 51.2199502416, 220.82]]}}, {"type": "Feature", "id": "https://registry.gdi-de.org/de.nw/radnetz/instances/Section_Wuppertal_1228051_691_right", "name": " (ex-nw:Section_Wuppertal_1228051_691_right)", "dateprops": [], "properties": {"https://registry.gdi-de.org/up3/ontology/quell-ID": "1228051", "https://registry.gdi-de.org/up3/ontology/steigung": "2.533598", "https://registry.gdi-de.org/up3/ontology/strecken-ID": "Section_Wuppertal_1228051_691_right", "http://rdfs.org/ns/void#inDataset.value": "4635"}, "geometry": {"type": "LineString", "coordinates": [[7.1068569384, 51.2563412742, 165.23], [7.1086920567, 51.2576999124, 0.0], [7.1092439772, 51.2580313415, 171.6]]}}, {"type": "Feature", "id": "https://registry.gdi-de.org/de.nw/radnetz/instances/Section_Wuppertal_1228555_714_right", "name": " (ex-nw:Section_Wuppertal_1228555_714_right)", "dateprops": [], "properties": {"https://registry.gdi-de.org/up3/ontology/quell-ID": "1228555", "https://registry.gdi-de.org/up3/ontology/steigung": "0.3954132", "https://registry.gdi-de.org/up3/ontology/strecken-ID": "Section_Wuppertal_1228555_714_right", "http://rdfs.org/ns/void#inDataset.value": "4635"}, "geometry": {"type": "LineString", "coordinates": [[7.1872476793, 51.2669752626, 152.13], [7.1892598408, 51.2672687564, 152.7]]}}, {"type": "Feature", "id": "https://registry.gdi-de.org/de.nw/radnetz/instances/Section_Wuppertal_1223002_296", "name": " (ex-nw:Section_Wuppertal_1223002_296)", "dateprops": [], "properties": {"https://registry.gdi-de.org/up3/ontology/quell-ID": "1223002", "https://registry.gdi-de.org/up3/ontology/steigung": "1.400958", "https://registry.gdi-de.org/up3/ontology/strecken-ID": "Section_Wuppertal_1223002_296", "http://rdfs.org/ns/void#inDataset.value": "4635"}, "geometry": {"type": "LineString", "coordinates": [[7.0916450933, 51.2502090685, 176.43], [7.0917780322, 51.2498463449, 177.01]]}}, {"type": "Feature", "id": "https://registry.gdi-de.org/de.nw/radnetz/instances/Section_Wuppertal_1225168_884_left", "name": " (ex-nw:Section_Wuppertal_1225168_884_left)", "dateprops": [], "properties": {"https://registry.gdi-de.org/up3/ontology/quell-ID": "1225168", "https://registry.gdi-de.org/up3/ontology/steigung": "2.748012", "https://registry.gdi-de.org/up3/ontology/strecken-ID": "Section_Wuppertal_1225168_884_left", "http://rdfs.org/ns/void#inDataset.value": "4635"}, "geometry": {"type": "LineString", "coordinates": [[7.1476521332, 51.2554794159, 145.74], [7.1478654158, 51.2555083896, 0.0], [7.1485745326, 51.2555279468, 147.52]]}}, {"type": "Feature", "id": "https://registry.gdi-de.org/de.nw/radnetz/instances/Section_Wuppertal_9648_1088", "name": " (ex-nw:Section_Wuppertal_9648_1088)", "dateprops": [], "properties": {"https://registry.gdi-de.org/up3/ontology/quell-ID": "9648", "https://registry.gdi-de.org/up3/ontology/steigung": "11.84313", "https://registry.gdi-de.org/up3/ontology/strecken-ID": "Section_Wuppertal_9648_1088", "http://rdfs.org/ns/void#inDataset.value": "4635"}, "geometry": {"type": "LineString", "coordinates": [[7.2386952637, 51.2673574774, 0.0], [7.238432739, 51.2679064453, 0.0]]}}, {"type": "Feature", "id": "https://registry.gdi-de.org/de.nw/radnetz/instances/Section_Wuppertal_1226412_569_right", "name": " (ex-nw:Section_Wuppertal_1226412_569_right)", "dateprops": [], "properties": {"https://registry.gdi-de.org/up3/ontology/quell-ID": "1226412", "https://registry.gdi-de.org/up3/ontology/steigung": "0.5903401", "https://registry.gdi-de.org/up3/ontology/strecken-ID": "Section_Wuppertal_1226412_569_right", "http://rdfs.org/ns/void#inDataset.value": "4635"}, "geometry": {"type": "LineString", "coordinates": [[7.2432828435, 51.2544072717, 172.88], [7.243944679, 51.2544316373, 0.0], [7.2448087002, 51.2544682008, 173.51]]}}, {"type": "Feature", "id": "https://registry.gdi-de.org/de.nw/radnetz/instances/Section_Wuppertal_8911_180", "name": " (ex-nw:Section_Wuppertal_8911_180)", "dateprops": [], "properties": {"https://registry.gdi-de.org/up3/ontology/quell-ID": "8911", "https://registry.gdi-de.org/up3/ontology/steigung": "0.3368462", "https://registry.gdi-de.org/up3/ontology/strecken-ID": "Section_Wuppertal_8911_180", "http://rdfs.org/ns/void#inDataset.value": "4635"}, "geometry": {"type": "LineString", "coordinates": [[7.156015219, 51.2355510876, 325.01], [7.1555314719, 51.235449341, 325.13]]}}, {"type": "Feature", "id": "https://registry.gdi-de.org/de.nw/radnetz/instances/Section_Wuppertal_4699_106_right", "name": " (ex-nw:Section_Wuppertal_4699_106_right)", "dateprops": [], "properties": {"https://registry.gdi-de.org/up3/ontology/quell-ID": "4699", "https://registry.gdi-de.org/up3/ontology/steigung": "0.04974299", "https://registry.gdi-de.org/up3/ontology/strecken-ID": "Section_Wuppertal_4699_106_right", "http://rdfs.org/ns/void#inDataset.value": "4635"}, "geometry": {"type": "LineString", "coordinates": [[7.163358056, 51.2587058184, 148.9], [7.1644517902, 51.2594679506, 0.0], [7.1650239841, 51.2600015716, 0.0], [7.1656396421, 51.2605527268, 0.0], [7.1664381032, 51.260967213, 0.0], [7.1695049334, 51.2621321051, 149.19]]}}, {"type": "Feature", "id": "https://registry.gdi-de.org/de.nw/radnetz/instances/Section_Wuppertal_1226168_543", "name": " (ex-nw:Section_Wuppertal_1226168_543)", "dateprops": [], "properties": {"https://registry.gdi-de.org/up3/ontology/quell-ID": "1226168", "https://registry.gdi-de.org/up3/ontology/steigung": "1.934059", "https://registry.gdi-de.org/up3/ontology/strecken-ID": "Section_Wuppertal_1226168_543", "http://rdfs.org/ns/void#inDataset.value": "4635"}, "geometry": {"type": "LineString", "coordinates": [[7.1534083567, 51.2592882561, 146.6], [7.1535806775, 51.2595666497, 0.0], [7.1536993083, 51.2597608991, 147.69]]}}, {"type": "Feature", "id": "https://registry.gdi-de.org/de.nw/radnetz/instances/Section_Wuppertal_12114_255", "name": " (ex-nw:Section_Wuppertal_12114_255)", "dateprops": [], "properties": {"https://registry.gdi-de.org/up3/ontology/quell-ID": "12114", "https://registry.gdi-de.org/up3/ontology/steigung": "2.899827", "https://registry.gdi-de.org/up3/ontology/strecken-ID": "Section_Wuppertal_12114_255", "http://rdfs.org/ns/void#inDataset.value": "4635"}, "geometry": {"type": "LineString", "coordinates": [[7.3057530631, 51.2413721378, 198.55], [7.3053688185, 51.2416497655, 0.0], [7.3054845299, 51.2416490202, 0.0], [7.3057184389, 51.2415797942, 0.0], [7.3058876301, 51.2414878462, 0.0], [7.3059906787, 51.2414118842, 0.0], [7.3061255702, 51.2414138368, 0.0], [7.3063529929, 51.2414726088, 202.04]]}}, {"type": "Feature", "id": "https://registry.gdi-de.org/de.nw/radnetz/instances/Section_Wuppertal_1226426_573", "name": " (ex-nw:Section_Wuppertal_1226426_573)", "dateprops": [], "properties": {"https://registry.gdi-de.org/up3/ontology/quell-ID": "1226426", "https://registry.gdi-de.org/up3/ontology/steigung": "4.086573", "https://registry.gdi-de.org/up3/ontology/strecken-ID": "Section_Wuppertal_1226426_573", "http://rdfs.org/ns/void#inDataset.value": "4635"}, "geometry": {"type": "LineString", "coordinates": [[7.203507083, 51.2781587748, 172.76], [7.2035652063, 51.2782605309, 0.0], [7.2037813445, 51.278480613, 0.0], [7.2039339841, 51.27860229, 175.13]]}}, {"type": "Feature", "id": "https://registry.gdi-de.org/de.nw/radnetz/instances/Section_Wuppertal_1226502_587", "name": " (ex-nw:Section_Wuppertal_1226502_587)", "dateprops": [], "properties": {"https://registry.gdi-de.org/up3/ontology/quell-ID": "1226502", "https://registry.gdi-de.org/up3/ontology/steigung": "6.7523", "https://registry.gdi-de.org/up3/ontology/strecken-ID": "Section_Wuppertal_1226502_587", "http://rdfs.org/ns/void#inDataset.value": "4635"}, "geometry": {"type": "LineString", "coordinates": [[7.0644925789, 51.234301364, 200.36], [7.0640897218, 51.2343293988, 0.0], [7.063805278, 51.2343773917, 203.66]]}}, {"type": "Feature", "id": "https://registry.gdi-de.org/de.nw/radnetz/instances/Section_Wuppertal_1226821_989", "name": " (ex-nw:Section_Wuppertal_1226821_989)", "dateprops": [], "properties": {"https://registry.gdi-de.org/up3/ontology/quell-ID": "1226821", "https://registry.gdi-de.org/up3/ontology/steigung": "5.958445", "https://registry.gdi-de.org/up3/ontology/strecken-ID": "Section_Wuppertal_1226821_989", "http://rdfs.org/ns/void#inDataset.value": "4635"}, "geometry": {"type": "LineString", "coordinates": [[7.1501370418, 51.2172543659, 0.0], [7.150317048, 51.2174862922, 0.0]]}}, {"type": "Feature", "id": "https://registry.gdi-de.org/de.nw/radnetz/instances/Section_Wuppertal_1229640_738", "name": " (ex-nw:Section_Wuppertal_1229640_738)", "dateprops": [], "properties": {"https://registry.gdi-de.org/up3/ontology/quell-ID": "1229640", "https://registry.gdi-de.org/up3/ontology/steigung": "0.3705418", "https://registry.gdi-de.org/up3/ontology/strecken-ID": "Section_Wuppertal_1229640_738", "http://rdfs.org/ns/void#inDataset.value": "4635"}, "geometry": {"type": "LineString", "coordinates": [[7.1124889805, 51.2494351723, 137.74], [7.1125927504, 51.2494461836, 0.0], [7.1130976909, 51.2495041388, 137.9]]}}, {"type": "Feature", "id": "https://registry.gdi-de.org/de.nw/radnetz/instances/Section_Wuppertal_4962_109_left", "name": " (ex-nw:Section_Wuppertal_4962_109_left)", "dateprops": [], "properties": {"https://registry.gdi-de.org/up3/ontology/quell-ID": "4962", "https://registry.gdi-de.org/up3/ontology/steigung": "9.177653", "https://registry.gdi-de.org/up3/ontology/strecken-ID": "Section_Wuppertal_4962_109_left", "http://rdfs.org/ns/void#inDataset.value": "4635"}, "geometry": {"type": "LineString", "coordinates": [[7.0906108381, 51.2586870978, 219.24], [7.090823277, 51.2591884953, 0.0], [7.0908696663, 51.2593318848, 226.03]]}}, {"type": "Feature", "id": "https://registry.gdi-de.org/de.nw/radnetz/instances/Section_Wuppertal_1225852_962_right", "name": " (ex-nw:Section_Wuppertal_1225852_962_right)", "dateprops": [], "properties": {"https://registry.gdi-de.org/up3/ontology/quell-ID": "1225852", "https://registry.gdi-de.org/up3/ontology/steigung": "1.560113", "https://registry.gdi-de.org/up3/ontology/strecken-ID": "Section_Wuppertal_1225852_962_right", "http://rdfs.org/ns/void#inDataset.value": "4635"}, "geometry": {"type": "LineString", "coordinates": [[7.1408113093, 51.2656663623, 0.0], [7.1410152934, 51.2657027475, 0.0], [7.1435457019, 51.266179068, 0.0], [7.1437330865, 51.2662143389, 0.0]]}}, {"type": "Feature", "id": "https://registry.gdi-de.org/de.nw/radnetz/instances/Section_Wuppertal_1229906_811", "name": " (ex-nw:Section_Wuppertal_1229906_811)", "dateprops": [], "properties": {"https://registry.gdi-de.org/up3/ontology/quell-ID": "1229906", "https://registry.gdi-de.org/up3/ontology/steigung": "0.01292337", "https://registry.gdi-de.org/up3/ontology/strecken-ID": "Section_Wuppertal_1229906_811", "http://rdfs.org/ns/void#inDataset.value": "4635"}, "geometry": {"type": "LineString", "coordinates": [[7.1035100581, 51.2560468623, 176.58], [7.1039581473, 51.2562655739, 0.0], [7.1045794539, 51.2565858703, 0.0], [7.1052487313, 51.2569100427, 176.6]]}}, {"type": "Feature", "id": "https://registry.gdi-de.org/de.nw/radnetz/instances/Section_Wuppertal_3744_91_right", "name": " (ex-nw:Section_Wuppertal_3744_91_right)", "dateprops": [], "properties": {"https://registry.gdi-de.org/up3/ontology/quell-ID": "3744", "https://registry.gdi-de.org/up3/ontology/steigung": "2.084047", "https://registry.gdi-de.org/up3/ontology/strecken-ID": "Section_Wuppertal_3744_91_right", "http://rdfs.org/ns/void#inDataset.value": "4635"}, "geometry": {"type": "LineString", "coordinates": [[7.1045265199, 51.2535499518, 157.2], [7.1048831873, 51.2540858819, 0.0], [7.1055793788, 51.2550410283, 0.0], [7.1057516758, 51.2552068454, 161.44]]}}, {"type": "Feature", "id": "https://registry.gdi-de.org/de.nw/radnetz/instances/Section_Wuppertal_10271_216_left", "name": " (ex-nw:Section_Wuppertal_10271_216_left)", "dateprops": [], "properties": {"https://registry.gdi-de.org/up3/ontology/quell-ID": "10271", "https://registry.gdi-de.org/up3/ontology/steigung": "0.8564872", "https://registry.gdi-de.org/up3/ontology/strecken-ID": "Section_Wuppertal_10271_216_left", "http://rdfs.org/ns/void#inDataset.value": "4635"}, "geometry": {"type": "LineString", "coordinates": [[7.1512485377, 51.2585379993, 144.03], [7.151848776, 51.2585687745, 144.39]]}}, {"type": "Feature", "id": "https://registry.gdi-de.org/de.nw/radnetz/instances/Section_Wuppertal_1223044_315", "name": " (ex-nw:Section_Wuppertal_1223044_315)", "dateprops": [], "properties": {"https://registry.gdi-de.org/up3/ontology/quell-ID": "1223044", "https://registry.gdi-de.org/up3/ontology/steigung": "0.4847032", "https://registry.gdi-de.org/up3/ontology/strecken-ID": "Section_Wuppertal_1223044_315", "http://rdfs.org/ns/void#inDataset.value": "4635"}, "geometry": {"type": "LineString", "coordinates": [[7.1533805596, 51.2683337269, 177.71], [7.155541097, 51.2675653349, 178.55]]}}, {"type": "Feature", "id": "https://registry.gdi-de.org/de.nw/radnetz/instances/Section_Wuppertal_9811_204", "name": " (ex-nw:Section_Wuppertal_9811_204)", "dateprops": [], "properties": {"https://registry.gdi-de.org/up3/ontology/quell-ID": "9811", "https://registry.gdi-de.org/up3/ontology/steigung": "3.263903", "https://registry.gdi-de.org/up3/ontology/strecken-ID": "Section_Wuppertal_9811_204", "http://rdfs.org/ns/void#inDataset.value": "4635"}, "geometry": {"type": "LineString", "coordinates": [[7.2562050491, 51.2836469456, 180.83], [7.2558475014, 51.2842644706, 0.0], [7.2557425085, 51.2844311025, 0.0], [7.2555406715, 51.2847752629, 0.0], [7.2553971094, 51.2850130871, 186.12]]}}, {"type": "Feature", "id": "https://registry.gdi-de.org/de.nw/radnetz/instances/Section_Wuppertal_10943_228_right", "name": " (ex-nw:Section_Wuppertal_10943_228_right)", "dateprops": [], "properties": {"https://registry.gdi-de.org/up3/ontology/quell-ID": "10943", "https://registry.gdi-de.org/up3/ontology/steigung": "4.629651", "https://registry.gdi-de.org/up3/ontology/strecken-ID": "Section_Wuppertal_10943_228_right", "http://rdfs.org/ns/void#inDataset.value": "4635"}, "geometry": {"type": "LineString", "coordinates": [[7.1812077999, 51.2870512026, 264.45], [7.1808921604, 51.2882653845, 0.0], [7.180824424, 51.2884188799, 0.0], [7.1806654526, 51.2896391287, 277.91]]}}, {"type": "Feature", "id": "https://registry.gdi-de.org/de.nw/radnetz/instances/Section_Wuppertal_1230024_1009_right", "name": " (ex-nw:Section_Wuppertal_1230024_1009_right)", "dateprops": [], "properties": {"https://registry.gdi-de.org/up3/ontology/quell-ID": "1230024", "https://registry.gdi-de.org/up3/ontology/steigung": "4.884734", "https://registry.gdi-de.org/up3/ontology/strecken-ID": "Section_Wuppertal_1230024_1009_right", "http://rdfs.org/ns/void#inDataset.value": "4635"}, "geometry": {"type": "LineString", "coordinates": [[7.1368803295, 51.1663522717, 108.13], [7.1363060056, 51.1660468476, 0.0], [7.1358869887, 51.1658765352, 0.0], [7.1348750522, 51.1657413938, 0.0], [7.134116614, 51.1657739226, 0.0], [7.1333291277, 51.1659398664, 0.0], [7.1324445808, 51.1663416869, 0.0]]}}, {"type": "Feature", "id": "https://registry.gdi-de.org/de.nw/radnetz/instances/Section_Wuppertal_1225918_984", "name": " (ex-nw:Section_Wuppertal_1225918_984)", "dateprops": [], "properties": {"https://registry.gdi-de.org/up3/ontology/quell-ID": "1225918", "https://registry.gdi-de.org/up3/ontology/steigung": "0.6721264", "https://registry.gdi-de.org/up3/ontology/strecken-ID": "Section_Wuppertal_1225918_984", "http://rdfs.org/ns/void#inDataset.value": "4635"}, "geometry": {"type": "LineString", "coordinates": [[7.1521813475, 51.2205220773, 0.0], [7.1521343026, 51.2213776272, 0.0]]}}, {"type": "Feature", "id": "https://registry.gdi-de.org/de.nw/radnetz/instances/Section_Wuppertal_1226729_897", "name": " (ex-nw:Section_Wuppertal_1226729_897)", "dateprops": [], "properties": {"https://registry.gdi-de.org/up3/ontology/quell-ID": "1226729", "https://registry.gdi-de.org/up3/ontology/steigung": "5.738983", "https://registry.gdi-de.org/up3/ontology/strecken-ID": "Section_Wuppertal_1226729_897", "http://rdfs.org/ns/void#inDataset.value": "4635"}, "geometry": {"type": "LineString", "coordinates": [[7.2440041787, 51.281490304, 175.46], [7.2438814767, 51.2818390897, 177.74]]}}, {"type": "Feature", "id": "https://registry.gdi-de.org/de.nw/radnetz/instances/Section_Wuppertal_12125_257_left", "name": " (ex-nw:Section_Wuppertal_12125_257_left)", "dateprops": [], "properties": {"https://registry.gdi-de.org/up3/ontology/quell-ID": "12125", "https://registry.gdi-de.org/up3/ontology/steigung": "1.254484", "https://registry.gdi-de.org/up3/ontology/strecken-ID": "Section_Wuppertal_12125_257_left", "http://rdfs.org/ns/void#inDataset.value": "4635"}, "geometry": {"type": "LineString", "coordinates": [[7.1410749994, 51.2576605987, 143.53], [7.1430746778, 51.2583534129, 145.53]]}}, {"type": "Feature", "id": "https://registry.gdi-de.org/de.nw/radnetz/instances/Section_Wuppertal_1225210_459_left", "name": " (ex-nw:Section_Wuppertal_1225210_459_left)", "dateprops": [], "properties": {"https://registry.gdi-de.org/up3/ontology/quell-ID": "1225210", "https://registry.gdi-de.org/up3/ontology/steigung": "3.714094", "https://registry.gdi-de.org/up3/ontology/strecken-ID": "Section_Wuppertal_1225210_459_left", "http://rdfs.org/ns/void#inDataset.value": "4635"}, "geometry": {"type": "LineString", "coordinates": [[7.0837532754, 51.2559330346, 199.72], [7.0813634888, 51.2547192875, 0.0], [7.081323381, 51.2547049261, 207.81]]}}, {"type": "Feature", "id": "https://registry.gdi-de.org/de.nw/radnetz/instances/Section_Wuppertal_1223812_393", "name": " (ex-nw:Section_Wuppertal_1223812_393)", "dateprops": [], "properties": {"https://registry.gdi-de.org/up3/ontology/quell-ID": "1223812", "https://registry.gdi-de.org/up3/ontology/steigung": "0.5395144", "https://registry.gdi-de.org/up3/ontology/strecken-ID": "Section_Wuppertal_1223812_393", "http://rdfs.org/ns/void#inDataset.value": "4635"}, "geometry": {"type": "LineString", "coordinates": [[7.214289868, 51.2744837606, 158.33], [7.2141324826, 51.2744679104, 158.39]]}}, {"type": "Feature", "id": "https://registry.gdi-de.org/de.nw/radnetz/instances/Section_Wuppertal_2444_51", "name": " (ex-nw:Section_Wuppertal_2444_51)", "dateprops": [], "properties": {"https://registry.gdi-de.org/up3/ontology/quell-ID": "2444", "https://registry.gdi-de.org/up3/ontology/steigung": "0.6166863", "https://registry.gdi-de.org/up3/ontology/strecken-ID": "Section_Wuppertal_2444_51", "http://rdfs.org/ns/void#inDataset.value": "4635"}, "geometry": {"type": "LineString", "coordinates": [[7.1350844605, 51.255366998, 142.76], [7.1349634476, 51.2554328831, 0.0], [7.1345300926, 51.2552341436, 143.06]]}}, {"type": "Feature", "id": "https://registry.gdi-de.org/de.nw/radnetz/instances/Section_Wuppertal_1226959_655_left", "name": " (ex-nw:Section_Wuppertal_1226959_655_left)", "dateprops": [], "properties": {"https://registry.gdi-de.org/up3/ontology/quell-ID": "1226959", "https://registry.gdi-de.org/up3/ontology/steigung": "0.2565498", "https://registry.gdi-de.org/up3/ontology/strecken-ID": "Section_Wuppertal_1226959_655_left", "http://rdfs.org/ns/void#inDataset.value": "4635"}, "geometry": {"type": "LineString", "coordinates": [[7.0706493651, 51.248142087, 198.47], [7.0706295613, 51.2480424808, 0.0], [7.0706105501, 51.247933255, 198.53]]}}, {"type": "Feature", "id": "https://registry.gdi-de.org/de.nw/radnetz/instances/Section_Wuppertal_1224413_951_left", "name": " (ex-nw:Section_Wuppertal_1224413_951_left)", "dateprops": [], "properties": {"https://registry.gdi-de.org/up3/ontology/quell-ID": "1224413", "https://registry.gdi-de.org/up3/ontology/steigung": "1.999587", "https://registry.gdi-de.org/up3/ontology/strecken-ID": "Section_Wuppertal_1224413_951_left", "http://rdfs.org/ns/void#inDataset.value": "4635"}, "geometry": {"type": "LineString", "coordinates": [[7.150257434, 51.2560344726, 0.0], [7.1507601353, 51.2561877117, 0.0]]}}, {"type": "Feature", "id": "https://registry.gdi-de.org/de.nw/radnetz/instances/Section_Wuppertal_1226736_621_left", "name": " (ex-nw:Section_Wuppertal_1226736_621_left)", "dateprops": [], "properties": {"https://registry.gdi-de.org/up3/ontology/quell-ID": "1226736", "https://registry.gdi-de.org/up3/ontology/steigung": "3.766584", "https://registry.gdi-de.org/up3/ontology/strecken-ID": "Section_Wuppertal_1226736_621_left", "http://rdfs.org/ns/void#inDataset.value": "4635"}, "geometry": {"type": "LineString", "coordinates": [[7.2311585464, 51.2558452351, 172.58], [7.2305422257, 51.2554522433, 174.89]]}}, {"type": "Feature", "id": "https://registry.gdi-de.org/de.nw/radnetz/instances/Section_Wuppertal_1226466_582_left", "name": " (ex-nw:Section_Wuppertal_1226466_582_left)", "dateprops": [], "properties": {"https://registry.gdi-de.org/up3/ontology/quell-ID": "1226466", "https://registry.gdi-de.org/up3/ontology/steigung": "0.8785954", "https://registry.gdi-de.org/up3/ontology/strecken-ID": "Section_Wuppertal_1226466_582_left", "http://rdfs.org/ns/void#inDataset.value": "4635"}, "geometry": {"type": "LineString", "coordinates": [[7.1458771745, 51.3052385233, 304.37], [7.1460089963, 51.3052006808, 0.0], [7.1460554964, 51.3051876983, 304.49]]}}, {"type": "Feature", "id": "https://registry.gdi-de.org/de.nw/radnetz/instances/Section_Wuppertal_1226711_618_left", "name": " (ex-nw:Section_Wuppertal_1226711_618_left)", "dateprops": [], "properties": {"https://registry.gdi-de.org/up3/ontology/quell-ID": "1226711", "https://registry.gdi-de.org/up3/ontology/steigung": "0.9827904", "https://registry.gdi-de.org/up3/ontology/strecken-ID": "Section_Wuppertal_1226711_618_left", "http://rdfs.org/ns/void#inDataset.value": "4635"}, "geometry": {"type": "LineString", "coordinates": [[7.1858314786, 51.2791313481, 195.71], [7.1858891341, 51.2791451377, 0.0], [7.1865606817, 51.2792203088, 196.22]]}}, {"type": "Feature", "id": "https://registry.gdi-de.org/de.nw/radnetz/instances/Section_Wuppertal_1226979_1020_left", "name": " (ex-nw:Section_Wuppertal_1226979_1020_left)", "dateprops": [], "properties": {"https://registry.gdi-de.org/up3/ontology/quell-ID": "1226979", "https://registry.gdi-de.org/up3/ontology/steigung": "1.301705", "https://registry.gdi-de.org/up3/ontology/strecken-ID": "Section_Wuppertal_1226979_1020_left", "http://rdfs.org/ns/void#inDataset.value": "4635"}, "geometry": {"type": "LineString", "coordinates": [[7.1348804755, 51.2803159284, 0.0], [7.134677857, 51.280237002, 0.0], [7.1341710325, 51.2800261738, 0.0], [7.1326781697, 51.2797815905, 295.97]]}}, {"type": "Feature", "id": "https://registry.gdi-de.org/de.nw/radnetz/instances/Section_Wuppertal_1228621_718", "name": " (ex-nw:Section_Wuppertal_1228621_718)", "dateprops": [], "properties": {"https://registry.gdi-de.org/up3/ontology/quell-ID": "1228621", "https://registry.gdi-de.org/up3/ontology/steigung": "0.1023592", "https://registry.gdi-de.org/up3/ontology/strecken-ID": "Section_Wuppertal_1228621_718", "http://rdfs.org/ns/void#inDataset.value": "4635"}, "geometry": {"type": "LineString", "coordinates": [[7.1745492189, 51.2638616457, 150.12], [7.1731410061, 51.263138363, 150.25]]}}, {"type": "Feature", "id": "https://registry.gdi-de.org/de.nw/radnetz/instances/Section_Wuppertal_11983_249_left", "name": " (ex-nw:Section_Wuppertal_11983_249_left)", "dateprops": [], "properties": {"https://registry.gdi-de.org/up3/ontology/quell-ID": "11983", "https://registry.gdi-de.org/up3/ontology/steigung": "1.856522", "https://registry.gdi-de.org/up3/ontology/strecken-ID": "Section_Wuppertal_11983_249_left", "http://rdfs.org/ns/void#inDataset.value": "4635"}, "geometry": {"type": "LineString", "coordinates": [[7.0556123657, 51.2340483056, 206.73], [7.0568686845, 51.2342841492, 208.43]]}}, {"type": "Feature", "id": "https://registry.gdi-de.org/de.nw/radnetz/instances/Section_Wuppertal_8378_172", "name": " (ex-nw:Section_Wuppertal_8378_172)", "dateprops": [], "properties": {"https://registry.gdi-de.org/up3/ontology/quell-ID": "8378", "https://registry.gdi-de.org/up3/ontology/steigung": "1.3338", "https://registry.gdi-de.org/up3/ontology/strecken-ID": "Section_Wuppertal_8378_172", "http://rdfs.org/ns/void#inDataset.value": "4635"}, "geometry": {"type": "LineString", "coordinates": [[7.2345540186, 51.2278332473, 299.65], [7.2342920242, 51.2268227333, 0.0], [7.2343133405, 51.226518967, 301.62]]}}, {"type": "Feature", "id": "https://registry.gdi-de.org/de.nw/radnetz/instances/Section_Wuppertal_1226343_563_right", "name": " (ex-nw:Section_Wuppertal_1226343_563_right)", "dateprops": [], "properties": {"https://registry.gdi-de.org/up3/ontology/quell-ID": "1226343", "https://registry.gdi-de.org/up3/ontology/steigung": "3.741282", "https://registry.gdi-de.org/up3/ontology/strecken-ID": "Section_Wuppertal_1226343_563_right", "http://rdfs.org/ns/void#inDataset.value": "4635"}, "geometry": {"type": "LineString", "coordinates": [[7.0729233757, 51.2540353682, 0.0], [7.0726013526, 51.2557087905, 0.0], [7.0724033765, 51.2565964071, 0.0], [7.0724024877, 51.2568947474, 0.0], [7.072276262, 51.2576944598, 0.0], [7.0724205584, 51.2582018084, 0.0], [7.0732089724, 51.2600883475, 0.0], [7.0731834964, 51.260223451, 0.0], [7.0731189622, 51.2605446408, 0.0], [7.0729659224, 51.2608127478, 217.19]]}}, {"type": "Feature", "id": "https://registry.gdi-de.org/de.nw/radnetz/instances/Section_Wuppertal_1223196_362", "name": " (ex-nw:Section_Wuppertal_1223196_362)", "dateprops": [], "properties": {"https://registry.gdi-de.org/up3/ontology/quell-ID": "1223196", "https://registry.gdi-de.org/up3/ontology/steigung": "2.55043", "https://registry.gdi-de.org/up3/ontology/strecken-ID": "Section_Wuppertal_1223196_362", "http://rdfs.org/ns/void#inDataset.value": "4635"}, "geometry": {"type": "LineString", "coordinates": [[7.1242616957, 51.2276598372, 267.81], [7.124428568, 51.2275563028, 0.0], [7.1246218378, 51.2274611602, 0.0], [7.1247733308, 51.22738086, 0.0], [7.1249822182, 51.2273066496, 0.0], [7.1252499701, 51.2272023583, 0.0], [7.1257179583, 51.2270340582, 0.0], [7.1259447713, 51.2269239393, 0.0], [7.1261563836, 51.2267825536, 0.0], [7.1263772728, 51.2266154625, 0.0], [7.1266356949, 51.2263352207, 0.0], [7.1267346114, 51.2261299829, 0.0], [7.1268360435, 51.2258627385, 0.0], [7.126808536, 51.2255262129, 0.0], [7.1267888377, 51.2252001536, 0.0], [7.1267839209, 51.2249156951, 277.64]]}}, {"type": "Feature", "id": "https://registry.gdi-de.org/de.nw/radnetz/instances/Section_Wuppertal_1225023_1039_right", "name": " (ex-nw:Section_Wuppertal_1225023_1039_right)", "dateprops": [], "properties": {"https://registry.gdi-de.org/up3/ontology/quell-ID": "1225023", "https://registry.gdi-de.org/up3/ontology/steigung": "3.634896", "https://registry.gdi-de.org/up3/ontology/strecken-ID": "Section_Wuppertal_1225023_1039_right", "http://rdfs.org/ns/void#inDataset.value": "4635"}, "geometry": {"type": "LineString", "coordinates": [[7.130253554, 51.27046593, 0.0], [7.1302414613, 51.2705720112, 0.0]]}}, {"type": "Feature", "id": "https://registry.gdi-de.org/de.nw/radnetz/instances/Section_Wuppertal_8564_176_left", "name": " (ex-nw:Section_Wuppertal_8564_176_left)", "dateprops": [], "properties": {"https://registry.gdi-de.org/up3/ontology/quell-ID": "8564", "https://registry.gdi-de.org/up3/ontology/steigung": "2.097363", "https://registry.gdi-de.org/up3/ontology/strecken-ID": "Section_Wuppertal_8564_176_left", "http://rdfs.org/ns/void#inDataset.value": "4635"}, "geometry": {"type": "LineString", "coordinates": [[7.2683569781, 51.2780479739, 216.57], [7.2688031492, 51.2781315793, 0.0], [7.2696237668, 51.2783072032, 218.52]]}}, {"type": "Feature", "id": "https://registry.gdi-de.org/de.nw/radnetz/instances/Section_Wuppertal_1228559_716_right", "name": " (ex-nw:Section_Wuppertal_1228559_716_right)", "dateprops": [], "properties": {"https://registry.gdi-de.org/up3/ontology/quell-ID": "1228559", "https://registry.gdi-de.org/up3/ontology/steigung": "0.4731737", "https://registry.gdi-de.org/up3/ontology/strecken-ID": "Section_Wuppertal_1228559_716_right", "http://rdfs.org/ns/void#inDataset.value": "4635"}, "geometry": {"type": "LineString", "coordinates": [[7.1907391098, 51.2680167814, 151.58], [7.1919393532, 51.2686564908, 152.1]]}}, {"type": "Feature", "id": "https://registry.gdi-de.org/de.nw/radnetz/instances/Section_Wuppertal_1224087_977", "name": " (ex-nw:Section_Wuppertal_1224087_977)", "dateprops": [], "properties": {"https://registry.gdi-de.org/up3/ontology/quell-ID": "1224087", "https://registry.gdi-de.org/up3/ontology/steigung": "2.799578", "https://registry.gdi-de.org/up3/ontology/strecken-ID": "Section_Wuppertal_1224087_977", "http://rdfs.org/ns/void#inDataset.value": "4635"}, "geometry": {"type": "LineString", "coordinates": [[7.1503473616, 51.228203321, 0.0], [7.1502257104, 51.228479521, 0.0], [7.1500441385, 51.2286610954, 0.0]]}}, {"type": "Feature", "id": "https://registry.gdi-de.org/de.nw/radnetz/instances/Section_Wuppertal_1224577_958", "name": " (ex-nw:Section_Wuppertal_1224577_958)", "dateprops": [], "properties": {"https://registry.gdi-de.org/up3/ontology/quell-ID": "1224577", "https://registry.gdi-de.org/up3/ontology/steigung": "1.946945", "https://registry.gdi-de.org/up3/ontology/strecken-ID": "Section_Wuppertal_1224577_958", "http://rdfs.org/ns/void#inDataset.value": "4635"}, "geometry": {"type": "LineString", "coordinates": [[7.1477375269, 51.2626244752, 0.0], [7.1477540706, 51.2627010291, 0.0], [7.1477882729, 51.2628857367, 0.0]]}}, {"type": "Feature", "id": "https://registry.gdi-de.org/de.nw/radnetz/instances/Section_Wuppertal_1224097_405", "name": " (ex-nw:Section_Wuppertal_1224097_405)", "dateprops": [], "properties": {"https://registry.gdi-de.org/up3/ontology/quell-ID": "1224097", "https://registry.gdi-de.org/up3/ontology/steigung": "0.8431419", "https://registry.gdi-de.org/up3/ontology/strecken-ID": "Section_Wuppertal_1224097_405", "http://rdfs.org/ns/void#inDataset.value": "4635"}, "geometry": {"type": "LineString", "coordinates": [[7.2213036619, 51.2753290684, 161.47], [7.2215240009, 51.2753397908, 161.6]]}}, {"type": "Feature", "id": "https://registry.gdi-de.org/de.nw/radnetz/instances/Section_Wuppertal_1230110_873_right", "name": " (ex-nw:Section_Wuppertal_1230110_873_right)", "dateprops": [], "properties": {"https://registry.gdi-de.org/up3/ontology/quell-ID": "1230110", "https://registry.gdi-de.org/up3/ontology/steigung": "3.165044", "https://registry.gdi-de.org/up3/ontology/strecken-ID": "Section_Wuppertal_1230110_873_right", "http://rdfs.org/ns/void#inDataset.value": "4635"}, "geometry": {"type": "LineString", "coordinates": [[7.1301221329, 51.2534672058, 146.59], [7.1303417851, 51.2536628222, 0.0], [7.1309054355, 51.2538641011, 0.0], [7.1308516843, 51.2539530166, 0.0]]}}, {"type": "Feature", "id": "https://registry.gdi-de.org/de.nw/radnetz/instances/Section_Wuppertal_32_1_right", "name": " (ex-nw:Section_Wuppertal_32_1_right)", "dateprops": [], "properties": {"https://registry.gdi-de.org/up3/ontology/quell-ID": "32", "https://registry.gdi-de.org/up3/ontology/steigung": "3.148105", "https://registry.gdi-de.org/up3/ontology/strecken-ID": "Section_Wuppertal_32_1_right", "http://rdfs.org/ns/void#inDataset.value": "4635"}, "geometry": {"type": "LineString", "coordinates": [[7.0723585824, 51.2515498054, 184.52], [7.072035535, 51.2510097473, 186.54]]}}, {"type": "Feature", "id": "https://registry.gdi-de.org/de.nw/radnetz/instances/Section_Wuppertal_1226409_566", "name": " (ex-nw:Section_Wuppertal_1226409_566)", "dateprops": [], "properties": {"https://registry.gdi-de.org/up3/ontology/quell-ID": "1226409", "https://registry.gdi-de.org/up3/ontology/steigung": "3.54665", "https://registry.gdi-de.org/up3/ontology/strecken-ID": "Section_Wuppertal_1226409_566", "http://rdfs.org/ns/void#inDataset.value": "4635"}, "geometry": {"type": "LineString", "coordinates": [[7.2033239082, 51.274922388, 160.26], [7.203253428, 51.275048634, 0.0], [7.2028104359, 51.2761947407, 165.44]]}}, {"type": "Feature", "id": "https://registry.gdi-de.org/de.nw/radnetz/instances/Section_Wuppertal_1223754_388_right", "name": " (ex-nw:Section_Wuppertal_1223754_388_right)", "dateprops": [], "properties": {"https://registry.gdi-de.org/up3/ontology/quell-ID": "1223754", "https://registry.gdi-de.org/up3/ontology/steigung": "1.552511", "https://registry.gdi-de.org/up3/ontology/strecken-ID": "Section_Wuppertal_1223754_388_right", "http://rdfs.org/ns/void#inDataset.value": "4635"}, "geometry": {"type": "LineString", "coordinates": [[7.1091510769, 51.2626729745, 198.98], [7.1092503355, 51.2626210689, 199.12]]}}, {"type": "Feature", "id": "https://registry.gdi-de.org/de.nw/radnetz/instances/Section_Wuppertal_1229876_796", "name": " (ex-nw:Section_Wuppertal_1229876_796)", "dateprops": [], "properties": {"https://registry.gdi-de.org/up3/ontology/quell-ID": "1229876", "https://registry.gdi-de.org/up3/ontology/steigung": "0.418486", "https://registry.gdi-de.org/up3/ontology/strecken-ID": "Section_Wuppertal_1229876_796", "http://rdfs.org/ns/void#inDataset.value": "4635"}, "geometry": {"type": "LineString", "coordinates": [[7.1260705559, 51.183046246, 125.1], [7.1256623064, 51.1834630686, 0.0], [7.1253311151, 51.1837198427, 0.0], [7.1248676032, 51.1840752963, 0.0], [7.1242018654, 51.1843549278, 0.0], [7.1235319987, 51.1845780414, 0.0], [7.1226969022, 51.1847622106, 0.0], [7.1218377909, 51.1849056671, 0.0], [7.1209674902, 51.1850086181, 0.0], [7.1193886411, 51.1851808129, 0.0], [7.1187391621, 51.185261005, 0.0], [7.1178681246, 51.1853691561, 0.0], [7.117370654, 51.1854527723, 0.0], [7.1168082213, 51.1855404315, 0.0], [7.1164232354, 51.1856462163, 0.0], [7.1159324028, 51.1857655645, 0.0], [7.1150987059, 51.1859506484, 0.0], [7.1143781141, 51.18614264, 0.0], [7.1138860235, 51.1862925013, 0.0], [7.1134341933, 51.1864480993, 0.0], [7.112982985, 51.1865884351, 0.0], [7.1120803276, 51.1868735681, 129.69]]}}, {"type": "Feature", "id": "https://registry.gdi-de.org/de.nw/radnetz/instances/Section_Wuppertal_1229959_825", "name": " (ex-nw:Section_Wuppertal_1229959_825)", "dateprops": [], "properties": {"https://registry.gdi-de.org/up3/ontology/quell-ID": "1229959", "https://registry.gdi-de.org/up3/ontology/steigung": "0.2509974", "https://registry.gdi-de.org/up3/ontology/strecken-ID": "Section_Wuppertal_1229959_825", "http://rdfs.org/ns/void#inDataset.value": "4635"}, "geometry": {"type": "LineString", "coordinates": [[7.237466168, 51.3172081542, 241.53], [7.2373837867, 51.3174856547, 0.0], [7.2369359596, 51.3195329206, 0.0], [7.236229425, 51.3198983656, 0.0], [7.2352733035, 51.3207518506, 0.0], [7.2353706689, 51.3218237163, 0.0], [7.2352923403, 51.3226614964, 0.0], [7.2353941486, 51.3236177095, 0.0], [7.2358245306, 51.3244342254, 0.0], [7.236813171, 51.3252735319, 243.97]]}}, {"type": "Feature", "id": "https://registry.gdi-de.org/de.nw/radnetz/instances/Section_Wuppertal_1226960_656_right", "name": " (ex-nw:Section_Wuppertal_1226960_656_right)", "dateprops": [], "properties": {"https://registry.gdi-de.org/up3/ontology/quell-ID": "1226960", "https://registry.gdi-de.org/up3/ontology/steigung": "0.3508503", "https://registry.gdi-de.org/up3/ontology/strecken-ID": "Section_Wuppertal_1226960_656_right", "http://rdfs.org/ns/void#inDataset.value": "4635"}, "geometry": {"type": "LineString", "coordinates": [[7.0706105501, 51.247933255, 198.53], [7.0705662165, 51.2476785322, 198.63]]}}, {"type": "Feature", "id": "https://registry.gdi-de.org/de.nw/radnetz/instances/Section_Wuppertal_1223874_395_right", "name": " (ex-nw:Section_Wuppertal_1223874_395_right)", "dateprops": [], "properties": {"https://registry.gdi-de.org/up3/ontology/quell-ID": "1223874", "https://registry.gdi-de.org/up3/ontology/steigung": "3.27351", "https://registry.gdi-de.org/up3/ontology/strecken-ID": "Section_Wuppertal_1223874_395_right", "http://rdfs.org/ns/void#inDataset.value": "4635"}, "geometry": {"type": "LineString", "coordinates": [[7.1905706165, 51.2249600269, 315.07], [7.1905715442, 51.2247705258, 315.76]]}}, {"type": "Feature", "id": "https://registry.gdi-de.org/de.nw/radnetz/instances/Section_Wuppertal_1223745_385", "name": " (ex-nw:Section_Wuppertal_1223745_385)", "dateprops": [], "properties": {"https://registry.gdi-de.org/up3/ontology/quell-ID": "1223745", "https://registry.gdi-de.org/up3/ontology/steigung": "6.245073", "https://registry.gdi-de.org/up3/ontology/strecken-ID": "Section_Wuppertal_1223745_385", "http://rdfs.org/ns/void#inDataset.value": "4635"}, "geometry": {"type": "LineString", "coordinates": [[7.1026754567, 51.2379447423, 137.42], [7.1024484265, 51.2376442899, 139.73]]}}, {"type": "Feature", "id": "https://registry.gdi-de.org/de.nw/radnetz/instances/Section_Wuppertal_1226833_997_left", "name": " (ex-nw:Section_Wuppertal_1226833_997_left)", "dateprops": [], "properties": {"https://registry.gdi-de.org/up3/ontology/quell-ID": "1226833", "https://registry.gdi-de.org/up3/ontology/steigung": "0.5604625", "https://registry.gdi-de.org/up3/ontology/strecken-ID": "Section_Wuppertal_1226833_997_left", "http://rdfs.org/ns/void#inDataset.value": "4635"}, "geometry": {"type": "LineString", "coordinates": [[7.1402142949, 51.2109413738, 0.0], [7.1403234833, 51.2111212323, 0.0]]}}, {"type": "Feature", "id": "https://registry.gdi-de.org/de.nw/radnetz/instances/Section_Wuppertal_1228921_724", "name": " (ex-nw:Section_Wuppertal_1228921_724)", "dateprops": [], "properties": {"https://registry.gdi-de.org/up3/ontology/quell-ID": "1228921", "https://registry.gdi-de.org/up3/ontology/steigung": "0.9235631", "https://registry.gdi-de.org/up3/ontology/strecken-ID": "Section_Wuppertal_1228921_724", "http://rdfs.org/ns/void#inDataset.value": "4635"}, "geometry": {"type": "LineString", "coordinates": [[7.2119212111, 51.274283822, 157.35], [7.2123055816, 51.2743169627, 157.6]]}}, {"type": "Feature", "id": "https://registry.gdi-de.org/de.nw/radnetz/instances/Section_Wuppertal_1229957_823", "name": " (ex-nw:Section_Wuppertal_1229957_823)", "dateprops": [], "properties": {"https://registry.gdi-de.org/up3/ontology/quell-ID": "1229957", "https://registry.gdi-de.org/up3/ontology/steigung": "2.526541", "https://registry.gdi-de.org/up3/ontology/strecken-ID": "Section_Wuppertal_1229957_823", "http://rdfs.org/ns/void#inDataset.value": "4635"}, "geometry": {"type": "LineString", "coordinates": [[7.1120998023, 51.2450282932, 0.0], [7.1120364958, 51.2448139871, 0.0], [7.1120578968, 51.2445428788, 0.0], [7.1121510663, 51.2442793927, 0.0], [7.1123170613, 51.2439976902, 0.0], [7.1125899256, 51.2436207649, 0.0], [7.1129804728, 51.2431358626, 0.0], [7.1133631001, 51.2425926626, 0.0], [7.1137428127, 51.2421205099, 0.0], [7.1139932034, 51.2417674539, 198.41]]}}, {"type": "Feature", "id": "https://registry.gdi-de.org/de.nw/radnetz/instances/Section_Wuppertal_12115_256", "name": " (ex-nw:Section_Wuppertal_12115_256)", "dateprops": [], "properties": {"https://registry.gdi-de.org/up3/ontology/quell-ID": "12115", "https://registry.gdi-de.org/up3/ontology/steigung": "2.409566", "https://registry.gdi-de.org/up3/ontology/strecken-ID": "Section_Wuppertal_12115_256", "http://rdfs.org/ns/void#inDataset.value": "4635"}, "geometry": {"type": "LineString", "coordinates": [[7.086106514, 51.2565895307, 198.22], [7.0871900971, 51.2566683709, 0.0], [7.0880129242, 51.2566437075, 201.44]]}}, {"type": "Feature", "id": "https://registry.gdi-de.org/de.nw/radnetz/instances/Section_Wuppertal_1226453_576", "name": " (ex-nw:Section_Wuppertal_1226453_576)", "dateprops": [], "properties": {"https://registry.gdi-de.org/up3/ontology/quell-ID": "1226453", "https://registry.gdi-de.org/up3/ontology/steigung": "1.998706", "https://registry.gdi-de.org/up3/ontology/strecken-ID": "Section_Wuppertal_1226453_576", "http://rdfs.org/ns/void#inDataset.value": "4635"}, "geometry": {"type": "LineString", "coordinates": [[7.2051908195, 51.2166758642, 252.44], [7.2046873111, 51.2169428075, 253.36]]}}, {"type": "Feature", "id": "https://registry.gdi-de.org/de.nw/radnetz/instances/Section_Wuppertal_1228152_1074_right", "name": " (ex-nw:Section_Wuppertal_1228152_1074_right)", "dateprops": [], "properties": {"https://registry.gdi-de.org/up3/ontology/quell-ID": "1228152", "https://registry.gdi-de.org/up3/ontology/steigung": "7.607049", "https://registry.gdi-de.org/up3/ontology/strecken-ID": "Section_Wuppertal_1228152_1074_right", "http://rdfs.org/ns/void#inDataset.value": "4635"}, "geometry": {"type": "LineString", "coordinates": [[7.15992905, 51.2752506785, 0.0], [7.1596882306, 51.2751018439, 0.0], [7.1588747884, 51.274669429, 0.0], [7.1584083962, 51.2743594261, 0.0]]}}, {"type": "Feature", "id": "https://registry.gdi-de.org/de.nw/radnetz/instances/Section_Wuppertal_1228472_713_left", "name": " (ex-nw:Section_Wuppertal_1228472_713_left)", "dateprops": [], "properties": {"https://registry.gdi-de.org/up3/ontology/quell-ID": "1228472", "https://registry.gdi-de.org/up3/ontology/steigung": "2.198445", "https://registry.gdi-de.org/up3/ontology/strecken-ID": "Section_Wuppertal_1228472_713_left", "http://rdfs.org/ns/void#inDataset.value": "4635"}, "geometry": {"type": "LineString", "coordinates": [[7.1384656676, 51.2098670056, 298.86], [7.1372229664, 51.2091817274, 301.4]]}}, {"type": "Feature", "id": "https://registry.gdi-de.org/de.nw/radnetz/instances/Section_Wuppertal_7008_146_right", "name": " (ex-nw:Section_Wuppertal_7008_146_right)", "dateprops": [], "properties": {"https://registry.gdi-de.org/up3/ontology/quell-ID": "7008", "https://registry.gdi-de.org/up3/ontology/steigung": "4.620772", "https://registry.gdi-de.org/up3/ontology/strecken-ID": "Section_Wuppertal_7008_146_right", "http://rdfs.org/ns/void#inDataset.value": "4635"}, "geometry": {"type": "LineString", "coordinates": [[7.1315215766, 51.2007784271, 267.53], [7.1314898981, 51.201237164, 269.89]]}}, {"type": "Feature", "id": "https://registry.gdi-de.org/de.nw/radnetz/instances/Section_Wuppertal_9788_203", "name": " (ex-nw:Section_Wuppertal_9788_203)", "dateprops": [], "properties": {"https://registry.gdi-de.org/up3/ontology/quell-ID": "9788", "https://registry.gdi-de.org/up3/ontology/steigung": "4.034889", "https://registry.gdi-de.org/up3/ontology/strecken-ID": "Section_Wuppertal_9788_203", "http://rdfs.org/ns/void#inDataset.value": "4635"}, "geometry": {"type": "LineString", "coordinates": [[7.1798524109, 51.2677250427, 155.51], [7.1797261191, 51.2676669241, 0.0], [7.1795461553, 51.2675832541, 0.0], [7.1794011586, 51.2674768482, 0.0], [7.1788414618, 51.2669938228, 159.89]]}}, {"type": "Feature", "id": "https://registry.gdi-de.org/de.nw/radnetz/instances/Section_Wuppertal_6579_138_left", "name": " (ex-nw:Section_Wuppertal_6579_138_left)", "dateprops": [], "properties": {"https://registry.gdi-de.org/up3/ontology/quell-ID": "6579", "https://registry.gdi-de.org/up3/ontology/steigung": "0.02740957", "https://registry.gdi-de.org/up3/ontology/strecken-ID": "Section_Wuppertal_6579_138_left", "http://rdfs.org/ns/void#inDataset.value": "4635"}, "geometry": {"type": "LineString", "coordinates": [[7.2311540914, 51.270764602, 163.24], [7.2312267918, 51.2707304876, 0.0], [7.2316567479, 51.2701955853, 163.26]]}}, {"type": "Feature", "id": "https://registry.gdi-de.org/de.nw/radnetz/instances/Section_Wuppertal_1225144_450_left", "name": " (ex-nw:Section_Wuppertal_1225144_450_left)", "dateprops": [], "properties": {"https://registry.gdi-de.org/up3/ontology/quell-ID": "1225144", "https://registry.gdi-de.org/up3/ontology/steigung": "1.800382", "https://registry.gdi-de.org/up3/ontology/strecken-ID": "Section_Wuppertal_1225144_450_left", "http://rdfs.org/ns/void#inDataset.value": "4635"}, "geometry": {"type": "LineString", "coordinates": [[7.1910677868, 51.2220429685, 314.88], [7.1907698638, 51.2229141802, 0.0], [7.1905140176, 51.2235370269, 0.0], [7.1904815375, 51.2239418543, 0.0], [7.1905001872, 51.2240990861, 319.08]]}}, {"type": "Feature", "id": "https://registry.gdi-de.org/de.nw/radnetz/instances/Section_Wuppertal_1230029_835", "name": " (ex-nw:Section_Wuppertal_1230029_835)", "dateprops": [], "properties": {"https://registry.gdi-de.org/up3/ontology/quell-ID": "1230029", "https://registry.gdi-de.org/up3/ontology/steigung": "1.424197", "https://registry.gdi-de.org/up3/ontology/strecken-ID": "Section_Wuppertal_1230029_835", "http://rdfs.org/ns/void#inDataset.value": "4635"}, "geometry": {"type": "LineString", "coordinates": [[7.0926089073, 51.1716870844, 0.0], [7.0925797123, 51.1732904204, 0.0], [7.0912826461, 51.175151994, 0.0], [7.0900291481, 51.17685156, 0.0], [7.0898107757, 51.1776615204, 0.0], [7.0893082862, 51.1781879167, 0.0], [7.0879442962, 51.1789791523, 0.0], [7.0858800323, 51.1797124272, 0.0], [7.0823297567, 51.1806072592, 0.0], [7.0806676788, 51.1807538503, 0.01]]}}, {"type": "Feature", "id": "https://registry.gdi-de.org/de.nw/radnetz/instances/Section_Wuppertal_1226117_538", "name": " (ex-nw:Section_Wuppertal_1226117_538)", "dateprops": [], "properties": {"https://registry.gdi-de.org/up3/ontology/quell-ID": "1226117", "https://registry.gdi-de.org/up3/ontology/steigung": "5.51567", "https://registry.gdi-de.org/up3/ontology/strecken-ID": "Section_Wuppertal_1226117_538", "http://rdfs.org/ns/void#inDataset.value": "4635"}, "geometry": {"type": "LineString", "coordinates": [[7.2318731486, 51.272809243, 186.61], [7.2325146716, 51.2728024775, 0.0], [7.2325174974, 51.2728025157, 189.09]]}}, {"type": "Feature", "id": "https://registry.gdi-de.org/de.nw/radnetz/instances/Section_Wuppertal_1223195_361", "name": " (ex-nw:Section_Wuppertal_1223195_361)", "dateprops": [], "properties": {"https://registry.gdi-de.org/up3/ontology/quell-ID": "1223195", "https://registry.gdi-de.org/up3/ontology/steigung": "2.438097", "https://registry.gdi-de.org/up3/ontology/strecken-ID": "Section_Wuppertal_1223195_361", "http://rdfs.org/ns/void#inDataset.value": "4635"}, "geometry": {"type": "LineString", "coordinates": [[7.1226525891, 51.2305155814, 259.42], [7.1226161212, 51.230205575, 0.0], [7.1226490134, 51.2300044523, 0.0], [7.122665026, 51.229813399, 0.0], [7.122792231, 51.229520719, 0.0], [7.122984643, 51.2292445963, 0.0], [7.1231753706, 51.2290098114, 0.0], [7.1234120801, 51.2286568404, 0.0], [7.1236308549, 51.2283397754, 0.0], [7.1237717766, 51.228114532, 0.0], [7.1239101764, 51.2279512938, 0.0], [7.1242616957, 51.2276598372, 267.81]]}}, {"type": "Feature", "id": "https://registry.gdi-de.org/de.nw/radnetz/instances/Section_Wuppertal_6459_136", "name": " (ex-nw:Section_Wuppertal_6459_136)", "dateprops": [], "properties": {"https://registry.gdi-de.org/up3/ontology/quell-ID": "6459", "https://registry.gdi-de.org/up3/ontology/steigung": "0.5012524", "https://registry.gdi-de.org/up3/ontology/strecken-ID": "Section_Wuppertal_6459_136", "http://rdfs.org/ns/void#inDataset.value": "4635"}, "geometry": {"type": "LineString", "coordinates": [[7.2781249063, 51.2538080854, 204.62], [7.2786278613, 51.2531305686, 0.0], [7.278868508, 51.2528523604, 0.0], [7.2794926735, 51.2520420586, 0.0], [7.2802256377, 51.2514390372, 0.0], [7.281369562, 51.2507094563, 0.0], [7.2818294898, 51.2502073776, 0.0], [7.2825245476, 51.249678268, 0.0], [7.2832664342, 51.249406573, 0.0], [7.2849357999, 51.2491725642, 0.0], [7.2852639084, 51.249124033, 0.0], [7.2860713268, 51.2488005331, 0.0], [7.286637548, 51.2485605819, 0.0], [7.2873617855, 51.2483368672, 0.0], [7.2878473727, 51.2482865685, 0.0], [7.2882985602, 51.2483373322, 209.62]]}}, {"type": "Feature", "id": "https://registry.gdi-de.org/de.nw/radnetz/instances/Section_Wuppertal_1937_42_right", "name": " (ex-nw:Section_Wuppertal_1937_42_right)", "dateprops": [], "properties": {"https://registry.gdi-de.org/up3/ontology/quell-ID": "1937", "https://registry.gdi-de.org/up3/ontology/steigung": "5.833115", "https://registry.gdi-de.org/up3/ontology/strecken-ID": "Section_Wuppertal_1937_42_right", "http://rdfs.org/ns/void#inDataset.value": "4635"}, "geometry": {"type": "LineString", "coordinates": [[7.0601713095, 51.2195960168, 222.91], [7.0599444203, 51.2186201255, 0.0], [7.0593628424, 51.2177771328, 235.27]]}}, {"type": "Feature", "id": "https://registry.gdi-de.org/de.nw/radnetz/instances/Section_Wuppertal_1222949_957", "name": " (ex-nw:Section_Wuppertal_1222949_957)", "dateprops": [], "properties": {"https://registry.gdi-de.org/up3/ontology/quell-ID": "1222949", "https://registry.gdi-de.org/up3/ontology/steigung": "1.018207", "https://registry.gdi-de.org/up3/ontology/strecken-ID": "Section_Wuppertal_1222949_957", "http://rdfs.org/ns/void#inDataset.value": "4635"}, "geometry": {"type": "LineString", "coordinates": [[7.1477132063, 51.2623158199, 0.0], [7.1477375269, 51.2626244752, 0.0]]}}, {"type": "Feature", "id": "https://registry.gdi-de.org/de.nw/radnetz/instances/Section_Wuppertal_1227765_683", "name": " (ex-nw:Section_Wuppertal_1227765_683)", "dateprops": [], "properties": {"https://registry.gdi-de.org/up3/ontology/quell-ID": "1227765", "https://registry.gdi-de.org/up3/ontology/steigung": "0.9872481", "https://registry.gdi-de.org/up3/ontology/strecken-ID": "Section_Wuppertal_1227765_683", "http://rdfs.org/ns/void#inDataset.value": "4635"}, "geometry": {"type": "LineString", "coordinates": [[7.1419749991, 51.2554513751, 142.46], [7.1429296079, 51.2556947044, 143.17]]}}, {"type": "Feature", "id": "https://registry.gdi-de.org/de.nw/radnetz/instances/Section_Wuppertal_1228151_1073_right", "name": " (ex-nw:Section_Wuppertal_1228151_1073_right)", "dateprops": [], "properties": {"https://registry.gdi-de.org/up3/ontology/quell-ID": "1228151", "https://registry.gdi-de.org/up3/ontology/steigung": "6.404252", "https://registry.gdi-de.org/up3/ontology/strecken-ID": "Section_Wuppertal_1228151_1073_right", "http://rdfs.org/ns/void#inDataset.value": "4635"}, "geometry": {"type": "LineString", "coordinates": [[7.161399078, 51.2761469323, 0.0], [7.1605471643, 51.2756326886, 0.0], [7.15992905, 51.2752506785, 0.0]]}}, {"type": "Feature", "id": "https://registry.gdi-de.org/de.nw/radnetz/instances/Section_Wuppertal_1223020_301", "name": " (ex-nw:Section_Wuppertal_1223020_301)", "dateprops": [], "properties": {"https://registry.gdi-de.org/up3/ontology/quell-ID": "1223020", "https://registry.gdi-de.org/up3/ontology/steigung": "0.3666815", "https://registry.gdi-de.org/up3/ontology/strecken-ID": "Section_Wuppertal_1223020_301", "http://rdfs.org/ns/void#inDataset.value": "4635"}, "geometry": {"type": "LineString", "coordinates": [[7.1118562788, 51.26022057, 176.44], [7.1124798068, 51.2605138854, 0.0], [7.1129233858, 51.2607063498, 0.0], [7.1140213827, 51.2610946722, 177.1]]}}, {"type": "Feature", "id": "https://registry.gdi-de.org/de.nw/radnetz/instances/Section_Wuppertal_1226564_1057_left", "name": " (ex-nw:Section_Wuppertal_1226564_1057_left)", "dateprops": [], "properties": {"https://registry.gdi-de.org/up3/ontology/quell-ID": "1226564", "https://registry.gdi-de.org/up3/ontology/steigung": "2.223846", "https://registry.gdi-de.org/up3/ontology/strecken-ID": "Section_Wuppertal_1226564_1057_left", "http://rdfs.org/ns/void#inDataset.value": "4635"}, "geometry": {"type": "LineString", "coordinates": [[7.1487131313, 51.2716486683, 0.0], [7.1487965974, 51.271839714, 0.0]]}}, {"type": "Feature", "id": "https://registry.gdi-de.org/de.nw/radnetz/instances/Section_Wuppertal_1229703_747", "name": " (ex-nw:Section_Wuppertal_1229703_747)", "dateprops": [], "properties": {"https://registry.gdi-de.org/up3/ontology/quell-ID": "1229703", "https://registry.gdi-de.org/up3/ontology/steigung": "1.338072", "https://registry.gdi-de.org/up3/ontology/strecken-ID": "Section_Wuppertal_1229703_747", "http://rdfs.org/ns/void#inDataset.value": "4635"}, "geometry": {"type": "LineString", "coordinates": [[7.2354841177, 51.238565189, 290.03], [7.2351704379, 51.2389092468, 290.62]]}}, {"type": "Feature", "id": "https://registry.gdi-de.org/de.nw/radnetz/instances/Section_Wuppertal_1229811_776", "name": " (ex-nw:Section_Wuppertal_1229811_776)", "dateprops": [], "properties": {"https://registry.gdi-de.org/up3/ontology/quell-ID": "1229811", "https://registry.gdi-de.org/up3/ontology/steigung": "0.5926543", "https://registry.gdi-de.org/up3/ontology/strecken-ID": "Section_Wuppertal_1229811_776", "http://rdfs.org/ns/void#inDataset.value": "4635"}, "geometry": {"type": "LineString", "coordinates": [[7.2155343199, 51.2747316091, 158.58], [7.2157394743, 51.2747772268, 158.67]]}}, {"type": "Feature", "id": "https://registry.gdi-de.org/de.nw/radnetz/instances/Section_Wuppertal_1230089_856", "name": " (ex-nw:Section_Wuppertal_1230089_856)", "dateprops": [], "properties": {"https://registry.gdi-de.org/up3/ontology/quell-ID": "1230089", "https://registry.gdi-de.org/up3/ontology/steigung": "0.8862095", "https://registry.gdi-de.org/up3/ontology/strecken-ID": "Section_Wuppertal_1230089_856", "http://rdfs.org/ns/void#inDataset.value": "4635"}, "geometry": {"type": "LineString", "coordinates": [[7.2392871426, 51.2950387737, 0.0], [7.2391854826, 51.2950983303, 0.0], [7.2390229707, 51.2952241031, 222.64], [7.2387880683, 51.2954361129, 0.0]]}}, {"type": "Feature", "id": "https://registry.gdi-de.org/de.nw/radnetz/instances/Section_Wuppertal_284_1005_right", "name": " (ex-nw:Section_Wuppertal_284_1005_right)", "dateprops": [], "properties": {"https://registry.gdi-de.org/up3/ontology/quell-ID": "284", "https://registry.gdi-de.org/up3/ontology/steigung": "6.618547", "https://registry.gdi-de.org/up3/ontology/strecken-ID": "Section_Wuppertal_284_1005_right", "http://rdfs.org/ns/void#inDataset.value": "4635"}, "geometry": {"type": "LineString", "coordinates": [[7.1175174465, 51.2024349906, 0.0], [7.1177448971, 51.2026099805, 0.0], [7.1196317742, 51.2037155352, 0.0], [7.1198474332, 51.2037584153, 0.0], [7.1202625629, 51.2038427017, 0.0]]}}, {"type": "Feature", "id": "https://registry.gdi-de.org/de.nw/radnetz/instances/Section_Wuppertal_1226420_571_right", "name": " (ex-nw:Section_Wuppertal_1226420_571_right)", "dateprops": [], "properties": {"https://registry.gdi-de.org/up3/ontology/quell-ID": "1226420", "https://registry.gdi-de.org/up3/ontology/steigung": "7.597497", "https://registry.gdi-de.org/up3/ontology/strecken-ID": "Section_Wuppertal_1226420_571_right", "http://rdfs.org/ns/void#inDataset.value": "4635"}, "geometry": {"type": "LineString", "coordinates": [[7.0622950452, 51.231727853, 191.65], [7.0618400044, 51.2319304938, 194.61]]}}, {"type": "Feature", "id": "https://registry.gdi-de.org/de.nw/radnetz/instances/Section_Wuppertal_1222509_284", "name": " (ex-nw:Section_Wuppertal_1222509_284)", "dateprops": [], "properties": {"https://registry.gdi-de.org/up3/ontology/quell-ID": "1222509", "https://registry.gdi-de.org/up3/ontology/steigung": "5.174542", "https://registry.gdi-de.org/up3/ontology/strecken-ID": "Section_Wuppertal_1222509_284", "http://rdfs.org/ns/void#inDataset.value": "4635"}, "geometry": {"type": "LineString", "coordinates": [[7.1806317238, 51.2431803882, 325.84], [7.1806285754, 51.243178733, 0.0], [7.1807162762, 51.2430558182, 326.63]]}}, {"type": "Feature", "id": "https://registry.gdi-de.org/de.nw/radnetz/instances/Section_Wuppertal_1229821_778", "name": " (ex-nw:Section_Wuppertal_1229821_778)", "dateprops": [], "properties": {"https://registry.gdi-de.org/up3/ontology/quell-ID": "1229821", "https://registry.gdi-de.org/up3/ontology/steigung": "0.3617229", "https://registry.gdi-de.org/up3/ontology/strecken-ID": "Section_Wuppertal_1229821_778", "http://rdfs.org/ns/void#inDataset.value": "4635"}, "geometry": {"type": "LineString", "coordinates": [[7.2191342419, 51.2752046148, 160.57], [7.2196077709, 51.2752317837, 160.69]]}}, {"type": "Feature", "id": "https://registry.gdi-de.org/de.nw/radnetz/instances/Section_Wuppertal_1223043_314", "name": " (ex-nw:Section_Wuppertal_1223043_314)", "dateprops": [], "properties": {"https://registry.gdi-de.org/up3/ontology/quell-ID": "1223043", "https://registry.gdi-de.org/up3/ontology/steigung": "0.5046649", "https://registry.gdi-de.org/up3/ontology/strecken-ID": "Section_Wuppertal_1223043_314", "http://rdfs.org/ns/void#inDataset.value": "4635"}, "geometry": {"type": "LineString", "coordinates": [[7.1500993774, 51.2684984936, 176.53], [7.1504683306, 51.2685551193, 0.0], [7.1510572681, 51.2686014869, 0.0], [7.1513271762, 51.2686057504, 0.0], [7.1516867105, 51.2685849557, 0.0], [7.1522244332, 51.2685405002, 0.0], [7.1526699048, 51.2684813503, 0.0], [7.1530101538, 51.268415243, 0.0], [7.1533805596, 51.2683337269, 177.71]]}}, {"type": "Feature", "id": "https://registry.gdi-de.org/de.nw/radnetz/instances/Section_Wuppertal_1223137_346", "name": " (ex-nw:Section_Wuppertal_1223137_346)", "dateprops": [], "properties": {"https://registry.gdi-de.org/up3/ontology/quell-ID": "1223137", "https://registry.gdi-de.org/up3/ontology/steigung": "2.063325", "https://registry.gdi-de.org/up3/ontology/strecken-ID": "Section_Wuppertal_1223137_346", "http://rdfs.org/ns/void#inDataset.value": "4635"}, "geometry": {"type": "LineString", "coordinates": [[7.2332453114, 51.2885272254, 190.86], [7.2332383496, 51.2885985956, 0.0], [7.2320407675, 51.2885619851, 0.0], [7.232026131, 51.2886356693, 192.92]]}}, {"type": "Feature", "id": "https://registry.gdi-de.org/de.nw/radnetz/instances/Section_Wuppertal_1225812_507", "name": " (ex-nw:Section_Wuppertal_1225812_507)", "dateprops": [], "properties": {"https://registry.gdi-de.org/up3/ontology/quell-ID": "1225812", "https://registry.gdi-de.org/up3/ontology/steigung": "0.3998199", "https://registry.gdi-de.org/up3/ontology/strecken-ID": "Section_Wuppertal_1225812_507", "http://rdfs.org/ns/void#inDataset.value": "4635"}, "geometry": {"type": "LineString", "coordinates": [[7.1105023964, 51.2865400091, 251.17], [7.1104104764, 51.286680524, 0.0], [7.1103933635, 51.2867063925, 251.25]]}}, {"type": "Feature", "id": "https://registry.gdi-de.org/de.nw/radnetz/instances/Section_Wuppertal_1225311_928_right", "name": " (ex-nw:Section_Wuppertal_1225311_928_right)", "dateprops": [], "properties": {"https://registry.gdi-de.org/up3/ontology/quell-ID": "1225311", "https://registry.gdi-de.org/up3/ontology/steigung": "2.371443", "https://registry.gdi-de.org/up3/ontology/strecken-ID": "Section_Wuppertal_1225311_928_right", "http://rdfs.org/ns/void#inDataset.value": "4635"}, "geometry": {"type": "LineString", "coordinates": [[7.2490363491, 51.3112355035, 319.83], [7.2489745361, 51.3114055366, 320.29]]}}, {"type": "Feature", "id": "https://registry.gdi-de.org/de.nw/radnetz/instances/Section_Wuppertal_1225835_512_right", "name": " (ex-nw:Section_Wuppertal_1225835_512_right)", "dateprops": [], "properties": {"https://registry.gdi-de.org/up3/ontology/quell-ID": "1225835", "https://registry.gdi-de.org/up3/ontology/steigung": "0.8743223", "https://registry.gdi-de.org/up3/ontology/strecken-ID": "Section_Wuppertal_1225835_512_right", "http://rdfs.org/ns/void#inDataset.value": "4635"}, "geometry": {"type": "LineString", "coordinates": [[7.0624243249, 51.2246643604, 202.06], [7.0617136613, 51.2244090452, 202.56]]}}, {"type": "Feature", "id": "https://registry.gdi-de.org/de.nw/radnetz/instances/Section_Wuppertal_6877_1081", "name": " (ex-nw:Section_Wuppertal_6877_1081)", "dateprops": [], "properties": {"https://registry.gdi-de.org/up3/ontology/quell-ID": "6877", "https://registry.gdi-de.org/up3/ontology/steigung": "5.023968", "https://registry.gdi-de.org/up3/ontology/strecken-ID": "Section_Wuppertal_6877_1081", "http://rdfs.org/ns/void#inDataset.value": "4635"}, "geometry": {"type": "LineString", "coordinates": [[7.1460404639, 51.2621720628, 0.0], [7.1459628353, 51.2625645254, 0.0]]}}, {"type": "Feature", "id": "https://registry.gdi-de.org/de.nw/radnetz/instances/Section_Wuppertal_1223064_318", "name": " (ex-nw:Section_Wuppertal_1223064_318)", "dateprops": [], "properties": {"https://registry.gdi-de.org/up3/ontology/quell-ID": "1223064", "https://registry.gdi-de.org/up3/ontology/steigung": "0.8869812", "https://registry.gdi-de.org/up3/ontology/strecken-ID": "Section_Wuppertal_1223064_318", "http://rdfs.org/ns/void#inDataset.value": "4635"}, "geometry": {"type": "LineString", "coordinates": [[7.1653050453, 51.268521135, 180.81], [7.165178087, 51.2687509873, 181.05]]}}, {"type": "Feature", "id": "https://registry.gdi-de.org/de.nw/radnetz/instances/Section_Wuppertal_1224300_413_left", "name": " (ex-nw:Section_Wuppertal_1224300_413_left)", "dateprops": [], "properties": {"https://registry.gdi-de.org/up3/ontology/quell-ID": "1224300", "https://registry.gdi-de.org/up3/ontology/steigung": "0.2524146", "https://registry.gdi-de.org/up3/ontology/strecken-ID": "Section_Wuppertal_1224300_413_left", "http://rdfs.org/ns/void#inDataset.value": "4635"}, "geometry": {"type": "LineString", "coordinates": [[7.1311938991, 51.197914102, 259.87], [7.1312117853, 51.1970949824, 260.1]]}}, {"type": "Feature", "id": "https://registry.gdi-de.org/de.nw/radnetz/instances/Section_Wuppertal_1223100_334", "name": " (ex-nw:Section_Wuppertal_1223100_334)", "dateprops": [], "properties": {"https://registry.gdi-de.org/up3/ontology/quell-ID": "1223100", "https://registry.gdi-de.org/up3/ontology/steigung": "0.7478806", "https://registry.gdi-de.org/up3/ontology/strecken-ID": "Section_Wuppertal_1223100_334", "http://rdfs.org/ns/void#inDataset.value": "4635"}, "geometry": {"type": "LineString", "coordinates": [[7.2147959159, 51.2775273962, 0.0], [7.215391813, 51.2775394353, 0.0], [7.2162083162, 51.2775995315, 188.27]]}}, {"type": "Feature", "id": "https://registry.gdi-de.org/de.nw/radnetz/instances/Section_Wuppertal_399_9_left", "name": " (ex-nw:Section_Wuppertal_399_9_left)", "dateprops": [], "properties": {"https://registry.gdi-de.org/up3/ontology/quell-ID": "399", "https://registry.gdi-de.org/up3/ontology/steigung": "1.644791", "https://registry.gdi-de.org/up3/ontology/strecken-ID": "Section_Wuppertal_399_9_left", "http://rdfs.org/ns/void#inDataset.value": "4635"}, "geometry": {"type": "LineString", "coordinates": [[7.1180356055, 51.2614595043, 210.29], [7.117421336, 51.2619220815, 0.0], [7.1171755322, 51.262033843, 211.74]]}}, {"type": "Feature", "id": "https://registry.gdi-de.org/de.nw/radnetz/instances/Section_Wuppertal_11647_244", "name": " (ex-nw:Section_Wuppertal_11647_244)", "dateprops": [], "properties": {"https://registry.gdi-de.org/up3/ontology/quell-ID": "11647", "https://registry.gdi-de.org/up3/ontology/steigung": "4.633665", "https://registry.gdi-de.org/up3/ontology/strecken-ID": "Section_Wuppertal_11647_244", "http://rdfs.org/ns/void#inDataset.value": "4635"}, "geometry": {"type": "LineString", "coordinates": [[7.1109281397, 51.2858545221, 252.4], [7.1112109989, 51.2854692781, 0.0], [7.1116186151, 51.2850334822, 257.19]]}}, {"type": "Feature", "id": "https://registry.gdi-de.org/de.nw/radnetz/instances/Section_Wuppertal_1227807_685_left", "name": " (ex-nw:Section_Wuppertal_1227807_685_left)", "dateprops": [], "properties": {"https://registry.gdi-de.org/up3/ontology/quell-ID": "1227807", "https://registry.gdi-de.org/up3/ontology/steigung": "1.010887", "https://registry.gdi-de.org/up3/ontology/strecken-ID": "Section_Wuppertal_1227807_685_left", "http://rdfs.org/ns/void#inDataset.value": "4635"}, "geometry": {"type": "LineString", "coordinates": [[7.1463979484, 51.2581898517, 144.35], [7.1461698614, 51.2584254918, 144.66]]}}, {"type": "Feature", "id": "https://registry.gdi-de.org/de.nw/radnetz/instances/Section_Wuppertal_12798_275_right", "name": " (ex-nw:Section_Wuppertal_12798_275_right)", "dateprops": [], "properties": {"https://registry.gdi-de.org/up3/ontology/quell-ID": "12798", "https://registry.gdi-de.org/up3/ontology/steigung": "2.728999", "https://registry.gdi-de.org/up3/ontology/strecken-ID": "Section_Wuppertal_12798_275_right", "http://rdfs.org/ns/void#inDataset.value": "4635"}, "geometry": {"type": "LineString", "coordinates": [[7.1057516758, 51.2552068454, 161.44], [7.1059724914, 51.255502084, 162.43]]}}, {"type": "Feature", "id": "https://registry.gdi-de.org/de.nw/radnetz/instances/Section_Wuppertal_754_19", "name": " (ex-nw:Section_Wuppertal_754_19)", "dateprops": [], "properties": {"https://registry.gdi-de.org/up3/ontology/quell-ID": "754", "https://registry.gdi-de.org/up3/ontology/steigung": "0.7995544", "https://registry.gdi-de.org/up3/ontology/strecken-ID": "Section_Wuppertal_754_19", "http://rdfs.org/ns/void#inDataset.value": "4635"}, "geometry": {"type": "LineString", "coordinates": [[7.1471291301, 51.2567014871, 143.03], [7.1480038095, 51.2568676512, 143.54]]}}, {"type": "Feature", "id": "https://registry.gdi-de.org/de.nw/radnetz/instances/Section_Wuppertal_1229903_810", "name": " (ex-nw:Section_Wuppertal_1229903_810)", "dateprops": [], "properties": {"https://registry.gdi-de.org/up3/ontology/quell-ID": "1229903", "https://registry.gdi-de.org/up3/ontology/steigung": "2.958047", "https://registry.gdi-de.org/up3/ontology/strecken-ID": "Section_Wuppertal_1229903_810", "http://rdfs.org/ns/void#inDataset.value": "4635"}, "geometry": {"type": "LineString", "coordinates": [[7.0583973593, 51.2422625582, 170.55], [7.0585929074, 51.2426972813, 0.0], [7.0587279938, 51.2429860317, 0.0], [7.0588437641, 51.243034164, 0.0], [7.0599605018, 51.243089653, 0.0], [7.0602977681, 51.2431229713, 0.0], [7.0605916682, 51.2431370852, 0.0], [7.0610060017, 51.2430884985, 0.0], [7.061168249, 51.2430819446, 0.0], [7.0614098934, 51.2429380725, 0.0], [7.0616383766, 51.2427570125, 0.0], [7.0619648086, 51.2426977239, 0.0], [7.0624906418, 51.2427988535, 0.0], [7.063557778, 51.2433340842, 0.0], [7.063536468, 51.2434908496, 0.0], [7.0635449753, 51.243638866, 0.0], [7.0635999535, 51.2437321984, 0.0], [7.063830346, 51.2438561603, 0.0], [7.0639585114, 51.2439599458, 0.0], [7.0640084484, 51.2441733432, 0.0], [7.0642973149, 51.2443075131, 0.0], [7.0644692399, 51.2444212642, 0.0], [7.06463845, 51.2445996656, 0.0], [7.0647964373, 51.244694701, 0.0], [7.0649850186, 51.2447625151, 0.0], [7.0652518264, 51.2447207161, 0.0], [7.0659233003, 51.2445100021, 0.0], [7.0662675541, 51.2443770582, 0.0], [7.0666664051, 51.2443466794, 0.0], [7.0671918806, 51.244457025, 0.0], [7.067689477, 51.2445299385, 0.0], [7.0683787572, 51.2445967728, 0.0], [7.0689235979, 51.2445965231, 0.0], [7.069379761, 51.2446040502, 0.0], [7.0696585721, 51.2446271346, 0.0], [7.0701457126, 51.2445982004, 0.0], [7.0705588919, 51.2445772869, 0.0], [7.0708260805, 51.2445262391, 0.0], [7.0709851244, 51.2443963199, 203.25]]}}, {"type": "Feature", "id": "https://registry.gdi-de.org/de.nw/radnetz/instances/Section_Wuppertal_1224270_410_right", "name": " (ex-nw:Section_Wuppertal_1224270_410_right)", "dateprops": [], "properties": {"https://registry.gdi-de.org/up3/ontology/quell-ID": "1224270", "https://registry.gdi-de.org/up3/ontology/steigung": "1.048726", "https://registry.gdi-de.org/up3/ontology/strecken-ID": "Section_Wuppertal_1224270_410_right", "http://rdfs.org/ns/void#inDataset.value": "4635"}, "geometry": {"type": "LineString", "coordinates": [[7.1038623294, 51.2480899252, 143.96], [7.1036426289, 51.2482816645, 0.0], [7.1035968156, 51.248318492, 144.29]]}}, {"type": "Feature", "id": "https://registry.gdi-de.org/de.nw/radnetz/instances/Section_Wuppertal_1226511_588_left", "name": " (ex-nw:Section_Wuppertal_1226511_588_left)", "dateprops": [], "properties": {"https://registry.gdi-de.org/up3/ontology/quell-ID": "1226511", "https://registry.gdi-de.org/up3/ontology/steigung": "0.5116599", "https://registry.gdi-de.org/up3/ontology/strecken-ID": "Section_Wuppertal_1226511_588_left", "http://rdfs.org/ns/void#inDataset.value": "4635"}, "geometry": {"type": "LineString", "coordinates": [[7.0705662165, 51.2476785322, 198.63], [7.0704886165, 51.2472326667, 0.0], [7.070604115, 51.2468266504, 199.12]]}}, {"type": "Feature", "id": "https://registry.gdi-de.org/de.nw/radnetz/instances/Section_Wuppertal_1223217_370", "name": " (ex-nw:Section_Wuppertal_1223217_370)", "dateprops": [], "properties": {"https://registry.gdi-de.org/up3/ontology/quell-ID": "1223217", "https://registry.gdi-de.org/up3/ontology/steigung": "0.1360799", "https://registry.gdi-de.org/up3/ontology/strecken-ID": "Section_Wuppertal_1223217_370", "http://rdfs.org/ns/void#inDataset.value": "4635"}, "geometry": {"type": "LineString", "coordinates": [[7.1366432944, 51.206608697, 297.99], [7.1367843268, 51.2067387772, 0.0], [7.1376134537, 51.2072018178, 0.0], [7.1376401024, 51.2073573585, 0.0], [7.1376854981, 51.207456322, 0.0], [7.1382185076, 51.2079146438, 0.0], [7.1382404761, 51.2079822104, 0.0], [7.1383272112, 51.2080766604, 0.0], [7.1387182057, 51.2083827735, 0.0], [7.1387570445, 51.208440268, 0.0], [7.138841698, 51.2085863899, 0.0], [7.1389356208, 51.2087068066, 0.0], [7.1391468963, 51.2089790361, 0.0], [7.1394054488, 51.2093037225, 0.0], [7.1395563343, 51.209440556, 0.0], [7.139715863, 51.2095671864, 0.0], [7.1400205522, 51.2097685116, 0.0], [7.1402767187, 51.209948383, 0.0], [7.1404603057, 51.2100909062, 0.0], [7.1409458477, 51.210430854, 298.71]]}}, {"type": "Feature", "id": "https://registry.gdi-de.org/de.nw/radnetz/instances/Section_Wuppertal_7594_155_right", "name": " (ex-nw:Section_Wuppertal_7594_155_right)", "dateprops": [], "properties": {"https://registry.gdi-de.org/up3/ontology/quell-ID": "7594", "https://registry.gdi-de.org/up3/ontology/steigung": "0.08396329", "https://registry.gdi-de.org/up3/ontology/strecken-ID": "Section_Wuppertal_7594_155_right", "http://rdfs.org/ns/void#inDataset.value": "4635"}, "geometry": {"type": "LineString", "coordinates": [[7.1402142949, 51.2109413738, 298.14], [7.1400229783, 51.2107275031, 0.0], [7.1395492266, 51.2104645175, 298.2]]}}, {"type": "Feature", "id": "https://registry.gdi-de.org/de.nw/radnetz/instances/Section_Wuppertal_1222996_1016_left", "name": " (ex-nw:Section_Wuppertal_1222996_1016_left)", "dateprops": [], "properties": {"https://registry.gdi-de.org/up3/ontology/quell-ID": "1222996", "https://registry.gdi-de.org/up3/ontology/steigung": "6.976183", "https://registry.gdi-de.org/up3/ontology/strecken-ID": "Section_Wuppertal_1222996_1016_left", "http://rdfs.org/ns/void#inDataset.value": "4635"}, "geometry": {"type": "LineString", "coordinates": [[7.0858864654, 51.2465912808, 0.0], [7.084871394, 51.2461294568, 0.0], [7.0843933146, 51.2458484557, 0.0], [7.0840267301, 51.2455349314, 0.0], [7.0836234805, 51.2451873633, 0.0]]}}, {"type": "Feature", "id": "https://registry.gdi-de.org/de.nw/radnetz/instances/Section_Wuppertal_1223037_310", "name": " (ex-nw:Section_Wuppertal_1223037_310)", "dateprops": [], "properties": {"https://registry.gdi-de.org/up3/ontology/quell-ID": "1223037", "https://registry.gdi-de.org/up3/ontology/steigung": "1.340268", "https://registry.gdi-de.org/up3/ontology/strecken-ID": "Section_Wuppertal_1223037_310", "http://rdfs.org/ns/void#inDataset.value": "4635"}, "geometry": {"type": "LineString", "coordinates": [[7.1387696389, 51.2659652541, 176.37], [7.1387826586, 51.2658111915, 176.6]]}}, {"type": "Feature", "id": "https://registry.gdi-de.org/de.nw/radnetz/instances/Section_Wuppertal_3002_67_right", "name": " (ex-nw:Section_Wuppertal_3002_67_right)", "dateprops": [], "properties": {"https://registry.gdi-de.org/up3/ontology/quell-ID": "3002", "https://registry.gdi-de.org/up3/ontology/steigung": "1.179316", "https://registry.gdi-de.org/up3/ontology/strecken-ID": "Section_Wuppertal_3002_67_right", "http://rdfs.org/ns/void#inDataset.value": "4635"}, "geometry": {"type": "LineString", "coordinates": [[7.0977772699, 51.2372083965, 136.03], [7.0975331396, 51.2367211751, 136.7]]}}, {"type": "Feature", "id": "https://registry.gdi-de.org/de.nw/radnetz/instances/Section_Wuppertal_1223808_391_left", "name": " (ex-nw:Section_Wuppertal_1223808_391_left)", "dateprops": [], "properties": {"https://registry.gdi-de.org/up3/ontology/quell-ID": "1223808", "https://registry.gdi-de.org/up3/ontology/steigung": "0.5155069", "https://registry.gdi-de.org/up3/ontology/strecken-ID": "Section_Wuppertal_1223808_391_left", "http://rdfs.org/ns/void#inDataset.value": "4635"}, "geometry": {"type": "LineString", "coordinates": [[7.1461643868, 51.2575443799, 143.57], [7.14616608, 51.2576315716, 143.62]]}}, {"type": "Feature", "id": "https://registry.gdi-de.org/de.nw/radnetz/instances/Section_Wuppertal_1229801_1008_left", "name": " (ex-nw:Section_Wuppertal_1229801_1008_left)", "dateprops": [], "properties": {"https://registry.gdi-de.org/up3/ontology/quell-ID": "1229801", "https://registry.gdi-de.org/up3/ontology/steigung": "0.1596626", "https://registry.gdi-de.org/up3/ontology/strecken-ID": "Section_Wuppertal_1229801_1008_left", "http://rdfs.org/ns/void#inDataset.value": "4635"}, "geometry": {"type": "LineString", "coordinates": [[7.109545362, 51.1939388161, 0.0], [7.1092733967, 51.1942411476, 0.0], [7.1091604873, 51.1943051413, 0.0], [7.1084353332, 51.1950850637, 0.0], [7.1081186764, 51.1956004204, 0.0], [7.1080312034, 51.1958352537, 0.0]]}}, {"type": "Feature", "id": "https://registry.gdi-de.org/de.nw/radnetz/instances/Section_Wuppertal_1226834_998_left", "name": " (ex-nw:Section_Wuppertal_1226834_998_left)", "dateprops": [], "properties": {"https://registry.gdi-de.org/up3/ontology/quell-ID": "1226834", "https://registry.gdi-de.org/up3/ontology/steigung": "1.003913", "https://registry.gdi-de.org/up3/ontology/strecken-ID": "Section_Wuppertal_1226834_998_left", "http://rdfs.org/ns/void#inDataset.value": "4635"}, "geometry": {"type": "LineString", "coordinates": [[7.1403234833, 51.2111212323, 0.0], [7.1403336433, 51.2111379673, 0.0]]}}, {"type": "Feature", "id": "https://registry.gdi-de.org/de.nw/radnetz/instances/Section_Wuppertal_1228164_895", "name": " (ex-nw:Section_Wuppertal_1228164_895)", "dateprops": [], "properties": {"https://registry.gdi-de.org/up3/ontology/quell-ID": "1228164", "https://registry.gdi-de.org/up3/ontology/steigung": "0.5366879", "https://registry.gdi-de.org/up3/ontology/strecken-ID": "Section_Wuppertal_1228164_895", "http://rdfs.org/ns/void#inDataset.value": "4635"}, "geometry": {"type": "LineString", "coordinates": [[7.1645071823, 51.277527213, 200.2], [7.1645985049, 51.2775433783, 0.0], [7.1651141584, 51.2778108959, 0.0], [7.1655780763, 51.2779928047, 0.0], [7.1659132768, 51.2783154211, 0.0], [7.1664470662, 51.2785208993, 0.0], [7.1678951463, 51.2793279608, 0.0], [7.1682534991, 51.2796396418, 202.11]]}}, {"type": "Feature", "id": "https://registry.gdi-de.org/de.nw/radnetz/instances/Section_Wuppertal_1229933_817", "name": " (ex-nw:Section_Wuppertal_1229933_817)", "dateprops": [], "properties": {"https://registry.gdi-de.org/up3/ontology/quell-ID": "1229933", "https://registry.gdi-de.org/up3/ontology/steigung": "1.431894", "https://registry.gdi-de.org/up3/ontology/strecken-ID": "Section_Wuppertal_1229933_817", "http://rdfs.org/ns/void#inDataset.value": "4635"}, "geometry": {"type": "LineString", "coordinates": [[7.1626637362, 51.2093931517, 180.41], [7.1630665882, 51.2096643582, 0.0], [7.1635286795, 51.2099455601, 0.0], [7.1651500565, 51.2107550558, 0.0], [7.1653327079, 51.2109808167, 0.0], [7.1653209146, 51.2111251753, 184.35]]}}, {"type": "Feature", "id": "https://registry.gdi-de.org/de.nw/radnetz/instances/Section_Wuppertal_1227126_676_left", "name": " (ex-nw:Section_Wuppertal_1227126_676_left)", "dateprops": [], "properties": {"https://registry.gdi-de.org/up3/ontology/quell-ID": "1227126", "https://registry.gdi-de.org/up3/ontology/steigung": "6.20421", "https://registry.gdi-de.org/up3/ontology/strecken-ID": "Section_Wuppertal_1227126_676_left", "http://rdfs.org/ns/void#inDataset.value": "4635"}, "geometry": {"type": "LineString", "coordinates": [[7.1697232928, 51.2433440097, 278.02], [7.169928548, 51.2432688153, 0.0], [7.1699328832, 51.2432675971, 279.07]]}}, {"type": "Feature", "id": "https://registry.gdi-de.org/de.nw/radnetz/instances/Section_Wuppertal_1223074_324", "name": " (ex-nw:Section_Wuppertal_1223074_324)", "dateprops": [], "properties": {"https://registry.gdi-de.org/up3/ontology/quell-ID": "1223074", "https://registry.gdi-de.org/up3/ontology/steigung": "0.008100728", "https://registry.gdi-de.org/up3/ontology/strecken-ID": "Section_Wuppertal_1223074_324", "http://rdfs.org/ns/void#inDataset.value": "4635"}, "geometry": {"type": "LineString", "coordinates": [[7.1848822008, 51.2713990994, 181.33], [7.1856939631, 51.2716659504, 0.0], [7.186608293, 51.2719537586, 0.0], [7.1873979221, 51.2721662138, 0.0], [7.1880625811, 51.272309987, 0.0], [7.1887083366, 51.2723933976, 0.0], [7.1893774612, 51.2724237725, 0.0], [7.1898533099, 51.2724274508, 181.36]]}}, {"type": "Feature", "id": "https://registry.gdi-de.org/de.nw/radnetz/instances/Section_Wuppertal_1226659_1059_right", "name": " (ex-nw:Section_Wuppertal_1226659_1059_right)", "dateprops": [], "properties": {"https://registry.gdi-de.org/up3/ontology/quell-ID": "1226659", "https://registry.gdi-de.org/up3/ontology/steigung": "0.5875466", "https://registry.gdi-de.org/up3/ontology/strecken-ID": "Section_Wuppertal_1226659_1059_right", "http://rdfs.org/ns/void#inDataset.value": "4635"}, "geometry": {"type": "LineString", "coordinates": [[7.1684617975, 51.280300261, 0.0], [7.1685022625, 51.2803173631, 0.0]]}}, {"type": "Feature", "id": "https://registry.gdi-de.org/de.nw/radnetz/instances/Section_Wuppertal_12929_277", "name": " (ex-nw:Section_Wuppertal_12929_277)", "dateprops": [], "properties": {"https://registry.gdi-de.org/up3/ontology/quell-ID": "12929", "https://registry.gdi-de.org/up3/ontology/steigung": "3.20882", "https://registry.gdi-de.org/up3/ontology/strecken-ID": "Section_Wuppertal_12929_277", "http://rdfs.org/ns/void#inDataset.value": "4635"}, "geometry": {"type": "LineString", "coordinates": [[7.0625121589, 51.2345922405, 209.52], [7.0615356987, 51.2347997886, 211.83]]}}, {"type": "Feature", "id": "https://registry.gdi-de.org/de.nw/radnetz/instances/Section_Wuppertal_1226822_990", "name": " (ex-nw:Section_Wuppertal_1226822_990)", "dateprops": [], "properties": {"https://registry.gdi-de.org/up3/ontology/quell-ID": "1226822", "https://registry.gdi-de.org/up3/ontology/steigung": "6.339643", "https://registry.gdi-de.org/up3/ontology/strecken-ID": "Section_Wuppertal_1226822_990", "http://rdfs.org/ns/void#inDataset.value": "4635"}, "geometry": {"type": "LineString", "coordinates": [[7.150317048, 51.2174862922, 0.0], [7.1504298371, 51.2176316127, 0.0]]}}, {"type": "Feature", "id": "https://registry.gdi-de.org/de.nw/radnetz/instances/Section_Wuppertal_1224942_440_right", "name": " (ex-nw:Section_Wuppertal_1224942_440_right)", "dateprops": [], "properties": {"https://registry.gdi-de.org/up3/ontology/quell-ID": "1224942", "https://registry.gdi-de.org/up3/ontology/steigung": "0.1065405", "https://registry.gdi-de.org/up3/ontology/strecken-ID": "Section_Wuppertal_1224942_440_right", "http://rdfs.org/ns/void#inDataset.value": "4635"}, "geometry": {"type": "LineString", "coordinates": [[7.1068040112, 51.2698012009, 241.17], [7.1068269202, 51.2698121204, 0.0], [7.1074591832, 51.2702251542, 241.24]]}}, {"type": "Feature", "id": "https://registry.gdi-de.org/de.nw/radnetz/instances/Section_Wuppertal_1226474_585", "name": " (ex-nw:Section_Wuppertal_1226474_585)", "dateprops": [], "properties": {"https://registry.gdi-de.org/up3/ontology/quell-ID": "1226474", "https://registry.gdi-de.org/up3/ontology/steigung": "1.357818", "https://registry.gdi-de.org/up3/ontology/strecken-ID": "Section_Wuppertal_1226474_585", "http://rdfs.org/ns/void#inDataset.value": "4635"}, "geometry": {"type": "LineString", "coordinates": [[7.2374035153, 51.2736812479, 198.81], [7.2379890364, 51.2737934686, 199.39]]}}, {"type": "Feature", "id": "https://registry.gdi-de.org/de.nw/radnetz/instances/Section_Wuppertal_1230106_869", "name": " (ex-nw:Section_Wuppertal_1230106_869)", "dateprops": [], "properties": {"https://registry.gdi-de.org/up3/ontology/quell-ID": "1230106", "https://registry.gdi-de.org/up3/ontology/steigung": "0.06150202", "https://registry.gdi-de.org/up3/ontology/strecken-ID": "Section_Wuppertal_1230106_869", "http://rdfs.org/ns/void#inDataset.value": "4635"}, "geometry": {"type": "LineString", "coordinates": [[7.2189461136, 51.2779154697, 0.0], [7.2195435885, 51.2779927632, 0.0], [7.2202395192, 51.2781423283, 0.0], [7.2207314702, 51.2782457708, 188.38]]}}, {"type": "Feature", "id": "https://registry.gdi-de.org/de.nw/radnetz/instances/Section_Wuppertal_3017_68_left", "name": " (ex-nw:Section_Wuppertal_3017_68_left)", "dateprops": [], "properties": {"https://registry.gdi-de.org/up3/ontology/quell-ID": "3017", "https://registry.gdi-de.org/up3/ontology/steigung": "0.7343515", "https://registry.gdi-de.org/up3/ontology/strecken-ID": "Section_Wuppertal_3017_68_left", "http://rdfs.org/ns/void#inDataset.value": "4635"}, "geometry": {"type": "LineString", "coordinates": [[7.1870769367, 51.2792537246, 196.48], [7.1874821304, 51.2792926606, 196.69]]}}, {"type": "Feature", "id": "https://registry.gdi-de.org/de.nw/radnetz/instances/Section_Wuppertal_1223150_352", "name": " (ex-nw:Section_Wuppertal_1223150_352)", "dateprops": [], "properties": {"https://registry.gdi-de.org/up3/ontology/quell-ID": "1223150", "https://registry.gdi-de.org/up3/ontology/steigung": "3.195971", "https://registry.gdi-de.org/up3/ontology/strecken-ID": "Section_Wuppertal_1223150_352", "http://rdfs.org/ns/void#inDataset.value": "4635"}, "geometry": {"type": "LineString", "coordinates": [[7.2526739409, 51.2862936086, 201.39], [7.2528125278, 51.2868617384, 0.0], [7.2529119739, 51.2878637257, 0.0], [7.2528845142, 51.2883514017, 0.0], [7.2525702091, 51.2893259162, 0.0], [7.2520349536, 51.2904055023, 216.29]]}}, {"type": "Feature", "id": "https://registry.gdi-de.org/de.nw/radnetz/instances/Section_Wuppertal_1229666_742", "name": " (ex-nw:Section_Wuppertal_1229666_742)", "dateprops": [], "properties": {"https://registry.gdi-de.org/up3/ontology/quell-ID": "1229666", "https://registry.gdi-de.org/up3/ontology/steigung": "0.9504313", "https://registry.gdi-de.org/up3/ontology/strecken-ID": "Section_Wuppertal_1229666_742", "http://rdfs.org/ns/void#inDataset.value": "4635"}, "geometry": {"type": "LineString", "coordinates": [[7.2057905525, 51.2371368725, 335.1], [7.2055729693, 51.2371752936, 335.25]]}}, {"type": "Feature", "id": "https://registry.gdi-de.org/de.nw/radnetz/instances/Section_Wuppertal_1225945_1045_right", "name": " (ex-nw:Section_Wuppertal_1225945_1045_right)", "dateprops": [], "properties": {"https://registry.gdi-de.org/up3/ontology/quell-ID": "1225945", "https://registry.gdi-de.org/up3/ontology/steigung": "1.669966", "https://registry.gdi-de.org/up3/ontology/strecken-ID": "Section_Wuppertal_1225945_1045_right", "http://rdfs.org/ns/void#inDataset.value": "4635"}, "geometry": {"type": "LineString", "coordinates": [[7.1295925875, 51.2762607694, 0.0], [7.1294805392, 51.2764700039, 0.0]]}}, {"type": "Feature", "id": "https://registry.gdi-de.org/de.nw/radnetz/instances/Section_Wuppertal_2474_53_right", "name": " (ex-nw:Section_Wuppertal_2474_53_right)", "dateprops": [], "properties": {"https://registry.gdi-de.org/up3/ontology/quell-ID": "2474", "https://registry.gdi-de.org/up3/ontology/steigung": "1.607836", "https://registry.gdi-de.org/up3/ontology/strecken-ID": "Section_Wuppertal_2474_53_right", "http://rdfs.org/ns/void#inDataset.value": "4635"}, "geometry": {"type": "LineString", "coordinates": [[7.1103129205, 51.2622519362, 202.77], [7.1106690667, 51.2622616252, 203.17]]}}, {"type": "Feature", "id": "https://registry.gdi-de.org/de.nw/radnetz/instances/Section_Wuppertal_1229746_759", "name": " (ex-nw:Section_Wuppertal_1229746_759)", "dateprops": [], "properties": {"https://registry.gdi-de.org/up3/ontology/quell-ID": "1229746", "https://registry.gdi-de.org/up3/ontology/steigung": "3.355836", "https://registry.gdi-de.org/up3/ontology/strecken-ID": "Section_Wuppertal_1229746_759", "http://rdfs.org/ns/void#inDataset.value": "4635"}, "geometry": {"type": "LineString", "coordinates": [[7.1895769486, 51.2423844027, 333.59], [7.1883795837, 51.2429962292, 0.0], [7.1881120756, 51.2430538323, 337.87]]}}, {"type": "Feature", "id": "https://registry.gdi-de.org/de.nw/radnetz/instances/Section_Wuppertal_5858_126_right", "name": " (ex-nw:Section_Wuppertal_5858_126_right)", "dateprops": [], "properties": {"https://registry.gdi-de.org/up3/ontology/quell-ID": "5858", "https://registry.gdi-de.org/up3/ontology/steigung": "0.2197352", "https://registry.gdi-de.org/up3/ontology/strecken-ID": "Section_Wuppertal_5858_126_right", "http://rdfs.org/ns/void#inDataset.value": "4635"}, "geometry": {"type": "LineString", "coordinates": [[7.2542283754, 51.2829089506, 180.42], [7.2546361555, 51.2830094719, 0.0], [7.2550869754, 51.2830797848, 0.0], [7.2556949479, 51.2831415869, 0.0], [7.2562621959, 51.2831706446, 180.74]]}}, {"type": "Feature", "id": "https://registry.gdi-de.org/de.nw/radnetz/instances/Section_Wuppertal_9614_195", "name": " (ex-nw:Section_Wuppertal_9614_195)", "dateprops": [], "properties": {"https://registry.gdi-de.org/up3/ontology/quell-ID": "9614", "https://registry.gdi-de.org/up3/ontology/steigung": "0.8353323", "https://registry.gdi-de.org/up3/ontology/strecken-ID": "Section_Wuppertal_9614_195", "http://rdfs.org/ns/void#inDataset.value": "4635"}, "geometry": {"type": "LineString", "coordinates": [[7.2157394743, 51.2747772268, 158.67], [7.2161149131, 51.2748833662, 158.91]]}}, {"type": "Feature", "id": "https://registry.gdi-de.org/de.nw/radnetz/instances/Section_Wuppertal_9831_205", "name": " (ex-nw:Section_Wuppertal_9831_205)", "dateprops": [], "properties": {"https://registry.gdi-de.org/up3/ontology/quell-ID": "9831", "https://registry.gdi-de.org/up3/ontology/steigung": "2.00721", "https://registry.gdi-de.org/up3/ontology/strecken-ID": "Section_Wuppertal_9831_205", "http://rdfs.org/ns/void#inDataset.value": "4635"}, "geometry": {"type": "LineString", "coordinates": [[7.2353710561, 51.2673781995, 166.25], [7.2356715234, 51.2676181689, 0.0], [7.2359334606, 51.2677887008, 167.46]]}}, {"type": "Feature", "id": "https://registry.gdi-de.org/de.nw/radnetz/instances/Section_Wuppertal_9999912_31_left", "name": " (ex-nw:Section_Wuppertal_9999912_31_left)", "dateprops": [], "properties": {"https://registry.gdi-de.org/up3/ontology/quell-ID": "9999912", "https://registry.gdi-de.org/up3/ontology/steigung": "2.614248", "https://registry.gdi-de.org/up3/ontology/strecken-ID": "Section_Wuppertal_9999912_31_left", "http://rdfs.org/ns/void#inDataset.value": "4635"}, "geometry": {"type": "LineString", "coordinates": [[7.1993522503, 51.2226556709, 0.0], [7.198810984, 51.2233084302, 267.44]]}}, {"type": "Feature", "id": "https://registry.gdi-de.org/de.nw/radnetz/instances/Section_Wuppertal_1223054_317", "name": " (ex-nw:Section_Wuppertal_1223054_317)", "dateprops": [], "properties": {"https://registry.gdi-de.org/up3/ontology/quell-ID": "1223054", "https://registry.gdi-de.org/up3/ontology/steigung": "0.4559122", "https://registry.gdi-de.org/up3/ontology/strecken-ID": "Section_Wuppertal_1223054_317", "http://rdfs.org/ns/void#inDataset.value": "4635"}, "geometry": {"type": "LineString", "coordinates": [[7.155541097, 51.2675653349, 178.55], [7.1558853195, 51.2674733216, 0.0], [7.156115697, 51.2674107693, 0.0], [7.1565364853, 51.2673353313, 0.0], [7.1570546902, 51.2672508373, 0.0], [7.1576136911, 51.267201398, 0.0], [7.1580829653, 51.2671796636, 0.0], [7.1583729108, 51.2671781118, 179.48]]}}, {"type": "Feature", "id": "https://registry.gdi-de.org/de.nw/radnetz/instances/Section_Wuppertal_1225537_982", "name": " (ex-nw:Section_Wuppertal_1225537_982)", "dateprops": [], "properties": {"https://registry.gdi-de.org/up3/ontology/quell-ID": "1225537", "https://registry.gdi-de.org/up3/ontology/steigung": "2.247364", "https://registry.gdi-de.org/up3/ontology/strecken-ID": "Section_Wuppertal_1225537_982", "http://rdfs.org/ns/void#inDataset.value": "4635"}, "geometry": {"type": "LineString", "coordinates": [[7.1505604753, 51.227606117, 0.0], [7.1503932623, 51.2280991091, 0.0]]}}, {"type": "Feature", "id": "https://registry.gdi-de.org/de.nw/radnetz/instances/Section_Wuppertal_1225775_502_right", "name": " (ex-nw:Section_Wuppertal_1225775_502_right)", "dateprops": [], "properties": {"https://registry.gdi-de.org/up3/ontology/quell-ID": "1225775", "https://registry.gdi-de.org/up3/ontology/steigung": "1.515493", "https://registry.gdi-de.org/up3/ontology/strecken-ID": "Section_Wuppertal_1225775_502_right", "http://rdfs.org/ns/void#inDataset.value": "4635"}, "geometry": {"type": "LineString", "coordinates": [[7.0598345543, 51.2345105118, 210.3], [7.0597783932, 51.2346459614, 0.0], [7.0595683125, 51.2348875993, 211.0]]}}, {"type": "Feature", "id": "https://registry.gdi-de.org/de.nw/radnetz/instances/Section_Wuppertal_1230095_861", "name": " (ex-nw:Section_Wuppertal_1230095_861)", "dateprops": [], "properties": {"https://registry.gdi-de.org/up3/ontology/quell-ID": "1230095", "https://registry.gdi-de.org/up3/ontology/steigung": "0.180086", "https://registry.gdi-de.org/up3/ontology/strecken-ID": "Section_Wuppertal_1230095_861", "http://rdfs.org/ns/void#inDataset.value": "4635"}, "geometry": {"type": "LineString", "coordinates": [[7.1906457665, 51.272437548, 181.31], [7.1911812313, 51.2724423466, 0.0], [7.191497564, 51.2724472348, 0.0], [7.19209663, 51.2724730349, 0.0], [7.1925894401, 51.2725178735, 0.0], [7.1932857392, 51.2725865324, 0.0], [7.193744627, 51.2726556606, 0.0], [7.1944153657, 51.2727991344, 0.0], [7.1946881279, 51.2728814535, 0.0]]}}, {"type": "Feature", "id": "https://registry.gdi-de.org/de.nw/radnetz/instances/Section_Wuppertal_11630_243", "name": " (ex-nw:Section_Wuppertal_11630_243)", "dateprops": [], "properties": {"https://registry.gdi-de.org/up3/ontology/quell-ID": "11630", "https://registry.gdi-de.org/up3/ontology/steigung": "4.582956", "https://registry.gdi-de.org/up3/ontology/strecken-ID": "Section_Wuppertal_11630_243", "http://rdfs.org/ns/void#inDataset.value": "4635"}, "geometry": {"type": "LineString", "coordinates": [[7.0958555493, 51.2922970675, 206.58], [7.100188116, 51.2917562168, 220.7]]}}, {"type": "Feature", "id": "https://registry.gdi-de.org/de.nw/radnetz/instances/Section_Wuppertal_1223746_386", "name": " (ex-nw:Section_Wuppertal_1223746_386)", "dateprops": [], "properties": {"https://registry.gdi-de.org/up3/ontology/quell-ID": "1223746", "https://registry.gdi-de.org/up3/ontology/steigung": "9.407979", "https://registry.gdi-de.org/up3/ontology/strecken-ID": "Section_Wuppertal_1223746_386", "http://rdfs.org/ns/void#inDataset.value": "4635"}, "geometry": {"type": "LineString", "coordinates": [[7.1026754567, 51.2379447423, 137.42], [7.1026850963, 51.237957499, 0.0], [7.102750978, 51.2381657893, 139.79]]}}, {"type": "Feature", "id": "https://registry.gdi-de.org/de.nw/radnetz/instances/Section_Wuppertal_4265_965_right", "name": " (ex-nw:Section_Wuppertal_4265_965_right)", "dateprops": [], "properties": {"https://registry.gdi-de.org/up3/ontology/quell-ID": "4265", "https://registry.gdi-de.org/up3/ontology/steigung": "5.066603", "https://registry.gdi-de.org/up3/ontology/strecken-ID": "Section_Wuppertal_4265_965_right", "http://rdfs.org/ns/void#inDataset.value": "4635"}, "geometry": {"type": "LineString", "coordinates": [[7.1921362095, 51.234405197, 0.0], [7.1936284451, 51.2347692506, 0.0], [7.1938458173, 51.2348588993, 0.0], [7.1939593409, 51.234963011, 0.0], [7.194275296, 51.2355355487, 0.0]]}}, {"type": "Feature", "id": "https://registry.gdi-de.org/de.nw/radnetz/instances/Section_Wuppertal_8636_178_left", "name": " (ex-nw:Section_Wuppertal_8636_178_left)", "dateprops": [], "properties": {"https://registry.gdi-de.org/up3/ontology/quell-ID": "8636", "https://registry.gdi-de.org/up3/ontology/steigung": "5.181495", "https://registry.gdi-de.org/up3/ontology/strecken-ID": "Section_Wuppertal_8636_178_left", "http://rdfs.org/ns/void#inDataset.value": "4635"}, "geometry": {"type": "LineString", "coordinates": [[7.160706756, 51.2528829205, 202.7], [7.160670404, 51.2526738475, 0.0], [7.1603938774, 51.2519539596, 208.18]]}}, {"type": "Feature", "id": "https://registry.gdi-de.org/de.nw/radnetz/instances/Section_Wuppertal_1224737_1036_right", "name": " (ex-nw:Section_Wuppertal_1224737_1036_right)", "dateprops": [], "properties": {"https://registry.gdi-de.org/up3/ontology/quell-ID": "1224737", "https://registry.gdi-de.org/up3/ontology/steigung": "10.16527", "https://registry.gdi-de.org/up3/ontology/strecken-ID": "Section_Wuppertal_1224737_1036_right", "http://rdfs.org/ns/void#inDataset.value": "4635"}, "geometry": {"type": "LineString", "coordinates": [[7.1302944735, 51.2749279413, 0.0], [7.1301600402, 51.2751720333, 0.0]]}}, {"type": "Feature", "id": "https://registry.gdi-de.org/de.nw/radnetz/instances/Section_Wuppertal_1228166_1063_right", "name": " (ex-nw:Section_Wuppertal_1228166_1063_right)", "dateprops": [], "properties": {"https://registry.gdi-de.org/up3/ontology/quell-ID": "1228166", "https://registry.gdi-de.org/up3/ontology/steigung": "1.986466", "https://registry.gdi-de.org/up3/ontology/strecken-ID": "Section_Wuppertal_1228166_1063_right", "http://rdfs.org/ns/void#inDataset.value": "4635"}, "geometry": {"type": "LineString", "coordinates": [[7.1694849929, 51.2807327064, 0.0], [7.1707955164, 51.2812866456, 0.0]]}}, {"type": "Feature", "id": "https://registry.gdi-de.org/de.nw/radnetz/instances/Section_Wuppertal_3968_95_right", "name": " (ex-nw:Section_Wuppertal_3968_95_right)", "dateprops": [], "properties": {"https://registry.gdi-de.org/up3/ontology/quell-ID": "3968", "https://registry.gdi-de.org/up3/ontology/steigung": "6.892487", "https://registry.gdi-de.org/up3/ontology/strecken-ID": "Section_Wuppertal_3968_95_right", "http://rdfs.org/ns/void#inDataset.value": "4635"}, "geometry": {"type": "LineString", "coordinates": [[7.2466050625, 51.2967348717, 230.92], [7.2468917626, 51.2972621569, 0.0], [7.2476296406, 51.2980363219, 0.0], [7.2480139148, 51.298400124, 245.45]]}}, {"type": "Feature", "id": "https://registry.gdi-de.org/de.nw/radnetz/instances/Section_Wuppertal_394_1027_right", "name": " (ex-nw:Section_Wuppertal_394_1027_right)", "dateprops": [], "properties": {"https://registry.gdi-de.org/up3/ontology/quell-ID": "394", "https://registry.gdi-de.org/up3/ontology/steigung": "7.008811", "https://registry.gdi-de.org/up3/ontology/strecken-ID": "Section_Wuppertal_394_1027_right", "http://rdfs.org/ns/void#inDataset.value": "4635"}, "geometry": {"type": "LineString", "coordinates": [[7.1285808943, 51.2774472479, 0.0], [7.1284014219, 51.2776777728, 0.0]]}}, {"type": "Feature", "id": "https://registry.gdi-de.org/de.nw/radnetz/instances/Section_Wuppertal_1225605_489", "name": " (ex-nw:Section_Wuppertal_1225605_489)", "dateprops": [], "properties": {"https://registry.gdi-de.org/up3/ontology/quell-ID": "1225605", "https://registry.gdi-de.org/up3/ontology/steigung": "1.215011", "https://registry.gdi-de.org/up3/ontology/strecken-ID": "Section_Wuppertal_1225605_489", "http://rdfs.org/ns/void#inDataset.value": "4635"}, "geometry": {"type": "LineString", "coordinates": [[7.1544472973, 51.2580770375, 145.65], [7.1541336939, 51.2581949123, 145.96]]}}, {"type": "Feature", "id": "https://registry.gdi-de.org/de.nw/radnetz/instances/Section_Wuppertal_556_885_left", "name": " (ex-nw:Section_Wuppertal_556_885_left)", "dateprops": [], "properties": {"https://registry.gdi-de.org/up3/ontology/quell-ID": "556", "https://registry.gdi-de.org/up3/ontology/steigung": "0.08744413", "https://registry.gdi-de.org/up3/ontology/strecken-ID": "Section_Wuppertal_556_885_left", "http://rdfs.org/ns/void#inDataset.value": "4635"}, "geometry": {"type": "LineString", "coordinates": [[7.1445395894, 51.2662993071, 172.28], [7.1440052757, 51.2662585104, 0.0], [7.1437330865, 51.2662143389, 172.33]]}}, {"type": "Feature", "id": "https://registry.gdi-de.org/de.nw/radnetz/instances/Section_Wuppertal_1229784_1049_right", "name": " (ex-nw:Section_Wuppertal_1229784_1049_right)", "dateprops": [], "properties": {"https://registry.gdi-de.org/up3/ontology/quell-ID": "1229784", "https://registry.gdi-de.org/up3/ontology/steigung": "10.00353", "https://registry.gdi-de.org/up3/ontology/strecken-ID": "Section_Wuppertal_1229784_1049_right", "http://rdfs.org/ns/void#inDataset.value": "4635"}, "geometry": {"type": "LineString", "coordinates": [[7.1308128152, 51.2739867526, 0.0], [7.1302944735, 51.2749279413, 0.0]]}}, {"type": "Feature", "id": "https://registry.gdi-de.org/de.nw/radnetz/instances/Section_Wuppertal_1224536_1006_right", "name": " (ex-nw:Section_Wuppertal_1224536_1006_right)", "dateprops": [], "properties": {"https://registry.gdi-de.org/up3/ontology/quell-ID": "1224536", "https://registry.gdi-de.org/up3/ontology/steigung": "2.094089", "https://registry.gdi-de.org/up3/ontology/strecken-ID": "Section_Wuppertal_1224536_1006_right", "http://rdfs.org/ns/void#inDataset.value": "4635"}, "geometry": {"type": "LineString", "coordinates": [[7.109813482, 51.1936407529, 0.0], [7.1099421771, 51.1934976842, 0.0], [7.1101983093, 51.1934413179, 0.0]]}}, {"type": "Feature", "id": "https://registry.gdi-de.org/de.nw/radnetz/instances/Section_Wuppertal_1223148_350", "name": " (ex-nw:Section_Wuppertal_1223148_350)", "dateprops": [], "properties": {"https://registry.gdi-de.org/up3/ontology/quell-ID": "1223148", "https://registry.gdi-de.org/up3/ontology/steigung": "8.353292", "https://registry.gdi-de.org/up3/ontology/strecken-ID": "Section_Wuppertal_1223148_350", "http://rdfs.org/ns/void#inDataset.value": "4635"}, "geometry": {"type": "LineString", "coordinates": [[7.2496523416, 51.2827317621, 194.81], [7.2495220546, 51.2829589881, 0.0], [7.2494263681, 51.2831163928, 0.0], [7.2493629504, 51.2832577339, 0.0], [7.2493035569, 51.2832932456, 0.0], [7.2491931882, 51.2832816676, 0.0], [7.2488897096, 51.2832142565, 0.0], [7.2487724074, 51.283254899, 203.77]]}}, {"type": "Feature", "id": "https://registry.gdi-de.org/de.nw/radnetz/instances/Section_Wuppertal_681_17", "name": " (ex-nw:Section_Wuppertal_681_17)", "dateprops": [], "properties": {"https://registry.gdi-de.org/up3/ontology/quell-ID": "681", "https://registry.gdi-de.org/up3/ontology/steigung": "4.664107", "https://registry.gdi-de.org/up3/ontology/strecken-ID": "Section_Wuppertal_681_17", "http://rdfs.org/ns/void#inDataset.value": "4635"}, "geometry": {"type": "LineString", "coordinates": [[7.0878076915, 51.2352589459, 143.01], [7.0862595985, 51.2344500471, 149.57]]}}, {"type": "Feature", "id": "https://registry.gdi-de.org/de.nw/radnetz/instances/Section_Wuppertal_11020_229_right", "name": " (ex-nw:Section_Wuppertal_11020_229_right)", "dateprops": [], "properties": {"https://registry.gdi-de.org/up3/ontology/quell-ID": "11020", "https://registry.gdi-de.org/up3/ontology/steigung": "0.1530462", "https://registry.gdi-de.org/up3/ontology/strecken-ID": "Section_Wuppertal_11020_229_right", "http://rdfs.org/ns/void#inDataset.value": "4635"}, "geometry": {"type": "LineString", "coordinates": [[7.2306312334, 51.2698434564, 163.42], [7.2308725026, 51.2697877927, 0.0], [7.2309547267, 51.2697224683, 0.0], [7.2317610964, 51.2687382545, 163.65]]}}, {"type": "Feature", "id": "https://registry.gdi-de.org/de.nw/radnetz/instances/Section_Wuppertal_10815_224_left", "name": " (ex-nw:Section_Wuppertal_10815_224_left)", "dateprops": [], "properties": {"https://registry.gdi-de.org/up3/ontology/quell-ID": "10815", "https://registry.gdi-de.org/up3/ontology/steigung": "0.6699561", "https://registry.gdi-de.org/up3/ontology/strecken-ID": "Section_Wuppertal_10815_224_left", "http://rdfs.org/ns/void#inDataset.value": "4635"}, "geometry": {"type": "LineString", "coordinates": [[7.2474316656, 51.2754186436, 201.39], [7.2472199038, 51.2753995075, 201.49]]}}, {"type": "Feature", "id": "https://registry.gdi-de.org/de.nw/radnetz/instances/Section_Wuppertal_1226916_649", "name": " (ex-nw:Section_Wuppertal_1226916_649)", "dateprops": [], "properties": {"https://registry.gdi-de.org/up3/ontology/quell-ID": "1226916", "https://registry.gdi-de.org/up3/ontology/steigung": "1.672834", "https://registry.gdi-de.org/up3/ontology/strecken-ID": "Section_Wuppertal_1226916_649", "http://rdfs.org/ns/void#inDataset.value": "4635"}, "geometry": {"type": "LineString", "coordinates": [[7.2360909164, 51.2773016744, 168.54], [7.2364577822, 51.2774555984, 0.0], [7.2367842464, 51.2776576357, 0.0], [7.2369217733, 51.2777988451, 0.0], [7.2374386456, 51.2786021213, 171.51]]}}, {"type": "Feature", "id": "https://registry.gdi-de.org/de.nw/radnetz/instances/Section_Wuppertal_1229785_1050_right", "name": " (ex-nw:Section_Wuppertal_1229785_1050_right)", "dateprops": [], "properties": {"https://registry.gdi-de.org/up3/ontology/quell-ID": "1229785", "https://registry.gdi-de.org/up3/ontology/steigung": "8.300814", "https://registry.gdi-de.org/up3/ontology/strecken-ID": "Section_Wuppertal_1229785_1050_right", "http://rdfs.org/ns/void#inDataset.value": "4635"}, "geometry": {"type": "LineString", "coordinates": [[7.1309148567, 51.2738014639, 0.0], [7.1308128152, 51.2739867526, 0.0]]}}, {"type": "Feature", "id": "https://registry.gdi-de.org/de.nw/radnetz/instances/Section_Wuppertal_1223041_312", "name": " (ex-nw:Section_Wuppertal_1223041_312)", "dateprops": [], "properties": {"https://registry.gdi-de.org/up3/ontology/quell-ID": "1223041", "https://registry.gdi-de.org/up3/ontology/steigung": "4.161831", "https://registry.gdi-de.org/up3/ontology/strecken-ID": "Section_Wuppertal_1223041_312", "http://rdfs.org/ns/void#inDataset.value": "4635"}, "geometry": {"type": "LineString", "coordinates": [[7.1454034232, 51.2667229944, 174.87], [7.1451566421, 51.2670512224, 176.55]]}}, {"type": "Feature", "id": "https://registry.gdi-de.org/de.nw/radnetz/instances/Section_Wuppertal_1229756_763", "name": " (ex-nw:Section_Wuppertal_1229756_763)", "dateprops": [], "properties": {"https://registry.gdi-de.org/up3/ontology/quell-ID": "1229756", "https://registry.gdi-de.org/up3/ontology/steigung": "2.885425", "https://registry.gdi-de.org/up3/ontology/strecken-ID": "Section_Wuppertal_1229756_763", "http://rdfs.org/ns/void#inDataset.value": "4635"}, "geometry": {"type": "LineString", "coordinates": [[7.1862149045, 51.2435227185, 335.34], [7.1862726946, 51.2435662343, 0.0], [7.186343087, 51.2435563403, 0.0], [7.186476701, 51.2435408358, 0.0], [7.1866649025, 51.2435613276, 0.0], [7.1868598399, 51.2435885144, 0.0], [7.1873546578, 51.2436445118, 0.0], [7.1875816824, 51.2436568163, 0.0], [7.187679368, 51.2436649202, 0.0], [7.1879371846, 51.2436952752, 0.0], [7.1883203264, 51.243742949, 0.0], [7.1888915862, 51.2438133054, 0.0], [7.1890338836, 51.243844067, 0.0], [7.1890997427, 51.2438604643, 0.0], [7.1891714756, 51.2439055128, 0.0], [7.1892050763, 51.2439411832, 0.0], [7.1893391964, 51.2439444618, 341.94]]}}, {"type": "Feature", "id": "https://registry.gdi-de.org/de.nw/radnetz/instances/Section_Wuppertal_1226269_551_right", "name": " (ex-nw:Section_Wuppertal_1226269_551_right)", "dateprops": [], "properties": {"https://registry.gdi-de.org/up3/ontology/quell-ID": "1226269", "https://registry.gdi-de.org/up3/ontology/steigung": "3.81115", "https://registry.gdi-de.org/up3/ontology/strecken-ID": "Section_Wuppertal_1226269_551_right", "http://rdfs.org/ns/void#inDataset.value": "4635"}, "geometry": {"type": "LineString", "coordinates": [[7.1081009924, 51.2633770338, 194.77], [7.108762223, 51.2628763163, 0.0], [7.1090491463, 51.2627262767, 198.52]]}}, {"type": "Feature", "id": "https://registry.gdi-de.org/de.nw/radnetz/instances/Section_Wuppertal_1226209_921", "name": " (ex-nw:Section_Wuppertal_1226209_921)", "dateprops": [], "properties": {"https://registry.gdi-de.org/up3/ontology/quell-ID": "1226209", "https://registry.gdi-de.org/up3/ontology/steigung": "2.793187", "https://registry.gdi-de.org/up3/ontology/strecken-ID": "Section_Wuppertal_1226209_921", "http://rdfs.org/ns/void#inDataset.value": "4635"}, "geometry": {"type": "LineString", "coordinates": [[7.2489506497, 51.3127523233, 320.7], [7.2489169772, 51.3126206992, 0.0], [7.2487686626, 51.31237167, 321.94]]}}, {"type": "Feature", "id": "https://registry.gdi-de.org/de.nw/radnetz/instances/Section_Wuppertal_1227007_663_left", "name": " (ex-nw:Section_Wuppertal_1227007_663_left)", "dateprops": [], "properties": {"https://registry.gdi-de.org/up3/ontology/quell-ID": "1227007", "https://registry.gdi-de.org/up3/ontology/steigung": "2.416961", "https://registry.gdi-de.org/up3/ontology/strecken-ID": "Section_Wuppertal_1227007_663_left", "http://rdfs.org/ns/void#inDataset.value": "4635"}, "geometry": {"type": "LineString", "coordinates": [[7.1045265199, 51.2535499518, 157.2], [7.1041845935, 51.2536250638, 0.0], [7.1036208299, 51.253789495, 158.86]]}}, {"type": "Feature", "id": "https://registry.gdi-de.org/de.nw/radnetz/instances/Section_Wuppertal_1227927_687", "name": " (ex-nw:Section_Wuppertal_1227927_687)", "dateprops": [], "properties": {"https://registry.gdi-de.org/up3/ontology/quell-ID": "1227927", "https://registry.gdi-de.org/up3/ontology/steigung": "0.1250816", "https://registry.gdi-de.org/up3/ontology/strecken-ID": "Section_Wuppertal_1227927_687", "http://rdfs.org/ns/void#inDataset.value": "4635"}, "geometry": {"type": "LineString", "coordinates": [[7.1573417144, 51.257578937, 145.82], [7.1567724855, 51.2577283992, 0.0], [7.1563652673, 51.2577747753, 145.91]]}}, {"type": "Feature", "id": "https://registry.gdi-de.org/de.nw/radnetz/instances/Section_Wuppertal_1492_33_left", "name": " (ex-nw:Section_Wuppertal_1492_33_left)", "dateprops": [], "properties": {"https://registry.gdi-de.org/up3/ontology/quell-ID": "1492", "https://registry.gdi-de.org/up3/ontology/steigung": "6.209829", "https://registry.gdi-de.org/up3/ontology/strecken-ID": "Section_Wuppertal_1492_33_left", "http://rdfs.org/ns/void#inDataset.value": "4635"}, "geometry": {"type": "LineString", "coordinates": [[7.0986855229, 51.263276966, 247.31], [7.0984157131, 51.2631852058, 248.64]]}}, {"type": "Feature", "id": "https://registry.gdi-de.org/de.nw/radnetz/instances/Section_Wuppertal_10210_215", "name": " (ex-nw:Section_Wuppertal_10210_215)", "dateprops": [], "properties": {"https://registry.gdi-de.org/up3/ontology/quell-ID": "10210", "https://registry.gdi-de.org/up3/ontology/steigung": "1.631242", "https://registry.gdi-de.org/up3/ontology/strecken-ID": "Section_Wuppertal_10210_215", "http://rdfs.org/ns/void#inDataset.value": "4635"}, "geometry": {"type": "LineString", "coordinates": [[7.1237629342, 51.3030826715, 190.84], [7.1245655611, 51.3027648816, 0.0], [7.1250711206, 51.3025087564, 0.0], [7.1252997085, 51.3023230066, 0.0], [7.1254158257, 51.3022056996, 0.0], [7.1257491443, 51.3017773837, 194.2]]}}, {"type": "Feature", "id": "https://registry.gdi-de.org/de.nw/radnetz/instances/Section_Wuppertal_1225090_1094", "name": " (ex-nw:Section_Wuppertal_1225090_1094)", "dateprops": [], "properties": {"https://registry.gdi-de.org/up3/ontology/quell-ID": "1225090", "https://registry.gdi-de.org/up3/ontology/steigung": "0.8506549", "https://registry.gdi-de.org/up3/ontology/strecken-ID": "Section_Wuppertal_1225090_1094", "http://rdfs.org/ns/void#inDataset.value": "4635"}, "geometry": {"type": "LineString", "coordinates": [[7.1535560672, 51.2347461524, 0.0], [7.1532947948, 51.2346303118, 0.0]]}}, {"type": "Feature", "id": "https://registry.gdi-de.org/de.nw/radnetz/instances/Section_Wuppertal_1224423_418_right", "name": " (ex-nw:Section_Wuppertal_1224423_418_right)", "dateprops": [], "properties": {"https://registry.gdi-de.org/up3/ontology/quell-ID": "1224423", "https://registry.gdi-de.org/up3/ontology/steigung": "0.2604288", "https://registry.gdi-de.org/up3/ontology/strecken-ID": "Section_Wuppertal_1224423_418_right", "http://rdfs.org/ns/void#inDataset.value": "4635"}, "geometry": {"type": "LineString", "coordinates": [[7.2328726713, 51.2574508414, 170.46], [7.2330053467, 51.2571853623, 0.0], [7.2332010463, 51.2570211149, 170.6]]}}, {"type": "Feature", "id": "https://registry.gdi-de.org/de.nw/radnetz/instances/Section_Wuppertal_1226980_660_right", "name": " (ex-nw:Section_Wuppertal_1226980_660_right)", "dateprops": [], "properties": {"https://registry.gdi-de.org/up3/ontology/quell-ID": "1226980", "https://registry.gdi-de.org/up3/ontology/steigung": "2.299623", "https://registry.gdi-de.org/up3/ontology/strecken-ID": "Section_Wuppertal_1226980_660_right", "http://rdfs.org/ns/void#inDataset.value": "4635"}, "geometry": {"type": "LineString", "coordinates": [[7.1323847925, 51.2797978701, 295.49], [7.1326168012, 51.2797715356, 0.0], [7.1326781697, 51.2797815905, 295.97]]}}, {"type": "Feature", "id": "https://registry.gdi-de.org/de.nw/radnetz/instances/Section_Wuppertal_1223493_967", "name": " (ex-nw:Section_Wuppertal_1223493_967)", "dateprops": [], "properties": {"https://registry.gdi-de.org/up3/ontology/quell-ID": "1223493", "https://registry.gdi-de.org/up3/ontology/steigung": "1.526789", "https://registry.gdi-de.org/up3/ontology/strecken-ID": "Section_Wuppertal_1223493_967", "http://rdfs.org/ns/void#inDataset.value": "4635"}, "geometry": {"type": "LineString", "coordinates": [[7.2075091979, 51.2151573355, 0.0], [7.207459091, 51.2153257768, 0.0], [7.2073676046, 51.2155078507, 0.0], [7.2071573726, 51.2156809024, 0.0], [7.2060272189, 51.2162498833, 0.0], [7.2057932405, 51.216377244, 0.0]]}}, {"type": "Feature", "id": "https://registry.gdi-de.org/de.nw/radnetz/instances/Section_Wuppertal_1229641_739", "name": " (ex-nw:Section_Wuppertal_1229641_739)", "dateprops": [], "properties": {"https://registry.gdi-de.org/up3/ontology/quell-ID": "1229641", "https://registry.gdi-de.org/up3/ontology/steigung": "0.1328089", "https://registry.gdi-de.org/up3/ontology/strecken-ID": "Section_Wuppertal_1229641_739", "http://rdfs.org/ns/void#inDataset.value": "4635"}, "geometry": {"type": "LineString", "coordinates": [[7.1120738816, 51.2493631678, 137.7], [7.1123787317, 51.2494234727, 0.0], [7.1124889805, 51.2494351723, 137.74]]}}, {"type": "Feature", "id": "https://registry.gdi-de.org/de.nw/radnetz/instances/Section_Wuppertal_415_10", "name": " (ex-nw:Section_Wuppertal_415_10)", "dateprops": [], "properties": {"https://registry.gdi-de.org/up3/ontology/quell-ID": "415", "https://registry.gdi-de.org/up3/ontology/steigung": "4.820451", "https://registry.gdi-de.org/up3/ontology/strecken-ID": "Section_Wuppertal_415_10", "http://rdfs.org/ns/void#inDataset.value": "4635"}, "geometry": {"type": "LineString", "coordinates": [[7.1052272774, 51.2901925313, 234.38], [7.1080928181, 51.2892199717, 0.0], [7.1090124931, 51.2887168807, 0.0], [7.1096027653, 51.2880774434, 253.4]]}}, {"type": "Feature", "id": "https://registry.gdi-de.org/de.nw/radnetz/instances/Section_Wuppertal_1226419_570_right", "name": " (ex-nw:Section_Wuppertal_1226419_570_right)", "dateprops": [], "properties": {"https://registry.gdi-de.org/up3/ontology/quell-ID": "1226419", "https://registry.gdi-de.org/up3/ontology/steigung": "7.379298", "https://registry.gdi-de.org/up3/ontology/strecken-ID": "Section_Wuppertal_1226419_570_right", "http://rdfs.org/ns/void#inDataset.value": "4635"}, "geometry": {"type": "LineString", "coordinates": [[7.0618400044, 51.2319304938, 194.61], [7.0616310792, 51.2320235321, 195.93]]}}, {"type": "Feature", "id": "https://registry.gdi-de.org/de.nw/radnetz/instances/Section_Wuppertal_1225790_506_left", "name": " (ex-nw:Section_Wuppertal_1225790_506_left)", "dateprops": [], "properties": {"https://registry.gdi-de.org/up3/ontology/quell-ID": "1225790", "https://registry.gdi-de.org/up3/ontology/steigung": "0.4915336", "https://registry.gdi-de.org/up3/ontology/strecken-ID": "Section_Wuppertal_1225790_506_left", "http://rdfs.org/ns/void#inDataset.value": "4635"}, "geometry": {"type": "LineString", "coordinates": [[7.236263374, 51.2629652973, 169.11], [7.2363482006, 51.2630859632, 0.0], [7.2364472649, 51.2632141693, 169.26]]}}, {"type": "Feature", "id": "https://registry.gdi-de.org/de.nw/radnetz/instances/Section_Wuppertal_1230109_865", "name": " (ex-nw:Section_Wuppertal_1230109_865)", "dateprops": [], "properties": {"https://registry.gdi-de.org/up3/ontology/quell-ID": "1230109", "https://registry.gdi-de.org/up3/ontology/steigung": "0.3920892", "https://registry.gdi-de.org/up3/ontology/strecken-ID": "Section_Wuppertal_1230109_865", "http://rdfs.org/ns/void#inDataset.value": "4635"}, "geometry": {"type": "LineString", "coordinates": [[7.2067981923, 51.278515401, 0.0], [7.2069216363, 51.2785314399, 0.0], [7.2073492593, 51.2785586718, 0.0], [7.2078296122, 51.2785867086, 0.0], [7.2082720273, 51.2785728003, 0.0], [7.2085784599, 51.2785429213, 0.0]]}}, {"type": "Feature", "id": "https://registry.gdi-de.org/de.nw/radnetz/instances/Section_Wuppertal_1223141_1099", "name": " (ex-nw:Section_Wuppertal_1223141_1099)", "dateprops": [], "properties": {"https://registry.gdi-de.org/up3/ontology/quell-ID": "1223141", "https://registry.gdi-de.org/up3/ontology/steigung": "0.0", "https://registry.gdi-de.org/up3/ontology/strecken-ID": "Section_Wuppertal_1223141_1099", "http://rdfs.org/ns/void#inDataset.value": "4635"}, "geometry": {"type": "LineString", "coordinates": [[7.2403824867, 51.2847989427, 196.61], [7.2404760843, 51.2848696846, 0.0], [7.2404908946, 51.2848963798, 0.0], [7.2404519546, 51.2849487398, 0.0], [7.2403763528, 51.2849939307, 0.0], [7.2403798559, 51.2850403098, 0.0], [7.2404693529, 51.2850822656, 196.61]]}}, {"type": "Feature", "id": "https://registry.gdi-de.org/de.nw/radnetz/instances/Section_Wuppertal_7708_975", "name": " (ex-nw:Section_Wuppertal_7708_975)", "dateprops": [], "properties": {"https://registry.gdi-de.org/up3/ontology/quell-ID": "7708", "https://registry.gdi-de.org/up3/ontology/steigung": "0.6489392", "https://registry.gdi-de.org/up3/ontology/strecken-ID": "Section_Wuppertal_7708_975", "http://rdfs.org/ns/void#inDataset.value": "4635"}, "geometry": {"type": "LineString", "coordinates": [[7.1521174957, 51.221683266, 0.0], [7.1520600693, 51.2222501287, 0.0]]}}, {"type": "Feature", "id": "https://registry.gdi-de.org/de.nw/radnetz/instances/Section_Wuppertal_1223974_398_left", "name": " (ex-nw:Section_Wuppertal_1223974_398_left)", "dateprops": [], "properties": {"https://registry.gdi-de.org/up3/ontology/quell-ID": "1223974", "https://registry.gdi-de.org/up3/ontology/steigung": "0.4255125", "https://registry.gdi-de.org/up3/ontology/strecken-ID": "Section_Wuppertal_1223974_398_left", "http://rdfs.org/ns/void#inDataset.value": "4635"}, "geometry": {"type": "LineString", "coordinates": [[7.1461569999, 51.2571641031, 143.39], [7.1461643868, 51.2575443799, 143.57]]}}, {"type": "Feature", "id": "https://registry.gdi-de.org/de.nw/radnetz/instances/Section_Wuppertal_6790_143_right", "name": " (ex-nw:Section_Wuppertal_6790_143_right)", "dateprops": [], "properties": {"https://registry.gdi-de.org/up3/ontology/quell-ID": "6790", "https://registry.gdi-de.org/up3/ontology/steigung": "0.3853157", "https://registry.gdi-de.org/up3/ontology/strecken-ID": "Section_Wuppertal_6790_143_right", "http://rdfs.org/ns/void#inDataset.value": "4635"}, "geometry": {"type": "LineString", "coordinates": [[7.1462407896, 51.2565577428, 142.78], [7.146373373, 51.2563149467, 142.89]]}}, {"type": "Feature", "id": "https://registry.gdi-de.org/de.nw/radnetz/instances/Section_Wuppertal_1229947_819", "name": " (ex-nw:Section_Wuppertal_1229947_819)", "dateprops": [], "properties": {"https://registry.gdi-de.org/up3/ontology/quell-ID": "1229947", "https://registry.gdi-de.org/up3/ontology/steigung": "1.417616", "https://registry.gdi-de.org/up3/ontology/strecken-ID": "Section_Wuppertal_1229947_819", "http://rdfs.org/ns/void#inDataset.value": "4635"}, "geometry": {"type": "LineString", "coordinates": [[7.1971125255, 51.199731011, 0.0], [7.1981673741, 51.1993580439, 0.0], [7.1985874469, 51.199459661, 0.0], [7.1991839536, 51.1996971973, 0.0], [7.2003091512, 51.1995813079, 0.0], [7.2018958042, 51.1992822087, 0.0], [7.2039342702, 51.1990471134, 0.0], [7.2048438535, 51.1990230164, 0.0], [7.2056190532, 51.1993393797, 0.0], [7.2067907343, 51.1995856984, 0.0], [7.2075408539, 51.1997684581, 0.0], [7.2084785076, 51.1998018513, 0.0], [7.2097838359, 51.1997266883, 0.0], [7.2105937752, 51.1999293732, 0.0], [7.2132828291, 51.2008838823, 0.0], [7.2163170425, 51.2030995253, 0.0], [7.2167771697, 51.203734507, 0.0], [7.2170534629, 51.2044237726, 0.0], [7.2170358353, 51.2048802067, 0.0], [7.216666668, 51.2050268143, 0.0], [7.2165796716, 51.2057105422, 0.0], [7.2159647639, 51.2067287477, 0.0], [7.2156621452, 51.2075043328, 0.0], [7.215648133, 51.2081072377, 230.28]]}}, {"type": "Feature", "id": "https://registry.gdi-de.org/de.nw/radnetz/instances/Section_Wuppertal_1225455_479", "name": " (ex-nw:Section_Wuppertal_1225455_479)", "dateprops": [], "properties": {"https://registry.gdi-de.org/up3/ontology/quell-ID": "1225455", "https://registry.gdi-de.org/up3/ontology/steigung": "4.475351", "https://registry.gdi-de.org/up3/ontology/strecken-ID": "Section_Wuppertal_1225455_479", "http://rdfs.org/ns/void#inDataset.value": "4635"}, "geometry": {"type": "LineString", "coordinates": [[7.2039339841, 51.27860229, 175.13], [7.2042397154, 51.2788223485, 0.0], [7.2053095081, 51.2793329521, 0.0], [7.2055203187, 51.279463547, 0.0], [7.2056423031, 51.2795899425, 0.0], [7.2060106223, 51.2801442532, 185.43]]}}, {"type": "Feature", "id": "https://registry.gdi-de.org/de.nw/radnetz/instances/Section_Wuppertal_1226750_623_left", "name": " (ex-nw:Section_Wuppertal_1226750_623_left)", "dateprops": [], "properties": {"https://registry.gdi-de.org/up3/ontology/quell-ID": "1226750", "https://registry.gdi-de.org/up3/ontology/steigung": "5.707585", "https://registry.gdi-de.org/up3/ontology/strecken-ID": "Section_Wuppertal_1226750_623_left", "http://rdfs.org/ns/void#inDataset.value": "4635"}, "geometry": {"type": "LineString", "coordinates": [[7.2287833972, 51.244118844, 255.86], [7.2288807168, 51.2438307849, 0.0], [7.2290843431, 51.2435828949, 259.5]]}}, {"type": "Feature", "id": "https://registry.gdi-de.org/de.nw/radnetz/instances/Section_Wuppertal_12562_269_right", "name": " (ex-nw:Section_Wuppertal_12562_269_right)", "dateprops": [], "properties": {"https://registry.gdi-de.org/up3/ontology/quell-ID": "12562", "https://registry.gdi-de.org/up3/ontology/steigung": "1.067907", "https://registry.gdi-de.org/up3/ontology/strecken-ID": "Section_Wuppertal_12562_269_right", "http://rdfs.org/ns/void#inDataset.value": "4635"}, "geometry": {"type": "LineString", "coordinates": [[7.2311585464, 51.2558452351, 172.58], [7.2312514247, 51.2561049384, 0.0], [7.2313326131, 51.2563297815, 173.17]]}}, {"type": "Feature", "id": "https://registry.gdi-de.org/de.nw/radnetz/instances/Section_Wuppertal_1229926_814_right", "name": " (ex-nw:Section_Wuppertal_1229926_814_right)", "dateprops": [], "properties": {"https://registry.gdi-de.org/up3/ontology/quell-ID": "1229926", "https://registry.gdi-de.org/up3/ontology/steigung": "1.592161", "https://registry.gdi-de.org/up3/ontology/strecken-ID": "Section_Wuppertal_1229926_814_right", "http://rdfs.org/ns/void#inDataset.value": "4635"}, "geometry": {"type": "LineString", "coordinates": [[7.3113295501, 51.2205226401, 0.0], [7.3126136384, 51.2196735755, 0.0], [7.3132803063, 51.2195583824, 0.0], [7.3153990455, 51.219588907, 0.0], [7.3159911492, 51.2197014355, 0.0], [7.3171000525, 51.2201750088, 0.0], [7.3187836803, 51.2212392558, 0.0], [7.3190549612, 51.2214386511, 0.01]]}}, {"type": "Feature", "id": "https://registry.gdi-de.org/de.nw/radnetz/instances/Section_Wuppertal_1224979_1037", "name": " (ex-nw:Section_Wuppertal_1224979_1037)", "dateprops": [], "properties": {"https://registry.gdi-de.org/up3/ontology/quell-ID": "1224979", "https://registry.gdi-de.org/up3/ontology/steigung": "0.4728886", "https://registry.gdi-de.org/up3/ontology/strecken-ID": "Section_Wuppertal_1224979_1037", "http://rdfs.org/ns/void#inDataset.value": "4635"}, "geometry": {"type": "LineString", "coordinates": [[7.128125873, 51.2783908854, 0.0], [7.1281751057, 51.2781456761, 0.0]]}}, {"type": "Feature", "id": "https://registry.gdi-de.org/de.nw/radnetz/instances/Section_Wuppertal_1230088_855", "name": " (ex-nw:Section_Wuppertal_1230088_855)", "dateprops": [], "properties": {"https://registry.gdi-de.org/up3/ontology/quell-ID": "1230088", "https://registry.gdi-de.org/up3/ontology/steigung": "1.292537", "https://registry.gdi-de.org/up3/ontology/strecken-ID": "Section_Wuppertal_1230088_855", "http://rdfs.org/ns/void#inDataset.value": "4635"}, "geometry": {"type": "LineString", "coordinates": [[7.242368266, 51.2939308638, 227.24], [7.2416799085, 51.294047139, 0.0], [7.2409121159, 51.2942506938, 0.0], [7.2405749953, 51.2943713727, 0.0], [7.2401574855, 51.2945239319, 0.0], [7.2398075345, 51.2947039789, 0.0], [7.2394608304, 51.2949370179, 0.0], [7.2392871426, 51.2950387737, 0.0]]}}, {"type": "Feature", "id": "https://registry.gdi-de.org/de.nw/radnetz/instances/Section_Wuppertal_1229799_771", "name": " (ex-nw:Section_Wuppertal_1229799_771)", "dateprops": [], "properties": {"https://registry.gdi-de.org/up3/ontology/quell-ID": "1229799", "https://registry.gdi-de.org/up3/ontology/steigung": "0.1100588", "https://registry.gdi-de.org/up3/ontology/strecken-ID": "Section_Wuppertal_1229799_771", "http://rdfs.org/ns/void#inDataset.value": "4635"}, "geometry": {"type": "LineString", "coordinates": [[7.1076219028, 51.2036482414, 120.79], [7.1072141668, 51.2040340385, 0.0], [7.1063698416, 51.2046128105, 0.0], [7.1052295333, 51.2052406405, 0.0], [7.1050534433, 51.2053531975, 0.0], [7.1048764039, 51.2054888218, 0.0], [7.1041530845, 51.2064003796, 0.0], [7.1043121301, 51.2067030227, 0.0], [7.1047209602, 51.2071866733, 0.0], [7.1055035035, 51.2081149329, 0.0], [7.1061521245, 51.2087255661, 0.0], [7.1063877899, 51.2089525058, 0.0], [7.1067794341, 51.20925891, 0.0], [7.107112401, 51.2095028111, 121.67]]}}, {"type": "Feature", "id": "https://registry.gdi-de.org/de.nw/radnetz/instances/Section_Wuppertal_1229586_877_left", "name": " (ex-nw:Section_Wuppertal_1229586_877_left)", "dateprops": [], "properties": {"https://registry.gdi-de.org/up3/ontology/quell-ID": "1229586", "https://registry.gdi-de.org/up3/ontology/steigung": "2.637742", "https://registry.gdi-de.org/up3/ontology/strecken-ID": "Section_Wuppertal_1229586_877_left", "http://rdfs.org/ns/void#inDataset.value": "4635"}, "geometry": {"type": "LineString", "coordinates": [[7.0489744235, 51.219385987, 174.8], [7.0485208755, 51.2190184286, 0.0], [7.0476584924, 51.218629882, 178.12]]}}, {"type": "Feature", "id": "https://registry.gdi-de.org/de.nw/radnetz/instances/Section_Wuppertal_1225684_497", "name": " (ex-nw:Section_Wuppertal_1225684_497)", "dateprops": [], "properties": {"https://registry.gdi-de.org/up3/ontology/quell-ID": "1225684", "https://registry.gdi-de.org/up3/ontology/steigung": "6.038223", "https://registry.gdi-de.org/up3/ontology/strecken-ID": "Section_Wuppertal_1225684_497", "http://rdfs.org/ns/void#inDataset.value": "4635"}, "geometry": {"type": "LineString", "coordinates": [[7.2286437157, 51.2733200847, 173.11], [7.2286449604, 51.2733195946, 0.0], [7.2288701326, 51.2732355639, 174.22]]}}, {"type": "Feature", "id": "https://registry.gdi-de.org/de.nw/radnetz/instances/Section_Wuppertal_3453_963_right", "name": " (ex-nw:Section_Wuppertal_3453_963_right)", "dateprops": [], "properties": {"https://registry.gdi-de.org/up3/ontology/quell-ID": "3453", "https://registry.gdi-de.org/up3/ontology/steigung": "1.141159", "https://registry.gdi-de.org/up3/ontology/strecken-ID": "Section_Wuppertal_3453_963_right", "http://rdfs.org/ns/void#inDataset.value": "4635"}, "geometry": {"type": "LineString", "coordinates": [[7.1345547495, 51.2534034649, 0.0], [7.1343044105, 51.2532872632, 0.0], [7.134231034, 51.2532272377, 0.0], [7.1342185532, 51.2530572951, 0.0]]}}, {"type": "Feature", "id": "https://registry.gdi-de.org/de.nw/radnetz/instances/Section_Wuppertal_2145_44", "name": " (ex-nw:Section_Wuppertal_2145_44)", "dateprops": [], "properties": {"https://registry.gdi-de.org/up3/ontology/quell-ID": "2145", "https://registry.gdi-de.org/up3/ontology/steigung": "6.972373", "https://registry.gdi-de.org/up3/ontology/strecken-ID": "Section_Wuppertal_2145_44", "http://rdfs.org/ns/void#inDataset.value": "4635"}, "geometry": {"type": "LineString", "coordinates": [[7.2553971094, 51.2850130871, 186.12], [7.2546860833, 51.2848037824, 189.94]]}}, {"type": "Feature", "id": "https://registry.gdi-de.org/de.nw/radnetz/instances/Section_Wuppertal_1226260_548_right", "name": " (ex-nw:Section_Wuppertal_1226260_548_right)", "dateprops": [], "properties": {"https://registry.gdi-de.org/up3/ontology/quell-ID": "1226260", "https://registry.gdi-de.org/up3/ontology/steigung": "0.2930774", "https://registry.gdi-de.org/up3/ontology/strecken-ID": "Section_Wuppertal_1226260_548_right", "http://rdfs.org/ns/void#inDataset.value": "4635"}, "geometry": {"type": "LineString", "coordinates": [[7.2332010463, 51.2570211149, 170.6], [7.2338964438, 51.2564374687, 0.0], [7.2382512538, 51.2552173494, 0.0], [7.2415571847, 51.2545685348, 0.0], [7.2430086222, 51.2543971757, 0.0], [7.2432828435, 51.2544072717, 172.88]]}}, {"type": "Feature", "id": "https://registry.gdi-de.org/de.nw/radnetz/instances/Section_Wuppertal_3159_75_left", "name": " (ex-nw:Section_Wuppertal_3159_75_left)", "dateprops": [], "properties": {"https://registry.gdi-de.org/up3/ontology/quell-ID": "3159", "https://registry.gdi-de.org/up3/ontology/steigung": "1.936601", "https://registry.gdi-de.org/up3/ontology/strecken-ID": "Section_Wuppertal_3159_75_left", "http://rdfs.org/ns/void#inDataset.value": "4635"}, "geometry": {"type": "LineString", "coordinates": [[7.151848776, 51.2585687745, 144.39], [7.1527259089, 51.2586133315, 0.0], [7.1530130508, 51.2587812818, 146.11]]}}, {"type": "Feature", "id": "https://registry.gdi-de.org/de.nw/radnetz/instances/Section_Wuppertal_10134_212", "name": " (ex-nw:Section_Wuppertal_10134_212)", "dateprops": [], "properties": {"https://registry.gdi-de.org/up3/ontology/quell-ID": "10134", "https://registry.gdi-de.org/up3/ontology/steigung": "5.391524", "https://registry.gdi-de.org/up3/ontology/strecken-ID": "Section_Wuppertal_10134_212", "http://rdfs.org/ns/void#inDataset.value": "4635"}, "geometry": {"type": "LineString", "coordinates": [[7.1799338598, 51.2430694526, 323.68], [7.1803779313, 51.2430739701, 0.0], [7.1807162762, 51.2430558182, 326.63]]}}, {"type": "Feature", "id": "https://registry.gdi-de.org/de.nw/radnetz/instances/Section_Wuppertal_728_18", "name": " (ex-nw:Section_Wuppertal_728_18)", "dateprops": [], "properties": {"https://registry.gdi-de.org/up3/ontology/quell-ID": "728", "https://registry.gdi-de.org/up3/ontology/steigung": "0.8760388", "https://registry.gdi-de.org/up3/ontology/strecken-ID": "Section_Wuppertal_728_18", "http://rdfs.org/ns/void#inDataset.value": "4635"}, "geometry": {"type": "LineString", "coordinates": [[7.2358603149, 51.2326980314, 299.86], [7.2359835162, 51.2332163924, 300.2494], [7.2360355125, 51.2337072088, 300.85]]}}, {"type": "Feature", "id": "https://registry.gdi-de.org/de.nw/radnetz/instances/Section_Wuppertal_1293_28", "name": " (ex-nw:Section_Wuppertal_1293_28)", "dateprops": [], "properties": {"https://registry.gdi-de.org/up3/ontology/quell-ID": "1293", "https://registry.gdi-de.org/up3/ontology/steigung": "1.398311", "https://registry.gdi-de.org/up3/ontology/strecken-ID": "Section_Wuppertal_1293_28", "http://rdfs.org/ns/void#inDataset.value": "4635"}, "geometry": {"type": "LineString", "coordinates": [[7.0573384547, 51.2107957456, 224.4], [7.0566530731, 51.2107514412, 0.0], [7.0558959924, 51.210750217, 0.0], [7.0549137057, 51.2108074519, 0.0], [7.0540002989, 51.2108359856, 227.67]]}}, {"type": "Feature", "id": "https://registry.gdi-de.org/de.nw/radnetz/instances/Section_Wuppertal_1225947_1052_right", "name": " (ex-nw:Section_Wuppertal_1225947_1052_right)", "dateprops": [], "properties": {"https://registry.gdi-de.org/up3/ontology/quell-ID": "1225947", "https://registry.gdi-de.org/up3/ontology/steigung": "8.735716", "https://registry.gdi-de.org/up3/ontology/strecken-ID": "Section_Wuppertal_1225947_1052_right", "http://rdfs.org/ns/void#inDataset.value": "4635"}, "geometry": {"type": "LineString", "coordinates": [[7.1279745254, 51.2790195087, 0.0], [7.1280039254, 51.2788973974, 0.0]]}}, {"type": "Feature", "id": "https://registry.gdi-de.org/de.nw/radnetz/instances/Section_Wuppertal_12612_1014_right", "name": " (ex-nw:Section_Wuppertal_12612_1014_right)", "dateprops": [], "properties": {"https://registry.gdi-de.org/up3/ontology/quell-ID": "12612", "https://registry.gdi-de.org/up3/ontology/steigung": "1.052474", "https://registry.gdi-de.org/up3/ontology/strecken-ID": "Section_Wuppertal_12612_1014_right", "http://rdfs.org/ns/void#inDataset.value": "4635"}, "geometry": {"type": "LineString", "coordinates": [[7.0634092182, 51.2309016953, 0.0], [7.0618508439, 51.2303765283, 0.0]]}}, {"type": "Feature", "id": "https://registry.gdi-de.org/de.nw/radnetz/instances/Section_Wuppertal_1229812_777", "name": " (ex-nw:Section_Wuppertal_1229812_777)", "dateprops": [], "properties": {"https://registry.gdi-de.org/up3/ontology/quell-ID": "1229812", "https://registry.gdi-de.org/up3/ontology/steigung": "0.6841336", "https://registry.gdi-de.org/up3/ontology/strecken-ID": "Section_Wuppertal_1229812_777", "http://rdfs.org/ns/void#inDataset.value": "4635"}, "geometry": {"type": "LineString", "coordinates": [[7.214692654, 51.2745705983, 158.16], [7.2155343199, 51.2747316091, 158.58]]}}, {"type": "Feature", "id": "https://registry.gdi-de.org/de.nw/radnetz/instances/Section_Wuppertal_1229709_749", "name": " (ex-nw:Section_Wuppertal_1229709_749)", "dateprops": [], "properties": {"https://registry.gdi-de.org/up3/ontology/quell-ID": "1229709", "https://registry.gdi-de.org/up3/ontology/steigung": "0.09073663", "https://registry.gdi-de.org/up3/ontology/strecken-ID": "Section_Wuppertal_1229709_749", "http://rdfs.org/ns/void#inDataset.value": "4635"}, "geometry": {"type": "LineString", "coordinates": [[7.1245330607, 51.2493743998, 139.89], [7.1246578364, 51.2494351032, 139.9]]}}, {"type": "Feature", "id": "https://registry.gdi-de.org/de.nw/radnetz/instances/Section_Wuppertal_508_14", "name": " (ex-nw:Section_Wuppertal_508_14)", "dateprops": [], "properties": {"https://registry.gdi-de.org/up3/ontology/quell-ID": "508", "https://registry.gdi-de.org/up3/ontology/steigung": "0.1168044", "https://registry.gdi-de.org/up3/ontology/strecken-ID": "Section_Wuppertal_508_14", "http://rdfs.org/ns/void#inDataset.value": "4635"}, "geometry": {"type": "LineString", "coordinates": [[7.1310273353, 51.2524067336, 140.65], [7.1321139129, 51.2529086009, 140.76]]}}, {"type": "Feature", "id": "https://registry.gdi-de.org/de.nw/radnetz/instances/Section_Wuppertal_9705_200_left", "name": " (ex-nw:Section_Wuppertal_9705_200_left)", "dateprops": [], "properties": {"https://registry.gdi-de.org/up3/ontology/quell-ID": "9705", "https://registry.gdi-de.org/up3/ontology/steigung": "2.361209", "https://registry.gdi-de.org/up3/ontology/strecken-ID": "Section_Wuppertal_9705_200_left", "http://rdfs.org/ns/void#inDataset.value": "4635"}, "geometry": {"type": "LineString", "coordinates": [[7.0893794992, 51.2360983904, 136.95], [7.0889696373, 51.235866347, 137.86]]}}, {"type": "Feature", "id": "https://registry.gdi-de.org/de.nw/radnetz/instances/Section_Wuppertal_1227091_672_right", "name": " (ex-nw:Section_Wuppertal_1227091_672_right)", "dateprops": [], "properties": {"https://registry.gdi-de.org/up3/ontology/quell-ID": "1227091", "https://registry.gdi-de.org/up3/ontology/steigung": "2.668537", "https://registry.gdi-de.org/up3/ontology/strecken-ID": "Section_Wuppertal_1227091_672_right", "http://rdfs.org/ns/void#inDataset.value": "4635"}, "geometry": {"type": "LineString", "coordinates": [[7.0966808066, 51.2963251004, 195.48], [7.0968822755, 51.2961418892, 0.0], [7.0936469179, 51.2925094548, 208.49]]}}, {"type": "Feature", "id": "https://registry.gdi-de.org/de.nw/radnetz/instances/Section_Wuppertal_1229929_815", "name": " (ex-nw:Section_Wuppertal_1229929_815)", "dateprops": [], "properties": {"https://registry.gdi-de.org/up3/ontology/quell-ID": "1229929", "https://registry.gdi-de.org/up3/ontology/steigung": "2.720765", "https://registry.gdi-de.org/up3/ontology/strecken-ID": "Section_Wuppertal_1229929_815", "http://rdfs.org/ns/void#inDataset.value": "4635"}, "geometry": {"type": "LineString", "coordinates": [[7.1665437848, 51.2153378299, 196.73], [7.1665437848, 51.2153378299, 0.0], [7.166386841, 51.2153573729, 0.0], [7.1656997836, 51.2153552263, 198.34]]}}, {"type": "Feature", "id": "https://registry.gdi-de.org/de.nw/radnetz/instances/Section_Wuppertal_1230103_867", "name": " (ex-nw:Section_Wuppertal_1230103_867)", "dateprops": [], "properties": {"https://registry.gdi-de.org/up3/ontology/quell-ID": "1230103", "https://registry.gdi-de.org/up3/ontology/steigung": "0.1462945", "https://registry.gdi-de.org/up3/ontology/strecken-ID": "Section_Wuppertal_1230103_867", "http://rdfs.org/ns/void#inDataset.value": "4635"}, "geometry": {"type": "LineString", "coordinates": [[7.2085784599, 51.2785429213, 0.0], [7.2087486839, 51.2785263226, 0.0], [7.2091806492, 51.2784419318, 0.0], [7.2095401096, 51.2783564312, 0.0], [7.2099404013, 51.2782384624, 0.0], [7.2102746191, 51.2781236187, 0.0], [7.2105958137, 51.2780044392, 0.0], [7.2108832488, 51.2779054239, 0.0], [7.2112173013, 51.277794711, 0.0], [7.2112441312, 51.2777896595, 0.0]]}}, {"type": "Feature", "id": "https://registry.gdi-de.org/de.nw/radnetz/instances/Section_Wuppertal_1223652_382_left", "name": " (ex-nw:Section_Wuppertal_1223652_382_left)", "dateprops": [], "properties": {"https://registry.gdi-de.org/up3/ontology/quell-ID": "1223652", "https://registry.gdi-de.org/up3/ontology/steigung": "0.477011", "https://registry.gdi-de.org/up3/ontology/strecken-ID": "Section_Wuppertal_1223652_382_left", "http://rdfs.org/ns/void#inDataset.value": "4635"}, "geometry": {"type": "LineString", "coordinates": [[7.0442823227, 51.2306527524, 200.8], [7.0448218892, 51.2310002283, 0.0], [7.0458666611, 51.2319233909, 0.0], [7.0477816758, 51.233083572, 0.0], [7.0486495748, 51.2334267382, 0.0], [7.0489741612, 51.2334769519, 0.0], [7.054256141, 51.2338748586, 204.77]]}}, {"type": "Feature", "id": "https://registry.gdi-de.org/de.nw/radnetz/instances/Section_Wuppertal_2886_64_left", "name": " (ex-nw:Section_Wuppertal_2886_64_left)", "dateprops": [], "properties": {"https://registry.gdi-de.org/up3/ontology/quell-ID": "2886", "https://registry.gdi-de.org/up3/ontology/steigung": "0.9651627", "https://registry.gdi-de.org/up3/ontology/strecken-ID": "Section_Wuppertal_2886_64_left", "http://rdfs.org/ns/void#inDataset.value": "4635"}, "geometry": {"type": "LineString", "coordinates": [[7.1321139129, 51.2529086009, 140.76], [7.1338773416, 51.2529724208, 141.95]]}}, {"type": "Feature", "id": "https://registry.gdi-de.org/de.nw/radnetz/instances/Section_Wuppertal_3039_69", "name": " (ex-nw:Section_Wuppertal_3039_69)", "dateprops": [], "properties": {"https://registry.gdi-de.org/up3/ontology/quell-ID": "3039", "https://registry.gdi-de.org/up3/ontology/steigung": "0.8705", "https://registry.gdi-de.org/up3/ontology/strecken-ID": "Section_Wuppertal_3039_69", "http://rdfs.org/ns/void#inDataset.value": "4635"}, "geometry": {"type": "LineString", "coordinates": [[7.0983612622, 51.2312292327, 130.53], [7.0982424127, 51.231487622, 0.0], [7.0980068233, 51.2318040335, 0.0], [7.0975477272, 51.2321436482, 0.0], [7.0970371131, 51.2324606245, 0.0], [7.0965995419, 51.2328215083, 0.0], [7.0959534896, 51.233577943, 0.0], [7.095806831, 51.23396407, 0.0], [7.0957606689, 51.2342881138, 0.0], [7.0958422644, 51.2346366505, 0.0], [7.0960366281, 51.2349758697, 0.0], [7.0962712875, 51.2352103393, 0.0], [7.0966864489, 51.2355729535, 0.0], [7.0968917038, 51.2358122558, 0.0], [7.097301571, 51.236521, 136.35]]}}, {"type": "Feature", "id": "https://registry.gdi-de.org/de.nw/radnetz/instances/Section_Wuppertal_1229798_770", "name": " (ex-nw:Section_Wuppertal_1229798_770)", "dateprops": [], "properties": {"https://registry.gdi-de.org/up3/ontology/quell-ID": "1229798", "https://registry.gdi-de.org/up3/ontology/steigung": "1.357305", "https://registry.gdi-de.org/up3/ontology/strecken-ID": "Section_Wuppertal_1229798_770", "http://rdfs.org/ns/void#inDataset.value": "4635"}, "geometry": {"type": "LineString", "coordinates": [[7.107112401, 51.2095028111, 121.67], [7.1074663859, 51.2098316856, 0.0], [7.1077475611, 51.210143993, 0.0], [7.1080513289, 51.2105028291, 0.0], [7.1081827805, 51.210881959, 0.0], [7.1082363735, 51.2113675461, 0.0], [7.1081220525, 51.2117657843, 0.0], [7.1079616017, 51.2120940303, 0.0], [7.1076184691, 51.2123962392, 0.0], [7.1072238412, 51.2127591654, 0.0], [7.1069186859, 51.213031211, 0.0], [7.1067033205, 51.2132046873, 0.0], [7.1063526622, 51.2133913616, 0.0], [7.1060393567, 51.2135632513, 0.0], [7.10576555, 51.2139665989, 0.0], [7.1056314516, 51.2142491044, 0.0], [7.1055956042, 51.2145255062, 0.0], [7.1055632297, 51.2147173317, 0.0], [7.1055810849, 51.214879194, 0.0], [7.1056453856, 51.2151033606, 0.0], [7.1057470294, 51.2153404859, 131.54]]}}, {"type": "Feature", "id": "https://registry.gdi-de.org/de.nw/radnetz/instances/Section_Wuppertal_1226442_986", "name": " (ex-nw:Section_Wuppertal_1226442_986)", "dateprops": [], "properties": {"https://registry.gdi-de.org/up3/ontology/quell-ID": "1226442", "https://registry.gdi-de.org/up3/ontology/steigung": "6.239342", "https://registry.gdi-de.org/up3/ontology/strecken-ID": "Section_Wuppertal_1226442_986", "http://rdfs.org/ns/void#inDataset.value": "4635"}, "geometry": {"type": "LineString", "coordinates": [[7.1505553569, 51.2177898784, 0.0], [7.1517427158, 51.2192869406, 0.0], [7.1520125802, 51.2196327765, 0.0]]}}, {"type": "Feature", "id": "https://registry.gdi-de.org/de.nw/radnetz/instances/Section_Wuppertal_1228622_719", "name": " (ex-nw:Section_Wuppertal_1228622_719)", "dateprops": [], "properties": {"https://registry.gdi-de.org/up3/ontology/quell-ID": "1228622", "https://registry.gdi-de.org/up3/ontology/steigung": "0.6684685", "https://registry.gdi-de.org/up3/ontology/strecken-ID": "Section_Wuppertal_1228622_719", "http://rdfs.org/ns/void#inDataset.value": "4635"}, "geometry": {"type": "LineString", "coordinates": [[7.1745492189, 51.2638616457, 150.12], [7.1763406596, 51.2647817458, 151.2]]}}, {"type": "Feature", "id": "https://registry.gdi-de.org/de.nw/radnetz/instances/Section_Wuppertal_1226606_600_right", "name": " (ex-nw:Section_Wuppertal_1226606_600_right)", "dateprops": [], "properties": {"https://registry.gdi-de.org/up3/ontology/quell-ID": "1226606", "https://registry.gdi-de.org/up3/ontology/steigung": "3.628296", "https://registry.gdi-de.org/up3/ontology/strecken-ID": "Section_Wuppertal_1226606_600_right", "http://rdfs.org/ns/void#inDataset.value": "4635"}, "geometry": {"type": "LineString", "coordinates": [[7.1227520474, 51.2043571327, 280.95], [7.1229199504, 51.2043932898, 281.4]]}}, {"type": "Feature", "id": "https://registry.gdi-de.org/de.nw/radnetz/instances/Section_Wuppertal_1229605_735_left", "name": " (ex-nw:Section_Wuppertal_1229605_735_left)", "dateprops": [], "properties": {"https://registry.gdi-de.org/up3/ontology/quell-ID": "1229605", "https://registry.gdi-de.org/up3/ontology/steigung": "2.297154", "https://registry.gdi-de.org/up3/ontology/strecken-ID": "Section_Wuppertal_1229605_735_left", "http://rdfs.org/ns/void#inDataset.value": "4635"}, "geometry": {"type": "LineString", "coordinates": [[7.2041349671, 51.2712238862, 155.24], [7.2042972312, 51.2712644837, 155.52]]}}, {"type": "Feature", "id": "https://registry.gdi-de.org/de.nw/radnetz/instances/Section_Wuppertal_1222510_285", "name": " (ex-nw:Section_Wuppertal_1222510_285)", "dateprops": [], "properties": {"https://registry.gdi-de.org/up3/ontology/quell-ID": "1222510", "https://registry.gdi-de.org/up3/ontology/steigung": "0.9895326", "https://registry.gdi-de.org/up3/ontology/strecken-ID": "Section_Wuppertal_1222510_285", "http://rdfs.org/ns/void#inDataset.value": "4635"}, "geometry": {"type": "LineString", "coordinates": [[7.1806317238, 51.2431803882, 325.84], [7.1805581619, 51.2431483028, 0.0], [7.1804567407, 51.2431467258, 0.0], [7.1798788248, 51.2431235831, 0.0], [7.1797883003, 51.2431316124, 0.0], [7.1793540872, 51.2431814781, 0.0], [7.1792065656, 51.2432051333, 0.0], [7.178619553, 51.2432219494, 0.0], [7.1785379386, 51.2431947276, 0.0], [7.1785128543, 51.243163668, 0.0], [7.1784921497, 51.2430217943, 0.0], [7.1785022712, 51.2429558948, 0.0], [7.1784896669, 51.2428943602, 0.0], [7.1784377316, 51.2428770368, 0.0], [7.1781525317, 51.2428655194, 0.0], [7.1781611676, 51.2425518826, 0.0], [7.1781888587, 51.2425169259, 0.0], [7.1782569376, 51.2425061895, 0.0], [7.1784408088, 51.2425137705, 0.0], [7.1784718655, 51.242476339, 328.5]]}}, {"type": "Feature", "id": "https://registry.gdi-de.org/de.nw/radnetz/instances/Section_Wuppertal_1800_37_right", "name": " (ex-nw:Section_Wuppertal_1800_37_right)", "dateprops": [], "properties": {"https://registry.gdi-de.org/up3/ontology/quell-ID": "1800", "https://registry.gdi-de.org/up3/ontology/steigung": "3.091905", "https://registry.gdi-de.org/up3/ontology/strecken-ID": "Section_Wuppertal_1800_37_right", "http://rdfs.org/ns/void#inDataset.value": "4635"}, "geometry": {"type": "LineString", "coordinates": [[7.0617136613, 51.2244090452, 202.56], [7.0612363546, 51.224171045, 0.0], [7.0606686108, 51.2237894116, 0.0], [7.0600527279, 51.2231477113, 0.0], [7.0598134107, 51.2227004343, 0.0], [7.0597405372, 51.2219667883, 212.4]]}}, {"type": "Feature", "id": "https://registry.gdi-de.org/de.nw/radnetz/instances/Section_Wuppertal_12042_251", "name": " (ex-nw:Section_Wuppertal_12042_251)", "dateprops": [], "properties": {"https://registry.gdi-de.org/up3/ontology/quell-ID": "12042", "https://registry.gdi-de.org/up3/ontology/steigung": "0.9611841", "https://registry.gdi-de.org/up3/ontology/strecken-ID": "Section_Wuppertal_12042_251", "http://rdfs.org/ns/void#inDataset.value": "4635"}, "geometry": {"type": "LineString", "coordinates": [[7.1908285383, 51.2432313839, 342.2], [7.1906125292, 51.2434770573, 342.5]]}}, {"type": "Feature", "id": "https://registry.gdi-de.org/de.nw/radnetz/instances/Section_Wuppertal_1223534_375_left", "name": " (ex-nw:Section_Wuppertal_1223534_375_left)", "dateprops": [], "properties": {"https://registry.gdi-de.org/up3/ontology/quell-ID": "1223534", "https://registry.gdi-de.org/up3/ontology/steigung": "5.188886", "https://registry.gdi-de.org/up3/ontology/strecken-ID": "Section_Wuppertal_1223534_375_left", "http://rdfs.org/ns/void#inDataset.value": "4635"}, "geometry": {"type": "LineString", "coordinates": [[7.1571093655, 51.2516611238, 186.89], [7.1579758441, 51.2520354057, 190.7]]}}, {"type": "Feature", "id": "https://registry.gdi-de.org/de.nw/radnetz/instances/Section_Wuppertal_11675_1058_right", "name": " (ex-nw:Section_Wuppertal_11675_1058_right)", "dateprops": [], "properties": {"https://registry.gdi-de.org/up3/ontology/quell-ID": "11675", "https://registry.gdi-de.org/up3/ontology/steigung": "1.913507", "https://registry.gdi-de.org/up3/ontology/strecken-ID": "Section_Wuppertal_11675_1058_right", "http://rdfs.org/ns/void#inDataset.value": "4635"}, "geometry": {"type": "LineString", "coordinates": [[7.1681870221, 51.2802041267, 0.0], [7.1684617975, 51.280300261, 0.0]]}}, {"type": "Feature", "id": "https://registry.gdi-de.org/de.nw/radnetz/instances/Section_Wuppertal_1228052_692_right", "name": " (ex-nw:Section_Wuppertal_1228052_692_right)", "dateprops": [], "properties": {"https://registry.gdi-de.org/up3/ontology/quell-ID": "1228052", "https://registry.gdi-de.org/up3/ontology/steigung": "5.189809", "https://registry.gdi-de.org/up3/ontology/strecken-ID": "Section_Wuppertal_1228052_692_right", "http://rdfs.org/ns/void#inDataset.value": "4635"}, "geometry": {"type": "LineString", "coordinates": [[7.1092439772, 51.2580313415, 171.6], [7.1123974754, 51.2599248802, 187.41]]}}, {"type": "Feature", "id": "https://registry.gdi-de.org/de.nw/radnetz/instances/Section_Wuppertal_9284_1013_left", "name": " (ex-nw:Section_Wuppertal_9284_1013_left)", "dateprops": [], "properties": {"https://registry.gdi-de.org/up3/ontology/quell-ID": "9284", "https://registry.gdi-de.org/up3/ontology/steigung": "0.3275676", "https://registry.gdi-de.org/up3/ontology/strecken-ID": "Section_Wuppertal_9284_1013_left", "http://rdfs.org/ns/void#inDataset.value": "4635"}, "geometry": {"type": "LineString", "coordinates": [[7.0634092182, 51.2309016953, 0.0], [7.065271955, 51.2315858703, 0.0], [7.0656190344, 51.2317355198, 0.0]]}}, {"type": "Feature", "id": "https://registry.gdi-de.org/de.nw/radnetz/instances/Section_Wuppertal_1223034_309", "name": " (ex-nw:Section_Wuppertal_1223034_309)", "dateprops": [], "properties": {"https://registry.gdi-de.org/up3/ontology/quell-ID": "1223034", "https://registry.gdi-de.org/up3/ontology/steigung": "0.1175315", "https://registry.gdi-de.org/up3/ontology/strecken-ID": "Section_Wuppertal_1223034_309", "http://rdfs.org/ns/void#inDataset.value": "4635"}, "geometry": {"type": "LineString", "coordinates": [[7.1387826586, 51.2658111915, 176.6], [7.1358684311, 51.2658103109, 0.0], [7.1347079108, 51.2658125032, 0.0], [7.1344644492, 51.26580035, 0.0], [7.1341561015, 51.2657623436, 176.98]]}}, {"type": "Feature", "id": "https://registry.gdi-de.org/de.nw/radnetz/instances/Section_Wuppertal_1226994_662_right", "name": " (ex-nw:Section_Wuppertal_1226994_662_right)", "dateprops": [], "properties": {"https://registry.gdi-de.org/up3/ontology/quell-ID": "1226994", "https://registry.gdi-de.org/up3/ontology/steigung": "0.5001044", "https://registry.gdi-de.org/up3/ontology/strecken-ID": "Section_Wuppertal_1226994_662_right", "http://rdfs.org/ns/void#inDataset.value": "4635"}, "geometry": {"type": "LineString", "coordinates": [[7.2512618862, 51.2556035961, 176.48], [7.2516023874, 51.2556333504, 176.6]]}}, {"type": "Feature", "id": "https://registry.gdi-de.org/de.nw/radnetz/instances/Section_Wuppertal_1229873_793", "name": " (ex-nw:Section_Wuppertal_1229873_793)", "dateprops": [], "properties": {"https://registry.gdi-de.org/up3/ontology/quell-ID": "1229873", "https://registry.gdi-de.org/up3/ontology/steigung": "3.097892", "https://registry.gdi-de.org/up3/ontology/strecken-ID": "Section_Wuppertal_1229873_793", "http://rdfs.org/ns/void#inDataset.value": "4635"}, "geometry": {"type": "LineString", "coordinates": [[7.1265961864, 51.1754623386, 127.01], [7.126257628, 51.1755859404, 0.0], [7.1258534967, 51.1757447782, 0.0], [7.1255248146, 51.1759411134, 0.0], [7.1252666419, 51.1761385771, 0.0], [7.1251470072, 51.1762414928, 0.0], [7.1249682074, 51.1763797477, 0.0], [7.1246206456, 51.1767249623, 0.0], [7.1244701327, 51.1769564075, 0.0], [7.1243773124, 51.1771887769, 0.0], [7.124327891, 51.1774581308, 0.0], [7.1243011363, 51.1776431759, 0.0], [7.1242955753, 51.1777801763, 0.0], [7.1243475457, 51.177922131, 137.45]]}}, {"type": "Feature", "id": "https://registry.gdi-de.org/de.nw/radnetz/instances/Section_Wuppertal_1228925_726", "name": " (ex-nw:Section_Wuppertal_1228925_726)", "dateprops": [], "properties": {"https://registry.gdi-de.org/up3/ontology/quell-ID": "1228925", "https://registry.gdi-de.org/up3/ontology/steigung": "0.4939178", "https://registry.gdi-de.org/up3/ontology/strecken-ID": "Section_Wuppertal_1228925_726", "http://rdfs.org/ns/void#inDataset.value": "4635"}, "geometry": {"type": "LineString", "coordinates": [[7.2086480506, 51.2738232246, 156.71], [7.2090565553, 51.2739685709, 0.0], [7.2092455959, 51.2740050585, 156.94]]}}, {"type": "Feature", "id": "https://registry.gdi-de.org/de.nw/radnetz/instances/Section_Wuppertal_1229865_787", "name": " (ex-nw:Section_Wuppertal_1229865_787)", "dateprops": [], "properties": {"https://registry.gdi-de.org/up3/ontology/quell-ID": "1229865", "https://registry.gdi-de.org/up3/ontology/steigung": "1.397004", "https://registry.gdi-de.org/up3/ontology/strecken-ID": "Section_Wuppertal_1229865_787", "http://rdfs.org/ns/void#inDataset.value": "4635"}, "geometry": {"type": "LineString", "coordinates": [[7.2407891256, 51.3027329138, 244.1], [7.2410416172, 51.3036876502, 0.0], [7.2410776432, 51.304039779, 0.0], [7.2411372167, 51.3044232845, 0.0], [7.2411514213, 51.3049146866, 0.0], [7.241177625, 51.3053080308, 0.0], [7.2411746078, 51.3056026989, 0.0], [7.241154508, 51.3059126213, 0.0], [7.2411483292, 51.3062899679, 0.0], [7.2411415559, 51.3066828175, 0.0], [7.2411012977, 51.3068592605, 249.64]]}}, {"type": "Feature", "id": "https://registry.gdi-de.org/de.nw/radnetz/instances/Section_Wuppertal_8166_1022_right", "name": " (ex-nw:Section_Wuppertal_8166_1022_right)", "dateprops": [], "properties": {"https://registry.gdi-de.org/up3/ontology/quell-ID": "8166", "https://registry.gdi-de.org/up3/ontology/steigung": "1.21746", "https://registry.gdi-de.org/up3/ontology/strecken-ID": "Section_Wuppertal_8166_1022_right", "http://rdfs.org/ns/void#inDataset.value": "4635"}, "geometry": {"type": "LineString", "coordinates": [[7.1408932744, 51.2822533637, 0.0], [7.1419134296, 51.2825754799, 0.0]]}}, {"type": "Feature", "id": "https://registry.gdi-de.org/de.nw/radnetz/instances/Section_Wuppertal_10124_211_left", "name": " (ex-nw:Section_Wuppertal_10124_211_left)", "dateprops": [], "properties": {"https://registry.gdi-de.org/up3/ontology/quell-ID": "10124", "https://registry.gdi-de.org/up3/ontology/steigung": "2.165707", "https://registry.gdi-de.org/up3/ontology/strecken-ID": "Section_Wuppertal_10124_211_left", "http://rdfs.org/ns/void#inDataset.value": "4635"}, "geometry": {"type": "LineString", "coordinates": [[7.0707802565, 51.2434903692, 202.98], [7.0706188166, 51.242854974, 204.53]]}}, {"type": "Feature", "id": "https://registry.gdi-de.org/de.nw/radnetz/instances/Section_Wuppertal_11391_1083", "name": " (ex-nw:Section_Wuppertal_11391_1083)", "dateprops": [], "properties": {"https://registry.gdi-de.org/up3/ontology/quell-ID": "11391", "https://registry.gdi-de.org/up3/ontology/steigung": "1.463591", "https://registry.gdi-de.org/up3/ontology/strecken-ID": "Section_Wuppertal_11391_1083", "http://rdfs.org/ns/void#inDataset.value": "4635"}, "geometry": {"type": "LineString", "coordinates": [[7.1462128755, 51.2627436522, 0.0], [7.1461401238, 51.2630839305, 0.0], [7.145866955, 51.2630630558, 0.0]]}}, {"type": "Feature", "id": "https://registry.gdi-de.org/de.nw/radnetz/instances/Section_Wuppertal_1226806_635_right", "name": " (ex-nw:Section_Wuppertal_1226806_635_right)", "dateprops": [], "properties": {"https://registry.gdi-de.org/up3/ontology/quell-ID": "1226806", "https://registry.gdi-de.org/up3/ontology/steigung": "3.558918", "https://registry.gdi-de.org/up3/ontology/strecken-ID": "Section_Wuppertal_1226806_635_right", "http://rdfs.org/ns/void#inDataset.value": "4635"}, "geometry": {"type": "LineString", "coordinates": [[7.1494867828, 51.2261836387, 328.05], [7.1495817222, 51.2261936801, 0.0], [7.1502043023, 51.2262970535, 329.89]]}}, {"type": "Feature", "id": "https://registry.gdi-de.org/de.nw/radnetz/instances/Section_Wuppertal_6954_145", "name": " (ex-nw:Section_Wuppertal_6954_145)", "dateprops": [], "properties": {"https://registry.gdi-de.org/up3/ontology/quell-ID": "6954", "https://registry.gdi-de.org/up3/ontology/steigung": "3.748348", "https://registry.gdi-de.org/up3/ontology/strecken-ID": "Section_Wuppertal_6954_145", "http://rdfs.org/ns/void#inDataset.value": "4635"}, "geometry": {"type": "LineString", "coordinates": [[7.1029248632, 51.2910113624, 227.46], [7.1052272774, 51.2901925313, 234.38]]}}, {"type": "Feature", "id": "https://registry.gdi-de.org/de.nw/radnetz/instances/Section_Wuppertal_1226554_591_left", "name": " (ex-nw:Section_Wuppertal_1226554_591_left)", "dateprops": [], "properties": {"https://registry.gdi-de.org/up3/ontology/quell-ID": "1226554", "https://registry.gdi-de.org/up3/ontology/steigung": "4.574376", "https://registry.gdi-de.org/up3/ontology/strecken-ID": "Section_Wuppertal_1226554_591_left", "http://rdfs.org/ns/void#inDataset.value": "4635"}, "geometry": {"type": "LineString", "coordinates": [[7.1617570989, 51.3003953431, 300.02], [7.1619765573, 51.3002890035, 0.0], [7.1620431262, 51.3002648807, 301.15]]}}, {"type": "Feature", "id": "https://registry.gdi-de.org/de.nw/radnetz/instances/Section_Wuppertal_1230102_866", "name": " (ex-nw:Section_Wuppertal_1230102_866)", "dateprops": [], "properties": {"https://registry.gdi-de.org/up3/ontology/quell-ID": "1230102", "https://registry.gdi-de.org/up3/ontology/steigung": "1.343625", "https://registry.gdi-de.org/up3/ontology/strecken-ID": "Section_Wuppertal_1230102_866", "http://rdfs.org/ns/void#inDataset.value": "4635"}, "geometry": {"type": "LineString", "coordinates": [[7.2112441312, 51.2777896595, 0.0], [7.2115627681, 51.2777296716, 0.0], [7.2119022843, 51.277647995, 0.0], [7.2123263615, 51.2775965638, 0.0], [7.2128328757, 51.2775495093, 154.514], [7.2131338529, 51.2775402407, 187.05]]}}, {"type": "Feature", "id": "https://registry.gdi-de.org/de.nw/radnetz/instances/Section_Wuppertal_1223145_349", "name": " (ex-nw:Section_Wuppertal_1223145_349)", "dateprops": [], "properties": {"https://registry.gdi-de.org/up3/ontology/quell-ID": "1223145", "https://registry.gdi-de.org/up3/ontology/steigung": "0.6193354", "https://registry.gdi-de.org/up3/ontology/strecken-ID": "Section_Wuppertal_1223145_349", "http://rdfs.org/ns/void#inDataset.value": "4635"}, "geometry": {"type": "LineString", "coordinates": [[7.2405907064, 51.2835279353, 196.67], [7.2410977716, 51.2837903428, 0.0], [7.2413306644, 51.2839096599, 0.0], [7.2415105692, 51.2840347984, 197.2]]}}, {"type": "Feature", "id": "https://registry.gdi-de.org/de.nw/radnetz/instances/Section_Wuppertal_1223867_394_right", "name": " (ex-nw:Section_Wuppertal_1223867_394_right)", "dateprops": [], "properties": {"https://registry.gdi-de.org/up3/ontology/quell-ID": "1223867", "https://registry.gdi-de.org/up3/ontology/steigung": "0.4124666", "https://registry.gdi-de.org/up3/ontology/strecken-ID": "Section_Wuppertal_1223867_394_right", "http://rdfs.org/ns/void#inDataset.value": "4635"}, "geometry": {"type": "LineString", "coordinates": [[7.2317610964, 51.2687382545, 163.65], [7.2318733111, 51.2686028873, 163.72]]}}, {"type": "Feature", "id": "https://registry.gdi-de.org/de.nw/radnetz/instances/Section_Wuppertal_1223990_1034_right", "name": " (ex-nw:Section_Wuppertal_1223990_1034_right)", "dateprops": [], "properties": {"https://registry.gdi-de.org/up3/ontology/quell-ID": "1223990", "https://registry.gdi-de.org/up3/ontology/steigung": "6.879708", "https://registry.gdi-de.org/up3/ontology/strecken-ID": "Section_Wuppertal_1223990_1034_right", "http://rdfs.org/ns/void#inDataset.value": "4635"}, "geometry": {"type": "LineString", "coordinates": [[7.1303203612, 51.2699049552, 0.0], [7.1303129099, 51.2699451991, 0.0], [7.130304144, 51.2700220977, 0.0]]}}, {"type": "Feature", "id": "https://registry.gdi-de.org/de.nw/radnetz/instances/Section_Wuppertal_1228452_711_left", "name": " (ex-nw:Section_Wuppertal_1228452_711_left)", "dateprops": [], "properties": {"https://registry.gdi-de.org/up3/ontology/quell-ID": "1228452", "https://registry.gdi-de.org/up3/ontology/steigung": "2.85304", "https://registry.gdi-de.org/up3/ontology/strecken-ID": "Section_Wuppertal_1228452_711_left", "http://rdfs.org/ns/void#inDataset.value": "4635"}, "geometry": {"type": "LineString", "coordinates": [[7.145749544, 51.2275256275, 320.31], [7.1450904566, 51.2280803917, 0.0], [7.144612693, 51.2288609195, 325.16]]}}, {"type": "Feature", "id": "https://registry.gdi-de.org/de.nw/radnetz/instances/Section_Wuppertal_916_24_left", "name": " (ex-nw:Section_Wuppertal_916_24_left)", "dateprops": [], "properties": {"https://registry.gdi-de.org/up3/ontology/quell-ID": "916", "https://registry.gdi-de.org/up3/ontology/steigung": "4.877223", "https://registry.gdi-de.org/up3/ontology/strecken-ID": "Section_Wuppertal_916_24_left", "http://rdfs.org/ns/void#inDataset.value": "4635"}, "geometry": {"type": "LineString", "coordinates": [[7.1915990427, 51.2207691524, 305.95], [7.1914705387, 51.2212022578, 308.34]]}}, {"type": "Feature", "id": "https://registry.gdi-de.org/de.nw/radnetz/instances/Section_Wuppertal_1225217_460_left", "name": " (ex-nw:Section_Wuppertal_1225217_460_left)", "dateprops": [], "properties": {"https://registry.gdi-de.org/up3/ontology/quell-ID": "1225217", "https://registry.gdi-de.org/up3/ontology/steigung": "3.394043", "https://registry.gdi-de.org/up3/ontology/strecken-ID": "Section_Wuppertal_1225217_460_left", "http://rdfs.org/ns/void#inDataset.value": "4635"}, "geometry": {"type": "LineString", "coordinates": [[7.0693865977, 51.2350493744, 178.39], [7.0696600721, 51.2349793442, 179.09]]}}, {"type": "Feature", "id": "https://registry.gdi-de.org/de.nw/radnetz/instances/Section_Wuppertal_1226702_1068_right", "name": " (ex-nw:Section_Wuppertal_1226702_1068_right)", "dateprops": [], "properties": {"https://registry.gdi-de.org/up3/ontology/quell-ID": "1226702", "https://registry.gdi-de.org/up3/ontology/steigung": "2.757983", "https://registry.gdi-de.org/up3/ontology/strecken-ID": "Section_Wuppertal_1226702_1068_right", "http://rdfs.org/ns/void#inDataset.value": "4635"}, "geometry": {"type": "LineString", "coordinates": [[7.1730099453, 51.2835102606, 0.0], [7.1731109311, 51.2836916321, 0.0], [7.1731791776, 51.2838150234, 0.0]]}}, {"type": "Feature", "id": "https://registry.gdi-de.org/de.nw/radnetz/instances/Section_Wuppertal_1223003_297", "name": " (ex-nw:Section_Wuppertal_1223003_297)", "dateprops": [], "properties": {"https://registry.gdi-de.org/up3/ontology/quell-ID": "1223003", "https://registry.gdi-de.org/up3/ontology/steigung": "0.01980879", "https://registry.gdi-de.org/up3/ontology/strecken-ID": "Section_Wuppertal_1223003_297", "http://rdfs.org/ns/void#inDataset.value": "4635"}, "geometry": {"type": "LineString", "coordinates": [[7.0916450933, 51.2502090685, 176.43], [7.0921551589, 51.2504256047, 0.0], [7.0926018497, 51.2505815402, 0.0], [7.0927437977, 51.2506355593, 0.0], [7.0928924585, 51.2507065434, 0.0], [7.0930056486, 51.2507745707, 0.0], [7.0932076017, 51.250875792, 0.0], [7.0950143464, 51.2517648203, 0.0], [7.0970720672, 51.2528130178, 0.0], [7.0975559681, 51.2530664857, 0.0], [7.0977884276, 51.2531736752, 0.0], [7.0981712779, 51.2533802559, 0.0], [7.0984602386, 51.2535659204, 176.55]]}}, {"type": "Feature", "id": "https://registry.gdi-de.org/de.nw/radnetz/instances/Section_Wuppertal_1226900_1066_right", "name": " (ex-nw:Section_Wuppertal_1226900_1066_right)", "dateprops": [], "properties": {"https://registry.gdi-de.org/up3/ontology/quell-ID": "1226900", "https://registry.gdi-de.org/up3/ontology/steigung": "2.93551", "https://registry.gdi-de.org/up3/ontology/strecken-ID": "Section_Wuppertal_1226900_1066_right", "http://rdfs.org/ns/void#inDataset.value": "4635"}, "geometry": {"type": "LineString", "coordinates": [[7.1721055695, 51.2820089161, 0.0], [7.1722796766, 51.2821946165, 0.0], [7.1723047711, 51.2822399214, 0.0]]}}, {"type": "Feature", "id": "https://registry.gdi-de.org/de.nw/radnetz/instances/Section_Wuppertal_1226443_574_right", "name": " (ex-nw:Section_Wuppertal_1226443_574_right)", "dateprops": [], "properties": {"https://registry.gdi-de.org/up3/ontology/quell-ID": "1226443", "https://registry.gdi-de.org/up3/ontology/steigung": "3.507807", "https://registry.gdi-de.org/up3/ontology/strecken-ID": "Section_Wuppertal_1226443_574_right", "http://rdfs.org/ns/void#inDataset.value": "4635"}, "geometry": {"type": "LineString", "coordinates": [[7.1324995022, 51.2041736457, 285.88], [7.132652577, 51.2043001479, 286.5]]}}, {"type": "Feature", "id": "https://registry.gdi-de.org/de.nw/radnetz/instances/Section_Wuppertal_1229875_795", "name": " (ex-nw:Section_Wuppertal_1229875_795)", "dateprops": [], "properties": {"https://registry.gdi-de.org/up3/ontology/quell-ID": "1229875", "https://registry.gdi-de.org/up3/ontology/steigung": "4.307989", "https://registry.gdi-de.org/up3/ontology/strecken-ID": "Section_Wuppertal_1229875_795", "http://rdfs.org/ns/void#inDataset.value": "4635"}, "geometry": {"type": "LineString", "coordinates": [[7.1260705559, 51.183046246, 125.1], [7.1264010468, 51.1826483375, 0.0], [7.1265226565, 51.1824970676, 0.0], [7.1266125364, 51.182337226, 0.0], [7.126678406, 51.1821366795, 0.0], [7.126749993, 51.1817951025, 0.0], [7.1267375813, 51.1814683087, 0.0], [7.1266931149, 51.1811410023, 0.0], [7.1265718828, 51.1808084328, 0.0], [7.126410389, 51.1805195711, 137.75]]}}, {"type": "Feature", "id": "https://registry.gdi-de.org/de.nw/radnetz/instances/Section_Wuppertal_1226465_581_left", "name": " (ex-nw:Section_Wuppertal_1226465_581_left)", "dateprops": [], "properties": {"https://registry.gdi-de.org/up3/ontology/quell-ID": "1226465", "https://registry.gdi-de.org/up3/ontology/steigung": "0.6603205", "https://registry.gdi-de.org/up3/ontology/strecken-ID": "Section_Wuppertal_1226465_581_left", "http://rdfs.org/ns/void#inDataset.value": "4635"}, "geometry": {"type": "LineString", "coordinates": [[7.1452452349, 51.3054199351, 304.05], [7.1458771745, 51.3052385233, 304.37]]}}, {"type": "Feature", "id": "https://registry.gdi-de.org/de.nw/radnetz/instances/Section_Wuppertal_11211_925_right", "name": " (ex-nw:Section_Wuppertal_11211_925_right)", "dateprops": [], "properties": {"https://registry.gdi-de.org/up3/ontology/quell-ID": "11211", "https://registry.gdi-de.org/up3/ontology/steigung": "4.318501", "https://registry.gdi-de.org/up3/ontology/strecken-ID": "Section_Wuppertal_11211_925_right", "http://rdfs.org/ns/void#inDataset.value": "4635"}, "geometry": {"type": "LineString", "coordinates": [[7.2510211104, 51.3091318242, 308.62], [7.2504599713, 51.3095377747, 311.2]]}}, {"type": "Feature", "id": "https://registry.gdi-de.org/de.nw/radnetz/instances/Section_Wuppertal_1223042_313", "name": " (ex-nw:Section_Wuppertal_1223042_313)", "dateprops": [], "properties": {"https://registry.gdi-de.org/up3/ontology/quell-ID": "1223042", "https://registry.gdi-de.org/up3/ontology/steigung": "0.005183803", "https://registry.gdi-de.org/up3/ontology/strecken-ID": "Section_Wuppertal_1223042_313", "http://rdfs.org/ns/void#inDataset.value": "4635"}, "geometry": {"type": "LineString", "coordinates": [[7.1500993774, 51.2684984936, 176.53], [7.1493051921, 51.268350058, 0.0], [7.1487418298, 51.2682170563, 0.0], [7.1483263197, 51.2680967332, 0.0], [7.148124138, 51.2680004647, 0.0], [7.1466588443, 51.2673413002, 0.0], [7.1462587803, 51.2672470658, 0.0], [7.1460712084, 51.2671975608, 0.0], [7.1454063265, 51.2671301511, 0.0], [7.1451566421, 51.2670512224, 176.55]]}}, {"type": "Feature", "id": "https://registry.gdi-de.org/de.nw/radnetz/instances/Section_Wuppertal_12657_272", "name": " (ex-nw:Section_Wuppertal_12657_272)", "dateprops": [], "properties": {"https://registry.gdi-de.org/up3/ontology/quell-ID": "12657", "https://registry.gdi-de.org/up3/ontology/steigung": "0.3014427", "https://registry.gdi-de.org/up3/ontology/strecken-ID": "Section_Wuppertal_12657_272", "http://rdfs.org/ns/void#inDataset.value": "4635"}, "geometry": {"type": "LineString", "coordinates": [[7.2086480506, 51.2738232246, 156.71], [7.2079981868, 51.2735734006, 0.0], [7.2072013589, 51.2732215272, 0.0], [7.206825821, 51.2730163271, 157.18]]}}, {"type": "Feature", "id": "https://registry.gdi-de.org/de.nw/radnetz/instances/Section_Wuppertal_2874_63", "name": " (ex-nw:Section_Wuppertal_2874_63)", "dateprops": [], "properties": {"https://registry.gdi-de.org/up3/ontology/quell-ID": "2874", "https://registry.gdi-de.org/up3/ontology/steigung": "0.3638819", "https://registry.gdi-de.org/up3/ontology/strecken-ID": "Section_Wuppertal_2874_63", "http://rdfs.org/ns/void#inDataset.value": "4635"}, "geometry": {"type": "LineString", "coordinates": [[7.1547066702, 51.2579795458, 145.58], [7.155062335, 51.2579086263, 0.0], [7.1558223992, 51.2578365967, 145.87]]}}, {"type": "Feature", "id": "https://registry.gdi-de.org/de.nw/radnetz/instances/Section_Wuppertal_1225416_882", "name": " (ex-nw:Section_Wuppertal_1225416_882)", "dateprops": [], "properties": {"https://registry.gdi-de.org/up3/ontology/quell-ID": "1225416", "https://registry.gdi-de.org/up3/ontology/steigung": "0.9728034", "https://registry.gdi-de.org/up3/ontology/strecken-ID": "Section_Wuppertal_1225416_882", "http://rdfs.org/ns/void#inDataset.value": "4635"}, "geometry": {"type": "LineString", "coordinates": [[7.1537549116, 51.2562211081, 145.88], [7.1530043234, 51.2562388761, 146.39]]}}, {"type": "Feature", "id": "https://registry.gdi-de.org/de.nw/radnetz/instances/Section_Wuppertal_3058_70", "name": " (ex-nw:Section_Wuppertal_3058_70)", "dateprops": [], "properties": {"https://registry.gdi-de.org/up3/ontology/quell-ID": "3058", "https://registry.gdi-de.org/up3/ontology/steigung": "1.271274", "https://registry.gdi-de.org/up3/ontology/strecken-ID": "Section_Wuppertal_3058_70", "http://rdfs.org/ns/void#inDataset.value": "4635"}, "geometry": {"type": "LineString", "coordinates": [[7.1893043499, 51.2438021762, 341.24], [7.1895088329, 51.2437845453, 0.0], [7.1897498388, 51.2437392264, 0.0], [7.1902248975, 51.2436174463, 0.0], [7.1904650956, 51.2435409415, 0.0], [7.1906125292, 51.2434770573, 342.5]]}}, {"type": "Feature", "id": "https://registry.gdi-de.org/de.nw/radnetz/instances/Section_Wuppertal_5961_128", "name": " (ex-nw:Section_Wuppertal_5961_128)", "dateprops": [], "properties": {"https://registry.gdi-de.org/up3/ontology/quell-ID": "5961", "https://registry.gdi-de.org/up3/ontology/steigung": "2.499579", "https://registry.gdi-de.org/up3/ontology/strecken-ID": "Section_Wuppertal_5961_128", "http://rdfs.org/ns/void#inDataset.value": "4635"}, "geometry": {"type": "LineString", "coordinates": [[7.1628653617, 51.2230819084, 221.56], [7.1625571746, 51.2235486245, 0.0], [7.1625378403, 51.2239173745, 0.0], [7.1628253975, 51.2245347659, 0.0], [7.1637563128, 51.225685122, 0.0], [7.1637358397, 51.2260089297, 0.0], [7.1635295318, 51.2263435848, 0.0], [7.1634915435, 51.227108036, 0.0], [7.163713718, 51.227402471, 0.0], [7.1638052647, 51.2276262937, 234.94]]}}, {"type": "Feature", "id": "https://registry.gdi-de.org/de.nw/radnetz/instances/Section_Wuppertal_1226854_641", "name": " (ex-nw:Section_Wuppertal_1226854_641)", "dateprops": [], "properties": {"https://registry.gdi-de.org/up3/ontology/quell-ID": "1226854", "https://registry.gdi-de.org/up3/ontology/steigung": "0.1845105", "https://registry.gdi-de.org/up3/ontology/strecken-ID": "Section_Wuppertal_1226854_641", "http://rdfs.org/ns/void#inDataset.value": "4635"}, "geometry": {"type": "LineString", "coordinates": [[7.2420744472, 51.2810136916, 174.54], [7.2421148262, 51.2810196452, 0.0], [7.2425819608, 51.2810416526, 0.0], [7.2433489897, 51.2810017187, 0.0], [7.2441659638, 51.2809743917, 174.81]]}}, {"type": "Feature", "id": "https://registry.gdi-de.org/de.nw/radnetz/instances/Section_Wuppertal_1229950_820", "name": " (ex-nw:Section_Wuppertal_1229950_820)", "dateprops": [], "properties": {"https://registry.gdi-de.org/up3/ontology/quell-ID": "1229950", "https://registry.gdi-de.org/up3/ontology/steigung": "2.156302", "https://registry.gdi-de.org/up3/ontology/strecken-ID": "Section_Wuppertal_1229950_820", "http://rdfs.org/ns/void#inDataset.value": "4635"}, "geometry": {"type": "LineString", "coordinates": [[7.215648133, 51.2081072377, 230.28], [7.2164797777, 51.2087479011, 0.0], [7.2162567499, 51.2090873208, 0.0], [7.2164860934, 51.2096709755, 0.0], [7.2162180472, 51.2100888222, 0.0], [7.2160933853, 51.2111417536, 0.0], [7.2166411067, 51.2121785657, 0.0], [7.2177814039, 51.2130925493, 0.0], [7.2189319171, 51.2137429694, 0.0], [7.2193670625, 51.2144352334, 0.0], [7.2198996459, 51.21586736, 0.0], [7.2205774669, 51.2168006488, 0.0], [7.2208058865, 51.2174106503, 0.0], [7.2213818349, 51.2176494076, 256.25]]}}, {"type": "Feature", "id": "https://registry.gdi-de.org/de.nw/radnetz/instances/Section_Wuppertal_1225445_477_right", "name": " (ex-nw:Section_Wuppertal_1225445_477_right)", "dateprops": [], "properties": {"https://registry.gdi-de.org/up3/ontology/quell-ID": "1225445", "https://registry.gdi-de.org/up3/ontology/steigung": "0.7887458", "https://registry.gdi-de.org/up3/ontology/strecken-ID": "Section_Wuppertal_1225445_477_right", "http://rdfs.org/ns/void#inDataset.value": "4635"}, "geometry": {"type": "LineString", "coordinates": [[7.2297600522, 51.2584307445, 180.7], [7.2297565885, 51.2586017062, 180.85]]}}, {"type": "Feature", "id": "https://registry.gdi-de.org/de.nw/radnetz/instances/Section_Wuppertal_1226780_627_right", "name": " (ex-nw:Section_Wuppertal_1226780_627_right)", "dateprops": [], "properties": {"https://registry.gdi-de.org/up3/ontology/quell-ID": "1226780", "https://registry.gdi-de.org/up3/ontology/steigung": "1.291357", "https://registry.gdi-de.org/up3/ontology/strecken-ID": "Section_Wuppertal_1226780_627_right", "http://rdfs.org/ns/void#inDataset.value": "4635"}, "geometry": {"type": "LineString", "coordinates": [[7.1042320948, 51.252708726, 155.82], [7.1044024698, 51.2531555929, 156.48]]}}, {"type": "Feature", "id": "https://registry.gdi-de.org/de.nw/radnetz/instances/Section_Wuppertal_1230074_850", "name": " (ex-nw:Section_Wuppertal_1230074_850)", "dateprops": [], "properties": {"https://registry.gdi-de.org/up3/ontology/quell-ID": "1230074", "https://registry.gdi-de.org/up3/ontology/steigung": "0.5725041", "https://registry.gdi-de.org/up3/ontology/strecken-ID": "Section_Wuppertal_1230074_850", "http://rdfs.org/ns/void#inDataset.value": "4635"}, "geometry": {"type": "LineString", "coordinates": [[7.0064267036, 51.3038009491, 0.0], [7.0075140974, 51.3023484451, 0.0], [7.0084334165, 51.3020236081, 0.0], [7.0108049533, 51.3016099559, 0.0], [7.0129979838, 51.3011364798, 0.0], [7.0143939969, 51.3002522204, 0.0], [7.0159464103, 51.2999380624, 0.0], [7.017850846, 51.2998568308, 0.0], [7.0186086748, 51.2990752065, 0.0], [7.0186526323, 51.298054511, 0.0], [7.0188041279, 51.2966384089, 0.0], [7.0190974459, 51.2961326529, 0.0], [7.020666763, 51.2954214918, 0.0], [7.0217764964, 51.2948727846, 0.0], [7.0217047775, 51.2931051622, 0.0]]}}, {"type": "Feature", "id": "https://registry.gdi-de.org/de.nw/radnetz/instances/Section_Wuppertal_1230105_868", "name": " (ex-nw:Section_Wuppertal_1230105_868)", "dateprops": [], "properties": {"https://registry.gdi-de.org/up3/ontology/quell-ID": "1230105", "https://registry.gdi-de.org/up3/ontology/steigung": "0.1425746", "https://registry.gdi-de.org/up3/ontology/strecken-ID": "Section_Wuppertal_1230105_868", "http://rdfs.org/ns/void#inDataset.value": "4635"}, "geometry": {"type": "LineString", "coordinates": [[7.2162083162, 51.2775995315, 188.27], [7.2165072038, 51.2776249111, 0.0]]}}, {"type": "Feature", "id": "https://registry.gdi-de.org/de.nw/radnetz/instances/Section_Wuppertal_11941_247", "name": " (ex-nw:Section_Wuppertal_11941_247)", "dateprops": [], "properties": {"https://registry.gdi-de.org/up3/ontology/quell-ID": "11941", "https://registry.gdi-de.org/up3/ontology/steigung": "0.3152153", "https://registry.gdi-de.org/up3/ontology/strecken-ID": "Section_Wuppertal_11941_247", "http://rdfs.org/ns/void#inDataset.value": "4635"}, "geometry": {"type": "LineString", "coordinates": [[7.1442068953, 51.255912482, 143.3], [7.1438525113, 51.2559074805, 0.0], [7.1432428011, 51.2557745344, 143.52]]}}, {"type": "Feature", "id": "https://registry.gdi-de.org/de.nw/radnetz/instances/Section_Wuppertal_12725_1089", "name": " (ex-nw:Section_Wuppertal_12725_1089)", "dateprops": [], "properties": {"https://registry.gdi-de.org/up3/ontology/quell-ID": "12725", "https://registry.gdi-de.org/up3/ontology/steigung": "4.82199", "https://registry.gdi-de.org/up3/ontology/strecken-ID": "Section_Wuppertal_12725_1089", "http://rdfs.org/ns/void#inDataset.value": "4635"}, "geometry": {"type": "LineString", "coordinates": [[7.238432739, 51.2679064453, 0.0], [7.2382010653, 51.2684364791, 0.0], [7.238120417, 51.2686350996, 0.0], [7.2380078809, 51.2692475594, 0.0], [7.2381466232, 51.2701450524, 0.0]]}}, {"type": "Feature", "id": "https://registry.gdi-de.org/de.nw/radnetz/instances/Section_Wuppertal_1223192_360", "name": " (ex-nw:Section_Wuppertal_1223192_360)", "dateprops": [], "properties": {"https://registry.gdi-de.org/up3/ontology/quell-ID": "1223192", "https://registry.gdi-de.org/up3/ontology/steigung": "2.515756", "https://registry.gdi-de.org/up3/ontology/strecken-ID": "Section_Wuppertal_1223192_360", "http://rdfs.org/ns/void#inDataset.value": "4635"}, "geometry": {"type": "LineString", "coordinates": [[7.1182388797, 51.2345780345, 239.75], [7.118717162, 51.2346275832, 0.0], [7.1189638207, 51.2346380122, 0.0], [7.1192624488, 51.2346363492, 0.0], [7.119499609, 51.234627235, 0.0], [7.1217163304, 51.234294439, 0.0], [7.1226604598, 51.2341156963, 0.0], [7.122921612, 51.2340229378, 0.0], [7.1232363064, 51.2338793331, 0.0], [7.1234278041, 51.2337272884, 0.0], [7.1236720545, 51.2335437732, 0.0], [7.1239315837, 51.2332377025, 0.0], [7.1240673899, 51.2329361111, 0.0], [7.1241100764, 51.2326459525, 0.0], [7.1240409088, 51.2323216854, 0.0], [7.1239382516, 51.2320615117, 0.0], [7.1235142691, 51.2316022912, 0.0], [7.1231839717, 51.2313707827, 0.0], [7.1229665787, 51.2311475471, 0.0], [7.1228584095, 51.2310230117, 0.0], [7.1227146113, 51.2307621776, 0.0], [7.1226525891, 51.2305155814, 259.42]]}}, {"type": "Feature", "id": "https://registry.gdi-de.org/de.nw/radnetz/instances/Section_Wuppertal_2252_47_right", "name": " (ex-nw:Section_Wuppertal_2252_47_right)", "dateprops": [], "properties": {"https://registry.gdi-de.org/up3/ontology/quell-ID": "2252", "https://registry.gdi-de.org/up3/ontology/steigung": "1.190931", "https://registry.gdi-de.org/up3/ontology/strecken-ID": "Section_Wuppertal_2252_47_right", "http://rdfs.org/ns/void#inDataset.value": "4635"}, "geometry": {"type": "LineString", "coordinates": [[7.0731091648, 51.2529692262, 184.83], [7.0737296429, 51.2530612012, 185.36]]}}, {"type": "Feature", "id": "https://registry.gdi-de.org/de.nw/radnetz/instances/Section_Wuppertal_1225666_495_left", "name": " (ex-nw:Section_Wuppertal_1225666_495_left)", "dateprops": [], "properties": {"https://registry.gdi-de.org/up3/ontology/quell-ID": "1225666", "https://registry.gdi-de.org/up3/ontology/steigung": "0.2083564", "https://registry.gdi-de.org/up3/ontology/strecken-ID": "Section_Wuppertal_1225666_495_left", "http://rdfs.org/ns/void#inDataset.value": "4635"}, "geometry": {"type": "LineString", "coordinates": [[7.0991107358, 51.2651847929, 244.52], [7.0991032726, 51.2650122647, 244.56]]}}, {"type": "Feature", "id": "https://registry.gdi-de.org/de.nw/radnetz/instances/Section_Wuppertal_1225064_446", "name": " (ex-nw:Section_Wuppertal_1225064_446)", "dateprops": [], "properties": {"https://registry.gdi-de.org/up3/ontology/quell-ID": "1225064", "https://registry.gdi-de.org/up3/ontology/steigung": "0.8207757", "https://registry.gdi-de.org/up3/ontology/strecken-ID": "Section_Wuppertal_1225064_446", "http://rdfs.org/ns/void#inDataset.value": "4635"}, "geometry": {"type": "LineString", "coordinates": [[7.1555314719, 51.235449341, 325.13], [7.1538278344, 51.2348710737, 326.24]]}}, {"type": "Feature", "id": "https://registry.gdi-de.org/de.nw/radnetz/instances/Section_Wuppertal_1226470_584_right", "name": " (ex-nw:Section_Wuppertal_1226470_584_right)", "dateprops": [], "properties": {"https://registry.gdi-de.org/up3/ontology/quell-ID": "1226470", "https://registry.gdi-de.org/up3/ontology/steigung": "0.01577731", "https://registry.gdi-de.org/up3/ontology/strecken-ID": "Section_Wuppertal_1226470_584_right", "http://rdfs.org/ns/void#inDataset.value": "4635"}, "geometry": {"type": "LineString", "coordinates": [[7.1372229664, 51.2091817274, 301.4], [7.1345022733, 51.207673567, 301.44]]}}, {"type": "Feature", "id": "https://registry.gdi-de.org/de.nw/radnetz/instances/Section_Wuppertal_1229951_1012", "name": " (ex-nw:Section_Wuppertal_1229951_1012)", "dateprops": [], "properties": {"https://registry.gdi-de.org/up3/ontology/quell-ID": "1229951", "https://registry.gdi-de.org/up3/ontology/steigung": "1.12147", "https://registry.gdi-de.org/up3/ontology/strecken-ID": "Section_Wuppertal_1229951_1012", "http://rdfs.org/ns/void#inDataset.value": "4635"}, "geometry": {"type": "LineString", "coordinates": [[7.101317467, 51.2371115536, 0.0], [7.1021921977, 51.2374198721, 0.0], [7.1024484265, 51.2376442899, 139.73]]}}, {"type": "Feature", "id": "https://registry.gdi-de.org/de.nw/radnetz/instances/Section_Wuppertal_1223213_368", "name": " (ex-nw:Section_Wuppertal_1223213_368)", "dateprops": [], "properties": {"https://registry.gdi-de.org/up3/ontology/quell-ID": "1223213", "https://registry.gdi-de.org/up3/ontology/steigung": "0.05884195", "https://registry.gdi-de.org/up3/ontology/strecken-ID": "Section_Wuppertal_1223213_368", "http://rdfs.org/ns/void#inDataset.value": "4635"}, "geometry": {"type": "LineString", "coordinates": [[7.1469277245, 51.2154708569, 299.14], [7.146759079, 51.2153837747, 0.0], [7.1466346975, 51.2153321674, 0.0], [7.1464218654, 51.2152526845, 0.0], [7.1461467766, 51.2151490519, 0.0], [7.1458512921, 51.2150285488, 0.0], [7.1455344805, 51.2149143259, 0.0], [7.1451972739, 51.2147832332, 0.0], [7.1448134784, 51.2146315446, 0.0], [7.1444711428, 51.2144970589, 0.0], [7.1441292083, 51.214352651, 0.0], [7.1438558607, 51.2142060216, 0.0], [7.1436088403, 51.2140598085, 0.0], [7.1433839481, 51.2138874737, 0.0], [7.1432069773, 51.2137026619, 0.0], [7.1430451402, 51.2135346358, 0.0], [7.1430224065, 51.2134449285, 0.0], [7.1427805256, 51.2133021047, 0.0], [7.1428283156, 51.2132545565, 299.37]]}}, {"type": "Feature", "id": "https://registry.gdi-de.org/de.nw/radnetz/instances/Section_Wuppertal_12952_926_right", "name": " (ex-nw:Section_Wuppertal_12952_926_right)", "dateprops": [], "properties": {"https://registry.gdi-de.org/up3/ontology/quell-ID": "12952", "https://registry.gdi-de.org/up3/ontology/steigung": "5.298705", "https://registry.gdi-de.org/up3/ontology/strecken-ID": "Section_Wuppertal_12952_926_right", "http://rdfs.org/ns/void#inDataset.value": "4635"}, "geometry": {"type": "LineString", "coordinates": [[7.2524094529, 51.3066415198, 293.04], [7.2524027698, 51.3072132971, 296.41]]}}, {"type": "Feature", "id": "https://registry.gdi-de.org/de.nw/radnetz/instances/Section_Wuppertal_4698_105", "name": " (ex-nw:Section_Wuppertal_4698_105)", "dateprops": [], "properties": {"https://registry.gdi-de.org/up3/ontology/quell-ID": "4698", "https://registry.gdi-de.org/up3/ontology/steigung": "5.991015", "https://registry.gdi-de.org/up3/ontology/strecken-ID": "Section_Wuppertal_4698_105", "http://rdfs.org/ns/void#inDataset.value": "4635"}, "geometry": {"type": "LineString", "coordinates": [[7.1090158304, 51.2359249105, 229.3], [7.1097784373, 51.2360794688, 0.0], [7.1110522843, 51.2360583954, 0.0], [7.1118571962, 51.2361855714, 0.0], [7.1139244544, 51.2358153499, 0.0], [7.1147159247, 51.2359785906, 0.0], [7.1158603288, 51.2365249569, 0.0], [7.1163509676, 51.2366820667, 0.0], [7.1168377048, 51.2366774196, 0.0], [7.117666045, 51.236588607, 0.0], [7.1194358187, 51.2369402103, 275.57]]}}, {"type": "Feature", "id": "https://registry.gdi-de.org/de.nw/radnetz/instances/Section_Wuppertal_1224791_431_right", "name": " (ex-nw:Section_Wuppertal_1224791_431_right)", "dateprops": [], "properties": {"https://registry.gdi-de.org/up3/ontology/quell-ID": "1224791", "https://registry.gdi-de.org/up3/ontology/steigung": "2.988702", "https://registry.gdi-de.org/up3/ontology/strecken-ID": "Section_Wuppertal_1224791_431_right", "http://rdfs.org/ns/void#inDataset.value": "4635"}, "geometry": {"type": "LineString", "coordinates": [[7.1229199504, 51.2043932898, 281.4], [7.1234652765, 51.2045070563, 282.6]]}}, {"type": "Feature", "id": "https://registry.gdi-de.org/de.nw/radnetz/instances/Section_Wuppertal_1229894_804", "name": " (ex-nw:Section_Wuppertal_1229894_804)", "dateprops": [], "properties": {"https://registry.gdi-de.org/up3/ontology/quell-ID": "1229894", "https://registry.gdi-de.org/up3/ontology/steigung": "1.510959", "https://registry.gdi-de.org/up3/ontology/strecken-ID": "Section_Wuppertal_1229894_804", "http://rdfs.org/ns/void#inDataset.value": "4635"}, "geometry": {"type": "LineString", "coordinates": [[7.0431354721, 51.21534676, 193.53], [7.0425786874, 51.2149880414, 0.0], [7.042144061, 51.2147051824, 0.0], [7.0420285047, 51.2144739212, 195.44]]}}, {"type": "Feature", "id": "https://registry.gdi-de.org/de.nw/radnetz/instances/Section_Wuppertal_5475_118", "name": " (ex-nw:Section_Wuppertal_5475_118)", "dateprops": [], "properties": {"https://registry.gdi-de.org/up3/ontology/quell-ID": "5475", "https://registry.gdi-de.org/up3/ontology/steigung": "0.5779097", "https://registry.gdi-de.org/up3/ontology/strecken-ID": "Section_Wuppertal_5475_118", "http://rdfs.org/ns/void#inDataset.value": "4635"}, "geometry": {"type": "LineString", "coordinates": [[7.1350844605, 51.255366998, 142.76], [7.1361521524, 51.2559238256, 143.32]]}}, {"type": "Feature", "id": "https://registry.gdi-de.org/de.nw/radnetz/instances/Section_Wuppertal_7914_165_right", "name": " (ex-nw:Section_Wuppertal_7914_165_right)", "dateprops": [], "properties": {"https://registry.gdi-de.org/up3/ontology/quell-ID": "7914", "https://registry.gdi-de.org/up3/ontology/steigung": "2.714735", "https://registry.gdi-de.org/up3/ontology/strecken-ID": "Section_Wuppertal_7914_165_right", "http://rdfs.org/ns/void#inDataset.value": "4635"}, "geometry": {"type": "LineString", "coordinates": [[7.295905197, 51.2488776922, 199.05], [7.2964255167, 51.2484902522, 200.58]]}}, {"type": "Feature", "id": "https://registry.gdi-de.org/de.nw/radnetz/instances/Section_Wuppertal_1225756_1002_right", "name": " (ex-nw:Section_Wuppertal_1225756_1002_right)", "dateprops": [], "properties": {"https://registry.gdi-de.org/up3/ontology/quell-ID": "1225756", "https://registry.gdi-de.org/up3/ontology/steigung": "7.974485", "https://registry.gdi-de.org/up3/ontology/strecken-ID": "Section_Wuppertal_1225756_1002_right", "http://rdfs.org/ns/void#inDataset.value": "4635"}, "geometry": {"type": "LineString", "coordinates": [[7.1165910096, 51.2019104959, 0.0], [7.1167515918, 51.2020059812, 0.0], [7.1175174465, 51.2024349906, 0.0]]}}, {"type": "Feature", "id": "https://registry.gdi-de.org/de.nw/radnetz/instances/Section_Wuppertal_1226959_655_right", "name": " (ex-nw:Section_Wuppertal_1226959_655_right)", "dateprops": [], "properties": {"https://registry.gdi-de.org/up3/ontology/quell-ID": "1226959", "https://registry.gdi-de.org/up3/ontology/steigung": "0.2565498", "https://registry.gdi-de.org/up3/ontology/strecken-ID": "Section_Wuppertal_1226959_655_right", "http://rdfs.org/ns/void#inDataset.value": "4635"}, "geometry": {"type": "LineString", "coordinates": [[7.0706493651, 51.248142087, 198.47], [7.0706295613, 51.2480424808, 0.0], [7.0706105501, 51.247933255, 198.53]]}}, {"type": "Feature", "id": "https://registry.gdi-de.org/de.nw/radnetz/instances/Section_Wuppertal_12595_1054_left", "name": " (ex-nw:Section_Wuppertal_12595_1054_left)", "dateprops": [], "properties": {"https://registry.gdi-de.org/up3/ontology/quell-ID": "12595", "https://registry.gdi-de.org/up3/ontology/steigung": "3.33498", "https://registry.gdi-de.org/up3/ontology/strecken-ID": "Section_Wuppertal_12595_1054_left", "http://rdfs.org/ns/void#inDataset.value": "4635"}, "geometry": {"type": "LineString", "coordinates": [[7.149257496, 51.2728946362, 0.0], [7.1493788124, 51.2731630585, 0.0], [7.1497766088, 51.2735995347, 0.0]]}}, {"type": "Feature", "id": "https://registry.gdi-de.org/de.nw/radnetz/instances/Section_Wuppertal_5868_127_right", "name": " (ex-nw:Section_Wuppertal_5868_127_right)", "dateprops": [], "properties": {"https://registry.gdi-de.org/up3/ontology/quell-ID": "5868", "https://registry.gdi-de.org/up3/ontology/steigung": "3.154314", "https://registry.gdi-de.org/up3/ontology/strecken-ID": "Section_Wuppertal_5868_127_right", "http://rdfs.org/ns/void#inDataset.value": "4635"}, "geometry": {"type": "LineString", "coordinates": [[7.2955335944, 51.2491184875, 197.87], [7.2957581307, 51.2489541978, 0.0], [7.295905197, 51.2488776922, 199.05]]}}, {"type": "Feature", "id": "https://registry.gdi-de.org/de.nw/radnetz/instances/Section_Wuppertal_12170_260_right", "name": " (ex-nw:Section_Wuppertal_12170_260_right)", "dateprops": [], "properties": {"https://registry.gdi-de.org/up3/ontology/quell-ID": "12170", "https://registry.gdi-de.org/up3/ontology/steigung": "5.540929", "https://registry.gdi-de.org/up3/ontology/strecken-ID": "Section_Wuppertal_12170_260_right", "http://rdfs.org/ns/void#inDataset.value": "4635"}, "geometry": {"type": "LineString", "coordinates": [[7.0607592898, 51.2327146272, 201.56], [7.0605228898, 51.2330314818, 0.0], [7.060373293, 51.2334116404, 206.13]]}}, {"type": "Feature", "id": "https://registry.gdi-de.org/de.nw/radnetz/instances/Section_Wuppertal_9647_198", "name": " (ex-nw:Section_Wuppertal_9647_198)", "dateprops": [], "properties": {"https://registry.gdi-de.org/up3/ontology/quell-ID": "9647", "https://registry.gdi-de.org/up3/ontology/steigung": "1.341012", "https://registry.gdi-de.org/up3/ontology/strecken-ID": "Section_Wuppertal_9647_198", "http://rdfs.org/ns/void#inDataset.value": "4635"}, "geometry": {"type": "LineString", "coordinates": [[7.275086245, 51.2575316116, 198.21], [7.2758840009, 51.2570676198, 0.0], [7.2764151826, 51.2566448148, 0.0], [7.2767213381, 51.2563565845, 0.0], [7.2766529922, 51.256265669, 0.0], [7.2767207337, 51.2560696797, 0.0], [7.2774719689, 51.2548243715, 0.0], [7.2777858181, 51.2544082932, 0.0], [7.277895921, 51.2542426538, 0.0], [7.2781249063, 51.2538080854, 204.62]]}}, {"type": "Feature", "id": "https://registry.gdi-de.org/de.nw/radnetz/instances/Section_Wuppertal_1378_30", "name": " (ex-nw:Section_Wuppertal_1378_30)", "dateprops": [], "properties": {"https://registry.gdi-de.org/up3/ontology/quell-ID": "1378", "https://registry.gdi-de.org/up3/ontology/steigung": "0.9017017", "https://registry.gdi-de.org/up3/ontology/strecken-ID": "Section_Wuppertal_1378_30", "http://rdfs.org/ns/void#inDataset.value": "4635"}, "geometry": {"type": "LineString", "coordinates": [[7.148811529, 51.2591263549, 145.11], [7.1501058328, 51.2590320803, 145.93]]}}, {"type": "Feature", "id": "https://registry.gdi-de.org/de.nw/radnetz/instances/Section_Wuppertal_5547_121", "name": " (ex-nw:Section_Wuppertal_5547_121)", "dateprops": [], "properties": {"https://registry.gdi-de.org/up3/ontology/quell-ID": "5547", "https://registry.gdi-de.org/up3/ontology/steigung": "0.1019668", "https://registry.gdi-de.org/up3/ontology/strecken-ID": "Section_Wuppertal_5547_121", "http://rdfs.org/ns/void#inDataset.value": "4635"}, "geometry": {"type": "LineString", "coordinates": [[7.1929898166, 51.2684964335, 153.12], [7.1943711797, 51.2690900823, 0.0], [7.1946809077, 51.2692806322, 153.27]]}}, {"type": "Feature", "id": "https://registry.gdi-de.org/de.nw/radnetz/instances/Section_Wuppertal_1230064_845", "name": " (ex-nw:Section_Wuppertal_1230064_845)", "dateprops": [], "properties": {"https://registry.gdi-de.org/up3/ontology/quell-ID": "1230064", "https://registry.gdi-de.org/up3/ontology/steigung": "0.9939004", "https://registry.gdi-de.org/up3/ontology/strecken-ID": "Section_Wuppertal_1230064_845", "http://rdfs.org/ns/void#inDataset.value": "4635"}, "geometry": {"type": "LineString", "coordinates": [[7.0791723048, 51.2805236684, 0.0], [7.0789258592, 51.281119689, 0.0], [7.0780936025, 51.2815244065, 0.0], [7.0759943049, 51.2820942443, 0.0], [7.075355933, 51.2822929384, 0.0], [7.0738491725, 51.2828724795, 0.0], [7.0718804031, 51.283862772, 0.0], [7.0711835398, 51.2845718332, 0.0], [7.0711300079, 51.285849334, 0.0]]}}, {"type": "Feature", "id": "https://registry.gdi-de.org/de.nw/radnetz/instances/Section_Wuppertal_1225490_939_right", "name": " (ex-nw:Section_Wuppertal_1225490_939_right)", "dateprops": [], "properties": {"https://registry.gdi-de.org/up3/ontology/quell-ID": "1225490", "https://registry.gdi-de.org/up3/ontology/steigung": "2.894674", "https://registry.gdi-de.org/up3/ontology/strecken-ID": "Section_Wuppertal_1225490_939_right", "http://rdfs.org/ns/void#inDataset.value": "4635"}, "geometry": {"type": "LineString", "coordinates": [[7.25016363, 51.2997137276, 253.86], [7.2502379342, 51.2997644576, 0.0], [7.250858522, 51.300240011, 256.06]]}}, {"type": "Feature", "id": "https://registry.gdi-de.org/de.nw/radnetz/instances/Section_Wuppertal_4878_886_left", "name": " (ex-nw:Section_Wuppertal_4878_886_left)", "dateprops": [], "properties": {"https://registry.gdi-de.org/up3/ontology/quell-ID": "4878", "https://registry.gdi-de.org/up3/ontology/steigung": "2.331471", "https://registry.gdi-de.org/up3/ontology/strecken-ID": "Section_Wuppertal_4878_886_left", "http://rdfs.org/ns/void#inDataset.value": "4635"}, "geometry": {"type": "LineString", "coordinates": [[7.1451539744, 51.2663551478, 171.27], [7.1445395894, 51.2662993071, 172.28]]}}, {"type": "Feature", "id": "https://registry.gdi-de.org/de.nw/radnetz/instances/Section_Wuppertal_5350_117_left", "name": " (ex-nw:Section_Wuppertal_5350_117_left)", "dateprops": [], "properties": {"https://registry.gdi-de.org/up3/ontology/quell-ID": "5350", "https://registry.gdi-de.org/up3/ontology/steigung": "1.754038", "https://registry.gdi-de.org/up3/ontology/strecken-ID": "Section_Wuppertal_5350_117_left", "http://rdfs.org/ns/void#inDataset.value": "4635"}, "geometry": {"type": "LineString", "coordinates": [[7.2710678994, 51.2786353263, 221.65], [7.2724951395, 51.2789633808, 223.51]]}}, {"type": "Feature", "id": "https://registry.gdi-de.org/de.nw/radnetz/instances/Section_Wuppertal_1224605_425_left", "name": " (ex-nw:Section_Wuppertal_1224605_425_left)", "dateprops": [], "properties": {"https://registry.gdi-de.org/up3/ontology/quell-ID": "1224605", "https://registry.gdi-de.org/up3/ontology/steigung": "0.04430783", "https://registry.gdi-de.org/up3/ontology/strecken-ID": "Section_Wuppertal_1224605_425_left", "http://rdfs.org/ns/void#inDataset.value": "4635"}, "geometry": {"type": "LineString", "coordinates": [[7.2316567479, 51.2701955853, 163.26], [7.2319573596, 51.2698362443, 163.28]]}}, {"type": "Feature", "id": "https://registry.gdi-de.org/de.nw/radnetz/instances/Section_Wuppertal_3311_80", "name": " (ex-nw:Section_Wuppertal_3311_80)", "dateprops": [], "properties": {"https://registry.gdi-de.org/up3/ontology/quell-ID": "3311", "https://registry.gdi-de.org/up3/ontology/steigung": "4.246352", "https://registry.gdi-de.org/up3/ontology/strecken-ID": "Section_Wuppertal_3311_80", "http://rdfs.org/ns/void#inDataset.value": "4635"}, "geometry": {"type": "LineString", "coordinates": [[7.0661855441, 51.2337731788, 194.73], [7.0652518205, 51.2341253515, 0.0], [7.0644925789, 51.234301364, 200.36]]}}, {"type": "Feature", "id": "https://registry.gdi-de.org/de.nw/radnetz/instances/Section_Wuppertal_1223153_354", "name": " (ex-nw:Section_Wuppertal_1223153_354)", "dateprops": [], "properties": {"https://registry.gdi-de.org/up3/ontology/quell-ID": "1223153", "https://registry.gdi-de.org/up3/ontology/steigung": "1.381726", "https://registry.gdi-de.org/up3/ontology/strecken-ID": "Section_Wuppertal_1223153_354", "http://rdfs.org/ns/void#inDataset.value": "4635"}, "geometry": {"type": "LineString", "coordinates": [[7.2487724074, 51.283254899, 203.77], [7.2493389628, 51.2834384631, 0.0], [7.2501149013, 51.2837833148, 0.0], [7.2506674532, 51.2840743313, 0.0], [7.2511058177, 51.284404032, 0.0], [7.2515526171, 51.2849358274, 0.0], [7.2519201028, 51.2854361402, 0.0], [7.2522534904, 51.2859864355, 0.0], [7.2524525794, 51.2864549133, 0.0], [7.2525604478, 51.2868089947, 0.0], [7.2526999441, 51.2873765904, 0.0], [7.2527401887, 51.2880133947, 0.0], [7.2526520523, 51.2886381835, 0.0], [7.2524607547, 51.2892975229, 0.0], [7.2519066412, 51.2903772954, 216.23]]}}, {"type": "Feature", "id": "https://registry.gdi-de.org/de.nw/radnetz/instances/Section_Wuppertal_1226789_629_left", "name": " (ex-nw:Section_Wuppertal_1226789_629_left)", "dateprops": [], "properties": {"https://registry.gdi-de.org/up3/ontology/quell-ID": "1226789", "https://registry.gdi-de.org/up3/ontology/steigung": "5.671943", "https://registry.gdi-de.org/up3/ontology/strecken-ID": "Section_Wuppertal_1226789_629_left", "http://rdfs.org/ns/void#inDataset.value": "4635"}, "geometry": {"type": "LineString", "coordinates": [[7.226638778, 51.2526942133, 198.4], [7.2260313601, 51.2519039043, 0.0], [7.2257121485, 51.2511334138, 0.0], [7.2256081601, 51.2505600793, 0.0], [7.2257357382, 51.2496189509, 0.0], [7.22630989, 51.2486900854, 0.0], [7.2267115278, 51.2476997814, 231.29]]}}], "numberMatched": 1134, "numberReturned": 1134, "bbox": [7.0064267036, 51.1641436011, 7.3231380885, 51.3252735319], "crs": "http://www.opengis.net/def/crs/EPSG/0/4326"}